Analysis group,Analysis number,Analysis name,Subgroup,Subgroup number,Applicability,Study,Study year,GIV Mean,GIV SE,Experimental mean,Experimental SD,Experimental cases,Experimental N,Control mean,Control SD,Control cases,Control N,O-E,Variance,Weight,Mean,CI start,CI end,Footnotes
1,1,Failure to achieve vaginal delivery within 24 hours,"Vaginal misoprostol (≤ 50 µg) versus Placebo, no treatment, or expectant management",1,SUBGROUP_AND_OVERALL,Zhang 2015,2015,,,,,116,173,,,44,49,,,100.00000000000003,0.7467157120336311,0.6486554258072252,0.8596002321324941,
1,1,Failure to achieve vaginal delivery within 24 hours,"Controlled-release dinoprostone vaginal pessary versus Placebo, no treatment, or expectant management",2,SUBGROUP_AND_OVERALL,Itoh 2021,2021,,,,,28,57,,,52,56,,,100,0.5290148448043185,0.4022257271052995,0.6957702781405449,
1,1,Failure to achieve vaginal delivery within 24 hours,Oral misoprostol (≤ 50 µg) versus Vaginal misoprostol (≤ 50 µg),3,SUBGROUP_AND_OVERALL,Ayaz 2009,2009,,,,,7,44,,,10,44,,,7.550082070140422,0.7,0.29302798014025977,1.6721952619181901,
1,1,Failure to achieve vaginal delivery within 24 hours,Oral misoprostol (≤ 50 µg) versus Vaginal misoprostol (≤ 50 µg),3,SUBGROUP_AND_OVERALL,Nopdonrattakoon 2003,2003,,,,,15,53,,,4,53,,,5.793688454097054,3.75,1.3319211779278741,10.55805721317355,
1,1,Failure to achieve vaginal delivery within 24 hours,Oral misoprostol (≤ 50 µg) versus Vaginal misoprostol (≤ 50 µg),3,SUBGROUP_AND_OVERALL,Rahman 2013,2013,,,,,56,110,,,52,110,,,22.452135695632336,1.0769230769230769,0.8225171354260805,1.4100172065214016,
1,1,Failure to achieve vaginal delivery within 24 hours,Oral misoprostol (≤ 50 µg) versus Vaginal misoprostol (≤ 50 µg),3,SUBGROUP_AND_OVERALL,Shetty 2001,2001,,,,,48,122,,,19,123,,,15.780711962176202,2.54702329594478,1.594282512835962,4.0691205089777585,
1,1,Failure to achieve vaginal delivery within 24 hours,Oral misoprostol (≤ 50 µg) versus Vaginal misoprostol (≤ 50 µg),3,SUBGROUP_AND_OVERALL,Souza 2013,2013,,,,,63,100,,,58,100,,,23.98842283048046,1.0862068965517242,0.8678298270274213,1.3595354588789075,
1,1,Failure to achieve vaginal delivery within 24 hours,Oral misoprostol (≤ 50 µg) versus Vaginal misoprostol (≤ 50 µg),3,SUBGROUP_AND_OVERALL,Young 2020,2020,,,,,92,167,,,80,172,,,24.43495898747353,1.1844311377245509,0.959313981411096,1.4623753507146033,
1,1,Failure to achieve vaginal delivery within 24 hours,Sublingual or buccal misoprostol (≤ 50 µg) versus Vaginal misoprostol (≤ 50 µg),4,SUBGROUP_AND_OVERALL,Bartusevicius 2006,2006,,,,,12,70,,,17,70,,,6.4026908006895535,0.7058823529411765,0.3646335708195058,1.3664948487159894,
1,1,Failure to achieve vaginal delivery within 24 hours,Sublingual or buccal misoprostol (≤ 50 µg) versus Vaginal misoprostol (≤ 50 µg),4,SUBGROUP_AND_OVERALL,Caliskan 2005,2005,,,,,6,80,,,7,80,,,2.7874989615141805,0.8571428571428571,0.30131151212397617,2.438319971155721,
1,1,Failure to achieve vaginal delivery within 24 hours,Sublingual or buccal misoprostol (≤ 50 µg) versus Vaginal misoprostol (≤ 50 µg),4,SUBGROUP_AND_OVERALL,Feitosa 2006,2006,,,,,40,75,,,41,75,,,20.61261503389362,0.975609756097561,0.7260442777712562,1.3109591595632906,
1,1,Failure to achieve vaginal delivery within 24 hours,Sublingual or buccal misoprostol (≤ 50 µg) versus Vaginal misoprostol (≤ 50 µg),4,SUBGROUP_AND_OVERALL,Gattas 2020,2020,,,,,70,98,,,66,100,,,30.742780649404477,1.0822510822510822,0.8964719263835014,1.306529932017729,
1,1,Failure to achieve vaginal delivery within 24 hours,Sublingual or buccal misoprostol (≤ 50 µg) versus Vaginal misoprostol (≤ 50 µg),4,SUBGROUP_AND_OVERALL,Haas 2019,2019,,,,,90,148,,,63,152,,,26.483038981121094,1.4671814671814671,1.1669196833171558,1.8447040429737134,
1,1,Failure to achieve vaginal delivery within 24 hours,Sublingual or buccal misoprostol (≤ 50 µg) versus Vaginal misoprostol (≤ 50 µg),4,SUBGROUP_AND_OVERALL,Nassar 2007,2007,,,,,30,85,,,27,85,,,12.971375573377077,1.1111111111111112,0.7269991114882164,1.6981697525149984,
1,1,Failure to achieve vaginal delivery within 24 hours,Vaginal dinoprostone (tablet or gel) versus Vaginal misoprostol (≤ 50 µg),5,SUBGROUP_AND_OVERALL,Calder 2008,2008,,,,,161,304,,,178,315,,,26.33064651479804,0.937222797161443,0.8118861442800758,1.0819085628047163,
1,1,Failure to achieve vaginal delivery within 24 hours,Vaginal dinoprostone (tablet or gel) versus Vaginal misoprostol (≤ 50 µg),5,SUBGROUP_AND_OVERALL,Pandis 2001,2001,,,,,103,225,,,72,210,,,20.76980152371167,1.3351851851851853,1.0554271457044277,1.6890976189058982,
1,1,Failure to achieve vaginal delivery within 24 hours,Vaginal dinoprostone (tablet or gel) versus Vaginal misoprostol (≤ 50 µg),5,SUBGROUP_AND_OVERALL,Sifakis 2007,2007,,,,,82,211,,,61,204,,,18.76902359001488,1.2996659156242716,0.9923494335898907,1.7021539339473692,
1,1,Failure to achieve vaginal delivery within 24 hours,Vaginal dinoprostone (tablet or gel) versus Vaginal misoprostol (≤ 50 µg),5,SUBGROUP_AND_OVERALL,Surbek 1997,1997,,,,,31,50,,,19,50,,,12.120609947762263,1.631578947368421,1.0771161118179677,2.47146044171859,
1,1,Failure to achieve vaginal delivery within 24 hours,Vaginal dinoprostone (tablet or gel) versus Vaginal misoprostol (≤ 50 µg),5,SUBGROUP_AND_OVERALL,Young 2020,2020,,,,,90,172,,,80,172,,,22.009918423713156,1.125,0.9077648100923918,1.3942212629625788,
1,1,Failure to achieve vaginal delivery within 24 hours,Controlled-release dinoprostone vaginal pessary versus Vaginal misoprostol (≤ 50 µg),6,SUBGROUP_AND_OVERALL,De Bonrostro Torralba 2019,2019,,,,,57,99,,,50,99,,,47.89706406068307,1.14,0.8806664803403503,1.4757005393207931,
1,1,Failure to achieve vaginal delivery within 24 hours,Controlled-release dinoprostone vaginal pessary versus Vaginal misoprostol (≤ 50 µg),6,SUBGROUP_AND_OVERALL,Khoury 2001,2001,,,,,22,39,,,42,79,,,26.824742022205694,1.061050061050061,0.7515388762500155,1.4980292671909734,
1,1,Failure to achieve vaginal delivery within 24 hours,Controlled-release dinoprostone vaginal pessary versus Vaginal misoprostol (≤ 50 µg),6,SUBGROUP_AND_OVERALL,Ozkan 2009,2009,,,,,20,56,,,15,56,,,10.260639466757077,1.3333333333333333,0.7634028040452177,2.3287545819290396,
1,1,Failure to achieve vaginal delivery within 24 hours,Controlled-release dinoprostone vaginal pessary versus Vaginal misoprostol (≤ 50 µg),6,SUBGROUP_AND_OVERALL,Rozenberg 2004,2004,,,,,32,70,,,19,70,,,15.017554450354176,1.6842105263157894,1.062208716843136,2.670440424724743,
1,1,Failure to achieve vaginal delivery within 24 hours,Oxytocin (alone) versus Vaginal misoprostol (≤ 50 µg),7,SUBGROUP_AND_OVERALL,Tabasi 2007,2007,,,,,31,55,,,15,55,,,100,2.066666666666667,1.2658028418452125,3.374230938591462,
1,1,Failure to achieve vaginal delivery within 24 hours,Nitric oxide donors versus Vaginal misoprostol (≤ 50 µg),8,SUBGROUP_AND_OVERALL,Soliman 2013,2013,,,,,47,65,,,26,65,,,100,1.8076923076923077,1.2949346389661276,2.5234875807314143,
1,1,Failure to achieve vaginal delivery within 24 hours,Balloon catheters versus Vaginal misoprostol (≤ 50 µg),9,SUBGROUP_AND_OVERALL,Levine 2016,2016,,,,,48,123,,,51,120,,,100,0.9182209469153515,0.6778611242937573,1.2438089117923021,
1,1,Failure to achieve vaginal delivery within 24 hours,Balloon catheters plus oxytocin versus Vaginal misoprostol (≤ 50 µg),10,SUBGROUP_AND_OVERALL,Levine 2016,2016,,,,,42,125,,,51,120,,,46.96109693642221,0.7905882352941176,0.5726195523394908,1.0915270972355893,
1,1,Failure to achieve vaginal delivery within 24 hours,Balloon catheters plus oxytocin versus Vaginal misoprostol (≤ 50 µg),10,SUBGROUP_AND_OVERALL,Moraes Filho 2010,2010,,,,,57,121,,,51,119,,,53.03890306357778,1.0991735537190082,0.8303108009372396,1.455096693709752,
1,1,Failure to achieve vaginal delivery within 24 hours,Balloon catheters plus misoprostol (≤ 50 µg) versus Vaginal misoprostol (≤ 50 µg),11,SUBGROUP_AND_OVERALL,Levine 2016,2016,,,,,40,123,,,51,120,,,100,0.7651841224294595,0.5507643410794831,1.0630803368107764,
1,1,Failure to achieve vaginal delivery within 24 hours,Sublingual or buccal misoprostol (≤ 50 µg) versus Oral misoprostol (≤ 50 µg),12,SUBGROUP_AND_OVERALL,Shetty 2002,2002,,,,,19,50,,,34,50,,,100,0.5588235294117647,0.37388693402594014,0.8352357587402489,
1,1,Failure to achieve vaginal delivery within 24 hours,Controlled-release misoprostol vaginal pessary versus Oral misoprostol (≤ 50 µg),13,SUBGROUP_AND_OVERALL,Wallstrom 2019,2019,,,,,43,97,,,49,99,,,100,0.8956448558804966,0.6642548723806911,1.2076384249771195,
1,1,Failure to achieve vaginal delivery within 24 hours,Vaginal dinoprostone (tablet or gel) versus Oral misoprostol (≤ 50 µg),14,SUBGROUP_AND_OVERALL,Dallenbach 2003,2003,,,,,38,100,,,44,100,,,12.500708366068162,0.8636363636363636,0.6183992281648466,1.2061266163097724,
1,1,Failure to achieve vaginal delivery within 24 hours,Vaginal dinoprostone (tablet or gel) versus Oral misoprostol (≤ 50 µg),14,SUBGROUP_AND_OVERALL,Dodd 2006,2006,,,,,155,376,,,168,365,,,51.83079857549867,0.8956275329280649,0.7601283575447434,1.0552805585753917,
1,1,Failure to achieve vaginal delivery within 24 hours,Vaginal dinoprostone (tablet or gel) versus Oral misoprostol (≤ 50 µg),14,SUBGROUP_AND_OVERALL,Young 2020,2020,,,,,90,172,,,92,167,,,35.66849305843315,0.9498230535894844,0.7794089272724425,1.1574974337119712,
1,1,Failure to achieve vaginal delivery within 24 hours,Oxytocin (alone) versus Oral misoprostol (≤ 50 µg),15,SUBGROUP_AND_OVERALL,Aalami-Harandi 2013,2013,,,,,49,128,,,26,128,,,62.05482481914088,1.8846153846153846,1.2537539167684477,2.832912504140923,
1,1,Failure to achieve vaginal delivery within 24 hours,Oxytocin (alone) versus Oral misoprostol (≤ 50 µg),15,SUBGROUP_AND_OVERALL,Boddu 2017,2017,,,,,18,67,,,15,67,,,37.9451751808591,1.2,0.6614215157235146,2.1771290557804353,
1,1,Failure to achieve vaginal delivery within 24 hours,Balloon catheters versus Oral misoprostol (≤ 50 µg),16,SUBGROUP_AND_OVERALL,Amarasena 2021,2021,,,,,66,72,,,47,72,,,32.89587995812221,1.4042553191489362,1.170248878246853,1.6850543828866802,
1,1,Failure to achieve vaginal delivery within 24 hours,Balloon catheters versus Oral misoprostol (≤ 50 µg),16,SUBGROUP_AND_OVERALL,Mundle 2017,2017,,,,,129,241,,,105,234,,,32.14330041667237,1.192886781268524,0.9919960786249332,1.4344601794168963,
1,1,Failure to achieve vaginal delivery within 24 hours,Balloon catheters versus Oral misoprostol (≤ 50 µg),16,SUBGROUP_AND_OVERALL,Somirathne 2017,2017,,,,,78,89,,,57,91,,,34.960819625205424,1.3991720875221763,1.1724028647524558,1.6698036053626621,
1,1,Failure to achieve vaginal delivery within 24 hours,Osmotic dilators versus Oral misoprostol (≤ 50 µg),17,SUBGROUP_AND_OVERALL,Gavara 2022,2022,,,,,65,151,,,61,152,,,100,1.0726305504288352,0.8211732885542005,1.4010883132096987,
1,1,Failure to achieve vaginal delivery within 24 hours,Balloon catheters plus misoprostol (≤ 50 µg) versus Oral misoprostol (≤ 50 µg),18,SUBGROUP_AND_OVERALL,Anjali 2022,2022,,,,,24,100,,,43,100,,,100,0.5581395348837209,0.36840987730243907,0.8455792300717282,
1,1,Failure to achieve vaginal delivery within 24 hours,Oxytocin plus amniotomy versus Sublingual or buccal misoprostol (≤ 50 µg),19,SUBGROUP_AND_OVERALL,Lo 2006,2006,,,,,4,25,,,10,25,,,100,0.4,0.1444650177343063,1.1075345610261507,
1,1,Failure to achieve vaginal delivery within 24 hours,Balloon catheters versus Vaginal dinoprostone (tablet or gel),20,SUBGROUP_AND_OVERALL,Grace 2021,2021,,,,,105,196,,,104,198,,,52.37035219935153,1.0199175824175823,0.8469795626030019,1.2281664409086877,
1,1,Failure to achieve vaginal delivery within 24 hours,Balloon catheters versus Vaginal dinoprostone (tablet or gel),20,SUBGROUP_AND_OVERALL,Henry 2013,2013,,,,,44,50,,,36,51,,,47.62964780064847,1.2466666666666666,1.0159999399984103,1.529702627522015,
1,1,Failure to achieve vaginal delivery within 24 hours,Osmotic dilators versus Controlled-release dinoprostone vaginal pessary,21,SUBGROUP_AND_OVERALL,Gupta 2022,2022,,,,,306,337,,,272,335,,,100,1.1183234421364985,1.0513754031264784,1.1895345064312637,
1,1,Failure to achieve vaginal delivery within 24 hours,Balloon catheters plus oxytocin versus Controlled-release dinoprostone vaginal pessary,22,SUBGROUP_AND_OVERALL,Devillard 2022,2022,,,,,9,40,,,18,40,,,100.00000000000003,0.5,0.2559937294902832,0.9765864206821883,
1,1,Failure to achieve vaginal delivery within 24 hours,Balloon catheters plus oxytocin versus Balloon catheters,23,SUBGROUP_AND_OVERALL,Levine 2016,2016,,,,,42,125,,,48,123,,,100,0.861,0.618402999132323,1.1987668252581931,
1,1,Failure to achieve vaginal delivery within 24 hours,Balloon catheters plus misoprostol (≤ 50 µg) versus Balloon catheters,24,SUBGROUP_AND_OVERALL,Levine 2016,2016,,,,,40,123,,,48,123,,,100,0.8333333333333334,0.5948930390039846,1.1673433691662227,
1,1,Failure to achieve vaginal delivery within 24 hours,Balloon catheters plus misoprostol (≤ 50 µg) versus Balloon catheters plus oxytocin,25,SUBGROUP_AND_OVERALL,Levine 2016,2016,,,,,40,123,,,42,125,,,100,0.9678668215253581,0.6791098283239231,1.3794030731694533,
1,2,Caesarean section due to any causes,"Vaginal misoprostol (≤ 50 µg) versus Placebo, no treatment, or expectant management",1,SUBGROUP_AND_OVERALL,Incerpi 2001,2001,,,,,14,57,,,11,63,,,14.254333983160397,1.4066985645933014,0.6959411652219014,2.8433450275899577,
1,2,Caesarean section due to any causes,"Vaginal misoprostol (≤ 50 µg) versus Placebo, no treatment, or expectant management",1,SUBGROUP_AND_OVERALL,McKenna 2004,2004,,,,,9,33,,,9,35,,,11.758481128006112,1.0606060606060606,0.4803191484880187,2.341953718346014,
1,2,Caesarean section due to any causes,"Vaginal misoprostol (≤ 50 µg) versus Placebo, no treatment, or expectant management",1,SUBGROUP_AND_OVERALL,Oboro 2005,2005,,,,,3,38,,,7,39,,,5.053377395578477,0.4398496240601504,0.12271262153566896,1.5765916281856978,
1,2,Caesarean section due to any causes,"Vaginal misoprostol (≤ 50 µg) versus Placebo, no treatment, or expectant management",1,SUBGROUP_AND_OVERALL,PonMalar 2017,2017,,,,,8,63,,,18,63,,,12.697333973618575,0.4444444444444444,0.208669683754921,0.9466198474212836,
1,2,Caesarean section due to any causes,"Vaginal misoprostol (≤ 50 µg) versus Placebo, no treatment, or expectant management",1,SUBGROUP_AND_OVERALL,Zhang 2015,2015,,,,,68,173,,,24,49,,,36.4339397007678,0.802504816955684,0.570904788248577,1.1280584687558557,
1,2,Caesarean section due to any causes,"Vaginal misoprostol (≤ 50 µg) versus Placebo, no treatment, or expectant management",1,SUBGROUP_AND_OVERALL,da Graca Krupa 2005,2005,,,,,15,75,,,23,75,,,19.802533818868618,0.6521739130434783,0.37019378695030525,1.1489409813124138,
1,2,Caesarean section due to any causes,"Oral misoprostol (≤ 50 µg) versus Placebo, no treatment, or expectant management",2,SUBGROUP_AND_OVERALL,Cheung 2006,2006,,,,,3,33,,,3,32,,,66.8310407474695,0.9696969696969697,0.2111030173828127,4.45428125422921,
1,2,Caesarean section due to any causes,"Oral misoprostol (≤ 50 µg) versus Placebo, no treatment, or expectant management",2,SUBGROUP_AND_OVERALL,Levy 2007,2007,,,,,1,64,,,4,66,,,33.16895925253049,0.2578125,0.029608771676379413,2.244851150285127,
1,2,Caesarean section due to any causes,"Vaginal dinoprostone (tablet or gel) versus Placebo, no treatment, or expectant management",3,SUBGROUP_AND_OVERALL,Hannah 1996,1996,,,,,121,1259,,,261,2524,,,48.49963878092431,0.9294124449557059,0.7573879856347654,1.1405085758187563,
1,2,Caesarean section due to any causes,"Vaginal dinoprostone (tablet or gel) versus Placebo, no treatment, or expectant management",3,SUBGROUP_AND_OVERALL,Mahmood 1995,1995,,,,,0,51,,,2,51,,,1.2094792337609086,0.2,0.009839277811287258,4.065339018491121,
1,2,Caesarean section due to any causes,"Vaginal dinoprostone (tablet or gel) versus Placebo, no treatment, or expectant management",3,SUBGROUP_AND_OVERALL,O'Brien 1995,1995,,,,,14,50,,,20,50,,,22.318616213215392,0.7,0.4001306226207356,1.2246000988143493,
1,2,Caesarean section due to any causes,"Vaginal dinoprostone (tablet or gel) versus Placebo, no treatment, or expectant management",3,SUBGROUP_AND_OVERALL,Rayburn 1988,1988,,,,,10,55,,,21,63,,,17.912471323783933,0.5454545454545454,0.28177969198635544,1.055862681443457,
1,2,Caesarean section due to any causes,"Vaginal dinoprostone (tablet or gel) versus Placebo, no treatment, or expectant management",3,SUBGROUP_AND_OVERALL,Sawai 1991,1991,,,,,6,24,,,4,26,,,7.5586217781933165,1.625,0.5212605745653003,5.065844471744523,
1,2,Caesarean section due to any causes,"Vaginal dinoprostone (tablet or gel) versus Placebo, no treatment, or expectant management",3,SUBGROUP_AND_OVERALL,Sawai 1994,1994,,,,,1,38,,,6,42,,,2.5011726701221493,0.18421052631578944,0.023220918333130818,1.4613340230013625,
1,2,Caesarean section due to any causes,"Controlled-release dinoprostone vaginal pessary versus Placebo, no treatment, or expectant management",4,SUBGROUP_AND_OVERALL,Itoh 2021,2021,,,,,11,57,,,8,56,,,100,1.3508771929824561,0.5874518954865493,3.106414677594557,
1,2,Caesarean section due to any causes,"Oxytocin (alone) versus Placebo, no treatment, or expectant management",5,SUBGROUP_AND_OVERALL,Dogra 2019,2019,,,,,1,25,,,2,25,,,2.6757428084624517,0.5,0.04837782073340814,5.167657331603573,
1,2,Caesarean section due to any causes,"Oxytocin (alone) versus Placebo, no treatment, or expectant management",5,SUBGROUP_AND_OVERALL,Grant 1992,1992,,,,,38,219,,,25,225,,,35.619139056300995,1.5616438356164384,0.9768259461180749,2.496587523100085,
1,2,Caesarean section due to any causes,"Oxytocin (alone) versus Placebo, no treatment, or expectant management",5,SUBGROUP_AND_OVERALL,Hannah 1996,1996,,,,,127,1258,,,261,2524,,,61.70511813523656,0.9762744488910817,0.7985281767776081,1.1935856833553278,
1,2,Caesarean section due to any causes,"Nitric oxide donors versus Placebo, no treatment, or expectant management",6,SUBGROUP_AND_OVERALL,Bullarbo 2007,2007,,,,,14,100,,,17,100,,,5.996224820206467,0.8235294117647058,0.42958012588599515,1.5787524868445795,
1,2,Caesarean section due to any causes,"Nitric oxide donors versus Placebo, no treatment, or expectant management",6,SUBGROUP_AND_OVERALL,Ghanaie 2013,2013,,,,,8,36,,,4,36,,,2.0695191136864586,2,0.660595863601809,6.055139337673937,
1,2,Caesarean section due to any causes,"Nitric oxide donors versus Placebo, no treatment, or expectant management",6,SUBGROUP_AND_OVERALL,Habib 2008,2008,,,,,15,51,,,17,51,,,7.662708081926187,0.8823529411764706,0.49616139502702156,1.5691400431514175,
1,2,Caesarean section due to any causes,"Nitric oxide donors versus Placebo, no treatment, or expectant management",6,SUBGROUP_AND_OVERALL,Schmitz 2014,2014,,,,,185,678,,,186,684,,,84.27154798418088,1.0034256351698545,0.8435160648802271,1.193650064577007,
1,2,Caesarean section due to any causes,Oral misoprostol (≤ 50 µg) versus Vaginal misoprostol (≤ 50 µg),7,SUBGROUP_AND_OVERALL,Ayaz 2009,2009,,,,,3,44,,,2,44,,,0.8064497803388937,1.5,0.26335597673903466,8.543569156319457,
1,2,Caesarean section due to any causes,Oral misoprostol (≤ 50 µg) versus Vaginal misoprostol (≤ 50 µg),7,SUBGROUP_AND_OVERALL,Bennett 1998,1998,,,,,16,104,,,23,102,,,7.340484617989143,0.6822742474916388,0.38329027190017734,1.214479424386525,
1,2,Caesarean section due to any causes,Oral misoprostol (≤ 50 µg) versus Vaginal misoprostol (≤ 50 µg),7,SUBGROUP_AND_OVERALL,Kwon 2001,2001,,,,,13,78,,,19,82,,,6.077966569234926,0.7192982456140351,0.3816755213893764,1.3555754486429317,
1,2,Caesarean section due to any causes,Oral misoprostol (≤ 50 µg) versus Vaginal misoprostol (≤ 50 µg),7,SUBGROUP_AND_OVERALL,Matega,,,,,,6,89,,,11,88,,,2.704038821523927,0.5393258426966292,0.20856282394536085,1.3946510653146496,
1,2,Caesarean section due to any causes,Oral misoprostol (≤ 50 µg) versus Vaginal misoprostol (≤ 50 µg),7,SUBGROUP_AND_OVERALL,Nopdonrattakoon 2003,2003,,,,,3,53,,,7,53,,,1.44914578635413,0.42857142857142855,0.1170556543021813,1.5691123208247482,
1,2,Caesarean section due to any causes,Oral misoprostol (≤ 50 µg) versus Vaginal misoprostol (≤ 50 µg),7,SUBGROUP_AND_OVERALL,Paisarntantiwong 2005,2005,,,,,23,73,,,18,73,,,8.86955919653514,1.2777777777777777,0.7561904431176788,2.1591334091068797,
1,2,Caesarean section due to any causes,Oral misoprostol (≤ 50 µg) versus Vaginal misoprostol (≤ 50 µg),7,SUBGROUP_AND_OVERALL,Rahman 2013,2013,,,,,34,110,,,32,110,,,14.957285199466707,1.0625,0.7093991271513064,1.5913555666938646,
1,2,Caesarean section due to any causes,Oral misoprostol (≤ 50 µg) versus Vaginal misoprostol (≤ 50 µg),7,SUBGROUP_AND_OVERALL,Shetty 2001,2001,,,,,30,122,,,28,123,,,12.051874731452791,1.0802107728337236,0.6887537850814495,1.6941544845492826,
1,2,Caesarean section due to any causes,Oral misoprostol (≤ 50 µg) versus Vaginal misoprostol (≤ 50 µg),7,SUBGROUP_AND_OVERALL,Souza 2013,2013,,,,,41,100,,,37,100,,,20.224056915860224,1.1081081081081081,0.782901921952292,1.5684002616738446,
1,2,Caesarean section due to any causes,Oral misoprostol (≤ 50 µg) versus Vaginal misoprostol (≤ 50 µg),7,SUBGROUP_AND_OVERALL,Young 2020,2020,,,,,55,167,,,54,172,,,25.5191383812441,1.0490130849412287,0.769959696875824,1.4292026671564682,
1,2,Caesarean section due to any causes,Sublingual or buccal misoprostol (≤ 50 µg) versus Vaginal misoprostol (≤ 50 µg),8,SUBGROUP_AND_OVERALL,Bartusevicius 2006,2006,,,,,12,67,,,14,70,,,4.054145489556492,0.8955223880597015,0.44716615106391755,1.793428115272346,
1,2,Caesarean section due to any causes,Sublingual or buccal misoprostol (≤ 50 µg) versus Vaginal misoprostol (≤ 50 µg),8,SUBGROUP_AND_OVERALL,Beigi 2010,2010,,,,,43,125,,,54,125,,,18.231821319675078,0.7962962962962963,0.5813256828548968,1.0907617024267477,
1,2,Caesarean section due to any causes,Sublingual or buccal misoprostol (≤ 50 µg) versus Vaginal misoprostol (≤ 50 µg),8,SUBGROUP_AND_OVERALL,Caliskan 2005,2005,,,,,15,80,,,14,80,,,4.490017241829825,1.0714285714285714,0.5542519725175704,2.071186464991927,
1,2,Caesarean section due to any causes,Sublingual or buccal misoprostol (≤ 50 µg) versus Vaginal misoprostol (≤ 50 µg),8,SUBGROUP_AND_OVERALL,Dadashaliha 2021,2021,,,,,17,100,,,17,100,,,5.180851581054471,1,0.5420159112135745,1.8449642885224502,
1,2,Caesarean section due to any causes,Sublingual or buccal misoprostol (≤ 50 µg) versus Vaginal misoprostol (≤ 50 µg),8,SUBGROUP_AND_OVERALL,Feitosa 2006,2006,,,,,32,75,,,23,75,,,10.23598529744715,1.391304347826087,0.9053439708000706,2.13811308266529,
1,2,Caesarean section due to any causes,Sublingual or buccal misoprostol (≤ 50 µg) versus Vaginal misoprostol (≤ 50 µg),8,SUBGROUP_AND_OVERALL,Gattas 2020,2020,,,,,56,98,,,56,100,,,28.476052596868296,1.0204081632653061,0.7994021460309116,1.3025144163400992,
1,2,Caesarean section due to any causes,Sublingual or buccal misoprostol (≤ 50 µg) versus Vaginal misoprostol (≤ 50 µg),8,SUBGROUP_AND_OVERALL,Haas 2019,2019,,,,,33,148,,,24,152,,,8.473204441581421,1.412162162162162,0.8785586093646554,2.2698565024417134,
1,2,Caesarean section due to any causes,Sublingual or buccal misoprostol (≤ 50 µg) versus Vaginal misoprostol (≤ 50 µg),8,SUBGROUP_AND_OVERALL,Jahromi 2016,2016,,,,,22,100,,,14,100,,,5.220573219323015,1.5714285714285714,0.8537863408867972,2.892278356827747,
1,2,Caesarean section due to any causes,Sublingual or buccal misoprostol (≤ 50 µg) versus Vaginal misoprostol (≤ 50 µg),8,SUBGROUP_AND_OVERALL,Nassar 2007,2007,,,,,30,85,,,24,85,,,9.592504817763636,1.25,0.8013030754192382,1.9499488370021631,
1,2,Caesarean section due to any causes,Sublingual or buccal misoprostol (≤ 50 µg) versus Vaginal misoprostol (≤ 50 µg),8,SUBGROUP_AND_OVERALL,de Moraes 2005,2005,,,,,20,58,,,15,62,,,6.04484399490061,1.4252873563218391,0.8095364051561966,2.5093918385287917,
1,2,Caesarean section due to any causes,Vaginal dinoprostone (tablet or gel) versus Vaginal misoprostol (≤ 50 µg),9,SUBGROUP_AND_OVERALL,Calder 2008,2008,,,,,67,308,,,90,318,,,23.70784573096095,0.7686147186147186,0.5839874650532466,1.0116117571415992,
1,2,Caesarean section due to any causes,Vaginal dinoprostone (tablet or gel) versus Vaginal misoprostol (≤ 50 µg),9,SUBGROUP_AND_OVERALL,Chaudhuri 2011,2011,,,,,15,102,,,8,105,,,2.7024795715395076,1.9301470588235294,0.8555096886834346,4.354676186564687,
1,2,Caesarean section due to any causes,Vaginal dinoprostone (tablet or gel) versus Vaginal misoprostol (≤ 50 µg),9,SUBGROUP_AND_OVERALL,Hosli 2008,2008,,,,,15,55,,,13,52,,,4.386465691293611,1.0909090909090908,0.5760045722189506,2.066099302030757,
1,2,Caesarean section due to any causes,Vaginal dinoprostone (tablet or gel) versus Vaginal misoprostol (≤ 50 µg),9,SUBGROUP_AND_OVERALL,Pandis 2001,2001,,,,,43,225,,,38,210,,,11.53820189567776,1.056140350877193,0.7123703429934785,1.5658041519019439,
1,2,Caesarean section due to any causes,Vaginal dinoprostone (tablet or gel) versus Vaginal misoprostol (≤ 50 µg),9,SUBGROUP_AND_OVERALL,Papanikolaou 2004,2004,,,,,11,83,,,6,80,,,1.9986581980574296,1.7670682730923695,0.6860462820974053,4.551486340284998,
1,2,Caesarean section due to any causes,Vaginal dinoprostone (tablet or gel) versus Vaginal misoprostol (≤ 50 µg),9,SUBGROUP_AND_OVERALL,Prager 2008,2008,,,,,50,191,,,56,199,,,16.876918632215936,0.9302543006731488,0.6717360397375806,1.2882635629598713,
1,2,Caesarean section due to any causes,Vaginal dinoprostone (tablet or gel) versus Vaginal misoprostol (≤ 50 µg),9,SUBGROUP_AND_OVERALL,Sifakis 2007,2007,,,,,55,211,,,51,204,,,16.545986547476282,1.042654028436019,0.750464418899539,1.4486062172114615,
1,2,Caesarean section due to any causes,Vaginal dinoprostone (tablet or gel) versus Vaginal misoprostol (≤ 50 µg),9,SUBGROUP_AND_OVERALL,Surbek 1997,1997,,,,,7,50,,,6,50,,,1.7280197010909188,1.1666666666666667,0.42173505216313156,3.2274080708487545,
1,2,Caesarean section due to any causes,Vaginal dinoprostone (tablet or gel) versus Vaginal misoprostol (≤ 50 µg),9,SUBGROUP_AND_OVERALL,Tan 2010,2010,,,,,10,57,,,23,112,,,3.9805063867217374,0.8543096872616324,0.4369707357323134,1.6702378032843106,
1,2,Caesarean section due to any causes,Vaginal dinoprostone (tablet or gel) versus Vaginal misoprostol (≤ 50 µg),9,SUBGROUP_AND_OVERALL,Young 2020,2020,,,,,47,172,,,54,172,,,16.534917644965866,0.8703703703703703,0.6263919768770463,1.2093778489876046,
1,2,Caesarean section due to any causes,Controlled-release dinoprostone vaginal pessary versus Vaginal misoprostol (≤ 50 µg),10,SUBGROUP_AND_OVERALL,Bebbington,,,,,,31,102,,,19,98,,,24.832812085159997,1.5675954592363261,0.9515179948589506,2.5825633746239527,
1,2,Caesarean section due to any causes,Controlled-release dinoprostone vaginal pessary versus Vaginal misoprostol (≤ 50 µg),10,SUBGROUP_AND_OVERALL,De Bonrostro Torralba 2019,2019,,,,,26,99,,,22,99,,,25.287879731534723,1.1818181818181819,0.7205985704976682,1.9382417230045739,
1,2,Caesarean section due to any causes,Controlled-release dinoprostone vaginal pessary versus Vaginal misoprostol (≤ 50 µg),10,SUBGROUP_AND_OVERALL,Khoury 2001,2001,,,,,11,39,,,26,79,,,17.69154758905794,0.8570019723865878,0.47435766994129,1.5483092763428976,
1,2,Caesarean section due to any causes,Controlled-release dinoprostone vaginal pessary versus Vaginal misoprostol (≤ 50 µg),10,SUBGROUP_AND_OVERALL,Ozkan 2009,2009,,,,,18,56,,,14,56,,,17.653077489694052,1.2857142857142858,0.7111952243814526,2.324342413754975,
1,2,Caesarean section due to any causes,Controlled-release dinoprostone vaginal pessary versus Vaginal misoprostol (≤ 50 µg),10,SUBGROUP_AND_OVERALL,Rozenberg 2004,2004,,,,,16,70,,,13,70,,,14.534683104553277,1.2307692307692308,0.6408763700722089,2.363627323687421,
1,2,Caesarean section due to any causes,Oxytocin (alone) versus Vaginal misoprostol (≤ 50 µg),11,SUBGROUP_AND_OVERALL,Kidanto 2007,2007,,,,,23,71,,,7,71,,,40.46441550977609,3.285714285714285,1.5069740209427374,7.16397112180686,
1,2,Caesarean section due to any causes,Oxytocin (alone) versus Vaginal misoprostol (≤ 50 µg),11,SUBGROUP_AND_OVERALL,Tabasi 2007,2007,,,,,25,55,,,15,55,,,59.535584490223904,1.6666666666666667,0.9911857635480195,2.8024794946958544,
1,2,Caesarean section due to any causes,Nitric oxide donors versus Vaginal misoprostol (≤ 50 µg),12,SUBGROUP_AND_OVERALL,Soliman 2013,2013,,,,,22,65,,,19,65,,,100,1.1578947368421053,0.6963387908600931,1.9253849407852721,
1,2,Caesarean section due to any causes,Balloon catheters versus Vaginal misoprostol (≤ 50 µg),13,SUBGROUP_AND_OVERALL,Aduloju 2016,2016,,,,,22,70,,,19,70,,,16.04089585667719,1.1578947368421053,0.6906282635501584,1.9413051743852874,
1,2,Caesarean section due to any causes,Balloon catheters versus Vaginal misoprostol (≤ 50 µg),13,SUBGROUP_AND_OVERALL,Lemyre,,,,,,8,31,,,7,31,,,7.946897854596702,1.1428571428571428,0.4722333592956318,2.765841131867012,
1,2,Caesarean section due to any causes,Balloon catheters versus Vaginal misoprostol (≤ 50 µg),13,SUBGROUP_AND_OVERALL,Levine 2016,2016,,,,,35,123,,,29,120,,,19.43095263536145,1.1774600504625736,0.7712855858345897,1.7975341376762834,
1,2,Caesarean section due to any causes,Balloon catheters versus Vaginal misoprostol (≤ 50 µg),13,SUBGROUP_AND_OVERALL,Nwali 2021,2021,,,,,22,65,,,8,70,,,10.399890324535958,2.961538461538462,1.4195024616028373,6.178721274824784,
1,2,Caesarean section due to any causes,Balloon catheters versus Vaginal misoprostol (≤ 50 µg),13,SUBGROUP_AND_OVERALL,Oliveira 2010,2010,,,,,41,80,,,34,80,,,23.24267529553923,1.2058823529411764,0.8646616760949901,1.6817586454186704,
1,2,Caesarean section due to any causes,Balloon catheters versus Vaginal misoprostol (≤ 50 µg),13,SUBGROUP_AND_OVERALL,Prager 2008,2008,,,,,45,198,,,56,199,,,22.938688033289484,0.8076298701298701,0.5751362812067111,1.134106868997121,
1,2,Caesarean section due to any causes,Balloon catheters plus oxytocin versus Vaginal misoprostol (≤ 50 µg),14,SUBGROUP_AND_OVERALL,Levine 2016,2016,,,,,38,125,,,29,120,,,45.62470458667105,1.2579310344827586,0.8320814954060604,1.9017253673483603,
1,2,Caesarean section due to any causes,Balloon catheters plus oxytocin versus Vaginal misoprostol (≤ 50 µg),14,SUBGROUP_AND_OVERALL,Moraes Filho 2010,2010,,,,,44,121,,,32,119,,,54.37529541332896,1.3522727272727273,0.9260813647846776,1.974601367074043,
1,2,Caesarean section due to any causes,Balloon catheters plus misoprostol (≤ 50 µg) versus Vaginal misoprostol (≤ 50 µg),15,SUBGROUP_AND_OVERALL,Aduloju 2016,2016,,,,,15,70,,,19,70,,,19.226867585169163,0.7894736842105263,0.4374698785195947,1.4247122571503514,
1,2,Caesarean section due to any causes,Balloon catheters plus misoprostol (≤ 50 µg) versus Vaginal misoprostol (≤ 50 µg),15,SUBGROUP_AND_OVERALL,Al-Ibraheemi 2018,2018,,,,,30,100,,,38,100,,,43.995739986291014,0.7894736842105263,0.5343744217645093,1.1663520420810987,
1,2,Caesarean section due to any causes,Balloon catheters plus misoprostol (≤ 50 µg) versus Vaginal misoprostol (≤ 50 µg),15,SUBGROUP_AND_OVERALL,Levine 2016,2016,,,,,34,123,,,29,120,,,36.77739242853982,1.1438183347350714,0.7464084673687791,1.752820928583743,
1,2,Caesarean section due to any causes,Sublingual or buccal misoprostol (≤ 50 µg) versus Oral misoprostol (≤ 50 µg),16,SUBGROUP_AND_OVERALL,Shetty 2002,2002,,,,,8,50,,,15,50,,,100,0.5333333333333333,0.2486012758302093,1.1441793429842069,
1,2,Caesarean section due to any causes,Controlled-release misoprostol vaginal pessary versus Oral misoprostol (≤ 50 µg),17,SUBGROUP_AND_OVERALL,Wallstrom 2019,2019,,,,,19,97,,,14,99,,,100,1.3851251840942562,0.7369656640350641,2.6033394352560544,
1,2,Caesarean section due to any causes,Vaginal dinoprostone (tablet or gel) versus Oral misoprostol (≤ 50 µg),18,SUBGROUP_AND_OVERALL,Dallenbach 2003,2003,,,,,19,100,,,18,100,,,13.980322440838124,1.0555555555555556,0.5898010925388077,1.8891072684659118,
1,2,Caesarean section due to any causes,Vaginal dinoprostone (tablet or gel) versus Oral misoprostol (≤ 50 µg),18,SUBGROUP_AND_OVERALL,Dodd 2006,2006,,,,,100,376,,,83,365,,,50.14949253317235,1.1695719046398358,0.9082301037715762,1.5061144025533046,
1,2,Caesarean section due to any causes,Vaginal dinoprostone (tablet or gel) versus Oral misoprostol (≤ 50 µg),18,SUBGROUP_AND_OVERALL,Young 2020,2020,,,,,47,172,,,55,167,,,35.87018502598952,0.8297040169133192,0.5989167588090402,1.1494230968774595,
1,2,Caesarean section due to any causes,Oxytocin (alone) versus Oral misoprostol (≤ 50 µg),19,SUBGROUP_AND_OVERALL,Aalami-Harandi 2013,2013,,,,,49,128,,,26,128,,,66.3236462405015,1.8846153846153846,1.2537539167684477,2.832912504140923,
1,2,Caesarean section due to any causes,Oxytocin (alone) versus Oral misoprostol (≤ 50 µg),19,SUBGROUP_AND_OVERALL,Boddu 2017,2017,,,,,17,67,,,9,67,,,20.926225203460177,1.8888888888888888,0.9070276893066994,3.933618870329176,
1,2,Caesarean section due to any causes,Oxytocin (alone) versus Oral misoprostol (≤ 50 µg),19,SUBGROUP_AND_OVERALL,Butt 1999,1999,,,,,7,53,,,8,55,,,12.750128556038309,0.9080188679245284,0.35412538764418705,2.3282664651407865,
1,2,Caesarean section due to any causes,Balloon catheters versus Oral misoprostol (≤ 50 µg),20,SUBGROUP_AND_OVERALL,Mundle 2017,2017,,,,,122,241,,,99,234,,,49.52499446653165,1.196529611467371,0.9847763606683244,1.4538154735422744,
1,2,Caesarean section due to any causes,Balloon catheters versus Oral misoprostol (≤ 50 µg),20,SUBGROUP_AND_OVERALL,Ten Eikelder 2016,2016,,,,,185,921,,,155,924,,,50.475005533468355,1.1974361668593043,0.9873390841249678,1.4522400629703223,
1,2,Caesarean section due to any causes,Osmotic dilators versus Oral misoprostol (≤ 50 µg),21,SUBGROUP_AND_OVERALL,Gavara 2022,2022,,,,,41,151,,,42,152,,,100,0.9826553137811416,0.681019956661533,1.4178901165186013,
1,2,Caesarean section due to any causes,Balloon catheters plus misoprostol (≤ 50 µg) versus Oral misoprostol (≤ 50 µg),22,SUBGROUP_AND_OVERALL,Anjali 2022,2022,,,,,13,100,,,24,100,,,100,0.5416666666666666,0.2927273533844758,1.0023073497761408,
1,2,Caesarean section due to any causes,Oxytocin (alone) versus Sublingual or buccal misoprostol (≤ 50 µg),23,SUBGROUP_AND_OVERALL,Unthanan 2022,2022,,,,,25,85,,,12,85,,,100,2.0833333333333335,1.1216289890487827,3.8696198298678315,
1,2,Caesarean section due to any causes,Oxytocin plus amniotomy versus Sublingual or buccal misoprostol (≤ 50 µg),24,SUBGROUP_AND_OVERALL,Lo 2006,2006,,,,,4,25,,,3,25,,,100,1.3333333333333333,0.3319291430456687,5.355895422334702,
1,2,Caesarean section due to any causes,Controlled-release dinoprostone vaginal pessary versus Vaginal dinoprostone (tablet or gel),25,SUBGROUP_AND_OVERALL,Anzeljc 2022,2022,,,,,6,96,,,4,96,,,14.991451158814051,1.5,0.4370743954422154,5.1478650395970575,
1,2,Caesarean section due to any causes,Controlled-release dinoprostone vaginal pessary versus Vaginal dinoprostone (tablet or gel),25,SUBGROUP_AND_OVERALL,El-Shawarby 2006,2006,,,,,5,35,,,3,38,,,12.402893228890484,1.8095238095238095,0.4664336794867226,7.02002569976675,
1,2,Caesarean section due to any causes,Controlled-release dinoprostone vaginal pessary versus Vaginal dinoprostone (tablet or gel),25,SUBGROUP_AND_OVERALL,Triglia 2010,2010,,,,,16,65,,,20,65,,,72.60565561229548,0.8,0.4568182395844993,1.4009948477147376,
1,2,Caesarean section due to any causes,Oxytocin (alone) versus Vaginal dinoprostone (tablet or gel),26,SUBGROUP_AND_OVERALL,Hannah 1996,1996,,,,,127,1258,,,121,1259,,,100,1.050421106570839,0.8292608359617996,1.3305638627558847,
1,2,Caesarean section due to any causes,Nitric oxide donors versus Vaginal dinoprostone (tablet or gel),27,SUBGROUP_AND_OVERALL,Osman 2006,2006,,,,,65,197,,,61,198,,,100,1.0709827744029292,0.8026627882911195,1.4289987274852791,
1,2,Caesarean section due to any causes,Balloon catheters versus Vaginal dinoprostone (tablet or gel),28,SUBGROUP_AND_OVERALL,Barda 2018,2018,,,,,17,150,,,26,150,,,5.919253963969553,0.6538461538461539,0.3705482909965367,1.1537357027060313,
1,2,Caesarean section due to any causes,Balloon catheters versus Vaginal dinoprostone (tablet or gel),28,SUBGROUP_AND_OVERALL,Grace 2021,2021,,,,,66,196,,,55,198,,,20.811879473681962,1.2122448979591838,0.8994828834644563,1.6337583734422911,
1,2,Caesarean section due to any causes,Balloon catheters versus Vaginal dinoprostone (tablet or gel),28,SUBGROUP_AND_OVERALL,Henry 2013,2013,,,,,17,50,,,15,51,,,5.787681494329776,1.156,0.6508896105172948,2.053091612474727,
1,2,Caesarean section due to any causes,Balloon catheters versus Vaginal dinoprostone (tablet or gel),28,SUBGROUP_AND_OVERALL,Jozwiak 2011,2011,,,,,93,411,,,82,408,,,26.405976481171166,1.1258679010147765,0.8651367237906373,1.4651771167237748,
1,2,Caesarean section due to any causes,Balloon catheters versus Vaginal dinoprostone (tablet or gel),28,SUBGROUP_AND_OVERALL,Khamaiseh 2012,2012,,,,,72,210,,,70,204,,,25.800179026897652,0.9991836734693877,0.7653072159276725,1.3045323401499636,
1,2,Caesarean section due to any causes,Balloon catheters versus Vaginal dinoprostone (tablet or gel),28,SUBGROUP_AND_OVERALL,Prager 2008,2008,,,,,45,198,,,50,191,,,15.275029559949873,0.8681818181818182,0.6116390359009278,1.232327606937725,
1,2,Caesarean section due to any causes,Balloon catheters versus Controlled-release dinoprostone vaginal pessary,29,SUBGROUP_AND_OVERALL,Bhide 2020,2020,,,,,6,18,,,8,20,,,4.588770029306237,0.8333333333333334,0.35777115777237645,1.9410297039267443,
1,2,Caesarean section due to any causes,Balloon catheters versus Controlled-release dinoprostone vaginal pessary,29,SUBGROUP_AND_OVERALL,Diguisto 2021,2021,,,,,148,607,,,143,609,,,81.64418098851213,1.0383751339270284,0.8497617969560038,1.2688531334549968,
1,2,Caesarean section due to any causes,Balloon catheters versus Controlled-release dinoprostone vaginal pessary,29,SUBGROUP_AND_OVERALL,Jozwiak 2013,2013,,,,,21,107,,,26,119,,,12.498217650268703,0.898274622573688,0.5381491431655548,1.4993934447493298,
1,2,Caesarean section due to any causes,Balloon catheters versus Controlled-release dinoprostone vaginal pessary,29,SUBGROUP_AND_OVERALL,Shechter-Maor 2015,2015,,,,,2,26,,,4,26,,,1.2688313319129303,0.5,0.10014597222129622,2.496356013675377,
1,2,Caesarean section due to any causes,Osmotic dilators versus Controlled-release dinoprostone vaginal pessary,30,SUBGROUP_AND_OVERALL,Gupta 2022,2022,,,,,126,337,,,115,337,,,100,1.0956521739130434,0.8946110492791371,1.341872188106422,
1,2,Caesarean section due to any causes,Balloon catheters plus oxytocin versus Controlled-release dinoprostone vaginal pessary,31,SUBGROUP_AND_OVERALL,Devillard 2022,2022,,,,,5,40,,,7,40,,,100,0.7142857142857143,0.24730527503117636,2.0630537766262145,
1,2,Caesarean section due to any causes,Balloon catheters plus oxytocin versus Oxytocin (alone),32,SUBGROUP_AND_OVERALL,Fuenmavor-Beltran 2017,2017,,,,,5,40,,,6,40,,,100,0.8333333333333334,0.2765800743435127,2.510826009765055,
1,2,Caesarean section due to any causes,Osmotic dilators versus Balloon catheters,33,SUBGROUP_AND_OVERALL,Saad 2019,2019,,,,,39,208,,,50,209,,,100,0.78375,0.5402121384459543,1.1370793412141258,
1,2,Caesarean section due to any causes,Balloon catheters plus oxytocin versus Balloon catheters,34,SUBGROUP_AND_OVERALL,Kuper 2018,2018,,,,,3,64,,,2,65,,,4.608015570446621,1.5234375,0.26325821316717807,8.815914187385383,
1,2,Caesarean section due to any causes,Balloon catheters plus oxytocin versus Balloon catheters,34,SUBGROUP_AND_OVERALL,Levine 2016,2016,,,,,38,125,,,35,123,,,95.39198442955337,1.068342857142857,0.726333424503975,1.5713946541667334,
1,2,Caesarean section due to any causes,Balloon catheters plus misoprostol (≤ 50 µg) versus Balloon catheters,35,SUBGROUP_AND_OVERALL,Aduloju 2016,2016,,,,,15,70,,,22,70,,,33.3119319929776,0.6818181818181818,0.38692692088598324,1.2014569366054457,
1,2,Caesarean section due to any causes,Balloon catheters plus misoprostol (≤ 50 µg) versus Balloon catheters,35,SUBGROUP_AND_OVERALL,Levine 2016,2016,,,,,34,123,,,35,123,,,66.6880680070224,0.9714285714285714,0.6509424669619117,1.4497033413599236,
1,2,Caesarean section due to any causes,Balloon catheters plus misoprostol (≤ 50 µg) versus Balloon catheters plus oxytocin,36,SUBGROUP_AND_OVERALL,Levine 2016,2016,,,,,34,123,,,38,125,,,100,0.9092854086435601,0.6156284171975843,1.3430178518005724,
1,3,Caesarean section due to non‐reassuring fetal status,"Vaginal misoprostol (≤ 50 µg) versus Placebo, no treatment, or expectant management",1,SUBGROUP_AND_OVERALL,McKenna 2004,2004,,,,,3,33,,,2,35,,,7.371526416463907,1.5909090909090908,0.28350422283843685,8.927527463954387,
1,3,Caesarean section due to non‐reassuring fetal status,"Vaginal misoprostol (≤ 50 µg) versus Placebo, no treatment, or expectant management",1,SUBGROUP_AND_OVERALL,Oboro 2005,2005,,,,,1,38,,,2,39,,,3.9425233384809197,0.5131578947368421,0.0485244342329168,5.426771668614656,
1,3,Caesarean section due to non‐reassuring fetal status,"Vaginal misoprostol (≤ 50 µg) versus Placebo, no treatment, or expectant management",1,SUBGROUP_AND_OVERALL,PonMalar 2017,2017,,,,,2,63,,,8,63,,,9.62310301664014,0.25,0.05524833588478944,1.131255792578669,
1,3,Caesarean section due to non‐reassuring fetal status,"Vaginal misoprostol (≤ 50 µg) versus Placebo, no treatment, or expectant management",1,SUBGROUP_AND_OVERALL,Zhang 2015,2015,,,,,32,173,,,10,49,,,54.339073776870336,0.9063583815028902,0.4801737118792694,1.7108090163983936,
1,3,Caesarean section due to non‐reassuring fetal status,"Vaginal misoprostol (≤ 50 µg) versus Placebo, no treatment, or expectant management",1,SUBGROUP_AND_OVERALL,da Graca Krupa 2005,2005,,,,,6,75,,,11,75,,,24.723773451544673,0.5454545454545454,0.21268197216363277,1.3988992961195554,
1,3,Caesarean section due to non‐reassuring fetal status,"Oral misoprostol (≤ 50 µg) versus Placebo, no treatment, or expectant management",2,SUBGROUP_AND_OVERALL,Cheung 2006,2006,,,,,0,34,,,1,33,,,99.99999999999999,0.3238095238095238,0.013660868459919703,7.675398384618285,
1,3,Caesarean section due to non‐reassuring fetal status,"Vaginal dinoprostone (tablet or gel) versus Placebo, no treatment, or expectant management",3,SUBGROUP_AND_OVERALL,Mahmood 1995,1995,,,,,0,51,,,1,51,,,30.11611158990827,0.3333333333333333,0.013897380146858233,7.99511202377449,
1,3,Caesarean section due to non‐reassuring fetal status,"Vaginal dinoprostone (tablet or gel) versus Placebo, no treatment, or expectant management",3,SUBGROUP_AND_OVERALL,Rayburn 1988,1988,,,,,1,55,,,6,63,,,69.88388841009173,0.19090909090909094,0.023710562529687243,1.5371326996608499,
1,3,Caesarean section due to non‐reassuring fetal status,"Controlled-release dinoprostone vaginal pessary versus Placebo, no treatment, or expectant management",4,SUBGROUP_AND_OVERALL,Itoh 2021,2021,,,,,7,57,,,3,56,,,100,2.2923976608187133,0.6239652674725371,8.42208262106256,
1,3,Caesarean section due to non‐reassuring fetal status,"Nitric oxide donors versus Placebo, no treatment, or expectant management",5,SUBGROUP_AND_OVERALL,Bullarbo 2007,2007,,,,,2,101,,,0,101,,,0.631072138174323,4.999999999999999,0.24304799277851388,102.86034340049922,
1,3,Caesarean section due to non‐reassuring fetal status,"Nitric oxide donors versus Placebo, no treatment, or expectant management",5,SUBGROUP_AND_OVERALL,Ghanaie 2013,2013,,,,,2,36,,,1,36,,,1.0399840394709883,2,0.1896762955246298,21.08856032292445,
1,3,Caesarean section due to non‐reassuring fetal status,"Nitric oxide donors versus Placebo, no treatment, or expectant management",5,SUBGROUP_AND_OVERALL,Rameez 2007,2007,,,,,1,78,,,1,78,,,0.7608541241151386,1,0.06367378533986966,15.70505027559348,
1,3,Caesarean section due to non‐reassuring fetal status,"Nitric oxide donors versus Placebo, no treatment, or expectant management",5,SUBGROUP_AND_OVERALL,Schmitz 2014,2014,,,,,120,678,,,100,684,,,97.56808969823956,1.2106194690265486,0.9492674801943937,1.5439267955181535,
1,3,Caesarean section due to non‐reassuring fetal status,Oral misoprostol (≤ 50 µg) versus Vaginal misoprostol (≤ 50 µg),6,SUBGROUP_AND_OVERALL,Bennett 1998,1998,,,,,2,104,,,6,102,,,13.677579658295347,0.32692307692307687,0.06755221505910514,1.582164228535482,
1,3,Caesarean section due to non‐reassuring fetal status,Oral misoprostol (≤ 50 µg) versus Vaginal misoprostol (≤ 50 µg),6,SUBGROUP_AND_OVERALL,Kwon 2001,2001,,,,,0,79,,,5,83,,,5.424712985132767,0.09545454545454546,0.005364635296159298,1.6984510120300504,
1,3,Caesarean section due to non‐reassuring fetal status,Oral misoprostol (≤ 50 µg) versus Vaginal misoprostol (≤ 50 µg),6,SUBGROUP_AND_OVERALL,Paisarntantiwong 2005,2005,,,,,3,73,,,4,73,,,15.063202869274884,0.75,0.17393855296301397,3.233900652948453,
1,3,Caesarean section due to non‐reassuring fetal status,Oral misoprostol (≤ 50 µg) versus Vaginal misoprostol (≤ 50 µg),6,SUBGROUP_AND_OVERALL,Rahman 2013,2013,,,,,10,110,,,7,110,,,23.816107339395,1.4285714285714286,0.5641999390084433,3.6171863650273646,
1,3,Caesarean section due to non‐reassuring fetal status,Oral misoprostol (≤ 50 µg) versus Vaginal misoprostol (≤ 50 µg),6,SUBGROUP_AND_OVERALL,Shetty 2001,2001,,,,,3,122,,,16,123,,,18.729303331594597,0.18903688524590165,0.056516009722966325,0.6322977180915629,
1,3,Caesarean section due to non‐reassuring fetal status,Oral misoprostol (≤ 50 µg) versus Vaginal misoprostol (≤ 50 µg),6,SUBGROUP_AND_OVERALL,Souza 2013,2013,,,,,6,100,,,11,100,,,23.28909381630741,0.5454545454545454,0.20983024655532917,1.4179112212908398,
1,3,Caesarean section due to non‐reassuring fetal status,Sublingual or buccal misoprostol (≤ 50 µg) versus Vaginal misoprostol (≤ 50 µg),7,SUBGROUP_AND_OVERALL,Bartusevicius 2006,2006,,,,,7,70,,,8,70,,,13.879331597341476,0.875,0.3354495117698248,2.2823851969871054,
1,3,Caesarean section due to non‐reassuring fetal status,Sublingual or buccal misoprostol (≤ 50 µg) versus Vaginal misoprostol (≤ 50 µg),7,SUBGROUP_AND_OVERALL,Caliskan 2005,2005,,,,,12,80,,,7,80,,,15.52368345930573,1.7142857142857142,0.711677181325126,4.12936593629734,
1,3,Caesarean section due to non‐reassuring fetal status,Sublingual or buccal misoprostol (≤ 50 µg) versus Vaginal misoprostol (≤ 50 µg),7,SUBGROUP_AND_OVERALL,Feitosa 2006,2006,,,,,11,75,,,4,75,,,11.485517740636867,2.75,0.9165830803098645,8.250752345813959,
1,3,Caesarean section due to non‐reassuring fetal status,Sublingual or buccal misoprostol (≤ 50 µg) versus Vaginal misoprostol (≤ 50 µg),7,SUBGROUP_AND_OVERALL,Gattas 2020,2020,,,,,3,98,,,6,100,,,8.317210165192083,0.5102040816326531,0.1312621705756796,1.9831167180382518,
1,3,Caesarean section due to non‐reassuring fetal status,Sublingual or buccal misoprostol (≤ 50 µg) versus Vaginal misoprostol (≤ 50 µg),7,SUBGROUP_AND_OVERALL,Haas 2019,2019,,,,,14,148,,,5,152,,,13.189594197436474,2.875675675675676,1.0624422568071203,7.783491797967927,
1,3,Caesarean section due to non‐reassuring fetal status,Sublingual or buccal misoprostol (≤ 50 µg) versus Vaginal misoprostol (≤ 50 µg),7,SUBGROUP_AND_OVERALL,Jahromi 2016,2016,,,,,13,100,,,7,100,,,15.59206790173057,1.8571428571428572,0.7733669810199723,4.459693362248245,
1,3,Caesarean section due to non‐reassuring fetal status,Sublingual or buccal misoprostol (≤ 50 µg) versus Vaginal misoprostol (≤ 50 µg),7,SUBGROUP_AND_OVERALL,Nassar 2007,2007,,,,,11,85,,,15,85,,,19.620823337818315,0.7333333333333333,0.357813416654008,1.5029558779730954,
1,3,Caesarean section due to non‐reassuring fetal status,Sublingual or buccal misoprostol (≤ 50 µg) versus Vaginal misoprostol (≤ 50 µg),7,SUBGROUP_AND_OVERALL,de Moraes 2005,2005,,,,,1,58,,,1,62,,,2.3917716005384735,1.0689655172413792,0.068433355962956,16.697811483477196,
1,3,Caesarean section due to non‐reassuring fetal status,Vaginal dinoprostone (tablet or gel) versus Vaginal misoprostol (≤ 50 µg),8,SUBGROUP_AND_OVERALL,Chaudhuri 2011,2011,,,,,6,103,,,0,106,,,1.3653373452337128,13.375000000000004,0.7631015081107997,234.42572593373234,
1,3,Caesarean section due to non‐reassuring fetal status,Vaginal dinoprostone (tablet or gel) versus Vaginal misoprostol (≤ 50 µg),8,SUBGROUP_AND_OVERALL,Hosli 2008,2008,,,,,10,55,,,8,52,,,15.538559563887192,1.1818181818181819,0.5056892026011113,2.7619617102597083,
1,3,Caesarean section due to non‐reassuring fetal status,Vaginal dinoprostone (tablet or gel) versus Vaginal misoprostol (≤ 50 µg),8,SUBGROUP_AND_OVERALL,Pandis 2001,2001,,,,,18,225,,,19,210,,,29.44852554151094,0.8842105263157894,0.4772625526365506,1.6381512660663962,
1,3,Caesarean section due to non‐reassuring fetal status,Vaginal dinoprostone (tablet or gel) versus Vaginal misoprostol (≤ 50 µg),8,SUBGROUP_AND_OVERALL,Papanikolaou 2004,2004,,,,,6,83,,,4,80,,,7.433565052334637,1.4457831325301205,0.4237270227383047,4.933102573445209,
1,3,Caesarean section due to non‐reassuring fetal status,Vaginal dinoprostone (tablet or gel) versus Vaginal misoprostol (≤ 50 µg),8,SUBGROUP_AND_OVERALL,Prager 2008,2008,,,,,30,191,,,25,199,,,46.214012497033515,1.250261780104712,0.7642368706049724,2.045379618433229,
1,3,Caesarean section due to non‐reassuring fetal status,Controlled-release dinoprostone vaginal pessary versus Vaginal misoprostol (≤ 50 µg),9,SUBGROUP_AND_OVERALL,Bebbington,,,,,,10,102,,,11,98,,,42.97063402964784,0.8734402852049911,0.3884587675986567,1.9639096744681488,
1,3,Caesarean section due to non‐reassuring fetal status,Controlled-release dinoprostone vaginal pessary versus Vaginal misoprostol (≤ 50 µg),9,SUBGROUP_AND_OVERALL,Ozkan 2009,2009,,,,,4,56,,,8,56,,,21.644672280474726,0.5,0.15964676033699376,1.5659572387957148,
1,3,Caesarean section due to non‐reassuring fetal status,Controlled-release dinoprostone vaginal pessary versus Vaginal misoprostol (≤ 50 µg),9,SUBGROUP_AND_OVERALL,Rozenberg 2004,2004,,,,,8,70,,,9,70,,,35.38469368987742,0.8888888888888888,0.3639734013818994,2.1708274664858975,
1,3,Caesarean section due to non‐reassuring fetal status,Oxytocin (alone) versus Vaginal misoprostol (≤ 50 µg),10,SUBGROUP_AND_OVERALL,Kidanto 2007,2007,,,,,1,71,,,1,71,,,21.715481526039763,1,0.06378618445935783,15.677376041157668,
1,3,Caesarean section due to non‐reassuring fetal status,Oxytocin (alone) versus Vaginal misoprostol (≤ 50 µg),10,SUBGROUP_AND_OVERALL,Tabasi 2007,2007,,,,,4,55,,,3,55,,,78.28451847396023,1.3333333333333333,0.3129047882915152,5.681529475737922,
1,3,Caesarean section due to non‐reassuring fetal status,Nitric oxide donors versus Vaginal misoprostol (≤ 50 µg),11,SUBGROUP_AND_OVERALL,Soliman 2013,2013,,,,,2,65,,,11,65,,,100,0.18181818181818182,0.041935020923065836,0.78831130906832,
1,3,Caesarean section due to non‐reassuring fetal status,Balloon catheters versus Vaginal misoprostol (≤ 50 µg),12,SUBGROUP_AND_OVERALL,Aduloju 2016,2016,,,,,7,70,,,7,70,,,13.256884638033489,1,0.37013660440426555,2.7017052301798112,
1,3,Caesarean section due to non‐reassuring fetal status,Balloon catheters versus Vaginal misoprostol (≤ 50 µg),12,SUBGROUP_AND_OVERALL,Levine 2016,2016,,,,,20,123,,,15,120,,,34.01998561414795,1.3008130081300813,0.6994680749649618,2.4191446939235837,
1,3,Caesarean section due to non‐reassuring fetal status,Balloon catheters versus Vaginal misoprostol (≤ 50 µg),12,SUBGROUP_AND_OVERALL,Nwali 2021,2021,,,,,8,65,,,7,70,,,14.311930820299128,1.2307692307692308,0.47288217096442886,3.203319965138271,
1,3,Caesarean section due to non‐reassuring fetal status,Balloon catheters versus Vaginal misoprostol (≤ 50 µg),12,SUBGROUP_AND_OVERALL,Prager 2008,2008,,,,,17,198,,,25,199,,,38.411198927519436,0.6834343434343434,0.3811701428723296,1.2253911029489482,
1,3,Caesarean section due to non‐reassuring fetal status,Balloon catheters plus oxytocin versus Vaginal misoprostol (≤ 50 µg),13,SUBGROUP_AND_OVERALL,Levine 2016,2016,,,,,16,125,,,15,120,,,75.62111296017852,1.024,0.5301217550030697,1.977990886252024,
1,3,Caesarean section due to non‐reassuring fetal status,Balloon catheters plus oxytocin versus Vaginal misoprostol (≤ 50 µg),13,SUBGROUP_AND_OVERALL,Moraes Filho 2010,2010,,,,,5,121,,,6,119,,,24.378887039821482,0.8195592286501377,0.25704168150691153,2.6131066577525024,
1,3,Caesarean section due to non‐reassuring fetal status,Balloon catheters plus misoprostol (≤ 50 µg) versus Vaginal misoprostol (≤ 50 µg),14,SUBGROUP_AND_OVERALL,Aduloju 2016,2016,,,,,6,70,,,7,70,,,14.02104741234114,0.8571428571428571,0.30330134168167383,2.4223232033114748,
1,3,Caesarean section due to non‐reassuring fetal status,Balloon catheters plus misoprostol (≤ 50 µg) versus Vaginal misoprostol (≤ 50 µg),14,SUBGROUP_AND_OVERALL,Al-Ibraheemi 2018,2018,,,,,19,100,,,20,100,,,47.67241173562152,0.95,0.5408037397266704,1.6688124243669908,
1,3,Caesarean section due to non‐reassuring fetal status,Balloon catheters plus misoprostol (≤ 50 µg) versus Vaginal misoprostol (≤ 50 µg),14,SUBGROUP_AND_OVERALL,Levine 2016,2016,,,,,19,123,,,15,120,,,38.306540852037344,1.2357723577235773,0.6591378773364539,2.3168647601997403,
1,3,Caesarean section due to non‐reassuring fetal status,Sublingual or buccal misoprostol (≤ 50 µg) versus Oral misoprostol (≤ 50 µg),15,SUBGROUP_AND_OVERALL,Shetty 2002,2002,,,,,3,50,,,3,50,,,100,1,0.21191878046850707,4.718788952018381,
1,3,Caesarean section due to non‐reassuring fetal status,Controlled-release misoprostol vaginal pessary versus Oral misoprostol (≤ 50 µg),16,SUBGROUP_AND_OVERALL,Wallstrom 2019,2019,,,,,8,97,,,4,99,,,100,2.0412371134020617,0.6353671589902946,6.557860119417391,
1,3,Caesarean section due to non‐reassuring fetal status,Vaginal dinoprostone (tablet or gel) versus Oral misoprostol (≤ 50 µg),17,SUBGROUP_AND_OVERALL,Dallenbach 2003,2003,,,,,4,100,,,6,100,,,12.064615372899913,0.6666666666666666,0.1940034360040186,2.2909101694221445,
1,3,Caesarean section due to non‐reassuring fetal status,Vaginal dinoprostone (tablet or gel) versus Oral misoprostol (≤ 50 µg),17,SUBGROUP_AND_OVERALL,Dodd 2006,2006,,,,,35,376,,,32,365,,,87.93538462710009,1.0617519946808511,0.6721250804133363,1.6772433153595467,
1,3,Caesarean section due to non‐reassuring fetal status,Oxytocin (alone) versus Oral misoprostol (≤ 50 µg),18,SUBGROUP_AND_OVERALL,Boddu 2017,2017,,,,,6,67,,,4,67,,,61.94377990179554,1.5,0.443292602885321,5.0756542864805505,
1,3,Caesarean section due to non‐reassuring fetal status,Oxytocin (alone) versus Oral misoprostol (≤ 50 µg),18,SUBGROUP_AND_OVERALL,Butt 1999,1999,,,,,6,53,,,2,55,,,38.05622009820445,3.1132075471698113,0.6573448034956486,14.744257777979422,
1,3,Caesarean section due to non‐reassuring fetal status,Balloon catheters versus Oral misoprostol (≤ 50 µg),19,SUBGROUP_AND_OVERALL,Amarasena 2021,2021,,,,,2,73,,,0,73,,,0.8050292235506048,4.999999999999999,0.2441969538541803,102.37637941597126,
1,3,Caesarean section due to non‐reassuring fetal status,Balloon catheters versus Oral misoprostol (≤ 50 µg),19,SUBGROUP_AND_OVERALL,Mundle 2017,2017,,,,,32,241,,,31,234,,,34.679245816470655,1.002275465131843,0.6327149784270529,1.5876913653958482,
1,3,Caesarean section due to non‐reassuring fetal status,Balloon catheters versus Oral misoprostol (≤ 50 µg),19,SUBGROUP_AND_OVERALL,Ten Eikelder 2016,2016,,,,,61,921,,,65,924,,,64.51572495997873,0.9415184164369832,0.6719821816594875,1.3191673122951904,
1,3,Caesarean section due to non‐reassuring fetal status,Balloon catheters plus misoprostol (≤ 50 µg) versus Oral misoprostol (≤ 50 µg),20,SUBGROUP_AND_OVERALL,Anjali 2022,2022,,,,,3,100,,,9,100,,,100,0.3333333333333333,0.092966405387925,1.1951748660978432,
1,3,Caesarean section due to non‐reassuring fetal status,Oxytocin plus amniotomy versus Sublingual or buccal misoprostol (≤ 50 µg),21,SUBGROUP_AND_OVERALL,Lo 2006,2006,,,,,1,26,,,0,26,,,100.00000000000003,2.9999999999999996,0.12780756488237427,70.4183669275211,
1,3,Caesarean section due to non‐reassuring fetal status,Vaginal dinoprostone (tablet or gel) versus Controlled-release misoprostol vaginal pessary,22,SUBGROUP_AND_OVERALL,Kim 2005,2005,,,,,11,98,,,9,99,,,100.00000000000003,1.2346938775510203,0.5354373093989606,2.8471474521886075,
1,3,Caesarean section due to non‐reassuring fetal status,Controlled-release dinoprostone vaginal pessary versus Vaginal dinoprostone (tablet or gel),23,SUBGROUP_AND_OVERALL,El-Shawarby 2006,2006,,,,,1,34,,,2,38,,,10.179138152205306,0.5588235294117647,0.05300522196281511,5.891565499778469,
1,3,Caesarean section due to non‐reassuring fetal status,Controlled-release dinoprostone vaginal pessary versus Vaginal dinoprostone (tablet or gel),23,SUBGROUP_AND_OVERALL,Triglia 2010,2010,,,,,9,65,,,12,65,,,89.8208618477947,0.75,0.3393848198905672,1.6574106059940308,
1,3,Caesarean section due to non‐reassuring fetal status,Nitric oxide donors versus Vaginal dinoprostone (tablet or gel),24,SUBGROUP_AND_OVERALL,Osman 2006,2006,,,,,0,200,,,6,200,,,100,0.07692307692307693,0.004362377067740925,1.3564072228120891,
1,3,Caesarean section due to non‐reassuring fetal status,Balloon catheters versus Vaginal dinoprostone (tablet or gel),25,SUBGROUP_AND_OVERALL,Barda 2018,2018,,,,,5,150,,,8,150,,,4.812336709761654,0.625,0.2092564053999233,1.866728998108572,
1,3,Caesarean section due to non‐reassuring fetal status,Balloon catheters versus Vaginal dinoprostone (tablet or gel),25,SUBGROUP_AND_OVERALL,Grace 2021,2021,,,,,20,196,,,22,198,,,17.582764160959638,0.9183673469387755,0.5180959572928303,1.6278810364209664,
1,3,Caesarean section due to non‐reassuring fetal status,Balloon catheters versus Vaginal dinoprostone (tablet or gel),25,SUBGROUP_AND_OVERALL,Jozwiak 2011,2011,,,,,28,411,,,38,408,,,26.24584075836433,0.7314636957356896,0.4578372081046078,1.1686231016354318,
1,3,Caesarean section due to non‐reassuring fetal status,Balloon catheters versus Vaginal dinoprostone (tablet or gel),25,SUBGROUP_AND_OVERALL,Khamaiseh 2012,2012,,,,,32,210,,,42,204,,,33.039391840285724,0.7401360544217687,0.48747502830749473,1.1237526996141336,
1,3,Caesarean section due to non‐reassuring fetal status,Balloon catheters versus Vaginal dinoprostone (tablet or gel),25,SUBGROUP_AND_OVERALL,Prager 2008,2008,,,,,17,198,,,30,191,,,18.319666530628645,0.5466329966329966,0.3119902217589547,0.9577467887401613,
1,3,Caesarean section due to non‐reassuring fetal status,Balloon catheters versus Controlled-release dinoprostone vaginal pessary,26,SUBGROUP_AND_OVERALL,Diguisto 2021,2021,,,,,35,607,,,32,609,,,73.46232176180526,1.0973537891268534,0.6885907410761161,1.748767833603434,
1,3,Caesarean section due to non‐reassuring fetal status,Balloon catheters versus Controlled-release dinoprostone vaginal pessary,26,SUBGROUP_AND_OVERALL,Jozwiak 2013,2013,,,,,11,107,,,12,119,,,26.537678238194744,1.0194704049844237,0.4695110802053279,2.2136216810572105,
1,3,Caesarean section due to non‐reassuring fetal status,Balloon catheters plus oxytocin versus Controlled-release dinoprostone vaginal pessary,27,SUBGROUP_AND_OVERALL,Devillard 2022,2022,,,,,0,41,,,1,41,,,99.99999999999999,0.3333333333333333,0.013974591508858441,7.950938032119094,
1,3,Caesarean section due to non‐reassuring fetal status,Osmotic dilators versus Balloon catheters,28,SUBGROUP_AND_OVERALL,Saad 2019,2019,,,,,16,208,,,13,209,,,100,1.2366863905325445,0.610315518937868,2.5059058488140953,
1,3,Caesarean section due to non‐reassuring fetal status,Balloon catheters plus oxytocin versus Balloon catheters,29,SUBGROUP_AND_OVERALL,Levine 2016,2016,,,,,16,125,,,20,123,,,100,0.7872,0.42839292913624494,1.4465314384377186,
1,3,Caesarean section due to non‐reassuring fetal status,Balloon catheters plus misoprostol (≤ 50 µg) versus Balloon catheters,30,SUBGROUP_AND_OVERALL,Aduloju 2016,2016,,,,,6,70,,,7,70,,,23.51370016891189,0.8571428571428571,0.30330134168167383,2.4223232033114748,
1,3,Caesarean section due to non‐reassuring fetal status,Balloon catheters plus misoprostol (≤ 50 µg) versus Balloon catheters,30,SUBGROUP_AND_OVERALL,Levine 2016,2016,,,,,19,123,,,20,123,,,76.4862998310881,0.95,0.5340277950489609,1.689986941442358,
1,3,Caesarean section due to non‐reassuring fetal status,Balloon catheters plus misoprostol (≤ 50 µg) versus Balloon catheters plus oxytocin,31,SUBGROUP_AND_OVERALL,Levine 2016,2016,,,,,19,123,,,16,125,,,100,1.2068089430894309,0.6513466458412887,2.235964266369312,
1,4,Uterine hyperstimulation with changes in the heartbeat of the baby before birth,"Vaginal misoprostol (≤ 50 µg) versus Placebo, no treatment, or expectant management",1,SUBGROUP_AND_OVERALL,McKenna 2004,2004,,,,,1,34,,,0,36,,,20.383073548913842,3.1714285714285713,0.13360274312016465,75.2825798990307,
1,4,Uterine hyperstimulation with changes in the heartbeat of the baby before birth,"Vaginal misoprostol (≤ 50 µg) versus Placebo, no treatment, or expectant management",1,SUBGROUP_AND_OVERALL,Zhang 2015,2015,,,,,2,173,,,1,49,,,36.11153512620803,0.5664739884393064,0.052458500060643384,6.117078818635208,
1,4,Uterine hyperstimulation with changes in the heartbeat of the baby before birth,"Vaginal misoprostol (≤ 50 µg) versus Placebo, no treatment, or expectant management",1,SUBGROUP_AND_OVERALL,da Graca Krupa 2005,2005,,,,,4,75,,,1,75,,,43.505391324878126,4,0.4577134035360064,34.956371992591954,
1,4,Uterine hyperstimulation with changes in the heartbeat of the baby before birth,"Oral misoprostol (≤ 50 µg) versus Placebo, no treatment, or expectant management",2,SUBGROUP_AND_OVERALL,Levy 2007,2007,,,,,2,65,,,0,67,,,100,5.1515151515151505,0.25205042800709626,105.28888431620912,
1,4,Uterine hyperstimulation with changes in the heartbeat of the baby before birth,"Controlled-release dinoprostone vaginal pessary versus Placebo, no treatment, or expectant management",3,SUBGROUP_AND_OVERALL,Rayburn 1988,1988,,,,,4,102,,,0,115,,,50.68774757633605,10.135922330097086,0.5523455377380042,186.00117944737028,
1,4,Uterine hyperstimulation with changes in the heartbeat of the baby before birth,"Controlled-release dinoprostone vaginal pessary versus Placebo, no treatment, or expectant management",3,SUBGROUP_AND_OVERALL,Witter 1996,1996,,,,,3,93,,,0,102,,,49.312252423663956,7.670212765957446,0.40146926873598104,146.54213524309995,
1,4,Uterine hyperstimulation with changes in the heartbeat of the baby before birth,"Nitric oxide donors versus Placebo, no treatment, or expectant management",4,SUBGROUP_AND_OVERALL,Habib 2008,2008,,,,,0,52,,,2,52,,,100,0.2,0.009834725827046394,4.067220652963842,
1,4,Uterine hyperstimulation with changes in the heartbeat of the baby before birth,Oral misoprostol (≤ 50 µg) versus Vaginal misoprostol (≤ 50 µg),5,SUBGROUP_AND_OVERALL,Ayaz 2009,2009,,,,,4,44,,,2,44,,,14.421709316132434,2,0.38597146928761633,10.363460302863212,
1,4,Uterine hyperstimulation with changes in the heartbeat of the baby before birth,Oral misoprostol (≤ 50 µg) versus Vaginal misoprostol (≤ 50 µg),5,SUBGROUP_AND_OVERALL,Paisarntantiwong 2005,2005,,,,,0,74,,,2,74,,,4.281214780389161,0.2,0.009765639213007323,4.095994038641329,
1,4,Uterine hyperstimulation with changes in the heartbeat of the baby before birth,Oral misoprostol (≤ 50 µg) versus Vaginal misoprostol (≤ 50 µg),5,SUBGROUP_AND_OVERALL,Rahman 2013,2013,,,,,0,111,,,2,111,,,4.265382201990921,0.2,0.009711116908557436,4.118990676010914,
1,4,Uterine hyperstimulation with changes in the heartbeat of the baby before birth,Oral misoprostol (≤ 50 µg) versus Vaginal misoprostol (≤ 50 µg),5,SUBGROUP_AND_OVERALL,Shetty 2001,2001,,,,,1,122,,,6,123,,,8.83282416176149,0.16803278688524587,0.020532753589199006,1.3751208451298578,
1,4,Uterine hyperstimulation with changes in the heartbeat of the baby before birth,Oral misoprostol (≤ 50 µg) versus Vaginal misoprostol (≤ 50 µg),5,SUBGROUP_AND_OVERALL,Souza 2013,2013,,,,,2,100,,,2,100,,,10.368111985160144,1,0.14366582240579578,6.960597748679701,
1,4,Uterine hyperstimulation with changes in the heartbeat of the baby before birth,Oral misoprostol (≤ 50 µg) versus Vaginal misoprostol (≤ 50 µg),5,SUBGROUP_AND_OVERALL,Young 2020,2020,,,,,8,167,,,16,172,,,57.83075755456585,0.5149700598802395,0.2264588927147938,1.1710476872597249,
1,4,Uterine hyperstimulation with changes in the heartbeat of the baby before birth,Sublingual or buccal misoprostol (≤ 50 µg) versus Vaginal misoprostol (≤ 50 µg),6,SUBGROUP_AND_OVERALL,Bartusevicius 2006,2006,,,,,5,70,,,5,70,,,19.156688129709128,1,0.302855684767225,3.301902689291107,
1,4,Uterine hyperstimulation with changes in the heartbeat of the baby before birth,Sublingual or buccal misoprostol (≤ 50 µg) versus Vaginal misoprostol (≤ 50 µg),6,SUBGROUP_AND_OVERALL,Caliskan 2005,2005,,,,,4,80,,,1,80,,,5.808441881894312,4,0.4570382233152317,35.00801286146338,
1,4,Uterine hyperstimulation with changes in the heartbeat of the baby before birth,Sublingual or buccal misoprostol (≤ 50 µg) versus Vaginal misoprostol (≤ 50 µg),6,SUBGROUP_AND_OVERALL,Feitosa 2006,2006,,,,,3,75,,,1,75,,,5.44541426427592,2.9999999999999996,0.3192396640564632,28.191985562320937,
1,4,Uterine hyperstimulation with changes in the heartbeat of the baby before birth,Sublingual or buccal misoprostol (≤ 50 µg) versus Vaginal misoprostol (≤ 50 µg),6,SUBGROUP_AND_OVERALL,Jahromi 2016,2016,,,,,13,100,,,7,100,,,35.615844817611034,1.8571428571428572,0.7733669810199723,4.459693362248245,
1,4,Uterine hyperstimulation with changes in the heartbeat of the baby before birth,Sublingual or buccal misoprostol (≤ 50 µg) versus Vaginal misoprostol (≤ 50 µg),6,SUBGROUP_AND_OVERALL,Nassar 2007,2007,,,,,7,85,,,8,85,,,29.122119186006657,0.875,0.3320956811696584,2.305434979772783,
1,4,Uterine hyperstimulation with changes in the heartbeat of the baby before birth,Sublingual or buccal misoprostol (≤ 50 µg) versus Vaginal misoprostol (≤ 50 µg),6,SUBGROUP_AND_OVERALL,de Moraes 2005,2005,,,,,2,58,,,1,62,,,4.851491720502964,2.1379310344827585,0.19913631236216794,22.95286607442909,
1,4,Uterine hyperstimulation with changes in the heartbeat of the baby before birth,Vaginal dinoprostone (tablet or gel) versus Vaginal misoprostol (≤ 50 µg),7,SUBGROUP_AND_OVERALL,Calder 2008,2008,,,,,20,308,,,19,318,,,49.41718060393636,1.086807928913192,0.591681441461232,1.996262501375029,
1,4,Uterine hyperstimulation with changes in the heartbeat of the baby before birth,Vaginal dinoprostone (tablet or gel) versus Vaginal misoprostol (≤ 50 µg),7,SUBGROUP_AND_OVERALL,Pandis 2001,2001,,,,,2,225,,,5,210,,,6.884715770719501,0.37333333333333335,0.07321990183877078,1.903550459336667,
1,4,Uterine hyperstimulation with changes in the heartbeat of the baby before birth,Vaginal dinoprostone (tablet or gel) versus Vaginal misoprostol (≤ 50 µg),7,SUBGROUP_AND_OVERALL,Papanikolaou 2004,2004,,,,,1,83,,,2,80,,,3.223363798553448,0.48192771084337355,0.04457002730108704,5.210997895733163,
1,4,Uterine hyperstimulation with changes in the heartbeat of the baby before birth,Vaginal dinoprostone (tablet or gel) versus Vaginal misoprostol (≤ 50 µg),7,SUBGROUP_AND_OVERALL,Surbek 1997,1997,,,,,1,51,,,0,51,,,1.8095687779058136,2.9999999999999996,0.12507642132172406,71.95600821397039,
1,4,Uterine hyperstimulation with changes in the heartbeat of the baby before birth,Vaginal dinoprostone (tablet or gel) versus Vaginal misoprostol (≤ 50 µg),7,SUBGROUP_AND_OVERALL,Tan 2010,2010,,,,,2,57,,,1,112,,,3.2275730988937545,3.929824561403509,0.3640060477922391,42.4265508144108,
1,4,Uterine hyperstimulation with changes in the heartbeat of the baby before birth,Vaginal dinoprostone (tablet or gel) versus Vaginal misoprostol (≤ 50 µg),7,SUBGROUP_AND_OVERALL,Young 2020,2020,,,,,12,172,,,16,172,,,35.43759794999112,0.75,0.3657897987768808,1.5377684174924346,
1,4,Uterine hyperstimulation with changes in the heartbeat of the baby before birth,Controlled-release dinoprostone vaginal pessary versus Vaginal misoprostol (≤ 50 µg),8,SUBGROUP_AND_OVERALL,Bebbington,,,,,,15,102,,,12,98,,,65.90467464102615,1.2009803921568627,0.5924344204711679,2.4346220484591967,
1,4,Uterine hyperstimulation with changes in the heartbeat of the baby before birth,Controlled-release dinoprostone vaginal pessary versus Vaginal misoprostol (≤ 50 µg),8,SUBGROUP_AND_OVERALL,Khoury 2001,2001,,,,,1,39,,,3,79,,,11.296577270992373,0.6752136752136753,0.0725734189733267,6.282100439048118,
1,4,Uterine hyperstimulation with changes in the heartbeat of the baby before birth,Controlled-release dinoprostone vaginal pessary versus Vaginal misoprostol (≤ 50 µg),8,SUBGROUP_AND_OVERALL,Ozkan 2009,2009,,,,,1,56,,,2,56,,,10.08286426939448,0.5,0.0466606534706713,5.357833236457742,
1,4,Uterine hyperstimulation with changes in the heartbeat of the baby before birth,Controlled-release dinoprostone vaginal pessary versus Vaginal misoprostol (≤ 50 µg),8,SUBGROUP_AND_OVERALL,Rozenberg 2004,2004,,,,,1,70,,,6,70,,,12.715883818586995,0.16666666666666669,0.020595568238812107,1.3487259713199309,
1,4,Uterine hyperstimulation with changes in the heartbeat of the baby before birth,Nitric oxide donors versus Vaginal misoprostol (≤ 50 µg),9,SUBGROUP_AND_OVERALL,Soliman 2013,2013,,,,,0,66,,,9,66,,,100,0.05263157894736841,0.0031259399042925426,0.8861600629907164,
1,4,Uterine hyperstimulation with changes in the heartbeat of the baby before birth,Balloon catheters versus Vaginal misoprostol (≤ 50 µg),10,SUBGROUP_AND_OVERALL,Lemyre,,,,,,0,32,,,1,32,,,100.00000000000003,0.3333333333333333,0.01408506170321295,7.888578229356675,
1,4,Uterine hyperstimulation with changes in the heartbeat of the baby before birth,Balloon catheters plus oxytocin versus Vaginal misoprostol (≤ 50 µg),11,SUBGROUP_AND_OVERALL,Moraes Filho 2010,2010,,,,,2,121,,,3,119,,,100,0.6556473829201102,0.11154326437641117,3.8538722452962197,
1,4,Uterine hyperstimulation with changes in the heartbeat of the baby before birth,Sublingual or buccal misoprostol (≤ 50 µg) versus Oral misoprostol (≤ 50 µg),12,SUBGROUP_AND_OVERALL,Shetty 2002,2002,,,,,1,51,,,0,51,,,100,2.9999999999999996,0.12507642132172406,71.95600821397039,
1,4,Uterine hyperstimulation with changes in the heartbeat of the baby before birth,Controlled-release misoprostol vaginal pessary versus Oral misoprostol (≤ 50 µg),13,SUBGROUP_AND_OVERALL,Wallstrom 2019,2019,,,,,14,97,,,3,99,,,100,4.762886597938144,1.4130531536898179,16.05395287897177,
1,4,Uterine hyperstimulation with changes in the heartbeat of the baby before birth,Vaginal dinoprostone (tablet or gel) versus Oral misoprostol (≤ 50 µg),14,SUBGROUP_AND_OVERALL,Dallenbach 2003,2003,,,,,14,100,,,9,100,,,46.389288071883804,1.5555555555555556,0.7058514654131565,3.4281335450701333,
1,4,Uterine hyperstimulation with changes in the heartbeat of the baby before birth,Vaginal dinoprostone (tablet or gel) versus Oral misoprostol (≤ 50 µg),14,SUBGROUP_AND_OVERALL,Dodd 2006,2006,,,,,6,376,,,3,365,,,15.244823074450595,1.9414893617021276,0.48921891471369444,7.704896168637487,
1,4,Uterine hyperstimulation with changes in the heartbeat of the baby before birth,Vaginal dinoprostone (tablet or gel) versus Oral misoprostol (≤ 50 µg),14,SUBGROUP_AND_OVERALL,Young 2020,2020,,,,,12,172,,,8,167,,,38.36588885366561,1.4563953488372092,0.6108376969340972,3.4724238906026432,
1,4,Uterine hyperstimulation with changes in the heartbeat of the baby before birth,Oxytocin (alone) versus Oral misoprostol (≤ 50 µg),15,SUBGROUP_AND_OVERALL,Aalami-Harandi 2013,2013,,,,,13,128,,,18,128,,,60.66766692003338,0.7222222222222222,0.36957050070506015,1.4113814205313902,
1,4,Uterine hyperstimulation with changes in the heartbeat of the baby before birth,Oxytocin (alone) versus Oral misoprostol (≤ 50 µg),15,SUBGROUP_AND_OVERALL,Boddu 2017,2017,,,,,5,67,,,8,67,,,24.019160353570054,0.625,0.21549753254635115,1.8126657664443602,
1,4,Uterine hyperstimulation with changes in the heartbeat of the baby before birth,Oxytocin (alone) versus Oral misoprostol (≤ 50 µg),15,SUBGROUP_AND_OVERALL,Butt 1999,1999,,,,,4,53,,,4,55,,,15.313172726396582,1.0377358490566038,0.27347994000433706,3.9377502145135463,
1,4,Uterine hyperstimulation with changes in the heartbeat of the baby before birth,Balloon catheters versus Oral misoprostol (≤ 50 µg),16,SUBGROUP_AND_OVERALL,Amarasena 2021,2021,,,,,1,72,,,4,72,,,5.962850712525943,0.25,0.028635270857073264,2.182622972625445,
1,4,Uterine hyperstimulation with changes in the heartbeat of the baby before birth,Balloon catheters versus Oral misoprostol (≤ 50 µg),16,SUBGROUP_AND_OVERALL,Mundle 2017,2017,,,,,1,241,,,2,234,,,4.886055544861419,0.4854771784232365,0.04431953343555471,5.317928066921156,
1,4,Uterine hyperstimulation with changes in the heartbeat of the baby before birth,Balloon catheters versus Oral misoprostol (≤ 50 µg),16,SUBGROUP_AND_OVERALL,Ten Eikelder 2016,2016,,,,,22,921,,,26,924,,,89.15109374261264,0.848910047607116,0.4847182688067571,1.4867363483170408,
1,4,Uterine hyperstimulation with changes in the heartbeat of the baby before birth,Osmotic dilators versus Oral misoprostol (≤ 50 µg),17,SUBGROUP_AND_OVERALL,Gavara 2022,2022,,,,,1,151,,,7,152,,,100,0.14380321665089876,0.017908813568307255,1.1547032437559708,
1,4,Uterine hyperstimulation with changes in the heartbeat of the baby before birth,Oxytocin (alone) versus Sublingual or buccal misoprostol (≤ 50 µg),18,SUBGROUP_AND_OVERALL,Unthanan 2022,2022,,,,,9,85,,,4,85,,,100,2.25,0.7204755692374292,7.0266088347149465,
1,4,Uterine hyperstimulation with changes in the heartbeat of the baby before birth,Oxytocin plus amniotomy versus Sublingual or buccal misoprostol (≤ 50 µg),19,SUBGROUP_AND_OVERALL,Lo 2006,2006,,,,,1,26,,,0,26,,,100.00000000000003,2.9999999999999996,0.12780756488237427,70.4183669275211,
1,4,Uterine hyperstimulation with changes in the heartbeat of the baby before birth,Vaginal dinoprostone (tablet or gel) versus Controlled-release misoprostol vaginal pessary,20,SUBGROUP_AND_OVERALL,Kim 2005,2005,,,,,5,98,,,2,99,,,100,2.5255102040816326,0.5018660687176628,12.708971951854881,
1,4,Uterine hyperstimulation with changes in the heartbeat of the baby before birth,Balloon catheters versus Vaginal dinoprostone (tablet or gel),21,SUBGROUP_AND_OVERALL,Grace 2021,2021,,,,,0,197,,,5,199,,,7.397501941076412,0.09182736455463729,0.005111676263838023,1.649608552228427,
1,4,Uterine hyperstimulation with changes in the heartbeat of the baby before birth,Balloon catheters versus Vaginal dinoprostone (tablet or gel),21,SUBGROUP_AND_OVERALL,Henry 2013,2013,,,,,0,51,,,2,52,,,6.807456153408093,0.20384615384615384,0.010026174573618974,4.144477450772242,
1,4,Uterine hyperstimulation with changes in the heartbeat of the baby before birth,Balloon catheters versus Vaginal dinoprostone (tablet or gel),21,SUBGROUP_AND_OVERALL,Jozwiak 2011,2011,,,,,8,411,,,12,408,,,72.02963964382572,0.6618004866180048,0.27339441852892016,1.6020074090923608,
1,4,Uterine hyperstimulation with changes in the heartbeat of the baby before birth,Balloon catheters versus Vaginal dinoprostone (tablet or gel),21,SUBGROUP_AND_OVERALL,Khamaiseh 2012,2012,,,,,1,210,,,6,204,,,13.765402261689777,0.16190476190476188,0.019664035237055736,1.3330504960670775,
1,4,Uterine hyperstimulation with changes in the heartbeat of the baby before birth,Balloon catheters versus Controlled-release dinoprostone vaginal pessary,22,SUBGROUP_AND_OVERALL,Diguisto 2021,2021,,,,,7,603,,,39,609,,,62.41435403335923,0.18127312157162906,0.0817271910122229,0.4020686897143959,
1,4,Uterine hyperstimulation with changes in the heartbeat of the baby before birth,Balloon catheters versus Controlled-release dinoprostone vaginal pessary,22,SUBGROUP_AND_OVERALL,Jozwiak 2013,2013,,,,,2,107,,,2,119,,,37.585645966640776,1.1121495327102804,0.15942246326390505,7.758483702890676,
1,4,Uterine hyperstimulation with changes in the heartbeat of the baby before birth,Osmotic dilators versus Controlled-release dinoprostone vaginal pessary,23,SUBGROUP_AND_OVERALL,Gupta 2022,2022,,,,,0,252,,,13,303,,,100,0.044503001024740155,0.0026586491260507487,0.7449336133910804,
1,4,Uterine hyperstimulation with changes in the heartbeat of the baby before birth,Balloon catheters plus oxytocin versus Controlled-release dinoprostone vaginal pessary,24,SUBGROUP_AND_OVERALL,Devillard 2022,2022,,,,,2,40,,,1,40,,,99.99999999999999,2,0.18881983197881402,21.18421544008581,
1,5,Perinatal death,"Nitric oxide donors versus Placebo, no treatment, or expectant management",1,SUBGROUP_AND_OVERALL,Schmitz 2014,2014,,,,,3,679,,,0,685,,,100,7.061764705882353,0.36546187797539714,136.45341352019977,
1,5,Perinatal death,Oral misoprostol (≤ 50 µg) versus Vaginal misoprostol (≤ 50 µg),2,SUBGROUP_AND_OVERALL,Ayaz 2009,2009,,,,,0,45,,,1,45,,,100,0.3333333333333333,0.013939608861256886,7.970891595095491,
1,5,Perinatal death,Sublingual or buccal misoprostol (≤ 50 µg) versus Vaginal misoprostol (≤ 50 µg),3,SUBGROUP_AND_OVERALL,de Moraes 2005,2005,,,,,1,59,,,0,63,,,100,3.2,0.13291848004841111,77.03970129864882,
1,5,Perinatal death,Vaginal dinoprostone (tablet or gel) versus Vaginal misoprostol (≤ 50 µg),4,SUBGROUP_AND_OVERALL,Chaudhuri 2011,2011,,,,,1,102,,,1,105,,,57.15963967585013,1.0294117647058822,0.06525879785673692,16.23824857517634,
1,5,Perinatal death,Vaginal dinoprostone (tablet or gel) versus Vaginal misoprostol (≤ 50 µg),4,SUBGROUP_AND_OVERALL,Papanikolaou 2004,2004,,,,,1,84,,,0,81,,,42.84036032414988,2.894117647058823,0.11961028646065996,70.0267276575092,
1,5,Perinatal death,Balloon catheters versus Oral misoprostol (≤ 50 µg),5,SUBGROUP_AND_OVERALL,Mundle 2017,2017,,,,,0,242,,,1,235,,,49.87376408657232,0.3237311385459533,0.013254299090303465,7.907008084714933,
1,5,Perinatal death,Balloon catheters versus Oral misoprostol (≤ 50 µg),5,SUBGROUP_AND_OVERALL,Somirathne 2017,2017,,,,,1,90,,,0,92,,,50.12623591342768,3.065934065934066,0.1265419622685083,74.28327748473912,
1,6,Severe neonatal morbidity,"Nitric oxide donors versus Placebo, no treatment, or expectant management",1,SUBGROUP_AND_OVERALL,Schmitz 2014,2014,,,,,13,678,,,13,684,,,100,1.008849557522124,0.471150674782426,2.1601952075789503,
1,7,Maternal not satisfied with the care related to induction of labour,"Nitric oxide donors versus Placebo, no treatment, or expectant management",1,SUBGROUP_AND_OVERALL,Bullarbo 2007,2007,,,,,5,94,,,6,99,,,4.838676828909175,0.8776595744680851,0.2771321353693145,2.7794911897495886,
1,7,Maternal not satisfied with the care related to induction of labour,"Nitric oxide donors versus Placebo, no treatment, or expectant management",1,SUBGROUP_AND_OVERALL,Schmitz 2014,2014,,,,,100,678,,,95,684,,,95.16132317109083,1.0619469026548674,0.8188647266028712,1.3771886703885188,
1,7,Maternal not satisfied with the care related to induction of labour,Oral misoprostol (≤ 50 µg) versus Vaginal misoprostol (≤ 50 µg),2,SUBGROUP_AND_OVERALL,Shetty 2001,2001,,,,,73,98,,,72,81,,,90.58504704634105,0.8380102040816326,0.7291777898234408,0.9630862485745504,
1,7,Maternal not satisfied with the care related to induction of labour,Oral misoprostol (≤ 50 µg) versus Vaginal misoprostol (≤ 50 µg),2,SUBGROUP_AND_OVERALL,Young 2020,2020,,,,,33,145,,,31,139,,,9.414952953658942,1.0204671857619578,0.6628248130965878,1.5710837262593285,
1,7,Maternal not satisfied with the care related to induction of labour,Sublingual or buccal misoprostol (≤ 50 µg) versus Vaginal misoprostol (≤ 50 µg),3,SUBGROUP_AND_OVERALL,Haas 2019,2019,,,,,8,141,,,15,149,,,51.840914445344566,0.5635933806146572,0.24659355869149083,1.2881013614392456,
1,7,Maternal not satisfied with the care related to induction of labour,Sublingual or buccal misoprostol (≤ 50 µg) versus Vaginal misoprostol (≤ 50 µg),3,SUBGROUP_AND_OVERALL,Nassar 2007,2007,,,,,3,76,,,39,72,,,48.159085554655434,0.07287449392712551,0.02355979342551,0.22541334591602813,
1,7,Maternal not satisfied with the care related to induction of labour,Vaginal dinoprostone (tablet or gel) versus Vaginal misoprostol (≤ 50 µg),4,SUBGROUP_AND_OVERALL,Young 2020,2020,,,,,37,139,,,31,139,,,100,1.1935483870967742,0.7879170191014172,1.8080047997515694,
1,7,Maternal not satisfied with the care related to induction of labour,Vaginal dinoprostone (tablet or gel) versus Oral misoprostol (≤ 50 µg),5,SUBGROUP_AND_OVERALL,Young 2020,2020,,,,,37,139,,,33,145,,,100,1.1696097667320688,0.778111246201913,1.7580866657722924,
1,7,Maternal not satisfied with the care related to induction of labour,Balloon catheters versus Oral misoprostol (≤ 50 µg),6,SUBGROUP_AND_OVERALL,Mundle 2017,2017,,,,,21,236,,,14,234,,,13.889463255123394,1.4872881355932204,0.7751673347301606,2.8536109549125594,
1,7,Maternal not satisfied with the care related to induction of labour,Balloon catheters versus Oral misoprostol (≤ 50 µg),6,SUBGROUP_AND_OVERALL,Ten Eikelder 2016,2016,,,,,74,229,,,81,273,,,86.11053674487661,1.089115316189552,0.8383314170346554,1.4149203380142832,
1,7,Maternal not satisfied with the care related to induction of labour,Osmotic dilators versus Oral misoprostol (≤ 50 µg),7,SUBGROUP_AND_OVERALL,Gavara 2022,2022,,,,,5,151,,,6,152,,,100,0.8388520971302428,0.26158995021961473,2.6899842301626884,
1,7,Maternal not satisfied with the care related to induction of labour,Oxytocin plus amniotomy versus Sublingual or buccal misoprostol (≤ 50 µg),8,SUBGROUP_AND_OVERALL,Lo 2006,2006,,,,,10,25,,,2,25,,,100,4.999999999999999,1.2166337010961212,20.54850196692426,
1,7,Maternal not satisfied with the care related to induction of labour,Nitric oxide donors versus Vaginal dinoprostone (tablet or gel),9,SUBGROUP_AND_OVERALL,Osman 2006,2006,,,,,22,193,,,47,194,,,100,0.4705104178150149,0.29541242708015897,0.749393163519114,
1,7,Maternal not satisfied with the care related to induction of labour,Osmotic dilators versus Controlled-release dinoprostone vaginal pessary,10,SUBGROUP_AND_OVERALL,Gupta 2022,2022,,,,,25,206,,,17,224,,,100,1.599086236436322,0.8896410417350946,2.8742792560164876,
1,8,Time from induction of labour to delivery,"Vaginal misoprostol (≤ 50 µg) versus Placebo, no treatment, or expectant management",1,SUBGROUP_AND_OVERALL,Incerpi 2001,2001,,,142.17,181.12,,57,111.88,80.25,,63,,,32.125291982992636,30.289999999999992,-20.734603284634908,81.3146032846349,
1,8,Time from induction of labour to delivery,"Vaginal misoprostol (≤ 50 µg) versus Placebo, no treatment, or expectant management",1,SUBGROUP_AND_OVERALL,McKenna 2004,2004,,,100.8,98.4,,33,146.4,86.4,,35,,,35.78712673718424,-45.60000000000001,-89.71858818057768,-1.4814118194223411,
1,8,Time from induction of labour to delivery,"Vaginal misoprostol (≤ 50 µg) versus Placebo, no treatment, or expectant management",1,SUBGROUP_AND_OVERALL,PonMalar 2017,2017,,,111.44,151.86,,63,143.36,140.57,,63,,,32.087581279823134,-31.920000000000016,-83.01850201293604,19.178502012936015,
1,8,Time from induction of labour to delivery,"Nitric oxide donors versus Placebo, no treatment, or expectant management",2,SUBGROUP_AND_OVERALL,Habib 2008,2008,,,13.45,6.63,,51,20.12,8.19,,51,,,34.92011399986409,-6.670000000000002,-9.56193841376039,-3.778061586239612,
1,8,Time from induction of labour to delivery,"Nitric oxide donors versus Placebo, no treatment, or expectant management",2,SUBGROUP_AND_OVERALL,Rameez 2007,2007,,,6.83,2.35,,78,6.75,2.13,,78,,,39.13611359702658,0.08000000000000007,-0.6238608806022578,0.7838608806022579,
1,8,Time from induction of labour to delivery,"Nitric oxide donors versus Placebo, no treatment, or expectant management",2,SUBGROUP_AND_OVERALL,Schmitz 2014,2014,,,97,54.23,,678,95.33,54.97,,684,,,25.94377240310933,1.6700000000000017,-4.129404438735041,7.469404438735045,
1,8,Time from induction of labour to delivery,Oral misoprostol (≤ 50 µg) versus Vaginal misoprostol (≤ 50 µg),3,SUBGROUP_AND_OVERALL,Kwon 2001,2001,,,27.3,18.8,,78,19.3,11.9,,82,,,33.412637748332436,8,3.0968637179807024,12.903136282019297,
1,8,Time from induction of labour to delivery,Oral misoprostol (≤ 50 µg) versus Vaginal misoprostol (≤ 50 µg),3,SUBGROUP_AND_OVERALL,Matega,,,,16.88,6.11,,89,13.03,3.32,,88,,,66.58736225166757,3.8499999999999996,2.4034505188587074,5.296549481141292,
1,8,Time from induction of labour to delivery,Sublingual or buccal misoprostol (≤ 50 µg) versus Vaginal misoprostol (≤ 50 µg),4,SUBGROUP_AND_OVERALL,Bartusevicius 2006,2006,,,14.7,4,,70,16.7,3.9,,70,,,19.470896127082888,-2,-3.308717637306861,-0.691282362693139,
1,8,Time from induction of labour to delivery,Sublingual or buccal misoprostol (≤ 50 µg) versus Vaginal misoprostol (≤ 50 µg),4,SUBGROUP_AND_OVERALL,Dadashaliha 2021,2021,,,8.4,0.92,,100,9.2,1.5,,100,,,33.7614855899105,-0.7999999999999989,-1.1448868378526096,-0.45511316214738834,
1,8,Time from induction of labour to delivery,Sublingual or buccal misoprostol (≤ 50 µg) versus Vaginal misoprostol (≤ 50 µg),4,SUBGROUP_AND_OVERALL,Feitosa 2006,2006,,,18.8,7.26,,75,18.25,13,,75,,,5.467828442582255,0.5500000000000007,-2.819828117545314,3.9198281175453156,
1,8,Time from induction of labour to delivery,Sublingual or buccal misoprostol (≤ 50 µg) versus Vaginal misoprostol (≤ 50 µg),4,SUBGROUP_AND_OVERALL,Gattas 2020,2020,,,39.4,21.2,,98,39.9,21.3,,100,,,1.9762216683293827,-0.5,-6.4199421498882225,5.4199421498882225,
1,8,Time from induction of labour to delivery,Sublingual or buccal misoprostol (≤ 50 µg) versus Vaginal misoprostol (≤ 50 µg),4,SUBGROUP_AND_OVERALL,Jahromi 2016,2016,,,8.29,4.86,,100,8.53,5.14,,100,,,18.444682670399487,-0.2400000000000002,-1.626446992208781,1.1464469922087805,
1,8,Time from induction of labour to delivery,Sublingual or buccal misoprostol (≤ 50 µg) versus Vaginal misoprostol (≤ 50 µg),4,SUBGROUP_AND_OVERALL,Nassar 2007,2007,,,11.6,5.3,,85,11.5,5.1,,85,,,16.30090781861969,0.09999999999999964,-1.463641760534954,1.6636417605349534,
1,8,Time from induction of labour to delivery,Sublingual or buccal misoprostol (≤ 50 µg) versus Vaginal misoprostol (≤ 50 µg),4,SUBGROUP_AND_OVERALL,de Moraes 2005,2005,,,24.7,7.26,,58,20.62,13,,62,,,4.577977683075769,4.079999999999998,0.34342328279426226,7.816576717205734,
1,8,Time from induction of labour to delivery,Vaginal dinoprostone (tablet or gel) versus Vaginal misoprostol (≤ 50 µg),5,SUBGROUP_AND_OVERALL,Calder 2008,2008,,,25.06,18.87,,237,24.67,15.61,,227,,,20.84008229467939,0.389999999999997,-2.7556533859895236,3.5356533859895176,
1,8,Time from induction of labour to delivery,Vaginal dinoprostone (tablet or gel) versus Vaginal misoprostol (≤ 50 µg),5,SUBGROUP_AND_OVERALL,Chaudhuri 2011,2011,,,9.37,5.48,,102,10.75,6.69,,105,,,26.00863915125297,-1.3800000000000008,-3.0438515767677385,0.28385157676773676,
1,8,Time from induction of labour to delivery,Vaginal dinoprostone (tablet or gel) versus Vaginal misoprostol (≤ 50 µg),5,SUBGROUP_AND_OVERALL,Hosli 2008,2008,,,33.45,26.55,,55,27,26.4,,52,,,5.899317338285517,6.450000000000003,-3.5859890306084328,16.485989030608437,
1,8,Time from induction of labour to delivery,Vaginal dinoprostone (tablet or gel) versus Vaginal misoprostol (≤ 50 µg),5,SUBGROUP_AND_OVERALL,Papanikolaou 2004,2004,,,15.6,6.38,,83,11.9,5.37,,80,,,25.563651845079832,3.6999999999999993,1.8920719059755153,5.507928094024483,
1,8,Time from induction of labour to delivery,Vaginal dinoprostone (tablet or gel) versus Vaginal misoprostol (≤ 50 µg),5,SUBGROUP_AND_OVERALL,Tan 2010,2010,,,19.1,8.38,,57,20.61,10.47,,112,,,21.68830937070228,-1.509999999999998,-4.4242002186398945,1.404200218639899,
1,8,Time from induction of labour to delivery,Controlled-release dinoprostone vaginal pessary versus Vaginal misoprostol (≤ 50 µg),6,SUBGROUP_AND_OVERALL,Bebbington,,,,24.28,1.24,,102,17.55,1.04,,98,,,28.347416724021716,6.73,6.4132899267541825,7.046710073245818,
1,8,Time from induction of labour to delivery,Controlled-release dinoprostone vaginal pessary versus Vaginal misoprostol (≤ 50 µg),6,SUBGROUP_AND_OVERALL,De Bonrostro Torralba 2019,2019,,,22.17,11.13,,99,23.8,12.94,,99,,,23.064944719259273,-1.629999999999999,-4.992141730189109,1.7321417301891113,
1,8,Time from induction of labour to delivery,Controlled-release dinoprostone vaginal pessary versus Vaginal misoprostol (≤ 50 µg),6,SUBGROUP_AND_OVERALL,Khoury 2001,2001,,,23,8.1,,38,22.35,9.22,,79,,,23.273120919357268,0.6499999999999986,-2.631189658146658,3.931189658146655,
1,8,Time from induction of labour to delivery,Controlled-release dinoprostone vaginal pessary versus Vaginal misoprostol (≤ 50 µg),6,SUBGROUP_AND_OVERALL,Ozkan 2009,2009,,,17.05,7.62,,56,10.48,5.37,,56,,,25.314517637361746,6.57,4.12844105197261,9.01155894802739,
1,8,Time from induction of labour to delivery,Oxytocin (alone) versus Vaginal misoprostol (≤ 50 µg),7,SUBGROUP_AND_OVERALL,Kidanto 2007,2007,,,15.45,3.94,,71,10.86,13,,71,,,100,4.59,1.430307086488713,7.749692913511287,
1,8,Time from induction of labour to delivery,Nitric oxide donors versus Vaginal misoprostol (≤ 50 µg),8,SUBGROUP_AND_OVERALL,Soliman 2013,2013,,,26.7,7.5,,65,16.5,6.7,,65,,,100,10.2,7.755146236479559,12.64485376352044,
1,8,Time from induction of labour to delivery,Balloon catheters versus Vaginal misoprostol (≤ 50 µg),9,SUBGROUP_AND_OVERALL,Aduloju 2016,2016,,,11.79,2.43,,70,9.69,2.11,,70,,,54.02769038568952,2.0999999999999996,1.346095979906412,2.8539040200935872,
1,8,Time from induction of labour to delivery,Balloon catheters versus Vaginal misoprostol (≤ 50 µg),9,SUBGROUP_AND_OVERALL,Lemyre,,,,23.3,7.87,,31,17.7,13,,31,,,13.35326124117654,5.600000000000001,0.25049115450545134,10.949508845494552,
1,8,Time from induction of labour to delivery,Balloon catheters versus Vaginal misoprostol (≤ 50 µg),9,SUBGROUP_AND_OVERALL,Levine 2016,2016,,,18.4,9.23,,123,18.73,11.11,,120,,,32.619048373133936,-0.33000000000000185,-2.901384634909615,2.241384634909611,
1,8,Time from induction of labour to delivery,Balloon catheters plus oxytocin versus Vaginal misoprostol (≤ 50 µg),10,SUBGROUP_AND_OVERALL,Levine 2016,2016,,,14.6,8.03,,125,18.73,11.11,,120,,,49.48274377734252,-4.130000000000001,-6.565761384198385,-1.6942386158016167,
1,8,Time from induction of labour to delivery,Balloon catheters plus oxytocin versus Vaginal misoprostol (≤ 50 µg),10,SUBGROUP_AND_OVERALL,Moraes Filho 2010,2010,,,20.2,7.6,,121,17,7.8,,119,,,50.51725622265747,3.1999999999999993,1.2512241848965207,5.148775815103478,
1,8,Time from induction of labour to delivery,Balloon catheters plus misoprostol (≤ 50 µg) versus Vaginal misoprostol (≤ 50 µg),11,SUBGROUP_AND_OVERALL,Aduloju 2016,2016,,,9.18,1.8,,70,9.69,2.11,,70,,,37.043411893495204,-0.5099999999999998,-1.1597129629378244,0.13971296293782476,
1,8,Time from induction of labour to delivery,Balloon catheters plus misoprostol (≤ 50 µg) versus Vaginal misoprostol (≤ 50 µg),11,SUBGROUP_AND_OVERALL,Al-Ibraheemi 2018,2018,,,15.93,8.12,,100,20.1,10,,100,,,31.07433457069444,-4.170000000000002,-6.694737935977887,-1.6452620640221158,
1,8,Time from induction of labour to delivery,Balloon catheters plus misoprostol (≤ 50 µg) versus Vaginal misoprostol (≤ 50 µg),11,SUBGROUP_AND_OVERALL,Levine 2016,2016,,,13.5,6.9,,123,18.73,11.11,,120,,,31.88225353581035,-5.23,-7.562006301480128,-2.897993698519873,
1,8,Time from induction of labour to delivery,Controlled-release misoprostol vaginal pessary versus Oral misoprostol (≤ 50 µg),12,SUBGROUP_AND_OVERALL,Wallstrom 2019,2019,,,22.5,3.84,,97,24.27,11.13,,99,,,100,-1.7699999999999996,-4.091790835248395,0.5517908352483962,
1,8,Time from induction of labour to delivery,Vaginal dinoprostone (tablet or gel) versus Oral misoprostol (≤ 50 µg),13,SUBGROUP_AND_OVERALL,Dodd 2006,2006,,,18.4,18,,376,21.2,18.76,,365,,,100,-2.8000000000000007,-5.448429014893119,-0.15157098510688316,
1,8,Time from induction of labour to delivery,Oxytocin (alone) versus Oral misoprostol (≤ 50 µg),14,SUBGROUP_AND_OVERALL,Boddu 2017,2017,,,11.73,5.52,,67,12.77,7.14,,67,,,100,-1.0399999999999991,-3.201007300178765,1.1210073001787668,
1,8,Time from induction of labour to delivery,Balloon catheters versus Oral misoprostol (≤ 50 µg),15,SUBGROUP_AND_OVERALL,Amarasena 2021,2021,,,31.9,11.06,,72,24.2,10.64,,72,,,28.885493064156904,7.699999999999999,4.155067998014799,11.2449320019852,
1,8,Time from induction of labour to delivery,Balloon catheters versus Oral misoprostol (≤ 50 µg),15,SUBGROUP_AND_OVERALL,Mundle 2017,2017,,,12.08,7.7,,239,13.53,7.34,,233,,,36.0785522469776,-1.4499999999999993,-2.8069138894761356,-0.09308611052386295,
1,8,Time from induction of labour to delivery,Balloon catheters versus Oral misoprostol (≤ 50 µg),15,SUBGROUP_AND_OVERALL,Ten Eikelder 2016,2016,,,30,14.85,,921,31.33,23.02,,924,,,35.03595468886548,-1.3299999999999983,-3.097171435860951,0.4371714358609542,
1,8,Time from induction of labour to delivery,Osmotic dilators versus Oral misoprostol (≤ 50 µg),16,SUBGROUP_AND_OVERALL,Gavara 2022,2022,,,27.2,10.68,,151,27.9,10.96,,152,,,100,-0.6999999999999993,-3.1367120239682387,1.73671202396824,
1,8,Time from induction of labour to delivery,Balloon catheters plus misoprostol (≤ 50 µg) versus Oral misoprostol (≤ 50 µg),17,SUBGROUP_AND_OVERALL,Anjali 2022,2022,,,16.85,3.8,,100,21.91,2.54,,100,,,100,-5.059999999999999,-5.955847202922536,-4.164152797077461,
1,8,Time from induction of labour to delivery,Controlled-release dinoprostone vaginal pessary versus Vaginal dinoprostone (tablet or gel),18,SUBGROUP_AND_OVERALL,Aduloju 2016,2016,,,13.32,8.65,,96,13.62,7.33,,96,,,84.73817685286414,-0.29999999999999893,-2.568040888820171,1.9680408888201733,
1,8,Time from induction of labour to delivery,Controlled-release dinoprostone vaginal pessary versus Vaginal dinoprostone (tablet or gel),18,SUBGROUP_AND_OVERALL,Triglia 2010,2010,,,20.67,15.92,,65,19.33,15.16,,65,,,15.26182314713585,1.3400000000000034,-4.004255704376558,6.6842557043765645,
1,8,Time from induction of labour to delivery,Nitric oxide donors versus Vaginal dinoprostone (tablet or gel),19,SUBGROUP_AND_OVERALL,Osman 2006,2006,,,39.7,12,,196,26.9,12.5,,198,,,100,12.800000000000004,10.380547474622226,15.219452525377783,
1,8,Time from induction of labour to delivery,Balloon catheters versus Vaginal dinoprostone (tablet or gel),20,SUBGROUP_AND_OVERALL,Grace 2021,2021,,,22.42,8.84,,196,23.78,13.4,,198,,,27.56268114754239,-1.3599999999999994,-3.599485697187111,0.8794856971871123,
1,8,Time from induction of labour to delivery,Balloon catheters versus Vaginal dinoprostone (tablet or gel),20,SUBGROUP_AND_OVERALL,Henry 2013,2013,,,33.5,11.2,,50,31.1,16.3,,51,,,17.085016975814217,2.3999999999999986,-3.04517638747675,7.845176387476747,
1,8,Time from induction of labour to delivery,Balloon catheters versus Vaginal dinoprostone (tablet or gel),20,SUBGROUP_AND_OVERALL,Jozwiak 2011,2011,,,26.33,14.88,,411,21,15.62,,408,,,28.01504467411083,5.329999999999998,3.2403418166669464,7.41965818333305,
1,8,Time from induction of labour to delivery,Balloon catheters versus Vaginal dinoprostone (tablet or gel),20,SUBGROUP_AND_OVERALL,Khamaiseh 2012,2012,,,22.6,12.4,,210,21.4,11.6,,204,,,27.337257202532566,1.2000000000000028,-1.1122577560490008,3.5122577560490065,
1,8,Time from induction of labour to delivery,Balloon catheters versus Controlled-release dinoprostone vaginal pessary,21,SUBGROUP_AND_OVERALL,Diguisto 2021,2021,,,31,10.48,,607,23.77,14.04,,609,,,100,7.23,5.837707344448779,8.622292655551222,
1,8,Time from induction of labour to delivery,Balloon catheters plus oxytocin versus Controlled-release dinoprostone vaginal pessary,22,SUBGROUP_AND_OVERALL,Devillard 2022,2022,,,16.53,4.15,,40,20.87,14.15,,40,,,99.99999999999999,-4.34,-8.909753858978167,0.22975385897816825,
1,8,Time from induction of labour to delivery,Balloon catheters plus oxytocin versus Oxytocin (alone),23,SUBGROUP_AND_OVERALL,Fuenmavor-Beltran 2017,2017,,,16.6,2.3,,40,19.3,3.3,,40,,,100,-2.6999999999999993,-3.946543257560993,-1.4534567424390057,
1,8,Time from induction of labour to delivery,Balloon catheters plus oxytocin versus Balloon catheters,24,SUBGROUP_AND_OVERALL,Levine 2016,2016,,,14.6,8.03,,125,18.4,9.23,,123,,,100,-3.799999999999999,-5.954599028366518,-1.6454009716334794,
1,8,Time from induction of labour to delivery,Balloon catheters plus misoprostol (≤ 50 µg) versus Balloon catheters,25,SUBGROUP_AND_OVERALL,Aduloju 2016,2016,,,9.18,1.8,,70,11.79,2.43,,70,,,59.04880671051574,-2.6099999999999994,-3.318416309901032,-1.9015836900989669,
1,8,Time from induction of labour to delivery,Balloon catheters plus misoprostol (≤ 50 µg) versus Balloon catheters,25,SUBGROUP_AND_OVERALL,Levine 2016,2016,,,13.5,6.9,,123,18.4,9.23,,123,,,40.95119328948426,-4.899999999999999,-6.93656987172769,-2.863430128272308,
1,8,Time from induction of labour to delivery,Balloon catheters plus misoprostol (≤ 50 µg) versus Balloon catheters plus oxytocin,26,SUBGROUP_AND_OVERALL,Levine 2016,2016,,,13.5,6.901392,,123,14.6,8.025093,,125,,,100,-1.0999999999999996,-2.96191039318774,0.7619103931877409,
1,9,Time from induction of labour to vaginal delivery,"Vaginal misoprostol (≤ 50 µg) versus Placebo, no treatment, or expectant management",1,SUBGROUP_AND_OVERALL,McKenna 2004,2004,,,93.6,100.8,,24,127.2,79.2,,26,,,19.586281577860582,-33.60000000000001,-84.12813702878614,16.928137028786125,
1,9,Time from induction of labour to vaginal delivery,"Vaginal misoprostol (≤ 50 µg) versus Placebo, no treatment, or expectant management",1,SUBGROUP_AND_OVERALL,Zhang 2015,2015,,,6.57,2.78,,105,7.13,3.62,,25,,,80.41371842213941,-0.5599999999999996,-2.075370094111696,0.9553700941116969,
1,9,Time from induction of labour to vaginal delivery,Oral misoprostol (≤ 50 µg) versus Vaginal misoprostol (≤ 50 µg),2,SUBGROUP_AND_OVERALL,Bennett 1998,1998,,,17.87,9.88,,104,14.1,6.42,,102,,,21.501024601076942,3.7700000000000014,1.4989079789457627,6.04109202105424,
1,9,Time from induction of labour to vaginal delivery,Oral misoprostol (≤ 50 µg) versus Vaginal misoprostol (≤ 50 µg),2,SUBGROUP_AND_OVERALL,Nopdonrattakoon 2003,2003,,,14.77,7.39,,50,10.62,6.22,,46,,,20.044996001339968,4.15,1.4248082714467918,6.875191728553209,
1,9,Time from induction of labour to vaginal delivery,Oral misoprostol (≤ 50 µg) versus Vaginal misoprostol (≤ 50 µg),2,SUBGROUP_AND_OVERALL,Rahman 2013,2013,,,21.22,2.4,,76,20.15,3.1,,78,,,25.02038039473446,1.0700000000000003,0.19568337045535056,1.94431662954465,
1,9,Time from induction of labour to vaginal delivery,Oral misoprostol (≤ 50 µg) versus Vaginal misoprostol (≤ 50 µg),2,SUBGROUP_AND_OVERALL,Shetty 2001,2001,,,27.9,16.2,,92,17.8,13.5,,95,,,15.12404962294282,10.099999999999998,5.818912017916624,14.381087982083372,
1,9,Time from induction of labour to vaginal delivery,Oral misoprostol (≤ 50 µg) versus Vaginal misoprostol (≤ 50 µg),2,SUBGROUP_AND_OVERALL,Souza 2013,2013,,,22.9,14.9,,59,22.3,13,,63,,,13.210472225075968,0.5999999999999979,-4.3759239846811715,5.575923984681167,
1,9,Time from induction of labour to vaginal delivery,Oral misoprostol (≤ 50 µg) versus Vaginal misoprostol (≤ 50 µg),2,SUBGROUP_AND_OVERALL,Young 2020,2020,,,22.6,17.22,,112,25.5,54.15,,118,,,5.099077154829852,-2.8999999999999986,-13.177561920972607,7.37756192097261,
1,9,Time from induction of labour to vaginal delivery,Sublingual or buccal misoprostol (≤ 50 µg) versus Vaginal misoprostol (≤ 50 µg),3,SUBGROUP_AND_OVERALL,Bartusevicius 2006,2006,,,15,3.7,,58,16.7,4.1,,56,,,46.71358930712308,-1.6999999999999993,-3.135214397495623,-0.26478560250437555,
1,9,Time from induction of labour to vaginal delivery,Sublingual or buccal misoprostol (≤ 50 µg) versus Vaginal misoprostol (≤ 50 µg),3,SUBGROUP_AND_OVERALL,Caliskan 2005,2005,,,11.85,7.08,,65,12.47,6.32,,66,,,18.19900099083045,-0.620000000000001,-2.919400530286062,1.6794005302860602,
1,9,Time from induction of labour to vaginal delivery,Sublingual or buccal misoprostol (≤ 50 µg) versus Vaginal misoprostol (≤ 50 µg),3,SUBGROUP_AND_OVERALL,Nassar 2007,2007,,,10.8,4.3,,55,11.2,4.8,,61,,,35.08740970204647,-0.3999999999999986,-2.056009208853662,1.2560092088536647,
1,9,Time from induction of labour to vaginal delivery,Vaginal dinoprostone (tablet or gel) versus Vaginal misoprostol (≤ 50 µg),4,SUBGROUP_AND_OVERALL,Sifakis 2007,2007,,,15.7,9.3,,156,11.3,8.6,,153,,,57.48317302181116,4.399999999999999,2.403315349973542,6.396684650026455,
1,9,Time from induction of labour to vaginal delivery,Vaginal dinoprostone (tablet or gel) versus Vaginal misoprostol (≤ 50 µg),4,SUBGROUP_AND_OVERALL,Surbek 1997,1997,,,29.92,23.03,,43,23.2,17.53,,44,,,23.25548014574692,6.720000000000002,-1.8946049098114983,15.334604909811503,
1,9,Time from induction of labour to vaginal delivery,Vaginal dinoprostone (tablet or gel) versus Vaginal misoprostol (≤ 50 µg),4,SUBGROUP_AND_OVERALL,Young 2020,2020,,,20.13,10.22,,125,25.5,54.15,,118,,,19.26134683244193,-5.370000000000001,-15.303156724935235,4.563156724935233,
1,9,Time from induction of labour to vaginal delivery,Controlled-release dinoprostone vaginal pessary versus Vaginal misoprostol (≤ 50 µg),5,SUBGROUP_AND_OVERALL,Khoury 2001,2001,,,23,8.8,,28,20.44,6.65,,53,,,45.16263022060905,2.5599999999999987,-1.1588223999158003,6.278822399915798,
1,9,Time from induction of labour to vaginal delivery,Controlled-release dinoprostone vaginal pessary versus Vaginal misoprostol (≤ 50 µg),5,SUBGROUP_AND_OVERALL,Ozkan 2009,2009,,,17.83,7.25,,38,11.33,5.48,,42,,,54.837369779390954,6.499999999999998,3.6609373968117636,9.339062603188232,
1,9,Time from induction of labour to vaginal delivery,Oxytocin (alone) versus Vaginal misoprostol (≤ 50 µg),6,SUBGROUP_AND_OVERALL,Tabasi 2007,2007,,,17,7.2,,30,10.6,3.7,,40,,,100,6.4,3.5799326030142447,9.220067396985757,
1,9,Time from induction of labour to vaginal delivery,Nitric oxide donors versus Vaginal misoprostol (≤ 50 µg),7,SUBGROUP_AND_OVERALL,Soliman 2013,2013,,,23.5,6.9,,43,14.6,6.7,,46,,,100,8.9,6.071208440000486,11.728791559999515,
1,9,Time from induction of labour to vaginal delivery,Balloon catheters versus Vaginal misoprostol (≤ 50 µg),8,SUBGROUP_AND_OVERALL,Levine 2016,2016,,,16.17,7.39,,88,17.2,9.49,,91,,,100,-1.0299999999999976,-3.5171189810579295,1.4571189810579344,
1,9,Time from induction of labour to vaginal delivery,Balloon catheters plus oxytocin versus Vaginal misoprostol (≤ 50 µg),9,SUBGROUP_AND_OVERALL,Levine 2016,2016,,,11.97,6.11,,87,17.2,9.49,,91,,,100,-5.229999999999999,-7.564559847319009,-2.895440152680989,
1,9,Time from induction of labour to vaginal delivery,Balloon catheters plus misoprostol (≤ 50 µg) versus Vaginal misoprostol (≤ 50 µg),10,SUBGROUP_AND_OVERALL,Al-Ibraheemi 2018,2018,,,14.43,5.53,,70,18.5,8.12,,62,,,47.332503129584616,-4.07,-6.4707183252873355,-1.669281674712665,
1,9,Time from induction of labour to vaginal delivery,Balloon catheters plus misoprostol (≤ 50 µg) versus Vaginal misoprostol (≤ 50 µg),10,SUBGROUP_AND_OVERALL,Levine 2016,2016,,,11.5,5.65,,89,17.2,9.49,,91,,,52.667496870415405,-5.699999999999999,-7.975881285443523,-3.4241187145564753,
1,9,Time from induction of labour to vaginal delivery,Sublingual or buccal misoprostol (≤ 50 µg) versus Oral misoprostol (≤ 50 µg),11,SUBGROUP_AND_OVERALL,Shetty 2002,2002,,,20,14.6,,42,28.3,16.8,,35,,,99.99999999999999,-8.3,-15.404494498425112,-1.1955055015748899,
1,9,Time from induction of labour to vaginal delivery,Controlled-release misoprostol vaginal pessary versus Oral misoprostol (≤ 50 µg),12,SUBGROUP_AND_OVERALL,Wallstrom 2019,2019,,,18,9.82,,78,22.97,9.43,,85,,,100,-4.969999999999999,-7.93109508477467,-2.0089049152253278,
1,9,Time from induction of labour to vaginal delivery,Vaginal dinoprostone (tablet or gel) versus Oral misoprostol (≤ 50 µg),13,SUBGROUP_AND_OVERALL,Young 2020,2020,,,20.13,10.22,,125,22.6,17.22,,112,,,99.99999999999999,-2.4700000000000024,-6.127926209903416,1.1879262099034116,
1,9,Time from induction of labour to vaginal delivery,Oxytocin (alone) versus Oral misoprostol (≤ 50 µg),14,SUBGROUP_AND_OVERALL,Aalami-Harandi 2013,2013,,,13.2,7.7,,79,15.6,5.1,,122,,,64.82676572292425,-2.4000000000000004,-4.3240648595061675,-0.475935140493833,
1,9,Time from induction of labour to vaginal delivery,Oxytocin (alone) versus Oral misoprostol (≤ 50 µg),14,SUBGROUP_AND_OVERALL,Butt 1999,1999,,,8.35,6.48,,46,12,6.37,,47,,,35.17323427707576,-3.6500000000000004,-6.262105615608476,-1.037894384391524,
1,9,Time from induction of labour to vaginal delivery,Balloon catheters versus Oral misoprostol (≤ 50 µg),15,SUBGROUP_AND_OVERALL,Mundle 2017,2017,,,12.12,7.55,,118,13.29,7.36,,134,,,100,-1.17,-3.0162431910978604,0.6762431910978604,
1,9,Time from induction of labour to vaginal delivery,Osmotic dilators versus Oral misoprostol (≤ 50 µg),16,SUBGROUP_AND_OVERALL,Gavara 2022,2022,,,24.9,8.98,,151,25.8,10.19,,152,,,100,-0.9000000000000021,-3.0623427535813987,1.2623427535813945,
1,9,Time from induction of labour to vaginal delivery,Oxytocin plus amniotomy versus Sublingual or buccal misoprostol (≤ 50 µg),17,SUBGROUP_AND_OVERALL,Lo 2006,2006,,,9.97,4.17,,21,14.4,7.97,,22,,,100,-4.43,-8.20788154578776,-0.6521184542122391,
1,9,Time from induction of labour to vaginal delivery,Vaginal dinoprostone (tablet or gel) versus Controlled-release misoprostol vaginal pessary,18,SUBGROUP_AND_OVERALL,Kim 2005,2005,,,14.55,9.85,,81,17.07,9.1,,83,,,100,-2.5199999999999996,-5.424134585896285,0.38413458589628524,
1,9,Time from induction of labour to vaginal delivery,Nitric oxide donors versus Vaginal dinoprostone (tablet or gel),19,SUBGROUP_AND_OVERALL,Osman 2006,2006,,,37.9,12.4,,132,25.1,11.1,,137,,,100,12.799999999999997,9.984061996522021,15.615938003477973,
1,9,Time from induction of labour to vaginal delivery,Balloon catheters versus Vaginal dinoprostone (tablet or gel),20,SUBGROUP_AND_OVERALL,Grace 2021,2021,,,20.16,8.38,,130,20.87,11.54,,143,,,100,-0.7100000000000009,-3.0875079101361846,1.667507910136183,
1,9,Time from induction of labour to vaginal delivery,Balloon catheters versus Controlled-release dinoprostone vaginal pessary,21,SUBGROUP_AND_OVERALL,Jozwiak 2013,2013,,,29,17.34,,86,30.33,24.1,,93,,,100,-1.3299999999999983,-7.447316283949048,4.7873162839490515,
1,9,Time from induction of labour to vaginal delivery,Balloon catheters plus oxytocin versus Controlled-release dinoprostone vaginal pessary,22,SUBGROUP_AND_OVERALL,Devillard 2022,2022,,,16.17,3.94,,35,18.47,14.1,,33,,,100,-2.299999999999997,-7.284661572822882,2.684661572822888,
1,9,Time from induction of labour to vaginal delivery,Balloon catheters plus oxytocin versus Balloon catheters,23,SUBGROUP_AND_OVERALL,Levine 2016,2016,,,11.97,6.11,,87,16.17,7.39,,88,,,100,-4.200000000000001,-6.208075304589811,-2.191924695410191,
1,9,Time from induction of labour to vaginal delivery,Balloon catheters plus misoprostol (≤ 50 µg) versus Balloon catheters,24,SUBGROUP_AND_OVERALL,Levine 2016,2016,,,11.5,5.65,,89,16.17,7.39,,88,,,100,-4.670000000000002,-6.609544372686889,-2.730455627313115,
1,9,Time from induction of labour to vaginal delivery,Balloon catheters plus misoprostol (≤ 50 µg) versus Balloon catheters plus oxytocin,25,SUBGROUP_AND_OVERALL,Levine 2016,2016,,,11.5,5.65,,89,11.97,6.11,,87,,,100,-0.47000000000000064,-2.2096095045718975,1.2696095045718965,
1,10,Blood loss 500 mL or more within 24 hours of delivery,"Vaginal misoprostol (≤ 50 µg) versus Placebo, no treatment, or expectant management",1,SUBGROUP_AND_OVERALL,Zhang 2015,2015,,,,,3,174,,,0,50,,,100,2.04,0.10712297931655976,38.84880747857126,
1,10,Blood loss 500 mL or more within 24 hours of delivery,"Vaginal dinoprostone (tablet or gel) versus Placebo, no treatment, or expectant management",2,SUBGROUP_AND_OVERALL,Mahmood 1995,1995,,,,,1,50,,,3,50,,,99.99999999999999,0.3333333333333333,0.035879912310534466,3.0967497955252377,
1,10,Blood loss 500 mL or more within 24 hours of delivery,"Controlled-release dinoprostone vaginal pessary versus Placebo, no treatment, or expectant management",3,SUBGROUP_AND_OVERALL,Rayburn 1988,1988,,,,,2,102,,,0,115,,,100,5.631067961165048,0.2735018041561594,115.93680883053648,
1,10,Blood loss 500 mL or more within 24 hours of delivery,Vaginal dinoprostone (tablet or gel) versus Oral misoprostol (≤ 50 µg),4,SUBGROUP_AND_OVERALL,Dallenbach 2003,2003,,,,,12,100,,,16,100,,,100,0.75,0.37420930937430125,1.5031694453046378,
1,10,Blood loss 500 mL or more within 24 hours of delivery,Oxytocin (alone) versus Oral misoprostol (≤ 50 µg),5,SUBGROUP_AND_OVERALL,Boddu 2017,2017,,,,,2,67,,,6,67,,,100,0.3333333333333333,0.06976113795550835,1.5927365058461995,
1,10,Blood loss 500 mL or more within 24 hours of delivery,Balloon catheters versus Oral misoprostol (≤ 50 µg),6,SUBGROUP_AND_OVERALL,Mundle 2017,2017,,,,,2,241,,,2,234,,,0.5467295745101589,0.970954356846473,0.1379080561934278,6.836093474893574,
1,10,Blood loss 500 mL or more within 24 hours of delivery,Balloon catheters versus Oral misoprostol (≤ 50 µg),6,SUBGROUP_AND_OVERALL,Ten Eikelder 2016,2016,,,,,263,921,,,262,924,,,99.45327042548985,1.0070865554367556,0.8714080281198314,1.1638902757526568,
1,10,Blood loss 500 mL or more within 24 hours of delivery,Balloon catheters versus Controlled-release dinoprostone vaginal pessary,7,SUBGROUP_AND_OVERALL,Diguisto 2021,2021,,,,,82,605,,,95,609,,,100,0.8688647237929534,0.6611690791631195,1.141804618581618,
1,10,Blood loss 500 mL or more within 24 hours of delivery,Balloon catheters plus oxytocin versus Controlled-release dinoprostone vaginal pessary,8,SUBGROUP_AND_OVERALL,Devillard 2022,2022,,,,,5,40,,,6,40,,,100,0.8333333333333334,0.2765800743435127,2.510826009765055,
1,11,"Blood loss 1,000 mL or more within 24 hours of delivery","Nitric oxide donors versus Placebo, no treatment, or expectant management",1,SUBGROUP_AND_OVERALL,Bullarbo 2007,2007,,,,,14,100,,,12,100,,,100,1.1666666666666667,0.5681608293074404,2.395644051650371,
1,11,"Blood loss 1,000 mL or more within 24 hours of delivery",Controlled-release misoprostol vaginal pessary versus Oral misoprostol (≤ 50 µg),2,SUBGROUP_AND_OVERALL,Wallstrom 2019,2019,,,,,20,97,,,16,99,,,100,1.2757731958762886,0.7038261729757771,2.312498895053757,
1,11,"Blood loss 1,000 mL or more within 24 hours of delivery",Vaginal dinoprostone (tablet or gel) versus Oral misoprostol (≤ 50 µg),3,SUBGROUP_AND_OVERALL,Dodd 2006,2006,,,,,20,376,,,17,365,,,100,1.1420525657071339,0.6080548578242929,2.1450105135335353,
1,11,"Blood loss 1,000 mL or more within 24 hours of delivery",Balloon catheters versus Oral misoprostol (≤ 50 µg),4,SUBGROUP_AND_OVERALL,Ten Eikelder 2016,2016,,,,,82,921,,,79,924,,,100,1.0413557085721354,0.7751649486636901,1.3989560720530685,
1,11,"Blood loss 1,000 mL or more within 24 hours of delivery",Osmotic dilators versus Oral misoprostol (≤ 50 µg),5,SUBGROUP_AND_OVERALL,Gavara 2022,2022,,,,,1,151,,,3,152,,,100,0.3355408388520971,0.035297213330897685,3.189703772989199,
1,11,"Blood loss 1,000 mL or more within 24 hours of delivery",Controlled-release dinoprostone vaginal pessary versus Vaginal dinoprostone (tablet or gel),6,SUBGROUP_AND_OVERALL,Triglia 2010,2010,,,,,4,65,,,3,65,,,100,1.3333333333333333,0.3105996777842739,5.723694855255219,
1,11,"Blood loss 1,000 mL or more within 24 hours of delivery",Balloon catheters versus Vaginal dinoprostone (tablet or gel),7,SUBGROUP_AND_OVERALL,Jozwiak 2011,2011,,,,,26,411,,,38,408,,,100,0.679216288897426,0.4204290303251458,1.097295224230379,
1,11,"Blood loss 1,000 mL or more within 24 hours of delivery",Balloon catheters versus Controlled-release dinoprostone vaginal pessary,8,SUBGROUP_AND_OVERALL,Jozwiak 2013,2013,,,,,8,107,,,7,119,,,100,1.2710280373831775,0.47693857545754076,3.387254365542408,
1,11,"Blood loss 1,000 mL or more within 24 hours of delivery",Balloon catheters plus oxytocin versus Balloon catheters,9,SUBGROUP_AND_OVERALL,Kuper 2018,2018,,,,,1,65,,,0,66,,,100,3.045454545454545,0.12633011041319694,73.41712405770896,
1,12,Mean volume of blood loss (mL),"Oral misoprostol (≤ 50 µg) versus Placebo, no treatment, or expectant management",1,SUBGROUP_AND_OVERALL,Cheung 2006,2006,,,374,139.8,,33,346.9,84.2,,32,,,100,27.100000000000023,-28.812069756514667,83.0120697565147,
1,12,Mean volume of blood loss (mL),"Nitric oxide donors versus Placebo, no treatment, or expectant management",2,SUBGROUP_AND_OVERALL,Bullarbo 2007,2007,,,635,616,,100,566,449,,100,,,100,69,-80.40236069005292,218.40236069005292,
1,12,Mean volume of blood loss (mL),Balloon catheters plus misoprostol (≤ 50 µg) versus Vaginal misoprostol (≤ 50 µg),3,SUBGROUP_AND_OVERALL,Al-Ibraheemi 2018,2018,,,491.67,376.1,,100,487.67,403.93,,100,,,99.99999999999999,4,-104.17343884443258,112.17343884443258,
1,12,Mean volume of blood loss (mL),Controlled-release misoprostol vaginal pessary versus Oral misoprostol (≤ 50 µg),4,SUBGROUP_AND_OVERALL,Wallstrom 2019,2019,,,727.2,631.4,,97,606.3,440.4,,99,,,99.99999999999999,120.90000000000009,-31.78951052770134,273.5895105277015,
1,12,Mean volume of blood loss (mL),Balloon catheters versus Oral misoprostol (≤ 50 µg),5,SUBGROUP_AND_OVERALL,Osman 2006,2006,,,333.33,222.74,,921,333.33,222.74,,924,,,100,0,-20.327252920593786,20.327252920593786,
1,12,Mean volume of blood loss (mL),Nitric oxide donors versus Vaginal dinoprostone (tablet or gel),6,SUBGROUP_AND_OVERALL,Osman 2006,2006,,,423.33,201.65,,196,416.67,186.7,,198,,,100,6.659999999999968,-31.722669287049193,45.04266928704913,
1,12,Mean volume of blood loss (mL),Balloon catheters versus Controlled-release dinoprostone vaginal pessary,7,SUBGROUP_AND_OVERALL,Bhide 2020,2020,,,656.67,740.1,,18,398.33,378.98,,20,,,100,258.34,-121.77042992412987,638.4504299241298,
1,13,Uterine scar dehiscence or rupture,Balloon catheters versus Vaginal dinoprostone (tablet or gel),1,SUBGROUP_AND_OVERALL,Jozwiak 2011,2011,,,,,0,412,,,2,409,,,100,0.198547215496368,0.009561454602583178,4.1229079067855405,
1,14,Oxytocin augmentation,"Vaginal misoprostol (≤ 50 µg) versus Placebo, no treatment, or expectant management",1,SUBGROUP_AND_OVERALL,Incerpi 2001,2001,,,,,38,57,,,34,63,,,29.859371571902642,1.2352941176470589,0.9217824714514087,1.6554356416549254,
1,14,Oxytocin augmentation,"Vaginal misoprostol (≤ 50 µg) versus Placebo, no treatment, or expectant management",1,SUBGROUP_AND_OVERALL,PonMalar 2017,2017,,,,,39,63,,,32,63,,,29.243574688755576,1.21875,0.8931782244780465,1.6629957177561132,
1,14,Oxytocin augmentation,"Vaginal misoprostol (≤ 50 µg) versus Placebo, no treatment, or expectant management",1,SUBGROUP_AND_OVERALL,Zhang 2015,2015,,,,,44,173,,,18,49,,,24.449299369452547,0.6923570969813745,0.44263971531930146,1.0829537729001286,
1,14,Oxytocin augmentation,"Vaginal misoprostol (≤ 50 µg) versus Placebo, no treatment, or expectant management",1,SUBGROUP_AND_OVERALL,da Graca Krupa 2005,2005,,,,,9,75,,,21,75,,,16.447754369889235,0.42857142857142855,0.2102286826201667,0.8736841571690264,
1,14,Oxytocin augmentation,"Oral misoprostol (≤ 50 µg) versus Placebo, no treatment, or expectant management",2,SUBGROUP_AND_OVERALL,Cheung 2006,2006,,,,,8,33,,,16,32,,,26.586936522539094,0.48484848484848486,0.241837173333619,0.9720509465911461,
1,14,Oxytocin augmentation,"Oral misoprostol (≤ 50 µg) versus Placebo, no treatment, or expectant management",2,SUBGROUP_AND_OVERALL,Levy 2007,2007,,,,,18,64,,,48,66,,,73.41306347746091,0.38671875,0.25445070568953904,0.5877420980079083,
1,14,Oxytocin augmentation,"Vaginal dinoprostone (tablet or gel) versus Placebo, no treatment, or expectant management",3,SUBGROUP_AND_OVERALL,Mahmood 1995,1995,,,,,3,50,,,4,50,,,8.855271724548139,0.75,0.17686049429055115,3.1804728481415974,
1,14,Oxytocin augmentation,"Vaginal dinoprostone (tablet or gel) versus Placebo, no treatment, or expectant management",3,SUBGROUP_AND_OVERALL,Rayburn 1988,1988,,,,,17,55,,,9,63,,,23.797077161786802,2.1636363636363636,1.0505467795596444,4.456081732992269,
1,14,Oxytocin augmentation,"Vaginal dinoprostone (tablet or gel) versus Placebo, no treatment, or expectant management",3,SUBGROUP_AND_OVERALL,Sawai 1991,1991,,,,,13,24,,,14,26,,,33.059601648489526,1.005952380952381,0.6029021510885071,1.6784484694850745,
1,14,Oxytocin augmentation,"Vaginal dinoprostone (tablet or gel) versus Placebo, no treatment, or expectant management",3,SUBGROUP_AND_OVERALL,Sawai 1994,1994,,,,,15,38,,,22,42,,,34.28804946517554,0.7535885167464115,0.4625874083111946,1.227650477226173,
1,14,Oxytocin augmentation,"Nitric oxide donors versus Placebo, no treatment, or expectant management",4,SUBGROUP_AND_OVERALL,Habib 2008,2008,,,,,48,51,,,27,51,,,47.584994658237335,1.7777777777777777,1.360249375289578,2.323466479437029,
1,14,Oxytocin augmentation,"Nitric oxide donors versus Placebo, no treatment, or expectant management",4,SUBGROUP_AND_OVERALL,Schmitz 2014,2014,,,,,295,678,,,291,684,,,52.415005341762665,1.022716905391844,0.9050458883830973,1.155687111559507,
1,14,Oxytocin augmentation,Oral misoprostol (≤ 50 µg) versus Vaginal misoprostol (≤ 50 µg),5,SUBGROUP_AND_OVERALL,Bennett 1998,1998,,,,,70,104,,,59,102,,,18.728257073412983,1.1636245110821382,0.940346168992956,1.439918667655345,
1,14,Oxytocin augmentation,Oral misoprostol (≤ 50 µg) versus Vaginal misoprostol (≤ 50 µg),5,SUBGROUP_AND_OVERALL,Kwon 2001,2001,,,,,61,78,,,41,82,,,14.325831468093684,1.564102564102564,1.2228665943395924,2.000559049005178,
1,14,Oxytocin augmentation,Oral misoprostol (≤ 50 µg) versus Vaginal misoprostol (≤ 50 µg),5,SUBGROUP_AND_OVERALL,Nopdonrattakoon 2003,2003,,,,,21,53,,,14,53,,,2.9247631981362616,1.5,0.8577668874570165,2.6230902974938513,
1,14,Oxytocin augmentation,Oral misoprostol (≤ 50 µg) versus Vaginal misoprostol (≤ 50 µg),5,SUBGROUP_AND_OVERALL,Paisarntantiwong 2005,2005,,,,,41,73,,,29,73,,,7.406623649746525,1.4137931034482758,0.9985521534628373,2.0017091069568216,
1,14,Oxytocin augmentation,Oral misoprostol (≤ 50 µg) versus Vaginal misoprostol (≤ 50 µg),5,SUBGROUP_AND_OVERALL,Rahman 2013,2013,,,,,30,110,,,26,110,,,4.406895791909544,1.1538461538461537,0.7329198884656684,1.8165163310449937,
1,14,Oxytocin augmentation,Oral misoprostol (≤ 50 µg) versus Vaginal misoprostol (≤ 50 µg),5,SUBGROUP_AND_OVERALL,Shetty 2001,2001,,,,,71,122,,,48,123,,,12.266390799395895,1.4912909836065573,1.141568431523621,1.9481519779046168,
1,14,Oxytocin augmentation,Oral misoprostol (≤ 50 µg) versus Vaginal misoprostol (≤ 50 µg),5,SUBGROUP_AND_OVERALL,Souza 2013,2013,,,,,47,100,,,45,100,,,9.813718970706171,1.0444444444444445,0.7733959619661291,1.4104860267923647,
1,14,Oxytocin augmentation,Oral misoprostol (≤ 50 µg) versus Vaginal misoprostol (≤ 50 µg),5,SUBGROUP_AND_OVERALL,Young 2020,2020,,,,,117,167,,,98,172,,,30.127519048598938,1.2296223878773067,1.0442739920961186,1.4478683067977074,
1,14,Oxytocin augmentation,Sublingual or buccal misoprostol (≤ 50 µg) versus Vaginal misoprostol (≤ 50 µg),6,SUBGROUP_AND_OVERALL,Bartusevicius 2006,2006,,,,,34,70,,,34,70,,,7.383684855625551,1,0.7111306542938645,1.4062113536548018,
1,14,Oxytocin augmentation,Sublingual or buccal misoprostol (≤ 50 µg) versus Vaginal misoprostol (≤ 50 µg),6,SUBGROUP_AND_OVERALL,Caliskan 2005,2005,,,,,41,80,,,34,80,,,7.7554305973337945,1.2058823529411764,0.8646616760949901,1.6817586454186704,
1,14,Oxytocin augmentation,Sublingual or buccal misoprostol (≤ 50 µg) versus Vaginal misoprostol (≤ 50 µg),6,SUBGROUP_AND_OVERALL,Feitosa 2006,2006,,,,,26,75,,,26,75,,,4.4446465174490974,1,0.644433540322379,1.5517503938416184,
1,14,Oxytocin augmentation,Sublingual or buccal misoprostol (≤ 50 µg) versus Vaginal misoprostol (≤ 50 µg),6,SUBGROUP_AND_OVERALL,Gattas 2020,2020,,,,,33,98,,,24,100,,,4.315064688621601,1.403061224489796,0.8982779759984876,2.191505137904127,
1,14,Oxytocin augmentation,Sublingual or buccal misoprostol (≤ 50 µg) versus Vaginal misoprostol (≤ 50 µg),6,SUBGROUP_AND_OVERALL,Haas 2019,2019,,,,,111,148,,,100,152,,,39.37246162501374,1.14,0.9835381426082438,1.321351906651624,
1,14,Oxytocin augmentation,Sublingual or buccal misoprostol (≤ 50 µg) versus Vaginal misoprostol (≤ 50 µg),6,SUBGROUP_AND_OVERALL,Nassar 2007,2007,,,,,69,85,,,63,85,,,32.67412086943088,1.0952380952380953,0.9313850565182761,1.2879168254480504,
1,14,Oxytocin augmentation,Sublingual or buccal misoprostol (≤ 50 µg) versus Vaginal misoprostol (≤ 50 µg),6,SUBGROUP_AND_OVERALL,de Moraes 2005,2005,,,,,20,58,,,26,62,,,4.054590846525332,0.8222811671087533,0.5190755601198025,1.3025970970886767,
1,14,Oxytocin augmentation,Vaginal dinoprostone (tablet or gel) versus Vaginal misoprostol (≤ 50 µg),7,SUBGROUP_AND_OVERALL,Calder 2008,2008,,,,,152,308,,,157,318,,,21.832889710014637,0.9995864008602862,0.8528923305344579,1.1715112646853059,
1,14,Oxytocin augmentation,Vaginal dinoprostone (tablet or gel) versus Vaginal misoprostol (≤ 50 µg),7,SUBGROUP_AND_OVERALL,Pandis 2001,2001,,,,,67,225,,,43,210,,,12.331809513785796,1.4542635658914729,1.0417214897744564,2.0301803695508633,
1,14,Oxytocin augmentation,Vaginal dinoprostone (tablet or gel) versus Vaginal misoprostol (≤ 50 µg),7,SUBGROUP_AND_OVERALL,Papanikolaou 2004,2004,,,,,67,83,,,53,80,,,19.98643475977135,1.2184587406228689,1.0091751534415196,1.471143733114413,
1,14,Oxytocin augmentation,Vaginal dinoprostone (tablet or gel) versus Vaginal misoprostol (≤ 50 µg),7,SUBGROUP_AND_OVERALL,Sifakis 2007,2007,,,,,113,211,,,67,204,,,17.322281736518967,1.6306146990167645,1.2916840376462633,2.058478868791048,
1,14,Oxytocin augmentation,Vaginal dinoprostone (tablet or gel) versus Vaginal misoprostol (≤ 50 µg),7,SUBGROUP_AND_OVERALL,Surbek 1997,1997,,,,,24,50,,,16,50,,,7.326672226780227,1.5,0.9130029951976104,2.4643949820920463,
1,14,Oxytocin augmentation,Vaginal dinoprostone (tablet or gel) versus Vaginal misoprostol (≤ 50 µg),7,SUBGROUP_AND_OVERALL,Young 2020,2020,,,,,113,172,,,98,172,,,21.19991205312903,1.153061224489796,0.9738723658706876,1.3652201602755485,
1,14,Oxytocin augmentation,Controlled-release dinoprostone vaginal pessary versus Vaginal misoprostol (≤ 50 µg),8,SUBGROUP_AND_OVERALL,Bebbington,,,,,,76,102,,,47,98,,,23.55768679937934,1.5536086775135587,1.2277319404762228,1.9659828365377403,
1,14,Oxytocin augmentation,Controlled-release dinoprostone vaginal pessary versus Vaginal misoprostol (≤ 50 µg),8,SUBGROUP_AND_OVERALL,De Bonrostro Torralba 2019,2019,,,,,27,99,,,24,99,,,14.642721692642665,1.125,0.700279435512586,1.8073142460246545,
1,14,Oxytocin augmentation,Controlled-release dinoprostone vaginal pessary versus Vaginal misoprostol (≤ 50 µg),8,SUBGROUP_AND_OVERALL,Khoury 2001,2001,,,,,36,39,,,65,79,,,27.143421153851367,1.1218934911242604,0.9785703540917955,1.2862079871560392,
1,14,Oxytocin augmentation,Controlled-release dinoprostone vaginal pessary versus Vaginal misoprostol (≤ 50 µg),8,SUBGROUP_AND_OVERALL,Ozkan 2009,2009,,,,,35,56,,,20,56,,,16.914794786971427,1.75,1.1663330653487223,2.6257508176571687,
1,14,Oxytocin augmentation,Controlled-release dinoprostone vaginal pessary versus Vaginal misoprostol (≤ 50 µg),8,SUBGROUP_AND_OVERALL,Rozenberg 2004,2004,,,,,47,70,,,22,70,,,17.741375567155206,2.1363636363636362,1.4567905535852428,3.132948367590989,
1,14,Oxytocin augmentation,Nitric oxide donors versus Vaginal misoprostol (≤ 50 µg),9,SUBGROUP_AND_OVERALL,Soliman 2013,2013,,,,,61,65,,,14,65,,,100,4.357142857142857,2.7282624401624034,6.9585292082168335,
1,14,Oxytocin augmentation,Balloon catheters versus Vaginal misoprostol (≤ 50 µg),10,SUBGROUP_AND_OVERALL,Aduloju 2016,2016,,,,,66,70,,,43,70,,,37.55480724606825,1.5348837209302326,1.2637367734520473,1.8642078684956698,
1,14,Oxytocin augmentation,Balloon catheters versus Vaginal misoprostol (≤ 50 µg),10,SUBGROUP_AND_OVERALL,Lemyre,,,,,,30,31,,,21,31,,,31.069392272476147,1.4285714285714286,1.1111547900776633,1.836662492709923,
1,14,Oxytocin augmentation,Balloon catheters versus Vaginal misoprostol (≤ 50 µg),10,SUBGROUP_AND_OVERALL,Nwali 2021,2021,,,,,5,65,,,10,70,,,4.065140251208086,0.5384615384615384,0.1943513005711344,1.4918388894251093,
1,14,Oxytocin augmentation,Balloon catheters versus Vaginal misoprostol (≤ 50 µg),10,SUBGROUP_AND_OVERALL,Oliveira 2010,2010,,,,,61,80,,,33,80,,,27.310660230247503,1.8484848484848484,1.3849569329342277,2.4671498108167693,
1,14,Oxytocin augmentation,Balloon catheters plus misoprostol (≤ 50 µg) versus Vaginal misoprostol (≤ 50 µg),11,SUBGROUP_AND_OVERALL,Aduloju 2016,2016,,,,,22,70,,,43,70,,,100,0.5116279069767442,0.34547651302519433,0.7576871518855308,
1,14,Oxytocin augmentation,Sublingual or buccal misoprostol (≤ 50 µg) versus Oral misoprostol (≤ 50 µg),12,SUBGROUP_AND_OVERALL,Shetty 2002,2002,,,,,17,50,,,23,50,,,100,0.7391304347826086,0.4531671290685434,1.2055459555172103,
1,14,Oxytocin augmentation,Controlled-release misoprostol vaginal pessary versus Oral misoprostol (≤ 50 µg),13,SUBGROUP_AND_OVERALL,Wallstrom 2019,2019,,,,,66,97,,,76,99,,,100,0.8863266413456321,0.7446317716180633,1.0549844165955975,
1,14,Oxytocin augmentation,Vaginal dinoprostone (tablet or gel) versus Oral misoprostol (≤ 50 µg),14,SUBGROUP_AND_OVERALL,Dallenbach 2003,2003,,,,,53,100,,,33,100,,,24.80528280649075,1.606060606060606,1.1491610707804658,2.2446206506002775,
1,14,Oxytocin augmentation,Vaginal dinoprostone (tablet or gel) versus Oral misoprostol (≤ 50 µg),14,SUBGROUP_AND_OVERALL,Dodd 2006,2006,,,,,179,376,,,203,365,,,37.79320631243414,0.8559768368095587,0.7440365271256212,0.9847585682185082,
1,14,Oxytocin augmentation,Vaginal dinoprostone (tablet or gel) versus Oral misoprostol (≤ 50 µg),14,SUBGROUP_AND_OVERALL,Young 2020,2020,,,,,113,172,,,117,167,,,37.40151088107511,0.9377360365732459,0.8098662464206653,1.085795189235907,
1,14,Oxytocin augmentation,Balloon catheters versus Oral misoprostol (≤ 50 µg),15,SUBGROUP_AND_OVERALL,Mundle 2017,2017,,,,,192,241,,,123,234,,,46.804522918975536,1.5156360692237627,1.321041495079459,1.7388951845103757,
1,14,Oxytocin augmentation,Balloon catheters versus Oral misoprostol (≤ 50 µg),15,SUBGROUP_AND_OVERALL,Ten Eikelder 2016,2016,,,,,740,921,,,632,924,,,53.195477081024464,1.1747000371088112,1.1126911737056377,1.240164575573869,
1,14,Oxytocin augmentation,Balloon catheters plus misoprostol (≤ 50 µg) versus Oral misoprostol (≤ 50 µg),16,SUBGROUP_AND_OVERALL,Anjali 2022,2022,,,,,9,100,,,15,100,,,100,0.6,0.2754503631218063,1.3069505370040304,
1,14,Oxytocin augmentation,Controlled-release dinoprostone vaginal pessary versus Vaginal dinoprostone (tablet or gel),17,SUBGROUP_AND_OVERALL,Anzeljc 2022,2022,,,,,61,96,,,59,96,,,100,1.0338983050847457,0.8303770685559111,1.287301571460888,
1,14,Oxytocin augmentation,Balloon catheters versus Vaginal dinoprostone (tablet or gel),18,SUBGROUP_AND_OVERALL,Barda 2018,2018,,,,,133,150,,,82,150,,,19.044074303301347,1.6219512195121952,1.3868996172838841,1.8968393427270047,
1,14,Oxytocin augmentation,Balloon catheters versus Vaginal dinoprostone (tablet or gel),18,SUBGROUP_AND_OVERALL,Grace 2021,2021,,,,,152,196,,,109,198,,,20.089904978081545,1.4087249578730574,1.2165334663559395,1.6312794196109772,
1,14,Oxytocin augmentation,Balloon catheters versus Vaginal dinoprostone (tablet or gel),18,SUBGROUP_AND_OVERALL,Henry 2013,2013,,,,,44,50,,,30,51,,,11.387739143933574,1.496,1.1634544853932849,1.9235956611087186,
1,14,Oxytocin augmentation,Balloon catheters versus Vaginal dinoprostone (tablet or gel),18,SUBGROUP_AND_OVERALL,Jozwiak 2011,2011,,,,,353,411,,,239,408,,,26.580767738781198,1.4662065174235714,1.339318614095921,1.605115861983677,
1,14,Oxytocin augmentation,Balloon catheters versus Vaginal dinoprostone (tablet or gel),18,SUBGROUP_AND_OVERALL,Khamaiseh 2012,2012,,,,,165,210,,,134,204,,,22.89751383590233,1.1961620469083156,1.0590335757477696,1.3510465345290115,
1,14,Oxytocin augmentation,Balloon catheters versus Controlled-release dinoprostone vaginal pessary,19,SUBGROUP_AND_OVERALL,Diguisto 2021,2021,,,,,503,607,,,360,609,,,56.61337725320335,1.4018259198242724,1.3001334370617856,1.5114724792650496,
1,14,Oxytocin augmentation,Balloon catheters versus Controlled-release dinoprostone vaginal pessary,19,SUBGROUP_AND_OVERALL,Jozwiak 2013,2013,,,,,83,107,,,78,119,,,33.47707692526109,1.1834411694224778,1.0030543807356203,1.3962682665888149,
1,14,Oxytocin augmentation,Balloon catheters versus Controlled-release dinoprostone vaginal pessary,19,SUBGROUP_AND_OVERALL,Shechter-Maor 2015,2015,,,,,22,26,,,14,26,,,9.90954582153556,1.5714285714285714,1.0620363778812856,2.32514422907844,
1,14,Oxytocin augmentation,Osmotic dilators versus Controlled-release dinoprostone vaginal pessary,20,SUBGROUP_AND_OVERALL,Gupta 2022,2022,,,,,25,335,,,43,331,,,100,0.5744533148212426,0.3594088029146287,0.9181650761834531,
1,14,Oxytocin augmentation,Balloon catheters plus misoprostol (≤ 50 µg) versus Balloon catheters,21,SUBGROUP_AND_OVERALL,Aduloju 2016,2016,,,,,22,70,,,66,70,,,100,0.3333333333333333,0.23470849606779087,0.4734004647152563,
1,15,Admission to intensive care unit&nbsp;,Balloon catheters versus Oral misoprostol (≤ 50 µg),1,SUBGROUP_AND_OVERALL,Ten Eikelder 2016,2016,,,,,1,921,,,2,924,,,100,0.501628664495114,0.045564990719354895,5.522470499182278,
1,15,Admission to intensive care unit&nbsp;,Balloon catheters versus Vaginal dinoprostone (tablet or gel),2,SUBGROUP_AND_OVERALL,Grace 2021,2021,,,,,2,196,,,2,198,,,100,1.010204081632653,0.1437273870395115,7.100332842388118,
1,15,Admission to intensive care unit&nbsp;,Balloon catheters versus Controlled-release dinoprostone vaginal pessary,3,SUBGROUP_AND_OVERALL,Diguisto 2021,2021,,,,,6,605,,,3,609,,,100,2.013223140495868,0.5058106789996921,8.013012737183654,
1,16,Pain related to induction of labour,Sublingual or buccal misoprostol (≤ 50 µg) versus Vaginal misoprostol (≤ 50 µg),1,SUBGROUP_AND_OVERALL,Haas 2019,2019,,,,,43,141,,,35,149,,,48.705621491130564,1.2982776089159067,0.8859031507625289,1.902606112600019,
1,16,Pain related to induction of labour,Sublingual or buccal misoprostol (≤ 50 µg) versus Vaginal misoprostol (≤ 50 µg),1,SUBGROUP_AND_OVERALL,Nassar 2007,2007,,,,,32,76,,,32,72,,,51.29437850886943,0.9473684210526315,0.6550070237162112,1.370224887232065,
1,16,Pain related to induction of labour,Balloon catheters versus Oral misoprostol (≤ 50 µg),2,SUBGROUP_AND_OVERALL,Mundle 2017,2017,,,,,49,241,,,46,234,,,100,1.0342774670755908,0.7216400787915276,1.4823592956362543,
1,16,Pain related to induction of labour,Osmotic dilators versus Oral misoprostol (≤ 50 µg),3,SUBGROUP_AND_OVERALL,Gavara 2022,2022,,,,,56,151,,,78,152,,,100,0.7227033452199015,0.5577419463761346,0.9364548042076131,
1,16,Pain related to induction of labour,Balloon catheters versus Vaginal dinoprostone (tablet or gel),4,SUBGROUP_AND_OVERALL,Henry 2013,2013,,,,,10,39,,,25,43,,,100,0.441025641025641,0.2440861424092849,0.7968646401725376,
1,16,Pain related to induction of labour,Osmotic dilators versus Controlled-release dinoprostone vaginal pessary,5,SUBGROUP_AND_OVERALL,Gupta 2022,2022,,,,,19,199,,,27,221,,,99.99999999999999,0.781500093057882,0.448739687418452,1.3610171165448044,
1,17,Use of mechanical ventilation for infants,"Vaginal dinoprostone (tablet or gel) versus Placebo, no treatment, or expectant management",1,SUBGROUP_AND_OVERALL,Hannah 1996,1996,,,,,13,1258,,,14,2518,,,100,1.8586191233250058,0.8763098430084968,3.942058934006426,
1,17,Use of mechanical ventilation for infants,"Oxytocin (alone) versus Placebo, no treatment, or expectant management",2,SUBGROUP_AND_OVERALL,Hannah 1996,1996,,,,,7,1256,,,14,2518,,,100,1.002388535031847,0.40560660102857515,2.4772347703791566,
1,17,Use of mechanical ventilation for infants,Oral misoprostol (≤ 50 µg) versus Vaginal misoprostol (≤ 50 µg),3,SUBGROUP_AND_OVERALL,Ayaz 2009,2009,,,,,1,44,,,1,44,,,57.480370575286344,1,0.06456203034133534,15.4889800508606,
1,17,Use of mechanical ventilation for infants,Oral misoprostol (≤ 50 µg) versus Vaginal misoprostol (≤ 50 µg),3,SUBGROUP_AND_OVERALL,Kwon 2001,2001,,,,,0,79,,,1,83,,,42.519629424713656,0.3499999999999999,0.014468945617491598,8.466408212351627,
1,17,Use of mechanical ventilation for infants,Vaginal dinoprostone (tablet or gel) versus Vaginal misoprostol (≤ 50 µg),4,SUBGROUP_AND_OVERALL,Chaudhuri 2011,2011,,,,,3,102,,,8,105,,,81.81762906568324,0.3860294117647059,0.10535024520434529,1.4145074504416852,
1,17,Use of mechanical ventilation for infants,Vaginal dinoprostone (tablet or gel) versus Vaginal misoprostol (≤ 50 µg),4,SUBGROUP_AND_OVERALL,Papanikolaou 2004,2004,,,,,1,83,,,1,80,,,18.18237093431675,0.963855421686747,0.0613255706165209,15.14893811138323,
1,17,Use of mechanical ventilation for infants,Controlled-release dinoprostone vaginal pessary versus Vaginal misoprostol (≤ 50 µg),5,SUBGROUP_AND_OVERALL,Ozkan 2009,2009,,,,,1,56,,,2,56,,,100,0.5,0.0466606534706713,5.357833236457742,
1,17,Use of mechanical ventilation for infants,Balloon catheters versus Oral misoprostol (≤ 50 µg),6,SUBGROUP_AND_OVERALL,Mundle 2017,2017,,,,,0,242,,,1,235,,,100.00000000000003,0.3237311385459533,0.013254299090303465,7.907008084714933,
1,17,Use of mechanical ventilation for infants,Oxytocin (alone) versus Vaginal dinoprostone (tablet or gel),7,SUBGROUP_AND_OVERALL,Hannah 1996,1996,,,,,7,1256,,,13,1258,,,100,0.5393189612934836,0.2158953689784687,1.3472495653192547,
1,18,Admission to the neonatal intensive care unit,"Vaginal misoprostol (≤ 50 µg) versus Placebo, no treatment, or expectant management",1,SUBGROUP_AND_OVERALL,Incerpi 2001,2001,,,,,18,57,,,20,63,,,93.92675349183469,0.9947368421052631,0.5876070587776775,1.6839508141714332,
1,18,Admission to the neonatal intensive care unit,"Vaginal misoprostol (≤ 50 µg) versus Placebo, no treatment, or expectant management",1,SUBGROUP_AND_OVERALL,McKenna 2004,2004,,,,,0,34,,,1,36,,,2.5950114929985166,0.35238095238095246,0.014844749235573853,8.364731099892301,
1,18,Admission to the neonatal intensive care unit,"Vaginal misoprostol (≤ 50 µg) versus Placebo, no treatment, or expectant management",1,SUBGROUP_AND_OVERALL,Oboro 2005,2005,,,,,1,38,,,1,39,,,3.4782350151668076,1.0263157894736843,0.06656398113385925,15.824235296334985,
1,18,Admission to the neonatal intensive care unit,"Vaginal dinoprostone (tablet or gel) versus Placebo, no treatment, or expectant management",2,SUBGROUP_AND_OVERALL,Hannah 1996,1996,,,,,116,1258,,,274,2518,,,97.06337496572648,0.8473883931161733,0.6894308001763663,1.041536131841395,
1,18,Admission to the neonatal intensive care unit,"Vaginal dinoprostone (tablet or gel) versus Placebo, no treatment, or expectant management",2,SUBGROUP_AND_OVERALL,O'Brien 1995,1995,,,,,1,50,,,5,50,,,0.9269779524782812,0.2,0.02422467040202706,1.6512092563559881,
1,18,Admission to the neonatal intensive care unit,"Vaginal dinoprostone (tablet or gel) versus Placebo, no treatment, or expectant management",2,SUBGROUP_AND_OVERALL,Sawai 1991,1991,,,,,0,25,,,2,27,,,0.4623283376499283,0.2153846153846154,0.010841184620933779,4.2791017925108426,
1,18,Admission to the neonatal intensive care unit,"Vaginal dinoprostone (tablet or gel) versus Placebo, no treatment, or expectant management",2,SUBGROUP_AND_OVERALL,Sawai 1994,1994,,,,,2,32,,,4,42,,,1.547318744145331,0.65625,0.1280800264204028,3.3624607562650883,
1,18,Admission to the neonatal intensive care unit,"Oxytocin (alone) versus Placebo, no treatment, or expectant management",3,SUBGROUP_AND_OVERALL,Hannah 1996,1996,,,,,83,1256,,,274,2518,,,100,0.6072864847273235,0.4796002955002598,0.7689671545089153,
1,18,Admission to the neonatal intensive care unit,"Nitric oxide donors versus Placebo, no treatment, or expectant management",4,SUBGROUP_AND_OVERALL,Bullarbo 2007,2007,,,,,13,100,,,9,100,,,68.02433663708754,1.4444444444444444,0.6468097130050359,3.225708753495753,
1,18,Admission to the neonatal intensive care unit,"Nitric oxide donors versus Placebo, no treatment, or expectant management",4,SUBGROUP_AND_OVERALL,Habib 2008,2008,,,,,0,52,,,1,52,,,4.347932664035853,0.3333333333333333,0.013891285522207827,7.998619777376188,
1,18,Admission to the neonatal intensive care unit,"Nitric oxide donors versus Placebo, no treatment, or expectant management",4,SUBGROUP_AND_OVERALL,Schmitz 2014,2014,,,,,4,678,,,6,684,,,27.62773069887661,0.672566371681416,0.19064558779347324,2.3727038718920235,
1,18,Admission to the neonatal intensive care unit,Oral misoprostol (≤ 50 µg) versus Vaginal misoprostol (≤ 50 µg),5,SUBGROUP_AND_OVERALL,Ayaz 2009,2009,,,,,5,44,,,2,44,,,16.358517506632882,2.5,0.5120166132589706,12.206635171892053,
1,18,Admission to the neonatal intensive care unit,Oral misoprostol (≤ 50 µg) versus Vaginal misoprostol (≤ 50 µg),5,SUBGROUP_AND_OVERALL,Rahman 2013,2013,,,,,5,110,,,9,110,,,27.440725288413393,0.5555555555555556,0.1923234190829619,1.604807031719336,
1,18,Admission to the neonatal intensive care unit,Oral misoprostol (≤ 50 µg) versus Vaginal misoprostol (≤ 50 µg),5,SUBGROUP_AND_OVERALL,Shetty 2001,2001,,,,,17,122,,,7,123,,,34.366790023010786,2.4484777517564402,1.0530052771445513,5.6932699493236285,
1,18,Admission to the neonatal intensive care unit,Oral misoprostol (≤ 50 µg) versus Vaginal misoprostol (≤ 50 µg),5,SUBGROUP_AND_OVERALL,Souza 2013,2013,,,,,5,100,,,4,100,,,21.833967181942924,1.25,0.3457322032896022,4.519393869396579,
1,18,Admission to the neonatal intensive care unit,Sublingual or buccal misoprostol (≤ 50 µg) versus Vaginal misoprostol (≤ 50 µg),6,SUBGROUP_AND_OVERALL,Bartusevicius 2006,2006,,,,,2,70,,,2,70,,,3.435807492700491,1,0.1448927314312327,6.901657454601912,
1,18,Admission to the neonatal intensive care unit,Sublingual or buccal misoprostol (≤ 50 µg) versus Vaginal misoprostol (≤ 50 µg),6,SUBGROUP_AND_OVERALL,Beigi 2010,2010,,,,,18,125,,,13,125,,,28.654539406185915,1.3846153846153846,0.7092884158100143,2.7029339836661426,
1,18,Admission to the neonatal intensive care unit,Sublingual or buccal misoprostol (≤ 50 µg) versus Vaginal misoprostol (≤ 50 µg),6,SUBGROUP_AND_OVERALL,Caliskan 2005,2005,,,,,3,80,,,2,80,,,4.129041110520768,1.5,0.2575125654977293,8.737437707752715,
1,18,Admission to the neonatal intensive care unit,Sublingual or buccal misoprostol (≤ 50 µg) versus Vaginal misoprostol (≤ 50 µg),6,SUBGROUP_AND_OVERALL,Feitosa 2006,2006,,,,,1,75,,,1,75,,,1.6913724143602804,1,0.06371935469278671,15.693818696396876,
1,18,Admission to the neonatal intensive care unit,Sublingual or buccal misoprostol (≤ 50 µg) versus Vaginal misoprostol (≤ 50 µg),6,SUBGROUP_AND_OVERALL,Gattas 2020,2020,,,,,1,98,,,1,100,,,1.685851321024053,1.0204081632653061,0.06472751183129047,16.086402677927822,
1,18,Admission to the neonatal intensive care unit,Sublingual or buccal misoprostol (≤ 50 µg) versus Vaginal misoprostol (≤ 50 µg),6,SUBGROUP_AND_OVERALL,Haas 2019,2019,,,,,21,148,,,20,152,,,39.600251081405865,1.0783783783783785,0.6104552002784769,1.9049717758542977,
1,18,Admission to the neonatal intensive care unit,Sublingual or buccal misoprostol (≤ 50 µg) versus Vaginal misoprostol (≤ 50 µg),6,SUBGROUP_AND_OVERALL,Jahromi 2016,2016,,,,,11,100,,,7,100,,,15.613511570716696,1.5714285714285714,0.6349547814456523,3.88907655672706,
1,18,Admission to the neonatal intensive care unit,Sublingual or buccal misoprostol (≤ 50 µg) versus Vaginal misoprostol (≤ 50 µg),6,SUBGROUP_AND_OVERALL,Nassar 2007,2007,,,,,3,85,,,3,85,,,5.189625603085934,1,0.2076690533366656,4.815353967925283,
1,18,Admission to the neonatal intensive care unit,Vaginal dinoprostone (tablet or gel) versus Vaginal misoprostol (≤ 50 µg),7,SUBGROUP_AND_OVERALL,Chaudhuri 2011,2011,,,,,9,102,,,12,105,,,28.54324496139548,0.7720588235294118,0.33997620029737025,1.7532839841972612,
1,18,Admission to the neonatal intensive care unit,Vaginal dinoprostone (tablet or gel) versus Vaginal misoprostol (≤ 50 µg),7,SUBGROUP_AND_OVERALL,Hosli 2008,2008,,,,,6,56,,,0,53,,,4.783324589590384,12.31578947368421,0.710791265144118,213.39411132093315,
1,18,Admission to the neonatal intensive care unit,Vaginal dinoprostone (tablet or gel) versus Vaginal misoprostol (≤ 50 µg),7,SUBGROUP_AND_OVERALL,Pandis 2001,2001,,,,,3,225,,,6,210,,,15.794531591640565,0.4666666666666667,0.11821793131114078,1.8421721253487586,
1,18,Admission to the neonatal intensive care unit,Vaginal dinoprostone (tablet or gel) versus Vaginal misoprostol (≤ 50 µg),7,SUBGROUP_AND_OVERALL,Papanikolaou 2004,2004,,,,,3,83,,,5,80,,,15.402449437443263,0.5783132530120482,0.14289205916575456,2.3405514663443974,
1,18,Admission to the neonatal intensive care unit,Vaginal dinoprostone (tablet or gel) versus Vaginal misoprostol (≤ 50 µg),7,SUBGROUP_AND_OVERALL,Prager 2008,2008,,,,,12,191,,,7,199,,,25.846064144404874,1.7860882572924457,0.7183970245796345,4.440596430232487,
1,18,Admission to the neonatal intensive care unit,Vaginal dinoprostone (tablet or gel) versus Vaginal misoprostol (≤ 50 µg),7,SUBGROUP_AND_OVERALL,Surbek 1997,1997,,,,,3,51,,,0,51,,,4.531910132790679,6.999999999999999,0.3707451273510949,132.16626837443795,
1,18,Admission to the neonatal intensive care unit,Vaginal dinoprostone (tablet or gel) versus Vaginal misoprostol (≤ 50 µg),7,SUBGROUP_AND_OVERALL,Tan 2010,2010,,,,,1,57,,,1,112,,,5.098475142734739,1.9649122807017543,0.12518597883396662,30.841155749344985,
1,18,Admission to the neonatal intensive care unit,Controlled-release dinoprostone vaginal pessary versus Vaginal misoprostol (≤ 50 µg),8,SUBGROUP_AND_OVERALL,Bebbington,,,,,,2,102,,,2,98,,,15.270748034430841,0.9607843137254902,0.13803296216649527,6.687580147613661,
1,18,Admission to the neonatal intensive care unit,Controlled-release dinoprostone vaginal pessary versus Vaginal misoprostol (≤ 50 µg),8,SUBGROUP_AND_OVERALL,De Bonrostro Torralba 2019,2019,,,,,2,99,,,2,99,,,15.273771907508541,1,0.14369455793070054,6.959205793181598,
1,18,Admission to the neonatal intensive care unit,Controlled-release dinoprostone vaginal pessary versus Vaginal misoprostol (≤ 50 µg),8,SUBGROUP_AND_OVERALL,Khoury 2001,2001,,,,,0,40,,,1,80,,,5.690344087739172,0.6585365853658537,0.02742717985116523,15.811703449594503,
1,18,Admission to the neonatal intensive care unit,Controlled-release dinoprostone vaginal pessary versus Vaginal misoprostol (≤ 50 µg),8,SUBGROUP_AND_OVERALL,Ozkan 2009,2009,,,,,3,56,,,2,56,,,18.76235391261565,1.5,0.26054769844400166,8.635654866410505,
1,18,Admission to the neonatal intensive care unit,Controlled-release dinoprostone vaginal pessary versus Vaginal misoprostol (≤ 50 µg),8,SUBGROUP_AND_OVERALL,Rozenberg 2004,2004,,,,,9,70,,,4,70,,,45.002782057705794,2.25,0.7266520046416751,6.966883690765304,
1,18,Admission to the neonatal intensive care unit,Oxytocin (alone) versus Vaginal misoprostol (≤ 50 µg),9,SUBGROUP_AND_OVERALL,Kidanto 2007,2007,,,,,32,71,,,17,71,,,100,1.8823529411764706,1.1558909204614942,3.065386648889889,
1,18,Admission to the neonatal intensive care unit,Nitric oxide donors versus Vaginal misoprostol (≤ 50 µg),10,SUBGROUP_AND_OVERALL,Soliman 2013,2013,,,,,2,65,,,4,65,,,100,0.5,0.09486095107621996,2.6354363641065244,
1,18,Admission to the neonatal intensive care unit,Balloon catheters versus Vaginal misoprostol (≤ 50 µg),11,SUBGROUP_AND_OVERALL,Aduloju 2016,2016,,,,,3,70,,,5,70,,,11.828825265150199,0.6,0.1490738659385484,2.41491020396828,
1,18,Admission to the neonatal intensive care unit,Balloon catheters versus Vaginal misoprostol (≤ 50 µg),11,SUBGROUP_AND_OVERALL,Levine 2016,2016,,,,,17,123,,,15,120,,,54.7639790227517,1.1056910569105691,0.5788603798915167,2.11199929344124,
1,18,Admission to the neonatal intensive care unit,Balloon catheters versus Vaginal misoprostol (≤ 50 µg),11,SUBGROUP_AND_OVERALL,Oliveira 2010,2010,,,,,3,80,,,5,80,,,11.745718764458278,0.6,0.14834258422363045,2.426814942479971,
1,18,Admission to the neonatal intensive care unit,Balloon catheters versus Vaginal misoprostol (≤ 50 µg),11,SUBGROUP_AND_OVERALL,Prager 2008,2008,,,,,7,198,,,7,199,,,21.66147694763982,1.005050505050505,0.35916665201373393,2.812417333398897,
1,18,Admission to the neonatal intensive care unit,Balloon catheters plus oxytocin versus Vaginal misoprostol (≤ 50 µg),12,SUBGROUP_AND_OVERALL,Levine 2016,2016,,,,,11,125,,,15,120,,,100,0.704,0.33703275565798746,1.47052769109166,
1,18,Admission to the neonatal intensive care unit,Balloon catheters plus misoprostol (≤ 50 µg) versus Vaginal misoprostol (≤ 50 µg),13,SUBGROUP_AND_OVERALL,Aduloju 2016,2016,,,,,6,70,,,5,70,,,28.503418180434952,1.2,0.3839210794001208,3.7507708674137126,
1,18,Admission to the neonatal intensive care unit,Balloon catheters plus misoprostol (≤ 50 µg) versus Vaginal misoprostol (≤ 50 µg),13,SUBGROUP_AND_OVERALL,Al-Ibraheemi 2018,2018,,,,,1,100,,,3,100,,,7.337718240793627,0.3333333333333333,0.03526917813157096,3.15037426436798,
1,18,Admission to the neonatal intensive care unit,Balloon catheters plus misoprostol (≤ 50 µg) versus Vaginal misoprostol (≤ 50 µg),13,SUBGROUP_AND_OVERALL,Levine 2016,2016,,,,,10,123,,,15,120,,,64.15886357877143,0.6504065040650406,0.3042934878061724,1.3901993880314873,
1,18,Admission to the neonatal intensive care unit,Sublingual or buccal misoprostol (≤ 50 µg) versus Oral misoprostol (≤ 50 µg),14,SUBGROUP_AND_OVERALL,Shetty 2002,2002,,,,,5,50,,,6,50,,,100.00000000000003,0.8333333333333334,0.2718419952535674,2.554588535140364,
1,18,Admission to the neonatal intensive care unit,Controlled-release misoprostol vaginal pessary versus Oral misoprostol (≤ 50 µg),15,SUBGROUP_AND_OVERALL,Wallstrom 2019,2019,,,,,4,97,,,4,99,,,100,1.0206185567010309,0.2626550933814108,3.965893921462473,
1,18,Admission to the neonatal intensive care unit,Vaginal dinoprostone (tablet or gel) versus Oral misoprostol (≤ 50 µg),16,SUBGROUP_AND_OVERALL,Dallenbach 2003,2003,,,,,10,100,,,7,100,,,63.90002290114752,1.4285714285714286,0.5663291085366269,3.603587200036398,
1,18,Admission to the neonatal intensive care unit,Vaginal dinoprostone (tablet or gel) versus Oral misoprostol (≤ 50 µg),16,SUBGROUP_AND_OVERALL,Dodd 2006,2006,,,,,2,376,,,5,365,,,36.09997709885248,0.38829787234042556,0.07581420639993584,1.9887465004742042,
1,18,Admission to the neonatal intensive care unit,Oxytocin (alone) versus Oral misoprostol (≤ 50 µg),17,SUBGROUP_AND_OVERALL,Aalami-Harandi 2013,2013,,,,,5,128,,,1,128,,,19.539778190480924,4.999999999999999,0.5924011943014696,42.201130315881215,
1,18,Admission to the neonatal intensive care unit,Oxytocin (alone) versus Oral misoprostol (≤ 50 µg),17,SUBGROUP_AND_OVERALL,Boddu 2017,2017,,,,,2,67,,,5,67,,,28.77581953451081,0.4,0.08039775085669691,1.9901054232871296,
1,18,Admission to the neonatal intensive care unit,Oxytocin (alone) versus Oral misoprostol (≤ 50 µg),17,SUBGROUP_AND_OVERALL,Butt 1999,1999,,,,,8,53,,,10,55,,,51.68440227500828,0.8301886792452831,0.3549387716452118,1.9417806624854959,
1,18,Admission to the neonatal intensive care unit,Balloon catheters versus Oral misoprostol (≤ 50 µg),18,SUBGROUP_AND_OVERALL,Mundle 2017,2017,,,,,10,241,,,16,234,,,31.968605659345894,0.6068464730290456,0.2811639262051739,1.3097791270671748,
1,18,Admission to the neonatal intensive care unit,Balloon catheters versus Oral misoprostol (≤ 50 µg),18,SUBGROUP_AND_OVERALL,Somirathne 2017,2017,,,,,2,89,,,3,91,,,6.072715840911586,0.6816479400749064,0.11666881354937386,3.9825888347765486,
1,18,Admission to the neonatal intensive care unit,Balloon catheters versus Oral misoprostol (≤ 50 µg),18,SUBGROUP_AND_OVERALL,Ten Eikelder 2016,2016,,,,,24,921,,,25,924,,,61.95867849974251,0.9631270358306189,0.5542210501765293,1.6737251081538904,
1,18,Admission to the neonatal intensive care unit,Osmotic dilators versus Oral misoprostol (≤ 50 µg),19,SUBGROUP_AND_OVERALL,Gavara 2022,2022,,,,,9,151,,,8,152,,,99.99999999999999,1.1324503311258278,0.44888878487269435,2.8569298135410093,
1,18,Admission to the neonatal intensive care unit,Balloon catheters plus misoprostol (≤ 50 µg) versus Oral misoprostol (≤ 50 µg),20,SUBGROUP_AND_OVERALL,Anjali 2022,2022,,,,,13,100,,,18,100,,,100,0.7222222222222222,0.3742797103270159,1.3936233353816267,
1,18,Admission to the neonatal intensive care unit,Vaginal dinoprostone (tablet or gel) versus Controlled-release misoprostol vaginal pessary,21,SUBGROUP_AND_OVERALL,Kim 2005,2005,,,,,4,98,,,8,99,,,100,0.5051020408163265,0.1571937408153602,1.623016732813118,
1,18,Admission to the neonatal intensive care unit,Controlled-release dinoprostone vaginal pessary versus Vaginal dinoprostone (tablet or gel),22,SUBGROUP_AND_OVERALL,Anzeljc 2022,2022,,,,,1,102,,,0,105,,,100.00000000000003,3.087378640776699,0.1272276983505265,74.92006060867902,
1,18,Admission to the neonatal intensive care unit,Oxytocin (alone) versus Vaginal dinoprostone (tablet or gel),23,SUBGROUP_AND_OVERALL,Hannah 1996,1996,,,,,83,1256,,,116,1258,,,100,0.7166566000439271,0.5466899911712653,0.9394660423289573,
1,18,Admission to the neonatal intensive care unit,Nitric oxide donors versus Vaginal dinoprostone (tablet or gel),24,SUBGROUP_AND_OVERALL,Osman 2006,2006,,,,,13,197,,,14,198,,,100,0.9332849891225525,0.4503490672723627,1.9341016429699984,
1,18,Admission to the neonatal intensive care unit,Balloon catheters versus Vaginal dinoprostone (tablet or gel),25,SUBGROUP_AND_OVERALL,Grace 2021,2021,,,,,4,196,,,4,198,,,11.854691566131097,1.010204081632653,0.2562481826119123,3.982515216870189,
1,18,Admission to the neonatal intensive care unit,Balloon catheters versus Vaginal dinoprostone (tablet or gel),25,SUBGROUP_AND_OVERALL,Henry 2013,2013,,,,,8,50,,,9,51,,,29.551622947949408,0.9066666666666666,0.3802954797716691,2.1615940450777984,
1,18,Admission to the neonatal intensive care unit,Balloon catheters versus Vaginal dinoprostone (tablet or gel),25,SUBGROUP_AND_OVERALL,Jozwiak 2011,2011,,,,,3,411,,,4,408,,,10.038893392172996,0.7445255474452555,0.16768376567114054,3.3057361789320745,
1,18,Admission to the neonatal intensive care unit,Balloon catheters versus Vaginal dinoprostone (tablet or gel),25,SUBGROUP_AND_OVERALL,Khamaiseh 2012,2012,,,,,6,210,,,9,204,,,21.658669014489607,0.6476190476190476,0.23473068222946716,1.7867729384818838,
1,18,Admission to the neonatal intensive care unit,Balloon catheters versus Vaginal dinoprostone (tablet or gel),25,SUBGROUP_AND_OVERALL,Prager 2008,2008,,,,,7,198,,,12,191,,,26.896123079256885,0.5627104377104377,0.2263444376379961,1.3989433096416324,
1,18,Admission to the neonatal intensive care unit,Balloon catheters versus Controlled-release dinoprostone vaginal pessary,26,SUBGROUP_AND_OVERALL,Bhide 2020,2020,,,,,1,19,,,0,21,,,2.953106929788853,3.3,0.142433550255431,76.45670546349923,
1,18,Admission to the neonatal intensive care unit,Balloon catheters versus Controlled-release dinoprostone vaginal pessary,26,SUBGROUP_AND_OVERALL,Diguisto 2021,2021,,,,,41,605,,,31,609,,,77.87592237169922,1.331324980005332,0.8465849910457285,2.0936187401537096,
1,18,Admission to the neonatal intensive care unit,Balloon catheters versus Controlled-release dinoprostone vaginal pessary,26,SUBGROUP_AND_OVERALL,Jozwiak 2013,2013,,,,,4,107,,,8,119,,,19.170970698511926,0.5560747663551402,0.17233205652076966,1.7943216834974423,
1,18,Admission to the neonatal intensive care unit,Osmotic dilators versus Controlled-release dinoprostone vaginal pessary,27,SUBGROUP_AND_OVERALL,Gupta 2022,2022,,,,,45,337,,,45,335,,,100,0.9940652818991098,0.6767284471720312,1.4602102051518382,
1,18,Admission to the neonatal intensive care unit,Balloon catheters plus oxytocin versus Controlled-release dinoprostone vaginal pessary,28,SUBGROUP_AND_OVERALL,Devillard 2022,2022,,,,,1,40,,,2,40,,,99.99999999999999,0.5,0.0472049579947035,5.296053860021452,
1,18,Admission to the neonatal intensive care unit,Osmotic dilators versus Balloon catheters,29,SUBGROUP_AND_OVERALL,Saad 2019,2019,,,,,11,196,,,15,214,,,100,0.8006802721088435,0.3768910140191411,1.7009927918093926,
1,18,Admission to the neonatal intensive care unit,Balloon catheters plus oxytocin versus Balloon catheters,30,SUBGROUP_AND_OVERALL,Kuper 2018,2018,,,,,5,64,,,5,65,,,26.58265421917395,1.015625,0.3087980797413522,3.3403515380956215,
1,18,Admission to the neonatal intensive care unit,Balloon catheters plus oxytocin versus Balloon catheters,30,SUBGROUP_AND_OVERALL,Levine 2016,2016,,,,,11,125,,,17,123,,,73.41734578082605,0.6367058823529411,0.3110358070523198,1.3033688451009926,
1,18,Admission to the neonatal intensive care unit,Balloon catheters plus misoprostol (≤ 50 µg) versus Balloon catheters,31,SUBGROUP_AND_OVERALL,Aduloju 2016,2016,,,,,6,70,,,3,70,,,39.02045179521433,2,0.520702221137131,7.681933814809998,
1,18,Admission to the neonatal intensive care unit,Balloon catheters plus misoprostol (≤ 50 µg) versus Balloon catheters,31,SUBGROUP_AND_OVERALL,Levine 2016,2016,,,,,10,123,,,17,123,,,60.97954820478569,0.5882352941176471,0.280645516145361,1.2329459811018413,
1,18,Admission to the neonatal intensive care unit,Balloon catheters plus misoprostol (≤ 50 µg) versus Balloon catheters plus oxytocin,32,SUBGROUP_AND_OVERALL,Levine 2016,2016,,,,,10,123,,,11,125,,,100.00000000000003,0.9238728750923872,0.40714955632115246,2.096382216509688,
1,19,A 5‐minute Apgar score of less than 7,"Vaginal misoprostol (≤ 50 µg) versus Placebo, no treatment, or expectant management",1,SUBGROUP_AND_OVERALL,McKenna 2004,2004,,,,,0,34,,,2,36,,,52.97791933761658,0.2114285714285714,0.01051602602164114,4.2508492014315395,
1,19,A 5‐minute Apgar score of less than 7,"Vaginal misoprostol (≤ 50 µg) versus Placebo, no treatment, or expectant management",1,SUBGROUP_AND_OVERALL,Zhang 2015,2015,,,,,1,174,,,0,50,,,47.02208066238343,0.8742857142857143,0.03616283205100035,21.13704781544998,
1,19,A 5‐minute Apgar score of less than 7,"Vaginal dinoprostone (tablet or gel) versus Placebo, no treatment, or expectant management",2,SUBGROUP_AND_OVERALL,Hannah 1996,1996,,,,,25,1258,,,31,2518,,,93.75304587149604,1.6141853428380943,0.9572785155641236,2.721876944556581,
1,19,A 5‐minute Apgar score of less than 7,"Vaginal dinoprostone (tablet or gel) versus Placebo, no treatment, or expectant management",2,SUBGROUP_AND_OVERALL,O'Brien 1995,1995,,,,,0,51,,,2,51,,,2.8213197169007715,0.2,0.009839277811287258,4.065339018491121,
1,19,A 5‐minute Apgar score of less than 7,"Vaginal dinoprostone (tablet or gel) versus Placebo, no treatment, or expectant management",2,SUBGROUP_AND_OVERALL,Sawai 1991,1991,,,,,1,32,,,1,42,,,3.425634411603183,1.3125,0.08531081343337334,20.192706887566757,
1,19,A 5‐minute Apgar score of less than 7,"Oxytocin (alone) versus Placebo, no treatment, or expectant management",3,SUBGROUP_AND_OVERALL,Hannah 1996,1996,,,,,13,1256,,,31,2518,,,100.00000000000003,0.8407129648654201,0.4414994269068693,1.6009042055719327,
1,19,A 5‐minute Apgar score of less than 7,"Nitric oxide donors versus Placebo, no treatment, or expectant management",4,SUBGROUP_AND_OVERALL,Bullarbo 2007,2007,,,,,2,100,,,1,100,,,12.0305604773181,2,0.18428866547235165,21.705078767310898,
1,19,A 5‐minute Apgar score of less than 7,"Nitric oxide donors versus Placebo, no treatment, or expectant management",4,SUBGROUP_AND_OVERALL,Habib 2008,2008,,,,,0,52,,,1,52,,,6.772802611297838,0.3333333333333333,0.013891285522207827,7.998619777376188,
1,19,A 5‐minute Apgar score of less than 7,"Nitric oxide donors versus Placebo, no treatment, or expectant management",4,SUBGROUP_AND_OVERALL,Schmitz 2014,2014,,,,,9,678,,,9,684,,,81.19663691138406,1.008849557522124,0.40292714112243194,2.5259589782841836,
1,19,A 5‐minute Apgar score of less than 7,Oral misoprostol (≤ 50 µg) versus Vaginal misoprostol (≤ 50 µg),5,SUBGROUP_AND_OVERALL,Ayaz 2009,2009,,,,,1,45,,,0,45,,,4.031824873314903,2.9999999999999996,0.12545647975131194,71.73802435585941,
1,19,A 5‐minute Apgar score of less than 7,Oral misoprostol (≤ 50 µg) versus Vaginal misoprostol (≤ 50 µg),5,SUBGROUP_AND_OVERALL,Bennett 1998,1998,,,,,1,105,,,0,103,,,3.9946242165897123,2.943396226415094,0.12128751165134667,71.43011863067126,
1,19,A 5‐minute Apgar score of less than 7,Oral misoprostol (≤ 50 µg) versus Vaginal misoprostol (≤ 50 µg),5,SUBGROUP_AND_OVERALL,Kwon 2001,2001,,,,,0,79,,,2,83,,,4.452036311692597,0.21,0.010239181521064478,4.306984880507843,
1,19,A 5‐minute Apgar score of less than 7,Oral misoprostol (≤ 50 µg) versus Vaginal misoprostol (≤ 50 µg),5,SUBGROUP_AND_OVERALL,Rahman 2013,2013,,,,,8,110,,,15,110,,,60.963457928763795,0.5333333333333333,0.23575472826695407,1.2065269975088568,
1,19,A 5‐minute Apgar score of less than 7,Oral misoprostol (≤ 50 µg) versus Vaginal misoprostol (≤ 50 µg),5,SUBGROUP_AND_OVERALL,Souza 2013,2013,,,,,1,100,,,3,100,,,8.052971773008137,0.3333333333333333,0.03526917813157096,3.15037426436798,
1,19,A 5‐minute Apgar score of less than 7,Oral misoprostol (≤ 50 µg) versus Vaginal misoprostol (≤ 50 µg),5,SUBGROUP_AND_OVERALL,Young 2020,2020,,,,,4,167,,,3,172,,,18.505084896630862,1.3732534930139721,0.31206492638836286,6.043053853889937,
1,19,A 5‐minute Apgar score of less than 7,Sublingual or buccal misoprostol (≤ 50 µg) versus Vaginal misoprostol (≤ 50 µg),6,SUBGROUP_AND_OVERALL,Bartusevicius 2006,2006,,,,,2,70,,,2,70,,,12.104121726341978,1,0.1448927314312327,6.901657454601912,
1,19,A 5‐minute Apgar score of less than 7,Sublingual or buccal misoprostol (≤ 50 µg) versus Vaginal misoprostol (≤ 50 µg),6,SUBGROUP_AND_OVERALL,Feitosa 2006,2006,,,,,0,76,,,2,76,,,4.952890071829213,0.2,0.009761337711731584,4.0977990088311715,
1,19,A 5‐minute Apgar score of less than 7,Sublingual or buccal misoprostol (≤ 50 µg) versus Vaginal misoprostol (≤ 50 µg),6,SUBGROUP_AND_OVERALL,Haas 2019,2019,,,,,8,148,,,12,152,,,60.29965453819038,0.6846846846846847,0.28814591996887956,1.6269295692002055,
1,19,A 5‐minute Apgar score of less than 7,Sublingual or buccal misoprostol (≤ 50 µg) versus Vaginal misoprostol (≤ 50 µg),6,SUBGROUP_AND_OVERALL,Jahromi 2016,2016,,,,,1,100,,,2,100,,,7.944790322309407,0.5,0.046072166368087905,5.426269691827724,
1,19,A 5‐minute Apgar score of less than 7,Sublingual or buccal misoprostol (≤ 50 µg) versus Vaginal misoprostol (≤ 50 µg),6,SUBGROUP_AND_OVERALL,de Moraes 2005,2005,,,,,2,58,,,3,62,,,14.69854334132901,0.7126436781609196,0.12346739209377872,4.113320961999282,
1,19,A 5‐minute Apgar score of less than 7,Vaginal dinoprostone (tablet or gel) versus Vaginal misoprostol (≤ 50 µg),7,SUBGROUP_AND_OVERALL,Calder 2008,2008,,,,,3,302,,,1,315,,,18.52974446746123,3.1291390728476816,0.32729205684823304,29.916739903536435,
1,19,A 5‐minute Apgar score of less than 7,Vaginal dinoprostone (tablet or gel) versus Vaginal misoprostol (≤ 50 µg),7,SUBGROUP_AND_OVERALL,Chaudhuri 2011,2011,,,,,1,102,,,1,105,,,12.413030155061765,1.0294117647058822,0.06525879785673692,16.23824857517634,
1,19,A 5‐minute Apgar score of less than 7,Vaginal dinoprostone (tablet or gel) versus Vaginal misoprostol (≤ 50 µg),7,SUBGROUP_AND_OVERALL,Pandis 2001,2001,,,,,3,225,,,2,210,,,29.83295666175623,1.4,0.23626262113348742,8.295853108700625,
1,19,A 5‐minute Apgar score of less than 7,Vaginal dinoprostone (tablet or gel) versus Vaginal misoprostol (≤ 50 µg),7,SUBGROUP_AND_OVERALL,Papanikolaou 2004,2004,,,,,0,84,,,1,81,,,9.303394625527352,0.3215686274509804,0.013290031828962228,7.780747517501028,
1,19,A 5‐minute Apgar score of less than 7,Vaginal dinoprostone (tablet or gel) versus Vaginal misoprostol (≤ 50 µg),7,SUBGROUP_AND_OVERALL,Young 2020,2020,,,,,2,172,,,3,172,,,29.920874090193394,0.6666666666666666,0.11280070938825103,3.9400855442735043,
1,19,A 5‐minute Apgar score of less than 7,Controlled-release dinoprostone vaginal pessary versus Vaginal misoprostol (≤ 50 µg),8,SUBGROUP_AND_OVERALL,Bebbington,,,,,,1,102,,,2,98,,,21.447606945335078,0.4803921568627451,0.044265700121846496,5.213441191260972,
1,19,A 5‐minute Apgar score of less than 7,Controlled-release dinoprostone vaginal pessary versus Vaginal misoprostol (≤ 50 µg),8,SUBGROUP_AND_OVERALL,De Bonrostro Torralba 2019,2019,,,,,1,100,,,0,100,,,11.992410035863974,2.9999999999999996,0.1236760158934623,72.77077883680238,
1,19,A 5‐minute Apgar score of less than 7,Controlled-release dinoprostone vaginal pessary versus Vaginal misoprostol (≤ 50 µg),8,SUBGROUP_AND_OVERALL,Khoury 2001,2001,,,,,0,40,,,1,80,,,12.069628337169341,0.6585365853658537,0.02742717985116523,15.811703449594503,
1,19,A 5‐minute Apgar score of less than 7,Controlled-release dinoprostone vaginal pessary versus Vaginal misoprostol (≤ 50 µg),8,SUBGROUP_AND_OVERALL,Ozkan 2009,2009,,,,,2,56,,,2,56,,,32.91792687512058,1,0.14592734393773824,6.852725287912201,
1,19,A 5‐minute Apgar score of less than 7,Controlled-release dinoprostone vaginal pessary versus Vaginal misoprostol (≤ 50 µg),8,SUBGROUP_AND_OVERALL,Rozenberg 2004,2004,,,,,1,70,,,2,70,,,21.57242780651105,0.5,0.04639184353701379,5.388878322986608,
1,19,A 5‐minute Apgar score of less than 7,Oxytocin (alone) versus Vaginal misoprostol (≤ 50 µg),9,SUBGROUP_AND_OVERALL,Kidanto 2007,2007,,,,,4,71,,,2,71,,,100,2,0.3783064460576404,10.573438654520157,
1,19,A 5‐minute Apgar score of less than 7,Nitric oxide donors versus Vaginal misoprostol (≤ 50 µg),10,SUBGROUP_AND_OVERALL,Soliman 2013,2013,,,,,3,65,,,6,65,,,100,0.5,0.13058502085061963,1.9144615390917081,
1,19,A 5‐minute Apgar score of less than 7,Balloon catheters versus Vaginal misoprostol (≤ 50 µg),11,SUBGROUP_AND_OVERALL,Aduloju 2016,2016,,,,,5,70,,,5,70,,,54.60108114656047,1,0.302855684767225,3.301902689291107,
1,19,A 5‐minute Apgar score of less than 7,Balloon catheters versus Vaginal misoprostol (≤ 50 µg),11,SUBGROUP_AND_OVERALL,Nwali 2021,2021,,,,,1,65,,,2,70,,,13.79309822685907,0.5384615384615384,0.05000482893653405,5.7982565797866945,
1,19,A 5‐minute Apgar score of less than 7,Balloon catheters versus Vaginal misoprostol (≤ 50 µg),11,SUBGROUP_AND_OVERALL,Oliveira 2010,2010,,,,,3,80,,,3,80,,,31.605820626580456,1,0.20804279207206622,4.806703419235015,
1,19,A 5‐minute Apgar score of less than 7,Balloon catheters plus oxytocin versus Vaginal misoprostol (≤ 50 µg),12,SUBGROUP_AND_OVERALL,Moraes Filho 2010,2010,,,,,1,122,,,0,120,,,99.99999999999999,2.9512195121951224,0.12141564440119842,71.73454995948815,
1,19,A 5‐minute Apgar score of less than 7,Balloon catheters plus misoprostol (≤ 50 µg) versus Vaginal misoprostol (≤ 50 µg),13,SUBGROUP_AND_OVERALL,Aduloju 2016,2016,,,,,6,70,,,5,70,,,100.00000000000003,1.2,0.3839210794001208,3.7507708674137126,
1,19,A 5‐minute Apgar score of less than 7,Controlled-release misoprostol vaginal pessary versus Oral misoprostol (≤ 50 µg),14,SUBGROUP_AND_OVERALL,Wallstrom 2019,2019,,,,,2,97,,,1,99,,,100,2.0412371134020617,0.1881506103068661,22.14528534525795,
1,19,A 5‐minute Apgar score of less than 7,Vaginal dinoprostone (tablet or gel) versus Oral misoprostol (≤ 50 µg),15,SUBGROUP_AND_OVERALL,Dallenbach 2003,2003,,,,,2,100,,,1,100,,,19.471911365520572,2,0.18428866547235165,21.705078767310898,
1,19,A 5‐minute Apgar score of less than 7,Vaginal dinoprostone (tablet or gel) versus Oral misoprostol (≤ 50 µg),15,SUBGROUP_AND_OVERALL,Dodd 2006,2006,,,,,5,376,,,2,365,,,41.48920212940703,2.4268617021276597,0.473838789999599,12.429665627963777,
1,19,A 5‐minute Apgar score of less than 7,Vaginal dinoprostone (tablet or gel) versus Oral misoprostol (≤ 50 µg),15,SUBGROUP_AND_OVERALL,Young 2020,2020,,,,,2,172,,,4,167,,,39.0388865050724,0.48546511627906974,0.09011951537234986,2.615153645135558,
1,19,A 5‐minute Apgar score of less than 7,Oxytocin (alone) versus Oral misoprostol (≤ 50 µg),16,SUBGROUP_AND_OVERALL,Boddu 2017,2017,,,,,1,68,,,0,68,,,48.08575063159916,2.9999999999999996,0.12436265291943006,72.36899333299658,
1,19,A 5‐minute Apgar score of less than 7,Oxytocin (alone) versus Oral misoprostol (≤ 50 µg),16,SUBGROUP_AND_OVERALL,Butt 1999,1999,,,,,0,54,,,2,56,,,51.91424936840083,0.20727272727272728,0.010179299809454678,4.220524424594575,
1,19,A 5‐minute Apgar score of less than 7,Balloon catheters versus Oral misoprostol (≤ 50 µg),17,SUBGROUP_AND_OVERALL,Mundle 2017,2017,,,,,0,242,,,3,235,,,18.64075032378978,0.1387419165196943,0.0072055207624162395,2.671468174786427,
1,19,A 5‐minute Apgar score of less than 7,Balloon catheters versus Oral misoprostol (≤ 50 µg),17,SUBGROUP_AND_OVERALL,Ten Eikelder 2016,2016,,,,,15,921,,,17,924,,,81.35924967621023,0.8852270549913777,0.4447705790465135,1.7618677489159122,
1,19,A 5‐minute Apgar score of less than 7,Osmotic dilators versus Oral misoprostol (≤ 50 µg),18,SUBGROUP_AND_OVERALL,Gavara 2022,2022,,,,,0,152,,,1,153,,,100,0.3355119825708061,0.013775320465440267,8.171736601773148,
1,19,A 5‐minute Apgar score of less than 7,Balloon catheters plus misoprostol (≤ 50 µg) versus Oral misoprostol (≤ 50 µg),19,SUBGROUP_AND_OVERALL,Anjali 2022,2022,,,,,10,100,,,30,100,,,99.99999999999999,0.3333333333333333,0.1723144132826166,0.6448161183642562,
1,19,A 5‐minute Apgar score of less than 7,Vaginal dinoprostone (tablet or gel) versus Controlled-release misoprostol vaginal pessary,20,SUBGROUP_AND_OVERALL,Kim 2005,2005,,,,,7,98,,,14,99,,,100,0.5051020408163265,0.21305045131465192,1.1975007331011098,
1,19,A 5‐minute Apgar score of less than 7,Oxytocin (alone) versus Vaginal dinoprostone (tablet or gel),21,SUBGROUP_AND_OVERALL,Hannah 1996,1996,,,,,13,1256,,,25,1258,,,100,0.520828025477707,0.26768344099121505,1.0133679958631039,
1,19,A 5‐minute Apgar score of less than 7,Nitric oxide donors versus Vaginal dinoprostone (tablet or gel),22,SUBGROUP_AND_OVERALL,Osman 2006,2006,,,,,3,196,,,5,198,,,100,0.6061224489795919,0.14685061242052053,2.5017561527423404,
1,19,A 5‐minute Apgar score of less than 7,Balloon catheters versus Vaginal dinoprostone (tablet or gel),23,SUBGROUP_AND_OVERALL,Grace 2021,2021,,,,,0,197,,,1,199,,,10.753938203908033,0.3367003367003367,0.013799366483099151,8.215385602880179,
1,19,A 5‐minute Apgar score of less than 7,Balloon catheters versus Vaginal dinoprostone (tablet or gel),23,SUBGROUP_AND_OVERALL,Jozwiak 2011,2011,,,,,5,411,,,8,408,,,89.24606179609196,0.6204379562043796,0.20469104285500833,1.8806062645923391,
1,19,A 5‐minute Apgar score of less than 7,Balloon catheters versus Controlled-release dinoprostone vaginal pessary,24,SUBGROUP_AND_OVERALL,Grace 2021,2021,,,,,6,605,,,11,609,,,61.07142143692501,0.549060856498873,0.20435785238475287,1.4751956953026217,
1,19,A 5‐minute Apgar score of less than 7,Balloon catheters versus Controlled-release dinoprostone vaginal pessary,24,SUBGROUP_AND_OVERALL,Jozwiak 2013,2013,,,,,4,107,,,6,119,,,38.92857856307499,0.7414330218068536,0.21500756307727362,2.5567608783513913,
1,19,A 5‐minute Apgar score of less than 7,Balloon catheters plus oxytocin versus Controlled-release dinoprostone vaginal pessary,25,SUBGROUP_AND_OVERALL,Devillard 2022,2022,,,,,2,40,,,1,40,,,99.99999999999999,2,0.18881983197881402,21.18421544008581,
1,19,A 5‐minute Apgar score of less than 7,Osmotic dilators versus Balloon catheters,26,SUBGROUP_AND_OVERALL,Saad 2019,2019,,,,,1,196,,,1,214,,,100,1.0918367346938775,0.06875784538604485,17.337766309194734,
1,19,A 5‐minute Apgar score of less than 7,Balloon catheters plus oxytocin versus Balloon catheters,27,SUBGROUP_AND_OVERALL,Kuper 2018,2018,,,,,1,65,,,0,66,,,100,3.045454545454545,0.12633011041319694,73.41712405770896,
1,19,A 5‐minute Apgar score of less than 7,Balloon catheters plus misoprostol (≤ 50 µg) versus Balloon catheters,28,SUBGROUP_AND_OVERALL,Aduloju 2016,2016,,,,,6,70,,,5,70,,,100.00000000000003,1.2,0.3839210794001208,3.7507708674137126,
2,1,Caesarean section due to any causes,Controlled-release dinoprostone vaginal pessary versus Balloon catheters,1,SUBGROUP_AND_OVERALL,Sulaiman 2023,2023,,,,,20,39,,,23,39,,,100,0.8695652173913043,0.5813675083470923,1.3006293892250818,
2,1,Caesarean section due to any causes,Oxytocin (alone) versus Balloon catheters,2,SUBGROUP_AND_OVERALL,Sarreau 2020,2020,,,,,65,103,,,50,101,,,100,1.274757281553398,0.9965938181409462,1.630560111144085,
2,2,Caesarean section due to non-reassuring fetal status,Controlled-release dinoprostone vaginal pessary versus Balloon catheters,1,SUBGROUP_AND_OVERALL,Sulaiman 2023,2023,,,,,8,39,,,3,39,,,100,2.6666666666666665,0.7636551588553098,9.311940119373249,
2,2,Caesarean section due to non-reassuring fetal status,Oxytocin (alone) versus Balloon catheters,2,SUBGROUP_AND_OVERALL,Sarreau 2020,2020,,,,,14,103,,,18,101,,,100,0.7626752966558792,0.4012524310099108,1.4496450692276708,
2,3,Time from induction of labour to delivery,Controlled-release dinoprostone vaginal pessary versus Balloon catheters,1,SUBGROUP_AND_OVERALL,Sulaiman 2023,2023,,,25.5,14.6,,39,31.4,8.1,,39,,,100,-5.899999999999999,-11.140090710324905,-0.6599092896750927,
2,3,Time from induction of labour to delivery,Oxytocin (alone) versus Balloon catheters,2,SUBGROUP_AND_OVERALL,Sarreau 2020,2020,,,8.5,3,,103,20.2,5.4,,101,,,100,-11.7,-12.901973400872823,-10.498026599127176,
2,4,Time from induction of labour to vaginal delivery,Controlled-release dinoprostone vaginal pessary versus Balloon catheters,1,SUBGROUP_AND_OVERALL,Sulaiman 2023,2023,,,19.1,10.81,,19,29.27,11.62,,16,,,100,-10.169999999999998,-17.65627892093533,-2.6837210790646697,
2,5,Blood loss 500 mL or more,Controlled-release dinoprostone vaginal pessary versus Balloon catheters,1,SUBGROUP_AND_OVERALL,Sulaiman 2023,2023,,,,,13,39,,,17,39,,,100.00000000000003,0.7647058823529411,0.4326249329577007,1.3516906723505133,
2,6,Blood loss 1000 mL or more,Controlled-release dinoprostone vaginal pessary versus Balloon catheters,1,SUBGROUP_AND_OVERALL,Sulaiman 2023,2023,,,,,2,39,,,2,39,,,100,1,0.14822155567045678,6.746657026210918,
2,6,Blood loss 1000 mL or more,Oxytocin (alone) versus Balloon catheters,2,SUBGROUP_AND_OVERALL,Sarreau 2020,2020,,,,,2,103,,,5,101,,,99.99999999999999,0.39223300970873787,0.07787964605633411,1.9754421302054976,
2,7,Uterine scar dehiscence or rupture,Balloon catheters versus Oxytocin (alone),1,SUBGROUP_AND_OVERALL,Sarreau 2020,2020,,,,,1,103,,,2,101,,,100,0.49029126213592233,0.04516336145017035,5.322578169741814,
2,8,Oxytocin augmentation,Controlled-release dinoprostone vaginal pessary versus Balloon catheters,1,SUBGROUP_AND_OVERALL,Sulaiman 2023,2023,,,,,14,39,,,26,39,,,100,0.5384615384615384,0.33503211871244676,0.8654120372596839,
2,9,Admission to the neonatal intensive care unit,Controlled-release dinoprostone vaginal pessary versus Balloon catheters,1,SUBGROUP_AND_OVERALL,Sulaiman 2023,2023,,,,,4,39,,,1,39,,,100,4,0.4678575613318402,34.198442693654755,
2,9,Admission to the neonatal intensive care unit,Oxytocin (alone) versus Balloon catheters,2,SUBGROUP_AND_OVERALL,Sarreau 2020,2020,,,,,5,103,,,11,101,,,100,0.4457193292144748,0.1605835969393675,1.23714827804245,
2,10,A 5‐minute Apgar score of less than 7,Oxytocin (alone) versus Balloon catheters,1,SUBGROUP_AND_OVERALL,Sarreau 2020,2020,,,,,2,103,,,0,101,,,100,4.903846153846154,0.23834544893313153,100.89434142012243,
