Analysis group,Analysis number,Analysis name,Subgroup,Subgroup number,Applicability,Study,Study year,GIV Mean,GIV SE,Experimental mean,Experimental SD,Experimental cases,Experimental N,Control mean,Control SD,Control cases,Control N,O-E,Variance,Weight,Mean,CI start,CI end,Footnotes,Bias arising from the randomization process (judgement),Bias arising from the randomization process (support),Bias due to deviations from intended interventions (judgement),Bias due to deviations from intended interventions (support),Bias due to missing outcome data (judgement),Bias due to missing outcome data (support),Bias in measurement of the outcome (judgement),Bias in measurement of the outcome (support),Bias in selection of the reported result (judgement),Bias in selection of the reported result (support),Overall bias (judgement),Overall bias (support)
1,1,N° of participants with at least one serious adverse event at the end of follow-up,,,SUBGROUP_AND_OVERALL,Giovannoni 2010,2010,,,,,77,884,,,28,435,,,51.652021,1.353224,0.891783,2.053431,,Some concerns,"<p>""Randomisation was performed with the use of a central system and a computer-generated treatment randomisation code, with dynamic allocation by site in permuted blocks of six"".<br />""The demographic and clinical characteristics of the ITT population were generally well-balanced across the three study groups, although patients receiving 3.5 mg of cladribine/Kg had a shorter significative mean duration of disease"".</p>",Low risk,"<p>""To maintain the double-blind nature of the study, all patients within a weight range received the same number of tablets (cladribine or matched placebo)"".<br>
 Safety analysis excluded 2/3/2 patients in the three groups and were equally distributed</p>",Low risk,<p>Safety analysis excluded 2/3/2 patients in the three groups and were equally distributed.</p>,Low risk,"<p>""Listed are preferred terms from the Medical Dictionary for Regulatory Activities (MedDRA) for symptoms that were reported by at least 10% of the patients in any group"".""Investigators rated the severity of the event according to the following definitions: mild (the event or symptom is easily tolerated); moderate (the event or symptom interferes with or reduces the usual level of activity); and severe (the event or symptom causes substantial impairment of functioning, reduces the usual level of activity, or endangers the patient’s life)"".<br />No concerns.<br />""At each study site, a treating physician reviewed clinical laboratory results (at this stage we could speculate that the clinical physician could guess the treatment) and assessed treatment-emergent adverse events and safety information, and an independent evaluating physician who was unaware of study-group assignments performed neurologic examinations and determined whether a clinical event fulfilled criteria"".</p>",Some concerns,<p>See Medra. Not applicable</p>,Some concerns,"<p>""Randomization was performed with the use of a central system and a computer-generated treatment randomization code, with dynamic allocation by site in permuted blocks of six"".<br />""The demographic and clinical characteristics of the IIT population of 1326 patients was generally well balanced across the 3 study groups, although patients receiving 3.5 mg of cladribine per kg had a shorter mean duration of disease (P=0.005 for the overall comparison)"".<br />""To maintain the double-blind nature of the study, all patients within a weight range received the same number of tablets (cladribine or matched placebo)"".<br />Safety analysis excluded 2/3/2 patients in the three groups and were equally distributed.<br />""Listed are preferred terms from the Medical Dictionary for Regulatory Activities (MedDRA) for symptoms that were reported by at least 10% of the patients in any group"". ""Investigators rated the severity of the event according to the following definitions: mild (the event or symptom is easily tolerated); moderate (the event or symptom interferes with or reduces the usual level of activity); and severe (the event or symptom causes substantial impairment of functioning, reduces the usual level of activity, or endangers the patient’s life)"".<br />""At each study site, a treating physician reviewed clinical laboratory results (at this stage we could speculate that the clinical physician could guess the treatment) and assessed treatment-emergent adverse events and safety information, and an independent evaluating physician who was unaware of study-group assignments performed neurologic examinations and determined whether a clinical event fulfilled criteria""</p>"
1,1,N° of participants with at least one serious adverse event at the end of follow-up,,,SUBGROUP_AND_OVERALL,Leist 2014,2014,,,,,33,410,,,21,206,,,33.107658,0.789547,0.468989,1.329211,,Low risk,"<p>""Randomisation was done using a central web-based randomisation system and was stratified by geographic region. Masking was maintained nusing a two-physician model (both doctors were masked)"".<br />""Baseline patient demographics and disease characteristics were well balanced across treatment groups"".</p>",High risk,"<p>Patients were unaware of their treatment assignment, but patients and people delivering intervention probably were aware of intervention after convertion in MS . Treatment discontinuation in all groups was most commonly for reasons ""other than adverse events"". ""The most common reasons to discontinuatinue treatment were patient’s decision, termination of the trial or programme, or a Health Authority or sponsor request to stop treatment"".</p>",Low risk,"<p>The study was stopped before the scheduled period of follow up, because the study ended prematurely and a low precentage of partecipants completed it. There were only 1% of patients lost to FU</p>",Low risk,"<p>In table 4 we have different and detailed definition of side effects: serious and severe TEAEs (safety population).<br />""Masking was maintained using a two-physician model (both doctors were masked)"". </p>",Low risk,"<p>""Safety endpoints were adverse events and serious adverse events, vital signs, laboratory variables, and concomitant medications and procedures"".</p>",High risk,"<p>""Randomisation was done using a central web-based randomisation system and was stratified by geographic region"". ""Masking was maintained using a two-physician model (both doctors were masked). Baseline patient demographics and disease characteristics were well balanced across treatment groups"".</p><p>Patients were unaware of their treatment assignment, but patients and people delivering intervention probably were aware of intervention after convertion in MS . Treatment discontinuation in all groups was most commonly for reasons ""other than adverse events"". ""The most common reasons to discontinuatinue treatment were patient’s decision, termination of the trial or programme, or a Health Authority or sponsor request to stop treatment"".</p><p>The study was stopped before the scheduled period of follow up, because the study ended prematurely and a low precentage of partecipants completed it<br />There were only 1% of patients lost to FU.</p><p>In table 4 we have different and detailed definition of side effects: serious and severe TEAEs (safety population). <br />Safety endpoints were in the pre-specified analysis plan procedures.</p>"
1,1,N° of participants with at least one serious adverse event at the end of follow-up,,,SUBGROUP_AND_OVERALL,Montalban 2018_amended,2018,,,,,12,124,,,5,48,,,9.190347,0.929032,0.345678,2.496839,,Some concerns,"<p>""A central interactive voice response system was used to allocate patients using a computer-generated treatment randomisation code and treatment groups were assigned with a block size of 6"".<br />There are differences in number of females, number of T1 Gd+ lesions and T2 lesions volume, and probably in the subgroups of MS.</p>",High risk,"<p>The study was double-blind and there was great non-adherence, which is well detailed in figure 1.</p>",Low risk,<p>Authors describe all the causes including SAEs.</p>,Low risk,<p>Authors considered MEdDRA classification.</p>,Low risk,<p>No concerns about this domain.</p>,High risk,"<p>""A central interactive voice response system was used to allocate patients using a computer-generated treatment randomisation code and treatment groups were assigned with a block size of 6"".<br />There are differences in number of females, number of T1 Gad+ lesions and T2 lesions volume, and probably in the subgroups of MS.<br />The study was double-blind and there was great non-adherence, which is well detailed in figure 1.<br />Authors describe all the outcomes, including SAEs.<br />Authors considered MEdDRA classification.<br /> </p>"
1,1,N° of participants with at least one serious adverse event at the end of follow-up,,,SUBGROUP_AND_OVERALL,Montalban 2018_original protocol,2018,,,,,5,33,,,2,9,,,4.186197,0.681818,0.157577,2.950154,,Some concerns,"<p>This study is made by two studies and the details on randomization are in the amended study. We consider what authors described in the amended study.<br />For some paramethers there are differences expressed in table1, but despite some differences observed at baseline in the demographics of the ONWARD study between the two subgroups, it should be noted that these differences were not meaningful.</p>",Low risk,"<p>This trial is double blind and ""to mantain blinding all patients within 10Kg weight ranges recieved the same numbers of tablets"".<br />Only 5.9% of patients treated in cladribine 5.25 mg/kg deviated from the protocol.</p>",Low risk,<p>All patients included in the different treatments are very well described.<br /> </p>,Low risk,"<p>All SAEs are described in detailes, the assessor was blinded to the treatment.</p>",Some concerns,<p>Data were not analysed in agreement to a prespecified analysis plan.</p>,Some concerns,"<p>This study is made by two studies and the detailes on randomization are in the second study (amended study). For this reason we consider what authors described in the amended.<br />For some paramethers there are differences expressed in the table1.<br />This trial is double blind and ""to mantain blinding all patients within 10Kg weight ranges recieved the same numbers of tablets"".<br />Only 5.9% of patients treated in cladribine 5.25 mg/kg deviated from the protocol.<br />All patients included in the different treatments are very well described.<br />all SAEs are described in detailes. <br />The outcome assessor was blinded to the treatment.<br />Data were not analysed in agreement to a prespecified analysis plan.<br /> </p>"
1,1,N° of participants with at least one serious adverse event at the end of follow-up,,,SUBGROUP_AND_OVERALL,Rice 2000,2000,,,,,0,105,,,0,54,,,,,,,,High risk,"<p>""Patients were assigned to one of three parallel treatment groups according to a computer-generated randomization schedule stratifyed by baseline disease severity and site"".<br />We believe that the pattern of disease is well different, in fact 36 patients in placebo group were different from 26 and 29 present in the other 2 groups and EDSS score at entry group there were 25 less severe patients over 75 compared to 31 vs 69 and 30 vs 70.<br />No information about concealment allocation.</p>",Some concerns,"<p>To receive a subsequent course of blinded study drug, patients were required to meet the hematologic criteria, which were based on the results of a CBC obtained 2 to 4 days before each dosing period. For a patient who did not meet these criteria, placebo was substituted for the active drug for that dosing period. ""The majority of patients received all eight scheduled courses of therapy"". ""The most common reasons for failure of the dosing criteria were fluctuations in hemoglobin levels and platelet counts, which occurred at a similar frequency in all groups"".</p>",Low risk,"<p>All patients randomized to receive double-blind therapy ""received at least one dose of the study drug, and all are included in the efficacy analysis""; 97% patients completed this phase.<br />There were no withdrawals due to adverse events; ""3% patients withdrew voluntarily from the study"". </p>",High risk,"<p>There is no clear distinction between ""serious adverse event"" and ""adverse event"". Moreover there is no information about hospitalization due to adverse events.</p>",Low risk,<p>There is no standard or clinically clear definition of adverse events and many adverse events are not evaluated beacuse they were attributed to MS and not to drug treatment .</p>,High risk,"<p>""Patients were assigned to one of three parallel treatment groups (cladribine 2.1 mg/ kg; cladribine 0.7 mg/kg; or placebo) according to a computer-generated randomization schedule stratified by baseline disease severity and site"". No information about concealment allocation<br />We believe that 36 patients in placebo group were different from 26 and 29 present in the other 2 groups. in fact in the EDSS score at entry group there were 25 less severe patients over 75 compared to 31 vs 69 and 30 vs 70.<br />To receive a subsequent course of blinded study drug, patients were required to meet the hematologic criteria, which were based on the results of a CBC obtained 2 to 4 days before each dosing period For a patient who did not meet these criteria, placebo was substituted for the active drug for that dosing period. <br />""The majority of patients received all eight scheduled courses of therapy"". ""The most common reasons for failure of the dosing criteria were fluctuations in hemoglobin levels and platelet counts, which occurred at a similar frequency in all groups"".<br />All patients randomized to receive double-blind therapy ""received at least one dose of the study drug, and all are included in the efficacy analysis""; 97% patients completed this phase.<br />There were no withdrawals due to adverse events; ""3% patients withdrew voluntarily from the study "".<br />There is no clear distinction between ""serious adverse event""and ""adverse event"". Moreover there is no information about hospitalization due to adverse events.<br />There is no clear definition of adverse events and many adverse events are not evaluated beacuse they attrbuted to the MS symptoms.</p>"
1,1,N° of participants with at least one serious adverse event at the end of follow-up,,,SUBGROUP_AND_OVERALL,Romine 1999,1999,,,,,0,27,,,0,25,,,,,,,,Some concerns,"<p>""The stratified groups were randomized in blocks of four to either the placebo arm or the cladribine arm"". No information about allocation are available.</p>",High risk,"<p>Throughout the study till 12 months, patients, neurologists, nurses, and the neuroradiologist remained blinded to treatment assignment but not till 18 months, where 4 patients were unblinded.</p>",Some concerns,"<p>Two patients during first year withdrew, 1 in placebo arm for conversion disorder and 1 in cladribine arm due to transferring out of state; all of the remaining patients received standard intervention without deviations in the first 12 months. ""During the period from 12 to 18 months, 5 patients on placebo withdrew: 2 moved out of state, 2 withdrew for unspecified reasons, and 1 withdrew because of worsening MS. 1 patient receiving cladribine also withdrew because of worsening MS"". </p>",Some concerns,"<p>There is no definition of SAEs and there are no information on SAEs. During the period from 12 to 18 months, the blinding was removed from 2 cladribine patients and 2 placebo patients. We do not know the reasons.&nbsp;<br>
 &nbsp;</p>",Some concerns,<p>In methods section serious AEs are not specified as an outcome.</p>,High risk,"<p>""The stratified groups were randomized in blocks of four to either the placebo arm or the cladribine arm"". <br />No information about allocation.<br />Throughout the study till 12 months, patients, neurologists, nurses, and the neuroradiologist remained blinded to treatment assignment but not till 18 months, where 4 patients were unblinded.<br />2 patients during first year withdrew, 1 in placebo arm for conversion disorder and 1 in cladribine arm due to transferring out of state; all of the remaining patients received standard intervention without deviations in the first 12 months. ""During the period from 12 to 18 months, 5 patients on placebo withdrew: 2 moved out of state, 2 withdrew for unspecified reasons, and 1 withdrew because of worsening MS. 1 patient receiving cladribine also withdrew because of worsening MS"".<br />There is no definition of SAEs. Authors give more importance on the hematobiological aspect without considering the clinical consequences for patients.<br />During the period from 12 to 18 months, the blinding was removed from 2 cladribine patients and 2 placebo patients. We do not know the reasons.<br />In methods section serious AEs are not specified as an outcome.</p>"
1,1,N° of participants with at least one serious adverse event at the end of follow-up,,,SUBGROUP_AND_OVERALL,Sipe 1994,1994,,,,,3,27,,,1,24,,,1.863777,2.666667,0.296849,23.955306,,High risk,"<p>Initially, 24 pairs of patients ""were matched for age, gender and disease severity"". Each matched pair ""was randomised by the statistician using random number tables, so that one patient was assigned to the cladribine group and the other to the placebo group"" (we do not know which patient started treatment first, number 1 or 2). In our opinion, this mechanism was biased. In addition, the authors replaced 2 patients lost to FU initially attributed to cladribine without considering their pairs with placebo. Demographic characteristics of patients at baseline are shown in Table 1.</p>",High risk,"<p>""Examining neurologists, nurses, and patients were blinded to the treatment assignments. An unblinded investigator (EB or RM) monitored all the laboratory studies and patients’ complaints and illnesses"".<br />There are no information on treating neurologist, who delivers intervention. There was an unblind investigator who controlled blood examination. <br />Intervention dosage was adapted to blood count.</p>",High risk,"<p>Three patients on cladribine group and 2 patients on placebo group were lost, ""accordingly, 24-months or longer follow-up of 21 of the 24 patients who had received cladribine in the first year and 22 of the 24 patients who had received placebo in the first year "". In both arms the percentage of lost people was less than 10%. ""The loss of these two patients on the initial cladribine arm was not attributed to treatment"" but there are no information on the other patients lost to follow-up. Moreover in the indexed paper (Beutler 1994) at reference 16, there is 1 more patient with hight mielotoxicity and 6 patients with mild mielotoxicity. These suggests that there is no transparency on reporting outcome events. </p>",High risk,"<p>There is no clinical instrument or definition to evaluate at definite time point the serious adverse events.<br>
 Some results are not easy to detect i.e. mielotoxicity in cladribine intervention group (they are published in an other paper). Moreover there is no time point and we considered the biggest lengt of time, at 1 year.&nbsp;</p>",Some concerns,<p>There is no pre specified analysis plan. There are no details on outcome measurements within the outcome domain.</p>,High risk,"<p>Initially 24 pairs of patients were ""matched by age, sex, and disease severity"". ""Each matched pair was randomized by the statistician using random number tables so that one patient was assigned to the group initially receiving cladribine and the other to the group receiving placebo (we do not know which patient started with treatment first, if number 1 or 2)"". This mechanism was on our opinion biased. Moreover authors replaced 2 patients lost at FU initially attributed to cladribine and did not the patient who recieved placebo. Demographic characteristics of patients at study entry were detected from the Table 1.</p><p>""Examining neurologists, nurses, and patients were blinded to the treatment assignments. An unblinded investigator (EB or RM) monitored all the laboratory studies and patients’ complaints and illnesses"".<br />There are no information on treating neurologist, who delivers intervention. There was an unblind investigator who controlled blood examination. <br />Intervention dosage was adapted to blood count.</p><p>Three patients on cladribine group and 2 patients on placebo group were lost. "" Accordingly, 24-months or longer follow-up of 21 of the 24 patients who had received cladribine in the first year and 22 of the 24 patients who had received placebo in the first year "" . In both arms the percentage of lost people was less than 10%. ""The loss of these two patients on the initial cladribine arm was not attributed to treatment"" but there are no information on the other patients lost to follow-up. Moreover in the indexed paper (Beutler 1994) at reference 16, there is 1 more patient with hight mielotoxicity and 6 patients with mild mielotoxicity. These suggests that there is no transparency on reporting outcome events.</p><p>There is no clinical instrument or definition to evaluate at definite time point the serious adverse events.<br />Some results are not easy to detect i.e. mielotoxicity in cladribine intervention group (they are published in an other paper). Moreover there is no time point and we considered the biggest lengt of time, at 1 year. </p><p>There is no pre specified analysis plan. There are no details on outcome measurements within the outcome domain.</p>"
1,1,N° of participants with at least one serious adverse event at the end of follow-up,,,SUBGROUP_AND_OVERALL,Stelmasiak 2009,2009,,,,,0,40,,,0,44,,,,,,,,Some concerns,"<p>""Randomization was performed by blind selection of number-coded patient names and prelabeled, and coded vials of cladribine or placebo (saline) were supplied for administration"".<br />""The randomization process was conducted entirely by the cladribine supplier; thus information was concealed from physicians who enrolled or treated patients in the study"".  There is no baseline table, nor information in the text. In our opinion the lack of information  is a suggestion of some difficulties in the balance of enrolled population.</p>",High risk,"<p>""Qualifying patients provided written informed consent and were randomized blindly to group A (cladribine in year 1 and placebo in year 2) or group B (placebo in year 1 and cladribine in year 2)"".<br />84 pazientes were enrolled but data were available only on 80 patiens. 4 patients withdrew from the study in the second year (after the cross over) but were not included in the analysis of the first year, while they were still participating.</p>",Low risk,"<p>""80 patients (95%) completed the study by November 1997"". ""Two patients in group A withdrew during year 2 (while receiving placebo) because of repeated infections (n = 1) and unspecified reasons (n = 1). One patient in group B withdrew during year 2 because he or she did not perceive any improvement in his/her condition. One patient from group B committed suicide during year 2, but this was considered to be unrelated to cladribine treatment"".</p>",Low risk,"<p>""Sixteen infections requiring treatment were reported by patients in each group during the year of cladribine therapy"". ""The annualized incidence of infections requiring treatment (events/person/year), in years 1 and 2, was 0.40 and 0.50 for group A and 0.14 and 0.38 for group B. No infections were considered serious; most were upper respiratory tract infections and all responded to standard antibiotic therapy"".<br />Both patients and investigators who performed the neurological assessments were blinded to laboratory data.</p>",Some concerns,"<p>There are no standard definition of SAEs, only a clinical judgement.&nbsp;</p>",High risk,"<p>""Randomization was performed by blind selection of number-coded patient names and prelabeled, and coded vials of cladribine or placebo (saline) were supplied for administration"".<br />""The randomization process was conducted entirely by the cladribine supplier; thus information was concealed from physicians who enrolled or treated patients in the study"". ""Probably yes"" depends on the fact that the drug industry helped to write the manuscript. In our opinion the lack of information (there is no baseline table showing the population) is a suggestion of some difficulties in the balance of enrolled population.</p><p>""Qualifying patients provided written informed consent and were randomized blindly to group A (cladribine in year 1 and placebo in year 2) or group B (placebo in year 1 and cladribine in year 2)"".<br />84 pazientes were enrolled but data were available only on 80 patiens. 4 patients withdrew from the study in the second year (after the cross over), but were not included in the analysis of the first year, while they were still participating.</p><p>""80 patients (95%) completed the study by November 1997"". ""Two patients in group A withdrew during year 2 (while receiving placebo) because of repeated infections (n = 1) and unspecified reasons (n = 1). One patient in group B withdrew during year 2 because he or she did not perceive any improvement in his/her condition. One patient from group B committed suicide during year 2, but this was considered to be unrelated to cladribine treatment"".</p><p>""Sixteen infections requiring treatment were reported by patients in each group during the year of cladribine therapy. The annualized incidence of infections requiring treatment (events/person/year), in years 1 and 2, was 0.40 and 0.50 for group A and 0.14 and 0.38 for group B. No infections were considered serious; most were upper respiratory tract infections and all responded to standard antibiotic therapy"".<br />Both patients and investigators who performed the neurological assessments were blinded to laboratory data.</p><p>There are no standard definition of SAEs, only a clinical judgement. </p>"
1,2,N° of participants free from disability worsening at the end of follow-up,,,SUBGROUP_AND_OVERALL,Giovannoni 2010,2010,,,,,758,889,,,347,437,,,61.014032,1.07379,1.01631,1.134521,at the end of 96 weeks FU (approximated to 24months),Some concerns,"<p>""Randomisation was performed with the use of a central system and a computer-generated treatment randomisation code, with dynamic allocation by site in permuted blocks of six"".<br />""The demographic and clinical characteristics of the ITT population were generally well-balanced across the three study groups, although patients receiving 3.5 mg of cladribine/Kg had a shorter significative mean duration of disease"".</p>",Low risk,"<p>None. ""To maintain the double-blind nature of the study, all patients within a weight range received the same number of tablets (cladribine or matched placebo)"". </p>",Low risk,"<p>""Overall, 1184 patients (89.3%) completed the 96-week study (91.9% in the cladribine 3.5-mg group, 89.0% in the cladribine 5.25-mg group, and 87.0% in the placebo group)"".</p>",Low risk,"<p>In the analysis of secondary end points, the progression of disability was evaluated, as well as the time to progression. It would be better to evaluate the proportion of patients who were progression-free. This outcome that we considered crucial in our review was considered only in the discussion of the results.<br />No concerns.</p>",High risk,<p>This outcome (as for all the efficacy outcomes) was a part of exploratory analysis in a phase II trial. Bearing this on mind authors give results only for the amended study  (only safety outcomes were considered in both trials). <br />Moreover this outcome was not considered in the prespecified analysis (time to progression was considered but it is a different outcome).</p>,Some concerns,"<p>""Randomization was performed with the use of a central system and a computer-generated treatment randomization code, with dynamic allocation by site in permuted blocks of six"". <br />""The demographic and clinical characteristics of the intention-to-treat population of 1326 patients was generally well balanced across the three study groups, although patients receiving 3.5 mg of cladribine per kilogram had a shorter mean duration of disease (P = 0.005 for the overall comparison)"". <br />""To maintain the double-blind nature of the study, all patients within a weight range received the same number of tablets (cladribine or matched placebo)"". <br />""Overall, 1184 patients (89.3%) completed the 96-week study (91.9% in the cladribine 3.5-mg group, 89.0% in the cladribine 5.25-mg group, and 87.0% in the placebo group)"".<br />In the analysis of secondary end points, the progression of disability was evaluated, as well as the time to progression. It would be better to evaluate the proportion of patients who were progression-free. This outcome, that we considered crucial in our review, was considered only in the discussion of the results.<br />No concerns.<br />This outcome was not considered in the prespecified analysis.<br /><br /> </p>"
1,2,N° of participants free from disability worsening at the end of follow-up,,,SUBGROUP_AND_OVERALL,Montalban 2018_amended,2018,,,,,105,124,,,42,48,,,31.269726,0.967742,0.849317,1.102679,"at 24 months, Amended Protocol",Some concerns,"<p>""A central interactive voice response system was used to allocate patients using a computer-generated treatment randomisation code and treatment groups were assigned with a block size of 6"".<br />There are differences in number of females, number of T1 Gd+ lesions and T2 lesions volume, and probably in the subgroups of MS.</p>",High risk,<p>The study was double blind. There was a great non adherence that is well detailed in figure 1. This was not a primary end point but a secondary end point.</p>,Low risk,"<p>Authors declared that 19/24 in treatment group and 6 /48 in placebo group had a EDSS progression over 96 weeks, but many participant discontinued treatment .</p>",Low risk,"<p>Independent, evaluating physicians assessed neurologic findings.</p>",High risk,<p>The study was not powered to detect between group differences. For this reason analysis was exploratory (as for all the efficacy outcome).</p>,High risk,"<p>""A central interactive voice response system was used to allocate patients using a computer-generated treatment randomization code and treatment groups were assigned with a block size of 6"".<br />There are differences in number of female, number of T1 Gad+ lesions and T2 lesions volume and probably in the subgroups of MS.</p><p>The study was double blind. There was a great non adherence that is well detailed in figure 1. This was not a primary end point but a secondary end point.</p><p>Authors declared that 19/24 in treatment group and 6 /48 in placebo group had a EDSS progression over 96 weeks, but many participant discontinued treatment .</p><p>Independent, evaluating physicians assessed neurologic findings.</p><p>The study was not powered to detect between group differences. For this reason analysis was exploratory (as for all the efficacy outcome).</p>"
1,2,N° of participants free from disability worsening at the end of follow-up,,,SUBGROUP_AND_OVERALL,Sipe 1994,1994,,,,,23,27,,,16,24,,,7.716242,1.277778,0.924441,1.766165,at 12 months,High risk,"<p>Initially, 24 pairs of patients ""were matched for age, gender and disease severity"". Each matched pair ""was randomised by the statistician using random number tables, so that one patient was assigned to the cladribine group and the other to the placebo group"" (we do not know which patient started treatment first, number 1 or 2). In our opinion, this mechanism was biased. In addition, the authors replaced 2 patients lost to FU initially attributed to cladribine without considering their pairs with placebo. Demographic characteristics of patients at baseline are shown in Table 1.</p>",High risk,"<p>""The examining neurologists, nurses, and patients were blinded to the treatment assignments. An unblinded investigator monitored all the laboratory studies and patients’ complaints and illnesses"". There are no information on treating neurologist, who delivers intervention. There is an unblind investigator who controlled blood examination. Also, an unpaired, intent-to-treat analysis was done on data from all 51 patients; and a paired analysis incorporating data from the 2 cladribine patients lost by month 3 was also undertaken.</p>",Some concerns,"<p>Three patients on cladribine group and 2 patients on placebo group were lost. ""Accordingly, 24-months or longer follow-up of 21 of the 24 patients who had received cladribine in the first year and 22 of the 24 patients who had received placebo in the first year was possible"".<br />In both arms the percentage of lost people was less than 10%.</p>",Low risk,"<p>Neurologic evaluation: Patients were evaluated monthly by means of the Kurtzke extended disability status scale (EDSS) and with the SNRS.<br>
 Every clinician involved in the trial was blind. Actually there are non information on assessor blinding&nbsp;</p>",Some concerns,<p>There is no pre specified analysis plan and disability was the primary outcome but no data are available.<br />There are two scales but results were espressed only in two graphs. we could not include results in the meta anlysis for this reason.</p>,High risk,"<p>""The examining neurologists, nurses, and patients were blinded to the treatment assignments. An unblinded investigator monitored all the laboratory studies and patients’ complaints and illnesses"". There are no information on treating neurologist, who delivers intervention. There is an unblind investigator who controlled blood examination. Also, an unpaired, intent-to-treat analysis was done on data from all 51 patients; and a paired analysis incorporating data from the 2 cladribine patients lost by month 3 was also undertaken.</p><p>Three patients on cladribine group and 2 patients on placebo group were lost. ""Accordingly, 24-mo or longer follow-up of 21 of the 24 patients who had received cladribine in the first year and 22 of the 24 patients who had received placebo in the first year was possible"".<br />In both arms the percentage of lost people was less than 10%.</p><p>Neurologic evaluation: Patients were evaluated monthly by means of the Kurtzke extended disability status scale (EDSS) and with the SNRS.<br />Every clinician involved in the trial was blind. Actually there are non information on assessor blinding. </p><p>There is no pre specified analysis plan and disability was the primary outcome but no data are available.<br />There are two scales but results were espressed only in two graphs. We could not include results in the meta anlysis for this reason .</p>"
1,3,N° of participants who withdrew at the end of follow-up,,,SUBGROUP_AND_OVERALL,Giovannoni 2010,2010,,,,,85,889,,,57,437,,,25.424941,0.733033,0.534747,1.004846,,Some concerns,"<p>""Randomisation was performed with the use of a central system and a computer-generated treatment randomisation code, with dynamic allocation by site in permuted blocks of six"".<br />""The demographic and clinical characteristics of the ITT population were generally well-balanced across the three study groups, although patients receiving 3.5 mg of cladribine/Kg had a shorter significative mean duration of disease"".</p>",Low risk,"<p>""To maintain the double-blind nature of the study, all patients within a weight range received the same number of tablets (cladribine or matched placebo)"".</p>",Low risk,<p>see table 2 in supplements&nbsp;</p>,Low risk,"<p>At each study site, a treating physician reviewed clinical laboratory results and assessed safety information. An independent evaluating physician who was unaware of study-group assignments performed neurologic examinations and determined whether a clinical event fulfilled criteria.</p>",Low risk,<p>none</p>,Some concerns,"<p>""Randomization was performed with the use of a central system and a computer-generated treatment randomization code, with dynamic allocation by site in permuted blocks of six"".<br>
 ""The demographic and clinical characteristics of the ITT population was generally well balanced across the 3 study groups, although patients receiving 3.5 mg of cladribine per kg had a shorter mean duration of disease"".<br>
 ""To maintain the double-blind nature of the study, all patients within a weight range received the same number of tablets (cladribine or matched placebo)"".<br>
 Safety analysis excluded 2/3/2 patients in the three groups and were equally distributed<br>
 At each study site, a treating physician reviewed clinical laboratory results (at this stage we could speculate that the clinical physician could guess the treatment) and assessed treatment-emergent adverse events and safety information, and an independent evaluating physician who was unaware of study-group assignments performed neurologic examinations and determined whether a clinical event fulfilled criteria.</p>"
1,3,N° of participants who withdrew at the end of follow-up,,,SUBGROUP_AND_OVERALL,Leist 2014,2014,,,,,118,411,,,31,206,,,24.947618,1.907857,1.333146,2.730321,,Low risk,"<p>""Randomisation was done using a central web-based randomisation system and was stratified by geographic region. Masking was maintained nusing a two-physician model (both doctors were masked)"".<br />""Baseline patient demographics and disease characteristics were well balanced across treatment groups"".</p>",Some concerns,"<p>""Masking was maintained using a two-physician model: the treating physician supervised study medication administration, and recorded and treated adverse events and MS relapses; the evaluating physician assessed all neurological findings and relapses, and was additionally masked to patient laboratory data. Patients were unaware of their treatment assignment"". ""Treatment discontinuation in all groups was common and the most common reasons were patient’s decision, termination of the trial or a Health Authority or sponsor request to stop treatment. Another common reason for withdrawal under the category of “other” was not meeting retreatment criteria according to protocol"". <br />There has been only a description of the analysis and sponsor stopped the trial before prematurely .</p>",Low risk,"<p>""At the end of the study, 149 (24%) patients had permanently discontinued treatment"", but less than 1% were lost to follow up.</p>",Low risk,<p>Methods of measuring the outcome were appropriate. Outcome assessors were blinded to intervention status.</p>,Some concerns,"<p>Authors would tollerate 10% of dropout, and they decided to stop trials as the drop out were high.</p>",Some concerns,"<p>""Randomisation was done using a central web-based randomisation system and was stratified by geographic region. <br />Baseline patient demographics and disease characteristics were well balanced across treatment groups"".</p><p>""Masking was maintained using a two-physician model: the treating physician supervised study medication administration, and recorded and treated adverse events and MS relapses; the evaluating physician assessed all neurological findings and relapses, and was additionally masked to patient laboratory data. Patients were unaware of their treatment assignment"".</p><p>"" Treatment discontinuation in all groups was common and the most common reasons were patient’s decision, termination of the trial or a Health Authority or sponsor request to stop treatment.<br />Another common reason for withdrawal under the category of “other” was not meeting retreatment criteria according to protocol"". <br />There has been only a description of the analysis and sponsor stopped the trial before prematurely.</p><p>"" At the end of the study, 24% of patients had permanently discontinued treatment"", but less than 1% were lost to follow up.</p><p>Methods of measuring the outcome were appropriate. Outcome assessors were blinded to intervention status.</p><p>Authors would tollerate 10% of dropout, and they decided to stop trials as the drop out were high.</p>"
1,3,N° of participants who withdrew at the end of follow-up,,,SUBGROUP_AND_OVERALL,Montalban 2018_amended,2018,,,,,44,124,,,9,48,,,21.181815,1.892473,1.002968,3.570857,,Some concerns,"<p>""A central interactive voice response system was used to allocate patients using a computer-generated treatment randomisation code and treatment groups were assigned with a block size of 6"".<br />There are differences in number of females, number of T1 Gd+ lesions and T2 lesions volume, and probably in the subgroups of MS.</p>",High risk,"<p>The study was double blind, There was a great non adherence that is well detailed in figure 1. ITT was made only in principal outcome masures and not in this outcome.</p>",Some concerns,"<p>Description is in figure 1; the authors describe all reasons for discontinuation during the double-blind period, but in 8.1% of people in the treatment group and in 22.9% in the placebo group the authors considered a generic ""other"" reasons, not better detailed. Anyway withdrawn is not an outcome in this study.</p>",Low risk,<p>This trial was double blind</p>,Some concerns,<p>There is no any prespecifyed analysis.</p>,High risk,"<p>""A central interactive voice response system was used to allocate patients using a computer-generated treatment randomization code and treatment groups were assigned with a block size of 6"".<br />There are differences in number of female, number of T1 Gad+ lesions and T2 lesions volume and probably in the subgroups of MS, but not meningful.</p><p>Despite some differences observed at baseline in the demographics of the ONWARD study between the two subgroups, it should be noted that there were no meaningful differences.<br />The study was double blind, There was a great non adherence that is well detailed in figure 1. <br />ITT was made only in principal outcome masures and not in this outcome.<br />Description is in figure 1; the authors describe all reasons for discontinuation during the double-blind period, but in 8.1% of people in the treatment group and in 22.9% in the placebo group the authors considered a generic ""other"" reasons, not better detailed. Anyway withdrawn is not an outcome in this study.<br />This trial was double blind, There is no any prespecifyed analysis.</p>"
1,3,N° of participants who withdrew at the end of follow-up,,,SUBGROUP_AND_OVERALL,Montalban 2018_original protocol,2018,,,,,22,33,,,1,9,,,7.882654,6.0,0.930722,38.679649,,Some concerns,"<p>This study is made by two studies and the details on randomization are in the amended study. We consider what authors described in the amended study.<br />For some paramethers there are differences expressed in table1, but despite some differences observed at baseline in the demographics of the ONWARD study between the two subgroups, it should be noted that these differences were not meaningful.</p>",Low risk,"<p>This study was double blind, ITT was made only in principal outcome masures and not in this outcome.</p>",Some concerns,"<p>Description is in figure 1; the authors describe all reasons for discontinuation during the double-blind period, but in 8.1% of people in the treatment group and in 22.9% in the placebo group the authors considered a generic ""other"" reasons, not better detailed. Anyway withdrawn is not an outcome in this study.</p>",Low risk,<p>This trial was double blind.</p>,Low risk,<p>There is no any prespecifyed analysis</p>,Some concerns,"<p>This study is made by two studies and the details on randomization are in the amended study. We consider what authors described in the amended study. For some paramethers there are differences expressed in table1<br />Despite some differences observed at baseline in the demographics of the ONWARD study between the two subgroups, it should be noted that differences were not meaningful. <br />This study was double blind, ITT was made only in principal outcome measures and not in this outcome.<br />Description is in figure 1; the authors describe all reasons for discontinuation during the double-blind period, but in 8.1% of people in the treatment group and in 22.9% in the placebo group the authors considered a generic ""other"" reasons, not better detailed. Anyway withdrawn is not an outcome in this study.<br />This trial was double blind. There is no any prespecifyed analysis but this trial was interrupted due to Lymphopenia.</p>"
1,3,N° of participants who withdrew at the end of follow-up,,,SUBGROUP_AND_OVERALL,Rice 2000,2000,,,,,4,105,,,0,54,,,3.913919,4.669811,0.256042,85.170006,,High risk,"<p>""Patients were assigned to one of three parallel treatment groups according to a computer-generated randomization schedule stratifyed by baseline disease severity and site"".<br />We believe that the pattern of disease is well different, in fact 36 patients in placebo group were different from 26 and 29 present in the other 2 groups and EDSS score at entry group there were 25 less severe patients over 75 compared to 31 vs 69 and 30 vs 70.<br />No information about concealment allocation.</p>",Some concerns,"<p>To receive a subsequent course of blinded study drug, patients were required to meet the haematologic criteria, which were based on the results of a CBC obtained 2 to 4 days before each dosing period. For a patient who did not meet these criteria, placebo was substituted for the active drug for that dosing period. <br />""3% patients withdrew voluntarily from the study"" before completion of the double-blind phase"" (3 from the low-dose cladribine group and1 from the higher-dose group) and appropriate analysis was not done.</p>",Low risk,"<p>All patients randomized to receive double-blind therapy received at least one dose of the study drug, and all are included in the efficacy analysis; 97% patients completed the double-blind phase.</p>",Low risk,<p>The method of measuring the outcome was appropiate</p>,Some concerns,<p>There is not any prespecified analysis in the published report.&nbsp;</p>,High risk,"<p>""Patients were assigned to one of three parallel treatment groups according to a<br>
 computer-generated randomization schedule stratified by baseline disease severity and site"". No information about concealment allocation<br>
 We believe that 36 patients in placebo group were different from 26 and 29 present in the other 2 groups, in fact in the EDSS score at entry group there were 25 less severe patients over 75 compared to 31 vs 69 and 30 vs 70.""</p>
<p>To receive a subsequent course of blinded study drug, patients were required to meet the hematologic criteria, which were based on the results of a CBC obtained 2 to 4 days before each dosing period. For a patient who did not meet these criteria, placebo was substituted for the active drug for that dosing period.&nbsp;<br>
 3% patients withdrew voluntarily from the study before completion of the double-blind phase (3 from the low-dose cladribine group and1 from the higher-dose group) and appropiate analysis was not done.</p>
<p>All patients randomized to receive double-blind therapy received at least one dose of the study drug, and all are included in the efficacy analysis; 97% patients completed the double-blind phase.</p>
<p>The method of measuring the outcome was appropiate.</p>
<p>There is not any prespecified analysis plan in the published report.&nbsp;</p>"
1,3,N° of participants who withdrew at the end of follow-up,,,SUBGROUP_AND_OVERALL,Romine 1999,1999,,,,,2,27,,,6,25,,,10.46881,0.308642,0.068524,1.390177,data at 18 months,Some concerns,"<p>""The stratified groups were randomized in blocks of four to either the placebo arm or the cladribine arm"". No information about allocation are available.</p>",Low risk,"<p>Throughout the study, ""patients, neurologists, nurses, and the neuroradiologist remained blinded to treatment assignment"".</p>",Low risk,<p>Data were available for all participants.</p>,Low risk,<p>There are enough motivation for the withdrow from the study. Assessors were blind.</p>,Low risk,<p>We could get no information.</p>,High risk,"<p>""Patients were assigned to one of three parallel treatment groups according to a<br />computer-generated randomization schedule stratified by baseline disease severity and site"". No information about concealment allocation.<br />We believe that 36 patients in placebo group were different from 26 and 29 present in the other 2 groups, in fact in the EDSS score at entry group there were 25 less severe patients over 75 compared to 31 vs 69 and 30 vs 70.</p><p>To receive a subsequent course of blinded study drug, patients were required to meet the hematologic criteria, which were based on the results of a CBC obtained 2 to 4 days before each dosing period. For a patient who did not meet these criteria, placebo was substituted for the active drug for that dosing period. <br />""3% patients withdrew voluntarily from the study"" before completion of the double-blind phase (3 from the low-dose cladribine group and1 from the higher-dose group) and appropiate analysis was not done.</p><p>All patients randomized to receive double-blind therapy ""received at least one dose of the study drug, and all are included in the efficacy analysis"" 97% patients completed the double-blind phase.</p><p>The method of measuring the outcome was appropriate.</p><p>There is not any prespecified analysis plan in the published report. </p>"
1,3,N° of participants who withdrew at the end of follow-up,,,SUBGROUP_AND_OVERALL,Sipe 1994,1994,,,,,3,27,,,1,24,,,6.180244,2.666667,0.296849,23.955306,,High risk,"<p>Initially, 24 pairs of patients ""were matched for age, gender and disease severity"". Each matched pair ""was randomised by the statistician using random number tables, so that one patient was assigned to the cladribine group and the other to the placebo group"" (we do not know which patient started treatment first, number 1 or 2). In our opinion, this mechanism was biased. In addition, the authors replaced 2 patients lost to FU initially attributed to cladribine without considering their pairs with placebo. Demographic characteristics of patients at baseline are shown in Table 1.</p>",High risk,"<p>Throughout the study, patients, neurologists, nurses, and the neuro radiologist were unaware of the treatment assigned to each patient. Cladribine causes no symptoms on infusion and cannot be distinguished from placebo by patients or professional staff. One investigator was unblind to treatment to check side effects, in fact 4 patients who received cladribine and 2 who received placebo had infusion delayed. This condition of blood count verification in our opinion could have made the treatment predictable. </p><p>The intention to treat is declared but not applicated.<br />There have been several withdrawn and patients were substituted by other people. <br />Two patients lost in the treatment group in 24 couples were substituted, 1 patient lost in placebo group was not substituted.</p>",Low risk,<p>No concerns about this domain.</p>,High risk,"<p>""Masking was maintained using a 2 physician model (both doctors were masked) the treating physician supervised study medication administration"". </p><p>There was an unblinded investigator who substitued withdrawn patients. We do not know his role in evaluating outcome in all patients, two patients dropped out but these two patients were substituted with other two patients who were treated with drug intervention. For this reason we believe that trialists were aware of the treatment</p>",Low risk,<p>No concerns about this domain.</p>,High risk,"<p>""Masking was maintained using a 2 physician model (both doctors were masked) the treating physician supervised study medication administration"". </p><p>There was an unblinded investigator who substitued withdrawn patients. We do not know his role in evaluating outcome in all patients, two patients dropped out but these two patients were substituted with other two patients who were treated with drug intervention. For this reason we believe that trialists were aware of the treatment.</p>"
1,3,N° of participants who withdrew at the end of follow-up,,,SUBGROUP_AND_OVERALL,Stelmasiak 2009,2009,,,,,0,40,,,0,44,,,,,,,,Some concerns,"<p>""Randomization was performed by blind selection of number-coded patient names and prelabeled, and coded vials of cladribine or placebo (saline) were supplied for administration"".<br />""The randomization process was conducted entirely by the cladribine supplier; thus information was concealed from physicians who enrolled or treated patients in the study"".  There is no baseline table, nor information in the text. In our opinion the lack of information  is a suggestion of some difficulties in the balance of enrolled population.</p>",High risk,"<p>""Qualifying patients provided written informed consent were randomized blindly to group A (cladribine in year 1 and placebo in year 2) or group B (placebo in year 1 and cladribine in year 2)"".<br />The number of paticipants who were randomised and not included in the analysis was 4 out 84 and, in our opinion, due to the low sample size this could have a substantial impact even if the esteem is less than  5% of participants analysed.</p>",Low risk,<p>95% of patients completed the first year study .&nbsp;</p>,High risk,<p>Authors failed to describe the outcome in some patients not considered in the analysis.</p>,Some concerns,<p>There is no prespecified analysis</p>,High risk,"<p>""Randomization was performed by blind selection of number-coded patient names and prelabeled, and coded vials of cladribine or placebo (saline) were supplied for administration"".<br />""The randomization process was conducted entirely by the cladribine supplier; thus information was concealed from physicians who enrolled or treated patients in the study"".<br />No baseline table nor information in the text. In our opinion the lack of information is a suggestion of some difficulties in the balance of enrolled population.<br />""Qualifying patients provided written informed consent and were randomized blindly to group A (cladribine in year 1 and placebo in year 2) or group B (placebo in year 1 and cladribine in year 2)"".<br />The number of paticipants who were not included in the analysis but randomised was 4 out 84 and in our opinion due to the low sample size this could have a substantial impact even if the esteeme is less then 5% of participants analysed.<br />95% of patients completed the first year study.</p>"
1,4,N° of participants with at least one adverse event at the end of follow-up,,,SUBGROUP_AND_OVERALL,Giovannoni 2010,2010,,,,,728,884,,,319,435,,,34.492612,1.122995,1.052994,1.197649,,Some concerns,"<p>""Randomisation was performed with the use of a central system and a computer-generated treatment randomisation code, with dynamic allocation by site in permuted blocks of six"".<br />""The demographic and clinical characteristics of the ITT population were generally well-balanced across the three study groups, although patients receiving 3.5 mg of cladribine/Kg had a shorter significative mean duration of disease"".</p>",Low risk,"<p>""To maintain the double-blind nature of the study, all patients within a weight range, received the same number of tablets (cladribine or matched placebo)"".<br />Safety analysis excluded 2/3/2 patients in the three groups and were equally distributed.</p>",Low risk,"<p>Lost at follow up were 4 pz in P group, 8 pz in 3.5 Cladribine group and 11 pt in 5.2 cladribine group; for this reason we think that they are almost all patients.</p>",Low risk,"<p>Authors used MeDRA definitions for symptoms, ""that were reported by at least 10% of the patients in any group"". Severity of the event was classified ""according to the following: mild (symptom is easily tolerated); moderate (symptom interferes with or reduces the usual level of activity) and severe (symptom causes substantial impairment of functioning, reduces the usual level of activity, or endangers the patient’s life)"".<br />""At each study site, a treating physician reviewed clinical laboratory results (at this stage we could speculate that the clinical physician could guess the treatment) and assessed treatment-emergent adverse events and safety information,and an independent evaluating physician who was unaware of study-group assignments performed neurologic examinations and determined whether a clinical event fulfilled criteria"".</p>",Low risk,<p>Adverse events were very well descripted but there was no definition to classify them.</p>,Some concerns,"<p>""Randomization was performed with the use of a central system and a computer-generated treatment randomization code, with dynamic<br />allocation by site in permuted blocks of six"".<br />""The demographic and clinical characteristics of the ITT population was generally well balanced across the 3 study groups, although patients receiving 3.5 mg of cladribine per kg had a significatively shorter mean duration of disease "".</p><p>""To maintain the double-blind nature of the study, all patients within a weight range, received the same number of tablets (cladribine or matched placebo)"".<br />Safety analysis excluded 2/3/2 patients in the three groups and were equally distributed.</p><p>Lost at follow up were 4 pz in P group, 8 pz in 3.5 Cladribine group and 11 pt in 5.2 cladribine group; for this reason we think that thery are almost all patients .</p><p>Authors used MeDRA definitions for symptoms, that were reported by at least 10% of the patients in any group. ""Severity of the event was classified according to the following: mild (symptom is easily tolerated); moderate (symptom interferes with or reduces the usual level of activity) and severe (symptom causes substantial impairment of functioning, reduces the usual level of activity, or endangers the patient’s life)"".<br />""At each study site, a treating physician reviewed clinical laboratory results (at this stage we could speculate that the clinical physician could guess the treatment) and assessed treatment-emergent adverse events and safety information,and an independent evaluating physician who was unaware of study-group assignments performed neurologic examinations and determined whether a clinical event fulfilled criteria"".</p><p>Adverse events were very well descripted but there was no definition to classify them.</p>"
1,4,N° of participants with at least one adverse event at the end of follow-up,,,SUBGROUP_AND_OVERALL,Janiec 2001,2001,,,,,3,34,,,0,35,,,0.144893,7.2,0.385832,134.358919,,Some concerns,"<p>""The study was designed as a randomised, placebo controlled, double-blind trial"". ""There were 69 patients matched in pairs by age, sex and disease severity"".<br />There is only the statement that the study is randomised, no information about allocation.<br />Partecipants were matched in pairs but no information are available about any differences.</p>",High risk,"<p>There is the statment that the study was double blind, no more information.</p>",Some concerns,<p>It is not possible to understand the number of partecipants who completed the study because they are not reported.</p>,High risk,"<p>There are no definition about adverse event.<br />""Infectious episodes, which are a serious problem in patients with haematological malignancies treated with cladribine, were rare and limited to urinary tract infections and cases of mild herpes zoster responded well to treatment"". ""As the number of urinary tract infections was almost the same in treated and untreated groups we consider them unlikely to be related to cladribine treatment"".</p>",Some concerns,"<p>They produced results in accordance with the prespecified analysis, but we should bear in mind that this is only the lymphocyte levels in different time points.</p>",High risk,"<p>""The study was designed as a randomised, placebo controlled, double-blind trial. There were 69 patients matched in pairs by age, sex and disease severity"".<br />Just the statement that the study is randomised,  partecipants were matched in pairs but no information are available about any differences.<br />There is the statment that the study was double blind. No more information.<br />It is not possible to understand the number of partecipants who completed the study because they are not reported.</p><p>There is no definition for adverse event.<br />""Infectious episodes, which are a serious problem in patients with haematological malignancies treated with cladribine, were rare and limited to urinary tract infections and cases of mild herpes zoster responding well to treatment. As the number of urinary tract infections was almost the same in<br />treated and untreated groups we consider them unlikely to be related to cladribine treatment"".<br />Authors produced results in accordance with the prespecified analysis, but we should bear in mind that this is only the linfocite levels in different time points</p>"
1,4,N° of participants with at least one adverse event at the end of follow-up,,,SUBGROUP_AND_OVERALL,Leist 2014,2014,,,,,333,410,,,162,206,,,31.774491,1.032791,0.948596,1.12446,,Low risk,"<p>""Randomisation was done using a central web-based randomisation system and was stratified by geographic region. Masking was maintained nusing a two-physician model (both doctors were masked)"".<br />""Baseline patient demographics and disease characteristics were well balanced across treatment groups"".</p>",High risk,"<p> ""Masking was maintained using a two-physician model (both doctors were masked)"". ""The treating physician supervised study medication administration, and recorded and treated adverse events and MS relapses; the evaluating physician assessed all neurological findings and relapses, and was additionally masked to patient laboratory data"". <br />""Patients were unaware of their treatment assignment"". Paticipants and people delivering intervention probably were aware of intervention after convertion in MS also during the double blind trial treatment period.<br />""Treatment discontinuation in all groups was most commonly for reasons other than adverse events and they were patient’s decision, termination of the trial or programme, or a Health Authority or sponsor request to stop treatment.<br />Another common reason for withdrawal under the category of “other” was not meeting retreatment criteria according to protocol"". </p>",Low risk,"<p>At the end of the study, 24% of the included patients had permanently discontinued treatment, but less than 1% were lost to follow up.</p>",Low risk,"<p>See table 4 where there is a definition of AE ""Overall incidence of TEAEs (safety population), most common TEAEs (reported by ≥5% of patients of the safety population), and frequency of opportunistic infections"".</p>",Low risk,"<p>""Safety endpoints were adverse events and serious adverse events, vital signs, laboratory variables, and concomitant medications and procedures"".</p>",High risk,"<p>""Randomisation was done using a central web-based randomisation system and was stratified by geographic region"". <br />""Baseline patient demographics and disease characteristics were well balanced across treatment groups"".<br />""Masking was maintained using a two-physician model (both doctors were masked)"". ""The treating physician supervised study medication administration, and recorded and treated adverse events and MS relapses; the evaluating physician assessed all neurological findings and relapses, and was additionally masked to patient laboratory data. Patients were unaware of their treatment assignment but paticipants and people delivering intervention probably were awere of intervention after convertion in MS also during the double blind trial treatment period"".<br />""Treatment discontinuation in all groups was most commonly for reasons other than adverse events and they were patient’s decision, termination of the trial or programme, or a Health Authority or sponsor request to stop treatment.<br />Another common reason for withdrawal under the category of “other” was not meeting retreatment criteria according to protocol"". <br />At the end of the study, 24% of included patients had permanently discontinued treatment, but less than 1% were lost to follow up.<br />See table 4 where there is a defnition of AE ""Overall incidence of TEAEs (safety population), most common TEAEs (reported by ≥5% of patients of the safety population), and frequency of opportunistic infections"". Adverse events and laboratory findings were recorded at study visits and at regularly scheduled interim visits.<br />Safety endpoints were adverse events and serious adverse events, vital signs, laboratory variables, and concomitant medications and procedures.</p>"
1,4,N° of participants with at least one adverse event at the end of follow-up,,,SUBGROUP_AND_OVERALL,Montalban 2018_amended,2018,,,,,119,124,,,36,48,,,20.777269,1.27957,1.082482,1.512542,,Some concerns,"<p>""A central interactive voice response system was used to allocate patients using a computer-generated treatment randomisation code and treatment groups were assigned with a block size of 6"".<br />There are differences in number of females, number of T1 Gd+ lesions and T2 lesions volume, and probably in the subgroups of MS.</p>",High risk,"<p>The study was double-blind, there was a great non-adherence detailed in figure 1.</p>",Low risk,"<p>The authors describe all reasons for discontinuation during the double-blind period, including AEs, but 8.1% of people in the treatment group and 22.9% in the placebo group authors considered ""other"" reasons, without any better specifications.</p>",Low risk,<p>Authors considered MEDRA classification and provide detailed information on AEs.</p>,Low risk,<p>No concerns about this domain.</p>,High risk,"<p>""A central interactive voice response system was used to allocate patients using a computer-generated treatment randomisation code and treatment groups were assigned with a block size of 6"".<br />There are differences in number of females, number of T1 Gad+ lesions and T2 lesions volume, and probably in the subgroups of MS. The study was double-blind, but there was great non-adherence detailed in figure 1.<br />The authors describe all reasons for discontinuation during the double-blind period, including AEs, but 8.1% of people in the treatment group and 22.9% in the placebo group authors considered ""other"" reasons, not better specified. <br />Authors considered MEDRA classification and provide detailed information on AEs .</p>"
1,4,N° of participants with at least one adverse event at the end of follow-up,,,SUBGROUP_AND_OVERALL,Montalban 2018_original protocol,2018,,,,,33,33,,,8,9,,,12.277728,1.15917,0.890582,1.50876,,Some concerns,"<p>This study is made by two studies and the details on randomization are in the amended study. We consider what authors described in the amended study.<br />For some paramethers there are differences expressed in table1, but despite some differences observed at baseline in the demographics of the ONWARD study between the two subgroups, it should be noted that these differences were not meaningful.</p>",Low risk,"<p>This trial is double blind and ""to mantain blinding all patients within 10Kg weight ranges recieved the same numbers of tablets"".<br />Only 5.9% of patients treated in cladribine 5.25 mg/kg deviated from the protocol.</p>",Low risk,"<p>Data were available for nearly all partecipants, see table 2.</p>",Low risk,<p>All AEs are described in details. Assessors were blind to the treatment.<br /> </p>,Some concerns,<p>In the short test there were no any prespecified analysis of AEs.</p>,Some concerns,"<p>This study is made by two studies and the detailes on randomization are in the amended study, the secod one. We consider what authors described in the amended study.<br />For some paramethers there are differences expressed in table1</p><p>""This trial is double blind and to mantain blinding all patients within 10Kg weight ranges recieved the same numbers of tablets"".<br />Only 5.9% of patients treated in cladribine 5.25 mg/kg deviated from the protocol.</p><p>Data were available for nearly all partecipants, see table 2.</p><p>All AEs are described in detail, assessors were blind to the treatment.<br />In the short test there were no any prespecified analysis of AEs.</p>"
1,4,N° of participants with at least one adverse event at the end of follow-up,,,SUBGROUP_AND_OVERALL,Romine 1999,1999,,,,,2,27,,,1,25,,,0.226527,1.851852,0.178741,19.186141,,Some concerns,"<p>""The stratified groups were randomized in blocks of four to either the placebo arm or the cladribine arm"". No information about allocation are available.</p>",Low risk,"<p>Throughout the study, ""patients, neurologists, nurses, and the neuroradiologist remained blinded to treatment assignment"". </p><p>Only 25 cladribine patients and 19 placebo patients were available for evaluation at the end of 18‐month period; 1 pz cladribine group and 5 patient placebo group interrupted the treatment.</p>",Some concerns,"<p>2 + 5 paticipants withdrown from the trial and we do not know if they had AE.<br />Trial was planned for 18 months; patients were lost form 12 to 18 months and they were unbalanced between the two arms.<br />""During the period from 12 to 18 months, five patients on placebo withdrew: two patients moved out of state, two withdrew for unspecified reasons, and one withdrew because of worsening MS. One patient receiving cladribine also withdrew because of worsening MS"".</p>",High risk,"<p>There is no standard classification of AEs; Authors declare that patients had mild Herpes Zoster infections and no significant other hematological complications.</p><p>Definition of AE is not clear, infact authors give more importance on the hematobiological aspect without considering the real consequences for the patients.</p><p>Probably outcome assessors were blind to treatments.</p>",High risk,<p>In the short test there were no any prespecified analysis of AE.</p>,High risk,"<p>""The stratified groups were randomized in blocks of four to either the placebo arm or the cladribine arm"". <br />No information about allocation are available.<br />""Throughout the study, patients, neurologists, nurses, and the neuroradiologist remained blinded to treatment assignment"".<br />Only ""25 cladribine patients and 19 placebo patients were available for evaluation at the end of 18‐month period""; 1 pz cladribine group and 5 patient placebo group interrupted the treatments. . 2 + 5 paticipants withdrew from the trial and we do not know if they had AE.<br />Trial was planned for 18 months; patients were lost form 12 to 18 months and they were unbalanced between the two arms.<br />During the period from 12 to 18 months, five patients on placebo withdrew: two patients moved out of state, two withdrew for unspecified reasons, and one withdrew because of worsening MS. One patient receiving cladribine also withdrew because of worsening MS.<br />There is no standard classification; Authors declare that patients had ""mild""Herpes Zoster infections and no significant other hematological complications .<br />Definition of AE is not clear, infact authors give more importance on the haemato-biological aspect without considering the real consequences for the patients .<br />In the short test there were no any prespecified analysis of AE</p>"
1,4,N° of participants with at least one adverse event at the end of follow-up,,,SUBGROUP_AND_OVERALL,Sipe 1994,1994,,,,,3,27,,,0,24,,,0.146157,6.25,0.339217,115.15481,,High risk,"<p>Initially, 24 pairs of patients ""were matched for age, gender and disease severity"". Each matched pair ""was randomised by the statistician using random number tables, so that one patient was assigned to the cladribine group and the other to the placebo group"" (we do not know which patient started treatment first, number 1 or 2). In our opinion, this mechanism was biased. In addition, the authors replaced 2 patients lost to FU initially attributed to cladribine without considering their pairs with placebo. Demographic characteristics of patients at baseline are shown in Table 1.</p>",High risk,"<p>Throughout the study, ""patients, neurologists, nurses, and the neuro radiologist were unaware of the treatment assigned to each patient"". Cladribine causes no symptoms on infusion and cannot be distinguished from placebo by patients or professional staff.<br />Thre was an investigator who was unblinded <br />There were a few deviations from the stated drug dosages. In the original protocol a total of six monthly doses had been planned, but this was modified to four courses after the study had been initiated because of a greater than expected decline in the platelet count in some patients. ""One patient received five courses before the decision to reduce dosage had been made. One patient received only two courses, and two patients received only three courses because of thrombocytopenia"". At the beginning of the second phase of the study, five patients who were to have received placebo were given a single 0.7 mg/kg of infusion cladribine by error. Separate analysis showed that the response of these patients was not greater than those of the other patients, and the data of these patients have been retained.</p>",High risk,"<p>3 patients on cladribine group and 2 patients on placebo group were lost, ""the percentage of lost people was less than 10%"", but some people were substituted;</p><p>""the loss of these two patients on the initial cladribine arm was not attributed to treatment"" but there are no information on the other patient lost to follow-up.</p><p>In the bibliographyat number 16 (Beutler 1994), there is 1 more patient with hight mielotoxicity and 6 patients with mild mielotoxicity.This means that there is no transparency on reporting outcome events.<br />AE were not showen in a table were there is a classification in severity .</p>",High risk,<p>There is no clinical instrument or definition to evaluate at definite time point the adverse events only blood counts were obtained during drug administration. Less frequent counts were obtained thereafter. Lymphocyte subset evaluation was done monthly during the course of drug administration and less frequently thereafter.</p>,Some concerns,"<p>There is no pre specified analysis plan, there are no details.</p>",High risk,"<p>Throughout the study, patients, neurologists, nurses, and the neuro radiologist were unaware of the treatment assigned to each patient. Cladribine causes no symptoms on infusion and cannot be distinguished from placebo by patients or professional staff.<br />Thre was an investigator who was unblinded.<br />There were a few deviations from the stated drug dosages. In the original protocol a total of six monthly doses had been planned, but this was modified to four courses after the study had been initiated because of a greater than expected decline in the platelet count in some patients. ""One patient received five courses before the decision to reduce dosage had been made"". ""One patient received only two courses, and two patients received only three courses because of thrombocytopenia"". At the beginning of the second phase of the study, five patients who were to have received placebo were given a single 0.7 mg/kg of infusion cladribine by error. Separate analysis showed that the response of these patients was not greater than those of the other patients, and the data of these patients have been retained.</p><p>3 patients on cladribine group and 2 patients on placebo group were lost, the percentage of lost people was less than 10%, but some people were substituted;</p><p>""the loss of these two patients on the initial cladribine arm was not attributed to treatment"" but there are no information on the other patient lost to follow-up.</p><p>In the bibliography at number 16 (Beutler 1994), there is 1 more patient with hight mielotoxicity and 6 patients with mild mielotoxicity. these means that there is no transparency on reporting outcome events.<br />AE were not shown in a table were there is a classification based on severity .</p><p>There is no clinical instrument or definition to evaluate at definite time point the adverse events; only blood counts were obtained during drug administration. Less frequent counts were obtained thereafter. Lymphocyte subset evaluation was done monthly during the course of drug administration and less frequently thereafter.</p><p>There is no pre specified analysis plan, there are no details.</p>"
1,4,N° of participants with at least one adverse event at the end of follow-up,,,SUBGROUP_AND_OVERALL,Stelmasiak 2009,2009,,,,,16,40,,,0,44,,,0.160323,36.219512,2.243664,584.692237,,Some concerns,"<p>""Randomization was performed by blind selection of number-coded patient names and prelabeled, and coded vials of cladribine or placebo (saline) were supplied for administration"".<br />""The randomization process was conducted entirely by the cladribine supplier; thus information was concealed from physicians who enrolled or treated patients in the study"".  There is no baseline table, nor information in the text. In our opinion the lack of information  is a suggestion of some difficulties in the balance of enrolled population.</p>",High risk,"<p>84 patientes were enrolled but data were available only on 80 patiens. 4 patients withdrow from the study in the second year but were not included in the analysis of the first year, while they were still participating in the first year included sudy.&nbsp;</p>",Low risk,"<p>""80 patients (95% of the total) completed the study by November 1997"". ""Two patients in group A withdrew during the second year (while receiving placebo) one because of repeated infections and one for unspecified reasons . One patient in group B withdrew during this second year because he/she did not perceive any improvement in his/her condition. 1 patient from group B committed suicide during the second year, but this was considered to be unrelated to cladribine treatment"".</p>",Low risk,"<p>There has been an attempt of classification but there has been no standard evaluation of AE. Authors only expressed ""Sixteen infections requiring treatment were reported by patients in each group during the year of cladribine therapy"".&nbsp;<br>
 Both the patients and the investigators who performed the neurological assessments were blinded to laboratory data.</p>",Some concerns,"<p>There is no prespecified analysis, ""no episodes of infections were considered serious and all responded to standard antibiotic therapy; most were upper respiratory tract infections"". </p>",High risk,"<p>""Randomization was performed by blind selection of number-coded patient names and prelabeled, and coded vials of cladribine or placebo (saline) were supplied for administration"". The randomization process was conducted entirely by the cladribine supplier; thus information was concealed from physicians who enrolled or treated patients in the study. No baseline table nor information in the text. In our opinion the lack of information (there is no baseline table showing the population) is a suggestion of some difficulties in the balance of enrolled population.<br />""Qualifying patients provided written informed consent and were randomized blindly to group A (cladribine in year 1 and placebo in year 2) or group B (placebo in year 1 and cladribine in year 2)"".<br />84 patientes were enrolled but data were only on 80 patiens. 4 patients withdrow from the study in the second year (after the cross over) but were not included in the analysis of the first year, while they were still participating in the first year included study.<br />""80 patients (95% of the total) completed the study by November 1997"". ""Two patients in group A withdrew during the second year (while receiving placebo) one because of repeated infections and one for unspecified reasons . One patient in group B withdrew during the second year because he/she did not perceive any improvement in his/her condition. 1 patient from group B committed suicide during the second year, but this was considered to be unrelated to cladribine treatment"".<br />There has been an attempt of classification but there has been no standard evaluation. </p><p>Authors only declared ""Sixteen infections requiring treatment were reported by patients in each group during the year of cladribine therapy"".<br />Both the patients and the investigators who performed the neurological assessments were blinded to laboratory data.<br />There is no prespecified analysis, ""no episodes of infections were considered serious and all responded to standard antibiotic therapy; most were upper respiratory tract infections"". </p>"
1,5,N° of participants with at least one relapse at the end of follow-up,,,SUBGROUP_AND_OVERALL,Giovannoni 2010,2010,,,,,184,889,,,171,437,,,85.61537,0.528934,0.44452,0.629378,,Some concerns,"<p>""Randomisation was performed with the use of a central system and a computer-generated treatment randomisation code, with dynamic allocation by site in permuted blocks of six"".<br />""The demographic and clinical characteristics of the ITT population were generally well-balanced across the three study groups, although patients receiving 3.5 mg of cladribine/Kg had a shorter significative mean duration of disease"".</p>",Low risk,"<p>""To maintain the double-blind nature of the study, all patients within a weight range received the same number of tablets (cladribine or matched placebo)"".</p>",Low risk,<p>See table 2 in main paper</p>,Low risk,"<p>This is a well validated outocome in MS trials.<br />""An independent evaluating physician, who was unaware of study-group assignments, performed neurologic examinations and determined whether a clinical event fulfilled criteria"".</p>",Low risk,"<p>This is a secondary end point of the study, that was powered to relapse rate and not to people with relapse.</p>",Some concerns,"<p>""Randomization was performed with the use of a central system and a computer-generated treatment randomization code, with dynamic allocation by site in permuted blocks of six"".<br />""The demographic and clinical characteristics of the ITT population was generally well balanced across the 3 study groups, although patients receiving 3.5 mg of cladribine per kg had a significatively shorter mean duration of disease "".</p><p>""To maintain the double-blind nature of the study, all patients within a weight range received the same number of tablets (cladribine or matched placebo)"".</p><p>See table 2 in main paper.</p><p>This is a well validated outcome in MS trials.<br />""An independent evaluating physician, who was unaware of study-group assignments, performed neurologic examinations and determined whether a clinical event fulfilled criteria"".</p><p>This is a secondary end point of the study, that was powered to relapse rate and not to people with relapse.</p>"
1,5,N° of participants with at least one relapse at the end of follow-up,,,SUBGROUP_AND_OVERALL,Montalban 2018_amended,2018,,,,,31,124,,,23,48,,,14.38463,0.521739,0.341377,0.797392,data from clinicaltrial.gov,Some concerns,"<p>""A central interactive voice response system was used to allocate patients using a computer-generated treatment randomisation code and treatment groups were assigned with a block size of 6"".<br />There are differences in number of females, number of T1 Gd+ lesions and T2 lesions volume, and probably in the subgroups of MS.</p>",High risk,"<p>The study was double blind, there was a great non adherence that is well detailed in figure 1.<br />This was not a primary end point and this study was not powered to this outcome. This secondary end point was mentioned in the result section. </p>",Low risk,<p>Data were available for all participants but many discontinued the treatment (35.5 in cladribine group and 18.8 in placebo group). Anyway analysis was ITT.</p>,Low risk,"<p>""Independent,evaluating physicians assessed neurologic findings"".</p>",High risk,<p>The study was not powered to detect between group differences. For this reason analYsis was exploratory (as for all the efficacy outcomes).</p>,High risk,"<p>The study was double blind, there was a great non adherence that is well detailed in figure 1.<br />This was not a primary end point and this study was not powered to this outcome. This secondary end point was mentioned in the result section. <br />Data were available for all participants but many discontinued the treatment (35.5 in cladribine group and 18.8 in placebo group). Anyway analysis was ITT.<br />""Independent,evaluating physicians assessed neurologic findings"".<br />The study was not powered to detect between group differences. For this reason analysis was exploratory (as for all the efficacy outcomes).</p>"
1,6,N° of participants with new Gd+ T1 MRI lesions at the end of follow-up,,,SUBGROUP_AND_OVERALL,Giovannoni 2010,2010,,,,,98,889,,,226,437,,,40.174478,0.213156,0.173201,0.262327,MRI data from Giovannoni 2010 were published in Comi 2013,Some concerns,"<p>""Randomisation was performed with the use of a central system and a computer-generated treatment randomisation code, with dynamic allocation by site in permuted blocks of six"".<br />""The demographic and clinical characteristics of the ITT population were generally well-balanced across the three study groups, although patients receiving 3.5 mg of cladribine/Kg had a shorter significative mean duration of disease"".</p>",Some concerns,"<p>To maintain the double-blind nature of the study, all patients within a weight range received the same number of tablets (cladribine or matched placebo).</p>",Low risk,<p>see table 2 in main paper</p>,Low risk,"<p>This is a common outocome in MS trials, but we find very difficult understand results calculated with a ""mean"" and not the more sensible absolute numbers of patients with new lesions.<br>
 Evaluators at a central neuroradiology center assessed MRI evaluationsin a blinded fashion .<br><br><br><br>
 &nbsp;</p>",Some concerns,"<p>Authors looked at number of lesions per patient per scan and enlargment of volume of single lesions, two common outcome considered in the trials. Results were published three years later than the first paper and authors discuss many subgroup analysis.</p>",Some concerns,"<p>Randomization was performed with the use of a central system and a computer-generated treatment randomization code, with dynamic allocation by site in permuted blocks of six.<br>
 The demographic and clinical characteristics of the intention-to-treat population of 1326 patients was generally well balanced across the three study groups, although patients receiving 3.5 mg of cladribine per kilogram had a shorter mean duration of disease (P = 0.005 for the overall comparison).<br>
 To maintain the double-blind nature of the study, all patients within a weight range received the same number of tablets (cladribine or matched placebo).<br>
 see table 2 in main paper<br>
 This is a common outcome in MS trials, but we find very difficult understand results calculated with a ""mean"" and not with absolute numbers<br>
 Evaluators at a central neuroradiology center assessed MRI evaluations in a blinded fashion .</p>"
1,6,N° of participants with new Gd+ T1 MRI lesions at the end of follow-up,,,SUBGROUP_AND_OVERALL,Leist 2014,2014,,,,,98,411,,,134,206,,,40.44623,0.366561,0.300211,0.447575,,Low risk,"<p>""Randomisation was done using a central web-based randomisation system and was stratified by geographic region. Masking was maintained nusing a two-physician model (both doctors were masked)"".<br />""Baseline patient demographics and disease characteristics were well balanced across treatment groups"".</p>",High risk,"<p>""Masking was maintained using a two-physician model (both doctors were masked). Paticipants and people delivering intervention probably were awere of intervention after convertion in MS also during the double blind trial treatment period"". <br />There has been only a description of the analysis, sponsor stopped the trial. Early termination of the trial reduced the number of patients with 2-year data from the double-blind treatment period, and the result has been a lower than predicted level of drug exposure.<br /> </p>",Low risk,"<p>At the end of the study, 24% patients had permanently discontinued treatment, but less than 1% were lost to follow up</p>",Some concerns,"<p>To measure new/enlarging or GAD positive lesions at the end of follow up is a very common outcome in MS clinical trials; in this case we considered patients with increased number of lesions or GAD positive lesions. Anyway authors give iformation of our selected and, on our opinion, appropriate outcome. <br />Probably assessors knew the intervention only after conversion. </p>",Low risk,"<p>Our selected outcome was a secondary endpoint: proportion of patients free from new T1 gadolinium-enhancing lesions and new or enlarging T2 lesions, and numbers of T1 hypointense lesions.</p>",High risk,"<p>""Randomisation was done using a central web-based randomisation system and was stratified by geographic region"". <br />""Baseline patient demographics and disease characteristics were well balanced across treatment groups"".<br />""Masking was maintained using a two-physician model (both doctors were masked)"".<br />""The treating physician supervised study medication administration, and recorded and treated adverse events and MS relapses; the evaluating physician assessed all neurological findings and relapses, and was additionally masked to patient laboratory data. Patients were unaware of their treatment assignment"". Paticipants and people delivering intervention probably were aware of intervention after convertion in MS also during the double blind trial treatment period. <br />see figure 2<br />There has been only a description of the analysis, sponsor stopped the trial. Early termination of the trial reduced the number of patients with 2-year data from the double-blind treatment period, and the result has been a lower than predicted level of drug exposure.</p><p>At the end of the study, 24% patients had permanently discontinued treatment, but less than 1% were lost to follow up</p><p>To measure new/enlarging or GAD positive lesions at the end of follow up is a very common outcome in MS clinical trials; in this case we considered patient with incresed or GAD positive lesions. Anyway authors give iformation of our selected and, on our opinion, appropriate outcome. <br />Probably assessors knew the intervention only aftere conversion. <br />Our selected outcome was a secondary endpoint: proportion of patients free from new T1 gadolinium-enhancing lesions and new or enlarging T2 lesions, and numbers of T1 hypointense lesions.</p>"
1,6,N° of participants with new Gd+ T1 MRI lesions at the end of follow-up,,,SUBGROUP_AND_OVERALL,Rice 2000,2000,,,,,8,105,,,10,54,,,16.120436,0.411429,0.172398,0.981877,,High risk,"<p>""Patients were assigned to one of three parallel treatment groups according to a computer-generated randomization schedule stratifyed by baseline disease severity and site"".<br />We believe that the pattern of disease is well different, in fact 36 patients in placebo group were different from 26 and 29 present in the other 2 groups and EDSS score at entry group there were 25 less severe patients over 75 compared to 31 vs 69 and 30 vs 70.<br />No information about concealment allocation.</p>",Some concerns,"<p>To receive a subsequent course of blinded study drug, patients were required to meet the hematologic criteria obtained 2 to 4 days before each dosing period. For a patient who did not meet these criteria, placebo was substituted for the active drug for that dosing period.&nbsp;<br>
 The majority of patients received all eight scheduled courses of therapy (7/54 placebo, 11/53 cladribine 0.7 mg/kg and 16/52 of 2.1 mg/kg-treated patients) received a placebo substitution. The most common reasons for failure of the dosing criteria were fluctuations in hemoglobin levels and platelet counts, which occurred (Authors say) at a similar frequency in all groups.<br>
 To receive a subsequent course of blinded study drug, patients were required to meet the hematologic criteria obtained 2 to 4 days before each dosing period. For a patient who did not meet these criteria, placebo was substituted for the active drug for that dosing period.&nbsp;</p>",Low risk,<p>Only 4 patients over 159 do not have data for this outcome.</p>,Low risk,"<p>This is a valid end point considered in MS clinical trials, All scan data were blinded to treatment, date, and sequence of scan</p>",Low risk,<p>No concerns about this domain.</p>,High risk,"<p>""Patients were assigned to one of three parallel treatment groups according to a computer-generated randomization schedule stratifyed by baseline disease severity and site"".<br>
 We believe that the pattern of disease is well different, in fact 36 patients in placebo group were different from 26 and 29 present in the other 2 groups and EDSS score at entry group there were 25 less severe patients over 75 compared to 31 vs 69 and 30 vs 70<br>
 No information about concealment allocation<br>
 To receive a subsequent course of blinded study drug, patients were required to meet the hematologic criteria obtained 2 to 4 days before each dosing period. For a patient who did not meet these criteria, placebo was substituted for the active drug for that dosing period.&nbsp;<br>
 The majority of patients received all eight scheduled courses of therapy (7/54 placebo, 11/53 cladribine 0.7 mg/kg and 16/52 of 2.1 mg/kg-treated patients) received a placebo substitution. The most common reasons for failure of the dosing criteria were fluctuations in hemoglobin levels and platelet counts, which occurred (Authors say) at a similar frequency in all groups.<br>
 To receive a subsequent course of blinded study drug, patients were required to meet the hematologic criteria obtained 2 to 4 days before each dosing period. For a patient who did not meet these criteria, placebo was substituted for the active drug for that dosing period.&nbsp;<br>
 Only 4 patients over 159 do not have data for this outcome<br>
 This is a valid end point considered in MS clinical trials, All scan data were blinded to treatment, date, and sequence of scans.</p>"
1,6,N° of participants with new Gd+ T1 MRI lesions at the end of follow-up,,,SUBGROUP_AND_OVERALL,Sipe 1994,1994,,,,,1,27,,,2,24,,,3.258855,0.444444,0.042957,4.598372,,High risk,"<p>Initially, 24 pairs of patients ""were matched for age, gender and disease severity"". Each matched pair ""was randomised by the statistician using random number tables, so that one patient was assigned to the cladribine group and the other to the placebo group"" (we do not know which patient started treatment first, number 1 or 2). In our opinion, this mechanism was biased. In addition, the authors replaced 2 patients lost to FU initially attributed to cladribine without considering their pairs with placebo. Demographic characteristics of patients at baseline are shown in Table 1.</p>",Low risk,"<p>In four patients assigned to cladribine and in two assigned to placebo, the infusion was delayed. The requirement to verify blood counts may have made treatment allocation predictable. Moreover, dose intensity and exposure varied and were not accounted for in the analysis: one patient received five courses before the decision to reduce the dosage was implemented; one patient received only two courses; and two patients received only three courses due to thrombocytopenia.</p>",High risk,"<p>""The loss of these 2 patients seemed unattributable to cladribine so we recruited 2 additional matched patients as replacements and assigned them to cladribine. 1 patient receiving placebo withdrew from the study after 4 months on protocol for reasons unrelated to treatment, so we chose not to replace this patient. The analyses reported here refer to the 24 matched pairs of patients (table 1), and exclude the 3 patients on cladribine who did not complete a full year of the study""</p>",Low risk,<p>Blinding was maintained using a two-physician model (both doctors were blinded). The treating physician supervised study-medication administration and recorded and managed adverse events.</p>,Low risk,<p>No concerns about this domain.</p>,High risk,"<p>Overall risk of bias was judged High because weaknesses in the randomization process and post-randomization handling of participants are likely to have distorted the comparison: matched pairs were randomized by the statistician using random number tables, yet aspects of trial conduct (e.g., blood-count verification and delayed infusions in 4 cladribine and 2 placebo patients) could have made allocation predictable, and two cladribine-assigned participants lost to follow-up were replaced without replacing their placebo counterparts. In addition, deviations from intended intervention occurred—dose intensity and number of courses varied (one patient received five courses before dose reduction; one received only two; two received three due to thrombocytopenia)—and these differences were not accounted for in the analysis. Missing data were handled asymmetrically (“the analyses… exclude the three cladribine patients who did not complete a full year”), introducing attrition/per-protocol bias. Although outcome assessment was blinded in a two-physician model and there were no specific concerns about selective reporting, the combined issues in randomization, deviations, and missing outcome data indicate a high overall risk of bias.</p>"
2,1,N° of participants with at least one serious adverse event at the end of follow-up,Oral,1,SUBGROUP_AND_OVERALL,Giovannoni 2010,2010,,,,,77,884,,,28,435,,,51.652021,1.353224,0.891783,2.053431,,Some concerns,"<p>""Randomisation was performed with the use of a central system and a computer-generated treatment randomisation code, with dynamic allocation by site in permuted blocks of six"".<br />""The demographic and clinical characteristics of the ITT population were generally well-balanced across the three study groups, although patients receiving 3.5 mg of cladribine/Kg had a shorter significative mean duration of disease"".</p>",Low risk,"<p>""To maintain the double-blind nature of the study, all patients within a weight range received the same number of tablets (cladribine or matched placebo)"".<br>
 Safety analysis excluded 2/3/2 patients in the three groups and were equally distributed</p>",Low risk,<p>Safety analysis excluded 2/3/2 patients in the three groups and were equally distributed.</p>,Low risk,"<p>""Listed are preferred terms from the Medical Dictionary for Regulatory Activities (MedDRA) for symptoms that were reported by at least 10% of the patients in any group"".""Investigators rated the severity of the event according to the following definitions: mild (the event or symptom is easily tolerated); moderate (the event or symptom interferes with or reduces the usual level of activity); and severe (the event or symptom causes substantial impairment of functioning, reduces the usual level of activity, or endangers the patient’s life)"".<br />No concerns.<br />""At each study site, a treating physician reviewed clinical laboratory results (at this stage we could speculate that the clinical physician could guess the treatment) and assessed treatment-emergent adverse events and safety information, and an independent evaluating physician who was unaware of study-group assignments performed neurologic examinations and determined whether a clinical event fulfilled criteria"".</p>",Some concerns,<p>See Medra. Not applicable</p>,Some concerns,"<p>""Randomization was performed with the use of a central system and a computer-generated treatment randomization code, with dynamic allocation by site in permuted blocks of six"".<br />""The demographic and clinical characteristics of the IIT population of 1326 patients was generally well balanced across the 3 study groups, although patients receiving 3.5 mg of cladribine per kg had a shorter mean duration of disease (P=0.005 for the overall comparison)"".<br />""To maintain the double-blind nature of the study, all patients within a weight range received the same number of tablets (cladribine or matched placebo)"".<br />Safety analysis excluded 2/3/2 patients in the three groups and were equally distributed.<br />""Listed are preferred terms from the Medical Dictionary for Regulatory Activities (MedDRA) for symptoms that were reported by at least 10% of the patients in any group"". ""Investigators rated the severity of the event according to the following definitions: mild (the event or symptom is easily tolerated); moderate (the event or symptom interferes with or reduces the usual level of activity); and severe (the event or symptom causes substantial impairment of functioning, reduces the usual level of activity, or endangers the patient’s life)"".<br />""At each study site, a treating physician reviewed clinical laboratory results (at this stage we could speculate that the clinical physician could guess the treatment) and assessed treatment-emergent adverse events and safety information, and an independent evaluating physician who was unaware of study-group assignments performed neurologic examinations and determined whether a clinical event fulfilled criteria""</p>"
2,1,N° of participants with at least one serious adverse event at the end of follow-up,Oral,1,SUBGROUP_AND_OVERALL,Leist 2014,2014,,,,,33,410,,,21,206,,,33.107658,0.789547,0.468989,1.329211,,Low risk,"<p>""Randomisation was done using a central web-based randomisation system and was stratified by geographic region. Masking was maintained nusing a two-physician model (both doctors were masked)"".<br />""Baseline patient demographics and disease characteristics were well balanced across treatment groups"".</p>",High risk,"<p>Patients were unaware of their treatment assignment, but patients and people delivering intervention probably were aware of intervention after convertion in MS . Treatment discontinuation in all groups was most commonly for reasons ""other than adverse events"". ""The most common reasons to discontinuatinue treatment were patient’s decision, termination of the trial or programme, or a Health Authority or sponsor request to stop treatment"".</p>",Low risk,"<p>The study was stopped before the scheduled period of follow up, because the study ended prematurely and a low precentage of partecipants completed it. There were only 1% of patients lost to FU</p>",Low risk,"<p>In table 4 we have different and detailed definition of side effects: serious and severe TEAEs (safety population).<br />""Masking was maintained using a two-physician model (both doctors were masked)"". </p>",Low risk,"<p>""Safety endpoints were adverse events and serious adverse events, vital signs, laboratory variables, and concomitant medications and procedures"".</p>",High risk,"<p>""Randomisation was done using a central web-based randomisation system and was stratified by geographic region"". ""Masking was maintained using a two-physician model (both doctors were masked). Baseline patient demographics and disease characteristics were well balanced across treatment groups"".</p><p>Patients were unaware of their treatment assignment, but patients and people delivering intervention probably were aware of intervention after convertion in MS . Treatment discontinuation in all groups was most commonly for reasons ""other than adverse events"". ""The most common reasons to discontinuatinue treatment were patient’s decision, termination of the trial or programme, or a Health Authority or sponsor request to stop treatment"".</p><p>The study was stopped before the scheduled period of follow up, because the study ended prematurely and a low precentage of partecipants completed it<br />There were only 1% of patients lost to FU.</p><p>In table 4 we have different and detailed definition of side effects: serious and severe TEAEs (safety population). <br />Safety endpoints were in the pre-specified analysis plan procedures.</p>"
2,1,N° of participants with at least one serious adverse event at the end of follow-up,Oral,1,SUBGROUP_AND_OVERALL,Montalban 2018_amended,2018,,,,,12,124,,,5,48,,,9.190347,0.929032,0.345678,2.496839,,Some concerns,"<p>""A central interactive voice response system was used to allocate patients using a computer-generated treatment randomisation code and treatment groups were assigned with a block size of 6"".<br />There are differences in number of females, number of T1 Gd+ lesions and T2 lesions volume, and probably in the subgroups of MS.</p>",High risk,"<p>The study was double-blind and there was great non-adherence, which is well detailed in figure 1.</p>",Low risk,<p>Authors describe all the causes including SAEs.</p>,Low risk,<p>Authors considered MEdDRA classification.</p>,Low risk,<p>No concerns about this domain.</p>,High risk,"<p>""A central interactive voice response system was used to allocate patients using a computer-generated treatment randomisation code and treatment groups were assigned with a block size of 6"".<br />There are differences in number of females, number of T1 Gad+ lesions and T2 lesions volume, and probably in the subgroups of MS.<br />The study was double-blind and there was great non-adherence, which is well detailed in figure 1.<br />Authors describe all the outcomes, including SAEs.<br />Authors considered MEdDRA classification.<br /> </p>"
2,1,N° of participants with at least one serious adverse event at the end of follow-up,Oral,1,SUBGROUP_AND_OVERALL,Montalban 2018_original protocol,2018,,,,,5,33,,,2,9,,,4.186197,0.681818,0.157577,2.950154,,Some concerns,"<p>This study is made by two studies and the details on randomization are in the amended study. We consider what authors described in the amended study.<br />For some paramethers there are differences expressed in table1, but despite some differences observed at baseline in the demographics of the ONWARD study between the two subgroups, it should be noted that these differences were not meaningful.</p>",Low risk,"<p>This trial is double blind and ""to mantain blinding all patients within 10Kg weight ranges recieved the same numbers of tablets"".<br />Only 5.9% of patients treated in cladribine 5.25 mg/kg deviated from the protocol.</p>",Low risk,<p>All patients included in the different treatments are very well described.<br /> </p>,Low risk,"<p>All SAEs are described in detailes, the assessor was blinded to the treatment.</p>",Some concerns,<p>Data were not analysed in agreement to a prespecified analysis plan.</p>,Some concerns,"<p>This study is made by two studies and the detailes on randomization are in the second study (amended study). For this reason we consider what authors described in the amended.<br />For some paramethers there are differences expressed in the table1.<br />This trial is double blind and ""to mantain blinding all patients within 10Kg weight ranges recieved the same numbers of tablets"".<br />Only 5.9% of patients treated in cladribine 5.25 mg/kg deviated from the protocol.<br />All patients included in the different treatments are very well described.<br />all SAEs are described in detailes. <br />The outcome assessor was blinded to the treatment.<br />Data were not analysed in agreement to a prespecified analysis plan.<br /> </p>"
2,1,N° of participants with at least one serious adverse event at the end of follow-up,Intravenous,2,SUBGROUP_AND_OVERALL,Sipe 1994,1994,,,,,3,27,,,1,24,,,1.863777,2.666667,0.296849,23.955306,,High risk,"<p>Initially, 24 pairs of patients ""were matched for age, gender and disease severity"". Each matched pair ""was randomised by the statistician using random number tables, so that one patient was assigned to the cladribine group and the other to the placebo group"" (we do not know which patient started treatment first, number 1 or 2). In our opinion, this mechanism was biased. In addition, the authors replaced 2 patients lost to FU initially attributed to cladribine without considering their pairs with placebo. Demographic characteristics of patients at baseline are shown in Table 1.</p>",High risk,"<p>""Examining neurologists, nurses, and patients were blinded to the treatment assignments. An unblinded investigator (EB or RM) monitored all the laboratory studies and patients’ complaints and illnesses"".<br />There are no information on treating neurologist, who delivers intervention. There was an unblind investigator who controlled blood examination. <br />Intervention dosage was adapted to blood count.</p>",High risk,"<p>Three patients on cladribine group and 2 patients on placebo group were lost, ""accordingly, 24-months or longer follow-up of 21 of the 24 patients who had received cladribine in the first year and 22 of the 24 patients who had received placebo in the first year "". In both arms the percentage of lost people was less than 10%. ""The loss of these two patients on the initial cladribine arm was not attributed to treatment"" but there are no information on the other patients lost to follow-up. Moreover in the indexed paper (Beutler 1994) at reference 16, there is 1 more patient with hight mielotoxicity and 6 patients with mild mielotoxicity. These suggests that there is no transparency on reporting outcome events. </p>",High risk,"<p>There is no clinical instrument or definition to evaluate at definite time point the serious adverse events.<br>
 Some results are not easy to detect i.e. mielotoxicity in cladribine intervention group (they are published in an other paper). Moreover there is no time point and we considered the biggest lengt of time, at 1 year.&nbsp;</p>",Some concerns,<p>There is no pre specified analysis plan. There are no details on outcome measurements within the outcome domain.</p>,High risk,"<p>Initially 24 pairs of patients were ""matched by age, sex, and disease severity"". ""Each matched pair was randomized by the statistician using random number tables so that one patient was assigned to the group initially receiving cladribine and the other to the group receiving placebo (we do not know which patient started with treatment first, if number 1 or 2)"". This mechanism was on our opinion biased. Moreover authors replaced 2 patients lost at FU initially attributed to cladribine and did not the patient who recieved placebo. Demographic characteristics of patients at study entry were detected from the Table 1.</p><p>""Examining neurologists, nurses, and patients were blinded to the treatment assignments. An unblinded investigator (EB or RM) monitored all the laboratory studies and patients’ complaints and illnesses"".<br />There are no information on treating neurologist, who delivers intervention. There was an unblind investigator who controlled blood examination. <br />Intervention dosage was adapted to blood count.</p><p>Three patients on cladribine group and 2 patients on placebo group were lost. "" Accordingly, 24-months or longer follow-up of 21 of the 24 patients who had received cladribine in the first year and 22 of the 24 patients who had received placebo in the first year "" . In both arms the percentage of lost people was less than 10%. ""The loss of these two patients on the initial cladribine arm was not attributed to treatment"" but there are no information on the other patients lost to follow-up. Moreover in the indexed paper (Beutler 1994) at reference 16, there is 1 more patient with hight mielotoxicity and 6 patients with mild mielotoxicity. These suggests that there is no transparency on reporting outcome events.</p><p>There is no clinical instrument or definition to evaluate at definite time point the serious adverse events.<br />Some results are not easy to detect i.e. mielotoxicity in cladribine intervention group (they are published in an other paper). Moreover there is no time point and we considered the biggest lengt of time, at 1 year. </p><p>There is no pre specified analysis plan. There are no details on outcome measurements within the outcome domain.</p>"
2,1,N° of participants with at least one serious adverse event at the end of follow-up,Subcutaneous,3,SUBGROUP_AND_OVERALL,Rice 2000,2000,,,,,0,105,,,0,54,,,,,,,,High risk,"<p>""Patients were assigned to one of three parallel treatment groups according to a computer-generated randomization schedule stratifyed by baseline disease severity and site"".<br />We believe that the pattern of disease is well different, in fact 36 patients in placebo group were different from 26 and 29 present in the other 2 groups and EDSS score at entry group there were 25 less severe patients over 75 compared to 31 vs 69 and 30 vs 70.<br />No information about concealment allocation.</p>",Some concerns,"<p>To receive a subsequent course of blinded study drug, patients were required to meet the hematologic criteria, which were based on the results of a CBC obtained 2 to 4 days before each dosing period. For a patient who did not meet these criteria, placebo was substituted for the active drug for that dosing period. ""The majority of patients received all eight scheduled courses of therapy"". ""The most common reasons for failure of the dosing criteria were fluctuations in hemoglobin levels and platelet counts, which occurred at a similar frequency in all groups"".</p>",Low risk,"<p>All patients randomized to receive double-blind therapy ""received at least one dose of the study drug, and all are included in the efficacy analysis""; 97% patients completed this phase.<br />There were no withdrawals due to adverse events; ""3% patients withdrew voluntarily from the study"". </p>",High risk,"<p>There is no clear distinction between ""serious adverse event"" and ""adverse event"". Moreover there is no information about hospitalization due to adverse events.</p>",Low risk,<p>There is no standard or clinically clear definition of adverse events and many adverse events are not evaluated beacuse they were attributed to MS and not to drug treatment .</p>,High risk,"<p>""Patients were assigned to one of three parallel treatment groups (cladribine 2.1 mg/ kg; cladribine 0.7 mg/kg; or placebo) according to a computer-generated randomization schedule stratified by baseline disease severity and site"". No information about concealment allocation<br />We believe that 36 patients in placebo group were different from 26 and 29 present in the other 2 groups. in fact in the EDSS score at entry group there were 25 less severe patients over 75 compared to 31 vs 69 and 30 vs 70.<br />To receive a subsequent course of blinded study drug, patients were required to meet the hematologic criteria, which were based on the results of a CBC obtained 2 to 4 days before each dosing period For a patient who did not meet these criteria, placebo was substituted for the active drug for that dosing period. <br />""The majority of patients received all eight scheduled courses of therapy"". ""The most common reasons for failure of the dosing criteria were fluctuations in hemoglobin levels and platelet counts, which occurred at a similar frequency in all groups"".<br />All patients randomized to receive double-blind therapy ""received at least one dose of the study drug, and all are included in the efficacy analysis""; 97% patients completed this phase.<br />There were no withdrawals due to adverse events; ""3% patients withdrew voluntarily from the study "".<br />There is no clear distinction between ""serious adverse event""and ""adverse event"". Moreover there is no information about hospitalization due to adverse events.<br />There is no clear definition of adverse events and many adverse events are not evaluated beacuse they attrbuted to the MS symptoms.</p>"
2,1,N° of participants with at least one serious adverse event at the end of follow-up,Subcutaneous,3,SUBGROUP_AND_OVERALL,Romine 1999,1999,,,,,0,27,,,0,25,,,,,,,,Some concerns,"<p>""The stratified groups were randomized in blocks of four to either the placebo arm or the cladribine arm"". No information about allocation are available.</p>",High risk,"<p>Throughout the study till 12 months, patients, neurologists, nurses, and the neuroradiologist remained blinded to treatment assignment but not till 18 months, where 4 patients were unblinded.</p>",Some concerns,"<p>Two patients during first year withdrew, 1 in placebo arm for conversion disorder and 1 in cladribine arm due to transferring out of state; all of the remaining patients received standard intervention without deviations in the first 12 months. ""During the period from 12 to 18 months, 5 patients on placebo withdrew: 2 moved out of state, 2 withdrew for unspecified reasons, and 1 withdrew because of worsening MS. 1 patient receiving cladribine also withdrew because of worsening MS"". </p>",Some concerns,"<p>There is no definition of SAEs and there are no information on SAEs. During the period from 12 to 18 months, the blinding was removed from 2 cladribine patients and 2 placebo patients. We do not know the reasons.&nbsp;<br>
 &nbsp;</p>",Some concerns,<p>In methods section serious AEs are not specified as an outcome.</p>,High risk,"<p>""The stratified groups were randomized in blocks of four to either the placebo arm or the cladribine arm"". <br />No information about allocation.<br />Throughout the study till 12 months, patients, neurologists, nurses, and the neuroradiologist remained blinded to treatment assignment but not till 18 months, where 4 patients were unblinded.<br />2 patients during first year withdrew, 1 in placebo arm for conversion disorder and 1 in cladribine arm due to transferring out of state; all of the remaining patients received standard intervention without deviations in the first 12 months. ""During the period from 12 to 18 months, 5 patients on placebo withdrew: 2 moved out of state, 2 withdrew for unspecified reasons, and 1 withdrew because of worsening MS. 1 patient receiving cladribine also withdrew because of worsening MS"".<br />There is no definition of SAEs. Authors give more importance on the hematobiological aspect without considering the clinical consequences for patients.<br />During the period from 12 to 18 months, the blinding was removed from 2 cladribine patients and 2 placebo patients. We do not know the reasons.<br />In methods section serious AEs are not specified as an outcome.</p>"
2,1,N° of participants with at least one serious adverse event at the end of follow-up,Subcutaneous,3,SUBGROUP_AND_OVERALL,Stelmasiak 2009,2009,,,,,0,40,,,0,44,,,,,,,,Some concerns,"<p>""Randomization was performed by blind selection of number-coded patient names and prelabeled, and coded vials of cladribine or placebo (saline) were supplied for administration"".<br />""The randomization process was conducted entirely by the cladribine supplier; thus information was concealed from physicians who enrolled or treated patients in the study"".  There is no baseline table, nor information in the text. In our opinion the lack of information  is a suggestion of some difficulties in the balance of enrolled population.</p>",High risk,"<p>""Qualifying patients provided written informed consent and were randomized blindly to group A (cladribine in year 1 and placebo in year 2) or group B (placebo in year 1 and cladribine in year 2)"".<br />84 pazientes were enrolled but data were available only on 80 patiens. 4 patients withdrew from the study in the second year (after the cross over) but were not included in the analysis of the first year, while they were still participating.</p>",Low risk,"<p>""80 patients (95%) completed the study by November 1997"". ""Two patients in group A withdrew during year 2 (while receiving placebo) because of repeated infections (n = 1) and unspecified reasons (n = 1). One patient in group B withdrew during year 2 because he or she did not perceive any improvement in his/her condition. One patient from group B committed suicide during year 2, but this was considered to be unrelated to cladribine treatment"".</p>",Low risk,"<p>""Sixteen infections requiring treatment were reported by patients in each group during the year of cladribine therapy"". ""The annualized incidence of infections requiring treatment (events/person/year), in years 1 and 2, was 0.40 and 0.50 for group A and 0.14 and 0.38 for group B. No infections were considered serious; most were upper respiratory tract infections and all responded to standard antibiotic therapy"".<br />Both patients and investigators who performed the neurological assessments were blinded to laboratory data.</p>",Some concerns,"<p>There are no standard definition of SAEs, only a clinical judgement.&nbsp;</p>",High risk,"<p>""Randomization was performed by blind selection of number-coded patient names and prelabeled, and coded vials of cladribine or placebo (saline) were supplied for administration"".<br />""The randomization process was conducted entirely by the cladribine supplier; thus information was concealed from physicians who enrolled or treated patients in the study"". ""Probably yes"" depends on the fact that the drug industry helped to write the manuscript. In our opinion the lack of information (there is no baseline table showing the population) is a suggestion of some difficulties in the balance of enrolled population.</p><p>""Qualifying patients provided written informed consent and were randomized blindly to group A (cladribine in year 1 and placebo in year 2) or group B (placebo in year 1 and cladribine in year 2)"".<br />84 pazientes were enrolled but data were available only on 80 patiens. 4 patients withdrew from the study in the second year (after the cross over), but were not included in the analysis of the first year, while they were still participating.</p><p>""80 patients (95%) completed the study by November 1997"". ""Two patients in group A withdrew during year 2 (while receiving placebo) because of repeated infections (n = 1) and unspecified reasons (n = 1). One patient in group B withdrew during year 2 because he or she did not perceive any improvement in his/her condition. One patient from group B committed suicide during year 2, but this was considered to be unrelated to cladribine treatment"".</p><p>""Sixteen infections requiring treatment were reported by patients in each group during the year of cladribine therapy. The annualized incidence of infections requiring treatment (events/person/year), in years 1 and 2, was 0.40 and 0.50 for group A and 0.14 and 0.38 for group B. No infections were considered serious; most were upper respiratory tract infections and all responded to standard antibiotic therapy"".<br />Both patients and investigators who performed the neurological assessments were blinded to laboratory data.</p><p>There are no standard definition of SAEs, only a clinical judgement. </p>"
2,2,N° of participants free from disability worsening at the end of follow-up,Oral,1,SUBGROUP_AND_OVERALL,Giovannoni 2010,2010,,,,,758,889,,,347,437,,,65.177251,1.07379,1.01631,1.134521,at &nbsp;24 months,Some concerns,"<p>""Randomisation was performed with the use of a central system and a computer-generated treatment randomisation code, with dynamic allocation by site in permuted blocks of six"".<br />""The demographic and clinical characteristics of the ITT population were generally well-balanced across the three study groups, although patients receiving 3.5 mg of cladribine/Kg had a shorter significative mean duration of disease"".</p>",Low risk,"<p>None. ""To maintain the double-blind nature of the study, all patients within a weight range received the same number of tablets (cladribine or matched placebo)"". </p>",Low risk,"<p>""Overall, 1184 patients (89.3%) completed the 96-week study (91.9% in the cladribine 3.5-mg group, 89.0% in the cladribine 5.25-mg group, and 87.0% in the placebo group)"".</p>",Low risk,"<p>In the analysis of secondary end points, the progression of disability was evaluated, as well as the time to progression. It would be better to evaluate the proportion of patients who were progression-free. This outcome that we considered crucial in our review was considered only in the discussion of the results.<br />No concerns.</p>",High risk,<p>This outcome (as for all the efficacy outcomes) was a part of exploratory analysis in a phase II trial. Bearing this on mind authors give results only for the amended study  (only safety outcomes were considered in both trials). <br />Moreover this outcome was not considered in the prespecified analysis (time to progression was considered but it is a different outcome).</p>,Some concerns,"<p>""Randomization was performed with the use of a central system and a computer-generated treatment randomization code, with dynamic allocation by site in permuted blocks of six"". <br />""The demographic and clinical characteristics of the intention-to-treat population of 1326 patients was generally well balanced across the three study groups, although patients receiving 3.5 mg of cladribine per kilogram had a shorter mean duration of disease (P = 0.005 for the overall comparison)"". <br />""To maintain the double-blind nature of the study, all patients within a weight range received the same number of tablets (cladribine or matched placebo)"". <br />""Overall, 1184 patients (89.3%) completed the 96-week study (91.9% in the cladribine 3.5-mg group, 89.0% in the cladribine 5.25-mg group, and 87.0% in the placebo group)"".<br />In the analysis of secondary end points, the progression of disability was evaluated, as well as the time to progression. It would be better to evaluate the proportion of patients who were progression-free. This outcome, that we considered crucial in our review, was considered only in the discussion of the results.<br />No concerns.<br />This outcome was not considered in the prespecified analysis.<br /><br /> </p>"
2,2,N° of participants free from disability worsening at the end of follow-up,Oral,1,SUBGROUP_AND_OVERALL,Montalban 2018_amended,2018,,,,,105,124,,,42,48,,,28.214153,0.967742,0.849317,1.102679,at 96 weeks (22 months),Some concerns,"<p>""A central interactive voice response system was used to allocate patients using a computer-generated treatment randomisation code and treatment groups were assigned with a block size of 6"".<br />There are differences in number of females, number of T1 Gd+ lesions and T2 lesions volume, and probably in the subgroups of MS.</p>",High risk,<p>The study was double blind. There was a great non adherence that is well detailed in figure 1. This was not a primary end point but a secondary end point.</p>,Low risk,"<p>Authors declared that 19/24 in treatment group and 6 /48 in placebo group had a EDSS progression over 96 weeks, but many participant discontinued treatment .</p>",Low risk,"<p>Independent, evaluating physicians assessed neurologic findings.</p>",High risk,<p>The study was not powered to detect between group differences. For this reason analysis was exploratory (as for all the efficacy outcome).</p>,High risk,"<p>""A central interactive voice response system was used to allocate patients using a computer-generated treatment randomization code and treatment groups were assigned with a block size of 6"".<br />There are differences in number of female, number of T1 Gad+ lesions and T2 lesions volume and probably in the subgroups of MS.</p><p>The study was double blind. There was a great non adherence that is well detailed in figure 1. This was not a primary end point but a secondary end point.</p><p>Authors declared that 19/24 in treatment group and 6 /48 in placebo group had a EDSS progression over 96 weeks, but many participant discontinued treatment .</p><p>Independent, evaluating physicians assessed neurologic findings.</p><p>The study was not powered to detect between group differences. For this reason analysis was exploratory (as for all the efficacy outcome).</p>"
2,2,N° of participants free from disability worsening at the end of follow-up,Intravenous,2,SUBGROUP_AND_OVERALL,Sipe 1994,1994,,,,,23,27,,,16,23,,,6.608596,1.224537,0.895663,1.674168,at 12 months,High risk,"<p>Initially, 24 pairs of patients ""were matched for age, gender and disease severity"". Each matched pair ""was randomised by the statistician using random number tables, so that one patient was assigned to the cladribine group and the other to the placebo group"" (we do not know which patient started treatment first, number 1 or 2). In our opinion, this mechanism was biased. In addition, the authors replaced 2 patients lost to FU initially attributed to cladribine without considering their pairs with placebo. Demographic characteristics of patients at baseline are shown in Table 1.</p>",High risk,"<p>""The examining neurologists, nurses, and patients were blinded to the treatment assignments. An unblinded investigator monitored all the laboratory studies and patients’ complaints and illnesses"". There are no information on treating neurologist, who delivers intervention. There is an unblind investigator who controlled blood examination. Also, an unpaired, intent-to-treat analysis was done on data from all 51 patients; and a paired analysis incorporating data from the 2 cladribine patients lost by month 3 was also undertaken.</p>",Some concerns,"<p>Three patients on cladribine group and 2 patients on placebo group were lost. ""Accordingly, 24-months or longer follow-up of 21 of the 24 patients who had received cladribine in the first year and 22 of the 24 patients who had received placebo in the first year was possible"".<br />In both arms the percentage of lost people was less than 10%.</p>",Low risk,"<p>Neurologic evaluation: Patients were evaluated monthly by means of the Kurtzke extended disability status scale (EDSS) and with the SNRS.<br>
 Every clinician involved in the trial was blind. Actually there are non information on assessor blinding&nbsp;</p>",Some concerns,<p>There is no pre specified analysis plan and disability was the primary outcome but no data are available.<br />There are two scales but results were espressed only in two graphs. we could not include results in the meta anlysis for this reason.</p>,High risk,"<p>""The examining neurologists, nurses, and patients were blinded to the treatment assignments. An unblinded investigator monitored all the laboratory studies and patients’ complaints and illnesses"". There are no information on treating neurologist, who delivers intervention. There is an unblind investigator who controlled blood examination. Also, an unpaired, intent-to-treat analysis was done on data from all 51 patients; and a paired analysis incorporating data from the 2 cladribine patients lost by month 3 was also undertaken.</p><p>Three patients on cladribine group and 2 patients on placebo group were lost. ""Accordingly, 24-mo or longer follow-up of 21 of the 24 patients who had received cladribine in the first year and 22 of the 24 patients who had received placebo in the first year was possible"".<br />In both arms the percentage of lost people was less than 10%.</p><p>Neurologic evaluation: Patients were evaluated monthly by means of the Kurtzke extended disability status scale (EDSS) and with the SNRS.<br />Every clinician involved in the trial was blind. Actually there are non information on assessor blinding. </p><p>There is no pre specified analysis plan and disability was the primary outcome but no data are available.<br />There are two scales but results were espressed only in two graphs. We could not include results in the meta anlysis for this reason .</p>"
2,3,N° of participants who withdrew at the end of follow-up,Oral,1,SUBGROUP_AND_OVERALL,Giovannoni 2010,2010,,,,,85,889,,,57,437,,,25.424941,0.733033,0.534747,1.004846,,Some concerns,"<p>""Randomisation was performed with the use of a central system and a computer-generated treatment randomisation code, with dynamic allocation by site in permuted blocks of six"".<br />""The demographic and clinical characteristics of the ITT population were generally well-balanced across the three study groups, although patients receiving 3.5 mg of cladribine/Kg had a shorter significative mean duration of disease"".</p>",Low risk,"<p>""To maintain the double-blind nature of the study, all patients within a weight range received the same number of tablets (cladribine or matched placebo)"".</p>",Low risk,<p>see table 2 in supplements&nbsp;</p>,Low risk,"<p>At each study site, a treating physician reviewed clinical laboratory results and assessed safety information. An independent evaluating physician who was unaware of study-group assignments performed neurologic examinations and determined whether a clinical event fulfilled criteria.</p>",Low risk,<p>none</p>,Some concerns,"<p>""Randomization was performed with the use of a central system and a computer-generated treatment randomization code, with dynamic allocation by site in permuted blocks of six"".<br>
 ""The demographic and clinical characteristics of the ITT population was generally well balanced across the 3 study groups, although patients receiving 3.5 mg of cladribine per kg had a shorter mean duration of disease"".<br>
 ""To maintain the double-blind nature of the study, all patients within a weight range received the same number of tablets (cladribine or matched placebo)"".<br>
 Safety analysis excluded 2/3/2 patients in the three groups and were equally distributed<br>
 At each study site, a treating physician reviewed clinical laboratory results (at this stage we could speculate that the clinical physician could guess the treatment) and assessed treatment-emergent adverse events and safety information, and an independent evaluating physician who was unaware of study-group assignments performed neurologic examinations and determined whether a clinical event fulfilled criteria.</p>"
2,3,N° of participants who withdrew at the end of follow-up,Oral,1,SUBGROUP_AND_OVERALL,Leist 2014,2014,,,,,118,411,,,31,206,,,24.947618,1.907857,1.333146,2.730321,,Low risk,"<p>""Randomisation was done using a central web-based randomisation system and was stratified by geographic region. Masking was maintained nusing a two-physician model (both doctors were masked)"".<br />""Baseline patient demographics and disease characteristics were well balanced across treatment groups"".</p>",Some concerns,"<p>""Masking was maintained using a two-physician model: the treating physician supervised study medication administration, and recorded and treated adverse events and MS relapses; the evaluating physician assessed all neurological findings and relapses, and was additionally masked to patient laboratory data. Patients were unaware of their treatment assignment"". ""Treatment discontinuation in all groups was common and the most common reasons were patient’s decision, termination of the trial or a Health Authority or sponsor request to stop treatment. Another common reason for withdrawal under the category of “other” was not meeting retreatment criteria according to protocol"". <br />There has been only a description of the analysis and sponsor stopped the trial before prematurely .</p>",Low risk,"<p>""At the end of the study, 149 (24%) patients had permanently discontinued treatment"", but less than 1% were lost to follow up.</p>",Low risk,<p>Methods of measuring the outcome were appropriate. Outcome assessors were blinded to intervention status.</p>,Some concerns,"<p>Authors would tollerate 10% of dropout, and they decided to stop trials as the drop out were high.</p>",Some concerns,"<p>""Randomisation was done using a central web-based randomisation system and was stratified by geographic region. <br />Baseline patient demographics and disease characteristics were well balanced across treatment groups"".</p><p>""Masking was maintained using a two-physician model: the treating physician supervised study medication administration, and recorded and treated adverse events and MS relapses; the evaluating physician assessed all neurological findings and relapses, and was additionally masked to patient laboratory data. Patients were unaware of their treatment assignment"".</p><p>"" Treatment discontinuation in all groups was common and the most common reasons were patient’s decision, termination of the trial or a Health Authority or sponsor request to stop treatment.<br />Another common reason for withdrawal under the category of “other” was not meeting retreatment criteria according to protocol"". <br />There has been only a description of the analysis and sponsor stopped the trial before prematurely.</p><p>"" At the end of the study, 24% of patients had permanently discontinued treatment"", but less than 1% were lost to follow up.</p><p>Methods of measuring the outcome were appropriate. Outcome assessors were blinded to intervention status.</p><p>Authors would tollerate 10% of dropout, and they decided to stop trials as the drop out were high.</p>"
2,3,N° of participants who withdrew at the end of follow-up,Oral,1,SUBGROUP_AND_OVERALL,Montalban 2018_amended,2018,,,,,44,124,,,9,48,,,21.181815,1.892473,1.002968,3.570857,,Some concerns,"<p>""A central interactive voice response system was used to allocate patients using a computer-generated treatment randomisation code and treatment groups were assigned with a block size of 6"".<br />There are differences in number of females, number of T1 Gd+ lesions and T2 lesions volume, and probably in the subgroups of MS.</p>",High risk,"<p>The study was double blind, There was a great non adherence that is well detailed in figure 1. ITT was made only in principal outcome masures and not in this outcome.</p>",Some concerns,"<p>Description is in figure 1; the authors describe all reasons for discontinuation during the double-blind period, but in 8.1% of people in the treatment group and in 22.9% in the placebo group the authors considered a generic ""other"" reasons, not better detailed. Anyway withdrawn is not an outcome in this study.</p>",Low risk,<p>This trial was double blind</p>,Some concerns,<p>There is no any prespecifyed analysis.</p>,High risk,"<p>""A central interactive voice response system was used to allocate patients using a computer-generated treatment randomization code and treatment groups were assigned with a block size of 6"".<br />There are differences in number of female, number of T1 Gad+ lesions and T2 lesions volume and probably in the subgroups of MS, but not meningful.</p><p>Despite some differences observed at baseline in the demographics of the ONWARD study between the two subgroups, it should be noted that there were no meaningful differences.<br />The study was double blind, There was a great non adherence that is well detailed in figure 1. <br />ITT was made only in principal outcome masures and not in this outcome.<br />Description is in figure 1; the authors describe all reasons for discontinuation during the double-blind period, but in 8.1% of people in the treatment group and in 22.9% in the placebo group the authors considered a generic ""other"" reasons, not better detailed. Anyway withdrawn is not an outcome in this study.<br />This trial was double blind, There is no any prespecifyed analysis.</p>"
2,3,N° of participants who withdrew at the end of follow-up,Oral,1,SUBGROUP_AND_OVERALL,Montalban 2018_original protocol,2018,,,,,22,33,,,1,9,,,7.882654,6.0,0.930722,38.679649,,Some concerns,"<p>This study is made by two studies and the details on randomization are in the amended study. We consider what authors described in the amended study.<br />For some paramethers there are differences expressed in table1, but despite some differences observed at baseline in the demographics of the ONWARD study between the two subgroups, it should be noted that these differences were not meaningful.</p>",Low risk,"<p>This study was double blind, ITT was made only in principal outcome masures and not in this outcome.</p>",Some concerns,"<p>Description is in figure 1; the authors describe all reasons for discontinuation during the double-blind period, but in 8.1% of people in the treatment group and in 22.9% in the placebo group the authors considered a generic ""other"" reasons, not better detailed. Anyway withdrawn is not an outcome in this study.</p>",Low risk,<p>This trial was double blind.</p>,Low risk,<p>There is no any prespecifyed analysis</p>,Some concerns,"<p>This study is made by two studies and the details on randomization are in the amended study. We consider what authors described in the amended study. For some paramethers there are differences expressed in table1<br />Despite some differences observed at baseline in the demographics of the ONWARD study between the two subgroups, it should be noted that differences were not meaningful. <br />This study was double blind, ITT was made only in principal outcome measures and not in this outcome.<br />Description is in figure 1; the authors describe all reasons for discontinuation during the double-blind period, but in 8.1% of people in the treatment group and in 22.9% in the placebo group the authors considered a generic ""other"" reasons, not better detailed. Anyway withdrawn is not an outcome in this study.<br />This trial was double blind. There is no any prespecifyed analysis but this trial was interrupted due to Lymphopenia.</p>"
2,3,N° of participants who withdrew at the end of follow-up,Intravenous,2,SUBGROUP_AND_OVERALL,Sipe 1994,1994,,,,,3,27,,,1,24,,,6.180244,2.666667,0.296849,23.955306,,High risk,"<p>Initially, 24 pairs of patients ""were matched for age, gender and disease severity"". Each matched pair ""was randomised by the statistician using random number tables, so that one patient was assigned to the cladribine group and the other to the placebo group"" (we do not know which patient started treatment first, number 1 or 2). In our opinion, this mechanism was biased. In addition, the authors replaced 2 patients lost to FU initially attributed to cladribine without considering their pairs with placebo. Demographic characteristics of patients at baseline are shown in Table 1.</p>",High risk,"<p>Throughout the study, patients, neurologists, nurses, and the neuro radiologist were unaware of the treatment assigned to each patient. Cladribine causes no symptoms on infusion and cannot be distinguished from placebo by patients or professional staff. One investigator was unblind to treatment to check side effects, in fact 4 patients who received cladribine and 2 who received placebo had infusion delayed. This condition of blood count verification in our opinion could have made the treatment predictable. </p><p>The intention to treat is declared but not applicated.<br />There have been several withdrawn and patients were substituted by other people. <br />Two patients lost in the treatment group in 24 couples were substituted, 1 patient lost in placebo group was not substituted.</p>",Low risk,<p>No concerns about this domain.</p>,High risk,"<p>""Masking was maintained using a 2 physician model (both doctors were masked) the treating physician supervised study medication administration"". </p><p>There was an unblinded investigator who substitued withdrawn patients. We do not know his role in evaluating outcome in all patients, two patients dropped out but these two patients were substituted with other two patients who were treated with drug intervention. For this reason we believe that trialists were aware of the treatment</p>",Low risk,<p>No concerns about this domain.</p>,High risk,"<p>""Masking was maintained using a 2 physician model (both doctors were masked) the treating physician supervised study medication administration"". </p><p>There was an unblinded investigator who substitued withdrawn patients. We do not know his role in evaluating outcome in all patients, two patients dropped out but these two patients were substituted with other two patients who were treated with drug intervention. For this reason we believe that trialists were aware of the treatment.</p>"
2,3,N° of participants who withdrew at the end of follow-up,Subcutaneous,3,SUBGROUP_AND_OVERALL,Rice 2000,2000,,,,,4,105,,,0,54,,,3.913919,4.669811,0.256042,85.170006,,High risk,"<p>""Patients were assigned to one of three parallel treatment groups according to a computer-generated randomization schedule stratifyed by baseline disease severity and site"".<br />We believe that the pattern of disease is well different, in fact 36 patients in placebo group were different from 26 and 29 present in the other 2 groups and EDSS score at entry group there were 25 less severe patients over 75 compared to 31 vs 69 and 30 vs 70.<br />No information about concealment allocation.</p>",Some concerns,"<p>To receive a subsequent course of blinded study drug, patients were required to meet the haematologic criteria, which were based on the results of a CBC obtained 2 to 4 days before each dosing period. For a patient who did not meet these criteria, placebo was substituted for the active drug for that dosing period. <br />""3% patients withdrew voluntarily from the study"" before completion of the double-blind phase"" (3 from the low-dose cladribine group and1 from the higher-dose group) and appropriate analysis was not done.</p>",Low risk,"<p>All patients randomized to receive double-blind therapy received at least one dose of the study drug, and all are included in the efficacy analysis; 97% patients completed the double-blind phase.</p>",Low risk,<p>The method of measuring the outcome was appropiate</p>,Some concerns,<p>There is not any prespecified analysis in the published report.&nbsp;</p>,High risk,"<p>""Patients were assigned to one of three parallel treatment groups according to a<br>
 computer-generated randomization schedule stratified by baseline disease severity and site"". No information about concealment allocation<br>
 We believe that 36 patients in placebo group were different from 26 and 29 present in the other 2 groups, in fact in the EDSS score at entry group there were 25 less severe patients over 75 compared to 31 vs 69 and 30 vs 70.""</p>
<p>To receive a subsequent course of blinded study drug, patients were required to meet the hematologic criteria, which were based on the results of a CBC obtained 2 to 4 days before each dosing period. For a patient who did not meet these criteria, placebo was substituted for the active drug for that dosing period.&nbsp;<br>
 3% patients withdrew voluntarily from the study before completion of the double-blind phase (3 from the low-dose cladribine group and1 from the higher-dose group) and appropiate analysis was not done.</p>
<p>All patients randomized to receive double-blind therapy received at least one dose of the study drug, and all are included in the efficacy analysis; 97% patients completed the double-blind phase.</p>
<p>The method of measuring the outcome was appropiate.</p>
<p>There is not any prespecified analysis plan in the published report.&nbsp;</p>"
2,3,N° of participants who withdrew at the end of follow-up,Subcutaneous,3,SUBGROUP_AND_OVERALL,Romine 1999,1999,,,,,2,27,,,6,25,,,10.46881,0.308642,0.068524,1.390177,,Some concerns,"<p>""The stratified groups were randomized in blocks of four to either the placebo arm or the cladribine arm"". No information about allocation are available.</p>",Low risk,"<p>Throughout the study, ""patients, neurologists, nurses, and the neuroradiologist remained blinded to treatment assignment"".</p>",Low risk,<p>Data were available for all participants.</p>,Low risk,<p>There are enough motivation for the withdrow from the study. Assessors were blind.</p>,Low risk,<p>We could get no information.</p>,High risk,"<p>""Patients were assigned to one of three parallel treatment groups according to a<br />computer-generated randomization schedule stratified by baseline disease severity and site"". No information about concealment allocation.<br />We believe that 36 patients in placebo group were different from 26 and 29 present in the other 2 groups, in fact in the EDSS score at entry group there were 25 less severe patients over 75 compared to 31 vs 69 and 30 vs 70.</p><p>To receive a subsequent course of blinded study drug, patients were required to meet the hematologic criteria, which were based on the results of a CBC obtained 2 to 4 days before each dosing period. For a patient who did not meet these criteria, placebo was substituted for the active drug for that dosing period. <br />""3% patients withdrew voluntarily from the study"" before completion of the double-blind phase (3 from the low-dose cladribine group and1 from the higher-dose group) and appropiate analysis was not done.</p><p>All patients randomized to receive double-blind therapy ""received at least one dose of the study drug, and all are included in the efficacy analysis"" 97% patients completed the double-blind phase.</p><p>The method of measuring the outcome was appropriate.</p><p>There is not any prespecified analysis plan in the published report. </p>"
2,3,N° of participants who withdrew at the end of follow-up,Subcutaneous,3,SUBGROUP_AND_OVERALL,Stelmasiak 2009,2009,,,,,0,40,,,0,44,,,,,,,,Some concerns,"<p>""Randomization was performed by blind selection of number-coded patient names and prelabeled, and coded vials of cladribine or placebo (saline) were supplied for administration"".<br />""The randomization process was conducted entirely by the cladribine supplier; thus information was concealed from physicians who enrolled or treated patients in the study"".  There is no baseline table, nor information in the text. In our opinion the lack of information  is a suggestion of some difficulties in the balance of enrolled population.</p>",High risk,"<p>""Qualifying patients provided written informed consent were randomized blindly to group A (cladribine in year 1 and placebo in year 2) or group B (placebo in year 1 and cladribine in year 2)"".<br />The number of paticipants who were randomised and not included in the analysis was 4 out 84 and, in our opinion, due to the low sample size this could have a substantial impact even if the esteem is less than  5% of participants analysed.</p>",Low risk,<p>95% of patients completed the first year study .&nbsp;</p>,High risk,<p>Authors failed to describe the outcome in some patients not considered in the analysis.</p>,Some concerns,<p>There is no prespecified analysis</p>,High risk,"<p>""Randomization was performed by blind selection of number-coded patient names and prelabeled, and coded vials of cladribine or placebo (saline) were supplied for administration"".<br />""The randomization process was conducted entirely by the cladribine supplier; thus information was concealed from physicians who enrolled or treated patients in the study"".<br />No baseline table nor information in the text. In our opinion the lack of information is a suggestion of some difficulties in the balance of enrolled population.<br />""Qualifying patients provided written informed consent and were randomized blindly to group A (cladribine in year 1 and placebo in year 2) or group B (placebo in year 1 and cladribine in year 2)"".<br />The number of paticipants who were not included in the analysis but randomised was 4 out 84 and in our opinion due to the low sample size this could have a substantial impact even if the esteeme is less then 5% of participants analysed.<br />95% of patients completed the first year study.</p>"
2,4,N° of participants with at least one adverse event at the end of follow-up,Oral,1,SUBGROUP_AND_OVERALL,Giovannoni 2010,2010,,,,,728,884,,,319,435,,,34.983871,1.122995,1.052994,1.197649,,Some concerns,"<p>""Randomisation was performed with the use of a central system and a computer-generated treatment randomisation code, with dynamic allocation by site in permuted blocks of six"".<br />""The demographic and clinical characteristics of the ITT population were generally well-balanced across the three study groups, although patients receiving 3.5 mg of cladribine/Kg had a shorter significative mean duration of disease"".</p>",Low risk,"<p>""To maintain the double-blind nature of the study, all patients within a weight range, received the same number of tablets (cladribine or matched placebo)"".<br />Safety analysis excluded 2/3/2 patients in the three groups and were equally distributed.</p>",Low risk,"<p>Lost at follow up were 4 pz in P group, 8 pz in 3.5 Cladribine group and 11 pt in 5.2 cladribine group; for this reason we think that they are almost all patients.</p>",Low risk,"<p>Authors used MeDRA definitions for symptoms, ""that were reported by at least 10% of the patients in any group"". Severity of the event was classified ""according to the following: mild (symptom is easily tolerated); moderate (symptom interferes with or reduces the usual level of activity) and severe (symptom causes substantial impairment of functioning, reduces the usual level of activity, or endangers the patient’s life)"".<br />""At each study site, a treating physician reviewed clinical laboratory results (at this stage we could speculate that the clinical physician could guess the treatment) and assessed treatment-emergent adverse events and safety information,and an independent evaluating physician who was unaware of study-group assignments performed neurologic examinations and determined whether a clinical event fulfilled criteria"".</p>",Low risk,<p>Adverse events were very well descripted but there was no definition to classify them.</p>,Some concerns,"<p>""Randomization was performed with the use of a central system and a computer-generated treatment randomization code, with dynamic<br />allocation by site in permuted blocks of six"".<br />""The demographic and clinical characteristics of the ITT population was generally well balanced across the 3 study groups, although patients receiving 3.5 mg of cladribine per kg had a significatively shorter mean duration of disease "".</p><p>""To maintain the double-blind nature of the study, all patients within a weight range, received the same number of tablets (cladribine or matched placebo)"".<br />Safety analysis excluded 2/3/2 patients in the three groups and were equally distributed.</p><p>Lost at follow up were 4 pz in P group, 8 pz in 3.5 Cladribine group and 11 pt in 5.2 cladribine group; for this reason we think that thery are almost all patients .</p><p>Authors used MeDRA definitions for symptoms, that were reported by at least 10% of the patients in any group. ""Severity of the event was classified according to the following: mild (symptom is easily tolerated); moderate (symptom interferes with or reduces the usual level of activity) and severe (symptom causes substantial impairment of functioning, reduces the usual level of activity, or endangers the patient’s life)"".<br />""At each study site, a treating physician reviewed clinical laboratory results (at this stage we could speculate that the clinical physician could guess the treatment) and assessed treatment-emergent adverse events and safety information,and an independent evaluating physician who was unaware of study-group assignments performed neurologic examinations and determined whether a clinical event fulfilled criteria"".</p><p>Adverse events were very well descripted but there was no definition to classify them.</p>"
2,4,N° of participants with at least one adverse event at the end of follow-up,Oral,1,SUBGROUP_AND_OVERALL,Leist 2014,2014,,,,,333,410,,,162,206,,,32.056092,1.032791,0.948596,1.12446,,Low risk,"<p>""Randomisation was done using a central web-based randomisation system and was stratified by geographic region. Masking was maintained nusing a two-physician model (both doctors were masked)"".<br />""Baseline patient demographics and disease characteristics were well balanced across treatment groups"".</p>",High risk,"<p> ""Masking was maintained using a two-physician model (both doctors were masked)"". ""The treating physician supervised study medication administration, and recorded and treated adverse events and MS relapses; the evaluating physician assessed all neurological findings and relapses, and was additionally masked to patient laboratory data"". <br />""Patients were unaware of their treatment assignment"". Paticipants and people delivering intervention probably were aware of intervention after convertion in MS also during the double blind trial treatment period.<br />""Treatment discontinuation in all groups was most commonly for reasons other than adverse events and they were patient’s decision, termination of the trial or programme, or a Health Authority or sponsor request to stop treatment.<br />Another common reason for withdrawal under the category of “other” was not meeting retreatment criteria according to protocol"". </p>",Low risk,"<p>At the end of the study, 24% of the included patients had permanently discontinued treatment, but less than 1% were lost to follow up.</p>",Low risk,"<p>See table 4 where there is a definition of AE ""Overall incidence of TEAEs (safety population), most common TEAEs (reported by ≥5% of patients of the safety population), and frequency of opportunistic infections"".</p>",Low risk,"<p>""Safety endpoints were adverse events and serious adverse events, vital signs, laboratory variables, and concomitant medications and procedures"".</p>",High risk,"<p>""Randomisation was done using a central web-based randomisation system and was stratified by geographic region"". <br />""Baseline patient demographics and disease characteristics were well balanced across treatment groups"".<br />""Masking was maintained using a two-physician model (both doctors were masked)"". ""The treating physician supervised study medication administration, and recorded and treated adverse events and MS relapses; the evaluating physician assessed all neurological findings and relapses, and was additionally masked to patient laboratory data. Patients were unaware of their treatment assignment but paticipants and people delivering intervention probably were awere of intervention after convertion in MS also during the double blind trial treatment period"".<br />""Treatment discontinuation in all groups was most commonly for reasons other than adverse events and they were patient’s decision, termination of the trial or programme, or a Health Authority or sponsor request to stop treatment.<br />Another common reason for withdrawal under the category of “other” was not meeting retreatment criteria according to protocol"". <br />At the end of the study, 24% of included patients had permanently discontinued treatment, but less than 1% were lost to follow up.<br />See table 4 where there is a defnition of AE ""Overall incidence of TEAEs (safety population), most common TEAEs (reported by ≥5% of patients of the safety population), and frequency of opportunistic infections"". Adverse events and laboratory findings were recorded at study visits and at regularly scheduled interim visits.<br />Safety endpoints were adverse events and serious adverse events, vital signs, laboratory variables, and concomitant medications and procedures.</p>"
2,4,N° of participants with at least one adverse event at the end of follow-up,Oral,1,SUBGROUP_AND_OVERALL,Montalban 2018_amended,2018,,,,,119,124,,,36,48,,,20.521002,1.27957,1.082482,1.512542,,Some concerns,"<p>""A central interactive voice response system was used to allocate patients using a computer-generated treatment randomisation code and treatment groups were assigned with a block size of 6"".<br />There are differences in number of females, number of T1 Gd+ lesions and T2 lesions volume, and probably in the subgroups of MS.</p>",High risk,"<p>The study was double-blind, there was a great non-adherence detailed in figure 1.</p>",Low risk,"<p>The authors describe all reasons for discontinuation during the double-blind period, including AEs, but 8.1% of people in the treatment group and 22.9% in the placebo group authors considered ""other"" reasons, without any better specifications.</p>",Low risk,<p>Authors considered MEDRA classification and provide detailed information on AEs.</p>,Low risk,<p>No concerns about this domain.</p>,High risk,"<p>""A central interactive voice response system was used to allocate patients using a computer-generated treatment randomisation code and treatment groups were assigned with a block size of 6"".<br />There are differences in number of females, number of T1 Gad+ lesions and T2 lesions volume, and probably in the subgroups of MS. The study was double-blind, but there was great non-adherence detailed in figure 1.<br />The authors describe all reasons for discontinuation during the double-blind period, including AEs, but 8.1% of people in the treatment group and 22.9% in the placebo group authors considered ""other"" reasons, not better specified. <br />Authors considered MEDRA classification and provide detailed information on AEs .</p>"
2,4,N° of participants with at least one adverse event at the end of follow-up,Oral,1,SUBGROUP_AND_OVERALL,Montalban 2018_original protocol,2018,,,,,33,33,,,8,9,,,11.932529,1.15917,0.890582,1.50876,,Some concerns,"<p>This study is made by two studies and the details on randomization are in the amended study. We consider what authors described in the amended study.<br />For some paramethers there are differences expressed in table1, but despite some differences observed at baseline in the demographics of the ONWARD study between the two subgroups, it should be noted that these differences were not meaningful.</p>",Low risk,"<p>This trial is double blind and ""to mantain blinding all patients within 10Kg weight ranges recieved the same numbers of tablets"".<br />Only 5.9% of patients treated in cladribine 5.25 mg/kg deviated from the protocol.</p>",Low risk,"<p>Data were available for nearly all partecipants, see table 2.</p>",Low risk,<p>All AEs are described in details. Assessors were blind to the treatment.<br /> </p>,Some concerns,<p>In the short test there were no any prespecified analysis of AEs.</p>,Some concerns,"<p>This study is made by two studies and the detailes on randomization are in the amended study, the secod one. We consider what authors described in the amended study.<br />For some paramethers there are differences expressed in table1</p><p>""This trial is double blind and to mantain blinding all patients within 10Kg weight ranges recieved the same numbers of tablets"".<br />Only 5.9% of patients treated in cladribine 5.25 mg/kg deviated from the protocol.</p><p>Data were available for nearly all partecipants, see table 2.</p><p>All AEs are described in detail, assessors were blind to the treatment.<br />In the short test there were no any prespecified analysis of AEs.</p>"
2,4,N° of participants with at least one adverse event at the end of follow-up,Intravenous,2,SUBGROUP_AND_OVERALL,Sipe 1994,1994,,,,,3,27,,,0,24,,,0.138881,6.25,0.339217,115.15481,,High risk,"<p>Initially, 24 pairs of patients ""were matched for age, gender and disease severity"". Each matched pair ""was randomised by the statistician using random number tables, so that one patient was assigned to the cladribine group and the other to the placebo group"" (we do not know which patient started treatment first, number 1 or 2). In our opinion, this mechanism was biased. In addition, the authors replaced 2 patients lost to FU initially attributed to cladribine without considering their pairs with placebo. Demographic characteristics of patients at baseline are shown in Table 1.</p>",High risk,"<p>Throughout the study, ""patients, neurologists, nurses, and the neuro radiologist were unaware of the treatment assigned to each patient"". Cladribine causes no symptoms on infusion and cannot be distinguished from placebo by patients or professional staff.<br />Thre was an investigator who was unblinded <br />There were a few deviations from the stated drug dosages. In the original protocol a total of six monthly doses had been planned, but this was modified to four courses after the study had been initiated because of a greater than expected decline in the platelet count in some patients. ""One patient received five courses before the decision to reduce dosage had been made. One patient received only two courses, and two patients received only three courses because of thrombocytopenia"". At the beginning of the second phase of the study, five patients who were to have received placebo were given a single 0.7 mg/kg of infusion cladribine by error. Separate analysis showed that the response of these patients was not greater than those of the other patients, and the data of these patients have been retained.</p>",High risk,"<p>3 patients on cladribine group and 2 patients on placebo group were lost, ""the percentage of lost people was less than 10%"", but some people were substituted;</p><p>""the loss of these two patients on the initial cladribine arm was not attributed to treatment"" but there are no information on the other patient lost to follow-up.</p><p>In the bibliographyat number 16 (Beutler 1994), there is 1 more patient with hight mielotoxicity and 6 patients with mild mielotoxicity.This means that there is no transparency on reporting outcome events.<br />AE were not showen in a table were there is a classification in severity .</p>",High risk,<p>There is no clinical instrument or definition to evaluate at definite time point the adverse events only blood counts were obtained during drug administration. Less frequent counts were obtained thereafter. Lymphocyte subset evaluation was done monthly during the course of drug administration and less frequently thereafter.</p>,Some concerns,"<p>There is no pre specified analysis plan, there are no details.</p>",High risk,"<p>Throughout the study, patients, neurologists, nurses, and the neuro radiologist were unaware of the treatment assigned to each patient. Cladribine causes no symptoms on infusion and cannot be distinguished from placebo by patients or professional staff.<br />Thre was an investigator who was unblinded.<br />There were a few deviations from the stated drug dosages. In the original protocol a total of six monthly doses had been planned, but this was modified to four courses after the study had been initiated because of a greater than expected decline in the platelet count in some patients. ""One patient received five courses before the decision to reduce dosage had been made"". ""One patient received only two courses, and two patients received only three courses because of thrombocytopenia"". At the beginning of the second phase of the study, five patients who were to have received placebo were given a single 0.7 mg/kg of infusion cladribine by error. Separate analysis showed that the response of these patients was not greater than those of the other patients, and the data of these patients have been retained.</p><p>3 patients on cladribine group and 2 patients on placebo group were lost, the percentage of lost people was less than 10%, but some people were substituted;</p><p>""the loss of these two patients on the initial cladribine arm was not attributed to treatment"" but there are no information on the other patient lost to follow-up.</p><p>In the bibliography at number 16 (Beutler 1994), there is 1 more patient with hight mielotoxicity and 6 patients with mild mielotoxicity. these means that there is no transparency on reporting outcome events.<br />AE were not shown in a table were there is a classification based on severity .</p><p>There is no clinical instrument or definition to evaluate at definite time point the adverse events; only blood counts were obtained during drug administration. Less frequent counts were obtained thereafter. Lymphocyte subset evaluation was done monthly during the course of drug administration and less frequently thereafter.</p><p>There is no pre specified analysis plan, there are no details.</p>"
2,4,N° of participants with at least one adverse event at the end of follow-up,Subcutaneous,3,SUBGROUP_AND_OVERALL,Romine 1999,1999,,,,,2,27,,,1,25,,,0.21528,1.851852,0.178741,19.186141,,Some concerns,"<p>""The stratified groups were randomized in blocks of four to either the placebo arm or the cladribine arm"". No information about allocation are available.</p>",Low risk,"<p>Throughout the study, ""patients, neurologists, nurses, and the neuroradiologist remained blinded to treatment assignment"". </p><p>Only 25 cladribine patients and 19 placebo patients were available for evaluation at the end of 18‐month period; 1 pz cladribine group and 5 patient placebo group interrupted the treatment.</p>",Some concerns,"<p>2 + 5 paticipants withdrown from the trial and we do not know if they had AE.<br />Trial was planned for 18 months; patients were lost form 12 to 18 months and they were unbalanced between the two arms.<br />""During the period from 12 to 18 months, five patients on placebo withdrew: two patients moved out of state, two withdrew for unspecified reasons, and one withdrew because of worsening MS. One patient receiving cladribine also withdrew because of worsening MS"".</p>",High risk,"<p>There is no standard classification of AEs; Authors declare that patients had mild Herpes Zoster infections and no significant other hematological complications.</p><p>Definition of AE is not clear, infact authors give more importance on the hematobiological aspect without considering the real consequences for the patients.</p><p>Probably outcome assessors were blind to treatments.</p>",High risk,<p>In the short test there were no any prespecified analysis of AE.</p>,High risk,"<p>""The stratified groups were randomized in blocks of four to either the placebo arm or the cladribine arm"". <br />No information about allocation are available.<br />""Throughout the study, patients, neurologists, nurses, and the neuroradiologist remained blinded to treatment assignment"".<br />Only ""25 cladribine patients and 19 placebo patients were available for evaluation at the end of 18‐month period""; 1 pz cladribine group and 5 patient placebo group interrupted the treatments. . 2 + 5 paticipants withdrew from the trial and we do not know if they had AE.<br />Trial was planned for 18 months; patients were lost form 12 to 18 months and they were unbalanced between the two arms.<br />During the period from 12 to 18 months, five patients on placebo withdrew: two patients moved out of state, two withdrew for unspecified reasons, and one withdrew because of worsening MS. One patient receiving cladribine also withdrew because of worsening MS.<br />There is no standard classification; Authors declare that patients had ""mild""Herpes Zoster infections and no significant other hematological complications .<br />Definition of AE is not clear, infact authors give more importance on the haemato-biological aspect without considering the real consequences for the patients .<br />In the short test there were no any prespecified analysis of AE</p>"
2,4,N° of participants with at least one adverse event at the end of follow-up,Subcutaneous,3,SUBGROUP_AND_OVERALL,Stelmasiak 2009,2009,,,,,16,40,,,0,44,,,0.152345,36.219512,2.243664,584.692237,,Some concerns,"<p>""Randomization was performed by blind selection of number-coded patient names and prelabeled, and coded vials of cladribine or placebo (saline) were supplied for administration"".<br />""The randomization process was conducted entirely by the cladribine supplier; thus information was concealed from physicians who enrolled or treated patients in the study"".  There is no baseline table, nor information in the text. In our opinion the lack of information  is a suggestion of some difficulties in the balance of enrolled population.</p>",High risk,"<p>84 patientes were enrolled but data were available only on 80 patiens. 4 patients withdrow from the study in the second year but were not included in the analysis of the first year, while they were still participating in the first year included sudy.&nbsp;</p>",Low risk,"<p>""80 patients (95% of the total) completed the study by November 1997"". ""Two patients in group A withdrew during the second year (while receiving placebo) one because of repeated infections and one for unspecified reasons . One patient in group B withdrew during this second year because he/she did not perceive any improvement in his/her condition. 1 patient from group B committed suicide during the second year, but this was considered to be unrelated to cladribine treatment"".</p>",Low risk,"<p>There has been an attempt of classification but there has been no standard evaluation of AE. Authors only expressed ""Sixteen infections requiring treatment were reported by patients in each group during the year of cladribine therapy"".&nbsp;<br>
 Both the patients and the investigators who performed the neurological assessments were blinded to laboratory data.</p>",Some concerns,"<p>There is no prespecified analysis, ""no episodes of infections were considered serious and all responded to standard antibiotic therapy; most were upper respiratory tract infections"". </p>",High risk,"<p>""Randomization was performed by blind selection of number-coded patient names and prelabeled, and coded vials of cladribine or placebo (saline) were supplied for administration"". The randomization process was conducted entirely by the cladribine supplier; thus information was concealed from physicians who enrolled or treated patients in the study. No baseline table nor information in the text. In our opinion the lack of information (there is no baseline table showing the population) is a suggestion of some difficulties in the balance of enrolled population.<br />""Qualifying patients provided written informed consent and were randomized blindly to group A (cladribine in year 1 and placebo in year 2) or group B (placebo in year 1 and cladribine in year 2)"".<br />84 patientes were enrolled but data were only on 80 patiens. 4 patients withdrow from the study in the second year (after the cross over) but were not included in the analysis of the first year, while they were still participating in the first year included study.<br />""80 patients (95% of the total) completed the study by November 1997"". ""Two patients in group A withdrew during the second year (while receiving placebo) one because of repeated infections and one for unspecified reasons . One patient in group B withdrew during the second year because he/she did not perceive any improvement in his/her condition. 1 patient from group B committed suicide during the second year, but this was considered to be unrelated to cladribine treatment"".<br />There has been an attempt of classification but there has been no standard evaluation. </p><p>Authors only declared ""Sixteen infections requiring treatment were reported by patients in each group during the year of cladribine therapy"".<br />Both the patients and the investigators who performed the neurological assessments were blinded to laboratory data.<br />There is no prespecified analysis, ""no episodes of infections were considered serious and all responded to standard antibiotic therapy; most were upper respiratory tract infections"". </p>"
2,5,N° of participants with at least one relapse at the end of follow-up,Oral,1,SUBGROUP_AND_OVERALL,Giovannoni 2010,2010,,,,,184,889,,,171,437,,,100.0,0.528934,0.44452,0.629378,,Some concerns,"<p>""Randomisation was performed with the use of a central system and a computer-generated treatment randomisation code, with dynamic allocation by site in permuted blocks of six"".<br />""The demographic and clinical characteristics of the ITT population were generally well-balanced across the three study groups, although patients receiving 3.5 mg of cladribine/Kg had a shorter significative mean duration of disease"".</p>",Low risk,"<p>""To maintain the double-blind nature of the study, all patients within a weight range received the same number of tablets (cladribine or matched placebo)"".</p>",Low risk,<p>See table 2 in main paper</p>,Low risk,"<p>This is a well validated outocome in MS trials.<br />""An independent evaluating physician, who was unaware of study-group assignments, performed neurologic examinations and determined whether a clinical event fulfilled criteria"".</p>",Low risk,"<p>This is a secondary end point of the study, that was powered to relapse rate and not to people with relapse.</p>",Some concerns,"<p>""Randomization was performed with the use of a central system and a computer-generated treatment randomization code, with dynamic allocation by site in permuted blocks of six"".<br />""The demographic and clinical characteristics of the ITT population was generally well balanced across the 3 study groups, although patients receiving 3.5 mg of cladribine per kg had a significatively shorter mean duration of disease "".</p><p>""To maintain the double-blind nature of the study, all patients within a weight range received the same number of tablets (cladribine or matched placebo)"".</p><p>See table 2 in main paper.</p><p>This is a well validated outcome in MS trials.<br />""An independent evaluating physician, who was unaware of study-group assignments, performed neurologic examinations and determined whether a clinical event fulfilled criteria"".</p><p>This is a secondary end point of the study, that was powered to relapse rate and not to people with relapse.</p>"
2,6,N° of participants with new Gd+ T1 or new/enlarging T2 MRI lesions at the end of follow-up,Oral,1,SUBGROUP_AND_OVERALL,Giovannoni 2010,2010,,,,,354,889,,,323,437,,,46.850631,0.538741,0.488377,0.5943,MRI results from Giovannoni 2010 were published in Comi 2013,Some concerns,"<p>""Randomisation was performed with the use of a central system and a computer-generated treatment randomisation code, with dynamic allocation by site in permuted blocks of six"".<br />""The demographic and clinical characteristics of the ITT population were generally well-balanced across the three study groups, although patients receiving 3.5 mg of cladribine/Kg had a shorter significative mean duration of disease"".</p>",Low risk,"<p>""To maintain the double-blind nature of the study, all patients within a weight range received the same number of tablets (cladribine or matched placebo).""<br />MRI scans were balanced across treatment groups.</p>",Low risk,<p>Data were available for this outcome; 85.7 % of patients at weeks 96 had their scans.</p>,Low risk,"<p>New MRI lesions are a common endpoint in MS trials; however, results summarized as the mean number of lesions are harder to interpret clinically than the absolute number (or proportion) of patients with ≥1 new lesion. The corresponding absolute figures are reported in the Supplementary Materials. MRI scans were evaluated centrally by neuroradiologists who were blinded to treatment allocation.</p>",Some concerns,"<p>The investigators assessed per-patient, per-scan lesion counts and enlargement of individual lesion volumes—two outcomes commonly used in MS trials. These results were reported three years after the initial publication, with extensive discussion of subgroup analyses.</p>",Some concerns,"<p>Randomization was conducted centrally using a computer-generated code with dynamic allocation by site in permuted blocks of six, and baseline characteristics were generally well balanced across the three groups (noting a shorter mean disease duration in the 3.5 mg/kg cladribine arm). Blinding was maintained by providing the same number of tablets (active or matched placebo) within weight ranges, and MRI scheduling was balanced across treatment groups. Outcome completeness was high, with 85.7% of patients having scans at week 96. MRI endpoints were assessed centrally by blinded neuroradiologists, limiting measurement bias; although results were summarized as mean lesion counts—which are less clinically interpretable than the absolute proportion of patients with ≥1 new lesion—those absolute figures are available in the Supplementary Materials. The program also evaluated per-patient, per-scan lesion counts and enlargement of individual lesion volumes, with a follow-up report published three years after the primary paper that included extensive subgroup analyses.</p>"
2,6,N° of participants with new Gd+ T1 or new/enlarging T2 MRI lesions at the end of follow-up,Oral,1,SUBGROUP_AND_OVERALL,Leist 2014,2014,,,,,98,411,,,134,206,,,41.014531,0.366561,0.300211,0.447575,new enhancing T1 lesions,Low risk,"<p>""Randomisation was done using a central web-based randomisation system and was stratified by geographic region. Masking was maintained nusing a two-physician model (both doctors were masked)"".<br />""Baseline patient demographics and disease characteristics were well balanced across treatment groups"".</p>",Some concerns,"<p>""Masking was maintained using a two-physician model (both doctors were masked). <br />The treating physician supervised study medication administration, and recorded and treated adverse events and MS relapses; the evaluating physician assessed all neurological findings and relapses, and was additionally masked to patient laboratory data. Patients were unaware of their treatment assignment.""<br />""Treatment discontinuation in all groups was most commonly for reasons other than adverse events. The most common such reasons for discontinuation were patient’s decision, termination of the trial or programme, or a Health Authority or sponsor request to stop treatment"". <br />""Another common reason for withdrawal under the category of “other” was not meeting retreatment criteria according to protocol"". There has been only a description.</p>",Low risk,"<p>""At the end of the study, 149 (24%) patients had permanently discontinued treatment"", but less than 1% were lost to follow up </p>",Some concerns,"<p>To measure new/enlarging or GAD positive at the end of follow up is a very common outcome in MS clinical trials; in this case we considered patient with incresed or GAD positive lesions. Anyway authors give iformation of our selected and, on our opinion, appropiate outcome.&nbsp;<br>
 Probably assessors knew the intervention only aftere conversion.&nbsp;</p>",Low risk,"<p>Our selected outcome was a secondary endpoint: proportions of patients free from new T1 gadolinium-enhancing lesions and new or enlarging T2 lesions, and numbers of T1 hypointense lesions.</p>",Some concerns,"<p>""Randomisation was done using a central web-based randomisation system and was stratified by geographic region. Masking was maintained nusing a two-physician model (both doctors were masked). <br />Baseline patient demographics and disease characteristics were well balanced across treatment groups"". <br />""Masking was maintained using a two-physician model (both doctors were masked). <br />The treating physician supervised study medication administration, and recorded and treated adverse events and MS relapses; the evaluating physician assessed all neurological findings and relapses, and was additionally masked to patient laboratory data. Patients were unaware of their treatment assignment."" <br />""Treatment discontinuation in all groups was most commonly for reasons other than adverse events. The most common such reasons for discontinuation were patient’s decision, termination of the trial or programme, or a Health Authority or sponsor request to stop treatment. <br />Another common reason for withdrawal under the category of “other” was not meeting retreatment criteria according to protocol"". There has been only a description.<br />""At the end of the study, 149 (24%) patients had permanently discontinued treatment"", but less than 1% were lost to follow up. ""Safety endpoints were adverse events and serious adverse events, vital signs, laboratory variables, and concomitant medications and procedures"". </p>"
2,6,N° of participants with new Gd+ T1 or new/enlarging T2 MRI lesions at the end of follow-up,Intravenous,2,SUBGROUP_AND_OVERALL,Sipe 1994,1994,,,,,1,27,,,2,24,,,1.758197,0.444444,0.042957,4.598372,new enhancing T1 lesions,High risk,"<p>Initially, 24 pairs of patients ""were matched for age, gender and disease severity"". Each matched pair ""was randomised by the statistician using random number tables, so that one patient was assigned to the cladribine group and the other to the placebo group"" (we do not know which patient started treatment first, number 1 or 2). In our opinion, this mechanism was biased. In addition, the authors replaced 2 patients lost to FU initially attributed to cladribine without considering their pairs with placebo. Demographic characteristics of patients at baseline are shown in Table 1.</p>",Low risk,"<p>""Throughout the study, patients, neurologists, nurses, and the neuro radiologist were unaware of the treatment assigned to each patient. Cladribine causes no symptoms on infusion and cannot be distinguished from placebo by patients or professional staff.""</p>",High risk,"<p>""The loss of these 2 patients seemed unattributable to cladribine so we recruited 2 additional matched patients as replacements and assigned them to cladribine. 1 patient receiving placebo withdrew from the study after 4 months on protocol for reasons unrelated to treatment, so we chose not to replace this patient. The analyses reported here refer to the 24 matched pairs of patients (table 1), and exclude the 3 patients on cladribine who did not complete a full year of the study.""</p>",Low risk,<p>Masking was maintained using a two-physician model (both doctors were masked). The treating physician supervised study-medication administration and recorded and managed adverse events.</p>,Low risk,"<p>Our selected outcome was a secondary endpoint: proportions of patients free from new Gd+ T1 lesions and new or enlarging T2 lesions, and numbers of T1 hypointense lesions.</p>",High risk,"<p>Overall risk of bias was judged High because weaknesses in the randomization process and post-randomization handling of participants are likely to have distorted the comparison: matched pairs were randomized by the statistician using random number tables, yet aspects of trial conduct (e.g., blood-count verification and delayed infusions in 4 cladribine and 2 placebo patients) could have made allocation predictable, and two cladribine-assigned participants lost to follow-up were replaced without replacing their placebo counterparts. In addition, deviations from intended intervention occurred—dose intensity and number of courses varied (one patient received five courses before dose reduction; one received only two; two received three due to thrombocytopenia)—and these differences were not accounted for in the analysis. Missing data were handled asymmetrically (“the analyses… exclude the three cladribine patients who did not complete a full year”), introducing attrition/per-protocol bias. Although outcome assessment was blinded in a two-physician model and there were no specific concerns about selective reporting, the combined issues in randomization, deviations, and missing outcome data indicate a high overall risk of bias.</p>"
2,6,N° of participants with new Gd+ T1 or new/enlarging T2 MRI lesions at the end of follow-up,Subcutaneous,3,SUBGROUP_AND_OVERALL,Rice 2000,2000,,,,,8,105,,,10,54,,,10.376641,0.411429,0.172398,0.981877,new enhancing T1 lesions,High risk,"<p>""Patients were assigned to one of three parallel treatment groups according to a computer-generated randomization schedule stratifyed by baseline disease severity and site"".<br />We believe that the pattern of disease is well different, in fact 36 patients in placebo group were different from 26 and 29 present in the other 2 groups and EDSS score at entry group there were 25 less severe patients over 75 compared to 31 vs 69 and 30 vs 70.<br />No information about concealment allocation.</p>",Some concerns,"<p>To receive a subsequent course of blinded study drug, patients were required to meet the hematologic criteria obtained 2 to 4 days before each dosing period. For a patient who did not meet these criteria, placebo was substituted for the active drug for that dosing period. <br />""The majority of patients received all eight scheduled courses of therapy"" (7/54 placebo, 11/53 cladribine 0.7 mg/kg and 16/52 of 2.1 mg/kg-treated patients) and received a placebo substitution. ""The most common reasons for failure of the dosing criteria were fluctuations in hemoglobin levels and platelet counts, which occurred at a similar frequency in all groups"".<br /> </p>",Low risk,<p>Only 4 patients over 159 do not have data for this outcome.</p>,Low risk,"<p>This is a valid end point considered in MS clinical trials, all scan data were blinded to treatment, date, and sequence of scan.</p>",Low risk,<p>No concerns about this domain.</p>,High risk,"<p>""Patients were assigned to one of three parallel treatment groups according to a computer-generated randomization schedule stratifyed by baseline disease severity and site"".<br />We believe that the pattern of disease is well different, in fact 36 patients in placebo group were different from 26 and 29 present in the other 2 groups and EDSS score at entry group there were 25 less severe patients over 75 compared to 31 vs 69 and 30 vs 70.<br />No information about concealment allocation.<br />To receive a subsequent course of blinded study drug, patients were required to meet the hematologic criteria obtained 2 to 4 days before each dosing period. For a patient who did not meet these criteria, placebo was substituted for the active drug for that dosing period. <br />""The majority of patients received all eight scheduled courses of therapy"" (7/54 placebo, 11/53 cladribine 0.7 mg/kg and 16/52 of 2.1 mg/kg-treated patients) and received a placebo substitution. ""The most common reasons for failure of the dosing criteria were fluctuations in hemoglobin levels and platelet counts, which occurred (Authors say) at a similar frequency in all groups"".<br />To receive a subsequent course of blinded study drug, patients were required to meet the hematologic criteria obtained 2 to 4 days before each dosing period. For a patient who did not meet these criteria, placebo was substituted for the active drug for that dosing period. <br />Only 4 patients over 159 do not have data for this outcome<br />This is a valid end point considered in MS clinical trials. All scan data were blinded to treatment, date, and sequence of scans.</p>"
3,1,N° of participants with at least one serious adverse event at the end of follow-up,High dosage,1,SUBGROUP_AND_OVERALL,Giovannoni 2010,2010,,,,,41,454,,,28,435,,,45.421022,1.403005,0.883778,2.227281,"5,25 mg/kg cumulative dose",Some concerns,"<p>""Randomisation was performed with the use of a central system and a computer-generated treatment randomisation code, with dynamic allocation by site in permuted blocks of six"".<br />""The demographic and clinical characteristics of the ITT population were generally well-balanced across the three study groups, although patients receiving 3.5 mg of cladribine/Kg had a shorter significative mean duration of disease"".</p>",Low risk,"<p>""To maintain the double-blind nature of the study, all patients within a weight range received the same number of tablets (cladribine or matched placebo)"".<br>
 Safety analysis excluded 2/3/2 patients in the three groups and were equally distributed</p>",Low risk,<p>Safety analysis excluded 2/3/2 patients in the three groups and were equally distributed.</p>,Low risk,"<p>""Listed are preferred terms from the Medical Dictionary for Regulatory Activities (MedDRA) for symptoms that were reported by at least 10% of the patients in any group"".""Investigators rated the severity of the event according to the following definitions: mild (the event or symptom is easily tolerated); moderate (the event or symptom interferes with or reduces the usual level of activity); and severe (the event or symptom causes substantial impairment of functioning, reduces the usual level of activity, or endangers the patient’s life)"".<br />No concerns.<br />""At each study site, a treating physician reviewed clinical laboratory results (at this stage we could speculate that the clinical physician could guess the treatment) and assessed treatment-emergent adverse events and safety information, and an independent evaluating physician who was unaware of study-group assignments performed neurologic examinations and determined whether a clinical event fulfilled criteria"".</p>",Some concerns,<p>See Medra. Not applicable</p>,Some concerns,"<p>""Randomization was performed with the use of a central system and a computer-generated treatment randomization code, with dynamic allocation by site in permuted blocks of six"".<br />""The demographic and clinical characteristics of the IIT population of 1326 patients was generally well balanced across the 3 study groups, although patients receiving 3.5 mg of cladribine per kg had a shorter mean duration of disease (P=0.005 for the overall comparison)"".<br />""To maintain the double-blind nature of the study, all patients within a weight range received the same number of tablets (cladribine or matched placebo)"".<br />Safety analysis excluded 2/3/2 patients in the three groups and were equally distributed.<br />""Listed are preferred terms from the Medical Dictionary for Regulatory Activities (MedDRA) for symptoms that were reported by at least 10% of the patients in any group"". ""Investigators rated the severity of the event according to the following definitions: mild (the event or symptom is easily tolerated); moderate (the event or symptom interferes with or reduces the usual level of activity); and severe (the event or symptom causes substantial impairment of functioning, reduces the usual level of activity, or endangers the patient’s life)"".<br />""At each study site, a treating physician reviewed clinical laboratory results (at this stage we could speculate that the clinical physician could guess the treatment) and assessed treatment-emergent adverse events and safety information, and an independent evaluating physician who was unaware of study-group assignments performed neurologic examinations and determined whether a clinical event fulfilled criteria""</p>"
3,1,N° of participants with at least one serious adverse event at the end of follow-up,High dosage,1,SUBGROUP_AND_OVERALL,Leist 2014,2014,,,,,10,204,,,21,206,,,37.249148,0.480859,0.232256,0.995561,"5,25 mg/kg cumulative dose",Low risk,"<p>""Randomisation was done using a central web-based randomisation system and was stratified by geographic region. Masking was maintained nusing a two-physician model (both doctors were masked)"".<br />""Baseline patient demographics and disease characteristics were well balanced across treatment groups"".</p>",High risk,"<p>Patients were unaware of their treatment assignment, but patients and people delivering intervention probably were aware of intervention after convertion in MS . Treatment discontinuation in all groups was most commonly for reasons ""other than adverse events"". ""The most common reasons to discontinuatinue treatment were patient’s decision, termination of the trial or programme, or a Health Authority or sponsor request to stop treatment"".</p>",Low risk,"<p>The study was stopped before the scheduled period of follow up, because the study ended prematurely and a low precentage of partecipants completed it. There were only 1% of patients lost to FU</p>",Low risk,"<p>In table 4 we have different and detailed definition of side effects: serious and severe TEAEs (safety population).<br />""Masking was maintained using a two-physician model (both doctors were masked)"". </p>",Low risk,"<p>""Safety endpoints were adverse events and serious adverse events, vital signs, laboratory variables, and concomitant medications and procedures"".</p>",High risk,"<p>""Randomisation was done using a central web-based randomisation system and was stratified by geographic region"". ""Masking was maintained using a two-physician model (both doctors were masked). Baseline patient demographics and disease characteristics were well balanced across treatment groups"".</p><p>Patients were unaware of their treatment assignment, but patients and people delivering intervention probably were aware of intervention after convertion in MS . Treatment discontinuation in all groups was most commonly for reasons ""other than adverse events"". ""The most common reasons to discontinuatinue treatment were patient’s decision, termination of the trial or programme, or a Health Authority or sponsor request to stop treatment"".</p><p>The study was stopped before the scheduled period of follow up, because the study ended prematurely and a low precentage of partecipants completed it<br />There were only 1% of patients lost to FU.</p><p>In table 4 we have different and detailed definition of side effects: serious and severe TEAEs (safety population). <br />Safety endpoints were in the pre-specified analysis plan procedures.</p>"
3,1,N° of participants with at least one serious adverse event at the end of follow-up,High dosage,1,SUBGROUP_AND_OVERALL,Montalban 2018_original protocol,2018,,,,,3,17,,,2,9,,,17.329829,0.794118,0.160912,3.919065,"5,25 mg/kg cumulative dose +INF",Some concerns,"<p>This study is made by two studies and the details on randomization are in the amended study. We consider what authors described in the amended study.<br />For some paramethers there are differences expressed in table1, but despite some differences observed at baseline in the demographics of the ONWARD study between the two subgroups, it should be noted that these differences were not meaningful.</p>",Low risk,"<p>This trial is double blind and ""to mantain blinding all patients within 10Kg weight ranges recieved the same numbers of tablets"".<br />Only 5.9% of patients treated in cladribine 5.25 mg/kg deviated from the protocol.</p>",Low risk,<p>All patients included in the different treatments are very well described.<br /> </p>,Low risk,"<p>All SAEs are described in detailes, the assessor was blinded to the treatment.</p>",Some concerns,<p>Data were not analysed in agreement to a prespecified analysis plan.</p>,Some concerns,"<p>This study is made by two studies and the detailes on randomization are in the second study (amended study). For this reason we consider what authors described in the amended.<br />For some paramethers there are differences expressed in the table1.<br />This trial is double blind and ""to mantain blinding all patients within 10Kg weight ranges recieved the same numbers of tablets"".<br />Only 5.9% of patients treated in cladribine 5.25 mg/kg deviated from the protocol.<br />All patients included in the different treatments are very well described.<br />all SAEs are described in detailes. <br />The outcome assessor was blinded to the treatment.<br />Data were not analysed in agreement to a prespecified analysis plan.<br /> </p>"
3,1,N° of participants with at least one serious adverse event at the end of follow-up,Low dosage,2,SUBGROUP_AND_OVERALL,Giovannoni 2010,2010,,,,,36,430,,,30,435,,,49.275136,1.213953,0.761899,1.934223,"3,5 mg/kg cumulative dose",Some concerns,"<p>""Randomisation was performed with the use of a central system and a computer-generated treatment randomisation code, with dynamic allocation by site in permuted blocks of six"".<br />""The demographic and clinical characteristics of the ITT population were generally well-balanced across the three study groups, although patients receiving 3.5 mg of cladribine/Kg had a shorter significative mean duration of disease"".</p>",Low risk,"<p>""To maintain the double-blind nature of the study, all patients within a weight range received the same number of tablets (cladribine or matched placebo)"".<br>
 Safety analysis excluded 2/3/2 patients in the three groups and were equally distributed</p>",Low risk,<p>Safety analysis excluded 2/3/2 patients in the three groups and were equally distributed.</p>,Low risk,"<p>""Listed are preferred terms from the Medical Dictionary for Regulatory Activities (MedDRA) for symptoms that were reported by at least 10% of the patients in any group"".""Investigators rated the severity of the event according to the following definitions: mild (the event or symptom is easily tolerated); moderate (the event or symptom interferes with or reduces the usual level of activity); and severe (the event or symptom causes substantial impairment of functioning, reduces the usual level of activity, or endangers the patient’s life)"".<br />No concerns.<br />""At each study site, a treating physician reviewed clinical laboratory results (at this stage we could speculate that the clinical physician could guess the treatment) and assessed treatment-emergent adverse events and safety information, and an independent evaluating physician who was unaware of study-group assignments performed neurologic examinations and determined whether a clinical event fulfilled criteria"".</p>",Some concerns,<p>See Medra. Not applicable</p>,Some concerns,"<p>""Randomization was performed with the use of a central system and a computer-generated treatment randomization code, with dynamic allocation by site in permuted blocks of six"".<br />""The demographic and clinical characteristics of the IIT population of 1326 patients was generally well balanced across the 3 study groups, although patients receiving 3.5 mg of cladribine per kg had a shorter mean duration of disease (P=0.005 for the overall comparison)"".<br />""To maintain the double-blind nature of the study, all patients within a weight range received the same number of tablets (cladribine or matched placebo)"".<br />Safety analysis excluded 2/3/2 patients in the three groups and were equally distributed.<br />""Listed are preferred terms from the Medical Dictionary for Regulatory Activities (MedDRA) for symptoms that were reported by at least 10% of the patients in any group"". ""Investigators rated the severity of the event according to the following definitions: mild (the event or symptom is easily tolerated); moderate (the event or symptom interferes with or reduces the usual level of activity); and severe (the event or symptom causes substantial impairment of functioning, reduces the usual level of activity, or endangers the patient’s life)"".<br />""At each study site, a treating physician reviewed clinical laboratory results (at this stage we could speculate that the clinical physician could guess the treatment) and assessed treatment-emergent adverse events and safety information, and an independent evaluating physician who was unaware of study-group assignments performed neurologic examinations and determined whether a clinical event fulfilled criteria""</p>"
3,1,N° of participants with at least one serious adverse event at the end of follow-up,Low dosage,2,SUBGROUP_AND_OVERALL,Leist 2014,2014,,,,,23,206,,,21,206,,,34.198767,1.095238,0.626141,1.915778,"3,5 mg/kg cumulative dose",Low risk,"<p>""Randomisation was done using a central web-based randomisation system and was stratified by geographic region. Masking was maintained nusing a two-physician model (both doctors were masked)"".<br />""Baseline patient demographics and disease characteristics were well balanced across treatment groups"".</p>",High risk,"<p>Patients were unaware of their treatment assignment, but patients and people delivering intervention probably were aware of intervention after convertion in MS . Treatment discontinuation in all groups was most commonly for reasons ""other than adverse events"". ""The most common reasons to discontinuatinue treatment were patient’s decision, termination of the trial or programme, or a Health Authority or sponsor request to stop treatment"".</p>",Low risk,"<p>The study was stopped before the scheduled period of follow up, because the study ended prematurely and a low precentage of partecipants completed it. There were only 1% of patients lost to FU</p>",Low risk,"<p>In table 4 we have different and detailed definition of side effects: serious and severe TEAEs (safety population).<br />""Masking was maintained using a two-physician model (both doctors were masked)"". </p>",Low risk,"<p>""Safety endpoints were adverse events and serious adverse events, vital signs, laboratory variables, and concomitant medications and procedures"".</p>",High risk,"<p>""Randomisation was done using a central web-based randomisation system and was stratified by geographic region"". ""Masking was maintained using a two-physician model (both doctors were masked). Baseline patient demographics and disease characteristics were well balanced across treatment groups"".</p><p>Patients were unaware of their treatment assignment, but patients and people delivering intervention probably were aware of intervention after convertion in MS . Treatment discontinuation in all groups was most commonly for reasons ""other than adverse events"". ""The most common reasons to discontinuatinue treatment were patient’s decision, termination of the trial or programme, or a Health Authority or sponsor request to stop treatment"".</p><p>The study was stopped before the scheduled period of follow up, because the study ended prematurely and a low precentage of partecipants completed it<br />There were only 1% of patients lost to FU.</p><p>In table 4 we have different and detailed definition of side effects: serious and severe TEAEs (safety population). <br />Safety endpoints were in the pre-specified analysis plan procedures.</p>"
3,1,N° of participants with at least one serious adverse event at the end of follow-up,Low dosage,2,SUBGROUP_AND_OVERALL,Montalban 2018_amended,2018,,,,,12,124,,,5,48,,,10.939468,0.929032,0.345678,2.496839,"3,5 mg/kg cumulative dose +INF",Some concerns,"<p>""A central interactive voice response system was used to allocate patients using a computer-generated treatment randomisation code and treatment groups were assigned with a block size of 6"".<br />There are differences in number of females, number of T1 Gd+ lesions and T2 lesions volume, and probably in the subgroups of MS.</p>",High risk,"<p>The study was double-blind and there was great non-adherence, which is well detailed in figure 1.</p>",Low risk,<p>Authors describe all the causes including SAEs.</p>,Low risk,<p>Authors considered MEdDRA classification.</p>,Low risk,<p>No concerns about this domain.</p>,High risk,"<p>""A central interactive voice response system was used to allocate patients using a computer-generated treatment randomisation code and treatment groups were assigned with a block size of 6"".<br />There are differences in number of females, number of T1 Gad+ lesions and T2 lesions volume, and probably in the subgroups of MS.<br />The study was double-blind and there was great non-adherence, which is well detailed in figure 1.<br />Authors describe all the outcomes, including SAEs.<br />Authors considered MEdDRA classification.<br /> </p>"
3,1,N° of participants with at least one serious adverse event at the end of follow-up,Low dosage,2,SUBGROUP_AND_OVERALL,Montalban 2018_original protocol,2018,,,,,2,16,,,2,9,,,3.368134,0.5625,0.094696,3.341298,"3,5 mg/kg cumulative dose",Some concerns,"<p>This study is made by two studies and the details on randomization are in the amended study. We consider what authors described in the amended study.<br />For some paramethers there are differences expressed in table1, but despite some differences observed at baseline in the demographics of the ONWARD study between the two subgroups, it should be noted that these differences were not meaningful.</p>",Low risk,"<p>This trial is double blind and ""to mantain blinding all patients within 10Kg weight ranges recieved the same numbers of tablets"".<br />Only 5.9% of patients treated in cladribine 5.25 mg/kg deviated from the protocol.</p>",Low risk,<p>All patients included in the different treatments are very well described.<br /> </p>,Low risk,"<p>All SAEs are described in detailes, the assessor was blinded to the treatment.</p>",Some concerns,<p>Data were not analysed in agreement to a prespecified analysis plan.</p>,Some concerns,"<p>This study is made by two studies and the detailes on randomization are in the second study (amended study). For this reason we consider what authors described in the amended.<br />For some paramethers there are differences expressed in the table1.<br />This trial is double blind and ""to mantain blinding all patients within 10Kg weight ranges recieved the same numbers of tablets"".<br />Only 5.9% of patients treated in cladribine 5.25 mg/kg deviated from the protocol.<br />All patients included in the different treatments are very well described.<br />all SAEs are described in detailes. <br />The outcome assessor was blinded to the treatment.<br />Data were not analysed in agreement to a prespecified analysis plan.<br /> </p>"
3,1,N° of participants with at least one serious adverse event at the end of follow-up,Low dosage,2,SUBGROUP_AND_OVERALL,Rice 2000,2000,,,,,0,52,,,0,54,,,,,,,"2,1 mg/kg cumulative dose",High risk,"<p>""Patients were assigned to one of three parallel treatment groups according to a computer-generated randomization schedule stratifyed by baseline disease severity and site"".<br />We believe that the pattern of disease is well different, in fact 36 patients in placebo group were different from 26 and 29 present in the other 2 groups and EDSS score at entry group there were 25 less severe patients over 75 compared to 31 vs 69 and 30 vs 70.<br />No information about concealment allocation.</p>",Some concerns,"<p>To receive a subsequent course of blinded study drug, patients were required to meet the hematologic criteria, which were based on the results of a CBC obtained 2 to 4 days before each dosing period. For a patient who did not meet these criteria, placebo was substituted for the active drug for that dosing period. ""The majority of patients received all eight scheduled courses of therapy"". ""The most common reasons for failure of the dosing criteria were fluctuations in hemoglobin levels and platelet counts, which occurred at a similar frequency in all groups"".</p>",Low risk,"<p>All patients randomized to receive double-blind therapy ""received at least one dose of the study drug, and all are included in the efficacy analysis""; 97% patients completed this phase.<br />There were no withdrawals due to adverse events; ""3% patients withdrew voluntarily from the study"". </p>",High risk,"<p>There is no clear distinction between ""serious adverse event"" and ""adverse event"". Moreover there is no information about hospitalization due to adverse events.</p>",Low risk,<p>There is no standard or clinically clear definition of adverse events and many adverse events are not evaluated beacuse they were attributed to MS and not to drug treatment .</p>,High risk,"<p>""Patients were assigned to one of three parallel treatment groups (cladribine 2.1 mg/ kg; cladribine 0.7 mg/kg; or placebo) according to a computer-generated randomization schedule stratified by baseline disease severity and site"". No information about concealment allocation<br />We believe that 36 patients in placebo group were different from 26 and 29 present in the other 2 groups. in fact in the EDSS score at entry group there were 25 less severe patients over 75 compared to 31 vs 69 and 30 vs 70.<br />To receive a subsequent course of blinded study drug, patients were required to meet the hematologic criteria, which were based on the results of a CBC obtained 2 to 4 days before each dosing period For a patient who did not meet these criteria, placebo was substituted for the active drug for that dosing period. <br />""The majority of patients received all eight scheduled courses of therapy"". ""The most common reasons for failure of the dosing criteria were fluctuations in hemoglobin levels and platelet counts, which occurred at a similar frequency in all groups"".<br />All patients randomized to receive double-blind therapy ""received at least one dose of the study drug, and all are included in the efficacy analysis""; 97% patients completed this phase.<br />There were no withdrawals due to adverse events; ""3% patients withdrew voluntarily from the study "".<br />There is no clear distinction between ""serious adverse event""and ""adverse event"". Moreover there is no information about hospitalization due to adverse events.<br />There is no clear definition of adverse events and many adverse events are not evaluated beacuse they attrbuted to the MS symptoms.</p>"
3,1,N° of participants with at least one serious adverse event at the end of follow-up,Low dosage,2,SUBGROUP_AND_OVERALL,Romine 1999,1999,,,,,0,27,,,0,25,,,,,,,2.1 mg/kg cumulative dose,Some concerns,"<p>""The stratified groups were randomized in blocks of four to either the placebo arm or the cladribine arm"". No information about allocation are available.</p>",High risk,"<p>Throughout the study till 12 months, patients, neurologists, nurses, and the neuroradiologist remained blinded to treatment assignment but not till 18 months, where 4 patients were unblinded.</p>",Some concerns,"<p>Two patients during first year withdrew, 1 in placebo arm for conversion disorder and 1 in cladribine arm due to transferring out of state; all of the remaining patients received standard intervention without deviations in the first 12 months. ""During the period from 12 to 18 months, 5 patients on placebo withdrew: 2 moved out of state, 2 withdrew for unspecified reasons, and 1 withdrew because of worsening MS. 1 patient receiving cladribine also withdrew because of worsening MS"". </p>",Some concerns,"<p>There is no definition of SAEs and there are no information on SAEs. During the period from 12 to 18 months, the blinding was removed from 2 cladribine patients and 2 placebo patients. We do not know the reasons.&nbsp;<br>
 &nbsp;</p>",Some concerns,<p>In methods section serious AEs are not specified as an outcome.</p>,High risk,"<p>""The stratified groups were randomized in blocks of four to either the placebo arm or the cladribine arm"". <br />No information about allocation.<br />Throughout the study till 12 months, patients, neurologists, nurses, and the neuroradiologist remained blinded to treatment assignment but not till 18 months, where 4 patients were unblinded.<br />2 patients during first year withdrew, 1 in placebo arm for conversion disorder and 1 in cladribine arm due to transferring out of state; all of the remaining patients received standard intervention without deviations in the first 12 months. ""During the period from 12 to 18 months, 5 patients on placebo withdrew: 2 moved out of state, 2 withdrew for unspecified reasons, and 1 withdrew because of worsening MS. 1 patient receiving cladribine also withdrew because of worsening MS"".<br />There is no definition of SAEs. Authors give more importance on the hematobiological aspect without considering the clinical consequences for patients.<br />During the period from 12 to 18 months, the blinding was removed from 2 cladribine patients and 2 placebo patients. We do not know the reasons.<br />In methods section serious AEs are not specified as an outcome.</p>"
3,1,N° of participants with at least one serious adverse event at the end of follow-up,Low dosage,2,SUBGROUP_AND_OVERALL,Sipe 1994,1994,,,,,3,27,,,1,24,,,2.218494,2.666667,0.296849,23.955306,2.8 mg/kg cumulative dose,High risk,"<p>Initially, 24 pairs of patients ""were matched for age, gender and disease severity"". Each matched pair ""was randomised by the statistician using random number tables, so that one patient was assigned to the cladribine group and the other to the placebo group"" (we do not know which patient started treatment first, number 1 or 2). In our opinion, this mechanism was biased. In addition, the authors replaced 2 patients lost to FU initially attributed to cladribine without considering their pairs with placebo. Demographic characteristics of patients at baseline are shown in Table 1.</p>",High risk,"<p>""Examining neurologists, nurses, and patients were blinded to the treatment assignments. An unblinded investigator (EB or RM) monitored all the laboratory studies and patients’ complaints and illnesses"".<br />There are no information on treating neurologist, who delivers intervention. There was an unblind investigator who controlled blood examination. <br />Intervention dosage was adapted to blood count.</p>",High risk,"<p>Three patients on cladribine group and 2 patients on placebo group were lost, ""accordingly, 24-months or longer follow-up of 21 of the 24 patients who had received cladribine in the first year and 22 of the 24 patients who had received placebo in the first year "". In both arms the percentage of lost people was less than 10%. ""The loss of these two patients on the initial cladribine arm was not attributed to treatment"" but there are no information on the other patients lost to follow-up. Moreover in the indexed paper (Beutler 1994) at reference 16, there is 1 more patient with hight mielotoxicity and 6 patients with mild mielotoxicity. These suggests that there is no transparency on reporting outcome events. </p>",High risk,"<p>There is no clinical instrument or definition to evaluate at definite time point the serious adverse events.<br>
 Some results are not easy to detect i.e. mielotoxicity in cladribine intervention group (they are published in an other paper). Moreover there is no time point and we considered the biggest lengt of time, at 1 year.&nbsp;</p>",Some concerns,<p>There is no pre specified analysis plan. There are no details on outcome measurements within the outcome domain.</p>,High risk,"<p>Initially 24 pairs of patients were ""matched by age, sex, and disease severity"". ""Each matched pair was randomized by the statistician using random number tables so that one patient was assigned to the group initially receiving cladribine and the other to the group receiving placebo (we do not know which patient started with treatment first, if number 1 or 2)"". This mechanism was on our opinion biased. Moreover authors replaced 2 patients lost at FU initially attributed to cladribine and did not the patient who recieved placebo. Demographic characteristics of patients at study entry were detected from the Table 1.</p><p>""Examining neurologists, nurses, and patients were blinded to the treatment assignments. An unblinded investigator (EB or RM) monitored all the laboratory studies and patients’ complaints and illnesses"".<br />There are no information on treating neurologist, who delivers intervention. There was an unblind investigator who controlled blood examination. <br />Intervention dosage was adapted to blood count.</p><p>Three patients on cladribine group and 2 patients on placebo group were lost. "" Accordingly, 24-months or longer follow-up of 21 of the 24 patients who had received cladribine in the first year and 22 of the 24 patients who had received placebo in the first year "" . In both arms the percentage of lost people was less than 10%. ""The loss of these two patients on the initial cladribine arm was not attributed to treatment"" but there are no information on the other patients lost to follow-up. Moreover in the indexed paper (Beutler 1994) at reference 16, there is 1 more patient with hight mielotoxicity and 6 patients with mild mielotoxicity. These suggests that there is no transparency on reporting outcome events.</p><p>There is no clinical instrument or definition to evaluate at definite time point the serious adverse events.<br />Some results are not easy to detect i.e. mielotoxicity in cladribine intervention group (they are published in an other paper). Moreover there is no time point and we considered the biggest lengt of time, at 1 year. </p><p>There is no pre specified analysis plan. There are no details on outcome measurements within the outcome domain.</p>"
3,1,N° of participants with at least one serious adverse event at the end of follow-up,Low dosage,2,SUBGROUP_AND_OVERALL,Stelmasiak 2009,2009,,,,,0,40,,,0,44,,,,,,,2.45 mg/kg cumulative dose,Some concerns,"<p>""Randomization was performed by blind selection of number-coded patient names and prelabeled, and coded vials of cladribine or placebo (saline) were supplied for administration"".<br />""The randomization process was conducted entirely by the cladribine supplier; thus information was concealed from physicians who enrolled or treated patients in the study"".  There is no baseline table, nor information in the text. In our opinion the lack of information  is a suggestion of some difficulties in the balance of enrolled population.</p>",High risk,"<p>""Qualifying patients provided written informed consent and were randomized blindly to group A (cladribine in year 1 and placebo in year 2) or group B (placebo in year 1 and cladribine in year 2)"".<br />84 pazientes were enrolled but data were available only on 80 patiens. 4 patients withdrew from the study in the second year (after the cross over) but were not included in the analysis of the first year, while they were still participating.</p>",Low risk,"<p>""80 patients (95%) completed the study by November 1997"". ""Two patients in group A withdrew during year 2 (while receiving placebo) because of repeated infections (n = 1) and unspecified reasons (n = 1). One patient in group B withdrew during year 2 because he or she did not perceive any improvement in his/her condition. One patient from group B committed suicide during year 2, but this was considered to be unrelated to cladribine treatment"".</p>",Low risk,"<p>""Sixteen infections requiring treatment were reported by patients in each group during the year of cladribine therapy"". ""The annualized incidence of infections requiring treatment (events/person/year), in years 1 and 2, was 0.40 and 0.50 for group A and 0.14 and 0.38 for group B. No infections were considered serious; most were upper respiratory tract infections and all responded to standard antibiotic therapy"".<br />Both patients and investigators who performed the neurological assessments were blinded to laboratory data.</p>",Some concerns,"<p>There are no standard definition of SAEs, only a clinical judgement.&nbsp;</p>",High risk,"<p>""Randomization was performed by blind selection of number-coded patient names and prelabeled, and coded vials of cladribine or placebo (saline) were supplied for administration"".<br />""The randomization process was conducted entirely by the cladribine supplier; thus information was concealed from physicians who enrolled or treated patients in the study"". ""Probably yes"" depends on the fact that the drug industry helped to write the manuscript. In our opinion the lack of information (there is no baseline table showing the population) is a suggestion of some difficulties in the balance of enrolled population.</p><p>""Qualifying patients provided written informed consent and were randomized blindly to group A (cladribine in year 1 and placebo in year 2) or group B (placebo in year 1 and cladribine in year 2)"".<br />84 pazientes were enrolled but data were available only on 80 patiens. 4 patients withdrew from the study in the second year (after the cross over), but were not included in the analysis of the first year, while they were still participating.</p><p>""80 patients (95%) completed the study by November 1997"". ""Two patients in group A withdrew during year 2 (while receiving placebo) because of repeated infections (n = 1) and unspecified reasons (n = 1). One patient in group B withdrew during year 2 because he or she did not perceive any improvement in his/her condition. One patient from group B committed suicide during year 2, but this was considered to be unrelated to cladribine treatment"".</p><p>""Sixteen infections requiring treatment were reported by patients in each group during the year of cladribine therapy. The annualized incidence of infections requiring treatment (events/person/year), in years 1 and 2, was 0.40 and 0.50 for group A and 0.14 and 0.38 for group B. No infections were considered serious; most were upper respiratory tract infections and all responded to standard antibiotic therapy"".<br />Both patients and investigators who performed the neurological assessments were blinded to laboratory data.</p><p>There are no standard definition of SAEs, only a clinical judgement. </p>"
3,2,N° of participants free from disability worsening at the end of follow-up,High dosage,1,SUBGROUP_AND_OVERALL,Giovannoni 2010,2010,,,,,387,456,,,347,437,,,91.217837,1.068804,1.005055,1.136596,"5,25 mg/kg cumulative dose",Some concerns,"<p>""Randomisation was performed with the use of a central system and a computer-generated treatment randomisation code, with dynamic allocation by site in permuted blocks of six"".<br />""The demographic and clinical characteristics of the ITT population were generally well-balanced across the three study groups, although patients receiving 3.5 mg of cladribine/Kg had a shorter significative mean duration of disease"".</p>",Low risk,"<p>None. ""To maintain the double-blind nature of the study, all patients within a weight range received the same number of tablets (cladribine or matched placebo)"". </p>",Low risk,"<p>""Overall, 1184 patients (89.3%) completed the 96-week study (91.9% in the cladribine 3.5-mg group, 89.0% in the cladribine 5.25-mg group, and 87.0% in the placebo group)"".</p>",Low risk,"<p>In the analysis of secondary end points, the progression of disability was evaluated, as well as the time to progression. It would be better to evaluate the proportion of patients who were progression-free. This outcome that we considered crucial in our review was considered only in the discussion of the results.<br />No concerns.</p>",High risk,<p>This outcome (as for all the efficacy outcomes) was a part of exploratory analysis in a phase II trial. Bearing this on mind authors give results only for the amended study  (only safety outcomes were considered in both trials). <br />Moreover this outcome was not considered in the prespecified analysis (time to progression was considered but it is a different outcome).</p>,Some concerns,"<p>""Randomization was performed with the use of a central system and a computer-generated treatment randomization code, with dynamic allocation by site in permuted blocks of six"". <br />""The demographic and clinical characteristics of the intention-to-treat population of 1326 patients was generally well balanced across the three study groups, although patients receiving 3.5 mg of cladribine per kilogram had a shorter mean duration of disease (P = 0.005 for the overall comparison)"". <br />""To maintain the double-blind nature of the study, all patients within a weight range received the same number of tablets (cladribine or matched placebo)"". <br />""Overall, 1184 patients (89.3%) completed the 96-week study (91.9% in the cladribine 3.5-mg group, 89.0% in the cladribine 5.25-mg group, and 87.0% in the placebo group)"".<br />In the analysis of secondary end points, the progression of disability was evaluated, as well as the time to progression. It would be better to evaluate the proportion of patients who were progression-free. This outcome, that we considered crucial in our review, was considered only in the discussion of the results.<br />No concerns.<br />This outcome was not considered in the prespecified analysis.<br /><br /> </p>"
3,2,N° of participants free from disability worsening at the end of follow-up,High dosage,1,SUBGROUP_AND_OVERALL,Sipe 1994,1994,,,,,23,27,,,16,24,,,8.782163,1.277778,0.924441,1.766165,2.8 mg/kg cumulative dose,High risk,"<p>Initially, 24 pairs of patients ""were matched for age, gender and disease severity"". Each matched pair ""was randomised by the statistician using random number tables, so that one patient was assigned to the cladribine group and the other to the placebo group"" (we do not know which patient started treatment first, number 1 or 2). In our opinion, this mechanism was biased. In addition, the authors replaced 2 patients lost to FU initially attributed to cladribine without considering their pairs with placebo. Demographic characteristics of patients at baseline are shown in Table 1.</p>",High risk,"<p>""The examining neurologists, nurses, and patients were blinded to the treatment assignments. An unblinded investigator monitored all the laboratory studies and patients’ complaints and illnesses"". There are no information on treating neurologist, who delivers intervention. There is an unblind investigator who controlled blood examination. Also, an unpaired, intent-to-treat analysis was done on data from all 51 patients; and a paired analysis incorporating data from the 2 cladribine patients lost by month 3 was also undertaken.</p>",Some concerns,"<p>Three patients on cladribine group and 2 patients on placebo group were lost. ""Accordingly, 24-months or longer follow-up of 21 of the 24 patients who had received cladribine in the first year and 22 of the 24 patients who had received placebo in the first year was possible"".<br />In both arms the percentage of lost people was less than 10%.</p>",Low risk,"<p>Neurologic evaluation: Patients were evaluated monthly by means of the Kurtzke extended disability status scale (EDSS) and with the SNRS.<br>
 Every clinician involved in the trial was blind. Actually there are non information on assessor blinding&nbsp;</p>",Some concerns,<p>There is no pre specified analysis plan and disability was the primary outcome but no data are available.<br />There are two scales but results were espressed only in two graphs. we could not include results in the meta anlysis for this reason.</p>,High risk,"<p>""The examining neurologists, nurses, and patients were blinded to the treatment assignments. An unblinded investigator monitored all the laboratory studies and patients’ complaints and illnesses"". There are no information on treating neurologist, who delivers intervention. There is an unblind investigator who controlled blood examination. Also, an unpaired, intent-to-treat analysis was done on data from all 51 patients; and a paired analysis incorporating data from the 2 cladribine patients lost by month 3 was also undertaken.</p><p>Three patients on cladribine group and 2 patients on placebo group were lost. ""Accordingly, 24-mo or longer follow-up of 21 of the 24 patients who had received cladribine in the first year and 22 of the 24 patients who had received placebo in the first year was possible"".<br />In both arms the percentage of lost people was less than 10%.</p><p>Neurologic evaluation: Patients were evaluated monthly by means of the Kurtzke extended disability status scale (EDSS) and with the SNRS.<br />Every clinician involved in the trial was blind. Actually there are non information on assessor blinding. </p><p>There is no pre specified analysis plan and disability was the primary outcome but no data are available.<br />There are two scales but results were espressed only in two graphs. We could not include results in the meta anlysis for this reason .</p>"
3,2,N° of participants free from disability worsening at the end of follow-up,Low dosage,2,SUBGROUP_AND_OVERALL,Giovannoni 2010,2010,,,,,371,433,,,347,437,,,64.581059,1.079041,1.014842,1.147301,"3,5 mg/kg cumulative dose",Some concerns,"<p>""Randomisation was performed with the use of a central system and a computer-generated treatment randomisation code, with dynamic allocation by site in permuted blocks of six"".<br />""The demographic and clinical characteristics of the ITT population were generally well-balanced across the three study groups, although patients receiving 3.5 mg of cladribine/Kg had a shorter significative mean duration of disease"".</p>",Low risk,"<p>None. ""To maintain the double-blind nature of the study, all patients within a weight range received the same number of tablets (cladribine or matched placebo)"". </p>",Low risk,"<p>""Overall, 1184 patients (89.3%) completed the 96-week study (91.9% in the cladribine 3.5-mg group, 89.0% in the cladribine 5.25-mg group, and 87.0% in the placebo group)"".</p>",Low risk,"<p>In the analysis of secondary end points, the progression of disability was evaluated, as well as the time to progression. It would be better to evaluate the proportion of patients who were progression-free. This outcome that we considered crucial in our review was considered only in the discussion of the results.<br />No concerns.</p>",High risk,<p>This outcome (as for all the efficacy outcomes) was a part of exploratory analysis in a phase II trial. Bearing this on mind authors give results only for the amended study  (only safety outcomes were considered in both trials). <br />Moreover this outcome was not considered in the prespecified analysis (time to progression was considered but it is a different outcome).</p>,Some concerns,"<p>""Randomization was performed with the use of a central system and a computer-generated treatment randomization code, with dynamic allocation by site in permuted blocks of six"". <br />""The demographic and clinical characteristics of the intention-to-treat population of 1326 patients was generally well balanced across the three study groups, although patients receiving 3.5 mg of cladribine per kilogram had a shorter mean duration of disease (P = 0.005 for the overall comparison)"". <br />""To maintain the double-blind nature of the study, all patients within a weight range received the same number of tablets (cladribine or matched placebo)"". <br />""Overall, 1184 patients (89.3%) completed the 96-week study (91.9% in the cladribine 3.5-mg group, 89.0% in the cladribine 5.25-mg group, and 87.0% in the placebo group)"".<br />In the analysis of secondary end points, the progression of disability was evaluated, as well as the time to progression. It would be better to evaluate the proportion of patients who were progression-free. This outcome, that we considered crucial in our review, was considered only in the discussion of the results.<br />No concerns.<br />This outcome was not considered in the prespecified analysis.<br /><br /> </p>"
3,2,N° of participants free from disability worsening at the end of follow-up,Low dosage,2,SUBGROUP_AND_OVERALL,Montalban 2018_amended,2018,,,,,105,124,,,42,48,,,35.418941,0.967742,0.849317,1.102679,"3,5 mg/kg cumulative dose +IFN",Some concerns,"<p>""A central interactive voice response system was used to allocate patients using a computer-generated treatment randomisation code and treatment groups were assigned with a block size of 6"".<br />There are differences in number of females, number of T1 Gd+ lesions and T2 lesions volume, and probably in the subgroups of MS.</p>",High risk,<p>The study was double blind. There was a great non adherence that is well detailed in figure 1. This was not a primary end point but a secondary end point.</p>,Low risk,"<p>Authors declared that 19/24 in treatment group and 6 /48 in placebo group had a EDSS progression over 96 weeks, but many participant discontinued treatment .</p>",Low risk,"<p>Independent, evaluating physicians assessed neurologic findings.</p>",High risk,<p>The study was not powered to detect between group differences. For this reason analysis was exploratory (as for all the efficacy outcome).</p>,High risk,"<p>""A central interactive voice response system was used to allocate patients using a computer-generated treatment randomization code and treatment groups were assigned with a block size of 6"".<br />There are differences in number of female, number of T1 Gad+ lesions and T2 lesions volume and probably in the subgroups of MS.</p><p>The study was double blind. There was a great non adherence that is well detailed in figure 1. This was not a primary end point but a secondary end point.</p><p>Authors declared that 19/24 in treatment group and 6 /48 in placebo group had a EDSS progression over 96 weeks, but many participant discontinued treatment .</p><p>Independent, evaluating physicians assessed neurologic findings.</p><p>The study was not powered to detect between group differences. For this reason analysis was exploratory (as for all the efficacy outcome).</p>"
3,3,N° of participants who withdrew at the end of follow-up,High dosage,1,SUBGROUP_AND_OVERALL,Giovannoni 2010,2010,,,,,50,456,,,57,437,,,42.1952,0.840643,0.588622,1.200568,"5,25 mg/kg comulative dose",Some concerns,"<p>""Randomisation was performed with the use of a central system and a computer-generated treatment randomisation code, with dynamic allocation by site in permuted blocks of six"".<br />""The demographic and clinical characteristics of the ITT population were generally well-balanced across the three study groups, although patients receiving 3.5 mg of cladribine/Kg had a shorter significative mean duration of disease"".</p>",Low risk,"<p>""To maintain the double-blind nature of the study, all patients within a weight range received the same number of tablets (cladribine or matched placebo)"".</p>",Low risk,<p>see table 2 in supplements&nbsp;</p>,Low risk,"<p>At each study site, a treating physician reviewed clinical laboratory results and assessed safety information. An independent evaluating physician who was unaware of study-group assignments performed neurologic examinations and determined whether a clinical event fulfilled criteria.</p>",Low risk,<p>none</p>,Some concerns,"<p>""Randomization was performed with the use of a central system and a computer-generated treatment randomization code, with dynamic allocation by site in permuted blocks of six"".<br>
 ""The demographic and clinical characteristics of the ITT population was generally well balanced across the 3 study groups, although patients receiving 3.5 mg of cladribine per kg had a shorter mean duration of disease"".<br>
 ""To maintain the double-blind nature of the study, all patients within a weight range received the same number of tablets (cladribine or matched placebo)"".<br>
 Safety analysis excluded 2/3/2 patients in the three groups and were equally distributed<br>
 At each study site, a treating physician reviewed clinical laboratory results (at this stage we could speculate that the clinical physician could guess the treatment) and assessed treatment-emergent adverse events and safety information, and an independent evaluating physician who was unaware of study-group assignments performed neurologic examinations and determined whether a clinical event fulfilled criteria.</p>"
3,3,N° of participants who withdrew at the end of follow-up,High dosage,1,SUBGROUP_AND_OVERALL,Leist 2014,2014,,,,,70,205,,,31,206,,,41.898168,2.269079,1.557886,3.304941,"5,25 mg/kg comulative dose",Low risk,"<p>""Randomisation was done using a central web-based randomisation system and was stratified by geographic region. Masking was maintained nusing a two-physician model (both doctors were masked)"".<br />""Baseline patient demographics and disease characteristics were well balanced across treatment groups"".</p>",Some concerns,"<p>""Masking was maintained using a two-physician model: the treating physician supervised study medication administration, and recorded and treated adverse events and MS relapses; the evaluating physician assessed all neurological findings and relapses, and was additionally masked to patient laboratory data. Patients were unaware of their treatment assignment"". ""Treatment discontinuation in all groups was common and the most common reasons were patient’s decision, termination of the trial or a Health Authority or sponsor request to stop treatment. Another common reason for withdrawal under the category of “other” was not meeting retreatment criteria according to protocol"". <br />There has been only a description of the analysis and sponsor stopped the trial before prematurely .</p>",Low risk,"<p>""At the end of the study, 149 (24%) patients had permanently discontinued treatment"", but less than 1% were lost to follow up.</p>",Low risk,<p>Methods of measuring the outcome were appropriate. Outcome assessors were blinded to intervention status.</p>,Some concerns,"<p>Authors would tollerate 10% of dropout, and they decided to stop trials as the drop out were high.</p>",Some concerns,"<p>""Randomisation was done using a central web-based randomisation system and was stratified by geographic region. <br />Baseline patient demographics and disease characteristics were well balanced across treatment groups"".</p><p>""Masking was maintained using a two-physician model: the treating physician supervised study medication administration, and recorded and treated adverse events and MS relapses; the evaluating physician assessed all neurological findings and relapses, and was additionally masked to patient laboratory data. Patients were unaware of their treatment assignment"".</p><p>"" Treatment discontinuation in all groups was common and the most common reasons were patient’s decision, termination of the trial or a Health Authority or sponsor request to stop treatment.<br />Another common reason for withdrawal under the category of “other” was not meeting retreatment criteria according to protocol"". <br />There has been only a description of the analysis and sponsor stopped the trial before prematurely.</p><p>"" At the end of the study, 24% of patients had permanently discontinued treatment"", but less than 1% were lost to follow up.</p><p>Methods of measuring the outcome were appropriate. Outcome assessors were blinded to intervention status.</p><p>Authors would tollerate 10% of dropout, and they decided to stop trials as the drop out were high.</p>"
3,3,N° of participants who withdrew at the end of follow-up,High dosage,1,SUBGROUP_AND_OVERALL,Montalban 2018_original protocol,2018,,,,,13,17,,,1,9,,,15.906632,6.882353,1.064357,44.502738,"5,25 mg/kg &nbsp;comulative dose + INF",Some concerns,"<p>This study is made by two studies and the details on randomization are in the amended study. We consider what authors described in the amended study.<br />For some paramethers there are differences expressed in table1, but despite some differences observed at baseline in the demographics of the ONWARD study between the two subgroups, it should be noted that these differences were not meaningful.</p>",Low risk,"<p>This study was double blind, ITT was made only in principal outcome masures and not in this outcome.</p>",Some concerns,"<p>Description is in figure 1; the authors describe all reasons for discontinuation during the double-blind period, but in 8.1% of people in the treatment group and in 22.9% in the placebo group the authors considered a generic ""other"" reasons, not better detailed. Anyway withdrawn is not an outcome in this study.</p>",Low risk,<p>This trial was double blind.</p>,Low risk,<p>There is no any prespecifyed analysis</p>,Some concerns,"<p>This study is made by two studies and the details on randomization are in the amended study. We consider what authors described in the amended study. For some paramethers there are differences expressed in table1<br />Despite some differences observed at baseline in the demographics of the ONWARD study between the two subgroups, it should be noted that differences were not meaningful. <br />This study was double blind, ITT was made only in principal outcome measures and not in this outcome.<br />Description is in figure 1; the authors describe all reasons for discontinuation during the double-blind period, but in 8.1% of people in the treatment group and in 22.9% in the placebo group the authors considered a generic ""other"" reasons, not better detailed. Anyway withdrawn is not an outcome in this study.<br />This trial was double blind. There is no any prespecifyed analysis but this trial was interrupted due to Lymphopenia.</p>"
3,3,N° of participants who withdrew at the end of follow-up,Low dosage,2,SUBGROUP_AND_OVERALL,Giovannoni 2010,2010,,,,,35,433,,,57,437,,,25.501708,0.619707,0.415669,0.923903,"3,5 mg/kg &nbsp;comulative dose",Some concerns,"<p>""Randomisation was performed with the use of a central system and a computer-generated treatment randomisation code, with dynamic allocation by site in permuted blocks of six"".<br />""The demographic and clinical characteristics of the ITT population were generally well-balanced across the three study groups, although patients receiving 3.5 mg of cladribine/Kg had a shorter significative mean duration of disease"".</p>",Low risk,"<p>""To maintain the double-blind nature of the study, all patients within a weight range received the same number of tablets (cladribine or matched placebo)"".</p>",Low risk,<p>see table 2 in supplements&nbsp;</p>,Low risk,"<p>At each study site, a treating physician reviewed clinical laboratory results and assessed safety information. An independent evaluating physician who was unaware of study-group assignments performed neurologic examinations and determined whether a clinical event fulfilled criteria.</p>",Low risk,<p>none</p>,Some concerns,"<p>""Randomization was performed with the use of a central system and a computer-generated treatment randomization code, with dynamic allocation by site in permuted blocks of six"".<br>
 ""The demographic and clinical characteristics of the ITT population was generally well balanced across the 3 study groups, although patients receiving 3.5 mg of cladribine per kg had a shorter mean duration of disease"".<br>
 ""To maintain the double-blind nature of the study, all patients within a weight range received the same number of tablets (cladribine or matched placebo)"".<br>
 Safety analysis excluded 2/3/2 patients in the three groups and were equally distributed<br>
 At each study site, a treating physician reviewed clinical laboratory results (at this stage we could speculate that the clinical physician could guess the treatment) and assessed treatment-emergent adverse events and safety information, and an independent evaluating physician who was unaware of study-group assignments performed neurologic examinations and determined whether a clinical event fulfilled criteria.</p>"
3,3,N° of participants who withdrew at the end of follow-up,Low dosage,2,SUBGROUP_AND_OVERALL,Leist 2014,2014,,,,,48,206,,,31,206,,,25.376495,1.548387,1.029407,2.329014,"3,5 mg/kg &nbsp;comulative dose",Low risk,"<p>""Randomisation was done using a central web-based randomisation system and was stratified by geographic region. Masking was maintained nusing a two-physician model (both doctors were masked)"".<br />""Baseline patient demographics and disease characteristics were well balanced across treatment groups"".</p>",Some concerns,"<p>""Masking was maintained using a two-physician model: the treating physician supervised study medication administration, and recorded and treated adverse events and MS relapses; the evaluating physician assessed all neurological findings and relapses, and was additionally masked to patient laboratory data. Patients were unaware of their treatment assignment"". ""Treatment discontinuation in all groups was common and the most common reasons were patient’s decision, termination of the trial or a Health Authority or sponsor request to stop treatment. Another common reason for withdrawal under the category of “other” was not meeting retreatment criteria according to protocol"". <br />There has been only a description of the analysis and sponsor stopped the trial before prematurely .</p>",Low risk,"<p>""At the end of the study, 149 (24%) patients had permanently discontinued treatment"", but less than 1% were lost to follow up.</p>",Low risk,<p>Methods of measuring the outcome were appropriate. Outcome assessors were blinded to intervention status.</p>,Some concerns,"<p>Authors would tollerate 10% of dropout, and they decided to stop trials as the drop out were high.</p>",Some concerns,"<p>""Randomisation was done using a central web-based randomisation system and was stratified by geographic region. <br />Baseline patient demographics and disease characteristics were well balanced across treatment groups"".</p><p>""Masking was maintained using a two-physician model: the treating physician supervised study medication administration, and recorded and treated adverse events and MS relapses; the evaluating physician assessed all neurological findings and relapses, and was additionally masked to patient laboratory data. Patients were unaware of their treatment assignment"".</p><p>"" Treatment discontinuation in all groups was common and the most common reasons were patient’s decision, termination of the trial or a Health Authority or sponsor request to stop treatment.<br />Another common reason for withdrawal under the category of “other” was not meeting retreatment criteria according to protocol"". <br />There has been only a description of the analysis and sponsor stopped the trial before prematurely.</p><p>"" At the end of the study, 24% of patients had permanently discontinued treatment"", but less than 1% were lost to follow up.</p><p>Methods of measuring the outcome were appropriate. Outcome assessors were blinded to intervention status.</p><p>Authors would tollerate 10% of dropout, and they decided to stop trials as the drop out were high.</p>"
3,3,N° of participants who withdrew at the end of follow-up,Low dosage,2,SUBGROUP_AND_OVERALL,Montalban 2018_amended,2018,,,,,44,124,,,9,48,,,21.837729,1.892473,1.002968,3.570857,"3,5 mg/kg &nbsp;comulative dose +INF&nbsp;",Some concerns,"<p>""A central interactive voice response system was used to allocate patients using a computer-generated treatment randomisation code and treatment groups were assigned with a block size of 6"".<br />There are differences in number of females, number of T1 Gd+ lesions and T2 lesions volume, and probably in the subgroups of MS.</p>",High risk,"<p>The study was double blind, There was a great non adherence that is well detailed in figure 1. ITT was made only in principal outcome masures and not in this outcome.</p>",Some concerns,"<p>Description is in figure 1; the authors describe all reasons for discontinuation during the double-blind period, but in 8.1% of people in the treatment group and in 22.9% in the placebo group the authors considered a generic ""other"" reasons, not better detailed. Anyway withdrawn is not an outcome in this study.</p>",Low risk,<p>This trial was double blind</p>,Some concerns,<p>There is no any prespecifyed analysis.</p>,High risk,"<p>""A central interactive voice response system was used to allocate patients using a computer-generated treatment randomization code and treatment groups were assigned with a block size of 6"".<br />There are differences in number of female, number of T1 Gad+ lesions and T2 lesions volume and probably in the subgroups of MS, but not meningful.</p><p>Despite some differences observed at baseline in the demographics of the ONWARD study between the two subgroups, it should be noted that there were no meaningful differences.<br />The study was double blind, There was a great non adherence that is well detailed in figure 1. <br />ITT was made only in principal outcome masures and not in this outcome.<br />Description is in figure 1; the authors describe all reasons for discontinuation during the double-blind period, but in 8.1% of people in the treatment group and in 22.9% in the placebo group the authors considered a generic ""other"" reasons, not better detailed. Anyway withdrawn is not an outcome in this study.<br />This trial was double blind, There is no any prespecifyed analysis.</p>"
3,3,N° of participants who withdrew at the end of follow-up,Low dosage,2,SUBGROUP_AND_OVERALL,Montalban 2018_original protocol,2018,,,,,9,16,,,1,9,,,7.566664,5.0625,0.758914,33.770492,"3,5 mg/kg &nbsp;comulative dose + INF&nbsp;",Some concerns,"<p>This study is made by two studies and the details on randomization are in the amended study. We consider what authors described in the amended study.<br />For some paramethers there are differences expressed in table1, but despite some differences observed at baseline in the demographics of the ONWARD study between the two subgroups, it should be noted that these differences were not meaningful.</p>",Low risk,"<p>This study was double blind, ITT was made only in principal outcome masures and not in this outcome.</p>",Some concerns,"<p>Description is in figure 1; the authors describe all reasons for discontinuation during the double-blind period, but in 8.1% of people in the treatment group and in 22.9% in the placebo group the authors considered a generic ""other"" reasons, not better detailed. Anyway withdrawn is not an outcome in this study.</p>",Low risk,<p>This trial was double blind.</p>,Low risk,<p>There is no any prespecifyed analysis</p>,Some concerns,"<p>This study is made by two studies and the details on randomization are in the amended study. We consider what authors described in the amended study. For some paramethers there are differences expressed in table1<br />Despite some differences observed at baseline in the demographics of the ONWARD study between the two subgroups, it should be noted that differences were not meaningful. <br />This study was double blind, ITT was made only in principal outcome measures and not in this outcome.<br />Description is in figure 1; the authors describe all reasons for discontinuation during the double-blind period, but in 8.1% of people in the treatment group and in 22.9% in the placebo group the authors considered a generic ""other"" reasons, not better detailed. Anyway withdrawn is not an outcome in this study.<br />This trial was double blind. There is no any prespecifyed analysis but this trial was interrupted due to Lymphopenia.</p>"
3,3,N° of participants who withdrew at the end of follow-up,Low dosage,2,SUBGROUP_AND_OVERALL,Rice 2000,2000,,,,,1,52,,,0,54,,,3.250004,3.113208,0.129686,74.735074,"2,1 mg/kg &nbsp;comulative dose",High risk,"<p>""Patients were assigned to one of three parallel treatment groups according to a computer-generated randomization schedule stratifyed by baseline disease severity and site"".<br />We believe that the pattern of disease is well different, in fact 36 patients in placebo group were different from 26 and 29 present in the other 2 groups and EDSS score at entry group there were 25 less severe patients over 75 compared to 31 vs 69 and 30 vs 70.<br />No information about concealment allocation.</p>",Some concerns,"<p>To receive a subsequent course of blinded study drug, patients were required to meet the haematologic criteria, which were based on the results of a CBC obtained 2 to 4 days before each dosing period. For a patient who did not meet these criteria, placebo was substituted for the active drug for that dosing period. <br />""3% patients withdrew voluntarily from the study"" before completion of the double-blind phase"" (3 from the low-dose cladribine group and1 from the higher-dose group) and appropriate analysis was not done.</p>",Low risk,"<p>All patients randomized to receive double-blind therapy received at least one dose of the study drug, and all are included in the efficacy analysis; 97% patients completed the double-blind phase.</p>",Low risk,<p>The method of measuring the outcome was appropiate</p>,Some concerns,<p>There is not any prespecified analysis in the published report.&nbsp;</p>,High risk,"<p>""Patients were assigned to one of three parallel treatment groups according to a<br>
 computer-generated randomization schedule stratified by baseline disease severity and site"". No information about concealment allocation<br>
 We believe that 36 patients in placebo group were different from 26 and 29 present in the other 2 groups, in fact in the EDSS score at entry group there were 25 less severe patients over 75 compared to 31 vs 69 and 30 vs 70.""</p>
<p>To receive a subsequent course of blinded study drug, patients were required to meet the hematologic criteria, which were based on the results of a CBC obtained 2 to 4 days before each dosing period. For a patient who did not meet these criteria, placebo was substituted for the active drug for that dosing period.&nbsp;<br>
 3% patients withdrew voluntarily from the study before completion of the double-blind phase (3 from the low-dose cladribine group and1 from the higher-dose group) and appropiate analysis was not done.</p>
<p>All patients randomized to receive double-blind therapy received at least one dose of the study drug, and all are included in the efficacy analysis; 97% patients completed the double-blind phase.</p>
<p>The method of measuring the outcome was appropiate.</p>
<p>There is not any prespecified analysis plan in the published report.&nbsp;</p>"
3,3,N° of participants who withdrew at the end of follow-up,Low dosage,2,SUBGROUP_AND_OVERALL,Romine 1999,1999,,,,,2,27,,,6,25,,,10.408863,0.308642,0.068524,1.390177,2.1 mg/kg &nbsp;comulative dose,Some concerns,"<p>""The stratified groups were randomized in blocks of four to either the placebo arm or the cladribine arm"". No information about allocation are available.</p>",Low risk,"<p>Throughout the study, ""patients, neurologists, nurses, and the neuroradiologist remained blinded to treatment assignment"".</p>",Low risk,<p>Data were available for all participants.</p>,Low risk,<p>There are enough motivation for the withdrow from the study. Assessors were blind.</p>,Low risk,<p>We could get no information.</p>,High risk,"<p>""Patients were assigned to one of three parallel treatment groups according to a<br />computer-generated randomization schedule stratified by baseline disease severity and site"". No information about concealment allocation.<br />We believe that 36 patients in placebo group were different from 26 and 29 present in the other 2 groups, in fact in the EDSS score at entry group there were 25 less severe patients over 75 compared to 31 vs 69 and 30 vs 70.</p><p>To receive a subsequent course of blinded study drug, patients were required to meet the hematologic criteria, which were based on the results of a CBC obtained 2 to 4 days before each dosing period. For a patient who did not meet these criteria, placebo was substituted for the active drug for that dosing period. <br />""3% patients withdrew voluntarily from the study"" before completion of the double-blind phase (3 from the low-dose cladribine group and1 from the higher-dose group) and appropiate analysis was not done.</p><p>All patients randomized to receive double-blind therapy ""received at least one dose of the study drug, and all are included in the efficacy analysis"" 97% patients completed the double-blind phase.</p><p>The method of measuring the outcome was appropriate.</p><p>There is not any prespecified analysis plan in the published report. </p>"
3,3,N° of participants who withdrew at the end of follow-up,Low dosage,2,SUBGROUP_AND_OVERALL,Sipe 1994,1994,,,,,3,27,,,1,24,,,6.058537,2.666667,0.296849,23.955306,2.8 mg/kg comulative dose,High risk,"<p>Initially, 24 pairs of patients ""were matched for age, gender and disease severity"". Each matched pair ""was randomised by the statistician using random number tables, so that one patient was assigned to the cladribine group and the other to the placebo group"" (we do not know which patient started treatment first, number 1 or 2). In our opinion, this mechanism was biased. In addition, the authors replaced 2 patients lost to FU initially attributed to cladribine without considering their pairs with placebo. Demographic characteristics of patients at baseline are shown in Table 1.</p>",High risk,"<p>Throughout the study, patients, neurologists, nurses, and the neuro radiologist were unaware of the treatment assigned to each patient. Cladribine causes no symptoms on infusion and cannot be distinguished from placebo by patients or professional staff. One investigator was unblind to treatment to check side effects, in fact 4 patients who received cladribine and 2 who received placebo had infusion delayed. This condition of blood count verification in our opinion could have made the treatment predictable. </p><p>The intention to treat is declared but not applicated.<br />There have been several withdrawn and patients were substituted by other people. <br />Two patients lost in the treatment group in 24 couples were substituted, 1 patient lost in placebo group was not substituted.</p>",Low risk,<p>No concerns about this domain.</p>,High risk,"<p>""Masking was maintained using a 2 physician model (both doctors were masked) the treating physician supervised study medication administration"". </p><p>There was an unblinded investigator who substitued withdrawn patients. We do not know his role in evaluating outcome in all patients, two patients dropped out but these two patients were substituted with other two patients who were treated with drug intervention. For this reason we believe that trialists were aware of the treatment</p>",Low risk,<p>No concerns about this domain.</p>,High risk,"<p>""Masking was maintained using a 2 physician model (both doctors were masked) the treating physician supervised study medication administration"". </p><p>There was an unblinded investigator who substitued withdrawn patients. We do not know his role in evaluating outcome in all patients, two patients dropped out but these two patients were substituted with other two patients who were treated with drug intervention. For this reason we believe that trialists were aware of the treatment.</p>"
3,3,N° of participants who withdrew at the end of follow-up,Low dosage,2,SUBGROUP_AND_OVERALL,Stelmasiak 2009,2009,,,,,0,40,,,0,44,,,,,,,2.45 mg/kg comulative dose,Some concerns,"<p>""Randomization was performed by blind selection of number-coded patient names and prelabeled, and coded vials of cladribine or placebo (saline) were supplied for administration"".<br />""The randomization process was conducted entirely by the cladribine supplier; thus information was concealed from physicians who enrolled or treated patients in the study"".  There is no baseline table, nor information in the text. In our opinion the lack of information  is a suggestion of some difficulties in the balance of enrolled population.</p>",High risk,"<p>""Qualifying patients provided written informed consent were randomized blindly to group A (cladribine in year 1 and placebo in year 2) or group B (placebo in year 1 and cladribine in year 2)"".<br />The number of paticipants who were randomised and not included in the analysis was 4 out 84 and, in our opinion, due to the low sample size this could have a substantial impact even if the esteem is less than  5% of participants analysed.</p>",Low risk,<p>95% of patients completed the first year study .&nbsp;</p>,High risk,<p>Authors failed to describe the outcome in some patients not considered in the analysis.</p>,Some concerns,<p>There is no prespecified analysis</p>,High risk,"<p>""Randomization was performed by blind selection of number-coded patient names and prelabeled, and coded vials of cladribine or placebo (saline) were supplied for administration"".<br />""The randomization process was conducted entirely by the cladribine supplier; thus information was concealed from physicians who enrolled or treated patients in the study"".<br />No baseline table nor information in the text. In our opinion the lack of information is a suggestion of some difficulties in the balance of enrolled population.<br />""Qualifying patients provided written informed consent and were randomized blindly to group A (cladribine in year 1 and placebo in year 2) or group B (placebo in year 1 and cladribine in year 2)"".<br />The number of paticipants who were not included in the analysis but randomised was 4 out 84 and in our opinion due to the low sample size this could have a substantial impact even if the esteeme is less then 5% of participants analysed.<br />95% of patients completed the first year study.</p>"
3,4,N° of participants with at least one adverse event at the end of follow-up,High dosage,1,SUBGROUP_AND_OVERALL,Giovannoni 2010,2010,,,,,381,454,,,319,435,,,53.700644,1.144373,1.067523,1.226756,"5,25 mg/kg cumulative dose",Some concerns,"<p>""Randomisation was performed with the use of a central system and a computer-generated treatment randomisation code, with dynamic allocation by site in permuted blocks of six"".<br />""The demographic and clinical characteristics of the ITT population were generally well-balanced across the three study groups, although patients receiving 3.5 mg of cladribine/Kg had a shorter significative mean duration of disease"".</p>",Low risk,"<p>""To maintain the double-blind nature of the study, all patients within a weight range, received the same number of tablets (cladribine or matched placebo)"".<br />Safety analysis excluded 2/3/2 patients in the three groups and were equally distributed.</p>",Low risk,"<p>Lost at follow up were 4 pz in P group, 8 pz in 3.5 Cladribine group and 11 pt in 5.2 cladribine group; for this reason we think that they are almost all patients.</p>",Low risk,"<p>Authors used MeDRA definitions for symptoms, ""that were reported by at least 10% of the patients in any group"". Severity of the event was classified ""according to the following: mild (symptom is easily tolerated); moderate (symptom interferes with or reduces the usual level of activity) and severe (symptom causes substantial impairment of functioning, reduces the usual level of activity, or endangers the patient’s life)"".<br />""At each study site, a treating physician reviewed clinical laboratory results (at this stage we could speculate that the clinical physician could guess the treatment) and assessed treatment-emergent adverse events and safety information,and an independent evaluating physician who was unaware of study-group assignments performed neurologic examinations and determined whether a clinical event fulfilled criteria"".</p>",Low risk,<p>Adverse events were very well descripted but there was no definition to classify them.</p>,Some concerns,"<p>""Randomization was performed with the use of a central system and a computer-generated treatment randomization code, with dynamic<br />allocation by site in permuted blocks of six"".<br />""The demographic and clinical characteristics of the ITT population was generally well balanced across the 3 study groups, although patients receiving 3.5 mg of cladribine per kg had a significatively shorter mean duration of disease "".</p><p>""To maintain the double-blind nature of the study, all patients within a weight range, received the same number of tablets (cladribine or matched placebo)"".<br />Safety analysis excluded 2/3/2 patients in the three groups and were equally distributed.</p><p>Lost at follow up were 4 pz in P group, 8 pz in 3.5 Cladribine group and 11 pt in 5.2 cladribine group; for this reason we think that thery are almost all patients .</p><p>Authors used MeDRA definitions for symptoms, that were reported by at least 10% of the patients in any group. ""Severity of the event was classified according to the following: mild (symptom is easily tolerated); moderate (symptom interferes with or reduces the usual level of activity) and severe (symptom causes substantial impairment of functioning, reduces the usual level of activity, or endangers the patient’s life)"".<br />""At each study site, a treating physician reviewed clinical laboratory results (at this stage we could speculate that the clinical physician could guess the treatment) and assessed treatment-emergent adverse events and safety information,and an independent evaluating physician who was unaware of study-group assignments performed neurologic examinations and determined whether a clinical event fulfilled criteria"".</p><p>Adverse events were very well descripted but there was no definition to classify them.</p>"
3,4,N° of participants with at least one adverse event at the end of follow-up,High dosage,1,SUBGROUP_AND_OVERALL,Leist 2014,2014,,,,,165,204,,,162,206,,,38.454997,1.028504,0.932913,1.13389,"5,25 mg/kg cumulative dose",Low risk,"<p>""Randomisation was done using a central web-based randomisation system and was stratified by geographic region. Masking was maintained nusing a two-physician model (both doctors were masked)"".<br />""Baseline patient demographics and disease characteristics were well balanced across treatment groups"".</p>",High risk,"<p> ""Masking was maintained using a two-physician model (both doctors were masked)"". ""The treating physician supervised study medication administration, and recorded and treated adverse events and MS relapses; the evaluating physician assessed all neurological findings and relapses, and was additionally masked to patient laboratory data"". <br />""Patients were unaware of their treatment assignment"". Paticipants and people delivering intervention probably were aware of intervention after convertion in MS also during the double blind trial treatment period.<br />""Treatment discontinuation in all groups was most commonly for reasons other than adverse events and they were patient’s decision, termination of the trial or programme, or a Health Authority or sponsor request to stop treatment.<br />Another common reason for withdrawal under the category of “other” was not meeting retreatment criteria according to protocol"". </p>",Low risk,"<p>At the end of the study, 24% of the included patients had permanently discontinued treatment, but less than 1% were lost to follow up.</p>",Low risk,"<p>See table 4 where there is a definition of AE ""Overall incidence of TEAEs (safety population), most common TEAEs (reported by ≥5% of patients of the safety population), and frequency of opportunistic infections"".</p>",Low risk,"<p>""Safety endpoints were adverse events and serious adverse events, vital signs, laboratory variables, and concomitant medications and procedures"".</p>",High risk,"<p>""Randomisation was done using a central web-based randomisation system and was stratified by geographic region"". <br />""Baseline patient demographics and disease characteristics were well balanced across treatment groups"".<br />""Masking was maintained using a two-physician model (both doctors were masked)"". ""The treating physician supervised study medication administration, and recorded and treated adverse events and MS relapses; the evaluating physician assessed all neurological findings and relapses, and was additionally masked to patient laboratory data. Patients were unaware of their treatment assignment but paticipants and people delivering intervention probably were awere of intervention after convertion in MS also during the double blind trial treatment period"".<br />""Treatment discontinuation in all groups was most commonly for reasons other than adverse events and they were patient’s decision, termination of the trial or programme, or a Health Authority or sponsor request to stop treatment.<br />Another common reason for withdrawal under the category of “other” was not meeting retreatment criteria according to protocol"". <br />At the end of the study, 24% of included patients had permanently discontinued treatment, but less than 1% were lost to follow up.<br />See table 4 where there is a defnition of AE ""Overall incidence of TEAEs (safety population), most common TEAEs (reported by ≥5% of patients of the safety population), and frequency of opportunistic infections"". Adverse events and laboratory findings were recorded at study visits and at regularly scheduled interim visits.<br />Safety endpoints were adverse events and serious adverse events, vital signs, laboratory variables, and concomitant medications and procedures.</p>"
3,4,N° of participants with at least one adverse event at the end of follow-up,High dosage,1,SUBGROUP_AND_OVERALL,Montalban 2018_original protocol,2018,,,,,17,17,,,8,9,,,7.844359,1.143791,0.871556,1.50106,"5,25 mg/kg cumulative dose +INF",Some concerns,"<p>This study is made by two studies and the details on randomization are in the amended study. We consider what authors described in the amended study.<br />For some paramethers there are differences expressed in table1, but despite some differences observed at baseline in the demographics of the ONWARD study between the two subgroups, it should be noted that these differences were not meaningful.</p>",Low risk,"<p>This trial is double blind and ""to mantain blinding all patients within 10Kg weight ranges recieved the same numbers of tablets"".<br />Only 5.9% of patients treated in cladribine 5.25 mg/kg deviated from the protocol.</p>",Low risk,"<p>Data were available for nearly all partecipants, see table 2.</p>",Low risk,<p>All AEs are described in details. Assessors were blind to the treatment.<br /> </p>,Some concerns,<p>In the short test there were no any prespecified analysis of AEs.</p>,Some concerns,"<p>This study is made by two studies and the detailes on randomization are in the amended study, the secod one. We consider what authors described in the amended study.<br />For some paramethers there are differences expressed in table1</p><p>""This trial is double blind and to mantain blinding all patients within 10Kg weight ranges recieved the same numbers of tablets"".<br />Only 5.9% of patients treated in cladribine 5.25 mg/kg deviated from the protocol.</p><p>Data were available for nearly all partecipants, see table 2.</p><p>All AEs are described in detail, assessors were blind to the treatment.<br />In the short test there were no any prespecified analysis of AEs.</p>"
3,4,N° of participants with at least one adverse event at the end of follow-up,Low dosage,2,SUBGROUP_AND_OVERALL,Giovannoni 2010,2010,,,,,347,430,,,319,435,,,34.258318,1.100423,1.02282,1.183913,"3,5 mg/kg cumulative dose",Some concerns,"<p>""Randomisation was performed with the use of a central system and a computer-generated treatment randomisation code, with dynamic allocation by site in permuted blocks of six"".<br />""The demographic and clinical characteristics of the ITT population were generally well-balanced across the three study groups, although patients receiving 3.5 mg of cladribine/Kg had a shorter significative mean duration of disease"".</p>",Low risk,"<p>""To maintain the double-blind nature of the study, all patients within a weight range, received the same number of tablets (cladribine or matched placebo)"".<br />Safety analysis excluded 2/3/2 patients in the three groups and were equally distributed.</p>",Low risk,"<p>Lost at follow up were 4 pz in P group, 8 pz in 3.5 Cladribine group and 11 pt in 5.2 cladribine group; for this reason we think that they are almost all patients.</p>",Low risk,"<p>Authors used MeDRA definitions for symptoms, ""that were reported by at least 10% of the patients in any group"". Severity of the event was classified ""according to the following: mild (symptom is easily tolerated); moderate (symptom interferes with or reduces the usual level of activity) and severe (symptom causes substantial impairment of functioning, reduces the usual level of activity, or endangers the patient’s life)"".<br />""At each study site, a treating physician reviewed clinical laboratory results (at this stage we could speculate that the clinical physician could guess the treatment) and assessed treatment-emergent adverse events and safety information,and an independent evaluating physician who was unaware of study-group assignments performed neurologic examinations and determined whether a clinical event fulfilled criteria"".</p>",Low risk,<p>Adverse events were very well descripted but there was no definition to classify them.</p>,Some concerns,"<p>""Randomization was performed with the use of a central system and a computer-generated treatment randomization code, with dynamic<br />allocation by site in permuted blocks of six"".<br />""The demographic and clinical characteristics of the ITT population was generally well balanced across the 3 study groups, although patients receiving 3.5 mg of cladribine per kg had a significatively shorter mean duration of disease "".</p><p>""To maintain the double-blind nature of the study, all patients within a weight range, received the same number of tablets (cladribine or matched placebo)"".<br />Safety analysis excluded 2/3/2 patients in the three groups and were equally distributed.</p><p>Lost at follow up were 4 pz in P group, 8 pz in 3.5 Cladribine group and 11 pt in 5.2 cladribine group; for this reason we think that thery are almost all patients .</p><p>Authors used MeDRA definitions for symptoms, that were reported by at least 10% of the patients in any group. ""Severity of the event was classified according to the following: mild (symptom is easily tolerated); moderate (symptom interferes with or reduces the usual level of activity) and severe (symptom causes substantial impairment of functioning, reduces the usual level of activity, or endangers the patient’s life)"".<br />""At each study site, a treating physician reviewed clinical laboratory results (at this stage we could speculate that the clinical physician could guess the treatment) and assessed treatment-emergent adverse events and safety information,and an independent evaluating physician who was unaware of study-group assignments performed neurologic examinations and determined whether a clinical event fulfilled criteria"".</p><p>Adverse events were very well descripted but there was no definition to classify them.</p>"
3,4,N° of participants with at least one adverse event at the end of follow-up,Low dosage,2,SUBGROUP_AND_OVERALL,Janiec 2001,2001,,,,,3,34,,,0,35,,,0.15444,7.2,0.385832,134.358919,2.1 mg/kg cumulative dose,Some concerns,"<p>""The study was designed as a randomised, placebo controlled, double-blind trial"". ""There were 69 patients matched in pairs by age, sex and disease severity"".<br />There is only the statement that the study is randomised, no information about allocation.<br />Partecipants were matched in pairs but no information are available about any differences.</p>",High risk,"<p>There is the statment that the study was double blind, no more information.</p>",Some concerns,<p>It is not possible to understand the number of partecipants who completed the study because they are not reported.</p>,High risk,"<p>There are no definition about adverse event.<br />""Infectious episodes, which are a serious problem in patients with haematological malignancies treated with cladribine, were rare and limited to urinary tract infections and cases of mild herpes zoster responded well to treatment"". ""As the number of urinary tract infections was almost the same in treated and untreated groups we consider them unlikely to be related to cladribine treatment"".</p>",Some concerns,"<p>They produced results in accordance with the prespecified analysis, but we should bear in mind that this is only the lymphocyte levels in different time points.</p>",High risk,"<p>""The study was designed as a randomised, placebo controlled, double-blind trial. There were 69 patients matched in pairs by age, sex and disease severity"".<br />Just the statement that the study is randomised,  partecipants were matched in pairs but no information are available about any differences.<br />There is the statment that the study was double blind. No more information.<br />It is not possible to understand the number of partecipants who completed the study because they are not reported.</p><p>There is no definition for adverse event.<br />""Infectious episodes, which are a serious problem in patients with haematological malignancies treated with cladribine, were rare and limited to urinary tract infections and cases of mild herpes zoster responding well to treatment. As the number of urinary tract infections was almost the same in<br />treated and untreated groups we consider them unlikely to be related to cladribine treatment"".<br />Authors produced results in accordance with the prespecified analysis, but we should bear in mind that this is only the linfocite levels in different time points</p>"
3,4,N° of participants with at least one adverse event at the end of follow-up,Low dosage,2,SUBGROUP_AND_OVERALL,Leist 2014,2014,,,,,168,206,,,162,206,,,31.100967,1.037037,0.941784,1.141925,"3,5 mg/kg cumulative dose",Low risk,"<p>""Randomisation was done using a central web-based randomisation system and was stratified by geographic region. Masking was maintained nusing a two-physician model (both doctors were masked)"".<br />""Baseline patient demographics and disease characteristics were well balanced across treatment groups"".</p>",High risk,"<p> ""Masking was maintained using a two-physician model (both doctors were masked)"". ""The treating physician supervised study medication administration, and recorded and treated adverse events and MS relapses; the evaluating physician assessed all neurological findings and relapses, and was additionally masked to patient laboratory data"". <br />""Patients were unaware of their treatment assignment"". Paticipants and people delivering intervention probably were aware of intervention after convertion in MS also during the double blind trial treatment period.<br />""Treatment discontinuation in all groups was most commonly for reasons other than adverse events and they were patient’s decision, termination of the trial or programme, or a Health Authority or sponsor request to stop treatment.<br />Another common reason for withdrawal under the category of “other” was not meeting retreatment criteria according to protocol"". </p>",Low risk,"<p>At the end of the study, 24% of the included patients had permanently discontinued treatment, but less than 1% were lost to follow up.</p>",Low risk,"<p>See table 4 where there is a definition of AE ""Overall incidence of TEAEs (safety population), most common TEAEs (reported by ≥5% of patients of the safety population), and frequency of opportunistic infections"".</p>",Low risk,"<p>""Safety endpoints were adverse events and serious adverse events, vital signs, laboratory variables, and concomitant medications and procedures"".</p>",High risk,"<p>""Randomisation was done using a central web-based randomisation system and was stratified by geographic region"". <br />""Baseline patient demographics and disease characteristics were well balanced across treatment groups"".<br />""Masking was maintained using a two-physician model (both doctors were masked)"". ""The treating physician supervised study medication administration, and recorded and treated adverse events and MS relapses; the evaluating physician assessed all neurological findings and relapses, and was additionally masked to patient laboratory data. Patients were unaware of their treatment assignment but paticipants and people delivering intervention probably were awere of intervention after convertion in MS also during the double blind trial treatment period"".<br />""Treatment discontinuation in all groups was most commonly for reasons other than adverse events and they were patient’s decision, termination of the trial or programme, or a Health Authority or sponsor request to stop treatment.<br />Another common reason for withdrawal under the category of “other” was not meeting retreatment criteria according to protocol"". <br />At the end of the study, 24% of included patients had permanently discontinued treatment, but less than 1% were lost to follow up.<br />See table 4 where there is a defnition of AE ""Overall incidence of TEAEs (safety population), most common TEAEs (reported by ≥5% of patients of the safety population), and frequency of opportunistic infections"". Adverse events and laboratory findings were recorded at study visits and at regularly scheduled interim visits.<br />Safety endpoints were adverse events and serious adverse events, vital signs, laboratory variables, and concomitant medications and procedures.</p>"
3,4,N° of participants with at least one adverse event at the end of follow-up,Low dosage,2,SUBGROUP_AND_OVERALL,Montalban 2018_amended,2018,,,,,119,124,,,36,48,,,21.629286,1.27957,1.082482,1.512542,"3,5 mg/kg cumulative dose +INF",Some concerns,"<p>""A central interactive voice response system was used to allocate patients using a computer-generated treatment randomisation code and treatment groups were assigned with a block size of 6"".<br />There are differences in number of females, number of T1 Gd+ lesions and T2 lesions volume, and probably in the subgroups of MS.</p>",High risk,"<p>The study was double-blind, there was a great non-adherence detailed in figure 1.</p>",Low risk,"<p>The authors describe all reasons for discontinuation during the double-blind period, including AEs, but 8.1% of people in the treatment group and 22.9% in the placebo group authors considered ""other"" reasons, without any better specifications.</p>",Low risk,<p>Authors considered MEDRA classification and provide detailed information on AEs.</p>,Low risk,<p>No concerns about this domain.</p>,High risk,"<p>""A central interactive voice response system was used to allocate patients using a computer-generated treatment randomisation code and treatment groups were assigned with a block size of 6"".<br />There are differences in number of females, number of T1 Gad+ lesions and T2 lesions volume, and probably in the subgroups of MS. The study was double-blind, but there was great non-adherence detailed in figure 1.<br />The authors describe all reasons for discontinuation during the double-blind period, including AEs, but 8.1% of people in the treatment group and 22.9% in the placebo group authors considered ""other"" reasons, not better specified. <br />Authors considered MEDRA classification and provide detailed information on AEs .</p>"
3,4,N° of participants with at least one adverse event at the end of follow-up,Low dosage,2,SUBGROUP_AND_OVERALL,Montalban 2018_original protocol,2018,,,,,16,16,,,8,9,,,12.288885,1.141869,0.868895,1.500601,"3,5 mg/kg cumulative dose +INF",Some concerns,"<p>This study is made by two studies and the details on randomization are in the amended study. We consider what authors described in the amended study.<br />For some paramethers there are differences expressed in table1, but despite some differences observed at baseline in the demographics of the ONWARD study between the two subgroups, it should be noted that these differences were not meaningful.</p>",Low risk,"<p>This trial is double blind and ""to mantain blinding all patients within 10Kg weight ranges recieved the same numbers of tablets"".<br />Only 5.9% of patients treated in cladribine 5.25 mg/kg deviated from the protocol.</p>",Low risk,"<p>Data were available for nearly all partecipants, see table 2.</p>",Low risk,<p>All AEs are described in details. Assessors were blind to the treatment.<br /> </p>,Some concerns,<p>In the short test there were no any prespecified analysis of AEs.</p>,Some concerns,"<p>This study is made by two studies and the detailes on randomization are in the amended study, the secod one. We consider what authors described in the amended study.<br />For some paramethers there are differences expressed in table1</p><p>""This trial is double blind and to mantain blinding all patients within 10Kg weight ranges recieved the same numbers of tablets"".<br />Only 5.9% of patients treated in cladribine 5.25 mg/kg deviated from the protocol.</p><p>Data were available for nearly all partecipants, see table 2.</p><p>All AEs are described in detail, assessors were blind to the treatment.<br />In the short test there were no any prespecified analysis of AEs.</p>"
3,4,N° of participants with at least one adverse event at the end of follow-up,Low dosage,2,SUBGROUP_AND_OVERALL,Romine 1999,1999,,,,,2,27,,,1,25,,,0.241431,1.851852,0.178741,19.186141,2.1 mg/kg cumulative dose,Some concerns,"<p>""The stratified groups were randomized in blocks of four to either the placebo arm or the cladribine arm"". No information about allocation are available.</p>",Low risk,"<p>Throughout the study, ""patients, neurologists, nurses, and the neuroradiologist remained blinded to treatment assignment"". </p><p>Only 25 cladribine patients and 19 placebo patients were available for evaluation at the end of 18‐month period; 1 pz cladribine group and 5 patient placebo group interrupted the treatment.</p>",Some concerns,"<p>2 + 5 paticipants withdrown from the trial and we do not know if they had AE.<br />Trial was planned for 18 months; patients were lost form 12 to 18 months and they were unbalanced between the two arms.<br />""During the period from 12 to 18 months, five patients on placebo withdrew: two patients moved out of state, two withdrew for unspecified reasons, and one withdrew because of worsening MS. One patient receiving cladribine also withdrew because of worsening MS"".</p>",High risk,"<p>There is no standard classification of AEs; Authors declare that patients had mild Herpes Zoster infections and no significant other hematological complications.</p><p>Definition of AE is not clear, infact authors give more importance on the hematobiological aspect without considering the real consequences for the patients.</p><p>Probably outcome assessors were blind to treatments.</p>",High risk,<p>In the short test there were no any prespecified analysis of AE.</p>,High risk,"<p>""The stratified groups were randomized in blocks of four to either the placebo arm or the cladribine arm"". <br />No information about allocation are available.<br />""Throughout the study, patients, neurologists, nurses, and the neuroradiologist remained blinded to treatment assignment"".<br />Only ""25 cladribine patients and 19 placebo patients were available for evaluation at the end of 18‐month period""; 1 pz cladribine group and 5 patient placebo group interrupted the treatments. . 2 + 5 paticipants withdrew from the trial and we do not know if they had AE.<br />Trial was planned for 18 months; patients were lost form 12 to 18 months and they were unbalanced between the two arms.<br />During the period from 12 to 18 months, five patients on placebo withdrew: two patients moved out of state, two withdrew for unspecified reasons, and one withdrew because of worsening MS. One patient receiving cladribine also withdrew because of worsening MS.<br />There is no standard classification; Authors declare that patients had ""mild""Herpes Zoster infections and no significant other hematological complications .<br />Definition of AE is not clear, infact authors give more importance on the haemato-biological aspect without considering the real consequences for the patients .<br />In the short test there were no any prespecified analysis of AE</p>"
3,4,N° of participants with at least one adverse event at the end of follow-up,Low dosage,2,SUBGROUP_AND_OVERALL,Sipe 1994,1994,,,,,3,27,,,0,24,,,0.155788,6.25,0.339217,115.15481,2.8 mg/kg cumulative dose,High risk,"<p>Initially, 24 pairs of patients ""were matched for age, gender and disease severity"". Each matched pair ""was randomised by the statistician using random number tables, so that one patient was assigned to the cladribine group and the other to the placebo group"" (we do not know which patient started treatment first, number 1 or 2). In our opinion, this mechanism was biased. In addition, the authors replaced 2 patients lost to FU initially attributed to cladribine without considering their pairs with placebo. Demographic characteristics of patients at baseline are shown in Table 1.</p>",High risk,"<p>Throughout the study, ""patients, neurologists, nurses, and the neuro radiologist were unaware of the treatment assigned to each patient"". Cladribine causes no symptoms on infusion and cannot be distinguished from placebo by patients or professional staff.<br />Thre was an investigator who was unblinded <br />There were a few deviations from the stated drug dosages. In the original protocol a total of six monthly doses had been planned, but this was modified to four courses after the study had been initiated because of a greater than expected decline in the platelet count in some patients. ""One patient received five courses before the decision to reduce dosage had been made. One patient received only two courses, and two patients received only three courses because of thrombocytopenia"". At the beginning of the second phase of the study, five patients who were to have received placebo were given a single 0.7 mg/kg of infusion cladribine by error. Separate analysis showed that the response of these patients was not greater than those of the other patients, and the data of these patients have been retained.</p>",High risk,"<p>3 patients on cladribine group and 2 patients on placebo group were lost, ""the percentage of lost people was less than 10%"", but some people were substituted;</p><p>""the loss of these two patients on the initial cladribine arm was not attributed to treatment"" but there are no information on the other patient lost to follow-up.</p><p>In the bibliographyat number 16 (Beutler 1994), there is 1 more patient with hight mielotoxicity and 6 patients with mild mielotoxicity.This means that there is no transparency on reporting outcome events.<br />AE were not showen in a table were there is a classification in severity .</p>",High risk,<p>There is no clinical instrument or definition to evaluate at definite time point the adverse events only blood counts were obtained during drug administration. Less frequent counts were obtained thereafter. Lymphocyte subset evaluation was done monthly during the course of drug administration and less frequently thereafter.</p>,Some concerns,"<p>There is no pre specified analysis plan, there are no details.</p>",High risk,"<p>Throughout the study, patients, neurologists, nurses, and the neuro radiologist were unaware of the treatment assigned to each patient. Cladribine causes no symptoms on infusion and cannot be distinguished from placebo by patients or professional staff.<br />Thre was an investigator who was unblinded.<br />There were a few deviations from the stated drug dosages. In the original protocol a total of six monthly doses had been planned, but this was modified to four courses after the study had been initiated because of a greater than expected decline in the platelet count in some patients. ""One patient received five courses before the decision to reduce dosage had been made"". ""One patient received only two courses, and two patients received only three courses because of thrombocytopenia"". At the beginning of the second phase of the study, five patients who were to have received placebo were given a single 0.7 mg/kg of infusion cladribine by error. Separate analysis showed that the response of these patients was not greater than those of the other patients, and the data of these patients have been retained.</p><p>3 patients on cladribine group and 2 patients on placebo group were lost, the percentage of lost people was less than 10%, but some people were substituted;</p><p>""the loss of these two patients on the initial cladribine arm was not attributed to treatment"" but there are no information on the other patient lost to follow-up.</p><p>In the bibliography at number 16 (Beutler 1994), there is 1 more patient with hight mielotoxicity and 6 patients with mild mielotoxicity. these means that there is no transparency on reporting outcome events.<br />AE were not shown in a table were there is a classification based on severity .</p><p>There is no clinical instrument or definition to evaluate at definite time point the adverse events; only blood counts were obtained during drug administration. Less frequent counts were obtained thereafter. Lymphocyte subset evaluation was done monthly during the course of drug administration and less frequently thereafter.</p><p>There is no pre specified analysis plan, there are no details.</p>"
3,4,N° of participants with at least one adverse event at the end of follow-up,Low dosage,2,SUBGROUP_AND_OVERALL,Stelmasiak 2009,2009,,,,,16,40,,,0,44,,,0.170885,36.219512,2.243664,584.692237,2.45 mg/kg cumulative dose,Some concerns,"<p>""Randomization was performed by blind selection of number-coded patient names and prelabeled, and coded vials of cladribine or placebo (saline) were supplied for administration"".<br />""The randomization process was conducted entirely by the cladribine supplier; thus information was concealed from physicians who enrolled or treated patients in the study"".  There is no baseline table, nor information in the text. In our opinion the lack of information  is a suggestion of some difficulties in the balance of enrolled population.</p>",High risk,"<p>84 patientes were enrolled but data were available only on 80 patiens. 4 patients withdrow from the study in the second year but were not included in the analysis of the first year, while they were still participating in the first year included sudy.&nbsp;</p>",Low risk,"<p>""80 patients (95% of the total) completed the study by November 1997"". ""Two patients in group A withdrew during the second year (while receiving placebo) one because of repeated infections and one for unspecified reasons . One patient in group B withdrew during this second year because he/she did not perceive any improvement in his/her condition. 1 patient from group B committed suicide during the second year, but this was considered to be unrelated to cladribine treatment"".</p>",Low risk,"<p>There has been an attempt of classification but there has been no standard evaluation of AE. Authors only expressed ""Sixteen infections requiring treatment were reported by patients in each group during the year of cladribine therapy"".&nbsp;<br>
 Both the patients and the investigators who performed the neurological assessments were blinded to laboratory data.</p>",Some concerns,"<p>There is no prespecified analysis, ""no episodes of infections were considered serious and all responded to standard antibiotic therapy; most were upper respiratory tract infections"". </p>",High risk,"<p>""Randomization was performed by blind selection of number-coded patient names and prelabeled, and coded vials of cladribine or placebo (saline) were supplied for administration"". The randomization process was conducted entirely by the cladribine supplier; thus information was concealed from physicians who enrolled or treated patients in the study. No baseline table nor information in the text. In our opinion the lack of information (there is no baseline table showing the population) is a suggestion of some difficulties in the balance of enrolled population.<br />""Qualifying patients provided written informed consent and were randomized blindly to group A (cladribine in year 1 and placebo in year 2) or group B (placebo in year 1 and cladribine in year 2)"".<br />84 patientes were enrolled but data were only on 80 patiens. 4 patients withdrow from the study in the second year (after the cross over) but were not included in the analysis of the first year, while they were still participating in the first year included study.<br />""80 patients (95% of the total) completed the study by November 1997"". ""Two patients in group A withdrew during the second year (while receiving placebo) one because of repeated infections and one for unspecified reasons . One patient in group B withdrew during the second year because he/she did not perceive any improvement in his/her condition. 1 patient from group B committed suicide during the second year, but this was considered to be unrelated to cladribine treatment"".<br />There has been an attempt of classification but there has been no standard evaluation. </p><p>Authors only declared ""Sixteen infections requiring treatment were reported by patients in each group during the year of cladribine therapy"".<br />Both the patients and the investigators who performed the neurological assessments were blinded to laboratory data.<br />There is no prespecified analysis, ""no episodes of infections were considered serious and all responded to standard antibiotic therapy; most were upper respiratory tract infections"". </p>"
3,5,N° of participants with at least one relapse at the end of follow-up,High dosage,1,SUBGROUP_AND_OVERALL,Giovannoni 2010,2010,,,,,96,456,,,171,437,,,100.0,0.538012,0.434904,0.665565,,Some concerns,"<p>""Randomisation was performed with the use of a central system and a computer-generated treatment randomisation code, with dynamic allocation by site in permuted blocks of six"".<br />""The demographic and clinical characteristics of the ITT population were generally well-balanced across the three study groups, although patients receiving 3.5 mg of cladribine/Kg had a shorter significative mean duration of disease"".</p>",Low risk,"<p>""To maintain the double-blind nature of the study, all patients within a weight range received the same number of tablets (cladribine or matched placebo)"".</p>",Low risk,<p>See table 2 in main paper</p>,Low risk,"<p>This is a well validated outocome in MS trials.<br />""An independent evaluating physician, who was unaware of study-group assignments, performed neurologic examinations and determined whether a clinical event fulfilled criteria"".</p>",Low risk,"<p>This is a secondary end point of the study, that was powered to relapse rate and not to people with relapse.</p>",Some concerns,"<p>""Randomization was performed with the use of a central system and a computer-generated treatment randomization code, with dynamic allocation by site in permuted blocks of six"".<br />""The demographic and clinical characteristics of the ITT population was generally well balanced across the 3 study groups, although patients receiving 3.5 mg of cladribine per kg had a significatively shorter mean duration of disease "".</p><p>""To maintain the double-blind nature of the study, all patients within a weight range received the same number of tablets (cladribine or matched placebo)"".</p><p>See table 2 in main paper.</p><p>This is a well validated outcome in MS trials.<br />""An independent evaluating physician, who was unaware of study-group assignments, performed neurologic examinations and determined whether a clinical event fulfilled criteria"".</p><p>This is a secondary end point of the study, that was powered to relapse rate and not to people with relapse.</p>"
3,5,N° of participants with at least one relapse at the end of follow-up,Low dosage,2,SUBGROUP_AND_OVERALL,Giovannoni 2010,2010,,,,,88,433,,,171,437,,,100.0,0.519374,0.416755,0.647261,,Some concerns,"<p>""Randomisation was performed with the use of a central system and a computer-generated treatment randomisation code, with dynamic allocation by site in permuted blocks of six"".<br />""The demographic and clinical characteristics of the ITT population were generally well-balanced across the three study groups, although patients receiving 3.5 mg of cladribine/Kg had a shorter significative mean duration of disease"".</p>",Low risk,"<p>""To maintain the double-blind nature of the study, all patients within a weight range received the same number of tablets (cladribine or matched placebo)"".</p>",Low risk,<p>See table 2 in main paper</p>,Low risk,"<p>This is a well validated outocome in MS trials.<br />""An independent evaluating physician, who was unaware of study-group assignments, performed neurologic examinations and determined whether a clinical event fulfilled criteria"".</p>",Low risk,"<p>This is a secondary end point of the study, that was powered to relapse rate and not to people with relapse.</p>",Some concerns,"<p>""Randomization was performed with the use of a central system and a computer-generated treatment randomization code, with dynamic allocation by site in permuted blocks of six"".<br />""The demographic and clinical characteristics of the ITT population was generally well balanced across the 3 study groups, although patients receiving 3.5 mg of cladribine per kg had a significatively shorter mean duration of disease "".</p><p>""To maintain the double-blind nature of the study, all patients within a weight range received the same number of tablets (cladribine or matched placebo)"".</p><p>See table 2 in main paper.</p><p>This is a well validated outcome in MS trials.<br />""An independent evaluating physician, who was unaware of study-group assignments, performed neurologic examinations and determined whether a clinical event fulfilled criteria"".</p><p>This is a secondary end point of the study, that was powered to relapse rate and not to people with relapse.</p>"
3,6,N° of participants with new Gd+ T1 or new/enlarging T2 MRI lesions at the end of follow-up,High dosage,1,SUBGROUP_AND_OVERALL,Giovannoni 2010,2010,,,,,179,456,,,323,437,,,28.30642,0.531089,0.467729,0.603031,MRI results from Giovannoni 2010 were published in Comi 2013,Some concerns,"<p>""Randomisation was performed with the use of a central system and a computer-generated treatment randomisation code, with dynamic allocation by site in permuted blocks of six"".<br />""The demographic and clinical characteristics of the ITT population were generally well-balanced across the three study groups, although patients receiving 3.5 mg of cladribine/Kg had a shorter significative mean duration of disease"".</p>",Low risk,"<p>""To maintain the double-blind nature of the study, all patients within a weight range received the same number of tablets (cladribine or matched placebo).""<br />MRI scans were balanced across treatment groups.</p>",Low risk,<p>Data were available for this outcome; 85.7 % of patients at weeks 96 had their scans.</p>,Low risk,"<p>New MRI lesions are a common endpoint in MS trials; however, results summarized as the mean number of lesions are harder to interpret clinically than the absolute number (or proportion) of patients with ≥1 new lesion. The corresponding absolute figures are reported in the Supplementary Materials. MRI scans were evaluated centrally by neuroradiologists who were blinded to treatment allocation.</p>",Some concerns,"<p>The investigators assessed per-patient, per-scan lesion counts and enlargement of individual lesion volumes—two outcomes commonly used in MS trials. These results were reported three years after the initial publication, with extensive discussion of subgroup analyses.</p>",Some concerns,"<p>Randomization was conducted centrally using a computer-generated code with dynamic allocation by site in permuted blocks of six, and baseline characteristics were generally well balanced across the three groups (noting a shorter mean disease duration in the 3.5 mg/kg cladribine arm). Blinding was maintained by providing the same number of tablets (active or matched placebo) within weight ranges, and MRI scheduling was balanced across treatment groups. Outcome completeness was high, with 85.7% of patients having scans at week 96. MRI endpoints were assessed centrally by blinded neuroradiologists, limiting measurement bias; although results were summarized as mean lesion counts—which are less clinically interpretable than the absolute proportion of patients with ≥1 new lesion—those absolute figures are available in the Supplementary Materials. The program also evaluated per-patient, per-scan lesion counts and enlargement of individual lesion volumes, with a follow-up report published three years after the primary paper that included extensive subgroup analyses.</p>"
3,6,N° of participants with new Gd+ T1 or new/enlarging T2 MRI lesions at the end of follow-up,High dosage,1,SUBGROUP_AND_OVERALL,Leist 2014,2014,,,,,38,205,,,134,206,,,18.254418,0.284965,0.21028,0.386177,"5,25 mg/kg cumulative dose, new enhancing T1 lesions",Low risk,"<p>""Randomisation was done using a central web-based randomisation system and was stratified by geographic region. Masking was maintained nusing a two-physician model (both doctors were masked)"".<br />""Baseline patient demographics and disease characteristics were well balanced across treatment groups"".</p>",Some concerns,"<p>""Masking was maintained using a two-physician model (both doctors were masked). <br />The treating physician supervised study medication administration, and recorded and treated adverse events and MS relapses; the evaluating physician assessed all neurological findings and relapses, and was additionally masked to patient laboratory data. Patients were unaware of their treatment assignment.""<br />""Treatment discontinuation in all groups was most commonly for reasons other than adverse events. The most common such reasons for discontinuation were patient’s decision, termination of the trial or programme, or a Health Authority or sponsor request to stop treatment"". <br />""Another common reason for withdrawal under the category of “other” was not meeting retreatment criteria according to protocol"". There has been only a description.</p>",Low risk,"<p>""At the end of the study, 149 (24%) patients had permanently discontinued treatment"", but less than 1% were lost to follow up </p>",Some concerns,"<p>To measure new/enlarging or GAD positive at the end of follow up is a very common outcome in MS clinical trials; in this case we considered patient with incresed or GAD positive lesions. Anyway authors give iformation of our selected and, on our opinion, appropiate outcome.&nbsp;<br>
 Probably assessors knew the intervention only aftere conversion.&nbsp;</p>",Low risk,"<p>Our selected outcome was a secondary endpoint: proportions of patients free from new T1 gadolinium-enhancing lesions and new or enlarging T2 lesions, and numbers of T1 hypointense lesions.</p>",Some concerns,"<p>""Randomisation was done using a central web-based randomisation system and was stratified by geographic region. Masking was maintained nusing a two-physician model (both doctors were masked). <br />Baseline patient demographics and disease characteristics were well balanced across treatment groups"". <br />""Masking was maintained using a two-physician model (both doctors were masked). <br />The treating physician supervised study medication administration, and recorded and treated adverse events and MS relapses; the evaluating physician assessed all neurological findings and relapses, and was additionally masked to patient laboratory data. Patients were unaware of their treatment assignment."" <br />""Treatment discontinuation in all groups was most commonly for reasons other than adverse events. The most common such reasons for discontinuation were patient’s decision, termination of the trial or programme, or a Health Authority or sponsor request to stop treatment. <br />Another common reason for withdrawal under the category of “other” was not meeting retreatment criteria according to protocol"". There has been only a description.<br />""At the end of the study, 149 (24%) patients had permanently discontinued treatment"", but less than 1% were lost to follow up. ""Safety endpoints were adverse events and serious adverse events, vital signs, laboratory variables, and concomitant medications and procedures"". </p>"
3,6,N° of participants with new Gd+ T1 or new/enlarging T2 MRI lesions at the end of follow-up,Low dosage,2,SUBGROUP_AND_OVERALL,Giovannoni 2010,2010,,,,,175,433,,,323,437,,,28.29762,0.546801,0.481485,0.620976,MRI results from Giovannoni 2010 were published in Comi 2013,Some concerns,"<p>""Randomisation was performed with the use of a central system and a computer-generated treatment randomisation code, with dynamic allocation by site in permuted blocks of six"".<br />""The demographic and clinical characteristics of the ITT population were generally well-balanced across the three study groups, although patients receiving 3.5 mg of cladribine/Kg had a shorter significative mean duration of disease"".</p>",Low risk,"<p>""To maintain the double-blind nature of the study, all patients within a weight range received the same number of tablets (cladribine or matched placebo).""<br />MRI scans were balanced across treatment groups.</p>",Low risk,<p>Data were available for this outcome; 85.7 % of patients at weeks 96 had their scans.</p>,Low risk,"<p>New MRI lesions are a common endpoint in MS trials; however, results summarized as the mean number of lesions are harder to interpret clinically than the absolute number (or proportion) of patients with ≥1 new lesion. The corresponding absolute figures are reported in the Supplementary Materials. MRI scans were evaluated centrally by neuroradiologists who were blinded to treatment allocation.</p>",Some concerns,"<p>The investigators assessed per-patient, per-scan lesion counts and enlargement of individual lesion volumes—two outcomes commonly used in MS trials. These results were reported three years after the initial publication, with extensive discussion of subgroup analyses.</p>",Some concerns,"<p>Randomization was conducted centrally using a computer-generated code with dynamic allocation by site in permuted blocks of six, and baseline characteristics were generally well balanced across the three groups (noting a shorter mean disease duration in the 3.5 mg/kg cladribine arm). Blinding was maintained by providing the same number of tablets (active or matched placebo) within weight ranges, and MRI scheduling was balanced across treatment groups. Outcome completeness was high, with 85.7% of patients having scans at week 96. MRI endpoints were assessed centrally by blinded neuroradiologists, limiting measurement bias; although results were summarized as mean lesion counts—which are less clinically interpretable than the absolute proportion of patients with ≥1 new lesion—those absolute figures are available in the Supplementary Materials. The program also evaluated per-patient, per-scan lesion counts and enlargement of individual lesion volumes, with a follow-up report published three years after the primary paper that included extensive subgroup analyses.</p>"
3,6,N° of participants with new Gd+ T1 or new/enlarging T2 MRI lesions at the end of follow-up,Low dosage,2,SUBGROUP_AND_OVERALL,Leist 2014,2014,,,,,60,206,,,134,206,,,22.05287,0.447761,0.353858,0.566583,"3,5 mg/kg cumulative dose, new enhancing T1 lesions",Low risk,"<p>""Randomisation was done using a central web-based randomisation system and was stratified by geographic region. Masking was maintained nusing a two-physician model (both doctors were masked)"".<br />""Baseline patient demographics and disease characteristics were well balanced across treatment groups"".</p>",Some concerns,"<p>""Masking was maintained using a two-physician model (both doctors were masked). <br />The treating physician supervised study medication administration, and recorded and treated adverse events and MS relapses; the evaluating physician assessed all neurological findings and relapses, and was additionally masked to patient laboratory data. Patients were unaware of their treatment assignment.""<br />""Treatment discontinuation in all groups was most commonly for reasons other than adverse events. The most common such reasons for discontinuation were patient’s decision, termination of the trial or programme, or a Health Authority or sponsor request to stop treatment"". <br />""Another common reason for withdrawal under the category of “other” was not meeting retreatment criteria according to protocol"". There has been only a description.</p>",Low risk,"<p>""At the end of the study, 149 (24%) patients had permanently discontinued treatment"", but less than 1% were lost to follow up </p>",Some concerns,"<p>To measure new/enlarging or GAD positive at the end of follow up is a very common outcome in MS clinical trials; in this case we considered patient with incresed or GAD positive lesions. Anyway authors give iformation of our selected and, on our opinion, appropiate outcome.&nbsp;<br>
 Probably assessors knew the intervention only aftere conversion.&nbsp;</p>",Low risk,"<p>Our selected outcome was a secondary endpoint: proportions of patients free from new T1 gadolinium-enhancing lesions and new or enlarging T2 lesions, and numbers of T1 hypointense lesions.</p>",Some concerns,"<p>""Randomisation was done using a central web-based randomisation system and was stratified by geographic region. Masking was maintained nusing a two-physician model (both doctors were masked). <br />Baseline patient demographics and disease characteristics were well balanced across treatment groups"". <br />""Masking was maintained using a two-physician model (both doctors were masked). <br />The treating physician supervised study medication administration, and recorded and treated adverse events and MS relapses; the evaluating physician assessed all neurological findings and relapses, and was additionally masked to patient laboratory data. Patients were unaware of their treatment assignment."" <br />""Treatment discontinuation in all groups was most commonly for reasons other than adverse events. The most common such reasons for discontinuation were patient’s decision, termination of the trial or programme, or a Health Authority or sponsor request to stop treatment. <br />Another common reason for withdrawal under the category of “other” was not meeting retreatment criteria according to protocol"". There has been only a description.<br />""At the end of the study, 149 (24%) patients had permanently discontinued treatment"", but less than 1% were lost to follow up. ""Safety endpoints were adverse events and serious adverse events, vital signs, laboratory variables, and concomitant medications and procedures"". </p>"
3,6,N° of participants with new Gd+ T1 or new/enlarging T2 MRI lesions at the end of follow-up,Low dosage,2,SUBGROUP_AND_OVERALL,Rice 2000,2000,,,,,3,52,,,10,54,,,2.386665,0.311538,0.090812,1.068757,"2,1 mg/kg cumulative dose, new enhancing &nbsp;T1 lesions",High risk,"<p>""Patients were assigned to one of three parallel treatment groups according to a computer-generated randomization schedule stratifyed by baseline disease severity and site"".<br />We believe that the pattern of disease is well different, in fact 36 patients in placebo group were different from 26 and 29 present in the other 2 groups and EDSS score at entry group there were 25 less severe patients over 75 compared to 31 vs 69 and 30 vs 70.<br />No information about concealment allocation.</p>",Some concerns,"<p>To receive a subsequent course of blinded study drug, patients were required to meet the hematologic criteria obtained 2 to 4 days before each dosing period. For a patient who did not meet these criteria, placebo was substituted for the active drug for that dosing period. <br />""The majority of patients received all eight scheduled courses of therapy"" (7/54 placebo, 11/53 cladribine 0.7 mg/kg and 16/52 of 2.1 mg/kg-treated patients) and received a placebo substitution. ""The most common reasons for failure of the dosing criteria were fluctuations in hemoglobin levels and platelet counts, which occurred at a similar frequency in all groups"".<br /> </p>",Low risk,<p>Only 4 patients over 159 do not have data for this outcome.</p>,Low risk,"<p>This is a valid end point considered in MS clinical trials, all scan data were blinded to treatment, date, and sequence of scan.</p>",Low risk,<p>No concerns about this domain.</p>,High risk,"<p>""Patients were assigned to one of three parallel treatment groups according to a computer-generated randomization schedule stratifyed by baseline disease severity and site"".<br />We believe that the pattern of disease is well different, in fact 36 patients in placebo group were different from 26 and 29 present in the other 2 groups and EDSS score at entry group there were 25 less severe patients over 75 compared to 31 vs 69 and 30 vs 70.<br />No information about concealment allocation.<br />To receive a subsequent course of blinded study drug, patients were required to meet the hematologic criteria obtained 2 to 4 days before each dosing period. For a patient who did not meet these criteria, placebo was substituted for the active drug for that dosing period. <br />""The majority of patients received all eight scheduled courses of therapy"" (7/54 placebo, 11/53 cladribine 0.7 mg/kg and 16/52 of 2.1 mg/kg-treated patients) and received a placebo substitution. ""The most common reasons for failure of the dosing criteria were fluctuations in hemoglobin levels and platelet counts, which occurred (Authors say) at a similar frequency in all groups"".<br />To receive a subsequent course of blinded study drug, patients were required to meet the hematologic criteria obtained 2 to 4 days before each dosing period. For a patient who did not meet these criteria, placebo was substituted for the active drug for that dosing period. <br />Only 4 patients over 159 do not have data for this outcome<br />This is a valid end point considered in MS clinical trials. All scan data were blinded to treatment, date, and sequence of scans.</p>"
3,6,N° of participants with new Gd+ T1 or new/enlarging T2 MRI lesions at the end of follow-up,Low dosage,2,SUBGROUP_AND_OVERALL,Sipe 1994,1994,,,,,1,27,,,2,24,,,0.702007,0.444444,0.042957,4.598372,"2.8 mg/kg cumulative dose, new enhancing T1 lesions",High risk,"<p>Initially, 24 pairs of patients ""were matched for age, gender and disease severity"". Each matched pair ""was randomised by the statistician using random number tables, so that one patient was assigned to the cladribine group and the other to the placebo group"" (we do not know which patient started treatment first, number 1 or 2). In our opinion, this mechanism was biased. In addition, the authors replaced 2 patients lost to FU initially attributed to cladribine without considering their pairs with placebo. Demographic characteristics of patients at baseline are shown in Table 1.</p>",Low risk,"<p>""Throughout the study, patients, neurologists, nurses, and the neuro radiologist were unaware of the treatment assigned to each patient. Cladribine causes no symptoms on infusion and cannot be distinguished from placebo by patients or professional staff.""</p>",High risk,"<p>""The loss of these 2 patients seemed unattributable to cladribine so we recruited 2 additional matched patients as replacements and assigned them to cladribine. 1 patient receiving placebo withdrew from the study after 4 months on protocol for reasons unrelated to treatment, so we chose not to replace this patient. The analyses reported here refer to the 24 matched pairs of patients (table 1), and exclude the 3 patients on cladribine who did not complete a full year of the study.""</p>",Low risk,<p>Masking was maintained using a two-physician model (both doctors were masked). The treating physician supervised study-medication administration and recorded and managed adverse events.</p>,Low risk,"<p>Our selected outcome was a secondary endpoint: proportions of patients free from new Gd+ T1 lesions and new or enlarging T2 lesions, and numbers of T1 hypointense lesions.</p>",High risk,"<p>Overall risk of bias was judged High because weaknesses in the randomization process and post-randomization handling of participants are likely to have distorted the comparison: matched pairs were randomized by the statistician using random number tables, yet aspects of trial conduct (e.g., blood-count verification and delayed infusions in 4 cladribine and 2 placebo patients) could have made allocation predictable, and two cladribine-assigned participants lost to follow-up were replaced without replacing their placebo counterparts. In addition, deviations from intended intervention occurred—dose intensity and number of courses varied (one patient received five courses before dose reduction; one received only two; two received three due to thrombocytopenia)—and these differences were not accounted for in the analysis. Missing data were handled asymmetrically (“the analyses… exclude the three cladribine patients who did not complete a full year”), introducing attrition/per-protocol bias. Although outcome assessment was blinded in a two-physician model and there were no specific concerns about selective reporting, the combined issues in randomization, deviations, and missing outcome data indicate a high overall risk of bias.</p>"
4,1,N° of participants with at least one serious adverse event at the end of follow-up,RR/RP,1,SUBGROUP_AND_OVERALL,Giovannoni 2010,2010,,,,,77,884,,,28,435,,,51.652021,1.353224,0.891783,2.053431,,Some concerns,"<p>""Randomisation was performed with the use of a central system and a computer-generated treatment randomisation code, with dynamic allocation by site in permuted blocks of six"".<br />""The demographic and clinical characteristics of the ITT population were generally well-balanced across the three study groups, although patients receiving 3.5 mg of cladribine/Kg had a shorter significative mean duration of disease"".</p>",Low risk,"<p>""To maintain the double-blind nature of the study, all patients within a weight range received the same number of tablets (cladribine or matched placebo)"".<br>
 Safety analysis excluded 2/3/2 patients in the three groups and were equally distributed</p>",Low risk,<p>Safety analysis excluded 2/3/2 patients in the three groups and were equally distributed.</p>,Low risk,"<p>""Listed are preferred terms from the Medical Dictionary for Regulatory Activities (MedDRA) for symptoms that were reported by at least 10% of the patients in any group"".""Investigators rated the severity of the event according to the following definitions: mild (the event or symptom is easily tolerated); moderate (the event or symptom interferes with or reduces the usual level of activity); and severe (the event or symptom causes substantial impairment of functioning, reduces the usual level of activity, or endangers the patient’s life)"".<br />No concerns.<br />""At each study site, a treating physician reviewed clinical laboratory results (at this stage we could speculate that the clinical physician could guess the treatment) and assessed treatment-emergent adverse events and safety information, and an independent evaluating physician who was unaware of study-group assignments performed neurologic examinations and determined whether a clinical event fulfilled criteria"".</p>",Some concerns,<p>See Medra. Not applicable</p>,Some concerns,"<p>""Randomization was performed with the use of a central system and a computer-generated treatment randomization code, with dynamic allocation by site in permuted blocks of six"".<br />""The demographic and clinical characteristics of the IIT population of 1326 patients was generally well balanced across the 3 study groups, although patients receiving 3.5 mg of cladribine per kg had a shorter mean duration of disease (P=0.005 for the overall comparison)"".<br />""To maintain the double-blind nature of the study, all patients within a weight range received the same number of tablets (cladribine or matched placebo)"".<br />Safety analysis excluded 2/3/2 patients in the three groups and were equally distributed.<br />""Listed are preferred terms from the Medical Dictionary for Regulatory Activities (MedDRA) for symptoms that were reported by at least 10% of the patients in any group"". ""Investigators rated the severity of the event according to the following definitions: mild (the event or symptom is easily tolerated); moderate (the event or symptom interferes with or reduces the usual level of activity); and severe (the event or symptom causes substantial impairment of functioning, reduces the usual level of activity, or endangers the patient’s life)"".<br />""At each study site, a treating physician reviewed clinical laboratory results (at this stage we could speculate that the clinical physician could guess the treatment) and assessed treatment-emergent adverse events and safety information, and an independent evaluating physician who was unaware of study-group assignments performed neurologic examinations and determined whether a clinical event fulfilled criteria""</p>"
4,1,N° of participants with at least one serious adverse event at the end of follow-up,RR/RP,1,SUBGROUP_AND_OVERALL,Montalban 2018_amended,2018,,,,,12,124,,,5,48,,,9.190347,0.929032,0.345678,2.496839,Amended Protocol,Some concerns,"<p>""A central interactive voice response system was used to allocate patients using a computer-generated treatment randomisation code and treatment groups were assigned with a block size of 6"".<br />There are differences in number of females, number of T1 Gd+ lesions and T2 lesions volume, and probably in the subgroups of MS.</p>",High risk,"<p>The study was double-blind and there was great non-adherence, which is well detailed in figure 1.</p>",Low risk,<p>Authors describe all the causes including SAEs.</p>,Low risk,<p>Authors considered MEdDRA classification.</p>,Low risk,<p>No concerns about this domain.</p>,High risk,"<p>""A central interactive voice response system was used to allocate patients using a computer-generated treatment randomisation code and treatment groups were assigned with a block size of 6"".<br />There are differences in number of females, number of T1 Gad+ lesions and T2 lesions volume, and probably in the subgroups of MS.<br />The study was double-blind and there was great non-adherence, which is well detailed in figure 1.<br />Authors describe all the outcomes, including SAEs.<br />Authors considered MEdDRA classification.<br /> </p>"
4,1,N° of participants with at least one serious adverse event at the end of follow-up,RR/RP,1,SUBGROUP_AND_OVERALL,Montalban 2018_original protocol,2018,,,,,5,33,,,2,9,,,4.186197,0.681818,0.157577,2.950154,Original Protocol,Some concerns,"<p>This study is made by two studies and the details on randomization are in the amended study. We consider what authors described in the amended study.<br />For some paramethers there are differences expressed in table1, but despite some differences observed at baseline in the demographics of the ONWARD study between the two subgroups, it should be noted that these differences were not meaningful.</p>",Low risk,"<p>This trial is double blind and ""to mantain blinding all patients within 10Kg weight ranges recieved the same numbers of tablets"".<br />Only 5.9% of patients treated in cladribine 5.25 mg/kg deviated from the protocol.</p>",Low risk,<p>All patients included in the different treatments are very well described.<br /> </p>,Low risk,"<p>All SAEs are described in detailes, the assessor was blinded to the treatment.</p>",Some concerns,<p>Data were not analysed in agreement to a prespecified analysis plan.</p>,Some concerns,"<p>This study is made by two studies and the detailes on randomization are in the second study (amended study). For this reason we consider what authors described in the amended.<br />For some paramethers there are differences expressed in the table1.<br />This trial is double blind and ""to mantain blinding all patients within 10Kg weight ranges recieved the same numbers of tablets"".<br />Only 5.9% of patients treated in cladribine 5.25 mg/kg deviated from the protocol.<br />All patients included in the different treatments are very well described.<br />all SAEs are described in detailes. <br />The outcome assessor was blinded to the treatment.<br />Data were not analysed in agreement to a prespecified analysis plan.<br /> </p>"
4,1,N° of participants with at least one serious adverse event at the end of follow-up,RR/RP,1,SUBGROUP_AND_OVERALL,Romine 1999,1999,,,,,0,27,,,0,25,,,,,,,,Some concerns,"<p>""The stratified groups were randomized in blocks of four to either the placebo arm or the cladribine arm"". No information about allocation are available.</p>",High risk,"<p>Throughout the study till 12 months, patients, neurologists, nurses, and the neuroradiologist remained blinded to treatment assignment but not till 18 months, where 4 patients were unblinded.</p>",Some concerns,"<p>Two patients during first year withdrew, 1 in placebo arm for conversion disorder and 1 in cladribine arm due to transferring out of state; all of the remaining patients received standard intervention without deviations in the first 12 months. ""During the period from 12 to 18 months, 5 patients on placebo withdrew: 2 moved out of state, 2 withdrew for unspecified reasons, and 1 withdrew because of worsening MS. 1 patient receiving cladribine also withdrew because of worsening MS"". </p>",Some concerns,"<p>There is no definition of SAEs and there are no information on SAEs. During the period from 12 to 18 months, the blinding was removed from 2 cladribine patients and 2 placebo patients. We do not know the reasons.&nbsp;<br>
 &nbsp;</p>",Some concerns,<p>In methods section serious AEs are not specified as an outcome.</p>,High risk,"<p>""The stratified groups were randomized in blocks of four to either the placebo arm or the cladribine arm"". <br />No information about allocation.<br />Throughout the study till 12 months, patients, neurologists, nurses, and the neuroradiologist remained blinded to treatment assignment but not till 18 months, where 4 patients were unblinded.<br />2 patients during first year withdrew, 1 in placebo arm for conversion disorder and 1 in cladribine arm due to transferring out of state; all of the remaining patients received standard intervention without deviations in the first 12 months. ""During the period from 12 to 18 months, 5 patients on placebo withdrew: 2 moved out of state, 2 withdrew for unspecified reasons, and 1 withdrew because of worsening MS. 1 patient receiving cladribine also withdrew because of worsening MS"".<br />There is no definition of SAEs. Authors give more importance on the hematobiological aspect without considering the clinical consequences for patients.<br />During the period from 12 to 18 months, the blinding was removed from 2 cladribine patients and 2 placebo patients. We do not know the reasons.<br />In methods section serious AEs are not specified as an outcome.</p>"
4,1,N° of participants with at least one serious adverse event at the end of follow-up,RR/RP,1,SUBGROUP_AND_OVERALL,Stelmasiak 2009,2009,,,,,0,40,,,0,44,,,,,,,,Some concerns,"<p>""Randomization was performed by blind selection of number-coded patient names and prelabeled, and coded vials of cladribine or placebo (saline) were supplied for administration"".<br />""The randomization process was conducted entirely by the cladribine supplier; thus information was concealed from physicians who enrolled or treated patients in the study"".  There is no baseline table, nor information in the text. In our opinion the lack of information  is a suggestion of some difficulties in the balance of enrolled population.</p>",High risk,"<p>""Qualifying patients provided written informed consent and were randomized blindly to group A (cladribine in year 1 and placebo in year 2) or group B (placebo in year 1 and cladribine in year 2)"".<br />84 pazientes were enrolled but data were available only on 80 patiens. 4 patients withdrew from the study in the second year (after the cross over) but were not included in the analysis of the first year, while they were still participating.</p>",Low risk,"<p>""80 patients (95%) completed the study by November 1997"". ""Two patients in group A withdrew during year 2 (while receiving placebo) because of repeated infections (n = 1) and unspecified reasons (n = 1). One patient in group B withdrew during year 2 because he or she did not perceive any improvement in his/her condition. One patient from group B committed suicide during year 2, but this was considered to be unrelated to cladribine treatment"".</p>",Low risk,"<p>""Sixteen infections requiring treatment were reported by patients in each group during the year of cladribine therapy"". ""The annualized incidence of infections requiring treatment (events/person/year), in years 1 and 2, was 0.40 and 0.50 for group A and 0.14 and 0.38 for group B. No infections were considered serious; most were upper respiratory tract infections and all responded to standard antibiotic therapy"".<br />Both patients and investigators who performed the neurological assessments were blinded to laboratory data.</p>",Some concerns,"<p>There are no standard definition of SAEs, only a clinical judgement.&nbsp;</p>",High risk,"<p>""Randomization was performed by blind selection of number-coded patient names and prelabeled, and coded vials of cladribine or placebo (saline) were supplied for administration"".<br />""The randomization process was conducted entirely by the cladribine supplier; thus information was concealed from physicians who enrolled or treated patients in the study"". ""Probably yes"" depends on the fact that the drug industry helped to write the manuscript. In our opinion the lack of information (there is no baseline table showing the population) is a suggestion of some difficulties in the balance of enrolled population.</p><p>""Qualifying patients provided written informed consent and were randomized blindly to group A (cladribine in year 1 and placebo in year 2) or group B (placebo in year 1 and cladribine in year 2)"".<br />84 pazientes were enrolled but data were available only on 80 patiens. 4 patients withdrew from the study in the second year (after the cross over), but were not included in the analysis of the first year, while they were still participating.</p><p>""80 patients (95%) completed the study by November 1997"". ""Two patients in group A withdrew during year 2 (while receiving placebo) because of repeated infections (n = 1) and unspecified reasons (n = 1). One patient in group B withdrew during year 2 because he or she did not perceive any improvement in his/her condition. One patient from group B committed suicide during year 2, but this was considered to be unrelated to cladribine treatment"".</p><p>""Sixteen infections requiring treatment were reported by patients in each group during the year of cladribine therapy. The annualized incidence of infections requiring treatment (events/person/year), in years 1 and 2, was 0.40 and 0.50 for group A and 0.14 and 0.38 for group B. No infections were considered serious; most were upper respiratory tract infections and all responded to standard antibiotic therapy"".<br />Both patients and investigators who performed the neurological assessments were blinded to laboratory data.</p><p>There are no standard definition of SAEs, only a clinical judgement. </p>"
4,1,N° of participants with at least one serious adverse event at the end of follow-up,CIS,2,SUBGROUP_AND_OVERALL,Leist 2014,2014,,,,,33,410,,,21,206,,,33.107658,0.789547,0.468989,1.329211,,Low risk,"<p>""Randomisation was done using a central web-based randomisation system and was stratified by geographic region. Masking was maintained nusing a two-physician model (both doctors were masked)"".<br />""Baseline patient demographics and disease characteristics were well balanced across treatment groups"".</p>",High risk,"<p>Patients were unaware of their treatment assignment, but patients and people delivering intervention probably were aware of intervention after convertion in MS . Treatment discontinuation in all groups was most commonly for reasons ""other than adverse events"". ""The most common reasons to discontinuatinue treatment were patient’s decision, termination of the trial or programme, or a Health Authority or sponsor request to stop treatment"".</p>",Low risk,"<p>The study was stopped before the scheduled period of follow up, because the study ended prematurely and a low precentage of partecipants completed it. There were only 1% of patients lost to FU</p>",Low risk,"<p>In table 4 we have different and detailed definition of side effects: serious and severe TEAEs (safety population).<br />""Masking was maintained using a two-physician model (both doctors were masked)"". </p>",Low risk,"<p>""Safety endpoints were adverse events and serious adverse events, vital signs, laboratory variables, and concomitant medications and procedures"".</p>",High risk,"<p>""Randomisation was done using a central web-based randomisation system and was stratified by geographic region"". ""Masking was maintained using a two-physician model (both doctors were masked). Baseline patient demographics and disease characteristics were well balanced across treatment groups"".</p><p>Patients were unaware of their treatment assignment, but patients and people delivering intervention probably were aware of intervention after convertion in MS . Treatment discontinuation in all groups was most commonly for reasons ""other than adverse events"". ""The most common reasons to discontinuatinue treatment were patient’s decision, termination of the trial or programme, or a Health Authority or sponsor request to stop treatment"".</p><p>The study was stopped before the scheduled period of follow up, because the study ended prematurely and a low precentage of partecipants completed it<br />There were only 1% of patients lost to FU.</p><p>In table 4 we have different and detailed definition of side effects: serious and severe TEAEs (safety population). <br />Safety endpoints were in the pre-specified analysis plan procedures.</p>"
4,1,N° of participants with at least one serious adverse event at the end of follow-up,SP/PP,3,SUBGROUP_AND_OVERALL,Rice 2000,2000,,,,,0,105,,,0,54,,,,,,,,High risk,"<p>""Patients were assigned to one of three parallel treatment groups according to a computer-generated randomization schedule stratifyed by baseline disease severity and site"".<br />We believe that the pattern of disease is well different, in fact 36 patients in placebo group were different from 26 and 29 present in the other 2 groups and EDSS score at entry group there were 25 less severe patients over 75 compared to 31 vs 69 and 30 vs 70.<br />No information about concealment allocation.</p>",Some concerns,"<p>To receive a subsequent course of blinded study drug, patients were required to meet the hematologic criteria, which were based on the results of a CBC obtained 2 to 4 days before each dosing period. For a patient who did not meet these criteria, placebo was substituted for the active drug for that dosing period. ""The majority of patients received all eight scheduled courses of therapy"". ""The most common reasons for failure of the dosing criteria were fluctuations in hemoglobin levels and platelet counts, which occurred at a similar frequency in all groups"".</p>",Low risk,"<p>All patients randomized to receive double-blind therapy ""received at least one dose of the study drug, and all are included in the efficacy analysis""; 97% patients completed this phase.<br />There were no withdrawals due to adverse events; ""3% patients withdrew voluntarily from the study"". </p>",High risk,"<p>There is no clear distinction between ""serious adverse event"" and ""adverse event"". Moreover there is no information about hospitalization due to adverse events.</p>",Low risk,<p>There is no standard or clinically clear definition of adverse events and many adverse events are not evaluated beacuse they were attributed to MS and not to drug treatment .</p>,High risk,"<p>""Patients were assigned to one of three parallel treatment groups (cladribine 2.1 mg/ kg; cladribine 0.7 mg/kg; or placebo) according to a computer-generated randomization schedule stratified by baseline disease severity and site"". No information about concealment allocation<br />We believe that 36 patients in placebo group were different from 26 and 29 present in the other 2 groups. in fact in the EDSS score at entry group there were 25 less severe patients over 75 compared to 31 vs 69 and 30 vs 70.<br />To receive a subsequent course of blinded study drug, patients were required to meet the hematologic criteria, which were based on the results of a CBC obtained 2 to 4 days before each dosing period For a patient who did not meet these criteria, placebo was substituted for the active drug for that dosing period. <br />""The majority of patients received all eight scheduled courses of therapy"". ""The most common reasons for failure of the dosing criteria were fluctuations in hemoglobin levels and platelet counts, which occurred at a similar frequency in all groups"".<br />All patients randomized to receive double-blind therapy ""received at least one dose of the study drug, and all are included in the efficacy analysis""; 97% patients completed this phase.<br />There were no withdrawals due to adverse events; ""3% patients withdrew voluntarily from the study "".<br />There is no clear distinction between ""serious adverse event""and ""adverse event"". Moreover there is no information about hospitalization due to adverse events.<br />There is no clear definition of adverse events and many adverse events are not evaluated beacuse they attrbuted to the MS symptoms.</p>"
4,1,N° of participants with at least one serious adverse event at the end of follow-up,SP/PP,3,SUBGROUP_AND_OVERALL,Sipe 1994,1994,,,,,3,27,,,1,24,,,1.863777,2.666667,0.296849,23.955306,,High risk,"<p>Initially, 24 pairs of patients ""were matched for age, gender and disease severity"". Each matched pair ""was randomised by the statistician using random number tables, so that one patient was assigned to the cladribine group and the other to the placebo group"" (we do not know which patient started treatment first, number 1 or 2). In our opinion, this mechanism was biased. In addition, the authors replaced 2 patients lost to FU initially attributed to cladribine without considering their pairs with placebo. Demographic characteristics of patients at baseline are shown in Table 1.</p>",High risk,"<p>""Examining neurologists, nurses, and patients were blinded to the treatment assignments. An unblinded investigator (EB or RM) monitored all the laboratory studies and patients’ complaints and illnesses"".<br />There are no information on treating neurologist, who delivers intervention. There was an unblind investigator who controlled blood examination. <br />Intervention dosage was adapted to blood count.</p>",High risk,"<p>Three patients on cladribine group and 2 patients on placebo group were lost, ""accordingly, 24-months or longer follow-up of 21 of the 24 patients who had received cladribine in the first year and 22 of the 24 patients who had received placebo in the first year "". In both arms the percentage of lost people was less than 10%. ""The loss of these two patients on the initial cladribine arm was not attributed to treatment"" but there are no information on the other patients lost to follow-up. Moreover in the indexed paper (Beutler 1994) at reference 16, there is 1 more patient with hight mielotoxicity and 6 patients with mild mielotoxicity. These suggests that there is no transparency on reporting outcome events. </p>",High risk,"<p>There is no clinical instrument or definition to evaluate at definite time point the serious adverse events.<br>
 Some results are not easy to detect i.e. mielotoxicity in cladribine intervention group (they are published in an other paper). Moreover there is no time point and we considered the biggest lengt of time, at 1 year.&nbsp;</p>",Some concerns,<p>There is no pre specified analysis plan. There are no details on outcome measurements within the outcome domain.</p>,High risk,"<p>Initially 24 pairs of patients were ""matched by age, sex, and disease severity"". ""Each matched pair was randomized by the statistician using random number tables so that one patient was assigned to the group initially receiving cladribine and the other to the group receiving placebo (we do not know which patient started with treatment first, if number 1 or 2)"". This mechanism was on our opinion biased. Moreover authors replaced 2 patients lost at FU initially attributed to cladribine and did not the patient who recieved placebo. Demographic characteristics of patients at study entry were detected from the Table 1.</p><p>""Examining neurologists, nurses, and patients were blinded to the treatment assignments. An unblinded investigator (EB or RM) monitored all the laboratory studies and patients’ complaints and illnesses"".<br />There are no information on treating neurologist, who delivers intervention. There was an unblind investigator who controlled blood examination. <br />Intervention dosage was adapted to blood count.</p><p>Three patients on cladribine group and 2 patients on placebo group were lost. "" Accordingly, 24-months or longer follow-up of 21 of the 24 patients who had received cladribine in the first year and 22 of the 24 patients who had received placebo in the first year "" . In both arms the percentage of lost people was less than 10%. ""The loss of these two patients on the initial cladribine arm was not attributed to treatment"" but there are no information on the other patients lost to follow-up. Moreover in the indexed paper (Beutler 1994) at reference 16, there is 1 more patient with hight mielotoxicity and 6 patients with mild mielotoxicity. These suggests that there is no transparency on reporting outcome events.</p><p>There is no clinical instrument or definition to evaluate at definite time point the serious adverse events.<br />Some results are not easy to detect i.e. mielotoxicity in cladribine intervention group (they are published in an other paper). Moreover there is no time point and we considered the biggest lengt of time, at 1 year. </p><p>There is no pre specified analysis plan. There are no details on outcome measurements within the outcome domain.</p>"
4,2,N° of participants free from disability worsening at the end of follow-up,RR/RP,1,SUBGROUP_AND_OVERALL,Giovannoni 2010,2010,,,,,758,889,,,347,437,,,61.014032,1.07379,1.01631,1.134521,at 24 months,Some concerns,"<p>""Randomisation was performed with the use of a central system and a computer-generated treatment randomisation code, with dynamic allocation by site in permuted blocks of six"".<br />""The demographic and clinical characteristics of the ITT population were generally well-balanced across the three study groups, although patients receiving 3.5 mg of cladribine/Kg had a shorter significative mean duration of disease"".</p>",Low risk,"<p>None. ""To maintain the double-blind nature of the study, all patients within a weight range received the same number of tablets (cladribine or matched placebo)"". </p>",Low risk,"<p>""Overall, 1184 patients (89.3%) completed the 96-week study (91.9% in the cladribine 3.5-mg group, 89.0% in the cladribine 5.25-mg group, and 87.0% in the placebo group)"".</p>",Low risk,"<p>In the analysis of secondary end points, the progression of disability was evaluated, as well as the time to progression. It would be better to evaluate the proportion of patients who were progression-free. This outcome that we considered crucial in our review was considered only in the discussion of the results.<br />No concerns.</p>",High risk,<p>This outcome (as for all the efficacy outcomes) was a part of exploratory analysis in a phase II trial. Bearing this on mind authors give results only for the amended study  (only safety outcomes were considered in both trials). <br />Moreover this outcome was not considered in the prespecified analysis (time to progression was considered but it is a different outcome).</p>,Some concerns,"<p>""Randomization was performed with the use of a central system and a computer-generated treatment randomization code, with dynamic allocation by site in permuted blocks of six"". <br />""The demographic and clinical characteristics of the intention-to-treat population of 1326 patients was generally well balanced across the three study groups, although patients receiving 3.5 mg of cladribine per kilogram had a shorter mean duration of disease (P = 0.005 for the overall comparison)"". <br />""To maintain the double-blind nature of the study, all patients within a weight range received the same number of tablets (cladribine or matched placebo)"". <br />""Overall, 1184 patients (89.3%) completed the 96-week study (91.9% in the cladribine 3.5-mg group, 89.0% in the cladribine 5.25-mg group, and 87.0% in the placebo group)"".<br />In the analysis of secondary end points, the progression of disability was evaluated, as well as the time to progression. It would be better to evaluate the proportion of patients who were progression-free. This outcome, that we considered crucial in our review, was considered only in the discussion of the results.<br />No concerns.<br />This outcome was not considered in the prespecified analysis.<br /><br /> </p>"
4,2,N° of participants free from disability worsening at the end of follow-up,RR/RP,1,SUBGROUP_AND_OVERALL,Montalban 2018_amended,2018,,,,,105,124,,,42,48,,,31.269726,0.967742,0.849317,1.102679,at 96 weeks at the end of follow-up. Amended Protocol,Some concerns,"<p>""A central interactive voice response system was used to allocate patients using a computer-generated treatment randomisation code and treatment groups were assigned with a block size of 6"".<br />There are differences in number of females, number of T1 Gd+ lesions and T2 lesions volume, and probably in the subgroups of MS.</p>",High risk,<p>The study was double blind. There was a great non adherence that is well detailed in figure 1. This was not a primary end point but a secondary end point.</p>,Low risk,"<p>Authors declared that 19/24 in treatment group and 6 /48 in placebo group had a EDSS progression over 96 weeks, but many participant discontinued treatment .</p>",Low risk,"<p>Independent, evaluating physicians assessed neurologic findings.</p>",High risk,<p>The study was not powered to detect between group differences. For this reason analysis was exploratory (as for all the efficacy outcome).</p>,High risk,"<p>""A central interactive voice response system was used to allocate patients using a computer-generated treatment randomization code and treatment groups were assigned with a block size of 6"".<br />There are differences in number of female, number of T1 Gad+ lesions and T2 lesions volume and probably in the subgroups of MS.</p><p>The study was double blind. There was a great non adherence that is well detailed in figure 1. This was not a primary end point but a secondary end point.</p><p>Authors declared that 19/24 in treatment group and 6 /48 in placebo group had a EDSS progression over 96 weeks, but many participant discontinued treatment .</p><p>Independent, evaluating physicians assessed neurologic findings.</p><p>The study was not powered to detect between group differences. For this reason analysis was exploratory (as for all the efficacy outcome).</p>"
4,2,N° of participants free from disability worsening at the end of follow-up,SP/PP,2,SUBGROUP_AND_OVERALL,Sipe 1994,1994,,,,,23,27,,,16,24,,,7.716242,1.277778,0.924441,1.766165,at 12 months,High risk,"<p>Initially, 24 pairs of patients ""were matched for age, gender and disease severity"". Each matched pair ""was randomised by the statistician using random number tables, so that one patient was assigned to the cladribine group and the other to the placebo group"" (we do not know which patient started treatment first, number 1 or 2). In our opinion, this mechanism was biased. In addition, the authors replaced 2 patients lost to FU initially attributed to cladribine without considering their pairs with placebo. Demographic characteristics of patients at baseline are shown in Table 1.</p>",High risk,"<p>""The examining neurologists, nurses, and patients were blinded to the treatment assignments. An unblinded investigator monitored all the laboratory studies and patients’ complaints and illnesses"". There are no information on treating neurologist, who delivers intervention. There is an unblind investigator who controlled blood examination. Also, an unpaired, intent-to-treat analysis was done on data from all 51 patients; and a paired analysis incorporating data from the 2 cladribine patients lost by month 3 was also undertaken.</p>",Some concerns,"<p>Three patients on cladribine group and 2 patients on placebo group were lost. ""Accordingly, 24-months or longer follow-up of 21 of the 24 patients who had received cladribine in the first year and 22 of the 24 patients who had received placebo in the first year was possible"".<br />In both arms the percentage of lost people was less than 10%.</p>",Low risk,"<p>Neurologic evaluation: Patients were evaluated monthly by means of the Kurtzke extended disability status scale (EDSS) and with the SNRS.<br>
 Every clinician involved in the trial was blind. Actually there are non information on assessor blinding&nbsp;</p>",Some concerns,<p>There is no pre specified analysis plan and disability was the primary outcome but no data are available.<br />There are two scales but results were espressed only in two graphs. we could not include results in the meta anlysis for this reason.</p>,High risk,"<p>""The examining neurologists, nurses, and patients were blinded to the treatment assignments. An unblinded investigator monitored all the laboratory studies and patients’ complaints and illnesses"". There are no information on treating neurologist, who delivers intervention. There is an unblind investigator who controlled blood examination. Also, an unpaired, intent-to-treat analysis was done on data from all 51 patients; and a paired analysis incorporating data from the 2 cladribine patients lost by month 3 was also undertaken.</p><p>Three patients on cladribine group and 2 patients on placebo group were lost. ""Accordingly, 24-mo or longer follow-up of 21 of the 24 patients who had received cladribine in the first year and 22 of the 24 patients who had received placebo in the first year was possible"".<br />In both arms the percentage of lost people was less than 10%.</p><p>Neurologic evaluation: Patients were evaluated monthly by means of the Kurtzke extended disability status scale (EDSS) and with the SNRS.<br />Every clinician involved in the trial was blind. Actually there are non information on assessor blinding. </p><p>There is no pre specified analysis plan and disability was the primary outcome but no data are available.<br />There are two scales but results were espressed only in two graphs. We could not include results in the meta anlysis for this reason .</p>"
4,3,N° of participants who withdrew at the end of follow-up,RR/RP,1,SUBGROUP_AND_OVERALL,Giovannoni 2010,2010,,,,,85,889,,,57,437,,,25.424941,0.733033,0.534747,1.004846,,Some concerns,"<p>""Randomisation was performed with the use of a central system and a computer-generated treatment randomisation code, with dynamic allocation by site in permuted blocks of six"".<br />""The demographic and clinical characteristics of the ITT population were generally well-balanced across the three study groups, although patients receiving 3.5 mg of cladribine/Kg had a shorter significative mean duration of disease"".</p>",Low risk,"<p>""To maintain the double-blind nature of the study, all patients within a weight range received the same number of tablets (cladribine or matched placebo)"".</p>",Low risk,<p>see table 2 in supplements&nbsp;</p>,Low risk,"<p>At each study site, a treating physician reviewed clinical laboratory results and assessed safety information. An independent evaluating physician who was unaware of study-group assignments performed neurologic examinations and determined whether a clinical event fulfilled criteria.</p>",Low risk,<p>none</p>,Some concerns,"<p>""Randomization was performed with the use of a central system and a computer-generated treatment randomization code, with dynamic allocation by site in permuted blocks of six"".<br>
 ""The demographic and clinical characteristics of the ITT population was generally well balanced across the 3 study groups, although patients receiving 3.5 mg of cladribine per kg had a shorter mean duration of disease"".<br>
 ""To maintain the double-blind nature of the study, all patients within a weight range received the same number of tablets (cladribine or matched placebo)"".<br>
 Safety analysis excluded 2/3/2 patients in the three groups and were equally distributed<br>
 At each study site, a treating physician reviewed clinical laboratory results (at this stage we could speculate that the clinical physician could guess the treatment) and assessed treatment-emergent adverse events and safety information, and an independent evaluating physician who was unaware of study-group assignments performed neurologic examinations and determined whether a clinical event fulfilled criteria.</p>"
4,3,N° of participants who withdrew at the end of follow-up,RR/RP,1,SUBGROUP_AND_OVERALL,Montalban 2018_amended,2018,,,,,44,124,,,9,48,,,21.181815,1.892473,1.002968,3.570857,Amended Protocol,Some concerns,"<p>""A central interactive voice response system was used to allocate patients using a computer-generated treatment randomisation code and treatment groups were assigned with a block size of 6"".<br />There are differences in number of females, number of T1 Gd+ lesions and T2 lesions volume, and probably in the subgroups of MS.</p>",High risk,"<p>The study was double blind, There was a great non adherence that is well detailed in figure 1. ITT was made only in principal outcome masures and not in this outcome.</p>",Some concerns,"<p>Description is in figure 1; the authors describe all reasons for discontinuation during the double-blind period, but in 8.1% of people in the treatment group and in 22.9% in the placebo group the authors considered a generic ""other"" reasons, not better detailed. Anyway withdrawn is not an outcome in this study.</p>",Low risk,<p>This trial was double blind</p>,Some concerns,<p>There is no any prespecifyed analysis.</p>,High risk,"<p>""A central interactive voice response system was used to allocate patients using a computer-generated treatment randomization code and treatment groups were assigned with a block size of 6"".<br />There are differences in number of female, number of T1 Gad+ lesions and T2 lesions volume and probably in the subgroups of MS, but not meningful.</p><p>Despite some differences observed at baseline in the demographics of the ONWARD study between the two subgroups, it should be noted that there were no meaningful differences.<br />The study was double blind, There was a great non adherence that is well detailed in figure 1. <br />ITT was made only in principal outcome masures and not in this outcome.<br />Description is in figure 1; the authors describe all reasons for discontinuation during the double-blind period, but in 8.1% of people in the treatment group and in 22.9% in the placebo group the authors considered a generic ""other"" reasons, not better detailed. Anyway withdrawn is not an outcome in this study.<br />This trial was double blind, There is no any prespecifyed analysis.</p>"
4,3,N° of participants who withdrew at the end of follow-up,RR/RP,1,SUBGROUP_AND_OVERALL,Montalban 2018_original protocol,2018,,,,,22,33,,,1,9,,,7.882654,6.0,0.930722,38.679649,Original Protocol,Some concerns,"<p>This study is made by two studies and the details on randomization are in the amended study. We consider what authors described in the amended study.<br />For some paramethers there are differences expressed in table1, but despite some differences observed at baseline in the demographics of the ONWARD study between the two subgroups, it should be noted that these differences were not meaningful.</p>",Low risk,"<p>This study was double blind, ITT was made only in principal outcome masures and not in this outcome.</p>",Some concerns,"<p>Description is in figure 1; the authors describe all reasons for discontinuation during the double-blind period, but in 8.1% of people in the treatment group and in 22.9% in the placebo group the authors considered a generic ""other"" reasons, not better detailed. Anyway withdrawn is not an outcome in this study.</p>",Low risk,<p>This trial was double blind.</p>,Low risk,<p>There is no any prespecifyed analysis</p>,Some concerns,"<p>This study is made by two studies and the details on randomization are in the amended study. We consider what authors described in the amended study. For some paramethers there are differences expressed in table1<br />Despite some differences observed at baseline in the demographics of the ONWARD study between the two subgroups, it should be noted that differences were not meaningful. <br />This study was double blind, ITT was made only in principal outcome measures and not in this outcome.<br />Description is in figure 1; the authors describe all reasons for discontinuation during the double-blind period, but in 8.1% of people in the treatment group and in 22.9% in the placebo group the authors considered a generic ""other"" reasons, not better detailed. Anyway withdrawn is not an outcome in this study.<br />This trial was double blind. There is no any prespecifyed analysis but this trial was interrupted due to Lymphopenia.</p>"
4,3,N° of participants who withdrew at the end of follow-up,RR/RP,1,SUBGROUP_AND_OVERALL,Romine 1999,1999,,,,,2,27,,,6,25,,,10.46881,0.308642,0.068524,1.390177,,Some concerns,"<p>""The stratified groups were randomized in blocks of four to either the placebo arm or the cladribine arm"". No information about allocation are available.</p>",Low risk,"<p>Throughout the study, ""patients, neurologists, nurses, and the neuroradiologist remained blinded to treatment assignment"".</p>",Low risk,<p>Data were available for all participants.</p>,Low risk,<p>There are enough motivation for the withdrow from the study. Assessors were blind.</p>,Low risk,<p>We could get no information.</p>,High risk,"<p>""Patients were assigned to one of three parallel treatment groups according to a<br />computer-generated randomization schedule stratified by baseline disease severity and site"". No information about concealment allocation.<br />We believe that 36 patients in placebo group were different from 26 and 29 present in the other 2 groups, in fact in the EDSS score at entry group there were 25 less severe patients over 75 compared to 31 vs 69 and 30 vs 70.</p><p>To receive a subsequent course of blinded study drug, patients were required to meet the hematologic criteria, which were based on the results of a CBC obtained 2 to 4 days before each dosing period. For a patient who did not meet these criteria, placebo was substituted for the active drug for that dosing period. <br />""3% patients withdrew voluntarily from the study"" before completion of the double-blind phase (3 from the low-dose cladribine group and1 from the higher-dose group) and appropiate analysis was not done.</p><p>All patients randomized to receive double-blind therapy ""received at least one dose of the study drug, and all are included in the efficacy analysis"" 97% patients completed the double-blind phase.</p><p>The method of measuring the outcome was appropriate.</p><p>There is not any prespecified analysis plan in the published report. </p>"
4,3,N° of participants who withdrew at the end of follow-up,RR/RP,1,SUBGROUP_AND_OVERALL,Stelmasiak 2009,2009,,,,,0,40,,,0,44,,,,,,,,Some concerns,"<p>""Randomization was performed by blind selection of number-coded patient names and prelabeled, and coded vials of cladribine or placebo (saline) were supplied for administration"".<br />""The randomization process was conducted entirely by the cladribine supplier; thus information was concealed from physicians who enrolled or treated patients in the study"".  There is no baseline table, nor information in the text. In our opinion the lack of information  is a suggestion of some difficulties in the balance of enrolled population.</p>",High risk,"<p>""Qualifying patients provided written informed consent were randomized blindly to group A (cladribine in year 1 and placebo in year 2) or group B (placebo in year 1 and cladribine in year 2)"".<br />The number of paticipants who were randomised and not included in the analysis was 4 out 84 and, in our opinion, due to the low sample size this could have a substantial impact even if the esteem is less than  5% of participants analysed.</p>",Low risk,<p>95% of patients completed the first year study .&nbsp;</p>,High risk,<p>Authors failed to describe the outcome in some patients not considered in the analysis.</p>,Some concerns,<p>There is no prespecified analysis</p>,High risk,"<p>""Randomization was performed by blind selection of number-coded patient names and prelabeled, and coded vials of cladribine or placebo (saline) were supplied for administration"".<br />""The randomization process was conducted entirely by the cladribine supplier; thus information was concealed from physicians who enrolled or treated patients in the study"".<br />No baseline table nor information in the text. In our opinion the lack of information is a suggestion of some difficulties in the balance of enrolled population.<br />""Qualifying patients provided written informed consent and were randomized blindly to group A (cladribine in year 1 and placebo in year 2) or group B (placebo in year 1 and cladribine in year 2)"".<br />The number of paticipants who were not included in the analysis but randomised was 4 out 84 and in our opinion due to the low sample size this could have a substantial impact even if the esteeme is less then 5% of participants analysed.<br />95% of patients completed the first year study.</p>"
4,3,N° of participants who withdrew at the end of follow-up,CIS,2,SUBGROUP_AND_OVERALL,Leist 2014,2014,,,,,118,411,,,31,206,,,24.947618,1.907857,1.333146,2.730321,,Low risk,"<p>""Randomisation was done using a central web-based randomisation system and was stratified by geographic region. Masking was maintained nusing a two-physician model (both doctors were masked)"".<br />""Baseline patient demographics and disease characteristics were well balanced across treatment groups"".</p>",Some concerns,"<p>""Masking was maintained using a two-physician model: the treating physician supervised study medication administration, and recorded and treated adverse events and MS relapses; the evaluating physician assessed all neurological findings and relapses, and was additionally masked to patient laboratory data. Patients were unaware of their treatment assignment"". ""Treatment discontinuation in all groups was common and the most common reasons were patient’s decision, termination of the trial or a Health Authority or sponsor request to stop treatment. Another common reason for withdrawal under the category of “other” was not meeting retreatment criteria according to protocol"". <br />There has been only a description of the analysis and sponsor stopped the trial before prematurely .</p>",Low risk,"<p>""At the end of the study, 149 (24%) patients had permanently discontinued treatment"", but less than 1% were lost to follow up.</p>",Low risk,<p>Methods of measuring the outcome were appropriate. Outcome assessors were blinded to intervention status.</p>,Some concerns,"<p>Authors would tollerate 10% of dropout, and they decided to stop trials as the drop out were high.</p>",Some concerns,"<p>""Randomisation was done using a central web-based randomisation system and was stratified by geographic region. <br />Baseline patient demographics and disease characteristics were well balanced across treatment groups"".</p><p>""Masking was maintained using a two-physician model: the treating physician supervised study medication administration, and recorded and treated adverse events and MS relapses; the evaluating physician assessed all neurological findings and relapses, and was additionally masked to patient laboratory data. Patients were unaware of their treatment assignment"".</p><p>"" Treatment discontinuation in all groups was common and the most common reasons were patient’s decision, termination of the trial or a Health Authority or sponsor request to stop treatment.<br />Another common reason for withdrawal under the category of “other” was not meeting retreatment criteria according to protocol"". <br />There has been only a description of the analysis and sponsor stopped the trial before prematurely.</p><p>"" At the end of the study, 24% of patients had permanently discontinued treatment"", but less than 1% were lost to follow up.</p><p>Methods of measuring the outcome were appropriate. Outcome assessors were blinded to intervention status.</p><p>Authors would tollerate 10% of dropout, and they decided to stop trials as the drop out were high.</p>"
4,3,N° of participants who withdrew at the end of follow-up,SP/PP,3,SUBGROUP_AND_OVERALL,Rice 2000,2000,,,,,4,105,,,0,54,,,3.913919,4.669811,0.256042,85.170006,,High risk,"<p>""Patients were assigned to one of three parallel treatment groups according to a computer-generated randomization schedule stratifyed by baseline disease severity and site"".<br />We believe that the pattern of disease is well different, in fact 36 patients in placebo group were different from 26 and 29 present in the other 2 groups and EDSS score at entry group there were 25 less severe patients over 75 compared to 31 vs 69 and 30 vs 70.<br />No information about concealment allocation.</p>",Some concerns,"<p>To receive a subsequent course of blinded study drug, patients were required to meet the haematologic criteria, which were based on the results of a CBC obtained 2 to 4 days before each dosing period. For a patient who did not meet these criteria, placebo was substituted for the active drug for that dosing period. <br />""3% patients withdrew voluntarily from the study"" before completion of the double-blind phase"" (3 from the low-dose cladribine group and1 from the higher-dose group) and appropriate analysis was not done.</p>",Low risk,"<p>All patients randomized to receive double-blind therapy received at least one dose of the study drug, and all are included in the efficacy analysis; 97% patients completed the double-blind phase.</p>",Low risk,<p>The method of measuring the outcome was appropiate</p>,Some concerns,<p>There is not any prespecified analysis in the published report.&nbsp;</p>,High risk,"<p>""Patients were assigned to one of three parallel treatment groups according to a<br>
 computer-generated randomization schedule stratified by baseline disease severity and site"". No information about concealment allocation<br>
 We believe that 36 patients in placebo group were different from 26 and 29 present in the other 2 groups, in fact in the EDSS score at entry group there were 25 less severe patients over 75 compared to 31 vs 69 and 30 vs 70.""</p>
<p>To receive a subsequent course of blinded study drug, patients were required to meet the hematologic criteria, which were based on the results of a CBC obtained 2 to 4 days before each dosing period. For a patient who did not meet these criteria, placebo was substituted for the active drug for that dosing period.&nbsp;<br>
 3% patients withdrew voluntarily from the study before completion of the double-blind phase (3 from the low-dose cladribine group and1 from the higher-dose group) and appropiate analysis was not done.</p>
<p>All patients randomized to receive double-blind therapy received at least one dose of the study drug, and all are included in the efficacy analysis; 97% patients completed the double-blind phase.</p>
<p>The method of measuring the outcome was appropiate.</p>
<p>There is not any prespecified analysis plan in the published report.&nbsp;</p>"
4,3,N° of participants who withdrew at the end of follow-up,SP/PP,3,SUBGROUP_AND_OVERALL,Sipe 1994,1994,,,,,3,27,,,1,24,,,6.180244,2.666667,0.296849,23.955306,,High risk,"<p>Initially, 24 pairs of patients ""were matched for age, gender and disease severity"". Each matched pair ""was randomised by the statistician using random number tables, so that one patient was assigned to the cladribine group and the other to the placebo group"" (we do not know which patient started treatment first, number 1 or 2). In our opinion, this mechanism was biased. In addition, the authors replaced 2 patients lost to FU initially attributed to cladribine without considering their pairs with placebo. Demographic characteristics of patients at baseline are shown in Table 1.</p>",High risk,"<p>Throughout the study, patients, neurologists, nurses, and the neuro radiologist were unaware of the treatment assigned to each patient. Cladribine causes no symptoms on infusion and cannot be distinguished from placebo by patients or professional staff. One investigator was unblind to treatment to check side effects, in fact 4 patients who received cladribine and 2 who received placebo had infusion delayed. This condition of blood count verification in our opinion could have made the treatment predictable. </p><p>The intention to treat is declared but not applicated.<br />There have been several withdrawn and patients were substituted by other people. <br />Two patients lost in the treatment group in 24 couples were substituted, 1 patient lost in placebo group was not substituted.</p>",Low risk,<p>No concerns about this domain.</p>,High risk,"<p>""Masking was maintained using a 2 physician model (both doctors were masked) the treating physician supervised study medication administration"". </p><p>There was an unblinded investigator who substitued withdrawn patients. We do not know his role in evaluating outcome in all patients, two patients dropped out but these two patients were substituted with other two patients who were treated with drug intervention. For this reason we believe that trialists were aware of the treatment</p>",Low risk,<p>No concerns about this domain.</p>,High risk,"<p>""Masking was maintained using a 2 physician model (both doctors were masked) the treating physician supervised study medication administration"". </p><p>There was an unblinded investigator who substitued withdrawn patients. We do not know his role in evaluating outcome in all patients, two patients dropped out but these two patients were substituted with other two patients who were treated with drug intervention. For this reason we believe that trialists were aware of the treatment.</p>"
4,4,N° of participants with at least one adverse event at the end of follow-up,RR/RP,1,SUBGROUP_AND_OVERALL,Giovannoni 2010,2010,,,,,728,884,,,319,435,,,34.492612,1.122995,1.052994,1.197649,,Some concerns,"<p>""Randomisation was performed with the use of a central system and a computer-generated treatment randomisation code, with dynamic allocation by site in permuted blocks of six"".<br />""The demographic and clinical characteristics of the ITT population were generally well-balanced across the three study groups, although patients receiving 3.5 mg of cladribine/Kg had a shorter significative mean duration of disease"".</p>",Low risk,"<p>""To maintain the double-blind nature of the study, all patients within a weight range, received the same number of tablets (cladribine or matched placebo)"".<br />Safety analysis excluded 2/3/2 patients in the three groups and were equally distributed.</p>",Low risk,"<p>Lost at follow up were 4 pz in P group, 8 pz in 3.5 Cladribine group and 11 pt in 5.2 cladribine group; for this reason we think that they are almost all patients.</p>",Low risk,"<p>Authors used MeDRA definitions for symptoms, ""that were reported by at least 10% of the patients in any group"". Severity of the event was classified ""according to the following: mild (symptom is easily tolerated); moderate (symptom interferes with or reduces the usual level of activity) and severe (symptom causes substantial impairment of functioning, reduces the usual level of activity, or endangers the patient’s life)"".<br />""At each study site, a treating physician reviewed clinical laboratory results (at this stage we could speculate that the clinical physician could guess the treatment) and assessed treatment-emergent adverse events and safety information,and an independent evaluating physician who was unaware of study-group assignments performed neurologic examinations and determined whether a clinical event fulfilled criteria"".</p>",Low risk,<p>Adverse events were very well descripted but there was no definition to classify them.</p>,Some concerns,"<p>""Randomization was performed with the use of a central system and a computer-generated treatment randomization code, with dynamic<br />allocation by site in permuted blocks of six"".<br />""The demographic and clinical characteristics of the ITT population was generally well balanced across the 3 study groups, although patients receiving 3.5 mg of cladribine per kg had a significatively shorter mean duration of disease "".</p><p>""To maintain the double-blind nature of the study, all patients within a weight range, received the same number of tablets (cladribine or matched placebo)"".<br />Safety analysis excluded 2/3/2 patients in the three groups and were equally distributed.</p><p>Lost at follow up were 4 pz in P group, 8 pz in 3.5 Cladribine group and 11 pt in 5.2 cladribine group; for this reason we think that thery are almost all patients .</p><p>Authors used MeDRA definitions for symptoms, that were reported by at least 10% of the patients in any group. ""Severity of the event was classified according to the following: mild (symptom is easily tolerated); moderate (symptom interferes with or reduces the usual level of activity) and severe (symptom causes substantial impairment of functioning, reduces the usual level of activity, or endangers the patient’s life)"".<br />""At each study site, a treating physician reviewed clinical laboratory results (at this stage we could speculate that the clinical physician could guess the treatment) and assessed treatment-emergent adverse events and safety information,and an independent evaluating physician who was unaware of study-group assignments performed neurologic examinations and determined whether a clinical event fulfilled criteria"".</p><p>Adverse events were very well descripted but there was no definition to classify them.</p>"
4,4,N° of participants with at least one adverse event at the end of follow-up,RR/RP,1,SUBGROUP_AND_OVERALL,Montalban 2018_amended,2018,,,,,119,124,,,36,48,,,20.777269,1.27957,1.082482,1.512542,Amended Protocol,Some concerns,"<p>""A central interactive voice response system was used to allocate patients using a computer-generated treatment randomisation code and treatment groups were assigned with a block size of 6"".<br />There are differences in number of females, number of T1 Gd+ lesions and T2 lesions volume, and probably in the subgroups of MS.</p>",High risk,"<p>The study was double-blind, there was a great non-adherence detailed in figure 1.</p>",Low risk,"<p>The authors describe all reasons for discontinuation during the double-blind period, including AEs, but 8.1% of people in the treatment group and 22.9% in the placebo group authors considered ""other"" reasons, without any better specifications.</p>",Low risk,<p>Authors considered MEDRA classification and provide detailed information on AEs.</p>,Low risk,<p>No concerns about this domain.</p>,High risk,"<p>""A central interactive voice response system was used to allocate patients using a computer-generated treatment randomisation code and treatment groups were assigned with a block size of 6"".<br />There are differences in number of females, number of T1 Gad+ lesions and T2 lesions volume, and probably in the subgroups of MS. The study was double-blind, but there was great non-adherence detailed in figure 1.<br />The authors describe all reasons for discontinuation during the double-blind period, including AEs, but 8.1% of people in the treatment group and 22.9% in the placebo group authors considered ""other"" reasons, not better specified. <br />Authors considered MEDRA classification and provide detailed information on AEs .</p>"
4,4,N° of participants with at least one adverse event at the end of follow-up,RR/RP,1,SUBGROUP_AND_OVERALL,Montalban 2018_original protocol,2018,,,,,33,33,,,8,9,,,12.277728,1.15917,0.890582,1.50876,Original Protocol,Some concerns,"<p>This study is made by two studies and the details on randomization are in the amended study. We consider what authors described in the amended study.<br />For some paramethers there are differences expressed in table1, but despite some differences observed at baseline in the demographics of the ONWARD study between the two subgroups, it should be noted that these differences were not meaningful.</p>",Low risk,"<p>This trial is double blind and ""to mantain blinding all patients within 10Kg weight ranges recieved the same numbers of tablets"".<br />Only 5.9% of patients treated in cladribine 5.25 mg/kg deviated from the protocol.</p>",Low risk,"<p>Data were available for nearly all partecipants, see table 2.</p>",Low risk,<p>All AEs are described in details. Assessors were blind to the treatment.<br /> </p>,Some concerns,<p>In the short test there were no any prespecified analysis of AEs.</p>,Some concerns,"<p>This study is made by two studies and the detailes on randomization are in the amended study, the secod one. We consider what authors described in the amended study.<br />For some paramethers there are differences expressed in table1</p><p>""This trial is double blind and to mantain blinding all patients within 10Kg weight ranges recieved the same numbers of tablets"".<br />Only 5.9% of patients treated in cladribine 5.25 mg/kg deviated from the protocol.</p><p>Data were available for nearly all partecipants, see table 2.</p><p>All AEs are described in detail, assessors were blind to the treatment.<br />In the short test there were no any prespecified analysis of AEs.</p>"
4,4,N° of participants with at least one adverse event at the end of follow-up,RR/RP,1,SUBGROUP_AND_OVERALL,Romine 1999,1999,,,,,2,27,,,1,25,,,0.226527,1.851852,0.178741,19.186141,,Some concerns,"<p>""The stratified groups were randomized in blocks of four to either the placebo arm or the cladribine arm"". No information about allocation are available.</p>",Low risk,"<p>Throughout the study, ""patients, neurologists, nurses, and the neuroradiologist remained blinded to treatment assignment"". </p><p>Only 25 cladribine patients and 19 placebo patients were available for evaluation at the end of 18‐month period; 1 pz cladribine group and 5 patient placebo group interrupted the treatment.</p>",Some concerns,"<p>2 + 5 paticipants withdrown from the trial and we do not know if they had AE.<br />Trial was planned for 18 months; patients were lost form 12 to 18 months and they were unbalanced between the two arms.<br />""During the period from 12 to 18 months, five patients on placebo withdrew: two patients moved out of state, two withdrew for unspecified reasons, and one withdrew because of worsening MS. One patient receiving cladribine also withdrew because of worsening MS"".</p>",High risk,"<p>There is no standard classification of AEs; Authors declare that patients had mild Herpes Zoster infections and no significant other hematological complications.</p><p>Definition of AE is not clear, infact authors give more importance on the hematobiological aspect without considering the real consequences for the patients.</p><p>Probably outcome assessors were blind to treatments.</p>",High risk,<p>In the short test there were no any prespecified analysis of AE.</p>,High risk,"<p>""The stratified groups were randomized in blocks of four to either the placebo arm or the cladribine arm"". <br />No information about allocation are available.<br />""Throughout the study, patients, neurologists, nurses, and the neuroradiologist remained blinded to treatment assignment"".<br />Only ""25 cladribine patients and 19 placebo patients were available for evaluation at the end of 18‐month period""; 1 pz cladribine group and 5 patient placebo group interrupted the treatments. . 2 + 5 paticipants withdrew from the trial and we do not know if they had AE.<br />Trial was planned for 18 months; patients were lost form 12 to 18 months and they were unbalanced between the two arms.<br />During the period from 12 to 18 months, five patients on placebo withdrew: two patients moved out of state, two withdrew for unspecified reasons, and one withdrew because of worsening MS. One patient receiving cladribine also withdrew because of worsening MS.<br />There is no standard classification; Authors declare that patients had ""mild""Herpes Zoster infections and no significant other hematological complications .<br />Definition of AE is not clear, infact authors give more importance on the haemato-biological aspect without considering the real consequences for the patients .<br />In the short test there were no any prespecified analysis of AE</p>"
4,4,N° of participants with at least one adverse event at the end of follow-up,RR/RP,1,SUBGROUP_AND_OVERALL,Stelmasiak 2009,2009,,,,,16,40,,,0,44,,,0.160323,36.219512,2.243664,584.692237,,Some concerns,"<p>""Randomization was performed by blind selection of number-coded patient names and prelabeled, and coded vials of cladribine or placebo (saline) were supplied for administration"".<br />""The randomization process was conducted entirely by the cladribine supplier; thus information was concealed from physicians who enrolled or treated patients in the study"".  There is no baseline table, nor information in the text. In our opinion the lack of information  is a suggestion of some difficulties in the balance of enrolled population.</p>",High risk,"<p>84 patientes were enrolled but data were available only on 80 patiens. 4 patients withdrow from the study in the second year but were not included in the analysis of the first year, while they were still participating in the first year included sudy.&nbsp;</p>",Low risk,"<p>""80 patients (95% of the total) completed the study by November 1997"". ""Two patients in group A withdrew during the second year (while receiving placebo) one because of repeated infections and one for unspecified reasons . One patient in group B withdrew during this second year because he/she did not perceive any improvement in his/her condition. 1 patient from group B committed suicide during the second year, but this was considered to be unrelated to cladribine treatment"".</p>",Low risk,"<p>There has been an attempt of classification but there has been no standard evaluation of AE. Authors only expressed ""Sixteen infections requiring treatment were reported by patients in each group during the year of cladribine therapy"".&nbsp;<br>
 Both the patients and the investigators who performed the neurological assessments were blinded to laboratory data.</p>",Some concerns,"<p>There is no prespecified analysis, ""no episodes of infections were considered serious and all responded to standard antibiotic therapy; most were upper respiratory tract infections"". </p>",High risk,"<p>""Randomization was performed by blind selection of number-coded patient names and prelabeled, and coded vials of cladribine or placebo (saline) were supplied for administration"". The randomization process was conducted entirely by the cladribine supplier; thus information was concealed from physicians who enrolled or treated patients in the study. No baseline table nor information in the text. In our opinion the lack of information (there is no baseline table showing the population) is a suggestion of some difficulties in the balance of enrolled population.<br />""Qualifying patients provided written informed consent and were randomized blindly to group A (cladribine in year 1 and placebo in year 2) or group B (placebo in year 1 and cladribine in year 2)"".<br />84 patientes were enrolled but data were only on 80 patiens. 4 patients withdrow from the study in the second year (after the cross over) but were not included in the analysis of the first year, while they were still participating in the first year included study.<br />""80 patients (95% of the total) completed the study by November 1997"". ""Two patients in group A withdrew during the second year (while receiving placebo) one because of repeated infections and one for unspecified reasons . One patient in group B withdrew during the second year because he/she did not perceive any improvement in his/her condition. 1 patient from group B committed suicide during the second year, but this was considered to be unrelated to cladribine treatment"".<br />There has been an attempt of classification but there has been no standard evaluation. </p><p>Authors only declared ""Sixteen infections requiring treatment were reported by patients in each group during the year of cladribine therapy"".<br />Both the patients and the investigators who performed the neurological assessments were blinded to laboratory data.<br />There is no prespecified analysis, ""no episodes of infections were considered serious and all responded to standard antibiotic therapy; most were upper respiratory tract infections"". </p>"
4,4,N° of participants with at least one adverse event at the end of follow-up,CIS,2,SUBGROUP_AND_OVERALL,Leist 2014,2014,,,,,333,410,,,162,206,,,31.774491,1.032791,0.948596,1.12446,,Low risk,"<p>""Randomisation was done using a central web-based randomisation system and was stratified by geographic region. Masking was maintained nusing a two-physician model (both doctors were masked)"".<br />""Baseline patient demographics and disease characteristics were well balanced across treatment groups"".</p>",High risk,"<p> ""Masking was maintained using a two-physician model (both doctors were masked)"". ""The treating physician supervised study medication administration, and recorded and treated adverse events and MS relapses; the evaluating physician assessed all neurological findings and relapses, and was additionally masked to patient laboratory data"". <br />""Patients were unaware of their treatment assignment"". Paticipants and people delivering intervention probably were aware of intervention after convertion in MS also during the double blind trial treatment period.<br />""Treatment discontinuation in all groups was most commonly for reasons other than adverse events and they were patient’s decision, termination of the trial or programme, or a Health Authority or sponsor request to stop treatment.<br />Another common reason for withdrawal under the category of “other” was not meeting retreatment criteria according to protocol"". </p>",Low risk,"<p>At the end of the study, 24% of the included patients had permanently discontinued treatment, but less than 1% were lost to follow up.</p>",Low risk,"<p>See table 4 where there is a definition of AE ""Overall incidence of TEAEs (safety population), most common TEAEs (reported by ≥5% of patients of the safety population), and frequency of opportunistic infections"".</p>",Low risk,"<p>""Safety endpoints were adverse events and serious adverse events, vital signs, laboratory variables, and concomitant medications and procedures"".</p>",High risk,"<p>""Randomisation was done using a central web-based randomisation system and was stratified by geographic region"". <br />""Baseline patient demographics and disease characteristics were well balanced across treatment groups"".<br />""Masking was maintained using a two-physician model (both doctors were masked)"". ""The treating physician supervised study medication administration, and recorded and treated adverse events and MS relapses; the evaluating physician assessed all neurological findings and relapses, and was additionally masked to patient laboratory data. Patients were unaware of their treatment assignment but paticipants and people delivering intervention probably were awere of intervention after convertion in MS also during the double blind trial treatment period"".<br />""Treatment discontinuation in all groups was most commonly for reasons other than adverse events and they were patient’s decision, termination of the trial or programme, or a Health Authority or sponsor request to stop treatment.<br />Another common reason for withdrawal under the category of “other” was not meeting retreatment criteria according to protocol"". <br />At the end of the study, 24% of included patients had permanently discontinued treatment, but less than 1% were lost to follow up.<br />See table 4 where there is a defnition of AE ""Overall incidence of TEAEs (safety population), most common TEAEs (reported by ≥5% of patients of the safety population), and frequency of opportunistic infections"". Adverse events and laboratory findings were recorded at study visits and at regularly scheduled interim visits.<br />Safety endpoints were adverse events and serious adverse events, vital signs, laboratory variables, and concomitant medications and procedures.</p>"
4,4,N° of participants with at least one adverse event at the end of follow-up,SP/PP,3,SUBGROUP_AND_OVERALL,Janiec 2001,2001,,,,,3,34,,,0,35,,,0.144893,7.2,0.385832,134.358919,,Some concerns,"<p>""The study was designed as a randomised, placebo controlled, double-blind trial"". ""There were 69 patients matched in pairs by age, sex and disease severity"".<br />There is only the statement that the study is randomised, no information about allocation.<br />Partecipants were matched in pairs but no information are available about any differences.</p>",High risk,"<p>There is the statment that the study was double blind, no more information.</p>",Some concerns,<p>It is not possible to understand the number of partecipants who completed the study because they are not reported.</p>,High risk,"<p>There are no definition about adverse event.<br />""Infectious episodes, which are a serious problem in patients with haematological malignancies treated with cladribine, were rare and limited to urinary tract infections and cases of mild herpes zoster responded well to treatment"". ""As the number of urinary tract infections was almost the same in treated and untreated groups we consider them unlikely to be related to cladribine treatment"".</p>",Some concerns,"<p>They produced results in accordance with the prespecified analysis, but we should bear in mind that this is only the lymphocyte levels in different time points.</p>",High risk,"<p>""The study was designed as a randomised, placebo controlled, double-blind trial. There were 69 patients matched in pairs by age, sex and disease severity"".<br />Just the statement that the study is randomised,  partecipants were matched in pairs but no information are available about any differences.<br />There is the statment that the study was double blind. No more information.<br />It is not possible to understand the number of partecipants who completed the study because they are not reported.</p><p>There is no definition for adverse event.<br />""Infectious episodes, which are a serious problem in patients with haematological malignancies treated with cladribine, were rare and limited to urinary tract infections and cases of mild herpes zoster responding well to treatment. As the number of urinary tract infections was almost the same in<br />treated and untreated groups we consider them unlikely to be related to cladribine treatment"".<br />Authors produced results in accordance with the prespecified analysis, but we should bear in mind that this is only the linfocite levels in different time points</p>"
4,4,N° of participants with at least one adverse event at the end of follow-up,SP/PP,3,SUBGROUP_AND_OVERALL,Sipe 1994,1994,,,,,3,27,,,0,24,,,0.146157,6.25,0.339217,115.15481,,High risk,"<p>Initially, 24 pairs of patients ""were matched for age, gender and disease severity"". Each matched pair ""was randomised by the statistician using random number tables, so that one patient was assigned to the cladribine group and the other to the placebo group"" (we do not know which patient started treatment first, number 1 or 2). In our opinion, this mechanism was biased. In addition, the authors replaced 2 patients lost to FU initially attributed to cladribine without considering their pairs with placebo. Demographic characteristics of patients at baseline are shown in Table 1.</p>",High risk,"<p>Throughout the study, ""patients, neurologists, nurses, and the neuro radiologist were unaware of the treatment assigned to each patient"". Cladribine causes no symptoms on infusion and cannot be distinguished from placebo by patients or professional staff.<br />Thre was an investigator who was unblinded <br />There were a few deviations from the stated drug dosages. In the original protocol a total of six monthly doses had been planned, but this was modified to four courses after the study had been initiated because of a greater than expected decline in the platelet count in some patients. ""One patient received five courses before the decision to reduce dosage had been made. One patient received only two courses, and two patients received only three courses because of thrombocytopenia"". At the beginning of the second phase of the study, five patients who were to have received placebo were given a single 0.7 mg/kg of infusion cladribine by error. Separate analysis showed that the response of these patients was not greater than those of the other patients, and the data of these patients have been retained.</p>",High risk,"<p>3 patients on cladribine group and 2 patients on placebo group were lost, ""the percentage of lost people was less than 10%"", but some people were substituted;</p><p>""the loss of these two patients on the initial cladribine arm was not attributed to treatment"" but there are no information on the other patient lost to follow-up.</p><p>In the bibliographyat number 16 (Beutler 1994), there is 1 more patient with hight mielotoxicity and 6 patients with mild mielotoxicity.This means that there is no transparency on reporting outcome events.<br />AE were not showen in a table were there is a classification in severity .</p>",High risk,<p>There is no clinical instrument or definition to evaluate at definite time point the adverse events only blood counts were obtained during drug administration. Less frequent counts were obtained thereafter. Lymphocyte subset evaluation was done monthly during the course of drug administration and less frequently thereafter.</p>,Some concerns,"<p>There is no pre specified analysis plan, there are no details.</p>",High risk,"<p>Throughout the study, patients, neurologists, nurses, and the neuro radiologist were unaware of the treatment assigned to each patient. Cladribine causes no symptoms on infusion and cannot be distinguished from placebo by patients or professional staff.<br />Thre was an investigator who was unblinded.<br />There were a few deviations from the stated drug dosages. In the original protocol a total of six monthly doses had been planned, but this was modified to four courses after the study had been initiated because of a greater than expected decline in the platelet count in some patients. ""One patient received five courses before the decision to reduce dosage had been made"". ""One patient received only two courses, and two patients received only three courses because of thrombocytopenia"". At the beginning of the second phase of the study, five patients who were to have received placebo were given a single 0.7 mg/kg of infusion cladribine by error. Separate analysis showed that the response of these patients was not greater than those of the other patients, and the data of these patients have been retained.</p><p>3 patients on cladribine group and 2 patients on placebo group were lost, the percentage of lost people was less than 10%, but some people were substituted;</p><p>""the loss of these two patients on the initial cladribine arm was not attributed to treatment"" but there are no information on the other patient lost to follow-up.</p><p>In the bibliography at number 16 (Beutler 1994), there is 1 more patient with hight mielotoxicity and 6 patients with mild mielotoxicity. these means that there is no transparency on reporting outcome events.<br />AE were not shown in a table were there is a classification based on severity .</p><p>There is no clinical instrument or definition to evaluate at definite time point the adverse events; only blood counts were obtained during drug administration. Less frequent counts were obtained thereafter. Lymphocyte subset evaluation was done monthly during the course of drug administration and less frequently thereafter.</p><p>There is no pre specified analysis plan, there are no details.</p>"
4,5,N° of participants with at least one relapse at the end of follow-up,RR/RP,1,SUBGROUP_AND_OVERALL,Giovannoni 2010,2010,,,,,184,889,,,171,437,,,100.0,0.528934,0.44452,0.629378,,Some concerns,"<p>""Randomisation was performed with the use of a central system and a computer-generated treatment randomisation code, with dynamic allocation by site in permuted blocks of six"".<br />""The demographic and clinical characteristics of the ITT population were generally well-balanced across the three study groups, although patients receiving 3.5 mg of cladribine/Kg had a shorter significative mean duration of disease"".</p>",Low risk,"<p>""To maintain the double-blind nature of the study, all patients within a weight range received the same number of tablets (cladribine or matched placebo)"".</p>",Low risk,<p>See table 2 in main paper</p>,Low risk,"<p>This is a well validated outocome in MS trials.<br />""An independent evaluating physician, who was unaware of study-group assignments, performed neurologic examinations and determined whether a clinical event fulfilled criteria"".</p>",Low risk,"<p>This is a secondary end point of the study, that was powered to relapse rate and not to people with relapse.</p>",Some concerns,"<p>""Randomization was performed with the use of a central system and a computer-generated treatment randomization code, with dynamic allocation by site in permuted blocks of six"".<br />""The demographic and clinical characteristics of the ITT population was generally well balanced across the 3 study groups, although patients receiving 3.5 mg of cladribine per kg had a significatively shorter mean duration of disease "".</p><p>""To maintain the double-blind nature of the study, all patients within a weight range received the same number of tablets (cladribine or matched placebo)"".</p><p>See table 2 in main paper.</p><p>This is a well validated outcome in MS trials.<br />""An independent evaluating physician, who was unaware of study-group assignments, performed neurologic examinations and determined whether a clinical event fulfilled criteria"".</p><p>This is a secondary end point of the study, that was powered to relapse rate and not to people with relapse.</p>"
4,6,N° of participants with new Gd+ T1 or new/enlarging T2 MRI lesions at the end of follow-up,RR/RP,1,SUBGROUP_AND_OVERALL,Giovannoni 2010,2010,,,,,98,889,,,226,437,,,40.174478,0.213156,0.173201,0.262327,MRI results from Giovannoni 2010 were published in Comi 2013,Some concerns,"<p>""Randomisation was performed with the use of a central system and a computer-generated treatment randomisation code, with dynamic allocation by site in permuted blocks of six"".<br />""The demographic and clinical characteristics of the ITT population were generally well-balanced across the three study groups, although patients receiving 3.5 mg of cladribine/Kg had a shorter significative mean duration of disease"".</p>",Low risk,"<p>""To maintain the double-blind nature of the study, all patients within a weight range received the same number of tablets (cladribine or matched placebo).""<br />MRI scans were balanced across treatment groups.</p>",Low risk,<p>Data were available for this outcome; 85.7 % of patients at weeks 96 had their scans.</p>,Low risk,"<p>New MRI lesions are a common endpoint in MS trials; however, results summarized as the mean number of lesions are harder to interpret clinically than the absolute number (or proportion) of patients with ≥1 new lesion. The corresponding absolute figures are reported in the Supplementary Materials. MRI scans were evaluated centrally by neuroradiologists who were blinded to treatment allocation.</p>",Some concerns,"<p>The investigators assessed per-patient, per-scan lesion counts and enlargement of individual lesion volumes—two outcomes commonly used in MS trials. These results were reported three years after the initial publication, with extensive discussion of subgroup analyses.</p>",Some concerns,"<p>Randomization was conducted centrally using a computer-generated code with dynamic allocation by site in permuted blocks of six, and baseline characteristics were generally well balanced across the three groups (noting a shorter mean disease duration in the 3.5 mg/kg cladribine arm). Blinding was maintained by providing the same number of tablets (active or matched placebo) within weight ranges, and MRI scheduling was balanced across treatment groups. Outcome completeness was high, with 85.7% of patients having scans at week 96. MRI endpoints were assessed centrally by blinded neuroradiologists, limiting measurement bias; although results were summarized as mean lesion counts—which are less clinically interpretable than the absolute proportion of patients with ≥1 new lesion—those absolute figures are available in the Supplementary Materials. The program also evaluated per-patient, per-scan lesion counts and enlargement of individual lesion volumes, with a follow-up report published three years after the primary paper that included extensive subgroup analyses.</p>"
4,6,N° of participants with new Gd+ T1 or new/enlarging T2 MRI lesions at the end of follow-up,CIS,2,SUBGROUP_AND_OVERALL,Leist 2014,2014,,,,,98,411,,,134,206,,,40.44623,0.366561,0.300211,0.447575,new enhancing T1 lesions,Low risk,"<p>""Randomisation was done using a central web-based randomisation system and was stratified by geographic region. Masking was maintained nusing a two-physician model (both doctors were masked)"".<br />""Baseline patient demographics and disease characteristics were well balanced across treatment groups"".</p>",Some concerns,"<p>""Masking was maintained using a two-physician model (both doctors were masked). <br />The treating physician supervised study medication administration, and recorded and treated adverse events and MS relapses; the evaluating physician assessed all neurological findings and relapses, and was additionally masked to patient laboratory data. Patients were unaware of their treatment assignment.""<br />""Treatment discontinuation in all groups was most commonly for reasons other than adverse events. The most common such reasons for discontinuation were patient’s decision, termination of the trial or programme, or a Health Authority or sponsor request to stop treatment"". <br />""Another common reason for withdrawal under the category of “other” was not meeting retreatment criteria according to protocol"". There has been only a description.</p>",Low risk,"<p>""At the end of the study, 149 (24%) patients had permanently discontinued treatment"", but less than 1% were lost to follow up </p>",Some concerns,"<p>To measure new/enlarging or GAD positive at the end of follow up is a very common outcome in MS clinical trials; in this case we considered patient with incresed or GAD positive lesions. Anyway authors give iformation of our selected and, on our opinion, appropiate outcome.&nbsp;<br>
 Probably assessors knew the intervention only aftere conversion.&nbsp;</p>",Low risk,"<p>Our selected outcome was a secondary endpoint: proportions of patients free from new T1 gadolinium-enhancing lesions and new or enlarging T2 lesions, and numbers of T1 hypointense lesions.</p>",Some concerns,"<p>""Randomisation was done using a central web-based randomisation system and was stratified by geographic region. Masking was maintained nusing a two-physician model (both doctors were masked). <br />Baseline patient demographics and disease characteristics were well balanced across treatment groups"". <br />""Masking was maintained using a two-physician model (both doctors were masked). <br />The treating physician supervised study medication administration, and recorded and treated adverse events and MS relapses; the evaluating physician assessed all neurological findings and relapses, and was additionally masked to patient laboratory data. Patients were unaware of their treatment assignment."" <br />""Treatment discontinuation in all groups was most commonly for reasons other than adverse events. The most common such reasons for discontinuation were patient’s decision, termination of the trial or programme, or a Health Authority or sponsor request to stop treatment. <br />Another common reason for withdrawal under the category of “other” was not meeting retreatment criteria according to protocol"". There has been only a description.<br />""At the end of the study, 149 (24%) patients had permanently discontinued treatment"", but less than 1% were lost to follow up. ""Safety endpoints were adverse events and serious adverse events, vital signs, laboratory variables, and concomitant medications and procedures"". </p>"
4,6,N° of participants with new Gd+ T1 or new/enlarging T2 MRI lesions at the end of follow-up,SP/PP,3,SUBGROUP_AND_OVERALL,Rice 2000,2000,,,,,8,105,,,10,54,,,16.120436,0.411429,0.172398,0.981877,&nbsp;enhancing T1 lesions,High risk,"<p>""Patients were assigned to one of three parallel treatment groups according to a computer-generated randomization schedule stratifyed by baseline disease severity and site"".<br />We believe that the pattern of disease is well different, in fact 36 patients in placebo group were different from 26 and 29 present in the other 2 groups and EDSS score at entry group there were 25 less severe patients over 75 compared to 31 vs 69 and 30 vs 70.<br />No information about concealment allocation.</p>",Some concerns,"<p>To receive a subsequent course of blinded study drug, patients were required to meet the hematologic criteria obtained 2 to 4 days before each dosing period. For a patient who did not meet these criteria, placebo was substituted for the active drug for that dosing period. <br />""The majority of patients received all eight scheduled courses of therapy"" (7/54 placebo, 11/53 cladribine 0.7 mg/kg and 16/52 of 2.1 mg/kg-treated patients) and received a placebo substitution. ""The most common reasons for failure of the dosing criteria were fluctuations in hemoglobin levels and platelet counts, which occurred at a similar frequency in all groups"".<br /> </p>",Low risk,<p>Only 4 patients over 159 do not have data for this outcome.</p>,Low risk,"<p>This is a valid end point considered in MS clinical trials, all scan data were blinded to treatment, date, and sequence of scan.</p>",Low risk,<p>No concerns about this domain.</p>,High risk,"<p>""Patients were assigned to one of three parallel treatment groups according to a computer-generated randomization schedule stratifyed by baseline disease severity and site"".<br />We believe that the pattern of disease is well different, in fact 36 patients in placebo group were different from 26 and 29 present in the other 2 groups and EDSS score at entry group there were 25 less severe patients over 75 compared to 31 vs 69 and 30 vs 70.<br />No information about concealment allocation.<br />To receive a subsequent course of blinded study drug, patients were required to meet the hematologic criteria obtained 2 to 4 days before each dosing period. For a patient who did not meet these criteria, placebo was substituted for the active drug for that dosing period. <br />""The majority of patients received all eight scheduled courses of therapy"" (7/54 placebo, 11/53 cladribine 0.7 mg/kg and 16/52 of 2.1 mg/kg-treated patients) and received a placebo substitution. ""The most common reasons for failure of the dosing criteria were fluctuations in hemoglobin levels and platelet counts, which occurred (Authors say) at a similar frequency in all groups"".<br />To receive a subsequent course of blinded study drug, patients were required to meet the hematologic criteria obtained 2 to 4 days before each dosing period. For a patient who did not meet these criteria, placebo was substituted for the active drug for that dosing period. <br />Only 4 patients over 159 do not have data for this outcome<br />This is a valid end point considered in MS clinical trials. All scan data were blinded to treatment, date, and sequence of scans.</p>"
4,6,N° of participants with new Gd+ T1 or new/enlarging T2 MRI lesions at the end of follow-up,SP/PP,3,SUBGROUP_AND_OVERALL,Sipe 1994,1994,,,,,1,27,,,2,24,,,3.258855,0.444444,0.042957,4.598372,new enhancing T1 lesions,High risk,"<p>Initially, 24 pairs of patients ""were matched for age, gender and disease severity"". Each matched pair ""was randomised by the statistician using random number tables, so that one patient was assigned to the cladribine group and the other to the placebo group"" (we do not know which patient started treatment first, number 1 or 2). In our opinion, this mechanism was biased. In addition, the authors replaced 2 patients lost to FU initially attributed to cladribine without considering their pairs with placebo. Demographic characteristics of patients at baseline are shown in Table 1.</p>",Low risk,"<p>""Throughout the study, patients, neurologists, nurses, and the neuro radiologist were unaware of the treatment assigned to each patient. Cladribine causes no symptoms on infusion and cannot be distinguished from placebo by patients or professional staff.""</p>",High risk,"<p>""The loss of these 2 patients seemed unattributable to cladribine so we recruited 2 additional matched patients as replacements and assigned them to cladribine. 1 patient receiving placebo withdrew from the study after 4 months on protocol for reasons unrelated to treatment, so we chose not to replace this patient. The analyses reported here refer to the 24 matched pairs of patients (table 1), and exclude the 3 patients on cladribine who did not complete a full year of the study.""</p>",Low risk,<p>Masking was maintained using a two-physician model (both doctors were masked). The treating physician supervised study-medication administration and recorded and managed adverse events.</p>,Low risk,"<p>Our selected outcome was a secondary endpoint: proportions of patients free from new Gd+ T1 lesions and new or enlarging T2 lesions, and numbers of T1 hypointense lesions.</p>",High risk,"<p>Overall risk of bias was judged High because weaknesses in the randomization process and post-randomization handling of participants are likely to have distorted the comparison: matched pairs were randomized by the statistician using random number tables, yet aspects of trial conduct (e.g., blood-count verification and delayed infusions in 4 cladribine and 2 placebo patients) could have made allocation predictable, and two cladribine-assigned participants lost to follow-up were replaced without replacing their placebo counterparts. In addition, deviations from intended intervention occurred—dose intensity and number of courses varied (one patient received five courses before dose reduction; one received only two; two received three due to thrombocytopenia)—and these differences were not accounted for in the analysis. Missing data were handled asymmetrically (“the analyses… exclude the three cladribine patients who did not complete a full year”), introducing attrition/per-protocol bias. Although outcome assessment was blinded in a two-physician model and there were no specific concerns about selective reporting, the combined issues in randomization, deviations, and missing outcome data indicate a high overall risk of bias.</p>"
5,1,N° of participants with at least one new relapse at 12-month follow-up,,,SUBGROUP_AND_OVERALL,Kalincik 2018,2018,,,,,7,32,,,54,258,,,100.0,1.045139,0.520869,2.097103,,,,,,,,,,,,,
5,2,N° of participants with at least one new relapse at 3-year follow-up,,,SUBGROUP_AND_OVERALL,Spelman 2023,2023,,,,,39,520,,,76,520,,,100.0,0.513158,0.355724,0.740268,,,,,,,,,,,,,
6,1,N° of participants with at least one new relapse at 12-month follow-up,,,SUBGROUP_AND_OVERALL,Kalincik 2018,2018,,,,,6,26,,,32,174,,,100.0,1.254808,0.581913,2.705802,,,,,,,,,,,,,
7,1,N° of participants with at least one new relapse at 12-month follow-up,,,SUBGROUP_AND_OVERALL,Kalincik 2018,2018,,,,,4,22,,,47,167,,,100.0,0.646035,0.257726,1.6194,,,,,,,,,,,,,
8,1,N° of participants with at least one new relapse at 3-year follow-up,,,SUBGROUP_AND_OVERALL,Spelman 2023,2023,,,,,31,450,,,54,450,,,100.0,0.574074,0.376485,0.875363,,,,,,,,,,,,,
9,1,N° of participants with at least one new relapse at 3-year follow-up,,,SUBGROUP_AND_OVERALL,Spelman 2023,2023,,,,,25,458,,,82,458,,,100.0,0.304878,0.198596,0.468038,,,,,,,,,,,,,
10,1,N° of participants with at least one serious adverse event at the end of follow-up,,,SUBGROUP_AND_OVERALL,Giovannoni 2018,2018,,,,,71,616,,,26,190,,,90.043385,0.842283,0.55408,1.280393,,High risk,"<p>In Extension study there were 5 arms; patients who received placebo in CLARITY received directly cladribine 3.5 mg/kg without any randomisation. Randomization in CLARITY Extension was stratified by CLARITY treatment. In fact ""patients treated with cladribine ( 3.5 or 5.25 mg/Kg) in CLARITY were re-randomized (2:1) to cladribine 3.5 mg/kg or placebo"". ""The randomisation was centralised, using an interactive voice response system"".<br />The characteristics of patients who entered the OLE were similar across groups at baseline, except those patients who received placebo in CLARITY. They showed evidence of greater disease activity (Table 1).</p>",High risk,"<p>The treating physician was blind to tretment and the study was defined double blind. ""The blind was maintained from CLARITY in all treatment arms during the Extension"". <br />Allocation was known as authors known the treatment group in the double blind CLARITY. <br />In Extension study there were 5 arms; patients who received placebo in CLARITY received directly cladribine 3.5 mg/kg without any randomisation. The percentage of people who discontinued the extention study is around 10% in each arm. </p>",High risk,"<p>In this study from 7 to 11% completed the observetion period; less than 10% was for ""other"" reasons"" not better specified. But if we consider people randomised in CLARITY and the in CLARITY EXTENSION they were only the 62% in the placebo group, 46% in cladribine 3,5mg/kg group and 56% in the cladribine 5,25 mg/kg group. in fact they were eligible for the Extension only people who did not have side effects ( lymphocyte count and other normal haematological results within 28 days of the first planned dose).</p>",Low risk,"<p>Authors utilised the Medical Dictionary for Regulatory Activities (MedDRA) while in the Extention study they specified in the supplementary ""All neoplasms were reported as SAEs (as specified in the protocol) and malignant neoplasms (malignancies) were prespecified using Medical Dictionary for Regulatory Activities preferred terms for malignant and unspecified tumors"". <br />The evaluating physician was blind to treatment.</p>",Some concerns,"<p>No hypotheses were pre-specified in the original protocol, but an amendment specified a benefit/risk analysis and a 2.5% significance level for the interim and final analyses.</p>",High risk,"<p>In Extension study there were 5 arms; patients who received placebo in CLARITY received directly cladribine 3.5 mg/kg without any randomisation. Randomization in CLARITY Extension was stratified by CLARITY treatment. In fact ""patients treated with cladribine ( 3.5 or 5.25 mg/Kg) in CLARITY were re-randomized (2:1) to cladribine 3.5 mg/kg or placebo"". ""The randomisation was centralised, using an interactive voice response system""<br />The characteristics of patients who entered the OLE were similar across groups at baseline, except those patients who received placebo in CLARITY. They showed evidence of greater disease activity (Table 1).<br />The treating physician was blind to tretment and the study was defined double blind. ""The blind was maintained from CLARITY in all treatment arms during the Extension"". <br />Allocation was known as authors known the treatment group in the double blind clarity. <br />In Extension study there were 5 arms; patients who received placebo in CLARITY received directly cladribine 3.5 mg/kg without any randomisation. The percentage of people who discontinued the extention study is around 10% in each arm.</p><p>In this study from 7 to 11% completed the observetion period; less than 10% was for ""other"" reasons"" not better specified. But if we consider people randomised in CLARITY and the in CLARITY EXTENSION they were only the 62% in the placebo group, 46% in cladribine 3,5mg/kg group and 56% in the cladribine 5,25 mg/kg group. in fact they were eligible for the Extension only people who did not have side effects ( lymphocyte count and other normal haematological results within 28 days of the first planned dose). Authors utilised the Medical Dictionary for Regulatory Activities (MedDRA). In the Extention study authors specified in the supplementary ""All neoplasms were reported as SAEs (as specified in the protocol) and malignant neoplasms (malignancies) were prespecified using Medical Dictionary for Regulatory Activities preferred terms for malignant and unspecified tumors"". <br />Evaluating physician was blind.<br />No hypotheses were pre-specified in the original protocol, but an amendment specified a benefit/risk analysis and a 2.5% significance level for the interim and final analyses.</p>"
10,1,N° of participants with at least one serious adverse event at the end of follow-up,,,SUBGROUP_AND_OVERALL,Leist 2014 _OLMP,2014,,,,,5,49,,,4,60,,,9.956615,1.530612,0.4344,5.393131,,High risk,"<p>""Patients who during the double blind treatment period converted to clinically definite MS entered the open-label maintenance period and were offered open-label treatment with the interferon beta-1a, 44 μg three times weekly"".<br />No information on patients characteristics in OLMP.</p>",High risk,"<p>Probably patients were aware of their treatment assignment during double blind period. Data were analysed for safety according to treatment received during the double blind treatment period. ""Treatment discontinuation in all groups was most commonly for reasons other than adverse events. The most common reasons to discontinuatinue treatment were patient’s decision, termination of the trial or programme, or a Health Authority or sponsor request to stop treatment"".</p>",High risk,"<p>""Because of early termination of the trial, an end-of-study analysis was done, which included baseline assessments and safety endpoints for each of the three study periods (double-blind treatment, open-label maintenance and the long term FU)"".</p>",Low risk,<p>In table 4 we have different and detailed definition of side effects: Serious and severe TEAEs (safety population).</p>,Some concerns,"<p>Because of early termination of the trial, an end-of-study<br />analysis was done and there are no information on pre specified analysis.</p>",High risk,"<p>""Patients who during the double blind treatment period converted to clinically definite MS entered the open-label maintenance period and were offered open-label treatment with the interferon beta-1a, 44 μg three times weekly"".<br />Probably patients were aware of their treatment assignment during double blind period. <br />Data were analysed for safety according to treatment received during the double blind treatment period. ""Treatment discontinuation in all groups was most commonly for reasons other than adverse events. The most common reasons to discontinuatinue treatment were patient’s decision, termination of the trial or programme, or a Health Authority or sponsor request to stop treatment"".<br />""Because of early termination of the trial, an end-of-study analysis was done, which included baseline assessments and safety endpoints for each of the three study periods (double-blind treatment, open-label maintenance and the long term FU)"".<br />In table 4 we have different and detailed definition of side effects: Serious and severe TEAEs (safety population).<br />Safety endpoints were in the pre-specified analysis plan procedures.</p>"
10,2,N° of participants free from disability worsening at the end of follow-up,,,SUBGROUP_AND_OVERALL,Giovannoni 2018,2018,,,,,471,616,,,143,190,,,100.0,1.015916,0.926115,1.114424,,High risk,"<p>In Extension study there were 5 arms; patients who received placebo in CLARITY received directly cladribine 3.5 mg/kg without any randomisation. Randomization in CLARITY Extension was stratified by CLARITY treatment. In fact ""patients treated with cladribine ( 3.5 or 5.25 mg/Kg) in CLARITY were re-randomized (2:1) to cladribine 3.5 mg/kg or placebo"". ""The randomisation was centralised, using an interactive voice response system"".<br />The characteristics of patients who entered the OLE were similar across groups at baseline, except those patients who received placebo in CLARITY. They showed evidence of greater disease activity (Table 1).</p>",High risk,"<p>The treating physician was blind to tretment and the study was defined double blind. ""The blind was maintained from CLARITY in all treatment arms during the Extension"". <br />Allocation was known as authors known the treatment group in the double blind clarity. <br />In Extension study there were 5 arms; patients who received placebo in CLARITY received directly cladribine 3.5 mg/kg without any randomisation. One limitation of the Extension study is that patient numbers were restricted by enrolling patients from CLARITY; consequently, it was not powered for efficacy analyses. Also, the gap between CLARITY and the Extension was variable.</p>",High risk,"<p>In this study from 7 to 11% completed the observetion period; less than 10% was for ""other"" reasons"" not better specified. But if we consider people randomised in CLARITY and the in CLARITY EXTENSION they were only the 62% in the placebo group, 46% in cladribine 3,5mg/kg group and 56% in the cladribine 5,25 mg/kg group. in fact they were eligible for the Extension only people who did not have side effects (lymphocyte count and other normal haematological results within 28 days of the first planned dose).<br /> </p>",Low risk,"<p>This is a quite common outcome in MS trials , the assessor was blind.</p>",Some concerns,"<p>No hypotheses were pre-specified in the original protocol, but an amendment specified a benefit/risk analysis and a 2.5% significance level for the interim and final analyses.<br /> </p>",High risk,"<p>In Extension study there were 5 arms; patients who received placebo in CLARITY received directly cladribine 3.5 mg/kg without any randomisation. <br />One limitation of the Extension study is that patient numbers were restricted by enrolling patients from CLARITY; consequently, it was not powered for efficacy analyses. Also, the gap between CLARITY and the Extension was variable.<br />In this study from 7 to 11% completed the observetion period; less than 10% was for ""other"" reasons"" not better specified. But if we consider people randomised in CLARITY and the in CLARITY EXTENSION they were only the 62% in the placebo group, 46% in cladribine 3,5mg/kg group and 56% in the cladribine 5,25 mg/kg group. in fact were eligible for the Extension only people who did not have side effects (lymphocyte count and other normal haematological results within 28 days of the first planned dose).<br />This is a quite common outcome in MS trials , the assessor was blind.<br />No hypotheses were pre-specified in the original protocol, but an amendment specified a benefit/risk analysis and a 2.5% significance level for the interim and final analyses.</p>"
10,3,N° of participants who withdrew at the end of follow-up,,,SUBGROUP_AND_OVERALL,Giovannoni 2018,2018,,,,,49,616,,,19,190,,,8.548015,0.795455,0.48049,1.316881,,High risk,"<p>In Extension study there were 5 arms; patients who received placebo in CLARITY received directly cladribine 3.5 mg/kg without any randomisation. Randomization in CLARITY Extension was stratified by CLARITY treatment. In fact ""patients treated with cladribine ( 3.5 or 5.25 mg/Kg) in CLARITY were re-randomized (2:1) to cladribine 3.5 mg/kg or placebo"". ""The randomisation was centralised, using an interactive voice response system"".<br />The characteristics of patients who entered the OLE were similar across groups at baseline, except those patients who received placebo in CLARITY. They showed evidence of greater disease activity (Table 1).</p>",High risk,"<p>The treating physician was blind to tretment and the study was defined double blind. ""The blind was maintained from CLARITY in all treatment arms during the Extension"". <br />Allocation was known as authors known the treatment group in the double blind CLARITY. <br />In Extension study there were 5 arms; patients who received placebo in CLARITY received directly cladribine 3.5 mg/kg without any randomisation. The percentage of people who discontinued the extention study is around 10% in each arm. </p>",High risk,"<p>In this study from 7 to 11% completed the observation period; less than 10% was for ""other"" reasons"" not better specified. But if we consider people randomised in CLARITY and the in CLARITY EXTENSION they were only the 62% in the placebo group, 46% in cladribine 3,5mg/kg group and 56% in the cladribine 5,25 mg/kg group. in fact they were eligible for the Extension only people who did not have side effects ( lymphocyte count and other normal haematological results within 28 days of the first planned dose).</p>",High risk,"<p>In the ""reason for discontinuation"" there is an important unbalance, and, in particular, different reasons in the unspecified ""other reasons"" group.</p>",Some concerns,"<p>Safety endpoints were in the pre-specified analysis plan procedures.<br />""Because of early termination of the trial, an end-of-study analysis was done, which included baseline assessments and safety endpoints for each of the three study periods (double-blind treatment period, open-label maintenance period, and long-term follow-up)"".</p>",High risk,"<p>""Patients who during the double blind treatment period converted to clinically definite MS entered the open-label maintenance period and were offered open-label treatment with the interferon beta-1a, 44 μg three times weekly"".<br />No information on patients characteristics in OLMP.<br />Probably patients were aware of their treatment assignment during double blind period. <br />Data were analysed for safety according to treatment received during the double blind treatment period. ""Treatment discontinuation in all groups was most commonly for reasons other than adverse events. The most common reasons to discontinuatinue treatment were patient’s decision, termination of the trial or programme, or a Health Authority or sponsor request to stop treatment"".<br />""Because of early termination of the trial, an end-of-study analysis was done, which included baseline assessments and safety endpoints for each of the three study periods (double-blind treatment, open-label maintenance and the long term FU)"".<br />In table 4 we have of side effects: there is no esact definition of AEs but they are quite well described.<br />Safety endpoints were in the pre-specified analysis plan procedures.<br />""Because of early termination of the trial, an end-of-study analysis was done, which included baseline assessments and safety endpoints for each of the three study periods (double-blind treatment period, open-label maintenance<br />period, and long-term follow-up)"".</p>"
10,3,N° of participants who withdrew at the end of follow-up,,,SUBGROUP_AND_OVERALL,Leist 2014 _OLMP,2014,,,,,41,49,,,53,60,,,91.451985,0.947247,0.811951,1.105088,,High risk,"<p>""Patients who during the double blind treatment period converted to clinically definite MS entered the open-label maintenance period and were offered open-label treatment with the interferon beta-1a, 44 μg three times weekly"".<br />No information on patients characteristics in OLMP.</p>",High risk,"<p>Probably patients were aware of their treatment assignment during double blind period. <br />""Treatment discontinuation in all groups was most commonly for reasons other than adverse events. The most common reasons to discontinuatinue treatment were patient’s decision, termination of the trial or programme, or a Health Authority or sponsor request to stop treatment"".</p>",High risk,"<p>""Because of early termination of the trial, an end-of-study analysis was done, which included baseline assessments and safety endpoints for each of the three study periods (double-blind treatment, open-label maintenance and the long term FU)"".</p>",High risk,"<p>In the ""reason for discontinuation"" there is an important unbalance, and, in particular, different reasons in the unspecified ""other reasons"" group.</p>",Some concerns,"<p>Safety endpoints were in the pre-specified analysis plan procedures.<br />""Because of early termination of the trial, an end-of-study analysis was done, which included baseline assessments and safety endpoints for each of the three study periods (double-blind treatment period, open-label maintenance<br />period, and long-term follow-up)"".</p>",High risk,"<p>""Patients who during the double blind treatment period converted to clinically definite MS entered the open-label maintenance period and were offered open-label treatment with the interferon beta-1a, 44 μg three times weekly"".<br />No information on patients characteristics in OLMP.<br />Probably patients were aware of their treatment assignment during double blind period. <br />""Treatment discontinuation in all groups was most commonly for reasons other than adverse events. The most common reasons to discontinuatinue treatment were patient’s decision, termination of the trial or programme, or a Health Authority or sponsor request to stop treatment"".<br />""Because of early termination of the trial, an end-of-study analysis was done, which included baseline assessments and safety endpoints for each of the three study periods (double-blind treatment, open-label maintenance and the long term FU)"".<br />In the""reason for discontinuation"" there is an important unbalance, and, in particular, different reasons in the unspecified ""other reasons"" group.<br />Safety endpoints were in the pre-specified analysis plan procedures.<br />""Because of early termination of the trial, an end-of-study analysis was done, which included baseline assessments and safety endpoints for each of the three study periods (double-blind treatment period, open-label maintenance<br />period, and long-term follow-up)"".</p>"
10,4,N° of participants with at least one adverse event at the end of follow-up,,,SUBGROUP_AND_OVERALL,Giovannoni 2018,2018,,,,,492,616,,,145,190,,,83.737879,1.046574,0.957856,1.143509,,High risk,"<p>In Extension study there were 5 arms; patients who received placebo in CLARITY received directly cladribine 3.5 mg/kg without any randomisation. Randomization in CLARITY Extension was stratified by CLARITY treatment. In fact ""patients treated with cladribine ( 3.5 or 5.25 mg/Kg) in CLARITY were re-randomized (2:1) to cladribine 3.5 mg/kg or placebo"". ""The randomisation was centralised, using an interactive voice response system"".<br />The characteristics of patients who entered the OLE were similar across groups at baseline, except those patients who received placebo in CLARITY. They showed evidence of greater disease activity (Table 1).</p>",High risk,"<p>The treating physician was blind to tretment and the study was defined double blind. ""The blind was maintained from CLARITY in all treatment arms during the Extension"". <br />Allocation was known as authors known the treatment group in the double blind CLARITY. <br />In Extension study there were 5 arms; patients who received placebo in CLARITY received directly cladribine 3.5 mg/kg without any randomisation. The percentage of people who discontinued the extention study is around 10% in each arm. </p>",High risk,"<p>In this study from 7 to 11% completed the observation period; less than 10% was for ""other"" reasons"" not better specified. But if we consider people randomised in CLARITY and the in CLARITY EXTENSION they were only the 62% in the placebo group, 46% in cladribine 3,5mg/kg group and 56% in the cladribine 5,25 mg/kg group. in fact were eligible for the Extension only people who did not have side effects ( lymphocyte count and other normal haematological results within 28 days of the first planned dose).</p>",Low risk,"<p>Authors utilised the Medical Dictionary for Regulatory Activities (MedDRA). In the Extention study authors specified in the supplementary: ""All neoplasms were reported as SAEs (as specified in the protocol) and malignant neoplasms (malignancies) were prespecified using Medical Dictionary for Regulatory Activities preferred terms for malignant and unspecified tumors"".<br />Evaluating physician was blind.</p>",Some concerns,"<p>No hypotheses were pre-specified in the original protocol, but an amendment specified a benefit/risk analysis and a 2.5% significance level for the interim and final analyses.</p>",High risk,"<p>In Extension study there were 5 arms; patients who received placebo in CLARITY received directly cladribine 3.5 mg/kg without any randomisation. Randomization in CLARITY Extension was stratified by CLARITY treatment. In fact ""patients treated with cladribine ( 3.5 or 5.25 mg/Kg) in CLARITY were re-randomized (2:1) to cladribine 3.5 mg/kg or placebo"". ""The randomisation was centralised, using an interactive voice response system"".<br />The characteristics of patients who entered the OLE were similar across groups at baseline, except those patients who received placebo in CLARITY. They showed evidence of greater disease activity (Table 1).<br />The treating physician was blind to tretment and the study was defined double blind. ""The blind was maintained from CLARITY in all treatment arms during the Extension"". <br />Allocation was known as authors known the treatment group in the double blind CLARITY. <br />In Extension study there were 5 arms; patients who received placebo in CLARITY received directly cladribine 3.5 mg/kg without any randomisation. The percentage of people who discontinued the extention study is around 10% in each arm.</p><p>In this study from 7 to 11% completed the observetion period; less than 10% was for ""other"" reasons"" not better specified. But if we consider people randomised in CLARITY and the in CLARITY EXTENSION they were only the 62% in the placebo group, 46% in cladribine 3,5mg/kg group and 56% in the cladribine 5,25 mg/kg group. in fact they were eligible for the Extension only people who did not have side effects ( lymphocyte count and other normal haematological results within 28 days of the first planned dose). Authors utilised the Medical Dictionary for Regulatory Activities (MedDRA). In the Extention study authors specified in the supplementary: ""All neoplasms were reported as SAEs (as specified in the protocol) and malignant neoplasms (malignancies) were prespecified using Medical Dictionary for Regulatory Activities preferred terms for malignant and unspecified tumors"".<br />Evaluating physician was blind.<br />No hypotheses were pre-specified in the original protocol, but an amendment specified a benefit/risk analysis and a 2.5% significance level for the interim and final analyses.</p>"
10,4,N° of participants with at least one adverse event at the end of follow-up,,,SUBGROUP_AND_OVERALL,Leist 2014 _OLMP,2014,,,,,38,49,,,47,60,,,16.262121,0.990013,0.80974,1.21042,,High risk,"<p>""Patients who during the double blind treatment period converted to clinically definite MS entered the open-label maintenance period and were offered open-label treatment with the interferon beta-1a, 44 μg three times weekly"".<br />No information on patients characteristics in OLMP.</p>",High risk,"<p>Probably patients were aware of their treatment assignment during double blind period. <br />Data were analysed for safety according to treatment received during the double blind treatment period. ""Treatment discontinuation in all groups was most commonly for reasons other than adverse events. The most common reasons to discontinuatinue treatment were patient’s decision, termination of the trial or programme, or a Health Authority or sponsor request to stop treatment"".</p>",High risk,"<p>""Because of early termination of the trial, an end-of-study analysis was done, which included baseline assessments and safety endpoints for each of the three study periods (double-blind treatment, open-label maintenance and the long term FU)"".</p>",Low risk,<p>In table 4 we have of side effects: there is no exact definition of AEs but they are quite well described.</p>,Some concerns,"<p>Safety endpoints were in the pre-specified analysis plan procedures.<br />""Because of early termination of the trial, an end-of-study analysis was done, which included baseline assessments and safety endpoints for each of the three study periods (double-blind treatment period, open-label maintenance<br />period, and long-term follow-up)"".</p>",High risk,"<p>""Patients who during the double blind treatment period converted to clinically definite MS entered the open-label maintenance period and were offered open-label treatment with the interferon beta-1a, 44 μg three times weekly"".<br />No information on patients characteristics in OLMP.<br />Probably patients were aware of their treatment assignment during double blind period. <br />Data were analysed for safety according to treatment received during the double blind treatment period. ""Treatment discontinuation in all groups was most commonly for reasons other than adverse events. The most common reasons to discontinuatinue treatment were patient’s decision, termination of the trial or programme, or a Health Authority or sponsor request to stop treatment"".<br />""Because of early termination of the trial, an end-of-study analysis was done, which included baseline assessments and safety endpoints for each of the three study periods (double-blind treatment, open-label maintenance and the long term FU)"".<br />In table 4 we have of side effects: there is no exact definition of AEs but they are quite well described.<br />Safety endpoints were in the pre-specified analysis plan procedures.<br />""Because of early termination of the trial, an end-of-study analysis was done, which included baseline assessments and safety endpoints for each of the three study periods (double-blind treatment period, open-label maintenance<br />period, and long-term follow-up)"".</p>"
10,5,N° of participants who experienced at least one relapse at the end of follow-up,Follow-up at 120 weeks (27.6 months; 2.3 years),1,SUBGROUP_AND_OVERALL,Giovannoni 2018,2018,,,,,170,616,,,61,190,,,100.0,0.859591,0.674058,1.096192,,High risk,"<p>In Extension study there were 5 arms; patients who received placebo in CLARITY received directly cladribine 3.5 mg/kg without any randomisation. Randomization in CLARITY Extension was stratified by CLARITY treatment. In fact ""patients treated with cladribine ( 3.5 or 5.25 mg/Kg) in CLARITY were re-randomized (2:1) to cladribine 3.5 mg/kg or placebo"". ""The randomisation was centralised, using an interactive voice response system"".<br />The characteristics of patients who entered the OLE were similar across groups at baseline, except those patients who received placebo in CLARITY. They showed evidence of greater disease activity (Table 1).</p>",High risk,"<p>The treating physician was blind to treatment and the study was defined double blind. ""The blind was maintained from CLARITY in all treatment arms during the Extension"". <br />Allocation was known as authors known the treatment group in the double blind CLARITY. <br />In Extension study there were 5 arms; patients who received placebo in CLARITY received directly cladribine 3.5 mg/kg without any randomisation. </p>",High risk,"<p>In this study from 7 to 11% completed the observetion period; less than 10% was for ""other"" reasons"" not better specified. But if we consider people randomised in CLARITY and the in CLARITY EXTENSION they were only the 62% in the placebo group, 46% in cladribine 3,5mg/kg group and 56% in the cladribine 5,25 mg/kg group. in fact were eligible for the Extension only people who did not have side effects (lymphocyte count and other normal haematological results within 28 days of the first planned dose).</p>",Low risk,"<p>This is a common outcome in MS trials , the assessor was blind</p>",Some concerns,"<p>No hypotheses were pre-specified in the original protocol, but an amendment specified a benefit/risk analysis and a 2.5% significance level for the interim and final analyses</p>",High risk,"<p>In Extension study there were 5 arms; patients who received placebo in CLARITY received directly cladribine 3.5 mg/kg without any randomisation. Randomization in CLARITY Extension was stratified by CLARITY treatment. In fact ""patients treated with cladribine ( 3.5 or 5.25 mg/Kg) in CLARITY were re-randomized (2:1) to cladribine 3.5 mg/kg or placebo"". ""The randomisation was centralised, using an interactive voice response system"".<br />The characteristics of patients who entered the OLE were similar across groups at baseline, except those patients who received placebo in CLARITY. They showed evidence of greater disease activity (Table 1).<br />The treating physician was blind to tretment and the study was defined double blind. ""The blind was maintained from CLARITY in all treatment arms during the Extension"". <br />Allocation was known as authors known the treatment group in the double blind clarity. <br />In Extension study there were 5 arms; patients who received placebo in CLARITY received directly cladribine 3.5 mg/kg without any randomisation. <br />In this study from 7 to 11% completed the observetion period; less than 10% was for ""other"" reasons"" not better specified. But if we consider people randomised in CLARITY and the in CLARITY EXTENSION they were only the 62% in the placebo group, 46% in cladribine 3,5mg/kg group and 56% in the cladribine 5,25 mg/kg group. In fact they were eligible for the Extension only people who did not have side effects (lymphocyte count and other normal haematological results within 28 days of the first planned dose).<br />This is a common outcome in MS trials, the assessor was blind.<br />No hypotheses were pre-specified in the original protocol, but an amendment specified a benefit/risk analysis and a 2.5% significance level for the interim and final analyses.</p>"
10,5,N° of participants who experienced at least one relapse at the end of follow-up,Follow-up at 9.5 - 11.4 years,2,SUBGROUP_AND_OVERALL,Giovannoni 2023,2023,,,,,205,394,,,30,41,,,53.172145,0.711083,0.577436,0.875662,,High risk,"<p>No re-randomization or allocation concealment occurred in CLASSIC-MS; follow-up cohorts were defined by prior exposure (‘cladribine-exposed’ vs ‘never-exposed’) among a post-randomization subset of the parent trials. Hence, baseline comparability from the original randomization is unlikely to be preserved, leading to high risk of bias in the randomization domain.</p>",High risk,"<p>As a Phase IV observational study, both participants and treating physicians were unblinded to treatment allocation. In CLASSIC-MS, follow-up cohorts were defined by actual exposure—“cladribine-exposed” versus “never-exposed”—rather than by the original randomized assignment. Because crossover occurred in the parent studies and only those who enrolled in CLASSIC-MS were analyzed roughly 10.9 years after the parent trials, the effect estimated is as-treated rather than the effect of assignment. These design features, together with post-randomization selection, create potential for a substantial impact on the relapse outcome when participants are analyzed in exposure-defined groups rather than according to their original assignment.</p>",High risk,"<p>Outcome data were not available for all or nearly all randomized participants because CLASSIC-MS included only a subset of the parent CLARITY/Extension population who returned for a single long-term assessment ~10.9 years after the last parent-study dose. Inclusion required surviving to and consenting at the long-term visit, and relapse history or health status could plausibly influence participation; relapse information was also collected retrospectively at Study Visit 1, increasing the chance that missingness depended on the true relapse status. Moreover, follow-up cohorts were defined by exposure (“cladribine-exposed” vs “never-exposed”) rather than original randomized assignment, reinforcing post-randomization selection concerns; there is no evidence of analytic corrections or sensitivity analyses addressing bias from missing outcome data.</p>",High risk,"<p>Relapses were ascertained retrospectively from medical records and/or at the single long-term Study Visit 1 using conventional clinical criteria, which is an appropriate and sufficiently sensitive measurement approach (4.1), and the same ascertainment procedure appears to have been applied across exposure groups (4.2). However, as this Phase IV observational follow-up was unblinded, outcome assessors (and, where applicable, participants) were likely aware of prior cladribine exposure (4.3). Because determining whether an event qualifies as a relapse involves clinical judgement based on retrospective symptom reconstruction, such awareness could plausibly influence the classification of borderline events (4.4), and—given the unblinded setting and retrospective ascertainment—it is likely that knowledge of intervention status influenced outcome assessment to some extent (4.5).</p>",Some concerns,"<p>There is insufficient evidence that a time-stamped, pre-specified analysis plan covered the binary outcome ‘≥1 relapse by end of follow-up’ before unblinded data were available (5.1); relapse measurement itself (counts and ARR over prespecified windows) was pre-specified and reported as intended, making selective choice among multiple outcome measurements unlikely (5.2); however, because the SAP does not fix a single analytic approach for the binary outcome, selection from multiple eligible analyses cannot be excluded (5.3).</p>",High risk,"<p>Overall risk of bias was judged High because the CLASSIC-MS follow-up analyzed exposure-defined cohorts rather than randomized assignment and included only a post-randomization subset of the parent trials ~10.9 years later; relapse outcomes were ascertained retrospectively at an unblinded visit, making assessor awareness likely and misclassification plausible; missing outcome data for the original randomized population were substantial and likely related to prognosis; and although relapse measurement (counts/ARR) was pre-specified, a time-stamped analysis plan for the binary endpoint was not available, leaving room for selective analysis and reporting.</p>"
10,5,N° of participants who experienced at least one relapse at the end of follow-up,Follow-up at 9.5 - 11.4 years,2,SUBGROUP_AND_OVERALL,Giovannoni 2025,2025,,,,,73,156,,,51,71,,,46.827855,0.651458,0.521843,0.813267,,High risk,"<p>No re-randomization or allocation concealment occurred in CLASSIC-MS; follow-up cohorts were defined by prior exposure (‘cladribine-exposed’ vs ‘never-exposed’) among a post-randomization subset of the parent trials. Hence, baseline comparability from the original randomization is unlikely to be preserved, leading to high risk of bias in the randomization domain.</p>",High risk,"<p>In this Phase IV observational follow-up, participants and clinicians were unblinded, and no protocol-assigned intervention was implemented. CLASSIC-MS analyzed exposure-defined cohorts (‘cladribine-exposed’ vs ‘never-exposed’) rather than groups defined by original randomized assignment, and only a post-randomization subset of the parent ORACLE-MS population (156 exposed; 71 never exposed; total 227) was included. This as-treated approach, together with post-randomization selection, creates potential for substantial impact on the relapse outcome.</p>",High risk,"<p>A large proportion of randomized participants lacked outcome data; no corrective methods or sensitivity analyses were reported; and inclusion in the long-term follow-up likely depended on health status and true relapse history. Taken together, these factors indicate a high risk of bias due to missing outcome data.</p>",High risk,"<p>Relapses were ascertained retrospectively from medical records at the single long-term Study Visit 1 using conventional clinical criteria, and the same procedure appears to have been applied across exposure-defined cohorts (‘cladribine-exposed’ vs ‘never-exposed’). However, assessor blinding was not reported and relapse determination involves clinical judgement with access to prior treatment history at Study Visit 1, making some influence of exposure knowledge plausible; thus, measurement bias raises some concerns rather than a high risk.</p>",Some concerns,"<p>A time-stamped Integrated Analysis Plan pre-specified relapse ascertainment and planned summaries as relapse counts and ARR over predefined windows (from first/last parent-study dose to Study Visit 1). However, it did not finalize a dedicated analysis for the binary endpoint ‘≥1 relapse by end of follow-up’ before unblinded data were available. The reported relapse measurements align with the prespecified windows, making selective choice among multiple outcome measurements unlikely; nevertheless, because no single analytic approach was fixed for the binary endpoint, selection from among multiple eligible analyses cannot be excluded. Overall, these considerations indicate some concerns about selection of the reported result</p>",High risk,"<p>Overall risk of bias was judged High because CLASSIC-MS analyzed exposure-defined cohorts rather than randomized assignment and included only a post-randomization subset of the ORACLE-MS population ~10 years later; participants and assessors were unblinded and relapses were ascertained retrospectively at a single long-term visit, making outcome classification susceptible to judgement; substantial, likely prognosis-related missing outcome data were not addressed by corrective or sensitivity analyses; and although relapse measurement windows were prespecified, a time-stamped plan did not finalize the analysis for the binary endpoint, leaving room for selective analysis and reporting.</p>"
10,6,N° of participants with new Gd+ T1 or new/enlarging T2 MRI lesions at the end of follow-up,,,SUBGROUP_AND_OVERALL,Giovannoni 2018,2018,,,,,132,616,,,60,190,,,100.0,0.678571,0.524151,0.878485,MRI data from Giovannoni 2018 were published in Comi 2018,High risk,"<p>In Extension study there were 5 arms; patients who received placebo in CLARITY received directly cladribine 3.5 mg/kg without any randomisation. Randomization in CLARITY Extension was stratified by CLARITY treatment. In fact ""patients treated with cladribine ( 3.5 or 5.25 mg/Kg) in CLARITY were re-randomized (2:1) to cladribine 3.5 mg/kg or placebo"". ""The randomisation was centralised, using an interactive voice response system"".<br />The characteristics of patients who entered the OLE were similar across groups at baseline, except those patients who received placebo in CLARITY. They showed evidence of greater disease activity (Table 1).</p>",High risk,"<p>The treating physicians were blinded to treatment, and the study was conducted as double-blind. Blinding established in CLARITY was maintained across all treatment arms during the Extension. Nevertheless, treatment allocation was known at the analysis/reporting stage, as the authors were aware of the treatment groups from CLARITY. In the Extension, there were five arms; participants who had received placebo in CLARITY were directly assigned to cladribine 3.5 mg/kg without re-randomization. A key limitation of the Extension is that enrolment was restricted to patients from CLARITY, so the study was not powered for efficacy analyses. In addition, the interval between CLARITY and the Extension varied across participants.</p>",High risk,"<p>In this study, approximately 7–11% of participants did not complete the observation period; fewer than 10% discontinued for ‘other’ reasons that were not further specified. However, among those randomized in CLARITY who subsequently enrolled in CLARITY Extension, participation rates were 62% in the placebo group, 46% in the cladribine 3.5 mg/kg group, and 56% in the cladribine 5.25 mg/kg group. Notably, eligibility for the Extension required absence of safety concerns (e.g., lymphocyte count and other hematologic parameters within normal limits within 28 days before the first planned dose).</p>",Low risk,"<p>This is a common endpoint in MS trials. Imaging operators were blinded to treatment, and patients were scanned on the same scanners throughout the trial. MRI scans were evaluated by a central, independent neuroradiology center that was also blinded to treatment.</p>",Some concerns,"<p>The design of CLARITY Extension did not allow the treatment-versus-placebo comparisons used in CLARITY. The prespecified analyses employed a similar framework to assess clinical and neurological outcomes; however, efficacy objectives were classified as exploratory.</p>",High risk,"<p>Overall risk of bias was judged High. In the Extension, only participants from CLARITY were enrolled; those previously treated with cladribine were re-randomized (2:1) to cladribine 3.5 mg/kg or placebo via centralized IVRS, whereas prior-placebo participants were directly assigned to cladribine 3.5 mg/kg without re-randomization, creating five arms and undermining exchangeability across groups. Baseline comparability was further threatened by evidence of greater disease activity among prior-placebo entrants. Although the trial maintained double-blind conduct and MRI outcomes were acquired on consistent scanners and centrally assessed by blinded neuroradiologists, selection and attrition were substantial and differential (only 46–62% of CLARITY arms entered the Extension; ~7–11% did not complete), and Extension eligibility required normal hematologic parameters within 28 days—introducing prognostically related selection. The variable gap between CLARITY and the Extension and the limited Extension sample meant efficacy objectives were exploratory and the original treatment-versus-placebo contrasts could not be replicated. Taken together—partial/randomization, post-randomization selection, and incomplete follow-up—these features indicate a high overall risk of bias despite adequate blinding of outcome measurement.</p>"
10,7,The number of participants with 'no evidence of disease activity' at 24 months after randomisation and at the end of follow up,,,SUBGROUP_AND_OVERALL,Giovannoni 2023,2023,,,,,198,394,,,11,41,,,29.818937,1.873096,1.119224,3.134752,,High risk,"<p>No re-randomization or allocation concealment occurred in CLASSIC-MS; follow-up cohorts were defined by prior exposure (‘cladribine-exposed’ vs ‘never-exposed’) among a post-randomization subset of the parent trials. Hence, baseline comparability from the original randomization is unlikely to be preserved, leading to high risk of bias in the randomization domain.</p>",High risk,"<p>This Phase IV observational follow-up was unblinded, but post-initiation treatment changes reflected usual care rather than trial-context behaviors. For the outcome  'no evidence of disease reactivation’ the endpoint is less directly driven by post-randomization treatment decisions. Nevertheless, analyses were conducted by exposure rather than by original randomized assignment, and this as-treated approach could materially affect the estimated effect for clinical reactivation; therefore, we judge high risk for this domain.</p>",High risk,"<p>Outcome data were unavailable for a large fraction of the randomized population; no analytic corrections/sensitivity analyses were presented; and inclusion/classification at the long-term visit likely depended on prognosis and true reactivation status, indicating a high risk of bias from missing outcome data.</p>",High risk,"<p>Although the same retrospective procedures were used across groups, outcome assessors were unblinded and classification of ‘no evidence of disease reactivation’ depended on clinician judgement based on medical records at a single long-term visit. In this context, knowledge of exposure is likely to have influenced outcome assessment, indicating high risk of measurement bias.</p>",Low risk,"<p>A time-stamped analysis plan (Final v3.0) pre-specifies the responder framework, including a clinical-only definition of ‘no evidence of disease reactivation’ (Definition D) aligned with outcome (b), with detailed computation rules and handling of missing/‘Not determined’. Because both the measurement and analytic approach for this endpoint were prespecified and components were reported, the risk of selective reporting is low.</p>",High risk,"<p>Overall risk of bias was judged High because the long-term follow-up analyzed a post-randomization subset defined by prior exposure (with no re-randomization), participants and assessors were unblinded, and the endpoint (‘no evidence of disease reactivation’) was determined retrospectively from routine records at a single visit, making misclassification likely. A large proportion of the randomized population lacked outcome data and missingness was plausibly related to prognosis/true reactivation, with no corrective or sensitivity analyses. Although the Integrated Analysis Plan prespecified the clinical-only responder definition and computation rules, this does not mitigate the substantial risks arising from selection, missing data, and unblinded outcome assessment.</p>"
10,7,The number of participants with 'no evidence of disease activity' at 24 months after randomisation and at the end of follow up,,,SUBGROUP_AND_OVERALL,Giovannoni 2025,2025,,,,,88,156,,,26,71,,,70.181063,1.540434,1.101198,2.154869,,High risk,"<p>No re-randomization or allocation concealment occurred in CLASSIC-MS; follow-up cohorts were defined by prior exposure (‘cladribine-exposed’ vs ‘never-exposed’) among a post-randomization subset of the parent trials. Hence, baseline comparability from the original randomization is unlikely to be preserved, leading to high risk of bias in the randomization domain.</p>",High risk,"<p>The follow-up was open-label and analyses were conducted by exposure rather than by randomized assignment; although post-initiation changes reflected usual care (not trial-context deviations), this as-treated approach could materially affect the estimated effect for clinical reactivation.</p>",High risk,"<p>Only a subset of the randomized ORACLE-MS cohort contributed long-term outcome data, no corrective/sensitivity analyses were reported, and inclusion/classification at the single long-term visit likely depended on prognosis and true reactivation status (with ‘Not determined’ categories), indicating informative missingness.</p>",High risk,"<p>No evidence of disease reactivation’ was determined retrospectively from routine records at a single unblinded visit, relying on clinician judgment without blinded adjudication, making differential misclassification by exposure plausible.</p>",Low risk,"<p>A time-stamped Integrated Analysis Plan prespecified the long-term responder framework, including a clinical-only definition aligned with this endpoint and detailed computation rules (including handling of ‘Not determined’), reducing the risk of selective measurement or analysis.</p>",High risk,"<p>Despite prespecification of the clinical-only endpoint, the long-term observational design with exposure-defined cohorts, post-randomization selection, unblinded retrospective outcome assessment, and substantial, likely informative missingness results in a high overall risk of bias for this outcome.</p>"
