Study,Outcome,Data type,Effect measure,Domain (judgement): Bias arising from the randomization process,Domain (support): Bias arising from the randomization process,Domain (judgement): Bias due to deviations from intended interventions,Domain (support): Bias due to deviations from intended interventions,Domain (judgement): Bias due to missing outcome data,Domain (support): Bias due to missing outcome data,Domain (judgement): Bias in measurement of the outcome,Domain (support): Bias in measurement of the outcome,Domain (judgement): Bias in selection of the reported result,Domain (support): Bias in selection of the reported result,Domain (judgement): Overall bias,Domain (support): Overall bias
Alsabbagh 2012,Medication adherence 6 months,Arm level,,Low risk,"<p>Comments: The term 'blinded' in this context likely refers to concealment.<br>Quote: ""The principal investigator obtained informed consent from subjects and randomized them in permuted blocks of 6 to receive either a pharmacist intervention or usual care. Group allocation codes were prepared before trial initiation using a random number table and were kept in sealed envelopes and opened sequentially for every new subject. Neither the subjects nor the researcher were blinded to the intervention.""<br>Comments: It is a study that was discontinued with fewer participants than planned, but there were no problems with the randomisation process.</p>",,,,,,,,,,
Alsabbagh 2012,Medication adherence End of study,Arm level,,Low risk,"<p>Comments: The term 'blinded' in this context likely refers to concealment.<br>Quote: ""The principal investigator obtained informed consent from subjects and randomized them in permuted blocks of 6 to receive either a pharmacist intervention or usual care. Group allocation codes were prepared before trial initiation using a random number table and were kept in sealed envelopes and opened sequentially for every new subject. Neither the subjects nor the researcher were blinded to the intervention.""<br>Comments: It is a study that was discontinued with fewer participants than planned, but there were no problems with the randomisation process.</p>",Low risk,"<p>Quote: ""Neither the subjects nor the researcher was blinded to the intervention.""<br>Comments: Although this is an unblinded study, there are no dropouts in both groups.<br>Comments: Although there is no mention of ITT in the document, the interpretation was that the number of IG and CG in baseline and outcome was the same, so all cases could be followed up.</p>",Low risk,"<p>Comments: It is stated that the patients who died were excluded soon after randomisation, so it can be concluded that randomisation was carried out with 95 patients.<br>Quote: ""Ultimately, of the 95 patients who were enrolled, 86 (90%) had also participated in the CR program. One patient died shortly after randomization, and his data were not included in the analysis.""</p>",Low risk,"<p>Comments: Adherence is measured by the medication possession ratio.<br>Comments: The likelihood of MPR being intentionally left outstanding is low.<br>Quote: ""Neither the subjects nor the researcher was blinded to the intervention.""<br>Comments: It's not clear if researchers are also evaluators.<br>Comments: MPR is receipt data.</p>",High risk,"<p>Comments: The protocol cannot be found.<br>Quote: ""Optimal adherence was defined as an MPR ≧80%, which is consistent with other studies.""<br>Comments: Multiple measures of medication adherence have been conducted while the protocol cannot be confirmed, which may be arbitrary.<br>Comments: Univariate analysis only, but no prior protocol</p>",High risk,"<p>The overall risk of bias was judged to be high.<br>Although the study was judged to be at low risk of bias in Domains 1 through 4, there was a high risk of bias in Domain 5 (bias in selection of the reported result), which substantially lowers confidence in the results.</p>"
Bosworth 2018,Clinical measurements: diastolic blood pressure,Arm level,,Some concerns,"<p>Quote: ""The randomization scheme was generated via a uniform random number generator and loaded into the study's tracking database.""<br>Comments: This study did not include information about allocation.&nbsp;<br>Comments: Basic characteristics were not different between the two groups.</p>",,,,,,,,,,
Bosworth 2018,Clinical measurements: diastolic blood pressure End of study,Arm level,,Some concerns,"<p>Quote: ""The randomization scheme was generated via a uniform random number generator and loaded into the study's tracking database.""<br>Comments: This study did not include information about allocation.&nbsp;<br>Comments: Basic characteristics were not different between the two groups.</p>",Low risk,"<p>Quote: ""Study team personnel informed participants of their assignment in-person at completion of the baseline outcome assessment.""<br>Comments: It was not possible to blind a clinical pharmacist.&nbsp;<br>Quote: ""The study was conducted in a “real-world” environment where the initial CPS became ill and it took approximately 5 months to replace and train the 2 CPS replacements.""<br>Quote: ""For the primary analysis of CVD risk, we used a general linear model with an unstructured covariance to account for the correlation of patients' repeated measurements over time using PROC MIXED in SAS v9.4 (Cary, NC).""<br>Comments: There was no described ITT, but we can confirm the analyses included in all participants (Fig. 1). IG: included in analysis N=215, CG: included in analysis N=213.<br>&nbsp;</p>",Some concerns,"<p>Quote: ""Patients were unable to complete recruitment process due to phone outages, not showing for appointment, or being nonresponders to phone calls.""<br>Comments: This study did not provide information that the result was not biased by missing data.<br>Comments: Not provide clear information.&nbsp;</p>",Low risk,"<p>Quote: ""The medication management of diabetes followed contemporaneous American Diabetes Association standards of care.""<br>Comments: This study used the same measurements at baseline, 6 and 12 months.&nbsp;<br>Comments: The participants took the same measurement.&nbsp;<br>Comments: This study did not show that outcome assessors were blinded to the intervention group.<br>Quote: ""BMI was calculated from height and weight measurements using standardized methods at baseline, 6 months, and 12 months.""<br>Comments: BMI might be influenced. As L/D were objective data, there were not influenced.</p>",Low risk,<p>Comments: This study followed a statistical analysis plan approved by Durham Veterans Affairs Medical Center Institutional Review Board.<br>Comments: Outcome assessed according to pre-specified analysis.&nbsp;<br>Comments: This study did not provide clear information.&nbsp;</p>,Some concerns,"<p>The overall risk of bias was judged to be some concerns.<br>Some concerns were noted in the randomisation process (Domain 1), particularly due to insufficient details on allocation concealment. Concerns about missing outcome data (Domain 3) also contributed to potential bias from incomplete data. In contrast, low risk of bias was identified in deviations from intended interventions, outcome measurement, and selective reporting (Domains 2, 4, and 5). Based on these assessments, the overall judgment was classified as some concerns.</p>"
Bosworth 2018,Clinical measurements: systolic blood pressure,Arm level,,Some concerns,"<p>Quote: ""The randomization scheme was generated via a uniform random number generator and loaded into the study's tracking database.""<br>Comments: This study did not include information about allocation.&nbsp;<br>Comments: Basic characteristics were not different between the two groups.</p>",,,,,,,,,,
Bosworth 2018,Clinical measurements: systolic blood pressure End of study,Arm level,,Some concerns,"<p>Quote: ""The randomization scheme was generated via a uniform random number generator and loaded into the study's tracking database.""<br>Comments: This study did not include information about allocation.&nbsp;<br>Comments: Basic characteristics were not different between the two groups.</p>",Low risk,"<p>Quote: ""Study team personnel informed participants of their assignment in-person at completion of the baseline outcome assessment.""<br>Comments: It was not possible to blind a clinical pharmacist.&nbsp;<br>Quote: ""The study was conducted in a “real-world” environment where the initial CPS became ill and it took approximately 5 months to replace and train the 2 CPS replacements.""<br>Quote: ""For the primary analysis of CVD risk, we used a general linear model with an unstructured covariance to account for the correlation of patients' repeated measurements over time using PROC MIXED in SAS v9.4 (Cary, NC).""<br>Comments: There was no described ITT, but we can confirm the analyses included in all participants (Fig. 1). IG: included in analysis N=215, CG: included in analysis N=213.</p>",Some concerns,"<p>Quote: ""Patients were unable to complete recruitment process due to phone outages, not showing for appointment, or being nonresponders to phone calls.""<br>Comments: This study did not provide information that the result was not biased by missing data.<br>Comments: Not provide clear information.&nbsp;</p>",Low risk,"<p>Quote: ""The medication management of diabetes followed contemporaneous American Diabetes Association standards of care.""<br>Comments: This study used the same measurements at baseline, 6 and 12 months.&nbsp;<br>Comments: The participants took the same measurement.&nbsp;<br>Comments: This study did not show that outcome assessors were blinded to the intervention group.<br>Quote: ""BMI was calculated from height and weight measurements using standardized methods at baseline, 6 months, and 12 months.""<br>Comments: BMI might be influenced. As L/D were objective data, they were not influenced.</p>",Low risk,<p>Comments: This study followed a statistical analysis plan approved by Durham Veterans Affairs Medical Center Institutional Review Board.<br>Comments: Outcome assessed according to pre-specified analysis.&nbsp;<br>Comments: This study did not provide clear information.&nbsp;</p>,Some concerns,"<p>The overall risk of bias was judged to be some concerns.<br>There were some concerns regarding the randomisation process (Domain 1), mainly due to limited information on allocation concealment. Additionally, missing outcome data (Domain 3) raised minor concerns related to potential bias from attrition. However, the risk of bias due to deviations from intended interventions, outcome measurement, and selective reporting (Domains 2, 4, and 5) was considered low. Taking these findings together, the study was rated as having some concerns overall.</p>"
Bosworth 2018,"Laboratory values: HbA1c, glycosylated hemoglobin",Arm level,,Some concerns,"<p>Quote: ""The randomization scheme was generated via a uniform random number generator and loaded into the study's tracking database.""<br>Comments: This study did not include information about allocation.&nbsp;<br>Comments: Basic characteristics were not different between the two groups.</p>",,,,,,,,,,
Bosworth 2018,"Laboratory values: HbA1c, glycosylated hemoglobin End of study",Arm level,,Some concerns,"<p>Quote: ""The randomization scheme was generated via a uniform random number generator and loaded into the study's tracking database.""<br>Comments: This study did not include information about allocation.&nbsp;<br>Comments: Basic characteristics were not different between the two groups.</p>",Low risk,"<p>Quote: ""Study team personnel informed participants of their assignment in-person at completion of the baseline outcome assessment.""<br>Comments: It was not possible to blind a clinical pharmacist.&nbsp;<br>Quote: ""The study was conducted in a “real-world” environment where the initial CPS became ill and it took approximately 5 months to replace and train the 2 CPS replacements.""<br>Quote: ""For the primary analysis of CVD risk, we used a general linear model with an unstructured covariance to account for the correlation of patients' repeated measurements over time using PROC MIXED in SAS v9.4 (Cary, NC).""</p>",Some concerns,"<p>Quote: ""Patients were unable to complete recruitment process due to phone outages, not showing for appointment, or being nonresponders to phone calls.""<br>Comments: This study did not provide information that the result was not biased by missing data.<br>Comments: Not provide clear information.&nbsp;</p>",Low risk,"<p>Comment: This study used the same measurements at baseline, 6 and 12 months.&nbsp;<br>Quote: ""The medication management of diabetes followed contemporaneous American Diabetes Association standards of care.""<br>Comments: The participants took the same measurement.&nbsp;<br>Comments: This study did not show that outcome assessors were blinded to the intervention group.<br>Quote: ""Total cholesterol and HDL-C were obtained from a lipid profile"", ""HbA1c was measured by standard high-performance liquid chromatography methods on a machine calibrated to the national standard (mean = 5.0%, top of normal range = 6.0%). The reliability of high-performance liquid chromatography allowed us to take a single specimen from each patient at each follow-up visit"", ""standardized methods at baseline, 6 months, and 12 months.""</p>",Some concerns,<p>Comments: This study followed a statistical analysis plan approved by Durham Veterans Affairs Medical Center Institutional Review Board.<br>Comments: This study did not provide clear information.&nbsp;<br>Comments: This study did not provide clear information.&nbsp;</p>,Some concerns,"<p>The overall risk of bias was judged to be some concerns.<br>There were some concerns related to the randomisation procedure (Domain 1), primarily because of limited reporting on allocation concealment. Missing outcome data (Domain 3) also raised questions about potential bias. In contrast, domains assessing deviations from intended interventions, outcome measurement, and selective reporting (Domains 2, 4, and 5) were considered low risk. Considering these points collectively, the overall rating had some concerns.</p>"
Bosworth 2018,Laboratory values: LDL cholesterol,Arm level,,Some concerns,"<p>Quote: ""The randomization scheme was generated via a uniform random number generator and loaded into the study's tracking database.""<br>Comments: This study did not include information about allocation.&nbsp;<br>Comments: Basic characteristics were not different between the two groups.</p>",,,,,,,,,,
Bosworth 2018,Laboratory values: LDL cholesterol End of study,Arm level,,Some concerns,"<p>Quote: ""The randomization scheme was generated via a uniform random number generator and loaded into the study's tracking database.""<br>Comments: This study did not include information about allocation.&nbsp;<br>Comments: Basic characteristics were not different between the two groups.</p>",Low risk,"<p>Quote: ""Study team personnel informed participants of their assignment in-person at completion of the baseline outcome assessment.""<br>Comments: It was not possible to blind clinical pharmacist.&nbsp;<br>Quote: ""the study was conducted in a “real-world” environment where the initial CPS became ill and it took approximately 5 months to replace and train the 2 CPS replacements.""<br>Quote: ""For the primary analysis of CVD risk, we used a general linear model with an unstructured covariance to account for the correlation of patients' repeated measurements over time using PROC MIXED in SAS v9.4 (Cary, NC).""</p>",Some concerns,"<p>Quote: ""Patients were unable to complete recruitment process due to phone outages, not showing for appointment, or being nonresponders to phone calls.""<br>Comments: This study did not provide information that the result was not biased by missing data.<br>Comments: No provide clear information.&nbsp;</p>",Low risk,"<p>Comment: This study used same measurement at baseline, 6month and 12 month.&nbsp;<br>Quote: ""The medication management of diabetes followed contemporaneous American Diabetes Association standards of care.""<br>Comments: The participants took same measurement.&nbsp;<br>Comments: This study did not show that outcome assessors were blinded to intervention group.<br>Quote: ""Total cholesterol and HDL-C were obtained from a lipid profile."" ""HbA1c was measured by standard high-performance liquid chromatography methods on a machine calibrated to the national standard (mean = 5.0%, top of normal range = 6.0%). The reliability of high-performance liquid chromatography allowed us to take a single specimen from each patient at each follow-up visit.""<br>""standardized methods at baseline, 6 months, and 12 months.""</p>",Some concerns,<p>Comments: This study followed statistical analysis plan approved by Durham Veterans Affairs Medical Center Institutional Review Board.<br>Comments: This study did not provide clearly information.&nbsp;<br>Comments: This study did not provide clearly information.&nbsp;</p>,Some concerns,"<p>The overall risk of bias was judged to be some concerns.<br>The randomisation process (Domain 1) raised some concerns due to unclear information about allocation concealment. Similarly, there were minor concerns regarding missing outcome data (Domain 3), which could have introduced bias. However, low risk of bias was observed for deviations from intended interventions, outcome measurement, and selective reporting (Domains 2, 4, and 5). Taking all domains into account, the overall risk was judged as some concerns.</p>"
Bynum 2001,Patients’ satisfaction End of study,Arm level,,Some concerns,"<p>Quote: ""The participants in the study were assigned to either a telepharmacy counseling group or a control group using a random number chart.""<br>Comments: See Table 1. It is unclear about patient characteristics between the intervention and target groups.</p>",High risk,"<p>Comments: No mention of blinds. Due to the nature of the study, it is likely that the interventionists know which group they are in.<br>Comments: The study did not provide information on deviations from the intended intervention."" It is unclear whether participants felt that the intervention group was ""clearly"" better (while the intervention was better, there may be some annoyance with so many interventions), but there were also not ""clearly"" more drop-outs in the Control group. (The impact of the high number of drop-outs on both sides is assessed in Domain 3-3).<br>Comments: The number of people listed for analysis in Table 3 is less than the assignment in Fig. 1. There is no mention of missing value completion. The analysis was performed as per protocol.<br>Comments: Although not stated in the text, there was a high proportion of drop-outs.</p>",High risk,"<p>Comments: The number of missing outcomes in both groups combined is 12% (assuming at least 6% on one side).<br>Comments: No description of missing value completion. Univariate analysis only. No sensitivity analysis.<br>Comments: Intervention group: n=24→15, control group: n=25→21. IG reduction was 38%.<br>Quote: ""Three students did not attend any visit, 8 students had never used an MDI in the past (and, therefore, did not meet the inclusion criteria), and 3 students did not attend the follow-up visit for comparison.""</p>",High risk,<p>Comments: Indicators whose validity has not been assessed<br>Comments: The same measurements are used for all participants.&nbsp;</p>,High risk,"<p>Comments: There is no protocol, it is not pre-designed.<br>Comments: There is no protocol, it is not pre-designed, and there are many adherence indicators in the world. Results were presented at the same measurement time as other outcomes.<br>Comments: Univariate analysis only, but no prior protocol.</p>",High risk,"<p>The overall risk of bias was judged to be high.<br>Although the randomisation process raised only some concerns, there was high risk in several other domains, including deviations from intended interventions, missing outcome data, outcome measurement, and selective reporting. These issues together contributed to the overall judgment of high risk of bias.</p>"
Gautier 2021,"Laboratory values: HbA1c, glycosylated hemoglobin End of study",Arm level,,Some concerns,"<p>Quote: “2.2. Recruitment and randomization: A computer-generated randomization procedure was used to randomly allocate pharmacists to one of two groups: those whose patients would receive the text messages signed “your pharmacist” (reminders to take their medication and advice related to diabetes: SMS group) and those whose patients would not (control group).”<br>Comments: Although there was a difference between the two MMAS-8 groups at baseline, it was determined to be coincidental and not arbitrary. There was a difference in MMAS-8 between the two groups at baseline, but no difference between the two groups except for IPAQ-SF. It was determined to be coincidental and not arbitrary.<br>Quote: ""Differences between groups were assessed using the Mann-Whitney U test: ** and *** indicate significant between-group differences with P &lt; 0.01 and P &lt; 0.002, respectively.""</p>",High risk,"<p>Comments: Because of the nature of intervention (SMS)<br>Comments: Because of the nature of intervention (SMS)<br>Comments: Not much difference between the two groups (See. Fig. 1).<br>Comments: The analysis has been carried out by per-protocol (See Fig. 1, Table 4).&nbsp;<br>Comments: The number of participants in the 6-month period after randomization is significantly smaller (See Fig. 2).</p>",High risk,"<p>Comments: The number of missing outcomes is more than 5%.&nbsp;<br>Quote: ""Differences between groups were assessed using the Mann-Whitney U test.""<br>Comments: Missing data was treated as such and no imputation of missing values was performed.&nbsp;</p>",Low risk,"<p>Comments: HbA1c is common laboratory data.<br>Comments: The measurement points are fixed.<br>Quote: “HbA1c and HDL cholesterol levels were collected during visits at 0 M, 3 M and 6 M by the pharmacists from laboratory tests performed as part of the routine monitoring of patients with T2D.”<br>Comments: HbA1c is objective general laboratory data.<br>Comments: HbA1c is objective general laboratory data.</p>",Some concerns,"<p>Comments: There is no protocol, it is not pre-designed.<br>Comments: HbA1c is a common test value, although protocols are not found.<br>Comments: Univariate analysis only, but no prior protocol.</p>",High risk,"<p>The overall risk of bias was judged to be high.<br>There were high risks of bias in Domain 2 (deviations from intended interventions) and Domain 3 (missing outcome data), and some concerns in Domains 1 (randomization process) and 5 (selection of the reported result), which collectively raise serious concerns about the reliability of the study’s results.<br>Domain 1b judgement: Low. Domain 1b Support: Quote: ""No limits were placed on the number of patients that could be recruited at each pharmacy and all pharmacists were required to keep an inclusion and non-inclusion register.""</p>"
Gautier 2021,Medication adherence,Arm level,,Some concerns,"<p>Quote: “2.2. Recruitment and randomization: A computer-generated randomization procedure was used to randomly allocate pharmacists to one of two groups: those whose patients would receive the text messages signed “your pharmacist” (reminders to take their medication and advice related to diabetes: SMS group) and those whose patients would not (control group).”<br>Comments: Although there was a difference between the two MMAS-8 groups at baseline, it was determined to be coincidental and not arbitrary. There was a difference in MMAS-8 between the two groups at baseline, but no difference between the two groups except for IPAQ-SF. It was determined to be coincidental and not arbitrary.<br>Quote: ""Differences between groups were assessed using the Mann-Whitney U test: ** and *** indicate significant between-group differences with P &lt; 0.01 and P &lt; 0.002, respectively.""</p>",,,,,,,,,,
Gautier 2021,Medication adherence 3 months,Arm level,,Some concerns,"<p>Quote: “2.2. Recruitment and randomization: A computer-generated randomization procedure was used to randomly allocate pharmacists to one of two groups: those whose patients would receive the text messages signed “your pharmacist” (reminders to take their medication and advice related to diabetes: SMS group) and those whose patients would not (control group).”<br>Comments: Although there was a difference between the two MMAS-8 groups at baseline, it was determined to be coincidental and not arbitrary. There was a difference in MMAS-8 between the two groups at baseline, but no difference between the two groups except for IPAQ-SF. It was determined to be coincidental and not arbitrary.<br>Quote: ""Differences between groups were assessed using the Mann-Whitney U test: ** and *** indicate significant between-group differences with P &lt; 0.01 and P &lt; 0.002, respectively.""</p>",,,,,,,,,,
Gautier 2021,Medication adherence 6 months,Arm level,,Some concerns,"<p>Quote: “2.2. Recruitment and randomization: A computer-generated randomization procedure was used to randomly allocate pharmacists to one of two groups: those whose patients would receive the text messages signed “your pharmacist” (reminders to take their medication and advice related to diabetes: SMS group) and those whose patients would not (control group).”<br>Comments: Although there was a difference between the two MMAS-8 groups at baseline, it was determined to be coincidental and not arbitrary. There was a difference in MMAS-8 between the two groups at baseline, but no difference between the two groups except for IPAQ-SF. It was determined to be coincidental and not arbitrary.<br>Quote: ""Differences between groups were assessed using the Mann-Whitney U test: ** and *** indicate significant between-group differences with P &lt; 0.01 and P &lt; 0.002, respectively.""</p>",,,,,,,,,,
Gautier 2021,Medication adherence End of study,Arm level,,Some concerns,"<p>Quote: “2.2. Recruitment and randomization: A computer-generated randomization procedure was used to randomly allocate pharmacists to one of two groups: those whose patients would receive the text messages signed “your pharmacist” (reminders to take their medication and advice related to diabetes: SMS group) and those whose patients would not (control group).”<br>Comments: Although there was a difference between the two MMAS-8 groups at baseline, it was determined to be coincidental and not arbitrary. There was a difference in MMAS-8 between the two groups at baseline, but no difference between the two groups except for IPAQ-SF. It was determined to be coincidental and not arbitrary.<br>Quote: ""Differences between groups were assessed using the Mann-Whitney U test: ** and *** indicate significant between-group differences with P &lt; 0.01 and P &lt; 0.002, respectively.""</p>",High risk,"<p>Comments: Because of the nature of intervention (SMS)<br>Comments: Because of the nature of intervention (SMS)<br>Comments: Not much difference between the two groups (See. Fig. 1).<br>Comments: The analysis has been carried out by per-protocol (See Fig. 1, Table 4).&nbsp;<br>Comments: The number of participants in the 6-month period after randomization is significantly smaller (See Fig. 1).&nbsp;</p>",High risk,"<p>Comments: The number of missing outcomes is more than 5%.&nbsp;<br>Quote: ""Between-group differences were assessed using the Wilcoxon rank tests""<br>Comments: Missing data was treated as such and no imputation of missing values was performed.&nbsp;</p>",High risk,"<p>Comments: The measurement points are fixed. Indicators used worldwide.<br>Comments: The measurement points are fixed.<br>Comments: Because of the Morisky Medication Adherence Questionnaire, the outcome assessors were the participants.<br>Comments: Because of the Morisky Medication Adherence Questionnaire, the outcome assessors were the participants.<br>Comments: Because of the Morisky Medication Adherence Questionnaire, the outcome assessors were the participants.</p>",High risk,"<p>Comments: There is no protocol, it is not pre-designed.<br>Comments: There were various measures of medication adherence, and there was not a priori protocol. There are multiple measurement points, but as with other outcomes, the final measurements were 6 months.<br>Comments: Univariate analysis only, but no prior protocol.</p>",High risk,"<p>The overall risk of bias was judged to be high.<br>There were high risks of bias identified in the randomization process (Domain 2), deviations from intended interventions (Domain 3), measurement of the outcome (Domain 4), and selection of the reported result (Domain 5), which substantially undermine the reliability of the study findings. Although there were some concerns in Domain 1, the timing of participant identification or recruitment (Domain 1b) was judged to be at low risk of bias.<br>Domain 1b judgement: Low. Domain 1b Support: Quote: ""No limits were placed on the number of patients that could be recruited at each pharmacy and all pharmacists were required to keep an inclusion and non-inclusion register.""</p>"
Gonzales 2021,Drug-related problems End of study,Arm level,,Low risk,"<p>Quote: ""randomized by research personnel using a random number generator in a simple blocked manner (blocks of eight) into one of the two study arms.""</p>",Low risk,"<p>Quote: ""This was a single-center, 12-month, parallel, two-arm, single-blind, 1:1 randomized controlled clinical trial"", ""Only study coordinators and clinical pharmacists assessing medication errors, AEs, and clinical outcomes were blinded to study assignment.""<br>Comments: The study did not provide information on deviations from the intended intervention. It is unclear whether participants feel ""clearly"" the intervention group is better, but there are also not ""clearly"" more drop-outs in the control group.&nbsp;<br>Quote: ""This analysis utilized intent-to-treat methodology.""</p>",Low risk,<p>Comments: Missing data is less than 5% in both groups.</p>,Low risk,"<p>Quote: ""AE type and severity were defined using the Common Terminology Criteria for Adverse Events"", ""Data on medication errors, AEs, and clinical outcomes were collected by blinded study coordinators and clinical pharmacists, who did not have access to the randomization module within the electronic case report form system"".<br>Quote: ""AE type and severity were defined using the Common Terminology Criteria for Adverse Events"", ""Data on medication errors, AEs, and clinical outcomes were collected by blinded study coordinators and clinical pharmacists, who did not have access to the randomization module within the electronic case report form system"".<br>Quote: ""Only study coordinators and clinical pharmacists assessing medication errors, AEs, and clinical outcomes were blinded to study assignment.""</p>",Low risk,<p>Comments: Analysis methods are reported in the protocol in advance.<br>Comments: Analysis methods are reported in the protocol in advance.<br>Comments: Analysis methods are reported in the protocol in advance.</p>,Low risk,"<p>The overall risk of bias was judged to be low, as all domains were assessed as having a low risk of bias.</p>"
Hoda 2023,"Laboratory values: HbA1c, glycosylated hemoglobin",Arm level,,Low risk,"<p>Quote: ""Randomization was performed using an online portal called ""RANDOMIZER"" and each participant was assigned a unique number. The allocation information was concealed from the recruiting investigator until after the participant was enrolled. This was achieved by sealing individual slips with participant numbers and their group assignments in envelopes, which were opened only after recruitment.""<br>Comments: See Table 1.</p>",,,,,,,,,,
Hoda 2023,"Laboratory values: HbA1c, glycosylated hemoglobin End of study",Arm level,,Low risk,"<p>Quote: ""Randomization was performed using an online portal called ""RANDOMIZER"" and each participant was assigned a unique number. The allocation information was concealed from the recruiting investigator until after the participant was enrolled. This was achieved by sealing individual slips with participant numbers and their group assignments in envelopes, which were opened only after recruitment.""<br>Comments: See Table 1.</p>",Low risk,"<p>Comments: No mention of blinds. Due to the nature of the study, it is likely that the interventionists know which group they are in.<br>Comments: Almost no drop-outs.<br>Comments: See Fig. 1. Per-protocol analysis.<br>Comments: The number of people excluded from the analysis is less than 5% after randomisation.</p>",Low risk,<p>Comments: The total number of people excluded from the analysis or dropped out is less than 5% after randomisation.</p>,Low risk,"<p>Comments: The measurement points are fixed. General test values.<br>Comments: The measurement points are fixed, although there is not found the protocol or registry information.<br>Comments: No mention of blinding.<br>Comments: HbA1c.</p>",Some concerns,<p>Comments: Protocols and study registry information cannot be identified. It is unclear whether the analysis method was set up in advance.<br>Comments: It is common to use HbA1c as an outcome for diabetes.<br>Comments: Univariate analysis only.</p>,Some concerns,"<p>The overall risk of bias was judged to be of some concern.<br>This judgment reflects some concerns regarding the randomisation process and potential bias in selection of the reported result, although all other domains were judged to be at low risk of bias.</p>"
Hoda 2023,Medication adherence,Arm level,,Low risk,"<p>Quote: ""Randomization was performed using an online portal called ""RANDOMIZER"" and each participant was assigned a unique number. The allocation information was concealed from the recruiting investigator until after the participant was enrolled. This was achieved by sealing individual slips with participant numbers and their group assignments in envelopes, which were opened only after recruitment.""<br>Comments: See Table 1.</p>",,,,,,,,,,
Hoda 2023,Medication adherence 3 months,Arm level,,Low risk,"<p>Quote: ""Randomization was performed using an online portal called ""RANDOMIZER"" and each participant was assigned a unique number. The allocation information was concealed from the recruiting investigator until after the participant was enrolled. This was achieved by sealing individual slips with participant numbers and their group assignments in envelopes, which were opened only after recruitment.""<br>Comments: See Table 1.</p>",,,,,,,,,,
Hoda 2023,Medication adherence End of study,Arm level,,Low risk,"<p>Quote: ""Randomization was performed using an online portal called ""RANDOMIZER"" and each participant was assigned a unique number. The allocation information was concealed from the recruiting investigator until after the participant was enrolled. This was achieved by sealing individual slips with participant numbers and their group assignments in envelopes, which were opened only after recruitment.""<br>Comments: See Table 1.</p>",Some concerns,"<p>Comments: No mention of blinds. Due to the nature of the study, it is likely that the interventionists know which group they are in.<br>Comments: Almost no drop-outs.<br>Comments: See Fig. 1. Per-protocol analysis.<br>Comments: The number of people excluded from analysis is less than 5% after randomisation.</p>",Low risk,<p>Comments: The total number of people excluded from the analysis or dropped out is less than 5% after randomisation.</p>,High risk,"<p>Comments: The measurement points are fixed. But this indicator is not mentioned in this article. Confirming with the author about this medication adherence scale.<br>Comments: The measurement points are fixed, although there is not found the protocol or registry information.<br>Comments: No mention of blinding.<br>Comments: Although the adherence indicator was unclear, it is likely to be a self-reported scale.</p>",High risk,<p>Comments: Protocols and study registry information can not be identified. It is unclear whether the analysis method was set up in advance.<br>Comments: There are existed the indicators of medication adherence scales or scores in the world. Protocol and registry information are not identified.<br>Comments: Univariate analysis only.</p>,High risk,"<p>The overall risk of bias was judged to be high.<br>Although most domains were judged to be at low risk of bias or with some concerns, there were high risks of bias identified in Domain 4 (Bias in measurement of the outcome) and Domain 5 (Bias in selection of the reported result), which critically affect the credibility of the study’s results.</p>"
Hoda 2023,Patients’ quality of life,Arm level,,Low risk,"<p>Quote: ""Randomization was performed using an online portal called ""RANDOMIZER"" and each participant was assigned a unique number. The allocation information was concealed from the recruiting investigator until after the participant was enrolled. This was achieved by sealing individual slips with participant numbers and their group assignments in envelopes, which were opened only after recruitment.""<br>Comments: See Table 1.</p>",,,,,,,,,,
Hoda 2023,Patients’ quality of life End of study,Arm level,,Low risk,"<p>Quote: ""Randomization was performed using an online portal called ""RANDOMIZER"" and each participant was assigned a unique number. The allocation information was concealed from the recruiting investigator until after the participant was enrolled. This was achieved by sealing individual slips with participant numbers and their group assignments in envelopes, which were opened only after recruitment.""<br>Comments: See Table 1.</p>",Some concerns,"<p>Comments: No mention of blinds. Due to the nature of the study, it is likely that the interventionists know which group they are in.<br>Comments: Almost no drop-outs.<br>Comments: See Fig. 1. Per-protocol analysis.<br>Comments: The number of people excluded from the analysis is less than 5% after randomisation.</p>",Low risk,<p>Comments: The total number of people excluded from the analysis or dropped out is less than 5% after randomisation.</p>,High risk,"<p>Comments: The measurement points are fixed. Indicators used worldwide.<br>Comments: The measurement points are fixed, although there is not found the protocol or registry information.<br>Comments: No mention of blinding.<br>Comments: self-reported scale.</p>",High risk,<p>Comments: Protocols and study registry information cannot be identified. It is unclear whether the analysis method was set up in advance.<br>Comments: There are existed the indicators of QoL scores in the world. Protocol and registry information are not identified.<br>Comments: Univariate analysis only.</p>,High risk,"<p>The overall risk of bias was judged to be high.<br>Despite low risk or some concerns in most domains, the presence of high risk of bias in Domain 4 (bias in outcome measurement) and Domain 5 (bias in selection of the reported result) substantially limits the confidence in the study findings.</p>"
Hussain 2024,Drug-related problems_dichotomous,Arm level,,Low risk,"<p>Quote: ""We used computer-generated randomization sequences with participants being allocated to two groups; RTG (Routine treatment group) and MTG (Mobile treatment group).""<br>Comments: Although there was no detailed information, they used computer-generated randomization.&nbsp;<br>Comments: See Table 1.</p>",,,,,,,,,,
Hussain 2024,Drug-related problems_dichotomous End of study,Arm level,,Low risk,"<p>Quote: ""We used computer-generated randomization sequences with participants being allocated to two groups; RTG (Routine treatment group) and MTG (Mobile treatment group).""<br>Comments: Although there was no detailed information, they used computer-generated randomization.&nbsp;<br>Comments: See Table 1.</p>",Low risk,"<p>Quote: ""Blinding of the researchers responsible for analysis of results was ensured to prevent bias. ""<br>Comments: The intervention used a mobile app, and the participants, carers, and people delivering the interventions could understand which groups they were in.<br>Comments: No loss to follow-up, discontinuation and withdrawal (See Figure 2).<br>&nbsp;Comments: See Figure 2.</p>",Low risk,<p>Comments: See Figure 2 and Table 1 and 2.</p>,High risk,"<p>Quote: ""We collected SH and DKA information both directly from the study participant and from data extraction from the medical record.""<br>Comments: The number of measurements is unknown, but only the data recorded in the medical records are used. There does not appear to be an arbitrary difference between the two groups.<br>Comments: No mention of blinding.<br>Quote: We collected SH and DKA information both directly from the study participant and from data extraction from the medical record.&nbsp;<br>Comments: SH was included in self-reports.</p>",Low risk,"<p>Comments: Protocols cannot be identified, only study registries, and analysis methods are not clear.<br>Comments: Protocol not identified. Only study registration, and study registration was also after the start of the trial registration (2023/6/19). It is possible that the timing of outcome measurement was not determined in advance. Other endpoints exist for worsening diabetes complications. No specific information about outcomes in the protocol.<br>Comments: Protocol not identified. Only study enrollment, and study enrollment was also after the start of the trial registration (2023/6/18). It is possible that the timing of outcome measurement was not determined in advance. Only univariate analysis.</p>",High risk,"<p>The overall risk of bias was judged to be high. Although most domains were assessed as having a low risk of bias, the high risk of bias in Domain 4 (Bias in measurement of the outcome) significantly affects the credibility of the results.</p>"
Hussain 2024,Worsening of NCDs,Arm level,,Low risk,"<p>Quote: ""We used computer-generated randomization sequences with participants being allocated to two groups; RTG (Routine treatment group) and MTG (Mobile treatment group).""<br>Comments: Although there was no detailed information, they used computer-generated randomization.&nbsp;<br>Comments: See Table 1.</p>",,,,,,,,,,
Hussain 2024,Worsening of NCDs End of study,Arm level,,Low risk,"<p>Quote: ""We used computer-generated randomization sequences with participants being allocated to two groups; RTG (Routine treatment group) and MTG (Mobile treatment group).""<br>Comments: Although there was no detailed information, they used computer-generated randomization.&nbsp;<br>Comments: See Table 1.</p>",Low risk,"<p>Quote: ""Blinding of the researchers responsible for analysis of results was ensured to prevent bias. ""<br>Comments: The intervention used a mobile app, and the participants, carers, and people delivering the interventions could understand which groups they were in.<br>Comments: No loss to follow-up, discontinuation and withdrawal (See Figure 2).<br>&nbsp;Comments: See Figure 2.</p>",Low risk,<p>Comments: See Figure 2 and Table 1 and 2.</p>,Low risk,"<p>Quote: ""We collected SH and DKA information both directly from the study participant and from data extraction from the medical record.""<br>Comments: The number of measurements is unknown, but only the data recorded in the medical records are used. There does not appear to be an arbitrary difference between the two groups.<br>Comments: No mention of blinding.<br>Comments: To include the objective factor of hospitalisation.<br>Quote: ""We collected SH and DKA information both directly from the study participant and from data extraction from the medical record."", ""For DKA events, we required overnight hospitalization to ensure a correct diagnosis.""</p>",Low risk,"<p>Comments: Protocols cannot be identified, only study registries, and analysis methods are not clear.<br>Comments: Protocol not identified. Only study registration, and study registration was also after the start of the trial registration (2023/6/18). It is possible that the timing of outcome measurement was not determined in advance. Other endpoints exist for worsening diabetes complications. No specific information about outcomes in the protocol.&nbsp;<br>Comments: Protocol not identified. Only study enrollment, and study enrollment was also after the start of the trial registration (2023/6/18). It is possible that the timing of outcome measurement was not determined in advance. Only univariate analysis.</p>",Low risk,"<p>The overall risk of bias was judged to be low, as all five domains were assessed as being at low risk of bias.</p>"
Ibrahim 2022,Clinical measurements: diastolic blood pressure,Arm level,,Low risk,"<p>Quote: ""After recruitment, participants were randomly allocated to two groups (intervention and control) using the random number generator in SPSS version 26. While the research team knew participants only by code names during allocation, the process was completely concealed from the pharmacists.""<br>Quote: ""There were no statistically significant difference in baseline characteristics across the study groups""</p>",,,,,,,,,,
Ibrahim 2022,Clinical measurements: diastolic blood pressure End of study,Arm level,,Low risk,"<p>Quote: ""After recruitment, participants were randomly allocated to two groups (intervention and control) using the random number generator in SPSS version 26. While the research team knew participants only by code names during allocation, the process was completely concealed from the pharmacists.""<br>Quote: ""There were no statistically significant difference in baseline characteristics across the study groups""</p>",Some concerns,"<p>Quote: ""All participants who met eligibility criteria and agreed to participate were provided written informed consent (manually or electronically signed). Each pharmacist generated an excel sheet (Microsoft Corp, Redmond, WA) containing code names and mobile number of participants.""<br>Comments: This study did not provide information that the deviations from the intended intervention.&nbsp;<br>Comments: The number of people listed for an analysis is less than the assignment in Fig 1. As the analysis was performed as ""per-protocol"".<br>Comments: Less than 5% in both groups were considered.</p>",Low risk,<p>Comments: Missing data is less than 5% in both groups.</p>,Low risk,<p>Comments: SBP and DBP are objective indicators and are not subject to the assessor's subjectivity.<br>Comments: Measurement or ascertainment appears to have been done the same way for all participants.<br>Comments: the assessors know which patients are being intervened with because of the nature of the study. The assessor is not blinded.<br>Comments: Blood pressure is an objective indicator.&nbsp;</p>,Low risk,"<p>Comments: NCT05488002 does not describe the analysis method. However, the outcomes were a priori set and only univariate analyses were performed, not to conduct arbitrarily multivariate analyses.<br>Comments: NCT05488002 states that outcomes are measured ""up to 3 months"", but in fact they are measured for up to 12 months. However, for the measurement of blood pressure, there is only one way to measure the indicator being measured.<br>Comments: The method of analysis is unclear, but only univariate analysis was used and not adjusted for arbitrary factors. The indicators were predetermined.</p>",Some concerns,"<p>The overall risk of bias was judged to be of some concerns.<br>While most domains were rated as low risk, some concerns arose in relation to deviations from intended interventions, mainly due to insufficient details on blinding procedures or participant adherence. In the absence of any domains rated as high risk, the overall assessment was classified as “some concerns.”</p>"
Ibrahim 2022,Clinical measurements: systolic blood pressure,Arm level,,Low risk,"<p>Quote: ""After recruitment, participants were randomly allocated to two groups (intervention and control) using the random number generator in SPSS version 26. While the research team knew participants only by code names during allocation, the process was completely concealed from the pharmacists.""<br>Quote: ""There were no statistically significant difference in baseline characteristics across the study groups""</p>",,,,,,,,,,
Ibrahim 2022,Clinical measurements: systolic blood pressure End of study,Arm level,,Low risk,"<p>Quote: ""After recruitment, participants were randomly allocated to two groups (intervention and control) using the random number generator in SPSS version 26. While the research team knew participants only by code names during allocation, the process was completely concealed from the pharmacists.""<br>Quote: ""There were no statistically significant difference in baseline characteristics across the study groups""</p>",Some concerns,"<p>Quote: ""All participants who met eligibility criteria and agreed to participate were provided written informed consent (manually or electronically signed). Each pharmacist generated an excel sheet (Microsoft Corp, Redmond, WA) containing code names and mobile number of participants.""<br>Comments: This study did not provide information that the deviations from the intended intervention.<br>Comments: The number of people listed for an analysis is less than the assignment in Fig 1. As the analysis was performed as ""per-protocol"".<br>Comments: Less than 5% in both groups were considered.</p>",Low risk,<p>Comments: Missing data is less than 5% in both groups.</p>,Low risk,<p>Comments: SBP and DBP are objective indicators and are not subject to the assessor's subjectivity.<br>Comments: Measurement or ascertainment appears to have been done the same way for all participants.<br>Comments: the assessors know which patients are being intervened with because of the nature of the study. The assessor is not blinded.<br>Comments: Blood pressure is an objective indicator.&nbsp;</p>,Low risk,"<p>Comments: NCT05488002 does not describe the analysis method. However, the outcomes were a priori set and only univariate analyses were performed, not to conduct arbitrarily multivariate analyses.<br>Comments: NCT05488002 states that outcomes are measured ""up to 3 months"", but in fact they are measured for up to 12 months. However, for the measurement of blood pressure, there is only one way to measure the indicator being measured.<br>Comments: The method of analysis is unclear, but only univariate analysis was used and not adjusted for arbitrary factors. The indicators were predetermined.</p>",Some concerns,"<p>The overall risk of bias was judged to be of some concerns.<br>Most domains were assessed as low risk; however, there were some concerns regarding deviations from intended interventions, particularly due to limited information on blinding or adherence. As no domains were rated high risk, the overall judgment was downgraded to “some concerns.”</p>"
Ibrahim 2022,Drug-related problems_dichotomous End of study,Arm level,,Low risk,"<p>Quote: ""After recruitment, participants were randomly allocated to two groups (intervention and control) using the random number generator in SPSS version 26. While the research team knew participants only by code names during allocation, the process was completely concealed from the pharmacists.""<br>Quote: ""There were no statistically significant difference in baseline characteristics across the study groups""</p>",Some concerns,"<p>Quote: ""All participants who met eligibility criteria and agreed to participate were provided written informed consent (manually or electronically signed). Each pharmacist generated an excel sheet (Microsoft Corp, Redmond, WA) containing code names and mobile number of participants.""<br>Comments: This study did not provide information that the deviations from the intended intervention.&nbsp;<br>Comments: The number of people listed for an analysis is less than the assignment in Fig 1. As the analysis was performed as ""per-protocol"".<br>Comments: Less than 5% in both groups were considered.</p>",Low risk,<p>Comments: Missing data is less than 5% in both groups.</p>,High risk,"<p>Comments: As there are several indicators against which DRPs can be measured, and as there may be some subjectivity in the pharmacists who assess and report.<br>Quote: ""The rate of DRPs was calculated by dividing the overall number of DRPs detected by the total number of drugs received by participants during the study period. The types of DRPs was adopted from AbuRuz et al., which classify DRPs into seven major categories including unnecessary drug, the need for adding new drug, safety risk, efficacy-related issues, poor knowledge, dosing issues, allergy, and drug-drug interactions.""<br>Comments: The criteria are set and evaluated the same way in both groups.</p>",Low risk,"<p>Comments: DRP indicators have been assessed in accordance with NCT05488002, but the method of analysis is not clearly described.&nbsp;<br>Comments: The method of analysis is unclear, but only univariate analysis was used and not adjusted for arbitrary factors. The indicators were predetermined.<br>Comments: The method of analysis is unclear, but only univariate analysis was used and not adjusted for arbitrary factors. The indicators were predetermined.</p>",High risk,"<p>The overall risk of bias was judged to be high.<br>Although the randomisation process, handling of missing data, and selection of reported results were considered at low risk, there were some concerns regarding deviations from intended interventions. The risk of bias for outcome measurement was judged to be high due to lack of blinding and the subjective nature of the outcomes. Given the high risk in a critical domain, the overall risk of bias was rated as high.</p>"
Ibrahim 2022,Medication adherence,Arm level,,Low risk,"<p>Quote: ""After recruitment, participants were randomly allocated to two groups (intervention and control) using the random number generator in SPSS version 26. While the research team knew participants only by code names during allocation, the process was completely concealed from the pharmacists.""<br>Quote: ""There were no statistically significant difference in baseline characteristics across the study groups""</p>",,,,,,,,,,
Ibrahim 2022,Medication adherence 12 months,Arm level,,Low risk,"<p>Quote: ""After recruitment, participants were randomly allocated to two groups (intervention and control) using the random number generator in SPSS version 26. While the research team knew participants only by code names during allocation, the process was completely concealed from the pharmacists.""<br>Quote: ""There were no statistically significant difference in baseline characteristics across the study groups""</p>",,,,,,,,,,
Ibrahim 2022,Medication adherence 3 months,Arm level,,Low risk,"<p>Quote: ""After recruitment, participants were randomly allocated to two groups (intervention and control) using the random number generator in SPSS version 26. While the research team knew participants only by code names during allocation, the process was completely concealed from the pharmacists.""<br>Quote: ""There were no statistically significant difference in baseline characteristics across the study groups""</p>",,,,,,,,,,
Ibrahim 2022,Medication adherence 6 months,Arm level,,Low risk,"<p>Quote: ""After recruitment, participants were randomly allocated to two groups (intervention and control) using the random number generator in SPSS version 26. While the research team knew participants only by code names during allocation, the process was completely concealed from the pharmacists.""<br>Quote: ""There were no statistically significant difference in baseline characteristics across the study groups""</p>",,,,,,,,,,
Ibrahim 2022,Medication adherence 9 months,Arm level,,Low risk,"<p>Quote: ""After recruitment, participants were randomly allocated to two groups (intervention and control) using the random number generator in SPSS version 26. While the research team knew participants only by code names during allocation, the process was completely concealed from the pharmacists.""<br>Quote: ""There were no statistically significant difference in baseline characteristics across the study groups""</p>",,,,,,,,,,
Ibrahim 2022,Medication adherence End of study,Arm level,,Low risk,"<p>Quote: ""After recruitment, participants were randomly allocated to two groups (intervention and control) using the random number generator in SPSS version 26. While the research team knew participants only by code names during allocation, the process was completely concealed from the pharmacists.""<br>Quote: ""There were no statistically significant difference in baseline characteristics across the study groups""</p>",Some concerns,"<p>Quote: ""All participants who met eligibility criteria and agreed to participate were provided written informed consent (manually or electronically signed). Each pharmacist generated an excel sheet (Microsoft Corp, Redmond, WA) containing code names and mobile number of participants.""<br>Comments: This study did not provide information that the deviations from the intended intervention.&nbsp;<br>Comments: The number of people listed for an analysis is less than the assignment in Fig 1. As the analysis was performed as ""per-protocol"".<br>Comments: Less than 5% in both groups were considered.</p>",Low risk,<p>Comments: Missing data is less than 5% in both groups.</p>,High risk,"<p>Comments: The measurement points are fixed. Indicators used worldwide.<br>Comments: Measurement or ascertainment appears to have been done the same way for all participants.<br>Comments: As the MMAS-8 is a self-report measure, the assessor is the patient him/herself.&nbsp;<br>Comments: domain4.4; As the MMAS-8 is a self-report measure. Domain 4.5; understanding the intervention may have influenced the outcome.</p>",High risk,"<p>Comments: Checking NCT05488002, it states that medication adherence is measured by ""The Medication Adherence Reasons Scale (MAR-Scale)"". However, the paper uses a different measure, the MMAS-8. The indicator is different from that used in the clinical registry.<br>Comments: The indicator is different from that used in the clinical registry. Indicators may have been changed arbitrarily.&nbsp;<br>Comments: The indicator is different from that used in the clinical registry. Indicators may have been changed arbitrarily.&nbsp;</p>",High risk,"<p>The overall risk of bias was judged to be high.<br>Although the randomisation process and handling of missing data were appropriate, there were some concerns regarding deviations from intended interventions. The study was at high risk of bias for outcome measurement due to lack of blinding and the use of subjective outcomes, and for selection of the reported result due to insufficient transparency in reporting. These high-risk domains contributed to the overall judgment.</p>"
Ihekoronye 2024,"Laboratory values: HbA1c, glycosylated hemoglobin End of study",Arm level,,Some concerns,"<p>Quote: ""A statistician was engaged to generate a computer algorithm (written in SAS® [Cary, NC]) to randomly assign participants to the two study arms using randomly selected block sizes of 4, 8, and 12. The block randomization technique was used to allocate participants to one of two fairly equal groups.""<br>Comments: See Table 1. The age of the intervention groups was younger than the control group, and that might influence the outcomes.</p>",Some concerns,<p>Quote: The participants were also represented by codes and their phone numbers linked to these codes such that researchers and participants were blind to their identities and groupings.<br>Comments: Both group numbers drop by less than 5%<br>Comments: per-protocol analysis.<br>Comments: The number of people excluded from the analysis is less than 5% after randomisation.</p>,Low risk,<p>Comments: The total number of people excluded from the analysis or dropped out is less than 5% after randomisation.</p>,Low risk,<p>Comments: The measurement points are fixed. General test values.<br>Comments: The measurement points are fixed. General test values.<br>Quote: The participants were also represented by codes and their phone numbers linked to these codes such that researchers and participants were blind to their identities and groupings.</p>,Low risk,"<p>Comments: Protocols cannot be identified, only study registries, and analysis methods are not clear.<br>Comments: Protocol not identified. Only study registration. Study registration was carried out prior to the start of the study. It is common to use HbA1c as an outcome for diabetes.<br>Comments: Only study registration information, no prior protocol. But univariate analysis only.</p>",Some concerns,"<p>The overall risk of bias was judged to be of some concern.<br>This judgment reflects some concerns arising from bias due to the randomization process and deviations from intended interventions, while all other domains were judged to be at low risk of bias.</p>"
Ihekoronye 2024,Medication adherence,Arm level,,Some concerns,"<p>Quote: ""A statistician was engaged to generate a computer algorithm (written in SAS® [Cary, NC]) to randomly assign participants to the two study arms using randomly selected block sizes of 4, 8, and 12. The block randomization technique was used to allocate participants to one of two fairly equal groups.""<br>Comments: See Table 1. The age of the intervention groups was younger than the control group, and that might influence the outcomes.</p>",,,,,,,,,,
Ihekoronye 2024,Medication adherence 6 months,Arm level,,Some concerns,"<p>Quote: ""A statistician was engaged to generate a computer algorithm (written in SAS® [Cary, NC]) to randomly assign participants to the two study arms using randomly selected block sizes of 4, 8, and 12. The block randomization technique was used to allocate participants to one of two fairly equal groups.""<br>Comments: See Table 1. The age of the intervention groups was younger than the control group, and that might influence the outcomes.</p>",,,,,,,,,,
Ihekoronye 2024,Medication adherence End of study,Arm level,,Some concerns,"<p>Quote: ""A statistician was engaged to generate a computer algorithm (written in SAS® [Cary, NC]) to randomly assign participants to the two study arms using randomly selected block sizes of 4, 8, and 12. The block randomization technique was used to allocate participants to one of two fairly equal groups.""<br>Comments: See Table 1. The age of the intervention groups was younger than the control group, and that might influence the outcomes.</p>",Some concerns,"<p>Quote: ""The participants were also represented by codes and their phone numbers linked to these codes such that researchers and participants were blind to their identities and groupings.""<br>Comments: Both group numbers drop by less than 5%.<br>Comments: per-protocl analysis.<br>Comments: The number of people excluded from the analysis is less than 5% after randomisation.</p>",Low risk,<p>Comments: The total number of people excluded from the analysis or dropped out is less than 5% after randomisation.</p>,High risk,"<p>Comments: The measurement points are fixed. Indicators used worldwide.<br>Comments: The measurement points are fixed. General test values.<br>Quote: The participants were also represented by codes and their phone numbers linked to these codes such that researchers and participants were blind to their identities and groupings.<br>Comments: However, the participants might understand their administration.<br>Comments: The participants might understand their administration and it is a self-reported outcome. Also, adherence might be influenced by knowledge of intervention received.</p>",High risk,"<p>Comments: Protocols cannot be identified, only study registries, and analysis methods are not clear.<br>Comments: There are existed the indicators of medication adherence scales or scores in the world. Protocol not identified. Only study registration.&nbsp;<br>Comments: Only study registration information, no prior protocol. But univariate analysis only.</p>",High risk,"<p>The overall risk of bias was judged to be high.<br>This judgement was driven primarily by a high risk of bias in Domain 4 (bias due to deviations from intended interventions) and Domain 5 (bias in selection of the reported result), along with some concerns in Domains 1 and 2.</p>"
Kosse 2019,Clinical measurements: asthma control,Arm level,,Some concerns,"<p>Quote: ""Effectiveness of the ADAPT intervention is studied in a community pharmacy-based cluster randomized controlled trial. Community pharmacies affiliated with the Utrecht Pharmacy Practice network for Education and Research (UPPER) are approached to participate in the study.""<br>Comments: No description of the allocation method, but it is not a non-random method.<br>Comments: See Fig. 1.</p>",,,,,,,,,,
Kosse 2019,Clinical measurements: asthma control End of study,Arm level,,Some concerns,"<p>Quote: ""Effectiveness of the ADAPT intervention is studied in a community pharmacy-based cluster randomized controlled trial. Community pharmacies affiliated with the Utrecht Pharmacy Practice network for Education and Research (UPPER) are approached to participate in the study.""<br>Comments: No description of the allocation method, but it is not a non-random method.<br>Comments: See Fig. 1.</p>",Some concerns,"<p>Comments: Due to the nature of the study, participants know they are participating in a study.<br>Comments: Due to the nature of the study, participants know they are participating in a study.<br>Comment: The study did not provide information on deviations from the intended intervention. It is unclear whether participants feel ""clearly"" the intervention group is better (while they think the intervention is better, they may also be bothered by the many interventions coming in), but there are also not ""clearly"" more drop-outs in the control group.<br>Comments: See Fig. 1. per-protocol.<br>Comments: The proportion of exclusions is similar in both groups (Fig. 1).</p>",Low risk,"<p>Comments: After randomization and consent, the number of people for whom outcomes could be measured at the time of analysis was 87/95 (91%) in the intervention group and 147/148 (99%) in the control group, with missing values exceeding 5% in intervention groups.<br>Comments: After randomization and consent, the number of people for whom outcomes could be measured at the time of analysis was 87/95 (91%) in the intervention group and 147/148 (99%) in the control group, with missing values exceeding 6% in intervention groups.<br>Quote: ""A generalized linear mixed-effects model was used for the binomial variables.""</p>",High risk,"<p>Comments: The measurement points are fixed. Indicators used worldwide.<br>Comments: The measurement points are fixed. Indicators used worldwide.<br>Comments: self-reported medication adherence<br>Quote: ""Due to the nature of the intervention, blinding of group assignments was impossible for both patients and pharmacists.""<br>Quote: ""Due to the nature of the intervention, blinding of group assignments was impossible for both patients and pharmacists.""</p>",Low risk,"<p>Comments: The analysis method was not described in the protocol. However, the timing of measurement (baseline and end of follow-up) was clear.<br>Comments: The CARAT described in the protocol is used. Results were presented at the same measurement time as other outcomes.<br>Comments: Although the protocol does not state a priori the method of analysis, no arbitrary analysis was performed.</p>",High risk,"<p>The overall risk of bias was judged to be high.<br>Although some domains were rated as low risk or with some concerns, there was a high risk of bias in Domain 4 (bias in measurement of the outcome), along with concerns related to the randomization process and deviations from intended interventions (Domains 1 and 2), which may compromise the validity of the results.<br>Domain 1b judgement: High. Domain 1b Support: Cluster units invited participants after randomization.</p>"
Kosse 2019,Medication adherence,Arm level,,Some concerns,"<p>Quote: ""Effectiveness of the ADAPT intervention is studied in a community pharmacy-based cluster randomized controlled trial. Community pharmacies affiliated with the Utrecht Pharmacy Practice network for Education and Research (UPPER) are approached to participate in the study.""<br>Comments: No description of the allocation method, but it is not a non-random method.<br>Comments: See Fig. 1.</p>",,,,,,,,,,
Kosse 2019,Medication adherence 6 months,Arm level,,Some concerns,"<p>Quote: ""Effectiveness of the ADAPT intervention is studied in a community pharmacy-based cluster randomized controlled trial. Community pharmacies affiliated with the Utrecht Pharmacy Practice network for Education and Research (UPPER) are approached to participate in the study.""<br>Comments: No description of the allocation method, but it is not a non-random method.<br>Comments: See Fig. 1.</p>",,,,,,,,,,
Kosse 2019,Medication adherence End of study,Arm level,,Some concerns,"<p>Quote: ""Effectiveness of the ADAPT intervention is studied in a community pharmacy-based cluster randomized controlled trial. Community pharmacies affiliated with the Utrecht Pharmacy Practice network for Education and Research (UPPER) are approached to participate in the study.""<br>Comments: No description of the allocation method, but it is not a non-random method.<br>Comments: See Fig. 1.</p>",Some concerns,"<p>Comments: Due to the nature of the study, participants know they are participating in a study.<br>Comments: Due to the nature of the study, participants know they are participating in a study.<br>Comment: The study did not provide information on deviations from the intended intervention. It is unclear whether participants feel ""clearly"" the intervention group is better (while they think the intervention is better, they may also be bothered by the many interventions coming in), but there are also not ""clearly"" more drop-outs in the control group.<br>Comments: See Fig. 1. per-protocol.<br>Comments: The proportion of exclusions is similar in both groups (Fig. 1).</p>",Low risk,"<p>Comments: After randomization and consent, the number of people for whom outcomes could be measured at the time of analysis was 87/95 (91%) in the intervention group and 147/148 (99%) in the control group, with missing values exceeding 5% in intervention groups.<br>Comments: After randomization and consent, the number of people for whom outcomes could be measured at the time of analysis was 87/95 (91%) in the intervention group and 147/148 (99%) in the control group, with missing values exceeding 5% in intervention groups.<br>Quote: ""A generalized linear mixed-effects model was used for the binomial variables.""</p>",High risk,"<p>Comments: The measurement points are fixed. Indicators used worldwide.<br>Comments: The measurement points are fixed. Indicators used worldwide.<br>Comments: self-reported medication adherence<br>Quote: ""Due to the nature of the intervention, blinding of group assignments was impossible for both patients and pharmacists.""<br>Quote: ""Due to the nature of the intervention, blinding of group assignments was impossible for both patients and pharmacists.""</p>",Low risk,"<p>Comments: The analysis method was not described in the protocol. However, the timing of measurement (baseline and end of follow-up) was clear.<br>Comments: The adherence score described in the protocol is used. Results were presented at the same measurement time as other outcomes.<br>Comments: Although the protocol does not state a priori the method of analysis, no arbitrary analysis was performed.</p>",High risk,"<p>The overall risk of bias was judged to be high.<br>While some domains were rated as low risk or with some concerns, there was a high risk of bias in Domain 4 (bias in measurement of the outcome), and potential issues in the randomization process and deviations from intended interventions (Domains 1 and 2).&nbsp;<br>Domain 1b judgement: High. Domain 1b Support: Cluster units inviting participant after randomization.</p>"
Kosse 2019,Patients’ quality of life,Arm level,,Some concerns,"<p>Quote: ""Effectiveness of the ADAPT intervention is studied in a community pharmacy-based cluster randomized controlled trial. Community pharmacies affiliated with the Utrecht Pharmacy Practice network for Education and Research (UPPER) are approached to participate in the study.""<br>Comments: No description of the allocation method, but it is not a non-random method.<br>Comments: See Fig. 1.</p>",,,,,,,,,,
Kosse 2019,Patients’ quality of life End of study,Arm level,,Some concerns,"<p>Quote: ""Effectiveness of the ADAPT intervention is studied in a community pharmacy-based cluster randomized controlled trial. Community pharmacies affiliated with the Utrecht Pharmacy Practice network for Education and Research (UPPER) are approached to participate in the study.""<br>Comments: No description of the allocation method, but it is not a non-random method.<br>Comments: See Fig. 1.</p>",Some concerns,"<p>Comments: Due to the nature of the study, participants know they are participating in a study.<br>Comments: Due to the nature of the study, participants know they are participating in a study.<br>Comment: The study did not provide information on deviations from the intended intervention."" It is unclear whether participants feel ""clearly"" the intervention group is better (while they think the intervention is better, they may also be bothered by the many interventions coming in), but there are also not ""clearly"" more Drop-outs in the Control group.<br>Comments: See Fig 3. per-protocol.<br>Comments: The proportion of exclude is similar in both groups (Fig 1).</p>",Low risk,"<p>Comments: After randomization and consent, the number of people for whom outcomes could be measured at the time of analysis was 87/95 (91%) in the intervention group and 147/148 (99%) in the control group, with missing values exceeding 5% in intervention groups.<br>Comments: After randomization and consent, the number of people for whom outcomes could be measured at the time of analysis was 87/95 (91%) in the intervention group and 147/148 (99%) in the control group, with missing values exceeding 7% in intervention groups.<br>Quote: ""A generalized linear mixed-effects model was used for the binomial variables.""</p>",High risk,"<p>Comments: The measurement points are fixed. Indicators used worldwide.<br>Comments: The measurement points are fixed. Indicators used worldwide.<br>Comments: self-reported medication adherence<br>Quote: ""Due to the nature of the intervention, blinding of group assignments was impossible for both patients and pharmacists.""<br>Quote: ""Due to the nature of the intervention, blinding of group assignments was impossible for both patients and pharmacists.""</p>",Low risk,"<p>Comments: The analysis method was not described in the protocol. However, the timing of measurement (baseline and end of follow-up) was clear.<br>Comments: The PAQLQ described in the protocol is used. Results were presented at the same measurement time as other outcomes.<br>Comments: Although the protocol does not state a priori the method of analysis, no arbitrary analysis was performed.</p>",High risk,"<p>The overall risk of bias was judged to be high.<br>This includes a high risk of bias in Domain 4 (bias in measurement of the outcome), as well as concerns in Domains 1 and 2 related to the randomization process and deviations from intended interventions, which could undermine the reliability of the study findings.&nbsp;<br>Domain 1b judgement: High. Domain 1b Support: Cluster units invited participants after randomization.</p>"
Lauffenburger 2019,"Laboratory values: HbA1c, glycosylated hemoglobin End of study",Arm level,,Low risk,"<p>Quote: ""Subjects were randomized by Horizon in a 1:1 ratio to the intervention or usual care group using a random number generator.""<br>Comments: This study showed that baseline characteristics were not different between the two groups.&nbsp;</p>",Low risk,"<p>Quote: ""Study subjects and pharmacists interacting with patients were not blinded to group assignment.""<br>Quote: ""Study investigators and data analysts remained blinded until all follow-up data were obtained, and the analyses were finalized.""<br>Quote: ""For the analyses, we used intention-to-treat principles for all randomized patients, i.e.,<br>regardless of whether patients actually received the intervention.""</p>",Low risk,"<p>Quote: ""The HbA1c result recorded closest to the end of the 12-month follow-up was used. As expected with the use of routinely-collected data, clinical HbA1c data was missing for some (28.6%) patients, including 28.7% in the usual care arm and 28.5% in the intervention arm.""<br>Quote: ""Accordingly, we used multiple imputation to handle the missing data.""</p>",Low risk,"<p>Comments: HbA1c is the most common observational data to evaluate diabetes.<br>Comments: The same measurements are used for all participants.&nbsp;<br>Quote: ""Study investigators and data analysts remained blinded until all follow-up data were obtained, and the analyses were finalized.""</p>",Low risk,<p>Comments: Analysis methods are reported in the protocol in advance.<br>Comments: Analysis methods are reported in the protocol in advance.<br>Comments: Analysis methods are reported in the protocol in advance.</p>,Low risk,"<p>The overall risk of bias was judged to be low.<br>Each domain, including those concerning randomisation, adherence to interventions, completeness of outcome data, outcome assessment, and reporting, was assessed as low risk. No sources of potential bias were identified that would be likely to influence the study findings.</p>"
Lauffenburger 2019,Medication adherence,Arm level,,Low risk,"<p>Quote: ""Subjects were randomized by Horizon in a 1:1 ratio to the intervention or usual care group using a random number generator.""<br>Comments: This study showed that baseline characteristics were not different between the two groups.&nbsp;</p>",,,,,,,,,,
Lauffenburger 2019,Medication adherence 12 months,Arm level,,Low risk,"<p>Quote: ""Subjects were randomized by Horizon in a 1:1 ratio to the intervention or usual care group using a random number generator.""<br>Comments: This study showed that baseline characteristics were not different between the two groups.&nbsp;</p>",,,,,,,,,,
Lauffenburger 2019,Medication adherence End of study,Arm level,,Low risk,"<p>Quote: ""Subjects were randomized by Horizon in a 1:1 ratio to the intervention or usual care group using a random number generator.""<br>Comments: This study showed that baseline characteristics were not different between the two groups.&nbsp;</p>",Low risk,"<p>Quote: ""Study subjects and pharmacists interacting with patients were not blinded to group assignment.""<br>Quote: ""Study investigators and data analysts remained blinded until all follow-up data were obtained, and the analyses were finalized.""<br>Quote: ""For the analyses, we used intention-to-treat principles for all randomized patients, i.e.,<br>regardless of whether patients actually received the intervention.""</p>",Low risk,"<p>Quote: ""There was no missing data for the adherence outcomes.""</p>",Low risk,"<p>Quote: ""Adnerence was measured by linking all overved fills based on dispensing data and days' supply.""<br>Comments: The same measurements are used for all participants.&nbsp;<br>Quote: ""Study investigators and data analysts remained blinded until all follow-up data were obtained, and the analyses were finalized.""</p>",Low risk,<p>Comments: Analysis methods are reported in the protocol in advance.<br>Comments: Analysis methods are reported in the protocol in advance.<br>Comments: Analysis methods are reported in the protocol in advance.</p>,Low risk,"<p>The overall risk of bias was judged to be low.<br>All domains were assessed as low risk, including those related to the randomisation process, deviations from intended interventions, missing outcome data, outcome measurement, and selection of the reported result. No concerns were identified that would raise the possibility of bias affecting the study results.</p>"
Margolis 2013,Clinical measurements: diastolic blood pressure,Arm level,,Low risk,"<p>Quote: ""Clinics were blocked by size and clinic-level baseline BP control in 2010 in order to balance those factors across study arms."" (From protocol)<br>Quote: ""All consenting patients were masked to treatment assignment before randomization, but treatment was necessarily unmasked after randomization.""<br>Comments: Baseline Characteristics did not show any differences.</p>",,,,,,,,,,
Margolis 2013,Clinical measurements: diastolic blood pressure End of study,Arm level,,Low risk,"<p>Quote: ""Clinics were blocked by size and clinic-level baseline BP control in 2010 in order to balance those factors across study arms."" (From protocol)<br>Quote: ""All consenting patients were masked to treatment assignment before randomization, but treatment was necessarily unmasked after randomization.""<br>Comments: Baseline Characteristics did not show any differences.</p>",Some concerns,"<p>Comments: Due to the nature of the study.<br>Quote main paper P. 3, ""All enrolled patients provided written informed consent""<br>Quote: ""All consenting patients and primary care providers were blinded to the study design and intervention assignment of the clinics, although each patient and their primary care provider were informed of their treatment assignment after randomization. Research clinic coordinators were not blinded to clinics’ treatment assignments, but were trained to treat patients in both study arms identically.""(from protocol)<br>Comments: There are no mentioned about deviations from the intended intervention. The number of people in both groups who lost to follow-up was comparable (Fig. 1).<br>Comments: See Fig. 1 in the full article. The analysis has been carried out by per-protocol.&nbsp;<br>Analysis: IG 228 → 194, CG 222 → 188.<br>Comments: Because the proportion of exclusions is similar in both groups (Fig. 1).</p>",Low risk,"<p>Comments: There is no description. Even if it is after randomization, the number of people for whom outcomes could be measured at the time of analysis was 188/228 (82%) in the intervention group and 182/222 (82%) in the control group, with missing values exceeding 7% in both groups.<br>Comments: There is no description. Even if it is after randomization, the number of people for whom outcomes could be measured at the time of analysis was 188/228 (82%) in the intervention group and 182/222 (82%) in the control group, with missing values exceeding 7% in both groups.<br>Quote: ""We used generalized linear mixed models with a logit link and a random intercept for clinic to test the effect of the intervention on the binary outcomes of BP control at 6, 12 and 18 months. For continuous and binary measures obtained over time we used general and generalized linear mixed models with a time period (categories of baseline, 6 months, 12 months, 18 months) by study group interaction term and an additional random term to model the repeated measures from baseline to 6, 12 and 20 months, assuming data were missing at random. To account for missing data on continuous outcomes we used maximum likelihood based ignorable methods that yield valid inference when the outcome data are missing at random.""</p>",Low risk,"<p>Quote in Protocol: ""Blood pressure is measured at these visits using an automated monitor identical to the home BP telemonitor but not connected to a modem. Three measurements are taken with at least 30 s between cuff inflations, and the three measurements are averaged. Measurements are performed in the right upper arm with an appropriately sized cuff after the patient has been seated quietly for 5 min with the back supported, arm supported at the level of the heart, and feet placed flat on the floor.""<br>Comments: Method of measuring outcomes did not differ between groups<br>Quote: ""All consenting patients and primary care providers were blinded to the study design and intervention assignment of the clinics, although each patient and their primary care provider were informed of their treatment assignment after randomization. Research clinic coordinators were not blinded to clinics’ treatment assignments, but were trained to treat patients in both study arms identically."" (from protocol)&nbsp;<br>Quote: ""All consenting patients and primary care providers were blinded to the study design and intervention assignment of the clinics, although each patient and their primary care provider were informed of their treatment assignment after randomization. Research clinic coordinators were not blinded to clinics’ treatment assignments, but were trained to treat patients in both study arms identically."" (from protocol)<br>Comments: I consider the impact to be low because of the blood pressure measurements (objective data).</p>",Low risk,<p>Comments: See 4.3. Statistical analyses in protocol.<br>Comments: See 4.3. Statistical analyses in protocol.<br>Comments: See 4.3. Statistical analyses in protocol.</p>,Some concerns,"<p>The overall risk of bias was judged to be of some concerns.<br>Although the study was at low risk of bias in most domains, there were some concerns regarding deviations from intended interventions (Domain 2), which may have introduced a minor risk of bias affecting the study outcomes.<br>Domain 1b judgement: Low. Domain 1b Support: Recruitment before randomisation.</p>"
Margolis 2013,Clinical measurements: systolic blood pressure,Arm level,,Low risk,"<p>Quote: ""Clinics were blocked by size and clinic-level baseline BP control in 2010 in order to balance those factors across study arms."" (From protocol)<br>Quote: ""All consenting patients were masked to treatment assignment before randomization, but treatment was necessarily unmasked after randomization.""<br>Comments: Baseline Characteristics did not show any differences.</p>",,,,,,,,,,
Margolis 2013,Clinical measurements: systolic blood pressure End of study,Arm level,,Low risk,"<p>Quote: ""Clinics were blocked by size and clinic-level baseline BP control in 2010 in order to balance those factors across study arms."" (From protocol)<br>Quote: ""All consenting patients were masked to treatment assignment before randomization, but treatment was necessarily unmasked after randomization.""<br>Comments: Baseline Characteristics did not show any differences.</p>",Some concerns,"<p>Comments: Due to the nature of the study.<br>Quote main paper P. 3, ""All enrolled patients provided written informed consent""<br>Quote: ""All consenting patients and primary care providers were blinded to the study design and intervention assignment of the clinics, although each patient and their primary care provider were informed of their treatment assignment after randomization. Research clinic coordinators were not blinded to clinics’ treatment assignments, but were trained to treat patients in both study arms identically.""(from protocol)<br>Comments: There are no mentioned about deviations from the intended intervention. The number of people in both groups who lost to follow-up was comparable (Fig. 1).<br>Comments: See Fig. 1 in the full article. The analysis has been carried out by per-protocol.&nbsp;<br>Analysis: IG 228→194, CG 222→188.<br>Comments: Because the proportion of exclude is similar in both groups (Fig. 1).</p>",Low risk,"<p>Comments: There is no description. Even if it is after randomization, the number of people for whom outcomes could be measured at the time of analysis was 188/228 (82%) in the intervention group and 182/222 (82%) in the control group, with missing values exceeding 7% in both groups.<br>Comments: There is no description. Even if it is after randomization, the number of people for whom outcomes could be measured at the time of analysis was 188/228 (82%) in the intervention group and 182/222 (82%) in the control group, with missing values exceeding 7% in both groups.<br>Quote: ""We used generalized linear mixed models with a logit link and a random intercept for clinic to test the effect of the intervention on the binary outcomes of BP control at 6, 12 and 18 months. For continuous and binary measures obtained over time we used general and generalized linear mixed models with a time period (categories of baseline, 6 months, 12 months, 18 months) by study group interaction term and an additional random term to model the repeated measures from baseline to 6, 12 and 20 months, assuming data were missing at random. To account for missing data on continuous outcomes we used maximum likelihood based ignorable methods that yield valid inference when the outcome data are missing at random.""</p>",Low risk,"<p>Quote in Protocol: ""Blood pressure is measured at these visits using an automated monitor identical to the home BP telemonitor but not connected to a modem. Three measurements are taken with at least 30 s between cuff inflations, and the three measurements are averaged. Measurements are performed in the right upper arm with an appropriately sized cuff after the patient has been seated quietly for 5 min with the back supported, arm supported at the level of the heart, and feet placed flat on the floor.""<br>Comments: Method of measuring outcomes did not differ between groups<br>Quote: ""All consenting patients and primary care providers were blinded to the study design and intervention assignment of the clinics, although each patient and their primary care provider were informed of their treatment assignment after randomization. Research clinic coordinators were not blinded to clinics’ treatment assignments, but were trained to treat patients in both study arms identically."" (from protocol)&nbsp;<br>Quote: ""All consenting patients and primary care providers were blinded to the study design and intervention assignment of the clinics, although each patient and their primary care provider were informed of their treatment assignment after randomization. Research clinic coordinators were not blinded to clinics’ treatment assignments, but were trained to treat patients in both study arms identically."" (from protocol)<br>Comments: I consider the impact to be low because of the blood pressure measurements (objective data).</p>",Low risk,<p>Comments: See 4.3. Statistical analyses in protocol.<br>Comments: See 4.3. Statistical analyses in protocol.<br>Comments: See 4.3. Statistical analyses in protocol.</p>,Some concerns,"<p>The overall risk of bias was judged to be of some concerns.<br>While most domains were assessed as low risk of bias, some concerns arose in Domain 2 (bias due to deviations from intended interventions). These concerns slightly reduce confidence in the results, though not to a critical degree.<br>Domain 1b judgement: Low. Domain 1b Support: Recruitment before randomisation.</p>"
Margolis 2013,Medication adherence,Arm level,,Low risk,"<p>Quote: ""Clinics were blocked by size and clinic-level baseline BP control in 2010 in order to balance those factors across study arms."" (From protocol)<br>Quote: ""All consenting patients were masked to treatment assignment before randomization, but treatment was necessarily unmasked after randomization.""<br>Comments: Baseline Characteristics did not show any differences.</p>",,,,,,,,,,
Margolis 2013,Medication adherence 12 months,Arm level,,Low risk,"<p>Quote: ""Clinics were blocked by size and clinic-level baseline BP control in 2010 in order to balance those factors across study arms."" (From protocol)<br>Quote: ""All consenting patients were masked to treatment assignment before randomization, but treatment was necessarily unmasked after randomization.""<br>Comments: Baseline Characteristics did not show any differences.</p>",,,,,,,,,,
Margolis 2013,Medication adherence 18 months,Arm level,,Low risk,"<p>Quote: ""Clinics were blocked by size and clinic-level baseline BP control in 2010 in order to balance those factors across study arms."" (From protocol)<br>Quote: ""All consenting patients were masked to treatment assignment before randomization, but treatment was necessarily unmasked after randomization.""<br>Comments: Baseline Characteristics did not show any differences.</p>",,,,,,,,,,
Margolis 2013,Medication adherence 6 months,Arm level,,Low risk,"<p>Quote: ""Clinics were blocked by size and clinic-level baseline BP control in 2010 in order to balance those factors across study arms."" (From protocol)<br>Quote: ""All consenting patients were masked to treatment assignment before randomization, but treatment was necessarily unmasked after randomization.""<br>Comments: Baseline Characteristics did not show any differences.</p>",,,,,,,,,,
Margolis 2013,Medication adherence End of study,Arm level,,Low risk,"<p>Quote: ""Clinics were blocked by size and clinic-level baseline BP control in 2010 in order to balance those factors across study arms."" (From protocol)<br>Quote: ""All consenting patients were masked to treatment assignment before randomization, but treatment was necessarily unmasked after randomization.""<br>Comments: Baseline Characteristics did not show any differences.</p>",Some concerns,"<p>Comments: Due to the nature of the study.<br>Quote main paper P. 3, ""All enrolled patients provided written informed consent""<br>Quote: ""All consenting patients and primary care providers were blinded to the study design and intervention assignment of the clinics, although each patient and their primary care provider were informed of their treatment assignment after randomization. Research clinic coordinators were not blinded to clinics’ treatment assignments, but were trained to treat patients in both study arms identically.""(from protocol)<br>Comments: There are no mentioned about deviations from the intended intervention. The number of people in both groups who lost to follow-up was comparable (Fig. 1).<br>Comments: See Fig. 1 in the full article. The analysis has been carried out by per-protocol.&nbsp;<br>Analysis: IG 228→194, CG 222→186.<br>Comments: Because the proportion of exclude is similar in both groups (Fig. 1).</p>",Low risk,"<p>Comments: There is no description. Even if it is after randomization, the number of people for whom outcomes could be measured at the time of analysis was 188/228 (82%) in the intervention group and 182/222 (82%) in the control group, with missing values exceeding 5% in both groups.<br>Comments: There is no description. Even if it is after randomization, the number of people for whom outcomes could be measured at the time of analysis was 188/228 (82%) in the intervention group and 182/222 (82%) in the control group, with missing values exceeding 5% in both groups.<br>Quote: ""We used generalized linear mixed models with a logit link and a random intercept for clinic to test the effect of the intervention on the binary outcomes of BP control at 6, 12 and 18 months. For continuous and binary measures obtained over time we used general and generalized linear mixed models with a time period (categories of baseline, 6 months, 12 months, 18 months) by study group interaction term and an additional random term to model the repeated measures from baseline to 6, 12 and 18 months, assuming data were missing at random. To account for missing data on continuous outcomes we used maximum likelihood based ignorable methods that yield valid inference when the outcome data are missing at random.""</p>",High risk,"<p>Quote in Protocol: ""Adherence to those medications is assessed by self-report, using Morisky's 4-item scale (modified to focus on BP medications) ""<br>Comments: Method of measuring outcomes did not differ between groups<br>Comments: Self-reported scale.<br>Quote: ""All consenting patients and primary care providers were blinded to the study design and intervention assignment of the clinics, although each patient and their primary care provider were informed of their treatment assignment after randomization. Research clinic coordinators were not blinded to clinics’ treatment assignments, but were trained to treat patients in both study arms identically."" (from protocol)<br>Comments: Because of this scale, the outcome assessors were the participants.</p>",Low risk,<p>Comments: See 4.3. Statistical analyses in protocol.<br>Comments: See 4.3. Statistical analyses in protocol.<br>Comments: See 4.3. Statistical analyses in protocol.</p>,High risk,"<p>The overall risk of bias was judged to be high.<br>While most domains were judged to be at low risk or raised some concerns, Domain 4 (bias in measurement of the outcome) was judged to be at high risk of bias, which may seriously compromise the validity of the study results.<br>Domain 1b judgement: Low. Domain 1b Support: Recruitment before randomisation.</p>"
Margolis 2013,Patients’ satisfaction,Arm level,,Low risk,"<p>Quote: ""Clinics were blocked by size and clinic-level baseline BP control in 2010 in order to balance those factors across study arms."" (From protocol)<br>Quote: ""All consenting patients were masked to treatment assignment before randomization, but treatment was necessarily unmasked after randomization.""<br>Comments: Baseline Characteristics did not show any differences.</p>",,,,,,,,,,
Margolis 2013,Patients’ satisfaction End of study,Arm level,,Low risk,"<p>Quote: ""Clinics were blocked by size and clinic-level baseline BP control in 2010 in order to balance those factors across study arms."" (From protocol)<br>Quote: ""All consenting patients were masked to treatment assignment before randomization, but treatment was necessarily unmasked after randomization.""<br>Comments: Baseline Characteristics did not show any differences.</p>",Some concerns,"<p>Comments: Due to the nature of the study.<br>Quote main paper P. 3, ""All enrolled patients provided written informed consent""<br>Quote: ""All consenting patients and primary care providers were blinded to the study design and intervention assignment of the clinics, although each patient and their primary care provider were informed of their treatment assignment after randomization. Research clinic coordinators were not blinded to clinics’ treatment assignments, but were trained to treat patients in both study arms identically.""(from protocol)<br>Comments: There are no mentioned about deviations from the intended intervention. The number of people in both groups who lost to follow-up was comparable (Fig. 1).<br>Comments: See Fig. 1 in the full article. The analysis has been carried out by per-protocol.&nbsp;<br>Analysis: IG 228→194, CG 222→187.<br>Comments: Because the proportion of exclusions is similar in both groups (Fig. 1).</p>",Low risk,"<p>Comments: There is no description. Even if it is after randomisation, the number of people for whom outcomes could be measured at the time of analysis was 188/228 (82%) in the intervention group and 182/222 (82%) in the control group, with missing values exceeding 6% in both groups.<br>Comments: There is no description. Even if it is after randomization, the number of people for whom outcomes could be measured at the time of analysis was 188/228 (82%) in the intervention group and 182/222 (82%) in the control group, with missing values exceeding 6% in both groups.<br>Quote: ""We used generalized linear mixed models with a logit link and a random intercept for clinic to test the effect of the intervention on the binary outcomes of BP control at 6, 12 and 18 months. For continuous and binary measures obtained over time we used general and generalized linear mixed models with a time period (categories of baseline, 6 months, 12 months, 18 months) by study group interaction term and an additional random term to model the repeated measures from baseline to 6, 12 and 19 months, assuming data were missing at random. To account for missing data on continuous outcomes we used maximum likelihood based ignorable methods that yield valid inference when the outcome data are missing at random.""</p>",High risk,"<p>Quote in Protocol: ""Six items concerning satisfaction with health care and providers were selected from the Consumer Assessment of Healthcare Providers and Systems (CAHPS) adult survey v4.0, and are collected at each research clinic visit (baseline, 6, 12, and 18 months) ""<br>Comments: Method of measuring outcomes did not differ between groups<br>Comments: The Clinician &amp; Group Visit Survey 4.0 (beta) asks patients about their experiences with care at their most recent visit with an ambulatory care provider.<br>Quote: ""All consenting patients and primary care providers were blinded to the study design and intervention assignment of the clinics, although each patient and their primary care provider were informed of their treatment assignment after randomization. Research clinic coordinators were not blinded to clinics’ treatment assignments, but were trained to treat patients in both study arms identically."" (from protocol)&nbsp;<br>Quote: ""All consenting patients and primary care providers were blinded to the study design and intervention assignment of the clinics, although each patient and their primary care provider were informed of their treatment assignment after randomization. Research clinic coordinators were not blinded to clinics’ treatment assignments, but were trained to treat patients in both study arms identically."" (from protocol)<br>Comments: Because of this scale, the outcome assessors were the participants.</p>",Low risk,<p>Comments: See 4.3. Statistical analyses in protocol.<br>Comments: See 4.3. Statistical analyses in protocol.<br>Comments: See 4.3. Statistical analyses in protocol.</p>,High risk,"<p>The overall risk of bias was judged to be high.<br>Although most domains were assessed as low risk or raised some concerns, a high risk of bias was identified in Domain 4 (bias in measurement of the outcome), which could substantially affect the reliability of the study’s findings.<br>Domain 1b judgement: Low. Domain 1b Support: Recruitment before randomisation.</p>"
Mozu 2023,Clinical measurements: diastolic blood pressure,Arm level,,Some concerns,"<p>Quote: ""A two-block randomization approach was used to assign consenting participants randomly to the intervention or control groups.""<br>Comments: See Table 1.</p>",,,,,,,,,,
Mozu 2023,Clinical measurements: diastolic blood pressure End of study,Arm level,,Some concerns,"<p>Quote: ""A two-block randomization approach was used to assign consenting participants randomly to the intervention or control groups.""<br>Comments: See Table 1.</p>",Some concerns,"<p>Comments: No mention of blinds. Due to the nature of the study, it is likely that the interventionists know which group they are in.<br>Comments: Almost no drop-outs.<br>Comments: The method of analysis is not stated, but I judged it to be a per-protocol analysis from the results.<br>Comments: The number of people excluded from the analysis is less than 5% after randomisation.</p>",Low risk,<p>Comments: The total number of people excluded from the analysis or dropped out is less than 5% after randomisation.</p>,Some concerns,<p>Comments: DBP.<br>Comments: The measurement points are fixed.&nbsp;<br>Comments: No mention of blinding.<br>Comments: DBP.</p>,Some concerns,<p>Comments: Protocols and study registry information cannot be identified. It is unclear whether the analysis method was set up in advance.<br>Comments: DBP.<br>Comments: Univariate analysis only.</p>,Some concerns,"<p>The overall risk of bias was judged to be of some concerns.<br>This assessment is based on identified concerns regarding the randomization process, deviations from intended interventions, and selection of the reported results, while other domains were assessed as being at low risk of bias.</p>"
Mozu 2023,Clinical measurements: systolic blood pressure,Arm level,,Some concerns,"<p>Quote: ""A two-block randomization approach was used to assign consenting participants randomly to the intervention or control groups.""<br>Comments: See Table 1.</p>",,,,,,,,,,
Mozu 2023,Clinical measurements: systolic blood pressure End of study,Arm level,,Some concerns,"<p>Quote: ""A two-block randomization approach was used to assign consenting participants randomly to the intervention or control groups.""<br>Comments: See Table 1.</p>",Some concerns,"<p>Comments: No mention of blinds. Due to the nature of the study, it is likely that the interventionists know which group they are in.<br>Comments: Almost no drop-outs.<br>Comments: The method of analysis is not stated, but I judged it to be a per-protocol analysis from the results.<br>Comments: The number of people excluded from analysis is less than 5% after randomisation.</p>",Low risk,<p>Comments: The total number of people excluded from the analysis or dropped out is less than 5% after randomisation.</p>,Low risk,<p>Comments: SBP.<br>Comments: The measurement points are fixed.&nbsp;<br>Comments: No mention of blinding.<br>Comments: SBP.</p>,Some concerns,<p>Comments: Protocols and study registry information cannot be identified. It is unclear whether the analysis method was set up in advance.<br>Comments: SBP.<br>Comments: Univariate analysis only.</p>,Some concerns,"<p>The overall risk of bias was judged to be of some concerns.<br>This judgement reflects some concerns in Domains 1 (randomization process), 2 (deviations from intended interventions), and 5 (selection of the reported result), despite low risk of bias in the other domains.</p>"
Mozu 2023,Medication adherence,Arm level,,Some concerns,"<p>Quote: ""A two-block randomization approach was used to assign consenting participants randomly to the intervention or control groups.""<br>Comments: See Table 1.</p>",,,,,,,,,,
Mozu 2023,Medication adherence 6 months,Arm level,,Some concerns,"<p>Quote: ""A two-block randomization approach was used to assign consenting participants randomly to the intervention or control groups.""<br>Comments: See Table 1.</p>",,,,,,,,,,
Mozu 2023,Medication adherence End of study,Arm level,,Some concerns,"<p>Quote: ""A two-block randomization approach was used to assign consenting participants randomly to the intervention or control groups.""<br>Comments: See Table 1.</p>",Some concerns,"<p>Comments: No mention of blinds. Due to the nature of the study, it is likely that the interventionists know which group they are in.<br>Comments: Almost no drop-outs.<br>Comments: The method of analysis is not stated, but I judged it to be a per-protocol analysis from the results.<br>Comments: The number of people excluded from the analysis is less than 5% after randomisation.</p>",Low risk,<p>Comments: The total number of people excluded from the analysis or dropped out is less than 5% after randomisation.</p>,High risk,<p>Comments: The measurement points are fixed. MARS is a reliable scale.<br>Comments: The measurement points are fixed.&nbsp;<br>Comments: No mention of blinding.<br>Comments: self-reported scale</p>,High risk,<p>Comments: Protocols and study registry information cannot be identified. It is unclear whether the analysis method was set up in advance.<br>Comments: There are existed the indicators of medication adherence scales or scores in the world. Protocol not identified. Protocols and study registry information cannot be identified.&nbsp;<br>Comments: Univariate analysis only.</p>,High risk,"<p>The overall risk of bias was judged to be high.<br>This judgement was driven primarily by a high risk of bias in Domain 4 (Bias due to deviations from intended interventions) and Domain 5 (Bias in selection of the reported result), alongside some concerns in Domains 1 and 2. These issues raise substantial doubts about the reliability of the study results.</p>"
Powers 1983,Clinical measurements: pain relief,Arm level,,Some concerns,"<p>Quote: ""Patients were assigned by means of a random numbers table to one of two groups.""<br>Comments: No mention of allocation.</p>",,,,,,,,,,
Powers 1983,Clinical measurements: pain relief End of study,Arm level,,Some concerns,"<p>Quote: ""Patients were assigned by means of a random numbers table to one of two groups.""<br>Comments: No mention of allocation.</p>",High risk,"<p>Comments: Pharmacists and patients are able to ascertain the allocation group due to the nature of the study.&nbsp;<br>Comments: The study did not provide information on deviations from the intended intervention. It is unclear whether participants feel ""clearly"" the intervention group is better (while they think the intervention is better, they may also be bothered by the many interventions coming in), but there are also not ""clearly"" more drop-outs in the control group.&nbsp;<br>Comments: per-protocol.<br>Comments: Although not stated in the text, there was a high proportion of drop-outs.</p>",High risk,"<p>Comments: Telephone group: 11 → 8 (37% reduction); Control group: 9 → 8 (11% reduction).<br>Comments: There is no evidence to suggest that.<br>Comments: The missing data was considered ""PY"" due to the large amount of missing data. Telephone group: 11 → 8 (37% reduction); Control group: 9 → 8 (11% reduction).</p>",High risk,"<p>Comments: VAS and FIS are used as pain indicators.<br>Comments: The same measurements are used for all participants.&nbsp;<br>Comments: Since the outcome assessor would be the patient themselves, it would be a self-reported outcome.<br>Comments: Patient reported outcomes.</p>",High risk,"<p>Comments: The protocol cannot be found.<br>Comments: It is not available in the protocol in advance, there is no indication of cut-off values for the date of measurement of satisfaction, and the indicators show VAS and FIS scales, but the results in Table 2 show only the results measured by VAS. There may be arbitrariness.<br>Comments: As it is unclear whether there is a pre-defined protocol, this could be judged as ""NI"". However, it may be ""PN"" because only univariate analysis was performed. However, the VAS and FIS measurements described in the method may be arbitrary, as only the VAS is described in the results.</p>",High risk,"<p>The overall risk of bias was judged to be high.<br>Some concerns exist in the randomisation domain (Domain 1), but significant risks were detected in adherence to interventions, attrition, outcome assessment, and reporting bias (Domains 2 through 5). Due to these multiple high-risk domains, the overall credibility of the evidence is compromised, justifying a high risk of bias judgement.</p>"
Powers 1983,Drug-related problems,Arm level,,Some concerns,"<p>Quote: ""Patients were assigned by means of a random numbers table to one of two groups.""<br>Comments: No mention of allocation.</p>",,,,,,,,,,
Powers 1983,Drug-related problems End of study,Arm level,,Some concerns,"<p>Quote: ""Patients were assigned by means of a random numbers table to one of two groups.""<br>Comments: No mention of allocation.</p>",High risk,"<p>Comments: Pharmacists and patients are able to ascertain the allocation group due to the nature of the study.&nbsp;<br>Comments: The study did not provide information on deviations from the intended intervention. It is unclear whether participants feel ""clearly"" the intervention group is better (while they think the intervention is better, they may also be bothered by the many interventions coming in), but there are also not ""clearly"" more Drop-outs in the Control group.&nbsp;<br>Comments: per-protocol.<br>Comments: Although not stated in the text, there was a high proportion of drop-outs.</p>",High risk,"<p>Comments: Telephone group: 11 → 8 (37% reduction); Control group: 9 → 8 (11% reduction).<br>Comments: There is no evidence to suggest that.<br>Comments: The missing data were considered ""PY"" due to the large amount of missing data. Telephone group: 11 → 8 (37% reduction); Control group: 9 → 8 (11% reduction).</p>",High risk,"<p>Comments: Side effects are used as patients' reported measurements, which is not appropriate as an evaluation indicator.<br>Quote: “The incidence of side effects was ascertained by asking patients if they had experienced any of the side effects listed in the Appendix.”<br>Comments: Side effects are used as patients' reported measurements, which is not appropriate as an evaluation indicator due to self-reporting by the untrained patients themselves.<br>Quote: “The incidence of side effects was ascertained by asking patients if they had experienced any of the side effects listed in the Appendix.”</p>",High risk,"<p>Comments: The protocol cannot be found.<br>Comments: It cannot be confirmed in advance by the protocol.<br>Due to patient self-reported indicators, it may be possible to conclude that only the better ones were intentionally given out.<br>Comments: Outcome assessed according to pre-specified analysis.&nbsp;</p>",High risk,"<p>The overall risk of bias was judged to be high.<br>Although some concerns were raised about the randomisation process (Domain 1), critical risks were present in domains related to deviations from intended interventions, missing data, outcome measurement, and selective reporting (Domains 2–5). These substantial limitations in key areas undermine confidence in the study results, resulting in a high overall risk of bias.</p>"
Powers 1983,Patients’ satisfaction,Arm level,,Some concerns,"<p>Quote: ""Patients were assigned by means of a random numbers table to one of two groups.""<br>Comments: No mention of allocation.</p>",,,,,,,,,,
Powers 1983,Patients’ satisfaction End of study,Arm level,,Some concerns,"<p>Quote: ""Patients were assigned by means of a random numbers table to one of two groups.""<br>Comments: No mention of allocation.</p>",High risk,"<p>Comments: Pharmacists and patients are able to ascertain the allocation group due to the nature of the study.&nbsp;<br>Comments: The study did not provide information on deviations from the intended intervention. It is unclear whether participants feel ""clearly"" the intervention group is better (while they think the intervention is better, they may also be bothered by the many interventions coming in), but there are also not ""clearly"" more drop-outs in the control group.&nbsp;<br>Comments: per-protocol.<br>Comments: Although not stated in the text, there was a high proportion of drop-outs.</p>",High risk,"<p>Comments: Telephone group: 11 → 8 (37% reduction); Control group: 9 → 8 (11% reduction).<br>Comments: There is no evidence to suggest that.<br>Comments: The missing data were considered ""PY"" due to the large amount of missing data. Telephone group: 11 → 8 (37% reduction); Control group: 9 → 8 (11% reduction).</p>",High risk,<p>Comments: Judging patients' satisfaction with VAS and FIS may not be appropriate.&nbsp;<br>Comments: The same measurements are used for all participants.&nbsp;</p>,High risk,"<p>Comments: The protocol cannot be found.<br>Comments: It is not available in the protocol in advance, there is no indication of cut-off values for the date of measurement of satisfaction, and the indicators show VAS and FIS scales, but the results in Table 2 show only the results measured by VAS. There may be arbitrariness.<br>Comments: As it is unclear whether there is a pre-defined protocol, this could be judged as ""NI"". However, it may be ""PN"" because only univariate analysis was performed. However, the VAS and FIS measurements described in the method may be arbitrary, as only the VAS is described in the results.</p>",High risk,"<p>The overall risk of bias was judged to be high.<br>While some concerns were noted regarding the randomisation process (Domain 1), serious risks were identified in deviations from intended interventions, missing outcome data, outcome measurement, and selection of the reported results (Domains 2–5). The high risk in multiple key domains significantly affects the reliability of the findings, leading to an overall high risk of bias.</p>"
Salmany 2018,Patients’ satisfaction End of study,Arm level,,Low risk,"<p>Quote: ""This was done by applying a master randomization plan that was prepared in advance by the institution research office using an online research randomizing software.""<br>Comments: Based on the examination of Table 1, no significant differences in the baseline can be observed.</p>",Some concerns,"<p>Comments: Pharmacists and patients are able to ascertain the allocation group due to the nature of the study.<br>Quote: “To avoid any selection bias, the research pharmacist was blinded to the master randomization list and gave all participants sequential coding numbers based on the time of discharge. The primary investigator allocated the coding numbers to participants to either receive a telephone follow-up (TFU) call (intervention group) or not to receive a TFU call (control group).”<br>Comments: The study did not provide information on deviations from the intended intervention. It is unclear whether participants feel ""clearly"" the intervention group is better (while they think the intervention is better, they may also be bothered by the many interventions coming in), but there are also not ""clearly"" more drop-outs in the control group. (The impact of the high number of drop-outs on both sides is assessed in Domain 3-3).<br>Comments: After allocating 166 participants each, satisfaction data is available only for 144 individuals in the follow-up group and 154 individuals in the comparison group.<br>Comments: While there is an issue with the sample size, I still believe that there is a high likelihood of no significant difference.</p>",High risk,"<p>Comments: After allocating 166 participants each, satisfaction data is available only for 144 individuals in the follow-up group and 154 individuals in the comparison group.<br>Comments: No analytical response has been made to the missing data.<br>Comments for Domain 3-3: As for patients' satisfaction results, the reason for the drop-out is not stated, but TFU: 166 to 144 (12% decrease), CG: 164 to 154 (6% decrease), so it can be concluded that it had an impact.<br>Comments for Domain 3-4: IG: 12% decrease, CG: 6% decrease, it can be concluded that there may be a bias to one side.</p>",Low risk,"<p>Comments: If satisfaction was directly enquired from healthcare providers via telephone, there might be a potential for biased responses.<br>Comments: The same measurements are used for all participants.&nbsp;<br>Quote: ""Then, the research pharmacist provided the code list to the primary investigator who was blinded to the patients list.""</p>",High risk,"<p>Comments: The protocol could not be found.<br>Comments: Outcome assessed according to pre-specified analysis.&nbsp;<br>Quote: ""The 5-point Likert scale was used with 1 indicating very satisfied and 5 completely unsatisfied. The definitions are clear, and it is explicitly stated that the time point is at 2 weeks.""<br>Comments: Outcome assessed according to pre-specified analysis.&nbsp;<br>Quote: ""Differences in characteristics and satisfaction between the intervention and the control groups were analyzed using the Chi-Square and Fisher’s exact tests.""</p>",High risk,"<p>The overall risk of bias was judged to be high.<br>While the randomisation process and outcome measurement were at low risk of bias, there were some concerns regarding deviations from intended interventions. The risk related to missing outcome data and the selection of reported results was high, due to substantial attrition and possible selective reporting. These critical issues led to an overall high risk of bias.</p>"
Salmany 2018,Utilisation frequency of healthcare services: admissions_dichotomous End of study,Arm level,,Low risk,"<p>Quote: ""This was done by applying a master randomization plan that was prepared in advance by the institution research office using an online research randomizing software.""<br>Comments: Based on the examination of Table 1, no significant differences in the baseline can be observed.</p>",Some concerns,"<p>Comments: Pharmacists and patients are able to ascertain the allocation group due to the nature of the study.<br>Quote: “To avoid any selection bias, the research pharmacist was blinded to the master randomization list and gave all participants sequential coding numbers based on the time of discharge. The primary investigator allocated the coding numbers to participants to either receive a telephone follow-up (TFU) call (intervention group) or not to receive a TFU call (control group).”<br>Comments: The study did not provide information on deviations from the intended intervention. It is unclear whether participants feel ""clearly"" the intervention group is better (while they think the intervention is better, they may also be bothered by the many interventions coming in), but there are also not ""clearly"" more drop-outs in the control group. (The impact of the high number of drop-outs on both sides is assessed in Domain 3-3).<br>Comments: After allocating 166 participants each, satisfaction data is available only for 144 individuals in the follow-up group and 154 individuals in the comparison group.<br>Comments: While there is an issue with the sample size, I still believe that there is a high likelihood of no significant difference.</p>",Some concerns,"<p>Comments: ""ED visits and readmissions are only documented in the Results document.<br>Based on the number and % of readmissions, TFU: 154, CG: 154. For ED visits, the number of people is unknown in % only.""<br>Comments: No analytical response has been made to the missing data.<br>Comments for Domain 3-3: The number of people who could be followed up in ED visits is unclear from ""ED visits and readmissions"" in the Results. However, for readmissions, the number of people who could be followed up for both IG and CG was N=154 (calculated from IG: 57 (37%), CG: 66 (43%)), based on the results. The two indicators are assessed together, but there is a deficit of more than 5%.<br>Comments for Domain 3-4: Although I can judge if the number of missing persons was the same for hospital readmission, the number of ED visits is unknown.</p>",Low risk,"<p>Comments: ED visits and readmissions are assessed without subjective judgment<br>Comments: The same measurements are used for all participants.&nbsp;<br>Quote: ""Then, the research pharmacist provided the code list to the primary investigator who was blinded to the patients list.""</p>",Some concerns,"<p>Comments: The protocol could not be found.<br>Comments: ED visits and readmissions are assessed without subjective judgment. However, no prior protocols were presented.<br>Comments: Outcome assessed according to pre-specified analysis.&nbsp;<br>Quote: ""Differences in characteristics and satisfaction between the intervention and the control groups were analyzed using the Chi-Square and Fisher’s exact tests.""</p>",Some concerns,"<p>The overall risk of bias was judged to be some concerns.<br>The randomisation process and outcome measurement were assessed as low risk of bias. However, some concerns were noted regarding deviations from intended interventions, missing outcome data, and the selection of reported results. These issues contributed to the overall rating of some concerns.</p>"
Sarayani 2018,"Laboratory values: HbA1c, glycosylated hemoglobin",Arm level,,Low risk,"<p>Quote: ""A balanced block randomization method to generate random allocation sequence. One of the authors who was not involved in eligibility confirmation, diabetes education, or telephone intervention generated and concealed the allocation sequence.""<br>Comments: This study showed that baseline characteristics were not different between the two groups.&nbsp;</p>",,,,,,,,,,
Sarayani 2018,"Laboratory values: HbA1c, glycosylated hemoglobin End of study",Arm level,,Low risk,"<p>Quote: ""A balanced block randomization method to generate random allocation sequence. One of the authors who was not involved in eligibility confirmation, diabetes education, or telephone intervention generated and concealed the allocation sequence.""<br>Comments: This study showed that baseline characteristics were not different between the two groups.&nbsp;</p>",High risk,"<p>Quote: ""Due to the nature of the study intervention, blinding of participants and caregivers was not performed. ""<br>Quote: ""One of the authors who was not involved in eligibility confirmation, diabetes education, or telephone intervention generated and concealed the allocation sequence. After the live education session, the clinical team asked for study group allocation via phone.""<br>Comments: Per-protocol implementation (Fig. 1)<br>Comments: 40 analyses (out of 50) in the intervention group, 44 analyses (out of 50) in the control group. 20% dropped out, which may have affected the results.</p>",Low risk,"<p>Intervention: analyzed (HbA1c outcome) (n=40/50)<br>Control: analyzed (HbA1c outcome) (n=44/50)<br>Quote: ""Analyses of the primary outcome (HbA1c) and secondary outcomes (lipid profiles and the medication adherence score) were carried out using repeated measure ANOVA. ""<br>Comments: No mention of missing data completion.<br>Comments: Not provide clear information. The percentage of missing values differs between the two groups.</p>",Low risk,"<p>Comments: HbA1c is the most common observational data to evaluate diabetes.<br>Comments: The same measurements are used for all participants.&nbsp;<br>Quote: ""Due to the nature of the study intervention, blinding of participants and caregivers was not performed.""<br>Comments: Because of the Morisky Medication Adherence Questionnaire, the outcome assessors were the participants.<br>Comments: HbA1c is common in laboratory tests.</p>",Low risk,<p>Comments: Analysis methods are reported in the protocol (registry information) in advance.<br>Comments: Analysis methods are reported in the protocol (registry information) in advance.<br>Comments: Analysis methods are reported in the protocol (registry information) in advance.</p>,High risk,"<p>The overall risk of bias was judged to be high.<br>Although most domains were assessed as low risk, there was a high risk of bias due to deviations from the intended interventions, primarily related to lack of blinding and possible non-adherence to the assigned intervention. Given the potential impact of these deviations on the outcome, the overall risk of bias was considered high.</p>"
Sarayani 2018,Laboratory values: LDL cholesterol,Arm level,,Low risk,"<p>Quote: ""A balanced block randomization method to generate random allocation sequence. One of the authors who was not involved in eligibility confirmation, diabetes education, or telephone intervention generated and concealed the allocation sequence.""<br>Comments: This study showed that baseline characteristics were not different between the two groups.&nbsp;</p>",,,,,,,,,,
Sarayani 2018,Laboratory values: LDL cholesterol End of study,Arm level,,Low risk,"<p>Quote: ""A balanced block randomization method to generate random allocation sequence. One of the authors who was not involved in eligibility confirmation, diabetes education, or telephone intervention generated and concealed the allocation sequence.""<br>Comments: This study showed that baseline characteristics were not different between the two groups.&nbsp;</p>",High risk,"<p>Quote: ""Due to the nature of the study intervention, blinding of participants and caregivers was not performed. ""<br>Quote: ""One of the authors who was not involved in eligibility confirmation, diabetes education, or telephone intervention generated and concealed the allocation sequence. After the live education session, the clinical team asked for study group allocation via phone.""<br>Comments: Per-protocol implementation (Fig. 1)<br>Comments: 40 analyses (out of 50) in the intervention group, 44 analyses (out of 50) in the control group. 20% dropped out, which may have affected the results.</p>",Low risk,"<p>Intervention: analyzed (LDL outcome) (n=40/50)<br>Control: analyzed (LDL outcome) (n=44/50)<br>Quote: ""Analyses of the primary outcome (HbA1c) and secondary outcomes (lipid profiles and the medication adherence score) were carried out using repeated measure ANOVA.""<br>Comments: No mention of missing data completion.<br>Comments: Not provide clear information. The percentage of missing values differs between the two groups.</p>",Low risk,"<p>Comments: LDL is the most common observational data to evaluate diabetes.<br>Comments: The same measurements are used for all participants.&nbsp;<br>Quote: ""Due to the nature of the study intervention, blinding of participants and caregivers was not performed.""<br>Comments: Because of the Morisky Medication Adherence Questionnaire, the outcome assessors were the participants.<br>Comments: LDL is common in laboratory tests.</p>",Low risk,<p>Comments: Analysis methods are reported in the protocol (registry information) in advance.<br>Comments: Analysis methods are reported in the protocol (registry information) in advance.<br>Comments: Analysis methods are reported in the protocol (registry information) in advance.</p>,High risk,"<p>The overall risk of bias was judged to be high.<br>While most domains were rated as low risk, there was a high risk of bias in relation to deviations from intended interventions. This was mainly due to insufficient blinding and concerns about participant adherence, which may have influenced the outcomes. As this domain can critically affect the validity of the results, the overall risk of bias was deemed high.</p>"
Sarayani 2018,Medication adherence,Arm level,,Low risk,"<p>Quote: ""A balanced block randomization method to generate random allocation sequence. One of the authors who was not involved in eligibility confirmation, diabetes education, or telephone intervention generated and concealed the allocation sequence.""<br>Comments: This study showed that baseline characteristics were not different between the two groups.&nbsp;</p>",,,,,,,,,,
Sarayani 2018,Medication adherence 3 months,Arm level,,Low risk,"<p>Quote: ""A balanced block randomization method to generate random allocation sequence. One of the authors who was not involved in eligibility confirmation, diabetes education, or telephone intervention generated and concealed the allocation sequence.""<br>Comments: This study showed that baseline characteristics were not different between the two groups.&nbsp;</p>",,,,,,,,,,
Sarayani 2018,Medication adherence 9 months,Arm level,,Low risk,"<p>Quote: ""A balanced block randomization method to generate random allocation sequence. One of the authors who was not involved in eligibility confirmation, diabetes education, or telephone intervention generated and concealed the allocation sequence.""<br>Comments: This study showed that baseline characteristics were not different between the two groups.&nbsp;</p>",,,,,,,,,,
Sarayani 2018,Medication adherence End of study,Arm level,,Low risk,"<p>Quote: ""A balanced block randomization method to generate random allocation sequence. One of the authors who was not involved in eligibility confirmation, diabetes education, or telephone intervention generated and concealed the allocation sequence.""<br>Comments: This study showed that baseline characteristics were not different between the two groups.&nbsp;</p>",Some concerns,"<p>Quote: ""Due to the nature of the study intervention, blinding of participants and caregivers was not performed. ""<br>Quote: ""One of the authors who was not involved in eligibility confirmation, diabetes education, or telephone intervention generated and concealed the allocation sequence. After the live education session, the clinical team asked for study group allocation via phone.""<br>Comments: Per-protocol implementation (Fig. 1)<br>Comments: 46 analyses (out of 50) in the intervention group, 48 analyses (out of 50) in the control group. More than 5 % of the intervention group dropped out, which may have affected the results.</p>",High risk,"<p>Intervention: Analyzed (Adherence and self-care) (n=46)<br>Control: Analyzed (Adherence and self-care) (n=48)<br>Quote: ""Analyses of the primary outcome (HbA1c) and secondary outcomes (lipid profiles and the medication adherence score) were carried out using repeated measure ANOVA. ""<br>Comments: No mention of missing data completion.<br>Comments: Not provide clear information. The percentage of missing values differs between the two groups.</p>",High risk,"<p>Comments: The measurement points are fixed. Indicators used worldwide.<br>Comments: The same measurements are used for all participants.&nbsp;<br>Quote: ""Due to the nature of the study intervention, blinding of participants and caregivers was not performed.""<br>Comments: Because of the Morisky Medication Adherence Questionnaire, the outcome assessors were the participants.<br>Comments: self-reported scale</p>",Low risk,<p>Comments: Analysis methods are reported in the protocol (registry information) in advance.<br>Comments: Analysis methods are reported in the protocol (registry information) in advance.<br>Comments: Analysis methods are reported in the protocol (registry information) in advance.</p>,High risk,"<p>The overall risk of bias was judged to be high.<br>Although the randomisation process and selection of reported results were at low risk of bias, there were some concerns regarding deviations from intended interventions. The risk of bias was high for both missing outcome data and outcome measurement, due to incomplete follow-up and lack of blinding for subjective outcomes. These issues in critical domains contributed to the overall high risk of bias.</p>"
Scala 2018,Clinical measurements: diastolic blood pressure,Arm level,,Low risk,"<p>Quote: ""Participants were randomly assigned to either control or intervention group with a 1:1 allocation as per a computer generated list of random numbers. The participants were enrolled and evaluated by enclosing their data into opaque, sealed envelopes. The computer generated the allocation sequence and a researcher with no clinical involvement in the trial prepared the envelopes.""<br>Baseline characteristics Main paper table 2 do not show any differences and appear compatible.</p>",,,,,,,,,,
Scala 2018,Clinical measurements: diastolic blood pressure End of study,Arm level,,Low risk,"<p>Quote: ""Participants were randomly assigned to either control or intervention group with a 1:1 allocation as per a computer generated list of random numbers. The participants were enrolled and evaluated by enclosing their data into opaque, sealed envelopes. The computer generated the allocation sequence and a researcher with no clinical involvement in the trial prepared the envelopes.""<br>Baseline characteristics Main paper table 2 do not show any differences and appear compatible.</p>",Low risk,"<p>Quote: ""Given the nature of the study design, it was impossible for the pharmacist to be blinded to the group assignment.""<br>Comments: This study did not provide information that the deviations from the intended intervention.<br>Comments: As the number of all cases is given in the Analysis in Fig 1, we judged it to be ITT.</p>",Low risk,"<p>Comments: According to Fig. 1, outcomes data were available for all participants.</p>",Low risk,"<p>Comments: DBP is an objective indicator and is not subject to the assessor's subjectivity.<br>Comments: Same time and frequency of measurements.<br>Comments: The outcome assessor and analyst do not necessarily coincide, and it is not stated whether the assessor who carried out the blood pressure measurement was blinded.<br>Comments: Blood pressure is an objective indicator.&nbsp;</p>",Some concerns,"<p>Comment: The protocol could not be found.<br>Comments: Assessment is difficult because protocols cannot be found. There is no protocol for the timing of blood pressure measurements, so there may be other measurement times. However, it is common to use SBP and DBP as an outcome for hypertension.<br>Comments: Univariate analysis only, but no prior protocol.</p>",Some concerns,"<p>The overall risk of bias was assessed as some concerns, primarily due to issues related to bias in the selection of the reported result (Domain 5), while the remaining domains were judged to be at low risk of bias.</p>"
Scala 2018,Clinical measurements: systolic blood pressure,Arm level,,Low risk,"<p>Quote: ""Participants were randomly assigned to either control or intervention group with a 1:1 allocation as per a computer generated list of random numbers. The participants were enrolled and evaluated by enclosing their data into opaque, sealed envelopes. The computer generated the allocation sequence and a researcher with no clinical involvement in the trial prepared the envelopes.""<br>Baseline characteristics Main paper table 2 do not show any differences and appear compatible.</p>",,,,,,,,,,
Scala 2018,Clinical measurements: systolic blood pressure End of study,Arm level,,Low risk,"<p>Quote: ""Participants were randomly assigned to either control or intervention group with a 1:1 allocation as per a computer generated list of random numbers. The participants were enrolled and evaluated by enclosing their data into opaque, sealed envelopes. The computer generated the allocation sequence and a researcher with no clinical involvement in the trial prepared the envelopes.""<br>Baseline characteristics Main paper table 2 do not show any differences and appear compatible.</p>",Low risk,"<p>Quote: ""Given the nature of the study design, it was impossible for the pharmacist to be blinded to the group assignment.""<br>Comments: This study did not provide information about the deviations from the intended intervention.&nbsp;<br>Comments: As the number of all cases is given in the Analysis in Fig. 1, we judged it to be ITT.</p>",Low risk,"<p>Comments: According to Fig. 1, outcome data was available for all participants.</p>",Low risk,"<p>Comments: SBP is an objective indicator and is not subject to the assessor's subjectivity.<br>Comments: Same time and frequency of measurements.<br>Comments: The outcome assessor and analyst do not necessarily coincide, and it is not stated whether the assessor who carried out the blood pressure measurement was blinded.<br>Comments: Blood pressure is an objective indicator.&nbsp;</p>",Some concerns,"<p>Comment: The protocol could not be found.<br>Comments: Assessment is difficult because protocols cannot be found. There is no protocol for the timing of blood pressure measurements, so there may be other measurement times. However, it is common to use SBP and DBP as an outcome for hypertension.<br>Comments: Univariate analysis only, but no prior protocol.</p>",Some concerns,"<p>The overall risk of bias was judged to be of some concerns, due to some concerns identified in Domain 5 (bias in selection of the reported result), while all other domains were judged to be at low risk of bias.</p>"
Shdaifat 2022,Clinical measurements: asthma control,Arm level,,Some concerns,"<p>Quote: ""Eligible patients were randomly assigned, using simple randomization software provided by the GraphPad calculator, to two groups.""<br>Comments: See Table 1.</p>",,,,,,,,,,
Shdaifat 2022,Clinical measurements: asthma control End of study,Arm level,,Some concerns,"<p>Quote: ""Eligible patients were randomly assigned, using simple randomization software provided by the GraphPad calculator, to two groups.""<br>Comments: See Table 1.</p>",Some concerns,"<p>Comments: No mention of blinds. Due to the nature of the study, it is likely that the interventionists know which group they are in.<br>Comments: This study did not provide information about the deviations from the intended intervention. It is also unclear whether the participants felt ""clearly"" better about the intervention group (while they thought the intervention was better, they may have been bothered by the many interventions), and there were not ""clearly"" more drop-outs in the control group.<br>Comments: The number of people listed for analysis in Table 3 is less than the assignment in Fig. 1. There is no mention of missing value completion. The analysis was performed as per protocol.<br>Comments: No difference between the two groups, even with dropouts.</p>",Some concerns,<p>Comments: Number of people excluded from analysis is more than 5% after randomisation<br>Comments: No description of missing value completion. Univariate analysis only. No sensitivity analysis.<br>Comments: Non-adherence with intervention. The reasons for missing measurements in both groups are similar.</p>,High risk,<p>Comments: The measurement points are fixed. Indicators used worldwide.<br>Comments: The same measurements are used for all participants.&nbsp;<br>Comments: the assessors know which patients are being intervened with because of the nature of the study.　 The assessor is not blinded.<br>Comments: self-reported checklist. But assensers were not blinded.&nbsp;</p>,High risk,"<p>Comments: There is no protocol, it is not pre-designed.<br>Comments: There is no protocol, it is not pre-designed, and there are many asthma control indicators in the world. Results were presented at the same measurement time as other outcomes.<br>Comments: Univariate analysis only, but no prior protocol.</p>",High risk,"<p>The overall risk of bias was judged to be high.<br>Some concerns were identified in the randomisation process, intervention adherence, and the management of missing data. There was a high risk of bias in outcome measurement due to unblinded assessment and the use of subjective measures. High risk was also noted in the selection of the reported result and in the appropriateness of the analysis. Taken together, these issues led to a judgment of high overall risk.</p>"
Shdaifat 2022,Patients’ quality of life,Arm level,,Some concerns,"<p>Quote: ""Eligible patients were randomly assigned, using simple randomization software provided by the GraphPad calculator, to two groups.""<br>Comments: See Table 1.</p>",,,,,,,,,,
Shdaifat 2022,Patients’ quality of life End of study,Arm level,,Some concerns,"<p>Quote: ""Eligible patients were randomly assigned, using simple randomization software provided by the GraphPad calculator, to two groups.""<br>Comments: See Table 1.</p>",Some concerns,"<p>Comments: No mention of blinds. Due to the nature of the study, it is likely that the interventionists know which group they are in.<br>Comments: This study did not provide information about the deviations from the intended intervention. It is also unclear whether the participants felt ""clearly"" better about the intervention group (while they thought the intervention was better, they may have been bothered by the many interventions), and there were not ""clearly"" more drop-outs in the control group.<br>Comments: The number of people listed for analysis in Table 3 is less than the assignment in Fig. 1. There is no mention of missing value completion. The analysis was performed as per protocol.<br>Comments: No difference between the two groups, even with dropouts.</p>",Some concerns,<p>Comments: Number of people excluded from analysis is more than 5% after randomisation<br>Comments: No description of missing value completion. Univariate analysis only. No sensitivity analysis.<br>Comments: Non-adherence with intervention. The reasons for missing measurements in both groups are similar.</p>,High risk,<p>Comments: The measurement points are fixed. Indicators used worldwide.<br>Comments: The same measurements are used for all participants.&nbsp;<br>Comments: the assessors know which patients are being intervened with because of the nature of the study.　 The assessor is not blinded.<br>Comments: self-reported checklist. But assensers were not blinded.&nbsp;</p>,High risk,"<p>Comments: There is no protocol, it is not pre-designed.<br>Comments: There is no protocol, it is not pre-designed, and there are many QOL indicators in the world. Results were presented at the end of the study only.<br>Comments: Univariate analysis only, but no prior protocol.</p>",High risk,"<p>The overall risk of bias was judged to be high.<br>While the randomisation, deviations from intended interventions, and missing data domains raised some concerns, outcome measurement, reporting, and analysis were judged to be at high risk of bias. In particular, the lack of blinding and reliance on subjective outcomes, along with inconsistencies between reported and planned analyses, contributed substantially to the risk. These combined factors justified the high overall risk rating.</p>"
Shdaifat 2022,Utilisation frequency of healthcare services: emergency department visits,Arm level,,Some concerns,"<p>Quote: ""Eligible patients were randomly assigned, using simple randomization software provided by the GraphPad calculator, to two groups.""<br>Comments: See Table 1.</p>",,,,,,,,,,
Shdaifat 2022,Utilisation frequency of healthcare services: emergency department visits End of study,Arm level,,Some concerns,"<p>Quote: ""Eligible patients were randomly assigned, using simple randomization software provided by the GraphPad calculator, to two groups.""<br>Comments: See Table 1.</p>",Some concerns,"<p>Comments: No mention of blinds. Due to the nature of the study, it is likely that the interventionists know which group they are in.<br>Comments: This study did not provide information about the deviations from the intended intervention. It is also unclear whether the participants felt ""clearly"" better about the intervention group (while they thought the intervention was better, they may have been bothered by the many interventions), and there were not ""clearly"" more drop-outs in the control group.<br>Comments: The number of people listed for analysis in Table 3 is less than the assignment in Fig. 1. There is no mention of missing value completion. The analysis was performed as per protocol.<br>Comments: No difference between the two groups, even with dropouts.</p>",Some concerns,<p>Comments: Number of people excluded from analysis is more than 5% after randomisation<br>Comments: No description of missing value completion. Univariate analysis only. No sensitivity analysis.<br>Comments: Non-adherence with intervention. Non-adherence to scheduled clinic visits. The reasons for missing measurements in both groups are similar.</p>,Low risk,<p>Comments: ED visits are assessed without subjective judgment<br>Comments: The same measurements are used for all participants.&nbsp;<br>Comments: The assessor is not blinded.<br>Comments: ED visits are assessed without subjective judgment.</p>,High risk,"<p>Comments: There is no protocol, it is not pre-designed.<br>Comments: There is no protocol, it is not pre-designed, and there are many indicators of utilisation frequency of healthcare services in the world. Results were presented at the end of the study only.<br>Comments: Univariate analysis only, but no prior protocol.</p>",High risk,"<p>The overall risk of bias was judged to be high.<br>The study presented some methodological concerns in the areas of randomisation, protocol adherence, and incomplete outcome data. More serious risks were identified in outcome assessment, reporting transparency, and analytical methods. Due to the presence of high risk in multiple critical domains, the cumulative potential for bias was considered substantial.</p>"
Shdaifat 2022,Worsening of NCDs,Arm level,,Some concerns,"<p>Quote: ""Eligible patients were randomly assigned, using simple randomization software provided by the GraphPad calculator, to two groups.""<br>Comments: See Table 1.</p>",,,,,,,,,,
Shdaifat 2022,Worsening of NCDs End of study,Arm level,,Some concerns,"<p>Quote: ""Eligible patients were randomly assigned, using simple randomization software provided by the GraphPad calculator, to two groups.""<br>Comments: See Table 1.</p>",Some concerns,"<p>Comments: No mention of blinds. Due to the nature of the study, it is likely that the interventionists know which group they are in.<br>Comments: This study did not provide information about the deviations from the intended intervention. It is also unclear whether the participants felt ""clearly"" better about the intervention group (while they thought the intervention was better, they may have been bothered by the many interventions), and there were not ""clearly"" more drop-outs in the control group.<br>Comments: The number of people listed for analysis in Table 3 is less than the assignment in Fig. 1. There is no mention of missing value completion. The analysis was performed as per protocol.<br>Comments: No difference between the two groups, even with dropouts.</p>",Some concerns,<p>Comments: Number of people excluded from analysis is more than 5% after randomisation<br>Comments: No description of missing value completion. Univariate analysis only. No sensitivity analysis.<br>Comments: Non-adherence with intervention. The reasons for missing measurements in both groups are similar.</p>,High risk,"<p>Comments: Monthly objective data.<br>Quote: ""The following measures were tracked monthly as indicators of asthma exacerbation: emergency department (ED) visits, hospital admissions, unscheduled private clinic visits, and steroid burst requirement. Additionally, other measures that were recorded on a monthly basis included short-acting beta agonist (SABA) nebulization, average daily SABA puffs used, IDAT, and C-ACT.""<br>Comments: Monthly objective data.<br>Comments: No mention of blinds. Due to the nature of the study, it is likely that the interventionists know which group they are in.<br>Comments: Included self-reported checklist.</p>",High risk,"<p>Comments: There is no protocol, it is not pre-designed.<br>Comments: There is no protocol, it is not pre-designed, and there are many indicators of exacerbation of diseases in the world.<br>Comments: Univariate analysis only, but no prior protocol.</p>",High risk,"<p>The overall risk of bias was judged to be high.<br>This judgment was primarily driven by a high risk of bias due to deviations from intended interventions and in the measurement of the outcome. In addition, there were some concerns regarding the randomization process, missing outcome data, and selection of the reported result.</p>"
Sudas Na Ayutthaya 2018,Clinical measurements: thromboembolic events End of study,Arm level,,Low risk,"<p>Quote: ""A random allocation sequence was created using a computer generated random number table. Random numbers were subsequently put into opaque envelope and sealed.""<br>Comments: This study showed that baseline characteristics were not different between the two groups.&nbsp;</p>",Low risk,"<p>Quote: ""During the recruitment phase, information about newly enrolled participants was sent to the principal investigator to assign participants to an intervention.""<br>Comments: This study did not provide information about the deviations from the intended intervention.&nbsp;<br>Quote: ""All statistical analyses were performed using SPSS, version 17.0; SPSS Inc.; Chicago, IL).""</p>",Some concerns,"<p>Quote: ""A total of two, out of fifty, participants did not complete the study. One participant from the telephone follow-up group no longer required warfarin due to an improvement in indicated condition (deep vein thrombosis), while one individual from usual care group died (Figure 1).""<br>Comments: Although the statistical analysis reported, this study did not provide information that the result was not biased by missing outcome data.&nbsp;<br>Comments: Authors reported both the number of participants and reasons for missing outcome data.&nbsp;</p>",High risk,"<p>Quote: ""Warfarin clinic records were the source of data on outcomes of interest. At each clinic visit, patients were asked to report complications/adverse events such as bleeding and thrombosis. Pharmacists at the warfarin clinic then checked for signs and symptoms of reported safety outcomes. Participants were also asked to report any emergency room visits or hospitalization, which was subsequently confrmed with hospital records.""<br>Comments: The same measurements are used for all participants.&nbsp;<br>Quote: ""During the recruitment phase, information about newly enrolled participants was sent to the principal investigator to assign participants to an intervention.""<br>Comments: This is included patients' self-reported.</p>",High risk,<p>Comments: This study did not provide information about the pre-specified analysis plan.&nbsp;<br>Comments: I can not see the terms of clinical measurements such as thromboembolic events in the study registration (TCTR ID : TCTR20180614006).<br>Comments: I can not see the terms of clinical measurements such as thromboembolic events in the study registration (TCTR ID : TCTR20180614006).<br>Comments: This study did not analyse multiple eligible data.&nbsp;</p>,High risk,"<p>The overall risk of bias was judged to be high.<br>While the randomisation process and adherence to the assigned interventions were assessed as low risk, there were some concerns regarding missing outcome data. The risk of bias due to outcome measurement and selection of the reported result was considered substantial, mainly because outcome assessors were unblinded and there was evidence of selective reporting. These critical limitations led to a high overall risk of bias.</p>"
Sudas Na Ayutthaya 2018,Drug-related problems_dichotomous End of study,Arm level,,Low risk,"<p>Quote: ""A random allocation sequence was created using a computer generated random number table. Random numbers were subsequently put into opaque envelope and sealed.""<br>Comments: This study showed that baseline characteristics were not different between the two groups.&nbsp;</p>",Low risk,"<p>Quote: ""During the recruitment phase, information about newly enrolled participants was sent to the principal investigator to assign participants to an intervention.""<br>Comments: This study did not provide information about the deviations from the intended intervention.&nbsp;<br>Quote: ""All statistical analyses were performed using SPSS, version 17.0; SPSS Inc.; Chicago, IL).""&nbsp;<br>Comments: See Fig. 1. Documentation did not describe ITT or not.</p>",Low risk,"<p>Quote: ""A total of two, out of fifty, participants did not complete the study. One participant from the telephone follow-up group no longer required warfarin due to an improvement in indicated condition (deep vein thrombosis), while one individual from usual care group died (Figure 1).""</p>",Low risk,"<p>Quote: ""Warfarin clinic records were the source of data on outcomes of interest. At each clinic visit, patients were asked to report complications/adverse events such as bleeding and thrombosis. Pharmacists at the warfarin clinic then checked for signs and symptoms of reported safety outcomes. Participants were also asked to report any emergency room visits or hospitalization, which was subsequently confirmed with hospital records.""<br>Comments: The same measurements are used for all participants.&nbsp;<br>Quote: ""During the recruitment phase, information about newly enrolled participants was sent to the principal investigator to assign participants to an intervention.""<br>Comments: Warfarin-related hospital admission and bleeding events might be an objective assessment rather than subjective. But this is included patients' self-reported.</p>",High risk,"<p>Comments: this study did not provide information about the pre-specified analysis plan.&nbsp;<br>Comments: The trial is registered with TCTR20180614006 (Tai Clinical Trials Registry)so this outcome assessed the outcomes of this study. In the full paper, these outcomes were measured as bleeding events (major, minor), thromboembolic events and warfarin-related hospital admission.&nbsp;<br>Comments: This study analysed multiple eligible data.&nbsp;</p>",High risk,"<p>The overall risk of bias was judged to be high.<br>The study was at low risk of bias across the domains related to the randomisation process, deviations from intended interventions, missing outcome data, and outcome measurement. However, a high risk of bias was identified in the domain of selection of the reported result (Domain 5), due to evidence of selective reporting and discrepancies between the protocol and published outcomes. Given the critical nature of this issue, the overall risk of bias was rated as high.</p>"
Sudas Na Ayutthaya 2018,Laboratory values: INR values in range End of study,Arm level,,Low risk,"<p>Quote: ""A random allocation sequence was created using a computer generated random number table. Random numbers were subsequently put into opaque envelope and sealed.""<br>Comments: This study showed that baseline characteristics were not different between the two groups.&nbsp;</p>",Low risk,"<p>Quote: ""During the recruitment phase, information about newly enrolled participants was sent to the principal investigator to assign participants to an intervention.""<br>Comments: This study did not provide information about the deviations from the intended intervention.&nbsp;<br>Quote: ""All statistical analyses were performed using SPSS, version 17.0; SPSS Inc.; Chicago, IL).""</p>",Some concerns,"<p>Quote: ""A total of two, out of fifty, participants did not complete the study. One participant from the telephone follow-up group no longer required warfarin due to an improvement in indicated condition (deep vein thrombosis), while one individual from usual care group died (Figure 1).""<br>Comments: Although the statistical analysis reported, this study did not provide information that the result was not biased by missing outcome data.&nbsp;<br>Comments: Authors reported both the number of participants and reasons for missing outcome data.&nbsp;</p>",Low risk,"<p>Quote: ""All INR testing was performed with ACL TOP 300 CTS machine, which was calibrated by technicians from the instrument’s company every month.""<br>Comments: The same measurements are used for all participants.&nbsp;<br>Quote: ""During the recruitment phase, information about newly enrolled participants was sent to the principal investigator to assign participants to an intervention.""<br>Comments: INR is common in laboratory tests.</p>",High risk,<p>Comments: This study did not provide information about the pre-specified analysis plan.&nbsp;<br>Comments: The trial is registered with TCTR20180614006 (Tai Clinical Trials Registry)so this outcome assessed the outcomes of this study.&nbsp;<br>Comments: This study did not analyse multiple eligible data.&nbsp;</p>,High risk,"<p>The overall risk of bias was judged to be high.<br>While the randomisation process, adherence to interventions, and outcome measurement were at low risk of bias, there were some concerns related to missing outcome data. Importantly, the risk of bias due to selection of the reported result was high, reflecting potential selective reporting. Considering the critical impact of this domain on the validity of findings, the overall risk of bias was determined to be high.</p>"
Sudas Na Ayutthaya 2018,Utilisation frequency of healthcare services: admissions_dichotomous End of study,Arm level,,Low risk,"<p>Quote: ""A random allocation sequence was created using a computer generated random number table. Random numbers were subsequently put into opaque envelope and sealed.""<br>Comments: This study showed that baseline characteristics were not different between the two groups.&nbsp;</p>",Low risk,"<p>Quote: ""During the recruitment phase, information about newly enrolled participants was sent to the principal investigator to assign participants to an intervention.""<br>Comments: This study did not provide information about the deviations from the intended intervention.&nbsp;<br>Quote: ""All statistical analyses were performed using SPSS, version 17.0; SPSS Inc.; Chicago, IL).""</p>",Some concerns,"<p>Quote: ""A total of two, out of fifty, participants did not complete the study. One participant from the telephone follow-up group no longer required warfarin due to an improvement in indicated condition (deep vein thrombosis), while one individual from usual care group died (Figure 1).""<br>Comments: Although the statistical analysis reported, this study did not provide information that the result was not biased by missing outcome data.&nbsp;<br>Comments: Authors reported both the number of participants and reasons for missing outcome data.&nbsp;</p>",High risk,"<p>Quote: ""Warfarin clinic records were the source of data on outcomes of interest. At each clinic visit, patients were asked to report complications/adverse events such as bleeding and thrombosis. Pharmacists at the warfarin clinic then checked for signs and symptoms of reported safety outcomes. Participants were also asked to report any emergency room visits or hospitalization, which was subsequently confirmed with hospital records.""<br>Comments: These measurements have not differed between intervention and control groups.&nbsp;<br>Quote: ""During the recruitment phase, information about newly enrolled participants was sent to the principal investigator to assign participants to an intervention.""<br>Comments: Warfarin-related hospital admission and bleeding events might be an objective assessment rather than subjective. But this is included patients' self-reported.</p>",High risk,<p>Comments: I cannot see the terms of clinical measurements such as warfarin-related hospital admission in the study registration (TCTR ID : TCTR20180614006).<br>Comments: I cannot see the terms of clinical measurements such as warfarin-related hospital admission in the study registration (TCTR ID : TCTR20180614006).<br>Comments: I cannot see the terms of clinical measurements such as warfarin-related hospital admission in the study registration (TCTR ID : TCTR20180614006). This study did not analyse multiple eligible data.&nbsp;</p>,High risk,"<p>The overall risk of bias was judged to be high.<br>While the randomisation process and adherence to interventions were considered low risk, there were some concerns about missing outcome data. The risk of bias was high for both outcome measurement and selection of the reported result, primarily due to lack of blinding and deviations from the pre-specified analysis plan. These critical issues led to a high overall risk of bias.</p>"
Young 2012,Clinical measurements: asthma control,Arm level,,,,,,,,,,,,,
Young 2012,Medication adherence,Arm level,,,,,,,,,,,,,
