review_group	review_pdf	review_id	analysis_id	comparison_id	comparison_role	parent_comparison_id	comparison	comparison_label_clean	comparison_label_canonical	outcome	effect_measure	data_type	study_order	study_label_raw	matched_reference_block_label	reference_block_match_status	study_has_pubmed	study_has_pmc	study_matched_pmids	study_pmcids	arm1_label	arm1_events	arm1_total	arm1_mean	arm1_sd	arm2_label	arm2_events	arm2_total	arm2_mean	arm2_sd	weight	effect	ci_lower	ci_upper	row_result_status	row_extraction_status	row_extraction_notes	source_excerpt
first_pass	Cochrane_reviews/first_pass/CD004508_early_feeding_gyn_surgery.pdf	CD004508_early_feeding_gyn_surgery	1.1	1	main_comparison	.	Early versus delayed oral fluids and food after major abdominal gynaecologic surgery	Early versus delayed oral fluids and food after major abdominal gynaecologic surgery	early versus delayed oral fluids food after major abdominal gynaecologic surgery	Postoperative ileus	Risk Ratio	dichotomous	1	MacMillan 2000	MacMillan 2000	matched_reference_block	yes	no	11004367	.	Early	2	67	.	.	Delayed	4	72	.	.	26.3	0.54	0.10	2.84	estimable	extracted	.	Analysis 1.1. Comparison 1: Early versus delayed oral fluids and food after major abdominal gynaecologic surgery, Outcome 1: Postoperative ileus Study or Subgroup MacMillan 2000 Minig 2009a Minig 2009b Steed 2002 Total (95% CI) Total events: Heterogeneity: Chi² = 0.48, df = 2 (P = 0.79); I² = 0% Test for overall effect: Z = 1.63 (P = 0.10) Test for subgroup differences: Not applicableEarly Events 2 0 1 4 7Total 67 18 71 47 203Delayed Events 4 0 4 7 15Total 72 22 72 49 215Weight 26.3% 27.1% 46.7% 100.0%Risk Ratio M-H, Fixed, 95% CI 0.54 [0.10, 2.84] Not estimable 0.25 [0.03, 2.21] 0.60 [0.19, 1.90] 0.49 [0.21, 1.16]Risk Ratio M-H, Fixed, 95% CI 0.01 0.1 1 10 100 Favours early Favours delayedRisk of Bias A + + + +B ? + + -C - - - -D - ? ? +E + + + +F ? + + ? Risk of bias legend (A) Random sequence generation (selection bias) (B) Allocation concealment (selection bias) (C) Blinding of part...
first_pass	Cochrane_reviews/first_pass/CD004508_early_feeding_gyn_surgery.pdf	CD004508_early_feeding_gyn_surgery	1.1	1	main_comparison	.	Early versus delayed oral fluids and food after major abdominal gynaecologic surgery	Early versus delayed oral fluids and food after major abdominal gynaecologic surgery	early versus delayed oral fluids food after major abdominal gynaecologic surgery	Postoperative ileus	Risk Ratio	dichotomous	2	Minig 2009a	Minig 2009a	matched_reference_block	yes	no	19330379	.	Early	0	18	.	.	Delayed	0	22	.	.	.	.	.	.	not_estimable	partial	.	Analysis 1.1. Comparison 1: Early versus delayed oral fluids and food after major abdominal gynaecologic surgery, Outcome 1: Postoperative ileus Study or Subgroup MacMillan 2000 Minig 2009a Minig 2009b Steed 2002 Total (95% CI) Total events: Heterogeneity: Chi² = 0.48, df = 2 (P = 0.79); I² = 0% Test for overall effect: Z = 1.63 (P = 0.10) Test for subgroup differences: Not applicableEarly Events 2 0 1 4 7Total 67 18 71 47 203Delayed Events 4 0 4 7 15Total 72 22 72 49 215Weight 26.3% 27.1% 46.7% 100.0%Risk Ratio M-H, Fixed, 95% CI 0.54 [0.10, 2.84] Not estimable 0.25 [0.03, 2.21] 0.60 [0.19, 1.90] 0.49 [0.21, 1.16]Risk Ratio M-H, Fixed, 95% CI 0.01 0.1 1 10 100 Favours early Favours delayedRisk of Bias A + + + +B ? + + -C - - - -D - ? ? +E + + + +F ? + + ? Risk of bias legend (A) Random sequence generation (selection bias) (B) Allocation concealment (selection bias) (C) Blinding of part...
first_pass	Cochrane_reviews/first_pass/CD004508_early_feeding_gyn_surgery.pdf	CD004508_early_feeding_gyn_surgery	1.1	1	main_comparison	.	Early versus delayed oral fluids and food after major abdominal gynaecologic surgery	Early versus delayed oral fluids and food after major abdominal gynaecologic surgery	early versus delayed oral fluids food after major abdominal gynaecologic surgery	Postoperative ileus	Risk Ratio	dichotomous	3	Minig 2009b	Minig 2009b	matched_reference_block	yes	no	19760046	.	Early	1	71	.	.	Delayed	4	72	.	.	27.1	0.25	0.03	2.21	estimable	extracted	.	Analysis 1.1. Comparison 1: Early versus delayed oral fluids and food after major abdominal gynaecologic surgery, Outcome 1: Postoperative ileus Study or Subgroup MacMillan 2000 Minig 2009a Minig 2009b Steed 2002 Total (95% CI) Total events: Heterogeneity: Chi² = 0.48, df = 2 (P = 0.79); I² = 0% Test for overall effect: Z = 1.63 (P = 0.10) Test for subgroup differences: Not applicableEarly Events 2 0 1 4 7Total 67 18 71 47 203Delayed Events 4 0 4 7 15Total 72 22 72 49 215Weight 26.3% 27.1% 46.7% 100.0%Risk Ratio M-H, Fixed, 95% CI 0.54 [0.10, 2.84] Not estimable 0.25 [0.03, 2.21] 0.60 [0.19, 1.90] 0.49 [0.21, 1.16]Risk Ratio M-H, Fixed, 95% CI 0.01 0.1 1 10 100 Favours early Favours delayedRisk of Bias A + + + +B ? + + -C - - - -D - ? ? +E + + + +F ? + + ? Risk of bias legend (A) Random sequence generation (selection bias) (B) Allocation concealment (selection bias) (C) Blinding of part...
first_pass	Cochrane_reviews/first_pass/CD004508_early_feeding_gyn_surgery.pdf	CD004508_early_feeding_gyn_surgery	1.1	1	main_comparison	.	Early versus delayed oral fluids and food after major abdominal gynaecologic surgery	Early versus delayed oral fluids and food after major abdominal gynaecologic surgery	early versus delayed oral fluids food after major abdominal gynaecologic surgery	Postoperative ileus	Risk Ratio	dichotomous	4	Steed 2002	Steed 2002	matched_reference_block	yes	no	12015496	.	Early	4	47	.	.	Delayed	7	49	.	.	46.7	0.60	0.19	1.90	estimable	extracted	.	Analysis 1.1. Comparison 1: Early versus delayed oral fluids and food after major abdominal gynaecologic surgery, Outcome 1: Postoperative ileus Study or Subgroup MacMillan 2000 Minig 2009a Minig 2009b Steed 2002 Total (95% CI) Total events: Heterogeneity: Chi² = 0.48, df = 2 (P = 0.79); I² = 0% Test for overall effect: Z = 1.63 (P = 0.10) Test for subgroup differences: Not applicableEarly Events 2 0 1 4 7Total 67 18 71 47 203Delayed Events 4 0 4 7 15Total 72 22 72 49 215Weight 26.3% 27.1% 46.7% 100.0%Risk Ratio M-H, Fixed, 95% CI 0.54 [0.10, 2.84] Not estimable 0.25 [0.03, 2.21] 0.60 [0.19, 1.90] 0.49 [0.21, 1.16]Risk Ratio M-H, Fixed, 95% CI 0.01 0.1 1 10 100 Favours early Favours delayedRisk of Bias A + + + +B ? + + -C - - - -D - ? ? +E + + + +F ? + + ? Risk of bias legend (A) Random sequence generation (selection bias) (B) Allocation concealment (selection bias) (C) Blinding of part...
first_pass	Cochrane_reviews/first_pass/CD004508_early_feeding_gyn_surgery.pdf	CD004508_early_feeding_gyn_surgery	1.2	1	main_comparison	.	Early versus delayed oral fluids and food after major abdominal gynaecologic surgery	Early versus delayed oral fluids and food after major abdominal gynaecologic surgery	early versus delayed oral fluids food after major abdominal gynaecologic surgery	Nausea or vomiting, or both (random-effects model)	Risk Ratio	dichotomous	1	Amatyakul 2001	Amatyakul 2001	matched_reference_block	no	no	.	.	Early	4	53	.	.	Delayed	7	53	.	.	6.8	0.57	0.18	1.84	estimable	extracted	.	Analysis 1.2. Comparison 1: Early versus delayed oral fluids and food after major abdominal gynaecologic surgery, Outcome 2: Nausea or vomiting, or both (random-effects model) Study or Subgroup Amatyakul 2001 Balayla 2015 MacMillan 2000 Minig 2009a Minig 2009b Pearl 1998 Total (95% CI) Total events: Heterogeneity: Tau² = 0.12; Chi² = 14.99, df = 5 (P = 0.01); I² = 67% Test for overall effect: Z = 0.35 (P = 0.73) Test for subgroup differences: Not applicableEarly Events 4 24 14 10 31 45 128Total 53 61 67 18 71 92 362Delayed Events 7 23 26 12 40 29 137Total 53 58 72 22 72 103 380Weight 6.8% 18.8% 16.0% 15.9% 21.7% 20.7% 100.0%Risk Ratio M-H, Random, 95% CI 0.57 [0.18, 1.84] 0.99 [0.64, 1.55] 0.58 [0.33, 1.01] 1.02 [0.58, 1.79] 0.79 [0.56, 1.10] 1.74 [1.20, 2.52] 0.94 [0.66, 1.33]Risk Ratio M-H, Random, 95% CI 0.001 0.1 1 10 1000 Favours early Favours delayedRisk of Bias A + + + + + +B + +...
first_pass	Cochrane_reviews/first_pass/CD004508_early_feeding_gyn_surgery.pdf	CD004508_early_feeding_gyn_surgery	1.2	1	main_comparison	.	Early versus delayed oral fluids and food after major abdominal gynaecologic surgery	Early versus delayed oral fluids and food after major abdominal gynaecologic surgery	early versus delayed oral fluids food after major abdominal gynaecologic surgery	Nausea or vomiting, or both (random-effects model)	Risk Ratio	dichotomous	2	Balayla 2015	Balayla 2015	matched_reference_block	no	no	.	.	Early	24	61	.	.	Delayed	23	58	.	.	18.8	0.99	0.64	1.55	estimable	extracted	.	Analysis 1.2. Comparison 1: Early versus delayed oral fluids and food after major abdominal gynaecologic surgery, Outcome 2: Nausea or vomiting, or both (random-effects model) Study or Subgroup Amatyakul 2001 Balayla 2015 MacMillan 2000 Minig 2009a Minig 2009b Pearl 1998 Total (95% CI) Total events: Heterogeneity: Tau² = 0.12; Chi² = 14.99, df = 5 (P = 0.01); I² = 67% Test for overall effect: Z = 0.35 (P = 0.73) Test for subgroup differences: Not applicableEarly Events 4 24 14 10 31 45 128Total 53 61 67 18 71 92 362Delayed Events 7 23 26 12 40 29 137Total 53 58 72 22 72 103 380Weight 6.8% 18.8% 16.0% 15.9% 21.7% 20.7% 100.0%Risk Ratio M-H, Random, 95% CI 0.57 [0.18, 1.84] 0.99 [0.64, 1.55] 0.58 [0.33, 1.01] 1.02 [0.58, 1.79] 0.79 [0.56, 1.10] 1.74 [1.20, 2.52] 0.94 [0.66, 1.33]Risk Ratio M-H, Random, 95% CI 0.001 0.1 1 10 1000 Favours early Favours delayedRisk of Bias A + + + + + +B + +...
first_pass	Cochrane_reviews/first_pass/CD004508_early_feeding_gyn_surgery.pdf	CD004508_early_feeding_gyn_surgery	1.2	1	main_comparison	.	Early versus delayed oral fluids and food after major abdominal gynaecologic surgery	Early versus delayed oral fluids and food after major abdominal gynaecologic surgery	early versus delayed oral fluids food after major abdominal gynaecologic surgery	Nausea or vomiting, or both (random-effects model)	Risk Ratio	dichotomous	3	MacMillan 2000	MacMillan 2000	matched_reference_block	yes	no	11004367	.	Early	14	67	.	.	Delayed	26	72	.	.	16.0	0.58	0.33	1.01	estimable	extracted	.	Analysis 1.2. Comparison 1: Early versus delayed oral fluids and food after major abdominal gynaecologic surgery, Outcome 2: Nausea or vomiting, or both (random-effects model) Study or Subgroup Amatyakul 2001 Balayla 2015 MacMillan 2000 Minig 2009a Minig 2009b Pearl 1998 Total (95% CI) Total events: Heterogeneity: Tau² = 0.12; Chi² = 14.99, df = 5 (P = 0.01); I² = 67% Test for overall effect: Z = 0.35 (P = 0.73) Test for subgroup differences: Not applicableEarly Events 4 24 14 10 31 45 128Total 53 61 67 18 71 92 362Delayed Events 7 23 26 12 40 29 137Total 53 58 72 22 72 103 380Weight 6.8% 18.8% 16.0% 15.9% 21.7% 20.7% 100.0%Risk Ratio M-H, Random, 95% CI 0.57 [0.18, 1.84] 0.99 [0.64, 1.55] 0.58 [0.33, 1.01] 1.02 [0.58, 1.79] 0.79 [0.56, 1.10] 1.74 [1.20, 2.52] 0.94 [0.66, 1.33]Risk Ratio M-H, Random, 95% CI 0.001 0.1 1 10 1000 Favours early Favours delayedRisk of Bias A + + + + + +B + +...
first_pass	Cochrane_reviews/first_pass/CD004508_early_feeding_gyn_surgery.pdf	CD004508_early_feeding_gyn_surgery	1.2	1	main_comparison	.	Early versus delayed oral fluids and food after major abdominal gynaecologic surgery	Early versus delayed oral fluids and food after major abdominal gynaecologic surgery	early versus delayed oral fluids food after major abdominal gynaecologic surgery	Nausea or vomiting, or both (random-effects model)	Risk Ratio	dichotomous	4	Minig 2009a	Minig 2009a	matched_reference_block	yes	no	19330379	.	Early	10	18	.	.	Delayed	12	22	.	.	15.9	1.02	0.58	1.79	estimable	extracted	.	Analysis 1.2. Comparison 1: Early versus delayed oral fluids and food after major abdominal gynaecologic surgery, Outcome 2: Nausea or vomiting, or both (random-effects model) Study or Subgroup Amatyakul 2001 Balayla 2015 MacMillan 2000 Minig 2009a Minig 2009b Pearl 1998 Total (95% CI) Total events: Heterogeneity: Tau² = 0.12; Chi² = 14.99, df = 5 (P = 0.01); I² = 67% Test for overall effect: Z = 0.35 (P = 0.73) Test for subgroup differences: Not applicableEarly Events 4 24 14 10 31 45 128Total 53 61 67 18 71 92 362Delayed Events 7 23 26 12 40 29 137Total 53 58 72 22 72 103 380Weight 6.8% 18.8% 16.0% 15.9% 21.7% 20.7% 100.0%Risk Ratio M-H, Random, 95% CI 0.57 [0.18, 1.84] 0.99 [0.64, 1.55] 0.58 [0.33, 1.01] 1.02 [0.58, 1.79] 0.79 [0.56, 1.10] 1.74 [1.20, 2.52] 0.94 [0.66, 1.33]Risk Ratio M-H, Random, 95% CI 0.001 0.1 1 10 1000 Favours early Favours delayedRisk of Bias A + + + + + +B + +...
first_pass	Cochrane_reviews/first_pass/CD004508_early_feeding_gyn_surgery.pdf	CD004508_early_feeding_gyn_surgery	1.2	1	main_comparison	.	Early versus delayed oral fluids and food after major abdominal gynaecologic surgery	Early versus delayed oral fluids and food after major abdominal gynaecologic surgery	early versus delayed oral fluids food after major abdominal gynaecologic surgery	Nausea or vomiting, or both (random-effects model)	Risk Ratio	dichotomous	5	Minig 2009b	Minig 2009b	matched_reference_block	yes	no	19760046	.	Early	31	71	.	.	Delayed	40	72	.	.	21.7	0.79	0.56	1.10	estimable	extracted	.	Analysis 1.2. Comparison 1: Early versus delayed oral fluids and food after major abdominal gynaecologic surgery, Outcome 2: Nausea or vomiting, or both (random-effects model) Study or Subgroup Amatyakul 2001 Balayla 2015 MacMillan 2000 Minig 2009a Minig 2009b Pearl 1998 Total (95% CI) Total events: Heterogeneity: Tau² = 0.12; Chi² = 14.99, df = 5 (P = 0.01); I² = 67% Test for overall effect: Z = 0.35 (P = 0.73) Test for subgroup differences: Not applicableEarly Events 4 24 14 10 31 45 128Total 53 61 67 18 71 92 362Delayed Events 7 23 26 12 40 29 137Total 53 58 72 22 72 103 380Weight 6.8% 18.8% 16.0% 15.9% 21.7% 20.7% 100.0%Risk Ratio M-H, Random, 95% CI 0.57 [0.18, 1.84] 0.99 [0.64, 1.55] 0.58 [0.33, 1.01] 1.02 [0.58, 1.79] 0.79 [0.56, 1.10] 1.74 [1.20, 2.52] 0.94 [0.66, 1.33]Risk Ratio M-H, Random, 95% CI 0.001 0.1 1 10 1000 Favours early Favours delayedRisk of Bias A + + + + + +B + +...
first_pass	Cochrane_reviews/first_pass/CD004508_early_feeding_gyn_surgery.pdf	CD004508_early_feeding_gyn_surgery	1.2	1	main_comparison	.	Early versus delayed oral fluids and food after major abdominal gynaecologic surgery	Early versus delayed oral fluids and food after major abdominal gynaecologic surgery	early versus delayed oral fluids food after major abdominal gynaecologic surgery	Nausea or vomiting, or both (random-effects model)	Risk Ratio	dichotomous	6	Pearl 1998	Pearl 1998	matched_reference_block	yes	no	9649101	.	Early	45	92	.	.	Delayed	29	103	.	.	20.7	1.74	1.20	2.52	estimable	extracted	.	Analysis 1.2. Comparison 1: Early versus delayed oral fluids and food after major abdominal gynaecologic surgery, Outcome 2: Nausea or vomiting, or both (random-effects model) Study or Subgroup Amatyakul 2001 Balayla 2015 MacMillan 2000 Minig 2009a Minig 2009b Pearl 1998 Total (95% CI) Total events: Heterogeneity: Tau² = 0.12; Chi² = 14.99, df = 5 (P = 0.01); I² = 67% Test for overall effect: Z = 0.35 (P = 0.73) Test for subgroup differences: Not applicableEarly Events 4 24 14 10 31 45 128Total 53 61 67 18 71 92 362Delayed Events 7 23 26 12 40 29 137Total 53 58 72 22 72 103 380Weight 6.8% 18.8% 16.0% 15.9% 21.7% 20.7% 100.0%Risk Ratio M-H, Random, 95% CI 0.57 [0.18, 1.84] 0.99 [0.64, 1.55] 0.58 [0.33, 1.01] 1.02 [0.58, 1.79] 0.79 [0.56, 1.10] 1.74 [1.20, 2.52] 0.94 [0.66, 1.33]Risk Ratio M-H, Random, 95% CI 0.001 0.1 1 10 1000 Favours early Favours delayedRisk of Bias A + + + + + +B + +...
first_pass	Cochrane_reviews/first_pass/CD004508_early_feeding_gyn_surgery.pdf	CD004508_early_feeding_gyn_surgery	1.3	1	main_comparison	.	Early versus delayed oral fluids and food after major abdominal gynaecologic surgery	Early versus delayed oral fluids and food after major abdominal gynaecologic surgery	early versus delayed oral fluids food after major abdominal gynaecologic surgery	Nausea (random-effects model)	Risk Ratio	dichotomous	1	Balayla 2015	Balayla 2015	matched_reference_block	no	no	.	.	Early	5	61	.	.	Delayed	2	58	.	.	19.1	2.38	0.48	11.77	estimable	extracted	.	Analysis 1.3. Comparison 1: Early versus delayed oral fluids and food after major abdominal gynaecologic surgery, Outcome 3: Nausea (random-effects model) Study or Subgroup Balayla 2015 MacMillan 2000 Pearl 1998 Total (95% CI) Total events: Heterogeneity: Tau² = 0.43; Chi² = 7.58, df = 2 (P = 0.02); I² = 74% Test for overall effect: Z = 0.47 (P = 0.64) Test for subgroup differences: Not applicableEarly Events 5 9 40 54Total 61 67 92 220Delayed Events 2 17 25 44Total 58 72 103 233Weight 19.1% 36.7% 44.2% 100.0%Risk Ratio M-H, Random, 95% CI 2.38 [0.48, 11.77] 0.57 [0.27, 1.19] 1.79 [1.19, 2.71] 1.24 [0.51, 3.03]Risk Ratio M-H, Random, 95% CI 0.01 0.1 1 10 100 Favours early Favours delayedRisk of Bias A + + +B + ? +C - - -D ? - ?E + + +F ? ? ? Risk of bias legend (A) Random sequence generation (selection bias) (B) Allocation concealment (selection bias) (C) Blinding of participants and pe...
first_pass	Cochrane_reviews/first_pass/CD004508_early_feeding_gyn_surgery.pdf	CD004508_early_feeding_gyn_surgery	1.3	1	main_comparison	.	Early versus delayed oral fluids and food after major abdominal gynaecologic surgery	Early versus delayed oral fluids and food after major abdominal gynaecologic surgery	early versus delayed oral fluids food after major abdominal gynaecologic surgery	Nausea (random-effects model)	Risk Ratio	dichotomous	2	MacMillan 2000	MacMillan 2000	matched_reference_block	yes	no	11004367	.	Early	9	67	.	.	Delayed	17	72	.	.	36.7	0.57	0.27	1.19	estimable	extracted	.	Analysis 1.3. Comparison 1: Early versus delayed oral fluids and food after major abdominal gynaecologic surgery, Outcome 3: Nausea (random-effects model) Study or Subgroup Balayla 2015 MacMillan 2000 Pearl 1998 Total (95% CI) Total events: Heterogeneity: Tau² = 0.43; Chi² = 7.58, df = 2 (P = 0.02); I² = 74% Test for overall effect: Z = 0.47 (P = 0.64) Test for subgroup differences: Not applicableEarly Events 5 9 40 54Total 61 67 92 220Delayed Events 2 17 25 44Total 58 72 103 233Weight 19.1% 36.7% 44.2% 100.0%Risk Ratio M-H, Random, 95% CI 2.38 [0.48, 11.77] 0.57 [0.27, 1.19] 1.79 [1.19, 2.71] 1.24 [0.51, 3.03]Risk Ratio M-H, Random, 95% CI 0.01 0.1 1 10 100 Favours early Favours delayedRisk of Bias A + + +B + ? +C - - -D ? - ?E + + +F ? ? ? Risk of bias legend (A) Random sequence generation (selection bias) (B) Allocation concealment (selection bias) (C) Blinding of participants and pe...
first_pass	Cochrane_reviews/first_pass/CD004508_early_feeding_gyn_surgery.pdf	CD004508_early_feeding_gyn_surgery	1.3	1	main_comparison	.	Early versus delayed oral fluids and food after major abdominal gynaecologic surgery	Early versus delayed oral fluids and food after major abdominal gynaecologic surgery	early versus delayed oral fluids food after major abdominal gynaecologic surgery	Nausea (random-effects model)	Risk Ratio	dichotomous	3	Pearl 1998	Pearl 1998	matched_reference_block	yes	no	9649101	.	Early	40	92	.	.	Delayed	25	103	.	.	44.2	1.79	1.19	2.71	estimable	extracted	.	Analysis 1.3. Comparison 1: Early versus delayed oral fluids and food after major abdominal gynaecologic surgery, Outcome 3: Nausea (random-effects model) Study or Subgroup Balayla 2015 MacMillan 2000 Pearl 1998 Total (95% CI) Total events: Heterogeneity: Tau² = 0.43; Chi² = 7.58, df = 2 (P = 0.02); I² = 74% Test for overall effect: Z = 0.47 (P = 0.64) Test for subgroup differences: Not applicableEarly Events 5 9 40 54Total 61 67 92 220Delayed Events 2 17 25 44Total 58 72 103 233Weight 19.1% 36.7% 44.2% 100.0%Risk Ratio M-H, Random, 95% CI 2.38 [0.48, 11.77] 0.57 [0.27, 1.19] 1.79 [1.19, 2.71] 1.24 [0.51, 3.03]Risk Ratio M-H, Random, 95% CI 0.01 0.1 1 10 100 Favours early Favours delayedRisk of Bias A + + +B + ? +C - - -D ? - ?E + + +F ? ? ? Risk of bias legend (A) Random sequence generation (selection bias) (B) Allocation concealment (selection bias) (C) Blinding of participants and pe...
first_pass	Cochrane_reviews/first_pass/CD004508_early_feeding_gyn_surgery.pdf	CD004508_early_feeding_gyn_surgery	1.4	1	main_comparison	.	Early versus delayed oral fluids and food after major abdominal gynaecologic surgery	Early versus delayed oral fluids and food after major abdominal gynaecologic surgery	early versus delayed oral fluids food after major abdominal gynaecologic surgery	Vomiting	Risk Ratio	dichotomous	1	Amatyakul 2001	Amatyakul 2001	matched_reference_block	no	no	.	.	Early	4	53	.	.	Delayed	7	53	.	.	20.7	0.57	0.18	1.84	estimable	extracted	.	Analysis 1.4. Comparison 1: Early versus delayed oral fluids and food after major abdominal gynaecologic surgery, Outcome 4: Vomiting Study or Subgroup Amatyakul 2001 Balayla 2015 MacMillan 2000 Pearl 1998 Total (95% CI) Total events: Heterogeneity: Chi² = 1.58, df = 3 (P = 0.66); I² = 0% Test for overall effect: Z = 0.78 (P = 0.43) Test for subgroup differences: Not applicableEarly Events 4 14 5 5 28Total 53 61 67 92 273Delayed Events 7 14 9 4 34Total 53 58 72 103 286Weight 20.7% 42.5% 25.7% 11.2% 100.0%Risk Ratio M-H, Fixed, 95% CI 0.57 [0.18, 1.84] 0.95 [0.50, 1.82] 0.60 [0.21, 1.69] 1.40 [0.39, 5.06] 0.83 [0.52, 1.32]Risk Ratio M-H, Fixed, 95% CI 0.01 0.1 1 10 100 Favours early Favours delayedRisk of Bias A + + + +B + + ? +C - - - -D ? ? - ?E + + + +F ? ? ? ? Risk of bias legend (A) Random sequence generation (selection bias) (B) Allocation concealment (selection bias) (C) Blinding...
first_pass	Cochrane_reviews/first_pass/CD004508_early_feeding_gyn_surgery.pdf	CD004508_early_feeding_gyn_surgery	1.4	1	main_comparison	.	Early versus delayed oral fluids and food after major abdominal gynaecologic surgery	Early versus delayed oral fluids and food after major abdominal gynaecologic surgery	early versus delayed oral fluids food after major abdominal gynaecologic surgery	Vomiting	Risk Ratio	dichotomous	2	Balayla 2015	Balayla 2015	matched_reference_block	no	no	.	.	Early	14	61	.	.	Delayed	14	58	.	.	42.5	0.95	0.50	1.82	estimable	extracted	.	Analysis 1.4. Comparison 1: Early versus delayed oral fluids and food after major abdominal gynaecologic surgery, Outcome 4: Vomiting Study or Subgroup Amatyakul 2001 Balayla 2015 MacMillan 2000 Pearl 1998 Total (95% CI) Total events: Heterogeneity: Chi² = 1.58, df = 3 (P = 0.66); I² = 0% Test for overall effect: Z = 0.78 (P = 0.43) Test for subgroup differences: Not applicableEarly Events 4 14 5 5 28Total 53 61 67 92 273Delayed Events 7 14 9 4 34Total 53 58 72 103 286Weight 20.7% 42.5% 25.7% 11.2% 100.0%Risk Ratio M-H, Fixed, 95% CI 0.57 [0.18, 1.84] 0.95 [0.50, 1.82] 0.60 [0.21, 1.69] 1.40 [0.39, 5.06] 0.83 [0.52, 1.32]Risk Ratio M-H, Fixed, 95% CI 0.01 0.1 1 10 100 Favours early Favours delayedRisk of Bias A + + + +B + + ? +C - - - -D ? ? - ?E + + + +F ? ? ? ? Risk of bias legend (A) Random sequence generation (selection bias) (B) Allocation concealment (selection bias) (C) Blinding...
first_pass	Cochrane_reviews/first_pass/CD004508_early_feeding_gyn_surgery.pdf	CD004508_early_feeding_gyn_surgery	1.4	1	main_comparison	.	Early versus delayed oral fluids and food after major abdominal gynaecologic surgery	Early versus delayed oral fluids and food after major abdominal gynaecologic surgery	early versus delayed oral fluids food after major abdominal gynaecologic surgery	Vomiting	Risk Ratio	dichotomous	3	MacMillan 2000	MacMillan 2000	matched_reference_block	yes	no	11004367	.	Early	5	67	.	.	Delayed	9	72	.	.	25.7	0.60	0.21	1.69	estimable	extracted	.	Analysis 1.4. Comparison 1: Early versus delayed oral fluids and food after major abdominal gynaecologic surgery, Outcome 4: Vomiting Study or Subgroup Amatyakul 2001 Balayla 2015 MacMillan 2000 Pearl 1998 Total (95% CI) Total events: Heterogeneity: Chi² = 1.58, df = 3 (P = 0.66); I² = 0% Test for overall effect: Z = 0.78 (P = 0.43) Test for subgroup differences: Not applicableEarly Events 4 14 5 5 28Total 53 61 67 92 273Delayed Events 7 14 9 4 34Total 53 58 72 103 286Weight 20.7% 42.5% 25.7% 11.2% 100.0%Risk Ratio M-H, Fixed, 95% CI 0.57 [0.18, 1.84] 0.95 [0.50, 1.82] 0.60 [0.21, 1.69] 1.40 [0.39, 5.06] 0.83 [0.52, 1.32]Risk Ratio M-H, Fixed, 95% CI 0.01 0.1 1 10 100 Favours early Favours delayedRisk of Bias A + + + +B + + ? +C - - - -D ? ? - ?E + + + +F ? ? ? ? Risk of bias legend (A) Random sequence generation (selection bias) (B) Allocation concealment (selection bias) (C) Blinding...
first_pass	Cochrane_reviews/first_pass/CD004508_early_feeding_gyn_surgery.pdf	CD004508_early_feeding_gyn_surgery	1.4	1	main_comparison	.	Early versus delayed oral fluids and food after major abdominal gynaecologic surgery	Early versus delayed oral fluids and food after major abdominal gynaecologic surgery	early versus delayed oral fluids food after major abdominal gynaecologic surgery	Vomiting	Risk Ratio	dichotomous	4	Pearl 1998	Pearl 1998	matched_reference_block	yes	no	9649101	.	Early	5	92	.	.	Delayed	4	103	.	.	11.2	1.40	0.39	5.06	estimable	extracted	.	Analysis 1.4. Comparison 1: Early versus delayed oral fluids and food after major abdominal gynaecologic surgery, Outcome 4: Vomiting Study or Subgroup Amatyakul 2001 Balayla 2015 MacMillan 2000 Pearl 1998 Total (95% CI) Total events: Heterogeneity: Chi² = 1.58, df = 3 (P = 0.66); I² = 0% Test for overall effect: Z = 0.78 (P = 0.43) Test for subgroup differences: Not applicableEarly Events 4 14 5 5 28Total 53 61 67 92 273Delayed Events 7 14 9 4 34Total 53 58 72 103 286Weight 20.7% 42.5% 25.7% 11.2% 100.0%Risk Ratio M-H, Fixed, 95% CI 0.57 [0.18, 1.84] 0.95 [0.50, 1.82] 0.60 [0.21, 1.69] 1.40 [0.39, 5.06] 0.83 [0.52, 1.32]Risk Ratio M-H, Fixed, 95% CI 0.01 0.1 1 10 100 Favours early Favours delayedRisk of Bias A + + + +B + + ? +C - - - -D ? ? - ?E + + + +F ? ? ? ? Risk of bias legend (A) Random sequence generation (selection bias) (B) Allocation concealment (selection bias) (C) Blinding...
first_pass	Cochrane_reviews/first_pass/CD004508_early_feeding_gyn_surgery.pdf	CD004508_early_feeding_gyn_surgery	1.5	1	main_comparison	.	Early versus delayed oral fluids and food after major abdominal gynaecologic surgery	Early versus delayed oral fluids and food after major abdominal gynaecologic surgery	early versus delayed oral fluids food after major abdominal gynaecologic surgery	Abdominal distension	Risk Ratio	dichotomous	1	Amatyakul 2001	Amatyakul 2001	matched_reference_block	no	no	.	.	Early	11	53	.	.	Delayed	12	53	.	.	18.0	0.92	0.44	1.89	estimable	extracted	.	Analysis 1.5. Comparison 1: Early versus delayed oral fluids and food after major abdominal gynaecologic surgery, Outcome 5: Abdominal distension Study or Subgroup Amatyakul 2001 Balayla 2015 MacMillan 2000 Pearl 1998 Total (95% CI) Total events: Heterogeneity: Chi² = 1.74, df = 3 (P = 0.63); I² = 0% Test for overall effect: Z = 0.07 (P = 0.95) Test for subgroup differences: Not applicableEarly Events 11 1 14 37 63Total 53 61 67 92 273Delayed Events 12 0 20 37 69Total 53 58 72 103 286Weight 18.0% 0.8% 28.9% 52.3% 100.0%Risk Ratio M-H, Fixed, 95% CI 0.92 [0.44, 1.89] 2.85 [0.12, 68.70] 0.75 [0.41, 1.37] 1.12 [0.78, 1.60] 0.99 [0.75, 1.31]Risk Ratio M-H, Fixed, 95% CI 0.01 0.1 1 10 100 Favours early Favours delayedRisk of Bias A + + + +B + + ? +C - - - -D ? ? - ?E + + + +F ? ? ? ? Risk of bias legend (A) Random sequence generation (selection bias) (B) Allocation concealment (selection bia...
first_pass	Cochrane_reviews/first_pass/CD004508_early_feeding_gyn_surgery.pdf	CD004508_early_feeding_gyn_surgery	1.5	1	main_comparison	.	Early versus delayed oral fluids and food after major abdominal gynaecologic surgery	Early versus delayed oral fluids and food after major abdominal gynaecologic surgery	early versus delayed oral fluids food after major abdominal gynaecologic surgery	Abdominal distension	Risk Ratio	dichotomous	2	Balayla 2015	Balayla 2015	matched_reference_block	no	no	.	.	Early	1	61	.	.	Delayed	0	58	.	.	0.8	2.85	0.12	68.70	estimable	extracted	.	Analysis 1.5. Comparison 1: Early versus delayed oral fluids and food after major abdominal gynaecologic surgery, Outcome 5: Abdominal distension Study or Subgroup Amatyakul 2001 Balayla 2015 MacMillan 2000 Pearl 1998 Total (95% CI) Total events: Heterogeneity: Chi² = 1.74, df = 3 (P = 0.63); I² = 0% Test for overall effect: Z = 0.07 (P = 0.95) Test for subgroup differences: Not applicableEarly Events 11 1 14 37 63Total 53 61 67 92 273Delayed Events 12 0 20 37 69Total 53 58 72 103 286Weight 18.0% 0.8% 28.9% 52.3% 100.0%Risk Ratio M-H, Fixed, 95% CI 0.92 [0.44, 1.89] 2.85 [0.12, 68.70] 0.75 [0.41, 1.37] 1.12 [0.78, 1.60] 0.99 [0.75, 1.31]Risk Ratio M-H, Fixed, 95% CI 0.01 0.1 1 10 100 Favours early Favours delayedRisk of Bias A + + + +B + + ? +C - - - -D ? ? - ?E + + + +F ? ? ? ? Risk of bias legend (A) Random sequence generation (selection bias) (B) Allocation concealment (selection bia...
first_pass	Cochrane_reviews/first_pass/CD004508_early_feeding_gyn_surgery.pdf	CD004508_early_feeding_gyn_surgery	1.5	1	main_comparison	.	Early versus delayed oral fluids and food after major abdominal gynaecologic surgery	Early versus delayed oral fluids and food after major abdominal gynaecologic surgery	early versus delayed oral fluids food after major abdominal gynaecologic surgery	Abdominal distension	Risk Ratio	dichotomous	3	MacMillan 2000	MacMillan 2000	matched_reference_block	yes	no	11004367	.	Early	14	67	.	.	Delayed	20	72	.	.	28.9	0.75	0.41	1.37	estimable	extracted	.	Analysis 1.5. Comparison 1: Early versus delayed oral fluids and food after major abdominal gynaecologic surgery, Outcome 5: Abdominal distension Study or Subgroup Amatyakul 2001 Balayla 2015 MacMillan 2000 Pearl 1998 Total (95% CI) Total events: Heterogeneity: Chi² = 1.74, df = 3 (P = 0.63); I² = 0% Test for overall effect: Z = 0.07 (P = 0.95) Test for subgroup differences: Not applicableEarly Events 11 1 14 37 63Total 53 61 67 92 273Delayed Events 12 0 20 37 69Total 53 58 72 103 286Weight 18.0% 0.8% 28.9% 52.3% 100.0%Risk Ratio M-H, Fixed, 95% CI 0.92 [0.44, 1.89] 2.85 [0.12, 68.70] 0.75 [0.41, 1.37] 1.12 [0.78, 1.60] 0.99 [0.75, 1.31]Risk Ratio M-H, Fixed, 95% CI 0.01 0.1 1 10 100 Favours early Favours delayedRisk of Bias A + + + +B + + ? +C - - - -D ? ? - ?E + + + +F ? ? ? ? Risk of bias legend (A) Random sequence generation (selection bias) (B) Allocation concealment (selection bia...
first_pass	Cochrane_reviews/first_pass/CD004508_early_feeding_gyn_surgery.pdf	CD004508_early_feeding_gyn_surgery	1.5	1	main_comparison	.	Early versus delayed oral fluids and food after major abdominal gynaecologic surgery	Early versus delayed oral fluids and food after major abdominal gynaecologic surgery	early versus delayed oral fluids food after major abdominal gynaecologic surgery	Abdominal distension	Risk Ratio	dichotomous	4	Pearl 1998	Pearl 1998	matched_reference_block	yes	no	9649101	.	Early	37	92	.	.	Delayed	37	103	.	.	52.3	1.12	0.78	1.60	estimable	extracted	.	Analysis 1.5. Comparison 1: Early versus delayed oral fluids and food after major abdominal gynaecologic surgery, Outcome 5: Abdominal distension Study or Subgroup Amatyakul 2001 Balayla 2015 MacMillan 2000 Pearl 1998 Total (95% CI) Total events: Heterogeneity: Chi² = 1.74, df = 3 (P = 0.63); I² = 0% Test for overall effect: Z = 0.07 (P = 0.95) Test for subgroup differences: Not applicableEarly Events 11 1 14 37 63Total 53 61 67 92 273Delayed Events 12 0 20 37 69Total 53 58 72 103 286Weight 18.0% 0.8% 28.9% 52.3% 100.0%Risk Ratio M-H, Fixed, 95% CI 0.92 [0.44, 1.89] 2.85 [0.12, 68.70] 0.75 [0.41, 1.37] 1.12 [0.78, 1.60] 0.99 [0.75, 1.31]Risk Ratio M-H, Fixed, 95% CI 0.01 0.1 1 10 100 Favours early Favours delayedRisk of Bias A + + + +B + + ? +C - - - -D ? ? - ?E + + + +F ? ? ? ? Risk of bias legend (A) Random sequence generation (selection bias) (B) Allocation concealment (selection bia...
first_pass	Cochrane_reviews/first_pass/CD004508_early_feeding_gyn_surgery.pdf	CD004508_early_feeding_gyn_surgery	1.6	1	main_comparison	.	Early versus delayed oral fluids and food after major abdominal gynaecologic surgery	Early versus delayed oral fluids and food after major abdominal gynaecologic surgery	early versus delayed oral fluids food after major abdominal gynaecologic surgery	Postoperative placement of nasogastric tube	Risk Ratio	dichotomous	1	Balayla 2015	Balayla 2015	matched_reference_block	no	no	.	.	Early	0	61	.	.	Delayed	0	58	.	.	.	.	.	.	not_estimable	partial	.	Analysis 1.6. Comparison 1: Early versus delayed oral fluids and food after major abdominal gynaecologic surgery, Outcome 6: Postoperative placement of nasogastric tube Study or Subgroup Balayla 2015 MacMillan 2000 Pearl 1998 Total (95% CI) Total events: Heterogeneity: Chi² = 0.03, df = 1 (P = 0.87); I² = 0% Test for overall effect: Z = 1.25 (P = 0.21) Test for subgroup differences: Not applicableEarly Events 0 0 3 3Total 61 67 92 220Delayed Events 0 1 7 8Total 58 72 103 233Weight 18.0% 82.0% 100.0%Risk Ratio M-H, Fixed, 95% CI Not estimable 0.36 [0.01, 8.64] 0.48 [0.13, 1.80] 0.46 [0.14, 1.55]Risk Ratio M-H, Fixed, 95% CI 0.01 0.1 1 10 100 Favours early Favours delayedRisk of Bias A + + +B + ? +C - - -D ? - ?E + + +F ? ? ? Risk of bias legend (A) Random sequence generation (selection bias) (B) Allocation concealment (selection bias) (C) Blinding of participants and personnel (performan...
first_pass	Cochrane_reviews/first_pass/CD004508_early_feeding_gyn_surgery.pdf	CD004508_early_feeding_gyn_surgery	1.6	1	main_comparison	.	Early versus delayed oral fluids and food after major abdominal gynaecologic surgery	Early versus delayed oral fluids and food after major abdominal gynaecologic surgery	early versus delayed oral fluids food after major abdominal gynaecologic surgery	Postoperative placement of nasogastric tube	Risk Ratio	dichotomous	2	MacMillan 2000	MacMillan 2000	matched_reference_block	yes	no	11004367	.	Early	0	67	.	.	Delayed	1	72	.	.	18.0	0.36	0.01	8.64	estimable	extracted	.	Analysis 1.6. Comparison 1: Early versus delayed oral fluids and food after major abdominal gynaecologic surgery, Outcome 6: Postoperative placement of nasogastric tube Study or Subgroup Balayla 2015 MacMillan 2000 Pearl 1998 Total (95% CI) Total events: Heterogeneity: Chi² = 0.03, df = 1 (P = 0.87); I² = 0% Test for overall effect: Z = 1.25 (P = 0.21) Test for subgroup differences: Not applicableEarly Events 0 0 3 3Total 61 67 92 220Delayed Events 0 1 7 8Total 58 72 103 233Weight 18.0% 82.0% 100.0%Risk Ratio M-H, Fixed, 95% CI Not estimable 0.36 [0.01, 8.64] 0.48 [0.13, 1.80] 0.46 [0.14, 1.55]Risk Ratio M-H, Fixed, 95% CI 0.01 0.1 1 10 100 Favours early Favours delayedRisk of Bias A + + +B + ? +C - - -D ? - ?E + + +F ? ? ? Risk of bias legend (A) Random sequence generation (selection bias) (B) Allocation concealment (selection bias) (C) Blinding of participants and personnel (performan...
first_pass	Cochrane_reviews/first_pass/CD004508_early_feeding_gyn_surgery.pdf	CD004508_early_feeding_gyn_surgery	1.6	1	main_comparison	.	Early versus delayed oral fluids and food after major abdominal gynaecologic surgery	Early versus delayed oral fluids and food after major abdominal gynaecologic surgery	early versus delayed oral fluids food after major abdominal gynaecologic surgery	Postoperative placement of nasogastric tube	Risk Ratio	dichotomous	3	Pearl 1998	Pearl 1998	matched_reference_block	yes	no	9649101	.	Early	3	92	.	.	Delayed	7	103	.	.	82.0	0.48	0.13	1.80	estimable	extracted	.	Analysis 1.6. Comparison 1: Early versus delayed oral fluids and food after major abdominal gynaecologic surgery, Outcome 6: Postoperative placement of nasogastric tube Study or Subgroup Balayla 2015 MacMillan 2000 Pearl 1998 Total (95% CI) Total events: Heterogeneity: Chi² = 0.03, df = 1 (P = 0.87); I² = 0% Test for overall effect: Z = 1.25 (P = 0.21) Test for subgroup differences: Not applicableEarly Events 0 0 3 3Total 61 67 92 220Delayed Events 0 1 7 8Total 58 72 103 233Weight 18.0% 82.0% 100.0%Risk Ratio M-H, Fixed, 95% CI Not estimable 0.36 [0.01, 8.64] 0.48 [0.13, 1.80] 0.46 [0.14, 1.55]Risk Ratio M-H, Fixed, 95% CI 0.01 0.1 1 10 100 Favours early Favours delayedRisk of Bias A + + +B + ? +C - - -D ? - ?E + + +F ? ? ? Risk of bias legend (A) Random sequence generation (selection bias) (B) Allocation concealment (selection bias) (C) Blinding of participants and personnel (performan...
first_pass	Cochrane_reviews/first_pass/CD004508_early_feeding_gyn_surgery.pdf	CD004508_early_feeding_gyn_surgery	1.7	1	main_comparison	.	Early versus delayed oral fluids and food after major abdominal gynaecologic surgery	Early versus delayed oral fluids and food after major abdominal gynaecologic surgery	early versus delayed oral fluids food after major abdominal gynaecologic surgery	Time to the presence of bowel sounds (random-effects model)	Mean Difference	continuous	1	MacMillan 2000	MacMillan 2000	matched_reference_block	yes	no	11004367	.	Early	.	67	0.5	0.6	Delayed	.	72	0.5	0.5	38.6	0.00	-0.18	0.18	estimable	extracted	.	Analysis 1.7. Comparison 1: Early versus delayed oral fluids and food after major abdominal gynaecologic surgery, Outcome 7: Time to the presence of bowel sounds (random-effects model) Study or Subgroup MacMillan 2000 Minig 2009b Pearl 1998 Total (95% CI) Heterogeneity: Tau² = 0.04; Chi² = 6.85, df = 2 (P = 0.03); I² = 71% Test for overall effect: Z = 1.53 (P = 0.13) Test for subgroup differences: Not applicableEarly Mean [days] 0.5 1.2 1.8SD [days] 0.6 0.7 1.2Total 67 71 92 230Delayed Mean [days] 0.5 1.4 2.3SD [days] 0.5 0.7 1.2Total 72 72 103 247Weight 38.6% 34.9% 26.5% 100.0%Mean Difference IV, Random, 95% CI [days] 0.00 [-0.18, 0.18] -0.20 [-0.43, 0.03] -0.50 [-0.84, -0.16] -0.20 [-0.46, 0.06]Mean Difference IV, Random, 95% CI [days] -2 -1 0 1 2 Favours early Favours delayedRisk of Bias A + + +B ? + +C - - -D - ? ?E + + +F ? + ? Risk of bias legend (A) Random sequence generation (se...
first_pass	Cochrane_reviews/first_pass/CD004508_early_feeding_gyn_surgery.pdf	CD004508_early_feeding_gyn_surgery	1.7	1	main_comparison	.	Early versus delayed oral fluids and food after major abdominal gynaecologic surgery	Early versus delayed oral fluids and food after major abdominal gynaecologic surgery	early versus delayed oral fluids food after major abdominal gynaecologic surgery	Time to the presence of bowel sounds (random-effects model)	Mean Difference	continuous	2	Minig 2009b	Minig 2009b	matched_reference_block	yes	no	19760046	.	Early	.	71	1.2	0.7	Delayed	.	72	1.4	0.7	34.9	-0.20	-0.43	0.03	estimable	extracted	.	Analysis 1.7. Comparison 1: Early versus delayed oral fluids and food after major abdominal gynaecologic surgery, Outcome 7: Time to the presence of bowel sounds (random-effects model) Study or Subgroup MacMillan 2000 Minig 2009b Pearl 1998 Total (95% CI) Heterogeneity: Tau² = 0.04; Chi² = 6.85, df = 2 (P = 0.03); I² = 71% Test for overall effect: Z = 1.53 (P = 0.13) Test for subgroup differences: Not applicableEarly Mean [days] 0.5 1.2 1.8SD [days] 0.6 0.7 1.2Total 67 71 92 230Delayed Mean [days] 0.5 1.4 2.3SD [days] 0.5 0.7 1.2Total 72 72 103 247Weight 38.6% 34.9% 26.5% 100.0%Mean Difference IV, Random, 95% CI [days] 0.00 [-0.18, 0.18] -0.20 [-0.43, 0.03] -0.50 [-0.84, -0.16] -0.20 [-0.46, 0.06]Mean Difference IV, Random, 95% CI [days] -2 -1 0 1 2 Favours early Favours delayedRisk of Bias A + + +B ? + +C - - -D - ? ?E + + +F ? + ? Risk of bias legend (A) Random sequence generation (se...
first_pass	Cochrane_reviews/first_pass/CD004508_early_feeding_gyn_surgery.pdf	CD004508_early_feeding_gyn_surgery	1.7	1	main_comparison	.	Early versus delayed oral fluids and food after major abdominal gynaecologic surgery	Early versus delayed oral fluids and food after major abdominal gynaecologic surgery	early versus delayed oral fluids food after major abdominal gynaecologic surgery	Time to the presence of bowel sounds (random-effects model)	Mean Difference	continuous	3	Pearl 1998	Pearl 1998	matched_reference_block	yes	no	9649101	.	Early	.	92	1.8	1.2	Delayed	.	103	2.3	1.2	26.5	-0.50	-0.84	-0.16	estimable	extracted	.	Analysis 1.7. Comparison 1: Early versus delayed oral fluids and food after major abdominal gynaecologic surgery, Outcome 7: Time to the presence of bowel sounds (random-effects model) Study or Subgroup MacMillan 2000 Minig 2009b Pearl 1998 Total (95% CI) Heterogeneity: Tau² = 0.04; Chi² = 6.85, df = 2 (P = 0.03); I² = 71% Test for overall effect: Z = 1.53 (P = 0.13) Test for subgroup differences: Not applicableEarly Mean [days] 0.5 1.2 1.8SD [days] 0.6 0.7 1.2Total 67 71 92 230Delayed Mean [days] 0.5 1.4 2.3SD [days] 0.5 0.7 1.2Total 72 72 103 247Weight 38.6% 34.9% 26.5% 100.0%Mean Difference IV, Random, 95% CI [days] 0.00 [-0.18, 0.18] -0.20 [-0.43, 0.03] -0.50 [-0.84, -0.16] -0.20 [-0.46, 0.06]Mean Difference IV, Random, 95% CI [days] -2 -1 0 1 2 Favours early Favours delayedRisk of Bias A + + +B ? + +C - - -D - ? ?E + + +F ? + ? Risk of bias legend (A) Random sequence generation (se...
first_pass	Cochrane_reviews/first_pass/CD004508_early_feeding_gyn_surgery.pdf	CD004508_early_feeding_gyn_surgery	1.8	1	main_comparison	.	Early versus delayed oral fluids and food after major abdominal gynaecologic surgery	Early versus delayed oral fluids and food after major abdominal gynaecologic surgery	early versus delayed oral fluids food after major abdominal gynaecologic surgery	Time to the first passage of flatus	Mean Difference	continuous	1	Amatyakul 2001	Amatyakul 2001	matched_reference_block	no	no	.	.	Early	.	53	1.62	0.9	Delayed	.	53	1.64	0.7	16.8	-0.02	-0.33	0.29	estimable	extracted	.	Analysis 1.8. Comparison 1: Early versus delayed oral fluids and food after major abdominal gynaecologic surgery, Outcome 8: Time to the first passage of flatus Study or Subgroup Amatyakul 2001 Balayla 2015 MacMillan 2000 Minig 2009b Pearl 1998 Total (95% CI) Heterogeneity: Chi² = 4.39, df = 4 (P = 0.36); I² = 9% Test for overall effect: Z = 1.69 (P = 0.09) Test for subgroup differences: Not applicableEarly Mean [days] 1.62 1.61 1.23 1.9 3.2SD [days] 0.9 0.54 0.95 1.1 1.5Total 53 61 67 71 92 344Delayed Mean [days] 1.64 1.67 1.22 2.2 3.6SD [days] 0.7 0.54 0.87 0.9 1.4Total 53 58 72 72 103 358Weight 16.8% 42.0% 17.2% 14.6% 9.5% 100.0%Mean Difference IV, Fixed, 95% CI [days] -0.02 [-0.33, 0.29] -0.06 [-0.25, 0.13] 0.01 [-0.29, 0.31] -0.30 [-0.63, 0.03] -0.40 [-0.81, 0.01] -0.11 [-0.23, 0.02]Mean Difference IV, Fixed, 95% CI [days] -1 -0.5 0 0.5 1 Favours early Favours delayedRisk of Bias A...
first_pass	Cochrane_reviews/first_pass/CD004508_early_feeding_gyn_surgery.pdf	CD004508_early_feeding_gyn_surgery	1.8	1	main_comparison	.	Early versus delayed oral fluids and food after major abdominal gynaecologic surgery	Early versus delayed oral fluids and food after major abdominal gynaecologic surgery	early versus delayed oral fluids food after major abdominal gynaecologic surgery	Time to the first passage of flatus	Mean Difference	continuous	2	Balayla 2015	Balayla 2015	matched_reference_block	no	no	.	.	Early	.	61	1.61	0.54	Delayed	.	58	1.67	0.54	42.0	-0.06	-0.25	0.13	estimable	extracted	.	Analysis 1.8. Comparison 1: Early versus delayed oral fluids and food after major abdominal gynaecologic surgery, Outcome 8: Time to the first passage of flatus Study or Subgroup Amatyakul 2001 Balayla 2015 MacMillan 2000 Minig 2009b Pearl 1998 Total (95% CI) Heterogeneity: Chi² = 4.39, df = 4 (P = 0.36); I² = 9% Test for overall effect: Z = 1.69 (P = 0.09) Test for subgroup differences: Not applicableEarly Mean [days] 1.62 1.61 1.23 1.9 3.2SD [days] 0.9 0.54 0.95 1.1 1.5Total 53 61 67 71 92 344Delayed Mean [days] 1.64 1.67 1.22 2.2 3.6SD [days] 0.7 0.54 0.87 0.9 1.4Total 53 58 72 72 103 358Weight 16.8% 42.0% 17.2% 14.6% 9.5% 100.0%Mean Difference IV, Fixed, 95% CI [days] -0.02 [-0.33, 0.29] -0.06 [-0.25, 0.13] 0.01 [-0.29, 0.31] -0.30 [-0.63, 0.03] -0.40 [-0.81, 0.01] -0.11 [-0.23, 0.02]Mean Difference IV, Fixed, 95% CI [days] -1 -0.5 0 0.5 1 Favours early Favours delayedRisk of Bias A...
first_pass	Cochrane_reviews/first_pass/CD004508_early_feeding_gyn_surgery.pdf	CD004508_early_feeding_gyn_surgery	1.8	1	main_comparison	.	Early versus delayed oral fluids and food after major abdominal gynaecologic surgery	Early versus delayed oral fluids and food after major abdominal gynaecologic surgery	early versus delayed oral fluids food after major abdominal gynaecologic surgery	Time to the first passage of flatus	Mean Difference	continuous	3	MacMillan 2000	MacMillan 2000	matched_reference_block	yes	no	11004367	.	Early	.	67	1.23	0.95	Delayed	.	72	1.22	0.87	17.2	0.01	-0.29	0.31	estimable	extracted	.	Analysis 1.8. Comparison 1: Early versus delayed oral fluids and food after major abdominal gynaecologic surgery, Outcome 8: Time to the first passage of flatus Study or Subgroup Amatyakul 2001 Balayla 2015 MacMillan 2000 Minig 2009b Pearl 1998 Total (95% CI) Heterogeneity: Chi² = 4.39, df = 4 (P = 0.36); I² = 9% Test for overall effect: Z = 1.69 (P = 0.09) Test for subgroup differences: Not applicableEarly Mean [days] 1.62 1.61 1.23 1.9 3.2SD [days] 0.9 0.54 0.95 1.1 1.5Total 53 61 67 71 92 344Delayed Mean [days] 1.64 1.67 1.22 2.2 3.6SD [days] 0.7 0.54 0.87 0.9 1.4Total 53 58 72 72 103 358Weight 16.8% 42.0% 17.2% 14.6% 9.5% 100.0%Mean Difference IV, Fixed, 95% CI [days] -0.02 [-0.33, 0.29] -0.06 [-0.25, 0.13] 0.01 [-0.29, 0.31] -0.30 [-0.63, 0.03] -0.40 [-0.81, 0.01] -0.11 [-0.23, 0.02]Mean Difference IV, Fixed, 95% CI [days] -1 -0.5 0 0.5 1 Favours early Favours delayedRisk of Bias A...
first_pass	Cochrane_reviews/first_pass/CD004508_early_feeding_gyn_surgery.pdf	CD004508_early_feeding_gyn_surgery	1.8	1	main_comparison	.	Early versus delayed oral fluids and food after major abdominal gynaecologic surgery	Early versus delayed oral fluids and food after major abdominal gynaecologic surgery	early versus delayed oral fluids food after major abdominal gynaecologic surgery	Time to the first passage of flatus	Mean Difference	continuous	4	Minig 2009b	Minig 2009b	matched_reference_block	yes	no	19760046	.	Early	.	71	1.9	1.1	Delayed	.	72	2.2	0.9	14.6	-0.30	-0.63	0.03	estimable	extracted	.	Analysis 1.8. Comparison 1: Early versus delayed oral fluids and food after major abdominal gynaecologic surgery, Outcome 8: Time to the first passage of flatus Study or Subgroup Amatyakul 2001 Balayla 2015 MacMillan 2000 Minig 2009b Pearl 1998 Total (95% CI) Heterogeneity: Chi² = 4.39, df = 4 (P = 0.36); I² = 9% Test for overall effect: Z = 1.69 (P = 0.09) Test for subgroup differences: Not applicableEarly Mean [days] 1.62 1.61 1.23 1.9 3.2SD [days] 0.9 0.54 0.95 1.1 1.5Total 53 61 67 71 92 344Delayed Mean [days] 1.64 1.67 1.22 2.2 3.6SD [days] 0.7 0.54 0.87 0.9 1.4Total 53 58 72 72 103 358Weight 16.8% 42.0% 17.2% 14.6% 9.5% 100.0%Mean Difference IV, Fixed, 95% CI [days] -0.02 [-0.33, 0.29] -0.06 [-0.25, 0.13] 0.01 [-0.29, 0.31] -0.30 [-0.63, 0.03] -0.40 [-0.81, 0.01] -0.11 [-0.23, 0.02]Mean Difference IV, Fixed, 95% CI [days] -1 -0.5 0 0.5 1 Favours early Favours delayedRisk of Bias A...
first_pass	Cochrane_reviews/first_pass/CD004508_early_feeding_gyn_surgery.pdf	CD004508_early_feeding_gyn_surgery	1.8	1	main_comparison	.	Early versus delayed oral fluids and food after major abdominal gynaecologic surgery	Early versus delayed oral fluids and food after major abdominal gynaecologic surgery	early versus delayed oral fluids food after major abdominal gynaecologic surgery	Time to the first passage of flatus	Mean Difference	continuous	5	Pearl 1998	Pearl 1998	matched_reference_block	yes	no	9649101	.	Early	.	92	3.2	1.5	Delayed	.	103	3.6	1.4	9.5	-0.40	-0.81	0.01	estimable	extracted	.	Analysis 1.8. Comparison 1: Early versus delayed oral fluids and food after major abdominal gynaecologic surgery, Outcome 8: Time to the first passage of flatus Study or Subgroup Amatyakul 2001 Balayla 2015 MacMillan 2000 Minig 2009b Pearl 1998 Total (95% CI) Heterogeneity: Chi² = 4.39, df = 4 (P = 0.36); I² = 9% Test for overall effect: Z = 1.69 (P = 0.09) Test for subgroup differences: Not applicableEarly Mean [days] 1.62 1.61 1.23 1.9 3.2SD [days] 0.9 0.54 0.95 1.1 1.5Total 53 61 67 71 92 344Delayed Mean [days] 1.64 1.67 1.22 2.2 3.6SD [days] 0.7 0.54 0.87 0.9 1.4Total 53 58 72 72 103 358Weight 16.8% 42.0% 17.2% 14.6% 9.5% 100.0%Mean Difference IV, Fixed, 95% CI [days] -0.02 [-0.33, 0.29] -0.06 [-0.25, 0.13] 0.01 [-0.29, 0.31] -0.30 [-0.63, 0.03] -0.40 [-0.81, 0.01] -0.11 [-0.23, 0.02]Mean Difference IV, Fixed, 95% CI [days] -1 -0.5 0 0.5 1 Favours early Favours delayedRisk of Bias A...
first_pass	Cochrane_reviews/first_pass/CD004508_early_feeding_gyn_surgery.pdf	CD004508_early_feeding_gyn_surgery	1.9	1	main_comparison	.	Early versus delayed oral fluids and food after major abdominal gynaecologic surgery	Early versus delayed oral fluids and food after major abdominal gynaecologic surgery	early versus delayed oral fluids food after major abdominal gynaecologic surgery	Time to the first passage of stool	Mean Difference	continuous	1	Amatyakul 2001	Amatyakul 2001	matched_reference_block	no	no	.	.	Early	.	53	3.43	0.9	Delayed	.	53	3.67	1	16.2	-0.24	-0.60	0.12	estimable	extracted	.	Analysis 1.9. Comparison 1: Early versus delayed oral fluids and food after major abdominal gynaecologic surgery, Outcome 9: Time to the first passage of stool Study or Subgroup Amatyakul 2001 Balayla 2015 MacMillan 2000 Minig 2009b Total (95% CI) Heterogeneity: Chi² = 0.41, df = 3 (P = 0.94); I² = 0% Test for overall effect: Z = 2.44 (P = 0.01) Test for subgroup differences: Not applicableEarly Mean [days] 3.43 2.69 1.18 5SD [days] 0.9 0.54 1.34 2.3Total 53 61 67 71 252Delayed Mean [days] 3.67 2.87 1.25 5.3SD [days] 1 0.42 1.34 3.1Total 53 58 72 72 255Weight 16.2% 70.5% 10.7% 2.7% 100.0%Mean Difference IV, Fixed, 95% CI [days] -0.24 [-0.60, 0.12] -0.18 [-0.35, -0.01] -0.07 [-0.52, 0.38] -0.30 [-1.19, 0.59] -0.18 [-0.33, -0.04]Mean Difference IV, Fixed, 95% CI [days] -1 -0.5 0 0.5 1 Favours early Favours delayedRisk of Bias A + + + +B + + ? +C - - - -D ? ? - ?E + + + +F ? ? ? + Risk of...
first_pass	Cochrane_reviews/first_pass/CD004508_early_feeding_gyn_surgery.pdf	CD004508_early_feeding_gyn_surgery	1.9	1	main_comparison	.	Early versus delayed oral fluids and food after major abdominal gynaecologic surgery	Early versus delayed oral fluids and food after major abdominal gynaecologic surgery	early versus delayed oral fluids food after major abdominal gynaecologic surgery	Time to the first passage of stool	Mean Difference	continuous	2	Balayla 2015	Balayla 2015	matched_reference_block	no	no	.	.	Early	.	61	2.69	0.54	Delayed	.	58	2.87	0.42	70.5	-0.18	-0.35	-0.01	estimable	extracted	.	Analysis 1.9. Comparison 1: Early versus delayed oral fluids and food after major abdominal gynaecologic surgery, Outcome 9: Time to the first passage of stool Study or Subgroup Amatyakul 2001 Balayla 2015 MacMillan 2000 Minig 2009b Total (95% CI) Heterogeneity: Chi² = 0.41, df = 3 (P = 0.94); I² = 0% Test for overall effect: Z = 2.44 (P = 0.01) Test for subgroup differences: Not applicableEarly Mean [days] 3.43 2.69 1.18 5SD [days] 0.9 0.54 1.34 2.3Total 53 61 67 71 252Delayed Mean [days] 3.67 2.87 1.25 5.3SD [days] 1 0.42 1.34 3.1Total 53 58 72 72 255Weight 16.2% 70.5% 10.7% 2.7% 100.0%Mean Difference IV, Fixed, 95% CI [days] -0.24 [-0.60, 0.12] -0.18 [-0.35, -0.01] -0.07 [-0.52, 0.38] -0.30 [-1.19, 0.59] -0.18 [-0.33, -0.04]Mean Difference IV, Fixed, 95% CI [days] -1 -0.5 0 0.5 1 Favours early Favours delayedRisk of Bias A + + + +B + + ? +C - - - -D ? ? - ?E + + + +F ? ? ? + Risk of...
first_pass	Cochrane_reviews/first_pass/CD004508_early_feeding_gyn_surgery.pdf	CD004508_early_feeding_gyn_surgery	1.9	1	main_comparison	.	Early versus delayed oral fluids and food after major abdominal gynaecologic surgery	Early versus delayed oral fluids and food after major abdominal gynaecologic surgery	early versus delayed oral fluids food after major abdominal gynaecologic surgery	Time to the first passage of stool	Mean Difference	continuous	3	MacMillan 2000	MacMillan 2000	matched_reference_block	yes	no	11004367	.	Early	.	67	1.18	1.34	Delayed	.	72	1.25	1.34	10.7	-0.07	-0.52	0.38	estimable	extracted	.	Analysis 1.9. Comparison 1: Early versus delayed oral fluids and food after major abdominal gynaecologic surgery, Outcome 9: Time to the first passage of stool Study or Subgroup Amatyakul 2001 Balayla 2015 MacMillan 2000 Minig 2009b Total (95% CI) Heterogeneity: Chi² = 0.41, df = 3 (P = 0.94); I² = 0% Test for overall effect: Z = 2.44 (P = 0.01) Test for subgroup differences: Not applicableEarly Mean [days] 3.43 2.69 1.18 5SD [days] 0.9 0.54 1.34 2.3Total 53 61 67 71 252Delayed Mean [days] 3.67 2.87 1.25 5.3SD [days] 1 0.42 1.34 3.1Total 53 58 72 72 255Weight 16.2% 70.5% 10.7% 2.7% 100.0%Mean Difference IV, Fixed, 95% CI [days] -0.24 [-0.60, 0.12] -0.18 [-0.35, -0.01] -0.07 [-0.52, 0.38] -0.30 [-1.19, 0.59] -0.18 [-0.33, -0.04]Mean Difference IV, Fixed, 95% CI [days] -1 -0.5 0 0.5 1 Favours early Favours delayedRisk of Bias A + + + +B + + ? +C - - - -D ? ? - ?E + + + +F ? ? ? + Risk of...
first_pass	Cochrane_reviews/first_pass/CD004508_early_feeding_gyn_surgery.pdf	CD004508_early_feeding_gyn_surgery	1.9	1	main_comparison	.	Early versus delayed oral fluids and food after major abdominal gynaecologic surgery	Early versus delayed oral fluids and food after major abdominal gynaecologic surgery	early versus delayed oral fluids food after major abdominal gynaecologic surgery	Time to the first passage of stool	Mean Difference	continuous	4	Minig 2009b	Minig 2009b	matched_reference_block	yes	no	19760046	.	Early	.	71	5	2.3	Delayed	.	72	5.3	3.1	2.7	-0.30	-1.19	0.59	estimable	extracted	.	Analysis 1.9. Comparison 1: Early versus delayed oral fluids and food after major abdominal gynaecologic surgery, Outcome 9: Time to the first passage of stool Study or Subgroup Amatyakul 2001 Balayla 2015 MacMillan 2000 Minig 2009b Total (95% CI) Heterogeneity: Chi² = 0.41, df = 3 (P = 0.94); I² = 0% Test for overall effect: Z = 2.44 (P = 0.01) Test for subgroup differences: Not applicableEarly Mean [days] 3.43 2.69 1.18 5SD [days] 0.9 0.54 1.34 2.3Total 53 61 67 71 252Delayed Mean [days] 3.67 2.87 1.25 5.3SD [days] 1 0.42 1.34 3.1Total 53 58 72 72 255Weight 16.2% 70.5% 10.7% 2.7% 100.0%Mean Difference IV, Fixed, 95% CI [days] -0.24 [-0.60, 0.12] -0.18 [-0.35, -0.01] -0.07 [-0.52, 0.38] -0.30 [-1.19, 0.59] -0.18 [-0.33, -0.04]Mean Difference IV, Fixed, 95% CI [days] -1 -0.5 0 0.5 1 Favours early Favours delayedRisk of Bias A + + + +B + + ? +C - - - -D ? ? - ?E + + + +F ? ? ? + Risk of...
first_pass	Cochrane_reviews/first_pass/CD004508_early_feeding_gyn_surgery.pdf	CD004508_early_feeding_gyn_surgery	1.10	1	main_comparison	.	Early versus delayed oral fluids and food after major abdominal gynaecologic surgery	Early versus delayed oral fluids and food after major abdominal gynaecologic surgery	early versus delayed oral fluids food after major abdominal gynaecologic surgery	Time to the first solid diet (random-effects model)	Mean Difference	continuous	1	Amatyakul 2001	Amatyakul 2001	matched_reference_block	no	no	.	.	Early	.	53	2.13	0.3	Delayed	.	53	3.22	0.5	34.5	-1.09	-1.25	-0.93	estimable	extracted	.	Analysis 1.10. Comparison 1: Early versus delayed oral fluids and food after major abdominal gynaecologic surgery, Outcome 10: Time to the first solid diet (random-effects model) Study or Subgroup Amatyakul 2001 Balayla 2015 Pearl 1998 Total (95% CI) Heterogeneity: Tau² = 0.35; Chi² = 60.62, df = 2 (P < 0.00001); I² = 97% Test for overall effect: Z = 3.13 (P = 0.002) Test for subgroup differences: Not applicableEarly Mean [days] 2.13 1.4 2.3SD [days] 0.3 0.54 1.4Total 53 61 92 206Delayed Mean [days] 3.22 1.78 4.2SD [days] 0.5 0.46 1.5Total 53 58 103 214Weight 34.5% 34.3% 31.3% 100.0%Mean Difference IV, Random, 95% CI [days] -1.09 [-1.25, -0.93] -0.38 [-0.56, -0.20] -1.90 [-2.31, -1.49] -1.10 [-1.79, -0.41]Mean Difference IV, Random, 95% CI [days] -2 -1 0 1 2 Favours early Favours delayed
first_pass	Cochrane_reviews/first_pass/CD004508_early_feeding_gyn_surgery.pdf	CD004508_early_feeding_gyn_surgery	1.10	1	main_comparison	.	Early versus delayed oral fluids and food after major abdominal gynaecologic surgery	Early versus delayed oral fluids and food after major abdominal gynaecologic surgery	early versus delayed oral fluids food after major abdominal gynaecologic surgery	Time to the first solid diet (random-effects model)	Mean Difference	continuous	2	Balayla 2015	Balayla 2015	matched_reference_block	no	no	.	.	Early	.	61	1.4	0.54	Delayed	.	58	1.78	0.46	34.3	-0.38	-0.56	-0.20	estimable	extracted	.	Analysis 1.10. Comparison 1: Early versus delayed oral fluids and food after major abdominal gynaecologic surgery, Outcome 10: Time to the first solid diet (random-effects model) Study or Subgroup Amatyakul 2001 Balayla 2015 Pearl 1998 Total (95% CI) Heterogeneity: Tau² = 0.35; Chi² = 60.62, df = 2 (P < 0.00001); I² = 97% Test for overall effect: Z = 3.13 (P = 0.002) Test for subgroup differences: Not applicableEarly Mean [days] 2.13 1.4 2.3SD [days] 0.3 0.54 1.4Total 53 61 92 206Delayed Mean [days] 3.22 1.78 4.2SD [days] 0.5 0.46 1.5Total 53 58 103 214Weight 34.5% 34.3% 31.3% 100.0%Mean Difference IV, Random, 95% CI [days] -1.09 [-1.25, -0.93] -0.38 [-0.56, -0.20] -1.90 [-2.31, -1.49] -1.10 [-1.79, -0.41]Mean Difference IV, Random, 95% CI [days] -2 -1 0 1 2 Favours early Favours delayed
first_pass	Cochrane_reviews/first_pass/CD004508_early_feeding_gyn_surgery.pdf	CD004508_early_feeding_gyn_surgery	1.10	1	main_comparison	.	Early versus delayed oral fluids and food after major abdominal gynaecologic surgery	Early versus delayed oral fluids and food after major abdominal gynaecologic surgery	early versus delayed oral fluids food after major abdominal gynaecologic surgery	Time to the first solid diet (random-effects model)	Mean Difference	continuous	3	Pearl 1998	Pearl 1998	matched_reference_block	yes	no	9649101	.	Early	.	92	2.3	1.4	Delayed	.	103	4.2	1.5	31.3	-1.90	-2.31	-1.49	estimable	extracted	.	Analysis 1.10. Comparison 1: Early versus delayed oral fluids and food after major abdominal gynaecologic surgery, Outcome 10: Time to the first solid diet (random-effects model) Study or Subgroup Amatyakul 2001 Balayla 2015 Pearl 1998 Total (95% CI) Heterogeneity: Tau² = 0.35; Chi² = 60.62, df = 2 (P < 0.00001); I² = 97% Test for overall effect: Z = 3.13 (P = 0.002) Test for subgroup differences: Not applicableEarly Mean [days] 2.13 1.4 2.3SD [days] 0.3 0.54 1.4Total 53 61 92 206Delayed Mean [days] 3.22 1.78 4.2SD [days] 0.5 0.46 1.5Total 53 58 103 214Weight 34.5% 34.3% 31.3% 100.0%Mean Difference IV, Random, 95% CI [days] -1.09 [-1.25, -0.93] -0.38 [-0.56, -0.20] -1.90 [-2.31, -1.49] -1.10 [-1.79, -0.41]Mean Difference IV, Random, 95% CI [days] -2 -1 0 1 2 Favours early Favours delayed
first_pass	Cochrane_reviews/first_pass/CD004508_early_feeding_gyn_surgery.pdf	CD004508_early_feeding_gyn_surgery	1.11	1	main_comparison	.	Early versus delayed oral fluids and food after major abdominal gynaecologic surgery	Early versus delayed oral fluids and food after major abdominal gynaecologic surgery	early versus delayed oral fluids food after major abdominal gynaecologic surgery	Hospital stay (random-effects model)	Mean Difference	continuous	1	Amatyakul 2001	Amatyakul 2001	matched_reference_block	no	no	.	.	Early	.	53	3.26	0.5	Delayed	.	53	3.64	0.9	28.5	-0.38	-0.66	-0.10	estimable	extracted	.	Analysis 1.11. Comparison 1: Early versus delayed oral fluids and food after major abdominal gynaecologic surgery, Outcome 11: Hospital stay (random-effects model) Study or Subgroup Amatyakul 2001 Balayla 2015 Minig 2009a Minig 2009b Pearl 1998 Total (95% CI) Heterogeneity: Tau² = 0.22; Chi² = 17.49, df = 4 (P = 0.002); I² = 77% Test for overall effect: Z = 2.52 (P = 0.01) Test for subgroup differences: Not applicableEarly Mean [days] 3.26 3.6 6.9 4.7 4.6SD [days] 0.5 0.88 2.6 1.9 2.1Total 53 61 18 71 92 295Delayed Mean [days] 3.64 3.57 9.1 5.8 5.8SD [days] 0.9 1.08 4.5 2.3 2.7Total 53 58 22 72 103 308Weight 28.5% 27.0% 4.5% 19.8% 20.2% 100.0%Mean Difference IV, Random, 95% CI [days] -0.38 [-0.66, -0.10] 0.03 [-0.32, 0.38] -2.20 [-4.43, 0.03] -1.10 [-1.79, -0.41] -1.20 [-1.88, -0.52] -0.66 [-1.17, -0.15]Mean Difference IV, Random, 95% CI [days] -4 -2 0 2 4 Favours early Favours delayed
first_pass	Cochrane_reviews/first_pass/CD004508_early_feeding_gyn_surgery.pdf	CD004508_early_feeding_gyn_surgery	1.11	1	main_comparison	.	Early versus delayed oral fluids and food after major abdominal gynaecologic surgery	Early versus delayed oral fluids and food after major abdominal gynaecologic surgery	early versus delayed oral fluids food after major abdominal gynaecologic surgery	Hospital stay (random-effects model)	Mean Difference	continuous	2	Balayla 2015	Balayla 2015	matched_reference_block	no	no	.	.	Early	.	61	3.6	0.88	Delayed	.	58	3.57	1.08	27.0	0.03	-0.32	0.38	estimable	extracted	.	Analysis 1.11. Comparison 1: Early versus delayed oral fluids and food after major abdominal gynaecologic surgery, Outcome 11: Hospital stay (random-effects model) Study or Subgroup Amatyakul 2001 Balayla 2015 Minig 2009a Minig 2009b Pearl 1998 Total (95% CI) Heterogeneity: Tau² = 0.22; Chi² = 17.49, df = 4 (P = 0.002); I² = 77% Test for overall effect: Z = 2.52 (P = 0.01) Test for subgroup differences: Not applicableEarly Mean [days] 3.26 3.6 6.9 4.7 4.6SD [days] 0.5 0.88 2.6 1.9 2.1Total 53 61 18 71 92 295Delayed Mean [days] 3.64 3.57 9.1 5.8 5.8SD [days] 0.9 1.08 4.5 2.3 2.7Total 53 58 22 72 103 308Weight 28.5% 27.0% 4.5% 19.8% 20.2% 100.0%Mean Difference IV, Random, 95% CI [days] -0.38 [-0.66, -0.10] 0.03 [-0.32, 0.38] -2.20 [-4.43, 0.03] -1.10 [-1.79, -0.41] -1.20 [-1.88, -0.52] -0.66 [-1.17, -0.15]Mean Difference IV, Random, 95% CI [days] -4 -2 0 2 4 Favours early Favours delayed
first_pass	Cochrane_reviews/first_pass/CD004508_early_feeding_gyn_surgery.pdf	CD004508_early_feeding_gyn_surgery	1.11	1	main_comparison	.	Early versus delayed oral fluids and food after major abdominal gynaecologic surgery	Early versus delayed oral fluids and food after major abdominal gynaecologic surgery	early versus delayed oral fluids food after major abdominal gynaecologic surgery	Hospital stay (random-effects model)	Mean Difference	continuous	3	Minig 2009a	Minig 2009a	matched_reference_block	yes	no	19330379	.	Early	.	18	6.9	2.6	Delayed	.	22	9.1	4.5	4.5	-2.20	-4.43	0.03	estimable	extracted	.	Analysis 1.11. Comparison 1: Early versus delayed oral fluids and food after major abdominal gynaecologic surgery, Outcome 11: Hospital stay (random-effects model) Study or Subgroup Amatyakul 2001 Balayla 2015 Minig 2009a Minig 2009b Pearl 1998 Total (95% CI) Heterogeneity: Tau² = 0.22; Chi² = 17.49, df = 4 (P = 0.002); I² = 77% Test for overall effect: Z = 2.52 (P = 0.01) Test for subgroup differences: Not applicableEarly Mean [days] 3.26 3.6 6.9 4.7 4.6SD [days] 0.5 0.88 2.6 1.9 2.1Total 53 61 18 71 92 295Delayed Mean [days] 3.64 3.57 9.1 5.8 5.8SD [days] 0.9 1.08 4.5 2.3 2.7Total 53 58 22 72 103 308Weight 28.5% 27.0% 4.5% 19.8% 20.2% 100.0%Mean Difference IV, Random, 95% CI [days] -0.38 [-0.66, -0.10] 0.03 [-0.32, 0.38] -2.20 [-4.43, 0.03] -1.10 [-1.79, -0.41] -1.20 [-1.88, -0.52] -0.66 [-1.17, -0.15]Mean Difference IV, Random, 95% CI [days] -4 -2 0 2 4 Favours early Favours delayed
first_pass	Cochrane_reviews/first_pass/CD004508_early_feeding_gyn_surgery.pdf	CD004508_early_feeding_gyn_surgery	1.11	1	main_comparison	.	Early versus delayed oral fluids and food after major abdominal gynaecologic surgery	Early versus delayed oral fluids and food after major abdominal gynaecologic surgery	early versus delayed oral fluids food after major abdominal gynaecologic surgery	Hospital stay (random-effects model)	Mean Difference	continuous	4	Minig 2009b	Minig 2009b	matched_reference_block	yes	no	19760046	.	Early	.	71	4.7	1.9	Delayed	.	72	5.8	2.3	19.8	-1.10	-1.79	-0.41	estimable	extracted	.	Analysis 1.11. Comparison 1: Early versus delayed oral fluids and food after major abdominal gynaecologic surgery, Outcome 11: Hospital stay (random-effects model) Study or Subgroup Amatyakul 2001 Balayla 2015 Minig 2009a Minig 2009b Pearl 1998 Total (95% CI) Heterogeneity: Tau² = 0.22; Chi² = 17.49, df = 4 (P = 0.002); I² = 77% Test for overall effect: Z = 2.52 (P = 0.01) Test for subgroup differences: Not applicableEarly Mean [days] 3.26 3.6 6.9 4.7 4.6SD [days] 0.5 0.88 2.6 1.9 2.1Total 53 61 18 71 92 295Delayed Mean [days] 3.64 3.57 9.1 5.8 5.8SD [days] 0.9 1.08 4.5 2.3 2.7Total 53 58 22 72 103 308Weight 28.5% 27.0% 4.5% 19.8% 20.2% 100.0%Mean Difference IV, Random, 95% CI [days] -0.38 [-0.66, -0.10] 0.03 [-0.32, 0.38] -2.20 [-4.43, 0.03] -1.10 [-1.79, -0.41] -1.20 [-1.88, -0.52] -0.66 [-1.17, -0.15]Mean Difference IV, Random, 95% CI [days] -4 -2 0 2 4 Favours early Favours delayed
first_pass	Cochrane_reviews/first_pass/CD004508_early_feeding_gyn_surgery.pdf	CD004508_early_feeding_gyn_surgery	1.11	1	main_comparison	.	Early versus delayed oral fluids and food after major abdominal gynaecologic surgery	Early versus delayed oral fluids and food after major abdominal gynaecologic surgery	early versus delayed oral fluids food after major abdominal gynaecologic surgery	Hospital stay (random-effects model)	Mean Difference	continuous	5	Pearl 1998	Pearl 1998	matched_reference_block	yes	no	9649101	.	Early	.	92	4.6	2.1	Delayed	.	103	5.8	2.7	20.2	-1.20	-1.88	-0.52	estimable	extracted	.	Analysis 1.11. Comparison 1: Early versus delayed oral fluids and food after major abdominal gynaecologic surgery, Outcome 11: Hospital stay (random-effects model) Study or Subgroup Amatyakul 2001 Balayla 2015 Minig 2009a Minig 2009b Pearl 1998 Total (95% CI) Heterogeneity: Tau² = 0.22; Chi² = 17.49, df = 4 (P = 0.002); I² = 77% Test for overall effect: Z = 2.52 (P = 0.01) Test for subgroup differences: Not applicableEarly Mean [days] 3.26 3.6 6.9 4.7 4.6SD [days] 0.5 0.88 2.6 1.9 2.1Total 53 61 18 71 92 295Delayed Mean [days] 3.64 3.57 9.1 5.8 5.8SD [days] 0.9 1.08 4.5 2.3 2.7Total 53 58 22 72 103 308Weight 28.5% 27.0% 4.5% 19.8% 20.2% 100.0%Mean Difference IV, Random, 95% CI [days] -0.38 [-0.66, -0.10] 0.03 [-0.32, 0.38] -2.20 [-4.43, 0.03] -1.10 [-1.79, -0.41] -1.20 [-1.88, -0.52] -0.66 [-1.17, -0.15]Mean Difference IV, Random, 95% CI [days] -4 -2 0 2 4 Favours early Favours delayed
first_pass	Cochrane_reviews/first_pass/CD004508_early_feeding_gyn_surgery.pdf	CD004508_early_feeding_gyn_surgery	1.12	1	main_comparison	.	Early versus delayed oral fluids and food after major abdominal gynaecologic surgery	Early versus delayed oral fluids and food after major abdominal gynaecologic surgery	early versus delayed oral fluids food after major abdominal gynaecologic surgery	Febrile morbidity	Risk Ratio	dichotomous	1	Balayla 2015	Balayla 2015	matched_reference_block	no	no	.	.	Early	11	61	.	.	Delayed	17	58	.	.	23.5	0.62	0.32	1.20	estimable	extracted	.	Analysis 1.12. Comparison 1: Early versus delayed oral fluids and food after major abdominal gynaecologic surgery, Outcome 12: Febrile morbidity Study or Subgroup Balayla 2015 MacMillan 2000 Pearl 1998 Total (95% CI) Total events: Heterogeneity: Chi² = 3.79, df = 2 (P = 0.15); I² = 47% Test for overall effect: Z = 0.37 (P = 0.71) Test for subgroup differences: Not applicableEarly Events 11 7 50 68Total 61 67 92 220Delayed Events 17 3 57 77Total 58 72 103 233Weight 23.5% 3.9% 72.6% 100.0%Risk Ratio M-H, Fixed, 95% CI 0.62 [0.32, 1.20] 2.51 [0.68, 9.30] 0.98 [0.76, 1.27] 0.96 [0.75, 1.22]Risk Ratio M-H, Fixed, 95% CI 0.05 0.2 1 5 20 Favours early Favours delayed Early versus delayed oral feeding after major gynaecologic surgery (Review) Copyright © 2024 The Cochrane Collaboration. Published by John Wiley & Sons, Ltd.38 Cochrane LibraryTrusted evidence. Informed decisions. Better health. C...
first_pass	Cochrane_reviews/first_pass/CD004508_early_feeding_gyn_surgery.pdf	CD004508_early_feeding_gyn_surgery	1.12	1	main_comparison	.	Early versus delayed oral fluids and food after major abdominal gynaecologic surgery	Early versus delayed oral fluids and food after major abdominal gynaecologic surgery	early versus delayed oral fluids food after major abdominal gynaecologic surgery	Febrile morbidity	Risk Ratio	dichotomous	2	MacMillan 2000	MacMillan 2000	matched_reference_block	yes	no	11004367	.	Early	7	67	.	.	Delayed	3	72	.	.	3.9	2.51	0.68	9.30	estimable	extracted	.	Analysis 1.12. Comparison 1: Early versus delayed oral fluids and food after major abdominal gynaecologic surgery, Outcome 12: Febrile morbidity Study or Subgroup Balayla 2015 MacMillan 2000 Pearl 1998 Total (95% CI) Total events: Heterogeneity: Chi² = 3.79, df = 2 (P = 0.15); I² = 47% Test for overall effect: Z = 0.37 (P = 0.71) Test for subgroup differences: Not applicableEarly Events 11 7 50 68Total 61 67 92 220Delayed Events 17 3 57 77Total 58 72 103 233Weight 23.5% 3.9% 72.6% 100.0%Risk Ratio M-H, Fixed, 95% CI 0.62 [0.32, 1.20] 2.51 [0.68, 9.30] 0.98 [0.76, 1.27] 0.96 [0.75, 1.22]Risk Ratio M-H, Fixed, 95% CI 0.05 0.2 1 5 20 Favours early Favours delayed Early versus delayed oral feeding after major gynaecologic surgery (Review) Copyright © 2024 The Cochrane Collaboration. Published by John Wiley & Sons, Ltd.38 Cochrane LibraryTrusted evidence. Informed decisions. Better health. C...
first_pass	Cochrane_reviews/first_pass/CD004508_early_feeding_gyn_surgery.pdf	CD004508_early_feeding_gyn_surgery	1.12	1	main_comparison	.	Early versus delayed oral fluids and food after major abdominal gynaecologic surgery	Early versus delayed oral fluids and food after major abdominal gynaecologic surgery	early versus delayed oral fluids food after major abdominal gynaecologic surgery	Febrile morbidity	Risk Ratio	dichotomous	3	Pearl 1998	Pearl 1998	matched_reference_block	yes	no	9649101	.	Early	50	92	.	.	Delayed	57	103	.	.	72.6	0.98	0.76	1.27	estimable	extracted	.	Analysis 1.12. Comparison 1: Early versus delayed oral fluids and food after major abdominal gynaecologic surgery, Outcome 12: Febrile morbidity Study or Subgroup Balayla 2015 MacMillan 2000 Pearl 1998 Total (95% CI) Total events: Heterogeneity: Chi² = 3.79, df = 2 (P = 0.15); I² = 47% Test for overall effect: Z = 0.37 (P = 0.71) Test for subgroup differences: Not applicableEarly Events 11 7 50 68Total 61 67 92 220Delayed Events 17 3 57 77Total 58 72 103 233Weight 23.5% 3.9% 72.6% 100.0%Risk Ratio M-H, Fixed, 95% CI 0.62 [0.32, 1.20] 2.51 [0.68, 9.30] 0.98 [0.76, 1.27] 0.96 [0.75, 1.22]Risk Ratio M-H, Fixed, 95% CI 0.05 0.2 1 5 20 Favours early Favours delayed Early versus delayed oral feeding after major gynaecologic surgery (Review) Copyright © 2024 The Cochrane Collaboration. Published by John Wiley & Sons, Ltd.38 Cochrane LibraryTrusted evidence. Informed decisions. Better health. C...
first_pass	Cochrane_reviews/first_pass/CD004508_early_feeding_gyn_surgery.pdf	CD004508_early_feeding_gyn_surgery	1.13	1	main_comparison	.	Early versus delayed oral fluids and food after major abdominal gynaecologic surgery	Early versus delayed oral fluids and food after major abdominal gynaecologic surgery	early versus delayed oral fluids food after major abdominal gynaecologic surgery	Infectious complications	Risk Ratio	dichotomous	1	Minig 2009a	Minig 2009a	matched_reference_block	yes	no	19330379	.	Early	0	18	.	.	Delayed	3	22	.	.	24.2	0.17	0.01	3.14	estimable	extracted	.	Analysis 1.13. Comparison 1: Early versus delayed oral fluids and food after major abdominal gynaecologic surgery, Outcome 13: Infectious complications Study or Subgroup Minig 2009a Minig 2009b Total (95% CI) Total events: Heterogeneity: Chi² = 0.01, df = 1 (P = 0.92); I² = 0% Test for overall effect: Z = 2.42 (P = 0.02) Test for subgroup differences: Not applicableEarly Events 0 2 2Total 18 71 89Delayed Events 3 10 13Total 22 72 94Weight 24.2% 75.8% 100.0%Risk Ratio M-H, Fixed, 95% CI 0.17 [0.01, 3.14] 0.20 [0.05, 0.89] 0.20 [0.05, 0.73]Risk Ratio M-H, Fixed, 95% CI 0.01 0.1 1 10 100 Favours early Favours delayed
first_pass	Cochrane_reviews/first_pass/CD004508_early_feeding_gyn_surgery.pdf	CD004508_early_feeding_gyn_surgery	1.13	1	main_comparison	.	Early versus delayed oral fluids and food after major abdominal gynaecologic surgery	Early versus delayed oral fluids and food after major abdominal gynaecologic surgery	early versus delayed oral fluids food after major abdominal gynaecologic surgery	Infectious complications	Risk Ratio	dichotomous	2	Minig 2009b	Minig 2009b	matched_reference_block	yes	no	19760046	.	Early	2	71	.	.	Delayed	10	72	.	.	75.8	0.20	0.05	0.89	estimable	extracted	.	Analysis 1.13. Comparison 1: Early versus delayed oral fluids and food after major abdominal gynaecologic surgery, Outcome 13: Infectious complications Study or Subgroup Minig 2009a Minig 2009b Total (95% CI) Total events: Heterogeneity: Chi² = 0.01, df = 1 (P = 0.92); I² = 0% Test for overall effect: Z = 2.42 (P = 0.02) Test for subgroup differences: Not applicableEarly Events 0 2 2Total 18 71 89Delayed Events 3 10 13Total 22 72 94Weight 24.2% 75.8% 100.0%Risk Ratio M-H, Fixed, 95% CI 0.17 [0.01, 3.14] 0.20 [0.05, 0.89] 0.20 [0.05, 0.73]Risk Ratio M-H, Fixed, 95% CI 0.01 0.1 1 10 100 Favours early Favours delayed
first_pass	Cochrane_reviews/first_pass/CD004508_early_feeding_gyn_surgery.pdf	CD004508_early_feeding_gyn_surgery	1.14	1	main_comparison	.	Early versus delayed oral fluids and food after major abdominal gynaecologic surgery	Early versus delayed oral fluids and food after major abdominal gynaecologic surgery	early versus delayed oral fluids food after major abdominal gynaecologic surgery	Wound complications	Risk Ratio	dichotomous	1	Minig 2009a	Minig 2009a	matched_reference_block	yes	no	19330379	.	Early	0	18	.	.	Delayed	3	22	.	.	11.2	0.17	0.01	3.14	estimable	extracted	.	Analysis 1.14. Comparison 1: Early versus delayed oral fluids and food after major abdominal gynaecologic surgery, Outcome 14: Wound complications Study or Subgroup Minig 2009a Minig 2009b Pearl 1998 Steed 2002 Total (95% CI) Total events: Heterogeneity: Chi² = 2.70, df = 3 (P = 0.44); I² = 0% Test for overall effect: Z = 0.79 (P = 0.43) Test for subgroup differences: Not applicableEarly Events 0 0 20 1 21Total 18 71 92 47 228Delayed Events 3 2 22 2 29Total 22 72 103 49 246Weight 11.2% 8.8% 73.2% 6.9% 100.0%Risk Ratio M-H, Fixed, 95% CI 0.17 [0.01, 3.14] 0.20 [0.01, 4.15] 1.02 [0.60, 1.74] 0.52 [0.05, 5.56] 0.82 [0.50, 1.35]Risk Ratio M-H, Fixed, 95% CI 0.01 0.1 1 10 100 Favours early Favours delayed
first_pass	Cochrane_reviews/first_pass/CD004508_early_feeding_gyn_surgery.pdf	CD004508_early_feeding_gyn_surgery	1.14	1	main_comparison	.	Early versus delayed oral fluids and food after major abdominal gynaecologic surgery	Early versus delayed oral fluids and food after major abdominal gynaecologic surgery	early versus delayed oral fluids food after major abdominal gynaecologic surgery	Wound complications	Risk Ratio	dichotomous	2	Minig 2009b	Minig 2009b	matched_reference_block	yes	no	19760046	.	Early	0	71	.	.	Delayed	2	72	.	.	8.8	0.20	0.01	4.15	estimable	extracted	.	Analysis 1.14. Comparison 1: Early versus delayed oral fluids and food after major abdominal gynaecologic surgery, Outcome 14: Wound complications Study or Subgroup Minig 2009a Minig 2009b Pearl 1998 Steed 2002 Total (95% CI) Total events: Heterogeneity: Chi² = 2.70, df = 3 (P = 0.44); I² = 0% Test for overall effect: Z = 0.79 (P = 0.43) Test for subgroup differences: Not applicableEarly Events 0 0 20 1 21Total 18 71 92 47 228Delayed Events 3 2 22 2 29Total 22 72 103 49 246Weight 11.2% 8.8% 73.2% 6.9% 100.0%Risk Ratio M-H, Fixed, 95% CI 0.17 [0.01, 3.14] 0.20 [0.01, 4.15] 1.02 [0.60, 1.74] 0.52 [0.05, 5.56] 0.82 [0.50, 1.35]Risk Ratio M-H, Fixed, 95% CI 0.01 0.1 1 10 100 Favours early Favours delayed
first_pass	Cochrane_reviews/first_pass/CD004508_early_feeding_gyn_surgery.pdf	CD004508_early_feeding_gyn_surgery	1.14	1	main_comparison	.	Early versus delayed oral fluids and food after major abdominal gynaecologic surgery	Early versus delayed oral fluids and food after major abdominal gynaecologic surgery	early versus delayed oral fluids food after major abdominal gynaecologic surgery	Wound complications	Risk Ratio	dichotomous	3	Pearl 1998	Pearl 1998	matched_reference_block	yes	no	9649101	.	Early	20	92	.	.	Delayed	22	103	.	.	73.2	1.02	0.60	1.74	estimable	extracted	.	Analysis 1.14. Comparison 1: Early versus delayed oral fluids and food after major abdominal gynaecologic surgery, Outcome 14: Wound complications Study or Subgroup Minig 2009a Minig 2009b Pearl 1998 Steed 2002 Total (95% CI) Total events: Heterogeneity: Chi² = 2.70, df = 3 (P = 0.44); I² = 0% Test for overall effect: Z = 0.79 (P = 0.43) Test for subgroup differences: Not applicableEarly Events 0 0 20 1 21Total 18 71 92 47 228Delayed Events 3 2 22 2 29Total 22 72 103 49 246Weight 11.2% 8.8% 73.2% 6.9% 100.0%Risk Ratio M-H, Fixed, 95% CI 0.17 [0.01, 3.14] 0.20 [0.01, 4.15] 1.02 [0.60, 1.74] 0.52 [0.05, 5.56] 0.82 [0.50, 1.35]Risk Ratio M-H, Fixed, 95% CI 0.01 0.1 1 10 100 Favours early Favours delayed
first_pass	Cochrane_reviews/first_pass/CD004508_early_feeding_gyn_surgery.pdf	CD004508_early_feeding_gyn_surgery	1.14	1	main_comparison	.	Early versus delayed oral fluids and food after major abdominal gynaecologic surgery	Early versus delayed oral fluids and food after major abdominal gynaecologic surgery	early versus delayed oral fluids food after major abdominal gynaecologic surgery	Wound complications	Risk Ratio	dichotomous	4	Steed 2002	Steed 2002	matched_reference_block	yes	no	12015496	.	Early	1	47	.	.	Delayed	2	49	.	.	6.9	0.52	0.05	5.56	estimable	extracted	.	Analysis 1.14. Comparison 1: Early versus delayed oral fluids and food after major abdominal gynaecologic surgery, Outcome 14: Wound complications Study or Subgroup Minig 2009a Minig 2009b Pearl 1998 Steed 2002 Total (95% CI) Total events: Heterogeneity: Chi² = 2.70, df = 3 (P = 0.44); I² = 0% Test for overall effect: Z = 0.79 (P = 0.43) Test for subgroup differences: Not applicableEarly Events 0 0 20 1 21Total 18 71 92 47 228Delayed Events 3 2 22 2 29Total 22 72 103 49 246Weight 11.2% 8.8% 73.2% 6.9% 100.0%Risk Ratio M-H, Fixed, 95% CI 0.17 [0.01, 3.14] 0.20 [0.01, 4.15] 1.02 [0.60, 1.74] 0.52 [0.05, 5.56] 0.82 [0.50, 1.35]Risk Ratio M-H, Fixed, 95% CI 0.01 0.1 1 10 100 Favours early Favours delayed
first_pass	Cochrane_reviews/first_pass/CD004508_early_feeding_gyn_surgery.pdf	CD004508_early_feeding_gyn_surgery	1.15	1	main_comparison	.	Early versus delayed oral fluids and food after major abdominal gynaecologic surgery	Early versus delayed oral fluids and food after major abdominal gynaecologic surgery	early versus delayed oral fluids food after major abdominal gynaecologic surgery	Pneumonia	Risk Ratio	dichotomous	1	Minig 2009b	Minig 2009b	matched_reference_block	yes	no	19760046	.	Early	0	71	.	.	Delayed	2	72	.	.	42.6	0.20	0.01	4.15	estimable	extracted	.	Analysis 1.15. Comparison 1: Early versus delayed oral fluids and food after major abdominal gynaecologic surgery, Outcome 15: Pneumonia Study or Subgroup Minig 2009b Pearl 1998 Steed 2002 Total (95% CI) Total events: Heterogeneity: Chi² = 0.82, df = 2 (P = 0.66); I² = 0% Test for overall effect: Z = 1.28 (P = 0.20) Test for subgroup differences: Not applicableEarly Events 0 0 1 1Total 71 92 47 210Delayed Events 2 2 1 5Total 72 103 49 224Weight 42.6% 40.5% 16.8% 100.0%Risk Ratio M-H, Fixed, 95% CI 0.20 [0.01, 4.15] 0.22 [0.01, 4.60] 1.04 [0.07, 16.19] 0.35 [0.07, 1.73]Risk Ratio M-H, Fixed, 95% CI 0.01 0.1 1 10 100 Favours early Favours delayed Early versus delayed oral feeding after major gynaecologic surgery (Review) Copyright © 2024 The Cochrane Collaboration. Published by John Wiley & Sons, Ltd.39 Cochrane LibraryTrusted evidence. Informed decisions. Better health. Cochrane Database...
first_pass	Cochrane_reviews/first_pass/CD004508_early_feeding_gyn_surgery.pdf	CD004508_early_feeding_gyn_surgery	1.15	1	main_comparison	.	Early versus delayed oral fluids and food after major abdominal gynaecologic surgery	Early versus delayed oral fluids and food after major abdominal gynaecologic surgery	early versus delayed oral fluids food after major abdominal gynaecologic surgery	Pneumonia	Risk Ratio	dichotomous	2	Pearl 1998	Pearl 1998	matched_reference_block	yes	no	9649101	.	Early	0	92	.	.	Delayed	2	103	.	.	40.5	0.22	0.01	4.60	estimable	extracted	.	Analysis 1.15. Comparison 1: Early versus delayed oral fluids and food after major abdominal gynaecologic surgery, Outcome 15: Pneumonia Study or Subgroup Minig 2009b Pearl 1998 Steed 2002 Total (95% CI) Total events: Heterogeneity: Chi² = 0.82, df = 2 (P = 0.66); I² = 0% Test for overall effect: Z = 1.28 (P = 0.20) Test for subgroup differences: Not applicableEarly Events 0 0 1 1Total 71 92 47 210Delayed Events 2 2 1 5Total 72 103 49 224Weight 42.6% 40.5% 16.8% 100.0%Risk Ratio M-H, Fixed, 95% CI 0.20 [0.01, 4.15] 0.22 [0.01, 4.60] 1.04 [0.07, 16.19] 0.35 [0.07, 1.73]Risk Ratio M-H, Fixed, 95% CI 0.01 0.1 1 10 100 Favours early Favours delayed Early versus delayed oral feeding after major gynaecologic surgery (Review) Copyright © 2024 The Cochrane Collaboration. Published by John Wiley & Sons, Ltd.39 Cochrane LibraryTrusted evidence. Informed decisions. Better health. Cochrane Database...
first_pass	Cochrane_reviews/first_pass/CD004508_early_feeding_gyn_surgery.pdf	CD004508_early_feeding_gyn_surgery	1.15	1	main_comparison	.	Early versus delayed oral fluids and food after major abdominal gynaecologic surgery	Early versus delayed oral fluids and food after major abdominal gynaecologic surgery	early versus delayed oral fluids food after major abdominal gynaecologic surgery	Pneumonia	Risk Ratio	dichotomous	3	Steed 2002	Steed 2002	matched_reference_block	yes	no	12015496	.	Early	1	47	.	.	Delayed	1	49	.	.	16.8	1.04	0.07	16.19	estimable	extracted	.	Analysis 1.15. Comparison 1: Early versus delayed oral fluids and food after major abdominal gynaecologic surgery, Outcome 15: Pneumonia Study or Subgroup Minig 2009b Pearl 1998 Steed 2002 Total (95% CI) Total events: Heterogeneity: Chi² = 0.82, df = 2 (P = 0.66); I² = 0% Test for overall effect: Z = 1.28 (P = 0.20) Test for subgroup differences: Not applicableEarly Events 0 0 1 1Total 71 92 47 210Delayed Events 2 2 1 5Total 72 103 49 224Weight 42.6% 40.5% 16.8% 100.0%Risk Ratio M-H, Fixed, 95% CI 0.20 [0.01, 4.15] 0.22 [0.01, 4.60] 1.04 [0.07, 16.19] 0.35 [0.07, 1.73]Risk Ratio M-H, Fixed, 95% CI 0.01 0.1 1 10 100 Favours early Favours delayed Early versus delayed oral feeding after major gynaecologic surgery (Review) Copyright © 2024 The Cochrane Collaboration. Published by John Wiley & Sons, Ltd.39 Cochrane LibraryTrusted evidence. Informed decisions. Better health. Cochrane Database...
first_pass	Cochrane_reviews/first_pass/CD004508_early_feeding_gyn_surgery.pdf	CD004508_early_feeding_gyn_surgery	1.17	1	main_comparison	.	Early versus delayed oral fluids and food after major abdominal gynaecologic surgery	Early versus delayed oral fluids and food after major abdominal gynaecologic surgery	early versus delayed oral fluids food after major abdominal gynaecologic surgery	Satisfaction	Mean Difference	continuous	.	.	.	.	.	.	.	.	.	.	.	.	.	.	.	.	.	.	.	.	.	.	.	not_extractable_no_study_labels	No study-level forest-plot rows could be extracted from the selected analysis block.	.
first_pass	Cochrane_reviews/first_pass/CD007895_decongestants_bp.pdf	CD007895_decongestants_bp	1.1	1	main_comparison	.	Adrenergic agonist oral decongestants (AAOD) versus placebo	Adrenergic agonist oral decongestants (AAOD) versus placebo	adrenergic agonist oral decongestants aaod versus placebo	Systolic blood pressure, measured as change-from-baseline	Mean Difference	continuous	.	.	.	.	.	.	.	.	.	.	.	.	.	.	.	.	.	.	.	.	.	.	.	not_extractable_no_study_labels	No study-level forest-plot rows could be extracted from the selected analysis block.	.
first_pass	Cochrane_reviews/first_pass/CD007895_decongestants_bp.pdf	CD007895_decongestants_bp	1.2	1	main_comparison	.	Adrenergic agonist oral decongestants (AAOD) versus placebo	Adrenergic agonist oral decongestants (AAOD) versus placebo	adrenergic agonist oral decongestants aaod versus placebo	Diastolic blood pressure, measured as change-from-baseline	Mean Difference	continuous	.	.	.	.	.	.	.	.	.	.	.	.	.	.	.	.	.	.	.	.	.	.	.	not_extractable_no_study_labels	No study-level forest-plot rows could be extracted from the selected analysis block.	.
first_pass	Cochrane_reviews/first_pass/CD007895_decongestants_bp.pdf	CD007895_decongestants_bp	1.3	1	main_comparison	.	Adrenergic agonist oral decongestants (AAOD) versus placebo	Adrenergic agonist oral decongestants (AAOD) versus placebo	adrenergic agonist oral decongestants aaod versus placebo	Heart rate, measured as change-from-baseline	Mean Difference	continuous	.	.	.	.	.	.	.	.	.	.	.	.	.	.	.	.	.	.	.	.	.	.	.	not_extractable_no_study_labels	No study-level forest-plot rows could be extracted from the selected analysis block.	.
first_pass	Cochrane_reviews/first_pass/CD007895_decongestants_bp.pdf	CD007895_decongestants_bp	1.4	1	main_comparison	.	Adrenergic agonist oral decongestants (AAOD) versus placebo	Adrenergic agonist oral decongestants (AAOD) versus placebo	adrenergic agonist oral decongestants aaod versus placebo	Withdrawals due to adverse effects	Risk Ratio	dichotomous	.	.	.	.	.	.	.	.	.	.	.	.	.	.	.	.	.	.	.	.	.	.	.	not_extractable_no_study_labels	No study-level forest-plot rows could be extracted from the selected analysis block.	.
first_pass	Cochrane_reviews/first_pass/CD010441_hyaluronidase_perineal.pdf	CD010441_hyaluronidase_perineal	1.1	1	main_comparison	.	HAase injection versus placebo injection	HAase injection versus placebo injection	hyaluronidase versus placebo	Incidence of perineal trauma (tears or episiotomy or both)	Risk Ratio	dichotomous	.	.	.	.	.	.	.	.	.	.	.	.	.	.	.	.	.	.	.	.	.	.	.	not_extractable_no_study_labels	No study-level forest-plot rows could be extracted from the selected analysis block.	.
first_pass	Cochrane_reviews/first_pass/CD010441_hyaluronidase_perineal.pdf	CD010441_hyaluronidase_perineal	1.2	1	main_comparison	.	HAase injection versus placebo injection	HAase injection versus placebo injection	hyaluronidase versus placebo	Incidence of episiotomy	Risk Ratio	dichotomous	.	.	.	.	.	.	.	.	.	.	.	.	.	.	.	.	.	.	.	.	.	.	.	not_extractable_no_study_labels	No study-level forest-plot rows could be extracted from the selected analysis block.	.
first_pass	Cochrane_reviews/first_pass/CD010441_hyaluronidase_perineal.pdf	CD010441_hyaluronidase_perineal	1.3	1	main_comparison	.	HAase injection versus placebo injection	HAase injection versus placebo injection	hyaluronidase versus placebo	Incidence of first and second degree perineal lacerations	Risk Ratio	dichotomous	.	.	.	.	.	.	.	.	.	.	.	.	.	.	.	.	.	.	.	.	.	.	.	not_extractable_no_study_labels	No study-level forest-plot rows could be extracted from the selected analysis block.	.
first_pass	Cochrane_reviews/first_pass/CD010441_hyaluronidase_perineal.pdf	CD010441_hyaluronidase_perineal	1.4	1	main_comparison	.	HAase injection versus placebo injection	HAase injection versus placebo injection	hyaluronidase versus placebo	Incidence of third and fourth degree perineal trauma	Risk Ratio	dichotomous	.	.	.	.	.	.	.	.	.	.	.	.	.	.	.	.	.	.	.	.	.	.	.	not_extractable_no_study_labels	No study-level forest-plot rows could be extracted from the selected analysis block.	.
first_pass	Cochrane_reviews/first_pass/CD010441_hyaluronidase_perineal.pdf	CD010441_hyaluronidase_perineal	1.5	1	main_comparison	.	HAase injection versus placebo injection	HAase injection versus placebo injection	hyaluronidase versus placebo	Incidence of perineal oedema 1 hour after vaginal delivery	Risk Ratio	dichotomous	.	.	.	.	.	.	.	.	.	.	.	.	.	.	.	.	.	.	.	.	.	.	.	not_extractable_no_study_labels	No study-level forest-plot rows could be extracted from the selected analysis block.	.
first_pass	Cochrane_reviews/first_pass/CD010441_hyaluronidase_perineal.pdf	CD010441_hyaluronidase_perineal	1.6	1	main_comparison	.	HAase injection versus placebo injection	HAase injection versus placebo injection	hyaluronidase versus placebo	Incidence of perineal oedema 24 hours after vaginal delivery	Risk Ratio	dichotomous	.	.	.	.	.	.	.	.	.	.	.	.	.	.	.	.	.	.	.	.	.	.	.	not_extractable_no_study_labels	No study-level forest-plot rows could be extracted from the selected analysis block.	.
first_pass	Cochrane_reviews/first_pass/CD010441_hyaluronidase_perineal.pdf	CD010441_hyaluronidase_perineal	1.7	1	main_comparison	.	HAase injection versus placebo injection	HAase injection versus placebo injection	hyaluronidase versus placebo	Incidence of neonatal Apgar scores less than 7 at five minutes	Odds Ratio	dichotomous	.	.	.	.	.	.	.	.	.	.	.	.	.	.	.	.	.	.	.	.	.	.	.	not_extractable_no_study_labels	No study-level forest-plot rows could be extracted from the selected analysis block.	.
first_pass	Cochrane_reviews/first_pass/CD010441_hyaluronidase_perineal.pdf	CD010441_hyaluronidase_perineal	2.1	2	main_comparison	.	HAase injection versus no intervention	HAase injection versus no intervention	hyaluronidase injection versus no intervention	Incidence of perineal trauma (tears or episiotomy or both)	Risk Ratio	dichotomous	.	.	.	.	.	.	.	.	.	.	.	.	.	.	.	.	.	.	.	.	.	.	.	not_extractable_no_study_labels	No study-level forest-plot rows could be extracted from the selected analysis block.	.
first_pass	Cochrane_reviews/first_pass/CD010441_hyaluronidase_perineal.pdf	CD010441_hyaluronidase_perineal	2.2	2	main_comparison	.	HAase injection versus no intervention	HAase injection versus no intervention	hyaluronidase injection versus no intervention	Incidence of episiotomy	Risk Ratio	dichotomous	.	.	.	.	.	.	.	.	.	.	.	.	.	.	.	.	.	.	.	.	.	.	.	not_extractable_no_study_labels	No study-level forest-plot rows could be extracted from the selected analysis block.	.
first_pass	Cochrane_reviews/first_pass/CD010441_hyaluronidase_perineal.pdf	CD010441_hyaluronidase_perineal	2.3	2	main_comparison	.	HAase injection versus no intervention	HAase injection versus no intervention	hyaluronidase injection versus no intervention	Incidence of first and second degree perineal lacerations	Risk Ratio	dichotomous	.	.	.	.	.	.	.	.	.	.	.	.	.	.	.	.	.	.	.	.	.	.	.	not_extractable_no_study_labels	No study-level forest-plot rows could be extracted from the selected analysis block.	.
first_pass	Cochrane_reviews/first_pass/CD010441_hyaluronidase_perineal.pdf	CD010441_hyaluronidase_perineal	2.4	2	main_comparison	.	HAase injection versus no intervention	HAase injection versus no intervention	hyaluronidase injection versus no intervention	Incidence of third and fourth degree perineal trauma	.	unclear	.	.	.	.	.	.	.	.	.	.	.	.	.	.	.	.	.	.	.	.	.	.	.	not_extractable_no_study_labels	No study-level forest-plot rows could be extracted from the selected analysis block.	.
first_pass	Cochrane_reviews/first_pass/CD010441_hyaluronidase_perineal.pdf	CD010441_hyaluronidase_perineal	2.5	2	main_comparison	.	HAase injection versus no intervention	HAase injection versus no intervention	hyaluronidase injection versus no intervention	Incidence of perineal oedema 1 hour after vaginal delivery	Risk Ratio	dichotomous	.	.	.	.	.	.	.	.	.	.	.	.	.	.	.	.	.	.	.	.	.	.	.	not_extractable_no_study_labels	No study-level forest-plot rows could be extracted from the selected analysis block.	.
first_pass	Cochrane_reviews/first_pass/CD010441_hyaluronidase_perineal.pdf	CD010441_hyaluronidase_perineal	2.6	2	main_comparison	.	HAase injection versus no intervention	HAase injection versus no intervention	hyaluronidase injection versus no intervention	Incidence of perineal oedema 24 hours after vaginal delivery	.	unclear	.	.	.	.	.	.	.	.	.	.	.	.	.	.	.	.	.	.	.	.	.	.	.	not_extractable_no_study_labels	No study-level forest-plot rows could be extracted from the selected analysis block.	.
first_pass	Cochrane_reviews/first_pass/CD010441_hyaluronidase_perineal.pdf	CD010441_hyaluronidase_perineal	2.7	2	main_comparison	.	HAase injection versus no intervention	HAase injection versus no intervention	hyaluronidase injection versus no intervention	Incidence of neonatal Apgar scores less than 7 at five minutes	.	unclear	.	.	.	.	.	.	.	.	.	.	.	.	.	.	.	.	.	.	.	.	.	.	.	not_extractable_no_study_labels	No study-level forest-plot rows could be extracted from the selected analysis block.	.
first_pass	Cochrane_reviews/first_pass/CD012178_lutein_preterm.pdf	CD012178_lutein_preterm	1.1	1	main_comparison	.	Lutein and zeaxanthin versus control (placebo or no supplementation)	Lutein and zeaxanthin versus control (placebo or no supplementation)	lutein zeaxanthin versus control placebo or no supplementation	Incidence of ROP at any stage	Risk Ratio	dichotomous	.	.	.	.	.	.	.	.	.	.	.	.	.	.	.	.	.	.	.	.	.	.	.	not_extractable_no_study_labels	No study-level forest-plot rows could be extracted from the selected analysis block.	.
first_pass	Cochrane_reviews/first_pass/CD012178_lutein_preterm.pdf	CD012178_lutein_preterm	1.2	1	main_comparison	.	Lutein and zeaxanthin versus control (placebo or no supplementation)	Lutein and zeaxanthin versus control (placebo or no supplementation)	lutein zeaxanthin versus control placebo or no supplementation	Incidence of ROP stage 3 and above	Risk Ratio	dichotomous	.	.	.	.	.	.	.	.	.	.	.	.	.	.	.	.	.	.	.	.	.	.	.	not_extractable_no_study_labels	No study-level forest-plot rows could be extracted from the selected analysis block.	.
first_pass	Cochrane_reviews/first_pass/CD012178_lutein_preterm.pdf	CD012178_lutein_preterm	1.3	1	main_comparison	.	Lutein and zeaxanthin versus control (placebo or no supplementation)	Lutein and zeaxanthin versus control (placebo or no supplementation)	lutein zeaxanthin versus control placebo or no supplementation	Mortality assessed throughout NICU stay	Risk Ratio	dichotomous	.	.	.	.	.	.	.	.	.	.	.	.	.	.	.	.	.	.	.	.	.	.	.	not_extractable_no_study_labels	No study-level forest-plot rows could be extracted from the selected analysis block.	.
first_pass	Cochrane_reviews/first_pass/CD012178_lutein_preterm.pdf	CD012178_lutein_preterm	1.4	1	main_comparison	.	Lutein and zeaxanthin versus control (placebo or no supplementation)	Lutein and zeaxanthin versus control (placebo or no supplementation)	lutein zeaxanthin versus control placebo or no supplementation	Incidence of IVH (all grades of IVH and severe IVH grades III and IV)	Risk Ratio	dichotomous	.	.	.	.	.	.	.	.	.	.	.	.	.	.	.	.	.	.	.	.	.	.	.	not_extractable_no_study_labels	No study-level forest-plot rows could be extracted from the selected analysis block.	.
first_pass	Cochrane_reviews/first_pass/CD012178_lutein_preterm.pdf	CD012178_lutein_preterm	1.5	1	main_comparison	.	Lutein and zeaxanthin versus control (placebo or no supplementation)	Lutein and zeaxanthin versus control (placebo or no supplementation)	lutein zeaxanthin versus control placebo or no supplementation	Incidence of NEC	Risk Ratio	dichotomous	.	.	.	.	.	.	.	.	.	.	.	.	.	.	.	.	.	.	.	.	.	.	.	not_extractable_no_study_labels	No study-level forest-plot rows could be extracted from the selected analysis block.	.
first_pass	Cochrane_reviews/first_pass/CD012178_lutein_preterm.pdf	CD012178_lutein_preterm	1.6	1	main_comparison	.	Lutein and zeaxanthin versus control (placebo or no supplementation)	Lutein and zeaxanthin versus control (placebo or no supplementation)	lutein zeaxanthin versus control placebo or no supplementation	Any reported adverse effects	.	unclear	.	.	.	.	.	.	.	.	.	.	.	.	.	.	.	.	.	.	.	.	.	.	.	not_extractable_no_study_labels	No study-level forest-plot rows could be extracted from the selected analysis block.	.
first_pass	Cochrane_reviews/first_pass/CD012214_metformin_hyperplasia.pdf	CD012214_metformin_hyperplasia	1.1	1	main_comparison	.	Metformin versus megestrol	Metformin versus megestrol	metformin versus megestrol	Regression of endometrial hyperplasia (with or without atypia) to proliferative, secretory, or atrophic endometrium	Odds Ratio	dichotomous	1	Sharifzadeh 2016	Sharifzadeh 2016	matched_reference_block	yes	no	27690687	.	metformin	18	22	.	.	42megestrol	12	20	.	.	78.3	3.00	0.74	12.23	estimable	extracted	.	Analysis 1.1. Comparison 1: Metformin versus megestrol, Outcome 1: Regression of endometrial hyperplasia (with or without atypia) to proliferative, secretory, or atrophic endometrium Study or Subgroup Sharifzadeh 2016 Tabrizi 2014 Total (95% CI) Total events: Heterogeneity: Chi² = 1.07, df = 1 (P = 0.30); I² = 7% Test for overall effect: Z = 2.72 (P = 0.006) Test for subgroup differences: Not applicablemetformin Events 18 19 37Total 22 20 42megestrol Events 12 13 25Total 20 21 41Weight 78.3% 21.7% 100.0%Odds Ratio M-H, Fixed, 95% CI 3.00 [0.74, 12.23] 11.69 [1.30, 105.03] 4.89 [1.56, 15.32]Odds Ratio M-H, Fixed, 95% CI 0.05 0.2 1 5 20 Less regression with metformin Less regression with megestrolRisk of Bias A + +B + ?C - ?D - ?E + +F + -G + - Risk of bias legend (A) Random sequence generation (selection bias) (B) Allocation concealment (selection bias) (C) Blinding of participants and p...
first_pass	Cochrane_reviews/first_pass/CD012214_metformin_hyperplasia.pdf	CD012214_metformin_hyperplasia	1.1	1	main_comparison	.	Metformin versus megestrol	Metformin versus megestrol	metformin versus megestrol	Regression of endometrial hyperplasia (with or without atypia) to proliferative, secretory, or atrophic endometrium	Odds Ratio	dichotomous	2	Tabrizi 2014	Tabrizi 2014	matched_reference_block	yes	no	25556427	.	metformin	19	20	.	.	42megestrol	13	21	.	.	21.7	11.69	1.30	105.03	estimable	extracted	.	Analysis 1.1. Comparison 1: Metformin versus megestrol, Outcome 1: Regression of endometrial hyperplasia (with or without atypia) to proliferative, secretory, or atrophic endometrium Study or Subgroup Sharifzadeh 2016 Tabrizi 2014 Total (95% CI) Total events: Heterogeneity: Chi² = 1.07, df = 1 (P = 0.30); I² = 7% Test for overall effect: Z = 2.72 (P = 0.006) Test for subgroup differences: Not applicablemetformin Events 18 19 37Total 22 20 42megestrol Events 12 13 25Total 20 21 41Weight 78.3% 21.7% 100.0%Odds Ratio M-H, Fixed, 95% CI 3.00 [0.74, 12.23] 11.69 [1.30, 105.03] 4.89 [1.56, 15.32]Odds Ratio M-H, Fixed, 95% CI 0.05 0.2 1 5 20 Less regression with metformin Less regression with megestrolRisk of Bias A + +B + ?C - ?D - ?E + +F + -G + - Risk of bias legend (A) Random sequence generation (selection bias) (B) Allocation concealment (selection bias) (C) Blinding of participants and p...
first_pass	Cochrane_reviews/first_pass/CD012214_metformin_hyperplasia.pdf	CD012214_metformin_hyperplasia	1.2	1	main_comparison	.	Metformin versus megestrol	Metformin versus megestrol	metformin versus megestrol	Progression of endometrial hyperplasia to endometrial cancer	Odds Ratio	dichotomous	1	Sharifzadeh 2016	Sharifzadeh 2016	matched_reference_block	yes	no	27690687	.	metformin	0	22	.	.	42megestrol	0	20	.	.	.	.	.	.	not_estimable	partial	Could not parse study weights.	Analysis 1.2. Comparison 1: Metformin versus megestrol, Outcome 2: Progression of endometrial hyperplasia to endometrial cancer Study or Subgroup Sharifzadeh 2016 Tabrizi 2014 Total (95% CI) Total events: Heterogeneity: Not applicable Test for overall effect: Not applicable Test for subgroup differences: Not applicablemetformin Events 0 0 0Total 22 20 42megestrol Events 0 0 0Total 20 21 41WeightPeto Odds Ratio Peto, Fixed, 95% CI Not estimable Not estimable Not estimablePeto Odds Ratio Peto, Fixed, 95% CI 0.05 0.2 1 5 20 Favours metformin Favours megestrolRisk of Bias A + +B + ?C - ?D - ?E + +F + -G + - Risk of bias legend (A) Random sequence generation (selection bias) (B) Allocation concealment (selection bias) (C) Blinding of participants and personnel (performance bias) (D) Blinding of outcome assessment (detection bias) (E) Incomplete outcome data (attrition bias) (F) Selective rep...
first_pass	Cochrane_reviews/first_pass/CD012214_metformin_hyperplasia.pdf	CD012214_metformin_hyperplasia	1.2	1	main_comparison	.	Metformin versus megestrol	Metformin versus megestrol	metformin versus megestrol	Progression of endometrial hyperplasia to endometrial cancer	Odds Ratio	dichotomous	2	Tabrizi 2014	Tabrizi 2014	matched_reference_block	yes	no	25556427	.	metformin	0	20	.	.	42megestrol	0	21	.	.	.	.	.	.	not_estimable	partial	Could not parse study weights.	Analysis 1.2. Comparison 1: Metformin versus megestrol, Outcome 2: Progression of endometrial hyperplasia to endometrial cancer Study or Subgroup Sharifzadeh 2016 Tabrizi 2014 Total (95% CI) Total events: Heterogeneity: Not applicable Test for overall effect: Not applicable Test for subgroup differences: Not applicablemetformin Events 0 0 0Total 22 20 42megestrol Events 0 0 0Total 20 21 41WeightPeto Odds Ratio Peto, Fixed, 95% CI Not estimable Not estimable Not estimablePeto Odds Ratio Peto, Fixed, 95% CI 0.05 0.2 1 5 20 Favours metformin Favours megestrolRisk of Bias A + +B + ?C - ?D - ?E + +F + -G + - Risk of bias legend (A) Random sequence generation (selection bias) (B) Allocation concealment (selection bias) (C) Blinding of participants and personnel (performance bias) (D) Blinding of outcome assessment (detection bias) (E) Incomplete outcome data (attrition bias) (F) Selective rep...
first_pass	Cochrane_reviews/first_pass/CD012214_metformin_hyperplasia.pdf	CD012214_metformin_hyperplasia	1.3	1	main_comparison	.	Metformin versus megestrol	Metformin versus megestrol	metformin versus megestrol	Hysterectomy rate	Peto Odds Ratio	dichotomous	1	Sharifzadeh 2016	Sharifzadeh 2016	matched_reference_block	yes	no	27690687	.	metformin	1	23	.	.	43megestrol	1	21	.	.	100.0	0.91	0.05	15.09	estimable	extracted	.	Analysis 1.3. Comparison 1: Metformin versus megestrol, Outcome 3: Hysterectomy rate Study or Subgroup Sharifzadeh 2016 Tabrizi 2014 Total (95% CI) Total events: Heterogeneity: Not applicable Test for overall effect: Z = 0.07 (P = 0.95) Test for subgroup differences: Not applicablemetformin Events 1 0 1Total 23 20 43megestrol Events 1 0 1Total 21 21 42Weight 100.0% 100.0%Peto Odds Ratio Peto, Fixed, 95% CI 0.91 [0.05, 15.09] Not estimable 0.91 [0.05, 15.09]Peto Odds Ratio Peto, Fixed, 95% CI 0.05 0.2 1 5 20 Favours metformin Favours megestrolRisk of Bias A + +B + ?C - ?D - ?E + +F + -G + - Risk of bias legend (A) Random sequence generation (selection bias) (B) Allocation concealment (selection bias) (C) Blinding of participants and personnel (performance bias) (D) Blinding of outcome assessment (detection bias) (E) Incomplete outcome data (attrition bias) (F) Selective reporting (report...
first_pass	Cochrane_reviews/first_pass/CD012214_metformin_hyperplasia.pdf	CD012214_metformin_hyperplasia	1.3	1	main_comparison	.	Metformin versus megestrol	Metformin versus megestrol	metformin versus megestrol	Hysterectomy rate	Peto Odds Ratio	dichotomous	2	Tabrizi 2014	Tabrizi 2014	matched_reference_block	yes	no	25556427	.	metformin	0	20	.	.	43megestrol	0	21	.	.	.	.	.	.	not_estimable	partial	.	Analysis 1.3. Comparison 1: Metformin versus megestrol, Outcome 3: Hysterectomy rate Study or Subgroup Sharifzadeh 2016 Tabrizi 2014 Total (95% CI) Total events: Heterogeneity: Not applicable Test for overall effect: Z = 0.07 (P = 0.95) Test for subgroup differences: Not applicablemetformin Events 1 0 1Total 23 20 43megestrol Events 1 0 1Total 21 21 42Weight 100.0% 100.0%Peto Odds Ratio Peto, Fixed, 95% CI 0.91 [0.05, 15.09] Not estimable 0.91 [0.05, 15.09]Peto Odds Ratio Peto, Fixed, 95% CI 0.05 0.2 1 5 20 Favours metformin Favours megestrolRisk of Bias A + +B + ?C - ?D - ?E + +F + -G + - Risk of bias legend (A) Random sequence generation (selection bias) (B) Allocation concealment (selection bias) (C) Blinding of participants and personnel (performance bias) (D) Blinding of outcome assessment (detection bias) (E) Incomplete outcome data (attrition bias) (F) Selective reporting (report...
first_pass	Cochrane_reviews/first_pass/CD012214_metformin_hyperplasia.pdf	CD012214_metformin_hyperplasia	1.4	1	main_comparison	.	Metformin versus megestrol	Metformin versus megestrol	metformin versus megestrol	Abnormal uterine bleeding	Odds Ratio	dichotomous	.	.	.	.	.	.	.	.	.	.	.	.	.	.	.	.	.	.	.	.	.	.	.	not_extractable_no_study_labels	No study-level forest-plot rows could be extracted from the selected analysis block.	.
first_pass	Cochrane_reviews/first_pass/CD012214_metformin_hyperplasia.pdf	CD012214_metformin_hyperplasia	2.1	2	main_comparison	.	Metformin plus megestrol versus megestrol	Metformin plus megestrol versus megestrol	metformin plus versus megestrol	Regression of endometrial hyperplasia (with or without atypia) to proliferative, secretory or atrophic endometrium	Odds Ratio	dichotomous	1	Sayyah Melli 2018	Sayyah Melli 2018	matched_reference_block	no	no	.	.	metformin + megestrol	42	44	.	.	134megestrol	37	40	.	.	18.7	1.70	0.27	10.75	estimable	extracted	.	Analysis 2.1. Comparison 2: Metformin plus megestrol versus megestrol, Outcome 1: Regression of endometrial hyperplasia (with or without atypia) to proliferative, secretory or atrophic endometrium Study or Subgroup Sayyah Melli 2018 Shan 2014 Tehranian 2021 Yang 2020 Total (95% CI) Total events: Heterogeneity: Chi² = 1.85, df = 3 (P = 0.60); I² = 0% Test for overall effect: Z = 3.38 (P = 0.0007) Test for subgroup differences: Not applicablemetformin + megestrol Events 42 6 27 20 95Total 44 8 29 53 134megestrol Events 37 2 19 9 67Total 40 8 27 49 124Weight 18.7% 5.3% 14.4% 61.7% 100.0%Odds Ratio M-H, Fixed, 95% CI 1.70 [0.27, 10.75] 9.00 [0.94, 86.52] 5.68 [1.08, 29.80] 2.69 [1.08, 6.70] 3.27 [1.65, 6.51]Odds Ratio M-H, Fixed, 95% CI 0.05 0.2 1 5 20 Less regression with megestrol Less regression with metformin + megestrolRisk of Bias A + + + +B + ? + +C - - + -D - + + -E + - + +F + - + +...
first_pass	Cochrane_reviews/first_pass/CD012214_metformin_hyperplasia.pdf	CD012214_metformin_hyperplasia	2.1	2	main_comparison	.	Metformin plus megestrol versus megestrol	Metformin plus megestrol versus megestrol	metformin plus versus megestrol	Regression of endometrial hyperplasia (with or without atypia) to proliferative, secretory or atrophic endometrium	Odds Ratio	dichotomous	2	Shan 2014	Shan 2014	matched_reference_block	yes	yes	25045434;25358102	PMC4102740;PMC4230402	metformin + megestrol	6	8	.	.	134megestrol	2	8	.	.	5.3	9.00	0.94	86.52	estimable	extracted	.	Analysis 2.1. Comparison 2: Metformin plus megestrol versus megestrol, Outcome 1: Regression of endometrial hyperplasia (with or without atypia) to proliferative, secretory or atrophic endometrium Study or Subgroup Sayyah Melli 2018 Shan 2014 Tehranian 2021 Yang 2020 Total (95% CI) Total events: Heterogeneity: Chi² = 1.85, df = 3 (P = 0.60); I² = 0% Test for overall effect: Z = 3.38 (P = 0.0007) Test for subgroup differences: Not applicablemetformin + megestrol Events 42 6 27 20 95Total 44 8 29 53 134megestrol Events 37 2 19 9 67Total 40 8 27 49 124Weight 18.7% 5.3% 14.4% 61.7% 100.0%Odds Ratio M-H, Fixed, 95% CI 1.70 [0.27, 10.75] 9.00 [0.94, 86.52] 5.68 [1.08, 29.80] 2.69 [1.08, 6.70] 3.27 [1.65, 6.51]Odds Ratio M-H, Fixed, 95% CI 0.05 0.2 1 5 20 Less regression with megestrol Less regression with metformin + megestrolRisk of Bias A + + + +B + ? + +C - - + -D - + + -E + - + +F + - + +...
first_pass	Cochrane_reviews/first_pass/CD012214_metformin_hyperplasia.pdf	CD012214_metformin_hyperplasia	2.1	2	main_comparison	.	Metformin plus megestrol versus megestrol	Metformin plus megestrol versus megestrol	metformin plus versus megestrol	Regression of endometrial hyperplasia (with or without atypia) to proliferative, secretory or atrophic endometrium	Odds Ratio	dichotomous	3	Tehranian 2021	Tehranian 2021	matched_reference_block	yes	no	32652300	.	metformin + megestrol	27	29	.	.	134megestrol	19	27	.	.	14.4	5.68	1.08	29.80	estimable	extracted	.	Analysis 2.1. Comparison 2: Metformin plus megestrol versus megestrol, Outcome 1: Regression of endometrial hyperplasia (with or without atypia) to proliferative, secretory or atrophic endometrium Study or Subgroup Sayyah Melli 2018 Shan 2014 Tehranian 2021 Yang 2020 Total (95% CI) Total events: Heterogeneity: Chi² = 1.85, df = 3 (P = 0.60); I² = 0% Test for overall effect: Z = 3.38 (P = 0.0007) Test for subgroup differences: Not applicablemetformin + megestrol Events 42 6 27 20 95Total 44 8 29 53 134megestrol Events 37 2 19 9 67Total 40 8 27 49 124Weight 18.7% 5.3% 14.4% 61.7% 100.0%Odds Ratio M-H, Fixed, 95% CI 1.70 [0.27, 10.75] 9.00 [0.94, 86.52] 5.68 [1.08, 29.80] 2.69 [1.08, 6.70] 3.27 [1.65, 6.51]Odds Ratio M-H, Fixed, 95% CI 0.05 0.2 1 5 20 Less regression with megestrol Less regression with metformin + megestrolRisk of Bias A + + + +B + ? + +C - - + -D - + + -E + - + +F + - + +...
first_pass	Cochrane_reviews/first_pass/CD012214_metformin_hyperplasia.pdf	CD012214_metformin_hyperplasia	2.1	2	main_comparison	.	Metformin plus megestrol versus megestrol	Metformin plus megestrol versus megestrol	metformin plus versus megestrol	Regression of endometrial hyperplasia (with or without atypia) to proliferative, secretory or atrophic endometrium	Odds Ratio	dichotomous	4	Yang 2020	Yang 2020	matched_reference_block	yes	no	31961463	.	metformin + megestrol	20	53	.	.	134megestrol	9	49	.	.	61.7	2.69	1.08	6.70	estimable	extracted	.	Analysis 2.1. Comparison 2: Metformin plus megestrol versus megestrol, Outcome 1: Regression of endometrial hyperplasia (with or without atypia) to proliferative, secretory or atrophic endometrium Study or Subgroup Sayyah Melli 2018 Shan 2014 Tehranian 2021 Yang 2020 Total (95% CI) Total events: Heterogeneity: Chi² = 1.85, df = 3 (P = 0.60); I² = 0% Test for overall effect: Z = 3.38 (P = 0.0007) Test for subgroup differences: Not applicablemetformin + megestrol Events 42 6 27 20 95Total 44 8 29 53 134megestrol Events 37 2 19 9 67Total 40 8 27 49 124Weight 18.7% 5.3% 14.4% 61.7% 100.0%Odds Ratio M-H, Fixed, 95% CI 1.70 [0.27, 10.75] 9.00 [0.94, 86.52] 5.68 [1.08, 29.80] 2.69 [1.08, 6.70] 3.27 [1.65, 6.51]Odds Ratio M-H, Fixed, 95% CI 0.05 0.2 1 5 20 Less regression with megestrol Less regression with metformin + megestrolRisk of Bias A + + + +B + ? + +C - - + -D - + + -E + - + +F + - + +...
first_pass	Cochrane_reviews/first_pass/CD012214_metformin_hyperplasia.pdf	CD012214_metformin_hyperplasia	2.2	2	main_comparison	.	Metformin plus megestrol versus megestrol	Metformin plus megestrol versus megestrol	metformin plus versus megestrol	Recurrence of endometrial hyperplasia	Odds Ratio	dichotomous	1	Shan 2014	Shan 2014	matched_reference_block	yes	yes	25045434;25358102	PMC4102740;PMC4230402	megestrol	0	2	.	.	2metformin + megestrol	0	6	.	.	.	.	.	.	not_estimable	partial	Could not parse study weights.	Analysis 2.2. Comparison 2: Metformin plus megestrol versus megestrol, Outcome 2: Recurrence of endometrial hyperplasia Study or Subgroup Shan 2014 Total (95% CI) Total events: Heterogeneity: Not applicable Test for overall effect: Not applicable Test for subgroup differences: Not applicablemegestrol Events 0 0Total 2 2metformin + megestrol Events 0 0Total 6 6WeightPeto Odds Ratio Peto, Fixed, 95% CI Not estimable Not estimablePeto Odds Ratio Peto, Fixed, 95% CI 0.05 0.2 1 5 20 Favours megestrol Favours metformin + megestrolRisk of Bias A +B ?C -D +E -F -G + Risk of bias legend (A) Random sequence generation (selection bias) (B) Allocation concealment (selection bias) (C) Blinding of participants and personnel (performance bias) (D) Blinding of outcome assessment (detection bias) (E) Incomplete outcome data (attrition bias) (F) Selective reporting (reporting bias) (G) Other bias
first_pass	Cochrane_reviews/first_pass/CD012214_metformin_hyperplasia.pdf	CD012214_metformin_hyperplasia	2.3	2	main_comparison	.	Metformin plus megestrol versus megestrol	Metformin plus megestrol versus megestrol	metformin plus versus megestrol	Progression of endometrial hyperplasia to endometrial cancer	Peto Odds Ratio	dichotomous	1	Sayyah Melli 2018	Sayyah Melli 2018	matched_reference_block	no	no	.	.	megestrol	0	40	.	.	75metformin + megestrol	0	44	.	.	.	.	.	.	not_estimable	partial	.	Analysis 2.3. Comparison 2: Metformin plus megestrol versus megestrol, Outcome 3: Progression of endometrial hyperplasia to endometrial cancer Study or Subgroup Sayyah Melli 2018 Shan 2014 Tehranian 2021 Total (95% CI) Total events: Heterogeneity: Not applicable Test for overall effect: Z = 1.04 (P = 0.30) Test for subgroup differences: Not applicablemegestrol Events 0 0 1 1Total 40 8 27 75metformin + megestrol Events 0 0 0 0Total 44 8 29 81Weight 100.0% 100.0%Peto Odds Ratio Peto, Fixed, 95% CI Not estimable Not estimable 7.96 [0.16, 402.02] 7.96 [0.16, 402.02]Peto Odds Ratio Peto, Fixed, 95% CI 0.005 0.1 1 10 200 Favours megestrol Favours metformin + megestrolRisk of Bias A + + +B + ? +C - - +D - + +E + - +F + - +G + + + Risk of bias legend (A) Random sequence generation (selection bias) (B) Allocation concealment (selection bias) (C) Blinding of participants and personnel (performanc...
first_pass	Cochrane_reviews/first_pass/CD012214_metformin_hyperplasia.pdf	CD012214_metformin_hyperplasia	2.3	2	main_comparison	.	Metformin plus megestrol versus megestrol	Metformin plus megestrol versus megestrol	metformin plus versus megestrol	Progression of endometrial hyperplasia to endometrial cancer	Peto Odds Ratio	dichotomous	2	Shan 2014	Shan 2014	matched_reference_block	yes	yes	25045434;25358102	PMC4102740;PMC4230402	megestrol	0	8	.	.	75metformin + megestrol	0	8	.	.	.	.	.	.	not_estimable	partial	.	Analysis 2.3. Comparison 2: Metformin plus megestrol versus megestrol, Outcome 3: Progression of endometrial hyperplasia to endometrial cancer Study or Subgroup Sayyah Melli 2018 Shan 2014 Tehranian 2021 Total (95% CI) Total events: Heterogeneity: Not applicable Test for overall effect: Z = 1.04 (P = 0.30) Test for subgroup differences: Not applicablemegestrol Events 0 0 1 1Total 40 8 27 75metformin + megestrol Events 0 0 0 0Total 44 8 29 81Weight 100.0% 100.0%Peto Odds Ratio Peto, Fixed, 95% CI Not estimable Not estimable 7.96 [0.16, 402.02] 7.96 [0.16, 402.02]Peto Odds Ratio Peto, Fixed, 95% CI 0.005 0.1 1 10 200 Favours megestrol Favours metformin + megestrolRisk of Bias A + + +B + ? +C - - +D - + +E + - +F + - +G + + + Risk of bias legend (A) Random sequence generation (selection bias) (B) Allocation concealment (selection bias) (C) Blinding of participants and personnel (performanc...
first_pass	Cochrane_reviews/first_pass/CD012214_metformin_hyperplasia.pdf	CD012214_metformin_hyperplasia	2.3	2	main_comparison	.	Metformin plus megestrol versus megestrol	Metformin plus megestrol versus megestrol	metformin plus versus megestrol	Progression of endometrial hyperplasia to endometrial cancer	Peto Odds Ratio	dichotomous	3	Tehranian 2021	Tehranian 2021	matched_reference_block	yes	no	32652300	.	megestrol	1	27	.	.	75metformin + megestrol	0	29	.	.	100.0	7.96	0.16	402.02	estimable	extracted	.	Analysis 2.3. Comparison 2: Metformin plus megestrol versus megestrol, Outcome 3: Progression of endometrial hyperplasia to endometrial cancer Study or Subgroup Sayyah Melli 2018 Shan 2014 Tehranian 2021 Total (95% CI) Total events: Heterogeneity: Not applicable Test for overall effect: Z = 1.04 (P = 0.30) Test for subgroup differences: Not applicablemegestrol Events 0 0 1 1Total 40 8 27 75metformin + megestrol Events 0 0 0 0Total 44 8 29 81Weight 100.0% 100.0%Peto Odds Ratio Peto, Fixed, 95% CI Not estimable Not estimable 7.96 [0.16, 402.02] 7.96 [0.16, 402.02]Peto Odds Ratio Peto, Fixed, 95% CI 0.005 0.1 1 10 200 Favours megestrol Favours metformin + megestrolRisk of Bias A + + +B + ? +C - - +D - + +E + - +F + - +G + + + Risk of bias legend (A) Random sequence generation (selection bias) (B) Allocation concealment (selection bias) (C) Blinding of participants and personnel (performanc...
first_pass	Cochrane_reviews/first_pass/CD012214_metformin_hyperplasia.pdf	CD012214_metformin_hyperplasia	2.4	2	main_comparison	.	Metformin plus megestrol versus megestrol	Metformin plus megestrol versus megestrol	metformin plus versus megestrol	Hysterectomy rate	Peto Odds Ratio	dichotomous	1	Shan 2014	Shan 2014	matched_reference_block	yes	yes	25045434;25358102	PMC4102740;PMC4230402	megestrol	1	8	.	.	35metformin + megestrol	0	8	.	.	100.0	7.39	0.15	372.38	estimable	extracted	.	Analysis 2.4. Comparison 2: Metformin plus megestrol versus megestrol, Outcome 4: Hysterectomy rate Study or Subgroup Shan 2014 Tehranian 2021 Total (95% CI) Total events: Heterogeneity: Not applicable Test for overall effect: Z = 1.00 (P = 0.32) Test for subgroup differences: Not applicablemegestrol Events 1 0 1Total 8 27 35metformin + megestrol Events 0 0 0Total 8 29 37Weight 100.0% 100.0%Peto Odds Ratio Peto, Fixed, 95% CI 7.39 [0.15, 372.38] Not estimable 7.39 [0.15, 372.38]Peto Odds Ratio Peto, Fixed, 95% CI 0.005 0.1 1 10 200 Favours megestrol Favours metformin + megestrolRisk of Bias A + +B ? +C - +D + +E - +F - +G + + Risk of bias legend (A) Random sequence generation (selection bias) (B) Allocation concealment (selection bias) (C) Blinding of participants and personnel (performance bias) (D) Blinding of outcome assessment (detection bias) (E) Incomplete outcome data (attrition...
first_pass	Cochrane_reviews/first_pass/CD012214_metformin_hyperplasia.pdf	CD012214_metformin_hyperplasia	2.4	2	main_comparison	.	Metformin plus megestrol versus megestrol	Metformin plus megestrol versus megestrol	metformin plus versus megestrol	Hysterectomy rate	Peto Odds Ratio	dichotomous	2	Tehranian 2021	Tehranian 2021	matched_reference_block	yes	no	32652300	.	megestrol	0	27	.	.	35metformin + megestrol	0	29	.	.	.	.	.	.	not_estimable	partial	.	Analysis 2.4. Comparison 2: Metformin plus megestrol versus megestrol, Outcome 4: Hysterectomy rate Study or Subgroup Shan 2014 Tehranian 2021 Total (95% CI) Total events: Heterogeneity: Not applicable Test for overall effect: Z = 1.00 (P = 0.32) Test for subgroup differences: Not applicablemegestrol Events 1 0 1Total 8 27 35metformin + megestrol Events 0 0 0Total 8 29 37Weight 100.0% 100.0%Peto Odds Ratio Peto, Fixed, 95% CI 7.39 [0.15, 372.38] Not estimable 7.39 [0.15, 372.38]Peto Odds Ratio Peto, Fixed, 95% CI 0.005 0.1 1 10 200 Favours megestrol Favours metformin + megestrolRisk of Bias A + +B ? +C - +D + +E - +F - +G + + Risk of bias legend (A) Random sequence generation (selection bias) (B) Allocation concealment (selection bias) (C) Blinding of participants and personnel (performance bias) (D) Blinding of outcome assessment (detection bias) (E) Incomplete outcome data (attrition...
first_pass	Cochrane_reviews/first_pass/CD012214_metformin_hyperplasia.pdf	CD012214_metformin_hyperplasia	3.1	3	main_comparison	.	Metformin plus levonorgestrel (intrauterine system) versus levonorgestrel (intrauterine system)	Metformin plus levonorgestrel (intrauterine system) versus levonorgestrel (intrauterine system)	metformin plus versus levonorgestrel intrauterine system	Regression of endometrial hyperplasia (with or without atypia) to proliferative, secretory, or atrophic endometrium	Odds Ratio	dichotomous	.	.	.	.	.	.	.	.	.	.	.	.	.	.	.	.	.	.	.	.	.	.	.	not_extractable_no_study_labels	No study-level forest-plot rows could be extracted from the selected analysis block.	.
first_pass	Cochrane_reviews/first_pass/CD012214_metformin_hyperplasia.pdf	CD012214_metformin_hyperplasia	3.2	3	main_comparison	.	Metformin plus levonorgestrel (intrauterine system) versus levonorgestrel (intrauterine system)	Metformin plus levonorgestrel (intrauterine system) versus levonorgestrel (intrauterine system)	metformin plus versus levonorgestrel intrauterine system	Progression of endometrial hyperplasia to endometrial cancer	Odds Ratio	dichotomous	.	.	.	.	.	.	.	.	.	.	.	.	.	.	.	.	.	.	.	.	.	.	.	not_extractable_no_study_labels	No study-level forest-plot rows could be extracted from the selected analysis block.	.
first_pass	Cochrane_reviews/first_pass/CD012214_metformin_hyperplasia.pdf	CD012214_metformin_hyperplasia	3.3	3	main_comparison	.	Metformin plus levonorgestrel (intrauterine system) versus levonorgestrel (intrauterine system)	Metformin plus levonorgestrel (intrauterine system) versus levonorgestrel (intrauterine system)	metformin plus versus levonorgestrel intrauterine system	Hysterectomy rate	Odds Ratio	dichotomous	.	.	.	.	.	.	.	.	.	.	.	.	.	.	.	.	.	.	.	.	.	.	.	not_extractable_no_study_labels	No study-level forest-plot rows could be extracted from the selected analysis block.	.
first_pass	Cochrane_reviews/first_pass/CD012214_metformin_hyperplasia.pdf	CD012214_metformin_hyperplasia	3.4	3	main_comparison	.	Metformin plus levonorgestrel (intrauterine system) versus levonorgestrel (intrauterine system)	Metformin plus levonorgestrel (intrauterine system) versus levonorgestrel (intrauterine system)	metformin plus versus levonorgestrel intrauterine system	Abnormal uterine bleeding	Odds Ratio	dichotomous	.	.	.	.	.	.	.	.	.	.	.	.	.	.	.	.	.	.	.	.	.	.	.	not_extractable_no_study_labels	No study-level forest-plot rows could be extracted from the selected analysis block.	.
first_pass	Cochrane_reviews/first_pass/CD012214_metformin_hyperplasia.pdf	CD012214_metformin_hyperplasia	3.5	3	main_comparison	.	Metformin plus levonorgestrel (intrauterine system) versus levonorgestrel (intrauterine system)	Metformin plus levonorgestrel (intrauterine system) versus levonorgestrel (intrauterine system)	metformin plus versus levonorgestrel intrauterine system	Adverse effects during treatment	Odds Ratio	dichotomous	.	.	.	.	.	.	.	.	.	.	.	.	.	.	.	.	.	.	.	.	.	.	.	not_extractable_no_study_labels	No study-level forest-plot rows could be extracted from the selected analysis block.	.
first_pass	Cochrane_reviews/first_pass/CD014762_nsaids_uti.pdf	CD014762_nsaids_uti	1.1	1	main_comparison	.	Primary outcomes	Primary outcomes	primary outcomes	Short- term resolution of symptoms (days 1 to 4 after randomisation)	Risk Ratio	dichotomous	.	.	.	.	.	.	.	.	.	.	.	.	.	.	.	.	.	.	.	.	.	.	.	not_extractable_no_study_labels	No study-level forest-plot rows could be extracted from the selected analysis block.	.
first_pass	Cochrane_reviews/first_pass/CD014762_nsaids_uti.pdf	CD014762_nsaids_uti	1.2	1	main_comparison	.	Primary outcomes	Primary outcomes	primary outcomes	Medium- term resolution of symptoms (days 5 to 10 after randomisation)	Risk Ratio	dichotomous	.	.	.	.	.	.	.	.	.	.	.	.	.	.	.	.	.	.	.	.	.	.	.	not_extractable_no_study_labels	No study-level forest-plot rows could be extracted from the selected analysis block.	.
first_pass	Cochrane_reviews/first_pass/CD014762_nsaids_uti.pdf	CD014762_nsaids_uti	1.3	1	main_comparison	.	Primary outcomes	Primary outcomes	primary outcomes	Adverse events (to day 30 after randomisation)	Risk Ratio	dichotomous	.	.	.	.	.	.	.	.	.	.	.	.	.	.	.	.	.	.	.	.	.	.	.	not_extractable_no_study_labels	No study-level forest-plot rows could be extracted from the selected analysis block.	.
first_pass	Cochrane_reviews/first_pass/CD014762_nsaids_uti.pdf	CD014762_nsaids_uti	2.1	2	main_comparison	.	Secondary outcomes	Secondary outcomes	secondary outcomes	Duration of symptoms [days]	Mean Difference	continuous	.	.	.	.	.	.	.	.	.	.	.	.	.	.	.	.	.	.	.	.	.	.	.	not_extractable_no_study_labels	No study-level forest-plot rows could be extracted from the selected analysis block.	.
first_pass	Cochrane_reviews/first_pass/CD014762_nsaids_uti.pdf	CD014762_nsaids_uti	2.2	2	main_comparison	.	Secondary outcomes	Secondary outcomes	secondary outcomes	Severity of symptoms	Mean Difference	continuous	.	.	.	.	.	.	.	.	.	.	.	.	.	.	.	.	.	.	.	.	.	.	.	not_extractable_no_study_labels	No study-level forest-plot rows could be extracted from the selected analysis block.	.
first_pass	Cochrane_reviews/first_pass/CD014762_nsaids_uti.pdf	CD014762_nsaids_uti	2.3	2	main_comparison	.	Secondary outcomes	Secondary outcomes	secondary outcomes	Microbiological resolution (by day 10 after randomisation)	Risk Ratio	dichotomous	.	.	.	.	.	.	.	.	.	.	.	.	.	.	.	.	.	.	.	.	.	.	.	not_extractable_no_study_labels	No study-level forest-plot rows could be extracted from the selected analysis block.	.
first_pass	Cochrane_reviews/first_pass/CD014762_nsaids_uti.pdf	CD014762_nsaids_uti	2.4	2	main_comparison	.	Secondary outcomes	Secondary outcomes	secondary outcomes	Use of rescue antibiotic treatment (by day 30 after randomisation)	Risk Ratio	dichotomous	.	.	.	.	.	.	.	.	.	.	.	.	.	.	.	.	.	.	.	.	.	.	.	not_extractable_no_study_labels	No study-level forest-plot rows could be extracted from the selected analysis block.	.
first_pass	Cochrane_reviews/first_pass/CD014762_nsaids_uti.pdf	CD014762_nsaids_uti	2.5	2	main_comparison	.	Secondary outcomes	Secondary outcomes	secondary outcomes	Emergence of antibiotic resistant bacteria	Risk Ratio	dichotomous	.	.	.	.	.	.	.	.	.	.	.	.	.	.	.	.	.	.	.	.	.	.	.	not_extractable_no_study_labels	No study-level forest-plot rows could be extracted from the selected analysis block.	.
first_pass	Cochrane_reviews/first_pass/CD014811_loop_diuretics_hf.pdf	CD014811_loop_diuretics_hf	1.1	1	main_comparison	.	Meta-analysis continuous infusion versus bolus injection	continuous infusion versus bolus injection	continuous infusion versus bolus injection	Net weight loss (kg)	Mean Difference	continuous	1	Allen 2010 (1)	Allen 2010	matched_reference_block	yes	yes	20538132	PMC3900281	Continuous infusion	.	20	2.66	2.44	Bolus injection	.	21	1.64	2.34	7.5	1.02	-0.44	2.48	estimable	extracted	.	Analysis 1.1. Comparison 1: Meta-analysis continuous infusion versus bolus injection, Outcome 1: Net weight loss (kg) Study or Subgroup Allen 2010 (1) Felker 2011 (2) Sager 2020 (3) Yayla 2015 (4) Zheng 2021 (2) Total (95% CI) Heterogeneity: Tau² = 0.05; Chi² = 5.06, df = 4 (P = 0.28); I² = 21% Test for overall effect: Z = 4.01 (P < 0.0001) Test for subgroup differences: Not applicableContinuous infusion Mean 2.66 3.67 1.43 4.6 4.72SD 2.44 4.67 1.2 5.2 1.01Total 20 152 18 15 42 247Bolus injection Mean 1.64 3.08 1.14 4.1 3.53SD 2.34 3.54 1.2 2.7 0.73Total 21 156 20 14 39 250Weight 7.5% 16.7% 22.6% 1.9% 51.3% 100.0%Mean Difference IV, Random, 95% CI 1.02 [-0.44, 2.48] 0.59 [-0.34, 1.52] 0.29 [-0.47, 1.05] 0.50 [-2.49, 3.49] 1.19 [0.81, 1.57] 0.86 [0.44, 1.28]Mean Difference IV, Random, 95% CI -4 -2 0 2 4 Favours bolus injection Favours continuous infusionRisk of Bias A ? + - + ?B + + ? +...
first_pass	Cochrane_reviews/first_pass/CD014811_loop_diuretics_hf.pdf	CD014811_loop_diuretics_hf	1.1	1	main_comparison	.	Meta-analysis continuous infusion versus bolus injection	continuous infusion versus bolus injection	continuous infusion versus bolus injection	Net weight loss (kg)	Mean Difference	continuous	2	Felker 2011 (2)	Felker 2011	matched_reference_block	yes	yes	21366472	PMC3412356	Continuous infusion	.	152	3.67	4.67	Bolus injection	.	156	3.08	3.54	16.7	0.59	-0.34	1.52	estimable	extracted	.	Analysis 1.1. Comparison 1: Meta-analysis continuous infusion versus bolus injection, Outcome 1: Net weight loss (kg) Study or Subgroup Allen 2010 (1) Felker 2011 (2) Sager 2020 (3) Yayla 2015 (4) Zheng 2021 (2) Total (95% CI) Heterogeneity: Tau² = 0.05; Chi² = 5.06, df = 4 (P = 0.28); I² = 21% Test for overall effect: Z = 4.01 (P < 0.0001) Test for subgroup differences: Not applicableContinuous infusion Mean 2.66 3.67 1.43 4.6 4.72SD 2.44 4.67 1.2 5.2 1.01Total 20 152 18 15 42 247Bolus injection Mean 1.64 3.08 1.14 4.1 3.53SD 2.34 3.54 1.2 2.7 0.73Total 21 156 20 14 39 250Weight 7.5% 16.7% 22.6% 1.9% 51.3% 100.0%Mean Difference IV, Random, 95% CI 1.02 [-0.44, 2.48] 0.59 [-0.34, 1.52] 0.29 [-0.47, 1.05] 0.50 [-2.49, 3.49] 1.19 [0.81, 1.57] 0.86 [0.44, 1.28]Mean Difference IV, Random, 95% CI -4 -2 0 2 4 Favours bolus injection Favours continuous infusionRisk of Bias A ? + - + ?B + + ? +...
first_pass	Cochrane_reviews/first_pass/CD014811_loop_diuretics_hf.pdf	CD014811_loop_diuretics_hf	1.1	1	main_comparison	.	Meta-analysis continuous infusion versus bolus injection	continuous infusion versus bolus injection	continuous infusion versus bolus injection	Net weight loss (kg)	Mean Difference	continuous	3	Sager 2020 (3)	Sager 2020	matched_reference_block	yes	yes	32670365	PMC7338932	Continuous infusion	.	18	1.43	1.2	Bolus injection	.	20	1.14	1.2	22.6	0.29	-0.47	1.05	estimable	extracted	.	Analysis 1.1. Comparison 1: Meta-analysis continuous infusion versus bolus injection, Outcome 1: Net weight loss (kg) Study or Subgroup Allen 2010 (1) Felker 2011 (2) Sager 2020 (3) Yayla 2015 (4) Zheng 2021 (2) Total (95% CI) Heterogeneity: Tau² = 0.05; Chi² = 5.06, df = 4 (P = 0.28); I² = 21% Test for overall effect: Z = 4.01 (P < 0.0001) Test for subgroup differences: Not applicableContinuous infusion Mean 2.66 3.67 1.43 4.6 4.72SD 2.44 4.67 1.2 5.2 1.01Total 20 152 18 15 42 247Bolus injection Mean 1.64 3.08 1.14 4.1 3.53SD 2.34 3.54 1.2 2.7 0.73Total 21 156 20 14 39 250Weight 7.5% 16.7% 22.6% 1.9% 51.3% 100.0%Mean Difference IV, Random, 95% CI 1.02 [-0.44, 2.48] 0.59 [-0.34, 1.52] 0.29 [-0.47, 1.05] 0.50 [-2.49, 3.49] 1.19 [0.81, 1.57] 0.86 [0.44, 1.28]Mean Difference IV, Random, 95% CI -4 -2 0 2 4 Favours bolus injection Favours continuous infusionRisk of Bias A ? + - + ?B + + ? +...
first_pass	Cochrane_reviews/first_pass/CD014811_loop_diuretics_hf.pdf	CD014811_loop_diuretics_hf	1.1	1	main_comparison	.	Meta-analysis continuous infusion versus bolus injection	continuous infusion versus bolus injection	continuous infusion versus bolus injection	Net weight loss (kg)	Mean Difference	continuous	4	Yayla 2015 (4)	Yayla 2015	matched_reference_block	yes	no	26135463	.	Continuous infusion	.	15	4.6	5.2	Bolus injection	.	14	4.1	2.7	1.9	0.50	-2.49	3.49	estimable	extracted	.	Analysis 1.1. Comparison 1: Meta-analysis continuous infusion versus bolus injection, Outcome 1: Net weight loss (kg) Study or Subgroup Allen 2010 (1) Felker 2011 (2) Sager 2020 (3) Yayla 2015 (4) Zheng 2021 (2) Total (95% CI) Heterogeneity: Tau² = 0.05; Chi² = 5.06, df = 4 (P = 0.28); I² = 21% Test for overall effect: Z = 4.01 (P < 0.0001) Test for subgroup differences: Not applicableContinuous infusion Mean 2.66 3.67 1.43 4.6 4.72SD 2.44 4.67 1.2 5.2 1.01Total 20 152 18 15 42 247Bolus injection Mean 1.64 3.08 1.14 4.1 3.53SD 2.34 3.54 1.2 2.7 0.73Total 21 156 20 14 39 250Weight 7.5% 16.7% 22.6% 1.9% 51.3% 100.0%Mean Difference IV, Random, 95% CI 1.02 [-0.44, 2.48] 0.59 [-0.34, 1.52] 0.29 [-0.47, 1.05] 0.50 [-2.49, 3.49] 1.19 [0.81, 1.57] 0.86 [0.44, 1.28]Mean Difference IV, Random, 95% CI -4 -2 0 2 4 Favours bolus injection Favours continuous infusionRisk of Bias A ? + - + ?B + + ? +...
first_pass	Cochrane_reviews/first_pass/CD014811_loop_diuretics_hf.pdf	CD014811_loop_diuretics_hf	1.1	1	main_comparison	.	Meta-analysis continuous infusion versus bolus injection	continuous infusion versus bolus injection	continuous infusion versus bolus injection	Net weight loss (kg)	Mean Difference	continuous	5	Zheng 2021 (2)	Zheng 2021	matched_reference_block	yes	yes	33689236	PMC8120396	Continuous infusion	.	42	4.72	1.01	Bolus injection	.	39	3.53	0.73	51.3	1.19	0.81	1.57	estimable	extracted	.	Analysis 1.1. Comparison 1: Meta-analysis continuous infusion versus bolus injection, Outcome 1: Net weight loss (kg) Study or Subgroup Allen 2010 (1) Felker 2011 (2) Sager 2020 (3) Yayla 2015 (4) Zheng 2021 (2) Total (95% CI) Heterogeneity: Tau² = 0.05; Chi² = 5.06, df = 4 (P = 0.28); I² = 21% Test for overall effect: Z = 4.01 (P < 0.0001) Test for subgroup differences: Not applicableContinuous infusion Mean 2.66 3.67 1.43 4.6 4.72SD 2.44 4.67 1.2 5.2 1.01Total 20 152 18 15 42 247Bolus injection Mean 1.64 3.08 1.14 4.1 3.53SD 2.34 3.54 1.2 2.7 0.73Total 21 156 20 14 39 250Weight 7.5% 16.7% 22.6% 1.9% 51.3% 100.0%Mean Difference IV, Random, 95% CI 1.02 [-0.44, 2.48] 0.59 [-0.34, 1.52] 0.29 [-0.47, 1.05] 0.50 [-2.49, 3.49] 1.19 [0.81, 1.57] 0.86 [0.44, 1.28]Mean Difference IV, Random, 95% CI -4 -2 0 2 4 Favours bolus injection Favours continuous infusionRisk of Bias A ? + - + ?B + + ? +...
first_pass	Cochrane_reviews/first_pass/CD014811_loop_diuretics_hf.pdf	CD014811_loop_diuretics_hf	1.2	1	main_comparison	.	Meta-analysis continuous infusion versus bolus injection	continuous infusion versus bolus injection	continuous infusion versus bolus injection	All-cause mortality	Risk Ratio	dichotomous	1	Allen 2010 (1)	Allen 2010	matched_reference_block	yes	yes	20538132	PMC3900281	Continuous infusion	1	20	.	.	Bolus injection	0	21	.	.	4.1	3.14	0.14	72.92	estimable	extracted	.	Analysis 1.2. Comparison 1: Meta-analysis continuous infusion versus bolus injection, Outcome 2: All-cause mortality Study or Subgroup Allen 2010 (1) Felker 2011 (2) Sager 2020 (1) Shah 2014 (3) Zheng 2021 (4) Total (95% CI) Total events: Heterogeneity: Tau² = 0.03; Chi² = 3.13, df = 3 (P = 0.37); I² = 4% Test for overall effect: Z = 1.30 (P = 0.19) Test for subgroup differences: Not applicableContinuous infusion Events 1 16 8 1 0 26Total 20 152 20 30 42 264Bolus injection Events 0 13 2 2 0 17Total 21 156 20 30 39 266Weight 4.1% 69.4% 19.3% 7.3% 100.0%Risk Ratio M-H, Random, 95% CI 3.14 [0.14, 72.92] 1.26 [0.63, 2.54] 4.00 [0.97, 16.55] 0.50 [0.05, 5.22] Not estimable 1.53 [0.81, 2.90]Risk Ratio M-H, Random, 95% CI 0.01 0.1 1 10 100 Favours continuous infusion Favours bolus injectionRisk of Bias A ? + - ? ?B + + ? ? ?C + + + + -D + + + + +E ? + ? ? ?F ? + - ? - Footnotes (1) 90 days. (2...
first_pass	Cochrane_reviews/first_pass/CD014811_loop_diuretics_hf.pdf	CD014811_loop_diuretics_hf	1.2	1	main_comparison	.	Meta-analysis continuous infusion versus bolus injection	continuous infusion versus bolus injection	continuous infusion versus bolus injection	All-cause mortality	Risk Ratio	dichotomous	2	Felker 2011 (2)	Felker 2011	matched_reference_block	yes	yes	21366472	PMC3412356	Continuous infusion	16	152	.	.	Bolus injection	13	156	.	.	69.4	1.26	0.63	2.54	estimable	extracted	.	Analysis 1.2. Comparison 1: Meta-analysis continuous infusion versus bolus injection, Outcome 2: All-cause mortality Study or Subgroup Allen 2010 (1) Felker 2011 (2) Sager 2020 (1) Shah 2014 (3) Zheng 2021 (4) Total (95% CI) Total events: Heterogeneity: Tau² = 0.03; Chi² = 3.13, df = 3 (P = 0.37); I² = 4% Test for overall effect: Z = 1.30 (P = 0.19) Test for subgroup differences: Not applicableContinuous infusion Events 1 16 8 1 0 26Total 20 152 20 30 42 264Bolus injection Events 0 13 2 2 0 17Total 21 156 20 30 39 266Weight 4.1% 69.4% 19.3% 7.3% 100.0%Risk Ratio M-H, Random, 95% CI 3.14 [0.14, 72.92] 1.26 [0.63, 2.54] 4.00 [0.97, 16.55] 0.50 [0.05, 5.22] Not estimable 1.53 [0.81, 2.90]Risk Ratio M-H, Random, 95% CI 0.01 0.1 1 10 100 Favours continuous infusion Favours bolus injectionRisk of Bias A ? + - ? ?B + + ? ? ?C + + + + -D + + + + +E ? + ? ? ?F ? + - ? - Footnotes (1) 90 days. (2...
first_pass	Cochrane_reviews/first_pass/CD014811_loop_diuretics_hf.pdf	CD014811_loop_diuretics_hf	1.2	1	main_comparison	.	Meta-analysis continuous infusion versus bolus injection	continuous infusion versus bolus injection	continuous infusion versus bolus injection	All-cause mortality	Risk Ratio	dichotomous	3	Sager 2020 (1)	Sager 2020	matched_reference_block	yes	yes	32670365	PMC7338932	Continuous infusion	8	20	.	.	Bolus injection	2	20	.	.	19.3	4.00	0.97	16.55	estimable	extracted	.	Analysis 1.2. Comparison 1: Meta-analysis continuous infusion versus bolus injection, Outcome 2: All-cause mortality Study or Subgroup Allen 2010 (1) Felker 2011 (2) Sager 2020 (1) Shah 2014 (3) Zheng 2021 (4) Total (95% CI) Total events: Heterogeneity: Tau² = 0.03; Chi² = 3.13, df = 3 (P = 0.37); I² = 4% Test for overall effect: Z = 1.30 (P = 0.19) Test for subgroup differences: Not applicableContinuous infusion Events 1 16 8 1 0 26Total 20 152 20 30 42 264Bolus injection Events 0 13 2 2 0 17Total 21 156 20 30 39 266Weight 4.1% 69.4% 19.3% 7.3% 100.0%Risk Ratio M-H, Random, 95% CI 3.14 [0.14, 72.92] 1.26 [0.63, 2.54] 4.00 [0.97, 16.55] 0.50 [0.05, 5.22] Not estimable 1.53 [0.81, 2.90]Risk Ratio M-H, Random, 95% CI 0.01 0.1 1 10 100 Favours continuous infusion Favours bolus injectionRisk of Bias A ? + - ? ?B + + ? ? ?C + + + + -D + + + + +E ? + ? ? ?F ? + - ? - Footnotes (1) 90 days. (2...
first_pass	Cochrane_reviews/first_pass/CD014811_loop_diuretics_hf.pdf	CD014811_loop_diuretics_hf	1.2	1	main_comparison	.	Meta-analysis continuous infusion versus bolus injection	continuous infusion versus bolus injection	continuous infusion versus bolus injection	All-cause mortality	Risk Ratio	dichotomous	4	Shah 2014 (3)	Shah 2014	matched_reference_block	yes	yes	24973836	PMC4121756	Continuous infusion	1	30	.	.	Bolus injection	2	30	.	.	7.3	0.50	0.05	5.22	estimable	extracted	.	Analysis 1.2. Comparison 1: Meta-analysis continuous infusion versus bolus injection, Outcome 2: All-cause mortality Study or Subgroup Allen 2010 (1) Felker 2011 (2) Sager 2020 (1) Shah 2014 (3) Zheng 2021 (4) Total (95% CI) Total events: Heterogeneity: Tau² = 0.03; Chi² = 3.13, df = 3 (P = 0.37); I² = 4% Test for overall effect: Z = 1.30 (P = 0.19) Test for subgroup differences: Not applicableContinuous infusion Events 1 16 8 1 0 26Total 20 152 20 30 42 264Bolus injection Events 0 13 2 2 0 17Total 21 156 20 30 39 266Weight 4.1% 69.4% 19.3% 7.3% 100.0%Risk Ratio M-H, Random, 95% CI 3.14 [0.14, 72.92] 1.26 [0.63, 2.54] 4.00 [0.97, 16.55] 0.50 [0.05, 5.22] Not estimable 1.53 [0.81, 2.90]Risk Ratio M-H, Random, 95% CI 0.01 0.1 1 10 100 Favours continuous infusion Favours bolus injectionRisk of Bias A ? + - ? ?B + + ? ? ?C + + + + -D + + + + +E ? + ? ? ?F ? + - ? - Footnotes (1) 90 days. (2...
first_pass	Cochrane_reviews/first_pass/CD014811_loop_diuretics_hf.pdf	CD014811_loop_diuretics_hf	1.2	1	main_comparison	.	Meta-analysis continuous infusion versus bolus injection	continuous infusion versus bolus injection	continuous infusion versus bolus injection	All-cause mortality	Risk Ratio	dichotomous	5	Zheng 2021 (4)	Zheng 2021	matched_reference_block	yes	yes	33689236	PMC8120396	Continuous infusion	0	42	.	.	Bolus injection	0	39	.	.	.	.	.	.	not_estimable	partial	.	Analysis 1.2. Comparison 1: Meta-analysis continuous infusion versus bolus injection, Outcome 2: All-cause mortality Study or Subgroup Allen 2010 (1) Felker 2011 (2) Sager 2020 (1) Shah 2014 (3) Zheng 2021 (4) Total (95% CI) Total events: Heterogeneity: Tau² = 0.03; Chi² = 3.13, df = 3 (P = 0.37); I² = 4% Test for overall effect: Z = 1.30 (P = 0.19) Test for subgroup differences: Not applicableContinuous infusion Events 1 16 8 1 0 26Total 20 152 20 30 42 264Bolus injection Events 0 13 2 2 0 17Total 21 156 20 30 39 266Weight 4.1% 69.4% 19.3% 7.3% 100.0%Risk Ratio M-H, Random, 95% CI 3.14 [0.14, 72.92] 1.26 [0.63, 2.54] 4.00 [0.97, 16.55] 0.50 [0.05, 5.22] Not estimable 1.53 [0.81, 2.90]Risk Ratio M-H, Random, 95% CI 0.01 0.1 1 10 100 Favours continuous infusion Favours bolus injectionRisk of Bias A ? + - ? ?B + + ? ? ?C + + + + -D + + + + +E ? + ? ? ?F ? + - ? - Footnotes (1) 90 days. (2...
first_pass	Cochrane_reviews/first_pass/CD014811_loop_diuretics_hf.pdf	CD014811_loop_diuretics_hf	1.3	1	main_comparison	.	Meta-analysis continuous infusion versus bolus injection	continuous infusion versus bolus injection	continuous infusion versus bolus injection	Length of hospital stay (days)	Mean Difference	continuous	1	Allen 2010	Allen 2010	matched_reference_block	yes	yes	20538132	PMC3900281	Continuous infusion	.	20	9.85	11.72	Bolus injection	.	21	8.86	3.82	18.5	0.99	-4.40	6.38	estimable	extracted	.	Analysis 1.3. Comparison 1: Meta-analysis continuous infusion versus bolus injection, Outcome 3: Length of hospital stay (days) Study or Subgroup Allen 2010 Shah 2014 Yayla 2015 Zheng 2021 Total (95% CI) Heterogeneity: Tau² = 12.07; Chi² = 24.27, df = 3 (P < 0.0001); I² = 88% Test for overall effect: Z = 0.57 (P = 0.57) Test for subgroup differences: Not applicableContinuous infusion Mean 9.85 6.77 6.6 10.36SD 11.72 3.21 3.4 4.2Total 20 30 15 42 107Bolus injection Mean 8.86 5.03 7.9 15.68SD 3.82 3.33 4.1 6.15Total 21 30 14 39 104Weight 18.5% 28.5% 25.9% 27.0% 100.0%Mean Difference IV, Random, 95% CI 0.99 [-4.40, 6.38] 1.74 [0.08, 3.40] -1.30 [-4.05, 1.45] -5.32 [-7.63, -3.01] -1.10 [-4.84, 2.64]Mean Difference IV, Random, 95% CI -20 -10 0 10 20 Favours continuous infusion Favours bolus injectionRisk of Bias A ? ? + ?B + + + ?C + + + -D + + + +E ? ? ? ?F ? ? ? - Risk of bias legend (A) B...
first_pass	Cochrane_reviews/first_pass/CD014811_loop_diuretics_hf.pdf	CD014811_loop_diuretics_hf	1.3	1	main_comparison	.	Meta-analysis continuous infusion versus bolus injection	continuous infusion versus bolus injection	continuous infusion versus bolus injection	Length of hospital stay (days)	Mean Difference	continuous	2	Shah 2014	Shah 2014	matched_reference_block	yes	yes	24973836	PMC4121756	Continuous infusion	.	30	6.77	3.21	Bolus injection	.	30	5.03	3.33	28.5	1.74	0.08	3.40	estimable	extracted	.	Analysis 1.3. Comparison 1: Meta-analysis continuous infusion versus bolus injection, Outcome 3: Length of hospital stay (days) Study or Subgroup Allen 2010 Shah 2014 Yayla 2015 Zheng 2021 Total (95% CI) Heterogeneity: Tau² = 12.07; Chi² = 24.27, df = 3 (P < 0.0001); I² = 88% Test for overall effect: Z = 0.57 (P = 0.57) Test for subgroup differences: Not applicableContinuous infusion Mean 9.85 6.77 6.6 10.36SD 11.72 3.21 3.4 4.2Total 20 30 15 42 107Bolus injection Mean 8.86 5.03 7.9 15.68SD 3.82 3.33 4.1 6.15Total 21 30 14 39 104Weight 18.5% 28.5% 25.9% 27.0% 100.0%Mean Difference IV, Random, 95% CI 0.99 [-4.40, 6.38] 1.74 [0.08, 3.40] -1.30 [-4.05, 1.45] -5.32 [-7.63, -3.01] -1.10 [-4.84, 2.64]Mean Difference IV, Random, 95% CI -20 -10 0 10 20 Favours continuous infusion Favours bolus injectionRisk of Bias A ? ? + ?B + + + ?C + + + -D + + + +E ? ? ? ?F ? ? ? - Risk of bias legend (A) B...
first_pass	Cochrane_reviews/first_pass/CD014811_loop_diuretics_hf.pdf	CD014811_loop_diuretics_hf	1.3	1	main_comparison	.	Meta-analysis continuous infusion versus bolus injection	continuous infusion versus bolus injection	continuous infusion versus bolus injection	Length of hospital stay (days)	Mean Difference	continuous	3	Yayla 2015	Yayla 2015	matched_reference_block	yes	no	26135463	.	Continuous infusion	.	15	6.6	3.4	Bolus injection	.	14	7.9	4.1	25.9	-1.30	-4.05	1.45	estimable	extracted	.	Analysis 1.3. Comparison 1: Meta-analysis continuous infusion versus bolus injection, Outcome 3: Length of hospital stay (days) Study or Subgroup Allen 2010 Shah 2014 Yayla 2015 Zheng 2021 Total (95% CI) Heterogeneity: Tau² = 12.07; Chi² = 24.27, df = 3 (P < 0.0001); I² = 88% Test for overall effect: Z = 0.57 (P = 0.57) Test for subgroup differences: Not applicableContinuous infusion Mean 9.85 6.77 6.6 10.36SD 11.72 3.21 3.4 4.2Total 20 30 15 42 107Bolus injection Mean 8.86 5.03 7.9 15.68SD 3.82 3.33 4.1 6.15Total 21 30 14 39 104Weight 18.5% 28.5% 25.9% 27.0% 100.0%Mean Difference IV, Random, 95% CI 0.99 [-4.40, 6.38] 1.74 [0.08, 3.40] -1.30 [-4.05, 1.45] -5.32 [-7.63, -3.01] -1.10 [-4.84, 2.64]Mean Difference IV, Random, 95% CI -20 -10 0 10 20 Favours continuous infusion Favours bolus injectionRisk of Bias A ? ? + ?B + + + ?C + + + -D + + + +E ? ? ? ?F ? ? ? - Risk of bias legend (A) B...
first_pass	Cochrane_reviews/first_pass/CD014811_loop_diuretics_hf.pdf	CD014811_loop_diuretics_hf	1.3	1	main_comparison	.	Meta-analysis continuous infusion versus bolus injection	continuous infusion versus bolus injection	continuous infusion versus bolus injection	Length of hospital stay (days)	Mean Difference	continuous	4	Zheng 2021	Zheng 2021	matched_reference_block	yes	yes	33689236	PMC8120396	Continuous infusion	.	42	10.36	4.2	Bolus injection	.	39	15.68	6.15	27.0	-5.32	-7.63	-3.01	estimable	extracted	.	Analysis 1.3. Comparison 1: Meta-analysis continuous infusion versus bolus injection, Outcome 3: Length of hospital stay (days) Study or Subgroup Allen 2010 Shah 2014 Yayla 2015 Zheng 2021 Total (95% CI) Heterogeneity: Tau² = 12.07; Chi² = 24.27, df = 3 (P < 0.0001); I² = 88% Test for overall effect: Z = 0.57 (P = 0.57) Test for subgroup differences: Not applicableContinuous infusion Mean 9.85 6.77 6.6 10.36SD 11.72 3.21 3.4 4.2Total 20 30 15 42 107Bolus injection Mean 8.86 5.03 7.9 15.68SD 3.82 3.33 4.1 6.15Total 21 30 14 39 104Weight 18.5% 28.5% 25.9% 27.0% 100.0%Mean Difference IV, Random, 95% CI 0.99 [-4.40, 6.38] 1.74 [0.08, 3.40] -1.30 [-4.05, 1.45] -5.32 [-7.63, -3.01] -1.10 [-4.84, 2.64]Mean Difference IV, Random, 95% CI -20 -10 0 10 20 Favours continuous infusion Favours bolus injectionRisk of Bias A ? ? + ?B + + + ?C + + + -D + + + +E ? ? ? ?F ? ? ? - Risk of bias legend (A) B...
first_pass	Cochrane_reviews/first_pass/CD014811_loop_diuretics_hf.pdf	CD014811_loop_diuretics_hf	1.4	1	main_comparison	.	Meta-analysis continuous infusion versus bolus injection	continuous infusion versus bolus injection	continuous infusion versus bolus injection	Readmission to hospital following discharge for the longest available follow-up stated in the trials	Risk Ratio	dichotomous	1	Felker 2011 (1)	Felker 2011	matched_reference_block	yes	yes	21366472	PMC3412356	Continuous infusion	42	152	.	.	Bolus injection	50	156	.	.	79.4	0.86	0.61	1.22	estimable	extracted	.	Analysis 1.4. Comparison 1: Meta-analysis continuous infusion versus bolus injection, Outcome 4: Readmission to hospital following discharge for the longest available follow-up stated in the trials Study or Subgroup Felker 2011 (1) Sager 2020 (2) Shah 2014 (2) Total (95% CI) Total events: Heterogeneity: Chi² = 0.06, df = 2 (P = 0.97); I² = 0% Test for overall effect: Z = 1.01 (P = 0.31) Test for subgroup differences: Not applicableContinuous infusion Events 42 4 7 53Total 152 15 30 197Bolus injection Events 50 6 8 64Total 156 17 30 203Weight 79.4% 8.4% 12.2% 100.0%Risk Ratio IV, Fixed, 95% CI 0.86 [0.61, 1.22] 0.76 [0.26, 2.18] 0.88 [0.36, 2.11] 0.85 [0.63, 1.16]Risk Ratio IV, Fixed, 95% CI 0.05 0.2 1 5 20 Favours continuous infusion Favours bolus injectionRisk of Bias A + - ?B + ? ?C + + +D + + +E + ? ?F + - ? Footnotes (1) 60 days. (2) 30 days. Risk of bias legend (A) Bias arising fro...
first_pass	Cochrane_reviews/first_pass/CD014811_loop_diuretics_hf.pdf	CD014811_loop_diuretics_hf	1.4	1	main_comparison	.	Meta-analysis continuous infusion versus bolus injection	continuous infusion versus bolus injection	continuous infusion versus bolus injection	Readmission to hospital following discharge for the longest available follow-up stated in the trials	Risk Ratio	dichotomous	2	Sager 2020 (2)	Sager 2020	matched_reference_block	yes	yes	32670365	PMC7338932	Continuous infusion	4	15	.	.	Bolus injection	6	17	.	.	8.4	0.76	0.26	2.18	estimable	extracted	.	Analysis 1.4. Comparison 1: Meta-analysis continuous infusion versus bolus injection, Outcome 4: Readmission to hospital following discharge for the longest available follow-up stated in the trials Study or Subgroup Felker 2011 (1) Sager 2020 (2) Shah 2014 (2) Total (95% CI) Total events: Heterogeneity: Chi² = 0.06, df = 2 (P = 0.97); I² = 0% Test for overall effect: Z = 1.01 (P = 0.31) Test for subgroup differences: Not applicableContinuous infusion Events 42 4 7 53Total 152 15 30 197Bolus injection Events 50 6 8 64Total 156 17 30 203Weight 79.4% 8.4% 12.2% 100.0%Risk Ratio IV, Fixed, 95% CI 0.86 [0.61, 1.22] 0.76 [0.26, 2.18] 0.88 [0.36, 2.11] 0.85 [0.63, 1.16]Risk Ratio IV, Fixed, 95% CI 0.05 0.2 1 5 20 Favours continuous infusion Favours bolus injectionRisk of Bias A + - ?B + ? ?C + + +D + + +E + ? ?F + - ? Footnotes (1) 60 days. (2) 30 days. Risk of bias legend (A) Bias arising fro...
first_pass	Cochrane_reviews/first_pass/CD014811_loop_diuretics_hf.pdf	CD014811_loop_diuretics_hf	1.4	1	main_comparison	.	Meta-analysis continuous infusion versus bolus injection	continuous infusion versus bolus injection	continuous infusion versus bolus injection	Readmission to hospital following discharge for the longest available follow-up stated in the trials	Risk Ratio	dichotomous	3	Shah 2014 (2)	Shah 2014	matched_reference_block	yes	yes	24973836	PMC4121756	Continuous infusion	7	30	.	.	Bolus injection	8	30	.	.	12.2	0.88	0.36	2.11	estimable	extracted	.	Analysis 1.4. Comparison 1: Meta-analysis continuous infusion versus bolus injection, Outcome 4: Readmission to hospital following discharge for the longest available follow-up stated in the trials Study or Subgroup Felker 2011 (1) Sager 2020 (2) Shah 2014 (2) Total (95% CI) Total events: Heterogeneity: Chi² = 0.06, df = 2 (P = 0.97); I² = 0% Test for overall effect: Z = 1.01 (P = 0.31) Test for subgroup differences: Not applicableContinuous infusion Events 42 4 7 53Total 152 15 30 197Bolus injection Events 50 6 8 64Total 156 17 30 203Weight 79.4% 8.4% 12.2% 100.0%Risk Ratio IV, Fixed, 95% CI 0.86 [0.61, 1.22] 0.76 [0.26, 2.18] 0.88 [0.36, 2.11] 0.85 [0.63, 1.16]Risk Ratio IV, Fixed, 95% CI 0.05 0.2 1 5 20 Favours continuous infusion Favours bolus injectionRisk of Bias A + - ?B + ? ?C + + +D + + +E + ? ?F + - ? Footnotes (1) 60 days. (2) 30 days. Risk of bias legend (A) Bias arising fro...
first_pass	Cochrane_reviews/first_pass/CD014811_loop_diuretics_hf.pdf	CD014811_loop_diuretics_hf	1.5	1	main_comparison	.	Meta-analysis continuous infusion versus bolus injection	continuous infusion versus bolus injection	continuous infusion versus bolus injection	Acute kidney injury (adverse event)	Risk Ratio	dichotomous	1	Felker 2011	Felker 2011	matched_reference_block	yes	yes	21366472	PMC3412356	Continuous infusion	28	146	.	.	Bolus injection	27	155	.	.	63.9	1.10	0.68	1.78	estimable	extracted	.	Analysis 1.5. Comparison 1: Meta-analysis continuous infusion versus bolus injection, Outcome 5: Acute kidney injury (adverse event) Study or Subgroup Felker 2011 Llorens 2014 Zheng 2021 Total (95% CI) Total events: Heterogeneity: Tau² = 0.00; Chi² = 0.71, df = 2 (P = 0.70); I² = 0% Test for overall effect: Z = 0.10 (P = 0.92) Test for subgroup differences: Not applicableContinuous infusion Events 28 6 7 41Total 146 36 42 224Bolus injection Events 27 11 9 47Total 155 73 39 267Weight 63.9% 17.6% 18.6% 100.0%Risk Ratio M-H, Random, 95% CI 1.10 [0.68, 1.78] 1.11 [0.44, 2.75] 0.72 [0.30, 1.75] 1.02 [0.70, 1.49]Risk Ratio M-H, Random, 95% CI 0.01 0.1 1 10 100 Favours continuous infusion Favours bolus injectionRisk of Bias A + + ?B + + ?C + + -D + + +E + + ?F + + - Risk of bias legend (A) Bias arising from the randomization process (B) Bias due to deviations from intended interventions (C) Bi...
first_pass	Cochrane_reviews/first_pass/CD014811_loop_diuretics_hf.pdf	CD014811_loop_diuretics_hf	1.5	1	main_comparison	.	Meta-analysis continuous infusion versus bolus injection	continuous infusion versus bolus injection	continuous infusion versus bolus injection	Acute kidney injury (adverse event)	Risk Ratio	dichotomous	2	Llorens 2014	Llorens 2014	matched_reference_block	yes	no	23793945	.	Continuous infusion	6	36	.	.	Bolus injection	11	73	.	.	17.6	1.11	0.44	2.75	estimable	extracted	.	Analysis 1.5. Comparison 1: Meta-analysis continuous infusion versus bolus injection, Outcome 5: Acute kidney injury (adverse event) Study or Subgroup Felker 2011 Llorens 2014 Zheng 2021 Total (95% CI) Total events: Heterogeneity: Tau² = 0.00; Chi² = 0.71, df = 2 (P = 0.70); I² = 0% Test for overall effect: Z = 0.10 (P = 0.92) Test for subgroup differences: Not applicableContinuous infusion Events 28 6 7 41Total 146 36 42 224Bolus injection Events 27 11 9 47Total 155 73 39 267Weight 63.9% 17.6% 18.6% 100.0%Risk Ratio M-H, Random, 95% CI 1.10 [0.68, 1.78] 1.11 [0.44, 2.75] 0.72 [0.30, 1.75] 1.02 [0.70, 1.49]Risk Ratio M-H, Random, 95% CI 0.01 0.1 1 10 100 Favours continuous infusion Favours bolus injectionRisk of Bias A + + ?B + + ?C + + -D + + +E + + ?F + + - Risk of bias legend (A) Bias arising from the randomization process (B) Bias due to deviations from intended interventions (C) Bi...
first_pass	Cochrane_reviews/first_pass/CD014811_loop_diuretics_hf.pdf	CD014811_loop_diuretics_hf	1.5	1	main_comparison	.	Meta-analysis continuous infusion versus bolus injection	continuous infusion versus bolus injection	continuous infusion versus bolus injection	Acute kidney injury (adverse event)	Risk Ratio	dichotomous	3	Zheng 2021	Zheng 2021	matched_reference_block	yes	yes	33689236	PMC8120396	Continuous infusion	7	42	.	.	Bolus injection	9	39	.	.	18.6	0.72	0.30	1.75	estimable	extracted	.	Analysis 1.5. Comparison 1: Meta-analysis continuous infusion versus bolus injection, Outcome 5: Acute kidney injury (adverse event) Study or Subgroup Felker 2011 Llorens 2014 Zheng 2021 Total (95% CI) Total events: Heterogeneity: Tau² = 0.00; Chi² = 0.71, df = 2 (P = 0.70); I² = 0% Test for overall effect: Z = 0.10 (P = 0.92) Test for subgroup differences: Not applicableContinuous infusion Events 28 6 7 41Total 146 36 42 224Bolus injection Events 27 11 9 47Total 155 73 39 267Weight 63.9% 17.6% 18.6% 100.0%Risk Ratio M-H, Random, 95% CI 1.10 [0.68, 1.78] 1.11 [0.44, 2.75] 0.72 [0.30, 1.75] 1.02 [0.70, 1.49]Risk Ratio M-H, Random, 95% CI 0.01 0.1 1 10 100 Favours continuous infusion Favours bolus injectionRisk of Bias A + + ?B + + ?C + + -D + + +E + + ?F + + - Risk of bias legend (A) Bias arising from the randomization process (B) Bias due to deviations from intended interventions (C) Bi...
first_pass	Cochrane_reviews/first_pass/CD014811_loop_diuretics_hf.pdf	CD014811_loop_diuretics_hf	2.1	2	sensitivity_analysis	1	Sensitivity analysis - exclusion of trials with high risk of bias	exclusion of trials with high risk of bias	exclusion of trials with high risk of bias	Net weight loss (kg)	Mean Difference	continuous	1	Allen 2010 (1)	Allen 2010	matched_reference_block	yes	yes	20538132	PMC3900281	Continuous infusion	.	20	2.66	2.44	Bolus injection	.	21	1.64	2.34	26.8	1.02	-0.44	2.48	estimable	extracted	.	Analysis 2.1. Comparison 2: Sensitivity analysis - exclusion of trials with high risk of bias, Outcome 1: Net weight loss (kg) Study or Subgroup Allen 2010 (1) Felker 2011 (2) Yayla 2015 (3) Total (95% CI) Heterogeneity: Tau² = 0.00; Chi² = 0.25, df = 2 (P = 0.88); I² = 0% Test for overall effect: Z = 1.81 (P = 0.07) Test for subgroup differences: Not applicableContinuous infusion Mean 2.66 3.67 4.6SD 2.44 4.67 5.2Total 20 152 15 187Bolus injection Mean 1.64 3.08 4.1SD 2.34 3.54 2.7Total 21 156 14 191Weight 26.8% 66.8% 6.4% 100.0%Mean Difference IV, Random, 95% CI 1.02 [-0.44, 2.48] 0.59 [-0.34, 1.52] 0.50 [-2.49, 3.49] 0.70 [-0.06, 1.46]Mean Difference IV, Random, 95% CI -4 -2 0 2 4 Favours bolus injection Favours continuous infusionRisk of Bias A ? + +B + + +C + + +D + + +E ? + ?F ? + ? Footnotes (1) Until hospital day 3 or discharge, whichever came first. (2) At 72 hours. (3) Until d...
first_pass	Cochrane_reviews/first_pass/CD014811_loop_diuretics_hf.pdf	CD014811_loop_diuretics_hf	2.1	2	sensitivity_analysis	1	Sensitivity analysis - exclusion of trials with high risk of bias	exclusion of trials with high risk of bias	exclusion of trials with high risk of bias	Net weight loss (kg)	Mean Difference	continuous	2	Felker 2011 (2)	Felker 2011	matched_reference_block	yes	yes	21366472	PMC3412356	Continuous infusion	.	152	3.67	4.67	Bolus injection	.	156	3.08	3.54	66.8	0.59	-0.34	1.52	estimable	extracted	.	Analysis 2.1. Comparison 2: Sensitivity analysis - exclusion of trials with high risk of bias, Outcome 1: Net weight loss (kg) Study or Subgroup Allen 2010 (1) Felker 2011 (2) Yayla 2015 (3) Total (95% CI) Heterogeneity: Tau² = 0.00; Chi² = 0.25, df = 2 (P = 0.88); I² = 0% Test for overall effect: Z = 1.81 (P = 0.07) Test for subgroup differences: Not applicableContinuous infusion Mean 2.66 3.67 4.6SD 2.44 4.67 5.2Total 20 152 15 187Bolus injection Mean 1.64 3.08 4.1SD 2.34 3.54 2.7Total 21 156 14 191Weight 26.8% 66.8% 6.4% 100.0%Mean Difference IV, Random, 95% CI 1.02 [-0.44, 2.48] 0.59 [-0.34, 1.52] 0.50 [-2.49, 3.49] 0.70 [-0.06, 1.46]Mean Difference IV, Random, 95% CI -4 -2 0 2 4 Favours bolus injection Favours continuous infusionRisk of Bias A ? + +B + + +C + + +D + + +E ? + ?F ? + ? Footnotes (1) Until hospital day 3 or discharge, whichever came first. (2) At 72 hours. (3) Until d...
first_pass	Cochrane_reviews/first_pass/CD014811_loop_diuretics_hf.pdf	CD014811_loop_diuretics_hf	2.1	2	sensitivity_analysis	1	Sensitivity analysis - exclusion of trials with high risk of bias	exclusion of trials with high risk of bias	exclusion of trials with high risk of bias	Net weight loss (kg)	Mean Difference	continuous	3	Yayla 2015 (3)	Yayla 2015	matched_reference_block	yes	no	26135463	.	Continuous infusion	.	15	4.6	5.2	Bolus injection	.	14	4.1	2.7	6.4	0.50	-2.49	3.49	estimable	extracted	.	Analysis 2.1. Comparison 2: Sensitivity analysis - exclusion of trials with high risk of bias, Outcome 1: Net weight loss (kg) Study or Subgroup Allen 2010 (1) Felker 2011 (2) Yayla 2015 (3) Total (95% CI) Heterogeneity: Tau² = 0.00; Chi² = 0.25, df = 2 (P = 0.88); I² = 0% Test for overall effect: Z = 1.81 (P = 0.07) Test for subgroup differences: Not applicableContinuous infusion Mean 2.66 3.67 4.6SD 2.44 4.67 5.2Total 20 152 15 187Bolus injection Mean 1.64 3.08 4.1SD 2.34 3.54 2.7Total 21 156 14 191Weight 26.8% 66.8% 6.4% 100.0%Mean Difference IV, Random, 95% CI 1.02 [-0.44, 2.48] 0.59 [-0.34, 1.52] 0.50 [-2.49, 3.49] 0.70 [-0.06, 1.46]Mean Difference IV, Random, 95% CI -4 -2 0 2 4 Favours bolus injection Favours continuous infusionRisk of Bias A ? + +B + + +C + + +D + + +E ? + ?F ? + ? Footnotes (1) Until hospital day 3 or discharge, whichever came first. (2) At 72 hours. (3) Until d...
first_pass	Cochrane_reviews/first_pass/CD014811_loop_diuretics_hf.pdf	CD014811_loop_diuretics_hf	2.2	2	sensitivity_analysis	1	Sensitivity analysis - exclusion of trials with high risk of bias	exclusion of trials with high risk of bias	exclusion of trials with high risk of bias	All-cause mortality	Risk Ratio	dichotomous	1	Allen 2010 (1)	Allen 2010	matched_reference_block	yes	yes	20538132	PMC3900281	Continuous infusion	1	20	.	.	Bolus injection	0	21	.	.	4.3	3.14	0.14	72.92	estimable	extracted	.	Analysis 2.2. Comparison 2: Sensitivity analysis - exclusion of trials with high risk of bias, Outcome 2: All-cause mortality Study or Subgroup Allen 2010 (1) Felker 2011 (2) Shah 2014 (3) Total (95% CI) Total events: Heterogeneity: Tau² = 0.00; Chi² = 0.91, df = 2 (P = 0.63); I² = 0% Test for overall effect: Z = 0.60 (P = 0.55) Test for subgroup differences: Not applicableContinuous infusion Events 1 16 1 18Total 20 152 30 202Bolus injection Events 0 13 2 15Total 21 156 30 207Weight 4.3% 87.9% 7.8% 100.0%Risk Ratio M-H, Random, 95% CI 3.14 [0.14, 72.92] 1.26 [0.63, 2.54] 0.50 [0.05, 5.22] 1.22 [0.64, 2.35]Risk Ratio M-H, Random, 95% CI 0.01 0.1 1 10 100 Favours continuous infusion Favours bolus injectionRisk of Bias A ? + ?B + + ?C + + +D + + +E ? + ?F ? + ? Footnotes (1) 90 days. (2) 60 days. (3) 30 days. Risk of bias legend (A) Bias arising from the randomization process (B) Bias due...
first_pass	Cochrane_reviews/first_pass/CD014811_loop_diuretics_hf.pdf	CD014811_loop_diuretics_hf	2.2	2	sensitivity_analysis	1	Sensitivity analysis - exclusion of trials with high risk of bias	exclusion of trials with high risk of bias	exclusion of trials with high risk of bias	All-cause mortality	Risk Ratio	dichotomous	2	Felker 2011 (2)	Felker 2011	matched_reference_block	yes	yes	21366472	PMC3412356	Continuous infusion	16	152	.	.	Bolus injection	13	156	.	.	87.9	1.26	0.63	2.54	estimable	extracted	.	Analysis 2.2. Comparison 2: Sensitivity analysis - exclusion of trials with high risk of bias, Outcome 2: All-cause mortality Study or Subgroup Allen 2010 (1) Felker 2011 (2) Shah 2014 (3) Total (95% CI) Total events: Heterogeneity: Tau² = 0.00; Chi² = 0.91, df = 2 (P = 0.63); I² = 0% Test for overall effect: Z = 0.60 (P = 0.55) Test for subgroup differences: Not applicableContinuous infusion Events 1 16 1 18Total 20 152 30 202Bolus injection Events 0 13 2 15Total 21 156 30 207Weight 4.3% 87.9% 7.8% 100.0%Risk Ratio M-H, Random, 95% CI 3.14 [0.14, 72.92] 1.26 [0.63, 2.54] 0.50 [0.05, 5.22] 1.22 [0.64, 2.35]Risk Ratio M-H, Random, 95% CI 0.01 0.1 1 10 100 Favours continuous infusion Favours bolus injectionRisk of Bias A ? + ?B + + ?C + + +D + + +E ? + ?F ? + ? Footnotes (1) 90 days. (2) 60 days. (3) 30 days. Risk of bias legend (A) Bias arising from the randomization process (B) Bias due...
first_pass	Cochrane_reviews/first_pass/CD014811_loop_diuretics_hf.pdf	CD014811_loop_diuretics_hf	2.2	2	sensitivity_analysis	1	Sensitivity analysis - exclusion of trials with high risk of bias	exclusion of trials with high risk of bias	exclusion of trials with high risk of bias	All-cause mortality	Risk Ratio	dichotomous	3	Shah 2014 (3)	Shah 2014	matched_reference_block	yes	yes	24973836	PMC4121756	Continuous infusion	1	30	.	.	Bolus injection	2	30	.	.	7.8	0.50	0.05	5.22	estimable	extracted	.	Analysis 2.2. Comparison 2: Sensitivity analysis - exclusion of trials with high risk of bias, Outcome 2: All-cause mortality Study or Subgroup Allen 2010 (1) Felker 2011 (2) Shah 2014 (3) Total (95% CI) Total events: Heterogeneity: Tau² = 0.00; Chi² = 0.91, df = 2 (P = 0.63); I² = 0% Test for overall effect: Z = 0.60 (P = 0.55) Test for subgroup differences: Not applicableContinuous infusion Events 1 16 1 18Total 20 152 30 202Bolus injection Events 0 13 2 15Total 21 156 30 207Weight 4.3% 87.9% 7.8% 100.0%Risk Ratio M-H, Random, 95% CI 3.14 [0.14, 72.92] 1.26 [0.63, 2.54] 0.50 [0.05, 5.22] 1.22 [0.64, 2.35]Risk Ratio M-H, Random, 95% CI 0.01 0.1 1 10 100 Favours continuous infusion Favours bolus injectionRisk of Bias A ? + ?B + + ?C + + +D + + +E ? + ?F ? + ? Footnotes (1) 90 days. (2) 60 days. (3) 30 days. Risk of bias legend (A) Bias arising from the randomization process (B) Bias due...
first_pass	Cochrane_reviews/first_pass/CD014811_loop_diuretics_hf.pdf	CD014811_loop_diuretics_hf	2.3	2	sensitivity_analysis	1	Sensitivity analysis - exclusion of trials with high risk of bias	exclusion of trials with high risk of bias	exclusion of trials with high risk of bias	Length of hospital stay (days)	Mean Difference	continuous	1	Allen 2010	Allen 2010	matched_reference_block	yes	yes	20538132	PMC3900281	Continuous infusion	.	20	9.85	11.72	Bolus injection	.	21	8.86	3.82	13.1	0.99	-4.40	6.38	estimable	extracted	.	Analysis 2.3. Comparison 2: Sensitivity analysis - exclusion of trials with high risk of bias, Outcome 3: Length of hospital stay (days) Study or Subgroup Allen 2010 Shah 2014 Yayla 2015 Total (95% CI) Heterogeneity: Tau² = 1.53; Chi² = 3.44, df = 2 (P = 0.18); I² = 42% Test for overall effect: Z = 0.56 (P = 0.58) Test for subgroup differences: Not applicableContinuous infusion Mean 9.85 6.77 6.6SD 11.72 3.21 3.4Total 20 30 15 65Bolus injection Mean 8.86 5.03 7.9SD 3.82 3.33 4.1Total 21 30 14 65Weight 13.1% 53.0% 33.9% 100.0%Mean Difference IV, Random, 95% CI 0.99 [-4.40, 6.38] 1.74 [0.08, 3.40] -1.30 [-4.05, 1.45] 0.61 [-1.53, 2.75]Mean Difference IV, Random, 95% CI -20 -10 0 10 20 Favours continuous infusion Favours bolus injectionRisk of Bias A ? ? +B + + +C + + +D + + +E ? ? ?F ? ? ? Risk of bias legend (A) Bias arising from the randomization process (B) Bias due to deviations from...
first_pass	Cochrane_reviews/first_pass/CD014811_loop_diuretics_hf.pdf	CD014811_loop_diuretics_hf	2.3	2	sensitivity_analysis	1	Sensitivity analysis - exclusion of trials with high risk of bias	exclusion of trials with high risk of bias	exclusion of trials with high risk of bias	Length of hospital stay (days)	Mean Difference	continuous	2	Shah 2014	Shah 2014	matched_reference_block	yes	yes	24973836	PMC4121756	Continuous infusion	.	30	6.77	3.21	Bolus injection	.	30	5.03	3.33	53.0	1.74	0.08	3.40	estimable	extracted	.	Analysis 2.3. Comparison 2: Sensitivity analysis - exclusion of trials with high risk of bias, Outcome 3: Length of hospital stay (days) Study or Subgroup Allen 2010 Shah 2014 Yayla 2015 Total (95% CI) Heterogeneity: Tau² = 1.53; Chi² = 3.44, df = 2 (P = 0.18); I² = 42% Test for overall effect: Z = 0.56 (P = 0.58) Test for subgroup differences: Not applicableContinuous infusion Mean 9.85 6.77 6.6SD 11.72 3.21 3.4Total 20 30 15 65Bolus injection Mean 8.86 5.03 7.9SD 3.82 3.33 4.1Total 21 30 14 65Weight 13.1% 53.0% 33.9% 100.0%Mean Difference IV, Random, 95% CI 0.99 [-4.40, 6.38] 1.74 [0.08, 3.40] -1.30 [-4.05, 1.45] 0.61 [-1.53, 2.75]Mean Difference IV, Random, 95% CI -20 -10 0 10 20 Favours continuous infusion Favours bolus injectionRisk of Bias A ? ? +B + + +C + + +D + + +E ? ? ?F ? ? ? Risk of bias legend (A) Bias arising from the randomization process (B) Bias due to deviations from...
first_pass	Cochrane_reviews/first_pass/CD014811_loop_diuretics_hf.pdf	CD014811_loop_diuretics_hf	2.3	2	sensitivity_analysis	1	Sensitivity analysis - exclusion of trials with high risk of bias	exclusion of trials with high risk of bias	exclusion of trials with high risk of bias	Length of hospital stay (days)	Mean Difference	continuous	3	Yayla 2015	Yayla 2015	matched_reference_block	yes	no	26135463	.	Continuous infusion	.	15	6.6	3.4	Bolus injection	.	14	7.9	4.1	33.9	-1.30	-4.05	1.45	estimable	extracted	.	Analysis 2.3. Comparison 2: Sensitivity analysis - exclusion of trials with high risk of bias, Outcome 3: Length of hospital stay (days) Study or Subgroup Allen 2010 Shah 2014 Yayla 2015 Total (95% CI) Heterogeneity: Tau² = 1.53; Chi² = 3.44, df = 2 (P = 0.18); I² = 42% Test for overall effect: Z = 0.56 (P = 0.58) Test for subgroup differences: Not applicableContinuous infusion Mean 9.85 6.77 6.6SD 11.72 3.21 3.4Total 20 30 15 65Bolus injection Mean 8.86 5.03 7.9SD 3.82 3.33 4.1Total 21 30 14 65Weight 13.1% 53.0% 33.9% 100.0%Mean Difference IV, Random, 95% CI 0.99 [-4.40, 6.38] 1.74 [0.08, 3.40] -1.30 [-4.05, 1.45] 0.61 [-1.53, 2.75]Mean Difference IV, Random, 95% CI -20 -10 0 10 20 Favours continuous infusion Favours bolus injectionRisk of Bias A ? ? +B + + +C + + +D + + +E ? ? ?F ? ? ? Risk of bias legend (A) Bias arising from the randomization process (B) Bias due to deviations from...
first_pass	Cochrane_reviews/first_pass/CD014811_loop_diuretics_hf.pdf	CD014811_loop_diuretics_hf	2.4	2	sensitivity_analysis	1	Sensitivity analysis - exclusion of trials with high risk of bias	exclusion of trials with high risk of bias	exclusion of trials with high risk of bias	Readmission to hospital following discharge for the longest available follow-up stated in the trials	Risk Ratio	dichotomous	1	Felker 2011 (1)	Felker 2011	matched_reference_block	yes	yes	21366472	PMC3412356	Continuous infusion	42	152	.	.	Bolus injection	50	156	.	.	86.7	0.86	0.61	1.22	estimable	extracted	.	Analysis 2.4. Comparison 2: Sensitivity analysis - exclusion of trials with high risk of bias, Outcome 4: Readmission to hospital following discharge for the longest available follow-up stated in the trials Study or Subgroup Felker 2011 (1) Shah 2014 (2) Total (95% CI) Total events: Heterogeneity: Chi² = 0.00, df = 1 (P = 0.98); I² = 0% Test for overall effect: Z = 0.90 (P = 0.37) Test for subgroup differences: Not applicableContinuous infusion Events 42 7 49Total 152 30 182Bolus injection Events 50 8 58Total 156 30 186Weight 86.7% 13.3% 100.0%Risk Ratio IV, Fixed, 95% CI 0.86 [0.61, 1.22] 0.88 [0.36, 2.11] 0.86 [0.63, 1.19]Risk Ratio IV, Fixed, 95% CI 0.05 0.2 1 5 20 Favours continuous infusion Favours bolus injectionRisk of Bias A + ?B + ?C + +D + +E + ?F + ? Footnotes (1) 60 days. (2) 30 days. Risk of bias legend (A) Bias arising from the randomization process (B) Bias due to deviati...
first_pass	Cochrane_reviews/first_pass/CD014811_loop_diuretics_hf.pdf	CD014811_loop_diuretics_hf	2.4	2	sensitivity_analysis	1	Sensitivity analysis - exclusion of trials with high risk of bias	exclusion of trials with high risk of bias	exclusion of trials with high risk of bias	Readmission to hospital following discharge for the longest available follow-up stated in the trials	Risk Ratio	dichotomous	2	Shah 2014 (2)	Shah 2014	matched_reference_block	yes	yes	24973836	PMC4121756	Continuous infusion	7	30	.	.	Bolus injection	8	30	.	.	13.3	0.88	0.36	2.11	estimable	extracted	.	Analysis 2.4. Comparison 2: Sensitivity analysis - exclusion of trials with high risk of bias, Outcome 4: Readmission to hospital following discharge for the longest available follow-up stated in the trials Study or Subgroup Felker 2011 (1) Shah 2014 (2) Total (95% CI) Total events: Heterogeneity: Chi² = 0.00, df = 1 (P = 0.98); I² = 0% Test for overall effect: Z = 0.90 (P = 0.37) Test for subgroup differences: Not applicableContinuous infusion Events 42 7 49Total 152 30 182Bolus injection Events 50 8 58Total 156 30 186Weight 86.7% 13.3% 100.0%Risk Ratio IV, Fixed, 95% CI 0.86 [0.61, 1.22] 0.88 [0.36, 2.11] 0.86 [0.63, 1.19]Risk Ratio IV, Fixed, 95% CI 0.05 0.2 1 5 20 Favours continuous infusion Favours bolus injectionRisk of Bias A + ?B + ?C + +D + +E + ?F + ? Footnotes (1) 60 days. (2) 30 days. Risk of bias legend (A) Bias arising from the randomization process (B) Bias due to deviati...
first_pass	Cochrane_reviews/first_pass/CD014811_loop_diuretics_hf.pdf	CD014811_loop_diuretics_hf	2.5	2	sensitivity_analysis	1	Sensitivity analysis - exclusion of trials with high risk of bias	exclusion of trials with high risk of bias	exclusion of trials with high risk of bias	Acute kidney injury (adverse event)	Risk Ratio	dichotomous	1	Felker 2011	Felker 2011	matched_reference_block	yes	yes	21366472	PMC3412356	Continuous infusion	28	146	.	.	Bolus injection	27	155	.	.	78.4	1.10	0.68	1.78	estimable	extracted	.	Analysis 2.5. Comparison 2: Sensitivity analysis - exclusion of trials with high risk of bias, Outcome 5: Acute kidney injury (adverse event) Study or Subgroup Felker 2011 Llorens 2014 Total (95% CI) Total events: Heterogeneity: Tau² = 0.00; Chi² = 0.00, df = 1 (P = 0.99); I² = 0% Test for overall effect: Z = 0.45 (P = 0.65) Test for subgroup differences: Not applicableContinuous infusion Events 28 6 34Total 146 36 182Bolus injection Events 27 11 38Total 155 73 228Weight 78.4% 21.6% 100.0%Risk Ratio M-H, Random, 95% CI 1.10 [0.68, 1.78] 1.11 [0.44, 2.75] 1.10 [0.72, 1.68]Risk Ratio M-H, Random, 95% CI 0.01 0.1 1 10 100 Favours continuous infusion Favours bolus injectionRisk of Bias A + +B + +C + +D + +E + +F + + Risk of bias legend (A) Bias arising from the randomization process (B) Bias due to deviations from intended interventions (C) Bias due to missing outcome data (D) Bias in measu...
first_pass	Cochrane_reviews/first_pass/CD014811_loop_diuretics_hf.pdf	CD014811_loop_diuretics_hf	2.5	2	sensitivity_analysis	1	Sensitivity analysis - exclusion of trials with high risk of bias	exclusion of trials with high risk of bias	exclusion of trials with high risk of bias	Acute kidney injury (adverse event)	Risk Ratio	dichotomous	2	Llorens 2014	Llorens 2014	matched_reference_block	yes	no	23793945	.	Continuous infusion	6	36	.	.	Bolus injection	11	73	.	.	21.6	1.11	0.44	2.75	estimable	extracted	.	Analysis 2.5. Comparison 2: Sensitivity analysis - exclusion of trials with high risk of bias, Outcome 5: Acute kidney injury (adverse event) Study or Subgroup Felker 2011 Llorens 2014 Total (95% CI) Total events: Heterogeneity: Tau² = 0.00; Chi² = 0.00, df = 1 (P = 0.99); I² = 0% Test for overall effect: Z = 0.45 (P = 0.65) Test for subgroup differences: Not applicableContinuous infusion Events 28 6 34Total 146 36 182Bolus injection Events 27 11 38Total 155 73 228Weight 78.4% 21.6% 100.0%Risk Ratio M-H, Random, 95% CI 1.10 [0.68, 1.78] 1.11 [0.44, 2.75] 1.10 [0.72, 1.68]Risk Ratio M-H, Random, 95% CI 0.01 0.1 1 10 100 Favours continuous infusion Favours bolus injectionRisk of Bias A + +B + +C + +D + +E + +F + + Risk of bias legend (A) Bias arising from the randomization process (B) Bias due to deviations from intended interventions (C) Bias due to missing outcome data (D) Bias in measu...
first_pass	Cochrane_reviews/first_pass/CD014960_antibiotics_leptospirosis.pdf	CD014960_antibiotics_leptospirosis	1.1	1	main_comparison	.	Antibiotics versus placebo or no intervention	Antibiotics versus placebo or no intervention	antibiotics versus placebo or no intervention	All-cause mortality	Risk Ratio	dichotomous	1	Costa 2003	Costa 2003	matched_reference_block	no	no	.	.	Penicillin	15	125	.	.	179Placebo or no intervention	8	128	.	.	77.5	1.92	0.84	4.37	estimable	extracted	.	Analysis 1.1. Comparison 1: Antibiotics versus placebo or no intervention, Outcome 1: All-cause mortality Study or Subgroup Costa 2003 Daher 2000 Edwards 1988 Total (95% CI) Total events: Heterogeneity: Tau² = 0.09; Chi² = 2.17, df = 2 (P = 0.34); I² = 8% Test for overall effect: Z = 1.00 (P = 0.32) Test for subgroup differences: Not applicablePenicillin Events 15 1 1 17Total 125 16 38 179Placebo or no intervention Events 8 0 3 11Total 128 19 41 188Weight 77.5% 7.7% 14.8% 100.0%Risk Ratio M-H, Random, 95% CI 1.92 [0.84, 4.37] 3.53 [0.15, 81.11] 0.36 [0.04, 3.31] 1.57 [0.65, 3.79]Risk Ratio M-H, Random, 95% CI 0.01 0.1 1 10 100 Favours penicillin Favours placebo or no interventionRisk of Bias A ? ? ?B + + +C + + +D + + +E + + +F ? ? ? Risk of bias legend (A) Bias arising from the randomization process (B) Bias due to deviations from intended interventions (C) Bias due to missing outcome...
first_pass	Cochrane_reviews/first_pass/CD014960_antibiotics_leptospirosis.pdf	CD014960_antibiotics_leptospirosis	1.1	1	main_comparison	.	Antibiotics versus placebo or no intervention	Antibiotics versus placebo or no intervention	antibiotics versus placebo or no intervention	All-cause mortality	Risk Ratio	dichotomous	2	Daher 2000	Daher 2000	matched_reference_block	yes	no	11136519	.	Penicillin	1	16	.	.	179Placebo or no intervention	0	19	.	.	7.7	3.53	0.15	81.11	estimable	extracted	.	Analysis 1.1. Comparison 1: Antibiotics versus placebo or no intervention, Outcome 1: All-cause mortality Study or Subgroup Costa 2003 Daher 2000 Edwards 1988 Total (95% CI) Total events: Heterogeneity: Tau² = 0.09; Chi² = 2.17, df = 2 (P = 0.34); I² = 8% Test for overall effect: Z = 1.00 (P = 0.32) Test for subgroup differences: Not applicablePenicillin Events 15 1 1 17Total 125 16 38 179Placebo or no intervention Events 8 0 3 11Total 128 19 41 188Weight 77.5% 7.7% 14.8% 100.0%Risk Ratio M-H, Random, 95% CI 1.92 [0.84, 4.37] 3.53 [0.15, 81.11] 0.36 [0.04, 3.31] 1.57 [0.65, 3.79]Risk Ratio M-H, Random, 95% CI 0.01 0.1 1 10 100 Favours penicillin Favours placebo or no interventionRisk of Bias A ? ? ?B + + +C + + +D + + +E + + +F ? ? ? Risk of bias legend (A) Bias arising from the randomization process (B) Bias due to deviations from intended interventions (C) Bias due to missing outcome...
first_pass	Cochrane_reviews/first_pass/CD014960_antibiotics_leptospirosis.pdf	CD014960_antibiotics_leptospirosis	1.1	1	main_comparison	.	Antibiotics versus placebo or no intervention	Antibiotics versus placebo or no intervention	antibiotics versus placebo or no intervention	All-cause mortality	Risk Ratio	dichotomous	3	Edwards 1988	Edwards 1988	matched_reference_block	no	no	.	.	Penicillin	1	38	.	.	179Placebo or no intervention	3	41	.	.	14.8	0.36	0.04	3.31	estimable	extracted	.	Analysis 1.1. Comparison 1: Antibiotics versus placebo or no intervention, Outcome 1: All-cause mortality Study or Subgroup Costa 2003 Daher 2000 Edwards 1988 Total (95% CI) Total events: Heterogeneity: Tau² = 0.09; Chi² = 2.17, df = 2 (P = 0.34); I² = 8% Test for overall effect: Z = 1.00 (P = 0.32) Test for subgroup differences: Not applicablePenicillin Events 15 1 1 17Total 125 16 38 179Placebo or no intervention Events 8 0 3 11Total 128 19 41 188Weight 77.5% 7.7% 14.8% 100.0%Risk Ratio M-H, Random, 95% CI 1.92 [0.84, 4.37] 3.53 [0.15, 81.11] 0.36 [0.04, 3.31] 1.57 [0.65, 3.79]Risk Ratio M-H, Random, 95% CI 0.01 0.1 1 10 100 Favours penicillin Favours placebo or no interventionRisk of Bias A ? ? ?B + + +C + + +D + + +E + + +F ? ? ? Risk of bias legend (A) Bias arising from the randomization process (B) Bias due to deviations from intended interventions (C) Bias due to missing outcome...
first_pass	Cochrane_reviews/first_pass/CD014960_antibiotics_leptospirosis.pdf	CD014960_antibiotics_leptospirosis	1.2	1	main_comparison	.	Antibiotics versus placebo or no intervention	Antibiotics versus placebo or no intervention	antibiotics versus placebo or no intervention	Proportion of people with adverse events considered non-serious	Risk Ratio	dichotomous	1	Edwards 1988	Edwards 1988	matched_reference_block	no	no	.	.	Penicillin or chloramphenicol	1	38	.	.	90Placebo or no intervention	0	41	.	.	12.2	3.23	0.14	76.98	estimable	extracted	.	Analysis 1.2. Comparison 1: Antibiotics versus placebo or no intervention, Outcome 2: Proportion of people with adverse events considered non-serious Study or Subgroup Edwards 1988 Fairburn 1956 Total (95% CI) Total events: Heterogeneity: Tau² = 0.00; Chi² = 0.56, df = 1 (P = 0.45); I² = 0% Test for overall effect: Z = 0.08 (P = 0.94) Test for subgroup differences: Not applicablePenicillin or chloramphenicol Events 1 6 7Total 38 52 90Placebo or no intervention Events 0 4 4Total 41 31 72Weight 12.2% 87.8% 100.0%Risk Ratio M-H, Random, 95% CI 3.23 [0.14, 76.98] 0.89 [0.27, 2.92] 1.05 [0.35, 3.17]Risk Ratio M-H, Random, 95% CI 0.01 0.1 1 10 100 Favours penicillin or chloramphenicol Favours placebo or no interventionRisk of Bias A ? ?B + +C + +D + -E ? ?F ? - Risk of bias legend (A) Bias arising from the randomization process (B) Bias due to deviations from intended interventions (C) Bias d...
first_pass	Cochrane_reviews/first_pass/CD014960_antibiotics_leptospirosis.pdf	CD014960_antibiotics_leptospirosis	1.2	1	main_comparison	.	Antibiotics versus placebo or no intervention	Antibiotics versus placebo or no intervention	antibiotics versus placebo or no intervention	Proportion of people with adverse events considered non-serious	Risk Ratio	dichotomous	2	Fairburn 1956	Fairburn 1956	matched_reference_block	yes	no	13279151	.	Penicillin or chloramphenicol	6	52	.	.	90Placebo or no intervention	4	31	.	.	87.8	0.89	0.27	2.92	estimable	extracted	.	Analysis 1.2. Comparison 1: Antibiotics versus placebo or no intervention, Outcome 2: Proportion of people with adverse events considered non-serious Study or Subgroup Edwards 1988 Fairburn 1956 Total (95% CI) Total events: Heterogeneity: Tau² = 0.00; Chi² = 0.56, df = 1 (P = 0.45); I² = 0% Test for overall effect: Z = 0.08 (P = 0.94) Test for subgroup differences: Not applicablePenicillin or chloramphenicol Events 1 6 7Total 38 52 90Placebo or no intervention Events 0 4 4Total 41 31 72Weight 12.2% 87.8% 100.0%Risk Ratio M-H, Random, 95% CI 3.23 [0.14, 76.98] 0.89 [0.27, 2.92] 1.05 [0.35, 3.17]Risk Ratio M-H, Random, 95% CI 0.01 0.1 1 10 100 Favours penicillin or chloramphenicol Favours placebo or no interventionRisk of Bias A ? ?B + +C + +D + -E ? ?F ? - Risk of bias legend (A) Bias arising from the randomization process (B) Bias due to deviations from intended interventions (C) Bias d...
first_pass	Cochrane_reviews/first_pass/CD014960_antibiotics_leptospirosis.pdf	CD014960_antibiotics_leptospirosis	1.3	1	main_comparison	.	Antibiotics versus placebo or no intervention	Antibiotics versus placebo or no intervention	antibiotics versus placebo or no intervention	Days of hospitalisation	Mean Difference	continuous	1	Costa 2003	Costa 2003	matched_reference_block	no	no	.	.	Penicillin	.	125	8.9	3.9	141No intervention	.	128	8.8	3.6	94.1	0.10	-0.83	1.03	estimable	extracted	.	Analysis 1.3. Comparison 1: Antibiotics versus placebo or no intervention, Outcome 3: Days of hospitalisation Study or Subgroup Costa 2003 Daher 2000 Total (95% CI) Heterogeneity: Tau² = 0.00; Chi² = 0.21, df = 1 (P = 0.64); I² = 0% Test for overall effect: Z = 0.33 (P = 0.74) Test for subgroup differences: Not applicablePenicillin Mean 8.9 12SD 3.9 6Total 125 16 141No intervention Mean 8.8 11SD 3.6 5Total 128 19 147Weight 94.1% 5.9% 100.0%Mean Difference IV, Random, 95% CI 0.10 [-0.83, 1.03] 1.00 [-2.70, 4.70] 0.15 [-0.74, 1.05]Mean Difference IV, Random, 95% CI -20 -10 0 10 20 Favours penicillin Favours no interventionRisk of Bias A ? ?B + +C + +D - -E ? ?F - - Risk of bias legend (A) Bias arising from the randomization process (B) Bias due to deviations from intended interventions (C) Bias due to missing outcome data (D) Bias in measurement of the outcome (E) Bias in selection of the...
first_pass	Cochrane_reviews/first_pass/CD014960_antibiotics_leptospirosis.pdf	CD014960_antibiotics_leptospirosis	1.3	1	main_comparison	.	Antibiotics versus placebo or no intervention	Antibiotics versus placebo or no intervention	antibiotics versus placebo or no intervention	Days of hospitalisation	Mean Difference	continuous	2	Daher 2000	Daher 2000	matched_reference_block	yes	no	11136519	.	Penicillin	.	16	12	6	141No intervention	.	19	11	5	5.9	1.00	-2.70	4.70	estimable	extracted	.	Analysis 1.3. Comparison 1: Antibiotics versus placebo or no intervention, Outcome 3: Days of hospitalisation Study or Subgroup Costa 2003 Daher 2000 Total (95% CI) Heterogeneity: Tau² = 0.00; Chi² = 0.21, df = 1 (P = 0.64); I² = 0% Test for overall effect: Z = 0.33 (P = 0.74) Test for subgroup differences: Not applicablePenicillin Mean 8.9 12SD 3.9 6Total 125 16 141No intervention Mean 8.8 11SD 3.6 5Total 128 19 147Weight 94.1% 5.9% 100.0%Mean Difference IV, Random, 95% CI 0.10 [-0.83, 1.03] 1.00 [-2.70, 4.70] 0.15 [-0.74, 1.05]Mean Difference IV, Random, 95% CI -20 -10 0 10 20 Favours penicillin Favours no interventionRisk of Bias A ? ?B + +C + +D - -E ? ?F - - Risk of bias legend (A) Bias arising from the randomization process (B) Bias due to deviations from intended interventions (C) Bias due to missing outcome data (D) Bias in measurement of the outcome (E) Bias in selection of the...
first_pass	Cochrane_reviews/first_pass/CD014960_antibiotics_leptospirosis.pdf	CD014960_antibiotics_leptospirosis	2.1	2	main_comparison	.	Antibiotics versus another antibiotic	Antibiotics versus another antibiotic	antibiotics versus another antibiotic	All-cause mortality (penicillin versus cefotaxime or ceftriaxone)	Risk Ratio	dichotomous	1	Panaphut 2003	Panaphut 2003	matched_reference_block	yes	no	12802748	.	Penicillin	5	86	.	.	173Cefotaxime or ceftriaxone	5	87	.	.	90.9	1.01	0.30	3.37	estimable	extracted	.	Analysis 2.1. Comparison 2: Antibiotics versus another antibiotic, Outcome 1: All-cause mortality (penicillin versus cefotaxime or ceftriaxone) Study or Subgroup Panaphut 2003 Suputtamongkol 2004 Total (95% CI) Total events: Heterogeneity: Chi² = 0.97, df = 1 (P = 0.33); I² = 0% Test for overall effect: Z = 0.59 (P = 0.56) Test for subgroup differences: Not applicablePenicillin Events 5 2 7Total 86 87 173Cefotaxime or ceftriaxone Events 5 0 5Total 87 88 175Weight 90.9% 9.1% 100.0%Risk Ratio M-H, Fixed, 95% CI 1.01 [0.30, 3.37] 5.06 [0.25, 103.83] 1.38 [0.47, 4.04]Risk Ratio M-H, Fixed, 95% CI 0.005 0.1 1 10 200 Favours penicillin Favours cefotaxime or ceftriaxoneRisk of Bias A + +B + ?C + +D + +E + +F + ? Risk of bias legend (A) Bias arising from the randomization process (B) Bias due to deviations from intended interventions (C) Bias due to missing outcome data (D) Bias in measurement...
first_pass	Cochrane_reviews/first_pass/CD014960_antibiotics_leptospirosis.pdf	CD014960_antibiotics_leptospirosis	2.1	2	main_comparison	.	Antibiotics versus another antibiotic	Antibiotics versus another antibiotic	antibiotics versus another antibiotic	All-cause mortality (penicillin versus cefotaxime or ceftriaxone)	Risk Ratio	dichotomous	2	Suputtamongkol 2004	Suputtamongkol 2004	matched_reference_block	no	no	.	.	Penicillin	2	87	.	.	173Cefotaxime or ceftriaxone	0	88	.	.	9.1	5.06	0.25	103.83	estimable	extracted	.	Analysis 2.1. Comparison 2: Antibiotics versus another antibiotic, Outcome 1: All-cause mortality (penicillin versus cefotaxime or ceftriaxone) Study or Subgroup Panaphut 2003 Suputtamongkol 2004 Total (95% CI) Total events: Heterogeneity: Chi² = 0.97, df = 1 (P = 0.33); I² = 0% Test for overall effect: Z = 0.59 (P = 0.56) Test for subgroup differences: Not applicablePenicillin Events 5 2 7Total 86 87 173Cefotaxime or ceftriaxone Events 5 0 5Total 87 88 175Weight 90.9% 9.1% 100.0%Risk Ratio M-H, Fixed, 95% CI 1.01 [0.30, 3.37] 5.06 [0.25, 103.83] 1.38 [0.47, 4.04]Risk Ratio M-H, Fixed, 95% CI 0.005 0.1 1 10 200 Favours penicillin Favours cefotaxime or ceftriaxoneRisk of Bias A + +B + ?C + +D + +E + +F + ? Risk of bias legend (A) Bias arising from the randomization process (B) Bias due to deviations from intended interventions (C) Bias due to missing outcome data (D) Bias in measurement...
first_pass	Cochrane_reviews/first_pass/CD014960_antibiotics_leptospirosis.pdf	CD014960_antibiotics_leptospirosis	2.2	2	main_comparison	.	Antibiotics versus another antibiotic	Antibiotics versus another antibiotic	antibiotics versus another antibiotic	All-cause mortality (penicillin versus doxycycline)	Risk Ratio	dichotomous	.	.	.	.	.	.	.	.	.	.	.	.	.	.	.	.	.	.	.	.	.	.	.	not_extractable_no_study_labels	No study-level forest-plot rows could be extracted from the selected analysis block.	.
first_pass	Cochrane_reviews/first_pass/CD014960_antibiotics_leptospirosis.pdf	CD014960_antibiotics_leptospirosis	2.3	2	main_comparison	.	Antibiotics versus another antibiotic	Antibiotics versus another antibiotic	antibiotics versus another antibiotic	All-cause mortality (cefotaxime versus doxycycline)	Risk Ratio	dichotomous	.	.	.	.	.	.	.	.	.	.	.	.	.	.	.	.	.	.	.	.	.	.	.	not_extractable_no_study_labels	No study-level forest-plot rows could be extracted from the selected analysis block.	.
first_pass	Cochrane_reviews/first_pass/CD014960_antibiotics_leptospirosis.pdf	CD014960_antibiotics_leptospirosis	2.4	2	main_comparison	.	Antibiotics versus another antibiotic	Antibiotics versus another antibiotic	antibiotics versus another antibiotic	Serious adverse event (nosocomial infection) (penicillin versus cefotaxime)	Risk Ratio	dichotomous	.	.	.	.	.	.	.	.	.	.	.	.	.	.	.	.	.	.	.	.	.	.	.	not_extractable_no_study_labels	No study-level forest-plot rows could be extracted from the selected analysis block.	.
first_pass	Cochrane_reviews/first_pass/CD014960_antibiotics_leptospirosis.pdf	CD014960_antibiotics_leptospirosis	2.5	2	main_comparison	.	Antibiotics versus another antibiotic	Antibiotics versus another antibiotic	antibiotics versus another antibiotic	Serious adverse event (nosocomial infection) (penicillin versus doxycycline)	Risk Ratio	dichotomous	.	.	.	.	.	.	.	.	.	.	.	.	.	.	.	.	.	.	.	.	.	.	.	not_extractable_no_study_labels	No study-level forest-plot rows could be extracted from the selected analysis block.	.
first_pass	Cochrane_reviews/first_pass/CD014960_antibiotics_leptospirosis.pdf	CD014960_antibiotics_leptospirosis	2.6	2	main_comparison	.	Antibiotics versus another antibiotic	Antibiotics versus another antibiotic	antibiotics versus another antibiotic	Serious adverse event (nosocomial infection) (doxycycline versus cefotaxime)	Risk Ratio	dichotomous	.	.	.	.	.	.	.	.	.	.	.	.	.	.	.	.	.	.	.	.	.	.	.	not_extractable_no_study_labels	No study-level forest-plot rows could be extracted from the selected analysis block.	.
first_pass	Cochrane_reviews/first_pass/CD014960_antibiotics_leptospirosis.pdf	CD014960_antibiotics_leptospirosis	2.7	2	main_comparison	.	Antibiotics versus another antibiotic	Antibiotics versus another antibiotic	antibiotics versus another antibiotic	Proportion of people with adverse events considered non-serious (penicillin versus cefotaxime)	Risk Ratio	dichotomous	.	.	.	.	.	.	.	.	.	.	.	.	.	.	.	.	.	.	.	.	.	.	.	not_extractable_no_study_labels	No study-level forest-plot rows could be extracted from the selected analysis block.	.
first_pass	Cochrane_reviews/first_pass/CD014960_antibiotics_leptospirosis.pdf	CD014960_antibiotics_leptospirosis	2.8	2	main_comparison	.	Antibiotics versus another antibiotic	Antibiotics versus another antibiotic	antibiotics versus another antibiotic	Proportion of people with adverse events considered non-serious (penicillin versus doxycycline)	Risk Ratio	dichotomous	.	.	.	.	.	.	.	.	.	.	.	.	.	.	.	.	.	.	.	.	.	.	.	not_extractable_no_study_labels	No study-level forest-plot rows could be extracted from the selected analysis block.	.
first_pass	Cochrane_reviews/first_pass/CD014960_antibiotics_leptospirosis.pdf	CD014960_antibiotics_leptospirosis	2.9	2	main_comparison	.	Antibiotics versus another antibiotic	Antibiotics versus another antibiotic	antibiotics versus another antibiotic	Proportion of people with adverse events considered non-serious (penicillin versus chloramphenicol)	Risk Ratio	dichotomous	.	.	.	.	.	.	.	.	.	.	.	.	.	.	.	.	.	.	.	.	.	.	.	not_extractable_no_study_labels	No study-level forest-plot rows could be extracted from the selected analysis block.	.
first_pass	Cochrane_reviews/first_pass/CD015040_rtms_ptsd.pdf	CD015040_rtms_ptsd	1.1	1	main_comparison	.	PTSD symptom severity (immediately after treatment) - as measured by validated scale	PTSD symptom severity (immediately after treatment) - as measured by validated scale	ptsd symptom severity immediately after treatment as measured by validated scale	PTSD symptom severity: immediately after treatment, SMD (ITT, endpoint)	Std. Mean Difference	continuous	1	Leong 2020	Leong 2020	matched_reference_block	yes	yes	32379487	PMC7564694	Active	.	20	66.19	33.65	Sham	.	9	65.12	14.97	26.4	0.04	-0.75	0.82	estimable	extracted	.	Analysis 1.1. Comparison 1: PTSD symptom severity (immediately after treatment) - as measured by validated scale, Outcome 1: PTSD symptom severity: immediately after treatment, SMD (ITT, endpoint) Study or Subgroup Leong 2020 Philip 2019a Watts 2012 Total (95% CI) Heterogeneity: Tau² = 0.00; Chi² = 1.10, df = 2 (P = 0.58); I² = 0% Test for overall effect: Z = 0.67 (P = 0.51) Test for subgroup differences: Not applicableActive Mean [SMD] 66.19 38.6 53.9SD [SMD] 33.65 11.4 15.3Total 20 25 10 55Sham Mean [SMD] 65.12 39.4 61.7SD [SMD] 14.97 13.8 11.1Total 9 25 10 44Weight 26.4% 53.2% 20.3% 100.0%Std. Mean Difference IV, Random, 95% CI [SMD] 0.04 [-0.75, 0.82] -0.06 [-0.62, 0.49] -0.56 [-1.46, 0.34] -0.14 [-0.54, 0.27]Std. Mean Difference IV, Random, 95% CI [SMD] -2 -1 0 1 2 Favors active Favors shamRisk of Bias A + + ?B ? + ?C ? + ?D + + +E + + +F ? + ? Risk of bias legend (A) Bias arising...
first_pass	Cochrane_reviews/first_pass/CD015040_rtms_ptsd.pdf	CD015040_rtms_ptsd	1.1	1	main_comparison	.	PTSD symptom severity (immediately after treatment) - as measured by validated scale	PTSD symptom severity (immediately after treatment) - as measured by validated scale	ptsd symptom severity immediately after treatment as measured by validated scale	PTSD symptom severity: immediately after treatment, SMD (ITT, endpoint)	Std. Mean Difference	continuous	2	Philip 2019a	Philip 2019a	matched_reference_block	yes	yes	31230462;34229284;35670065	PMC6824981;PMC8349789;PMC8957628	Active	.	25	38.6	11.4	Sham	.	25	39.4	13.8	53.2	-0.06	-0.62	0.49	estimable	extracted	.	Analysis 1.1. Comparison 1: PTSD symptom severity (immediately after treatment) - as measured by validated scale, Outcome 1: PTSD symptom severity: immediately after treatment, SMD (ITT, endpoint) Study or Subgroup Leong 2020 Philip 2019a Watts 2012 Total (95% CI) Heterogeneity: Tau² = 0.00; Chi² = 1.10, df = 2 (P = 0.58); I² = 0% Test for overall effect: Z = 0.67 (P = 0.51) Test for subgroup differences: Not applicableActive Mean [SMD] 66.19 38.6 53.9SD [SMD] 33.65 11.4 15.3Total 20 25 10 55Sham Mean [SMD] 65.12 39.4 61.7SD [SMD] 14.97 13.8 11.1Total 9 25 10 44Weight 26.4% 53.2% 20.3% 100.0%Std. Mean Difference IV, Random, 95% CI [SMD] 0.04 [-0.75, 0.82] -0.06 [-0.62, 0.49] -0.56 [-1.46, 0.34] -0.14 [-0.54, 0.27]Std. Mean Difference IV, Random, 95% CI [SMD] -2 -1 0 1 2 Favors active Favors shamRisk of Bias A + + ?B ? + ?C ? + ?D + + +E + + +F ? + ? Risk of bias legend (A) Bias arising...
first_pass	Cochrane_reviews/first_pass/CD015040_rtms_ptsd.pdf	CD015040_rtms_ptsd	1.1	1	main_comparison	.	PTSD symptom severity (immediately after treatment) - as measured by validated scale	PTSD symptom severity (immediately after treatment) - as measured by validated scale	ptsd symptom severity immediately after treatment as measured by validated scale	PTSD symptom severity: immediately after treatment, SMD (ITT, endpoint)	Std. Mean Difference	continuous	3	Watts 2012	Watts 2012	matched_reference_block	yes	no	22264669	.	Active	.	10	53.9	15.3	Sham	.	10	61.7	11.1	20.3	-0.56	-1.46	0.34	estimable	extracted	.	Analysis 1.1. Comparison 1: PTSD symptom severity (immediately after treatment) - as measured by validated scale, Outcome 1: PTSD symptom severity: immediately after treatment, SMD (ITT, endpoint) Study or Subgroup Leong 2020 Philip 2019a Watts 2012 Total (95% CI) Heterogeneity: Tau² = 0.00; Chi² = 1.10, df = 2 (P = 0.58); I² = 0% Test for overall effect: Z = 0.67 (P = 0.51) Test for subgroup differences: Not applicableActive Mean [SMD] 66.19 38.6 53.9SD [SMD] 33.65 11.4 15.3Total 20 25 10 55Sham Mean [SMD] 65.12 39.4 61.7SD [SMD] 14.97 13.8 11.1Total 9 25 10 44Weight 26.4% 53.2% 20.3% 100.0%Std. Mean Difference IV, Random, 95% CI [SMD] 0.04 [-0.75, 0.82] -0.06 [-0.62, 0.49] -0.56 [-1.46, 0.34] -0.14 [-0.54, 0.27]Std. Mean Difference IV, Random, 95% CI [SMD] -2 -1 0 1 2 Favors active Favors shamRisk of Bias A + + ?B ? + ?C ? + ?D + + +E + + +F ? + ? Risk of bias legend (A) Bias arising...
first_pass	Cochrane_reviews/first_pass/CD015040_rtms_ptsd.pdf	CD015040_rtms_ptsd	1.2	1	main_comparison	.	PTSD symptom severity (immediately after treatment) - as measured by validated scale	PTSD symptom severity (immediately after treatment) - as measured by validated scale	ptsd symptom severity immediately after treatment as measured by validated scale	PTSD symptom severity: immediately after treatment, SMD (ITT, endpoint; with data imputation)	Std. Mean Difference	continuous	1	Fryml 2019	Fryml 2019	matched_reference_block	yes	no	29952863	.	Active	.	5	37.8	25.7	Sham	.	3	43.8	28.9	7.5	-0.19	-1.63	1.24	estimable	extracted	.	Analysis 1.2. Comparison 1: PTSD symptom severity (immediately after treatment) - as measured by validated scale, Outcome 2: PTSD symptom severity: immediately after treatment, SMD (ITT, endpoint; with data imputation) Study or Subgroup Fryml 2019 Isserles 2021 Leong 2020 Philip 2019a Watts 2012 Total (95% CI) Heterogeneity: Tau² = 0.11; Chi² = 7.87, df = 4 (P = 0.10); I² = 49% Test for overall effect: Z = 0.37 (P = 0.72) Test for subgroup differences: Not applicableActive Mean [SMD] 37.8 27.32 66.19 38.6 53.9SD [SMD] 25.7 9.36 33.65 11.4 15.3Total 5 60 20 25 10 120Sham Mean [SMD] 43.8 22.15 65.12 39.4 61.7SD [SMD] 28.9 8.99 14.97 13.8 11.1Total 3 65 9 25 10 112Weight 7.5% 33.8% 17.9% 25.5% 15.2% 100.0%Std. Mean Difference IV, Random, 95% CI [SMD] -0.19 [-1.63, 1.24] 0.56 [0.20, 0.92] 0.04 [-0.75, 0.82] -0.06 [-0.62, 0.49] -0.56 [-1.46, 0.34] 0.08 [-0.35, 0.51]Std. Mean Difference IV, R...
first_pass	Cochrane_reviews/first_pass/CD015040_rtms_ptsd.pdf	CD015040_rtms_ptsd	1.2	1	main_comparison	.	PTSD symptom severity (immediately after treatment) - as measured by validated scale	PTSD symptom severity (immediately after treatment) - as measured by validated scale	ptsd symptom severity immediately after treatment as measured by validated scale	PTSD symptom severity: immediately after treatment, SMD (ITT, endpoint; with data imputation)	Std. Mean Difference	continuous	2	Isserles 2021	Isserles 2021	matched_reference_block	yes	no	34274108	.	Active	.	60	27.32	9.36	Sham	.	65	22.15	8.99	33.8	0.56	0.20	0.92	estimable	extracted	.	Analysis 1.2. Comparison 1: PTSD symptom severity (immediately after treatment) - as measured by validated scale, Outcome 2: PTSD symptom severity: immediately after treatment, SMD (ITT, endpoint; with data imputation) Study or Subgroup Fryml 2019 Isserles 2021 Leong 2020 Philip 2019a Watts 2012 Total (95% CI) Heterogeneity: Tau² = 0.11; Chi² = 7.87, df = 4 (P = 0.10); I² = 49% Test for overall effect: Z = 0.37 (P = 0.72) Test for subgroup differences: Not applicableActive Mean [SMD] 37.8 27.32 66.19 38.6 53.9SD [SMD] 25.7 9.36 33.65 11.4 15.3Total 5 60 20 25 10 120Sham Mean [SMD] 43.8 22.15 65.12 39.4 61.7SD [SMD] 28.9 8.99 14.97 13.8 11.1Total 3 65 9 25 10 112Weight 7.5% 33.8% 17.9% 25.5% 15.2% 100.0%Std. Mean Difference IV, Random, 95% CI [SMD] -0.19 [-1.63, 1.24] 0.56 [0.20, 0.92] 0.04 [-0.75, 0.82] -0.06 [-0.62, 0.49] -0.56 [-1.46, 0.34] 0.08 [-0.35, 0.51]Std. Mean Difference IV, R...
first_pass	Cochrane_reviews/first_pass/CD015040_rtms_ptsd.pdf	CD015040_rtms_ptsd	1.2	1	main_comparison	.	PTSD symptom severity (immediately after treatment) - as measured by validated scale	PTSD symptom severity (immediately after treatment) - as measured by validated scale	ptsd symptom severity immediately after treatment as measured by validated scale	PTSD symptom severity: immediately after treatment, SMD (ITT, endpoint; with data imputation)	Std. Mean Difference	continuous	3	Leong 2020	Leong 2020	matched_reference_block	yes	yes	32379487	PMC7564694	Active	.	20	66.19	33.65	Sham	.	9	65.12	14.97	17.9	0.04	-0.75	0.82	estimable	extracted	.	Analysis 1.2. Comparison 1: PTSD symptom severity (immediately after treatment) - as measured by validated scale, Outcome 2: PTSD symptom severity: immediately after treatment, SMD (ITT, endpoint; with data imputation) Study or Subgroup Fryml 2019 Isserles 2021 Leong 2020 Philip 2019a Watts 2012 Total (95% CI) Heterogeneity: Tau² = 0.11; Chi² = 7.87, df = 4 (P = 0.10); I² = 49% Test for overall effect: Z = 0.37 (P = 0.72) Test for subgroup differences: Not applicableActive Mean [SMD] 37.8 27.32 66.19 38.6 53.9SD [SMD] 25.7 9.36 33.65 11.4 15.3Total 5 60 20 25 10 120Sham Mean [SMD] 43.8 22.15 65.12 39.4 61.7SD [SMD] 28.9 8.99 14.97 13.8 11.1Total 3 65 9 25 10 112Weight 7.5% 33.8% 17.9% 25.5% 15.2% 100.0%Std. Mean Difference IV, Random, 95% CI [SMD] -0.19 [-1.63, 1.24] 0.56 [0.20, 0.92] 0.04 [-0.75, 0.82] -0.06 [-0.62, 0.49] -0.56 [-1.46, 0.34] 0.08 [-0.35, 0.51]Std. Mean Difference IV, R...
first_pass	Cochrane_reviews/first_pass/CD015040_rtms_ptsd.pdf	CD015040_rtms_ptsd	1.2	1	main_comparison	.	PTSD symptom severity (immediately after treatment) - as measured by validated scale	PTSD symptom severity (immediately after treatment) - as measured by validated scale	ptsd symptom severity immediately after treatment as measured by validated scale	PTSD symptom severity: immediately after treatment, SMD (ITT, endpoint; with data imputation)	Std. Mean Difference	continuous	4	Philip 2019a	Philip 2019a	matched_reference_block	yes	yes	31230462;34229284;35670065	PMC6824981;PMC8349789;PMC8957628	Active	.	25	38.6	11.4	Sham	.	25	39.4	13.8	25.5	-0.06	-0.62	0.49	estimable	extracted	.	Analysis 1.2. Comparison 1: PTSD symptom severity (immediately after treatment) - as measured by validated scale, Outcome 2: PTSD symptom severity: immediately after treatment, SMD (ITT, endpoint; with data imputation) Study or Subgroup Fryml 2019 Isserles 2021 Leong 2020 Philip 2019a Watts 2012 Total (95% CI) Heterogeneity: Tau² = 0.11; Chi² = 7.87, df = 4 (P = 0.10); I² = 49% Test for overall effect: Z = 0.37 (P = 0.72) Test for subgroup differences: Not applicableActive Mean [SMD] 37.8 27.32 66.19 38.6 53.9SD [SMD] 25.7 9.36 33.65 11.4 15.3Total 5 60 20 25 10 120Sham Mean [SMD] 43.8 22.15 65.12 39.4 61.7SD [SMD] 28.9 8.99 14.97 13.8 11.1Total 3 65 9 25 10 112Weight 7.5% 33.8% 17.9% 25.5% 15.2% 100.0%Std. Mean Difference IV, Random, 95% CI [SMD] -0.19 [-1.63, 1.24] 0.56 [0.20, 0.92] 0.04 [-0.75, 0.82] -0.06 [-0.62, 0.49] -0.56 [-1.46, 0.34] 0.08 [-0.35, 0.51]Std. Mean Difference IV, R...
first_pass	Cochrane_reviews/first_pass/CD015040_rtms_ptsd.pdf	CD015040_rtms_ptsd	1.2	1	main_comparison	.	PTSD symptom severity (immediately after treatment) - as measured by validated scale	PTSD symptom severity (immediately after treatment) - as measured by validated scale	ptsd symptom severity immediately after treatment as measured by validated scale	PTSD symptom severity: immediately after treatment, SMD (ITT, endpoint; with data imputation)	Std. Mean Difference	continuous	5	Watts 2012	Watts 2012	matched_reference_block	yes	no	22264669	.	Active	.	10	53.9	15.3	Sham	.	10	61.7	11.1	15.2	-0.56	-1.46	0.34	estimable	extracted	.	Analysis 1.2. Comparison 1: PTSD symptom severity (immediately after treatment) - as measured by validated scale, Outcome 2: PTSD symptom severity: immediately after treatment, SMD (ITT, endpoint; with data imputation) Study or Subgroup Fryml 2019 Isserles 2021 Leong 2020 Philip 2019a Watts 2012 Total (95% CI) Heterogeneity: Tau² = 0.11; Chi² = 7.87, df = 4 (P = 0.10); I² = 49% Test for overall effect: Z = 0.37 (P = 0.72) Test for subgroup differences: Not applicableActive Mean [SMD] 37.8 27.32 66.19 38.6 53.9SD [SMD] 25.7 9.36 33.65 11.4 15.3Total 5 60 20 25 10 120Sham Mean [SMD] 43.8 22.15 65.12 39.4 61.7SD [SMD] 28.9 8.99 14.97 13.8 11.1Total 3 65 9 25 10 112Weight 7.5% 33.8% 17.9% 25.5% 15.2% 100.0%Std. Mean Difference IV, Random, 95% CI [SMD] -0.19 [-1.63, 1.24] 0.56 [0.20, 0.92] 0.04 [-0.75, 0.82] -0.06 [-0.62, 0.49] -0.56 [-1.46, 0.34] 0.08 [-0.35, 0.51]Std. Mean Difference IV, R...
first_pass	Cochrane_reviews/first_pass/CD015040_rtms_ptsd.pdf	CD015040_rtms_ptsd	1.3	1	main_comparison	.	PTSD symptom severity (immediately after treatment) - as measured by validated scale	PTSD symptom severity (immediately after treatment) - as measured by validated scale	ptsd symptom severity immediately after treatment as measured by validated scale	PTSD symptom severity: change from baseline to immediately after treatment, SMD (ITT, with data imputation)	Std. Mean Difference	continuous	1	Fryml 2019	Fryml 2019	matched_reference_block	yes	no	29952863	.	Active	.	5	-46.2	36.71	Sham	.	3	-29.2	35.23	9.1	-0.41	-1.87	1.05	estimable	extracted	.	Analysis 1.3. Comparison 1: PTSD symptom severity (immediately after treatment) - as measured by validated scale, Outcome 3: PTSD symptom severity: change from baseline to immediately after treatment, SMD (ITT, with data imputation) Study or Subgroup Fryml 2019 Isserles 2013 Isserles 2021 Leong 2020 Philip 2019a Watts 2012 Total (95% CI) Heterogeneity: Tau² = 0.28; Chi² = 16.11, df = 5 (P = 0.007); I² = 69% Test for overall effect: Z = 1.60 (P = 0.11) Test for subgroup differences: Not applicableActive Mean [SMD] -46.2 -24.3 -15.48 -4.81 -9.3 -27.7SD [SMD] 36.71 23.4 14.23 25.12 8.26 10.99Total 5 10 60 20 25 10 130Sham Mean [SMD] -29.2 -9.1 -19.05 9.9 -8 -10.6SD [SMD] 35.23 16.13 12.63 11.02 9.76 9.08Total 3 10 65 9 25 10 122Weight 9.1% 15.3% 24.2% 16.9% 21.0% 13.5% 100.0%Std. Mean Difference IV, Random, 95% CI [SMD] -0.41 [-1.87, 1.05] -0.72 [-1.64, 0.19] 0.26 [-0.09, 0.62] -0.65 [-1.4...
first_pass	Cochrane_reviews/first_pass/CD015040_rtms_ptsd.pdf	CD015040_rtms_ptsd	1.3	1	main_comparison	.	PTSD symptom severity (immediately after treatment) - as measured by validated scale	PTSD symptom severity (immediately after treatment) - as measured by validated scale	ptsd symptom severity immediately after treatment as measured by validated scale	PTSD symptom severity: change from baseline to immediately after treatment, SMD (ITT, with data imputation)	Std. Mean Difference	continuous	2	Isserles 2013	Isserles 2013	matched_reference_block	yes	no	22921765	.	Active	.	10	-24.3	23.4	Sham	.	10	-9.1	16.13	15.3	-0.72	-1.64	0.19	estimable	extracted	.	Analysis 1.3. Comparison 1: PTSD symptom severity (immediately after treatment) - as measured by validated scale, Outcome 3: PTSD symptom severity: change from baseline to immediately after treatment, SMD (ITT, with data imputation) Study or Subgroup Fryml 2019 Isserles 2013 Isserles 2021 Leong 2020 Philip 2019a Watts 2012 Total (95% CI) Heterogeneity: Tau² = 0.28; Chi² = 16.11, df = 5 (P = 0.007); I² = 69% Test for overall effect: Z = 1.60 (P = 0.11) Test for subgroup differences: Not applicableActive Mean [SMD] -46.2 -24.3 -15.48 -4.81 -9.3 -27.7SD [SMD] 36.71 23.4 14.23 25.12 8.26 10.99Total 5 10 60 20 25 10 130Sham Mean [SMD] -29.2 -9.1 -19.05 9.9 -8 -10.6SD [SMD] 35.23 16.13 12.63 11.02 9.76 9.08Total 3 10 65 9 25 10 122Weight 9.1% 15.3% 24.2% 16.9% 21.0% 13.5% 100.0%Std. Mean Difference IV, Random, 95% CI [SMD] -0.41 [-1.87, 1.05] -0.72 [-1.64, 0.19] 0.26 [-0.09, 0.62] -0.65 [-1.4...
first_pass	Cochrane_reviews/first_pass/CD015040_rtms_ptsd.pdf	CD015040_rtms_ptsd	1.3	1	main_comparison	.	PTSD symptom severity (immediately after treatment) - as measured by validated scale	PTSD symptom severity (immediately after treatment) - as measured by validated scale	ptsd symptom severity immediately after treatment as measured by validated scale	PTSD symptom severity: change from baseline to immediately after treatment, SMD (ITT, with data imputation)	Std. Mean Difference	continuous	3	Isserles 2021	Isserles 2021	matched_reference_block	yes	no	34274108	.	Active	.	60	-15.48	14.23	Sham	.	65	-19.05	12.63	24.2	0.26	-0.09	0.62	estimable	extracted	.	Analysis 1.3. Comparison 1: PTSD symptom severity (immediately after treatment) - as measured by validated scale, Outcome 3: PTSD symptom severity: change from baseline to immediately after treatment, SMD (ITT, with data imputation) Study or Subgroup Fryml 2019 Isserles 2013 Isserles 2021 Leong 2020 Philip 2019a Watts 2012 Total (95% CI) Heterogeneity: Tau² = 0.28; Chi² = 16.11, df = 5 (P = 0.007); I² = 69% Test for overall effect: Z = 1.60 (P = 0.11) Test for subgroup differences: Not applicableActive Mean [SMD] -46.2 -24.3 -15.48 -4.81 -9.3 -27.7SD [SMD] 36.71 23.4 14.23 25.12 8.26 10.99Total 5 10 60 20 25 10 130Sham Mean [SMD] -29.2 -9.1 -19.05 9.9 -8 -10.6SD [SMD] 35.23 16.13 12.63 11.02 9.76 9.08Total 3 10 65 9 25 10 122Weight 9.1% 15.3% 24.2% 16.9% 21.0% 13.5% 100.0%Std. Mean Difference IV, Random, 95% CI [SMD] -0.41 [-1.87, 1.05] -0.72 [-1.64, 0.19] 0.26 [-0.09, 0.62] -0.65 [-1.4...
first_pass	Cochrane_reviews/first_pass/CD015040_rtms_ptsd.pdf	CD015040_rtms_ptsd	1.3	1	main_comparison	.	PTSD symptom severity (immediately after treatment) - as measured by validated scale	PTSD symptom severity (immediately after treatment) - as measured by validated scale	ptsd symptom severity immediately after treatment as measured by validated scale	PTSD symptom severity: change from baseline to immediately after treatment, SMD (ITT, with data imputation)	Std. Mean Difference	continuous	4	Leong 2020	Leong 2020	matched_reference_block	yes	yes	32379487	PMC7564694	Active	.	20	-4.81	25.12	Sham	.	9	9.9	11.02	16.9	-0.65	-1.46	0.15	estimable	extracted	.	Analysis 1.3. Comparison 1: PTSD symptom severity (immediately after treatment) - as measured by validated scale, Outcome 3: PTSD symptom severity: change from baseline to immediately after treatment, SMD (ITT, with data imputation) Study or Subgroup Fryml 2019 Isserles 2013 Isserles 2021 Leong 2020 Philip 2019a Watts 2012 Total (95% CI) Heterogeneity: Tau² = 0.28; Chi² = 16.11, df = 5 (P = 0.007); I² = 69% Test for overall effect: Z = 1.60 (P = 0.11) Test for subgroup differences: Not applicableActive Mean [SMD] -46.2 -24.3 -15.48 -4.81 -9.3 -27.7SD [SMD] 36.71 23.4 14.23 25.12 8.26 10.99Total 5 10 60 20 25 10 130Sham Mean [SMD] -29.2 -9.1 -19.05 9.9 -8 -10.6SD [SMD] 35.23 16.13 12.63 11.02 9.76 9.08Total 3 10 65 9 25 10 122Weight 9.1% 15.3% 24.2% 16.9% 21.0% 13.5% 100.0%Std. Mean Difference IV, Random, 95% CI [SMD] -0.41 [-1.87, 1.05] -0.72 [-1.64, 0.19] 0.26 [-0.09, 0.62] -0.65 [-1.4...
first_pass	Cochrane_reviews/first_pass/CD015040_rtms_ptsd.pdf	CD015040_rtms_ptsd	1.3	1	main_comparison	.	PTSD symptom severity (immediately after treatment) - as measured by validated scale	PTSD symptom severity (immediately after treatment) - as measured by validated scale	ptsd symptom severity immediately after treatment as measured by validated scale	PTSD symptom severity: change from baseline to immediately after treatment, SMD (ITT, with data imputation)	Std. Mean Difference	continuous	5	Philip 2019a	Philip 2019a	matched_reference_block	yes	yes	31230462;34229284;35670065	PMC6824981;PMC8349789;PMC8957628	Active	.	25	-9.3	8.26	Sham	.	25	-8	9.76	21.0	-0.14	-0.70	0.41	estimable	extracted	.	Analysis 1.3. Comparison 1: PTSD symptom severity (immediately after treatment) - as measured by validated scale, Outcome 3: PTSD symptom severity: change from baseline to immediately after treatment, SMD (ITT, with data imputation) Study or Subgroup Fryml 2019 Isserles 2013 Isserles 2021 Leong 2020 Philip 2019a Watts 2012 Total (95% CI) Heterogeneity: Tau² = 0.28; Chi² = 16.11, df = 5 (P = 0.007); I² = 69% Test for overall effect: Z = 1.60 (P = 0.11) Test for subgroup differences: Not applicableActive Mean [SMD] -46.2 -24.3 -15.48 -4.81 -9.3 -27.7SD [SMD] 36.71 23.4 14.23 25.12 8.26 10.99Total 5 10 60 20 25 10 130Sham Mean [SMD] -29.2 -9.1 -19.05 9.9 -8 -10.6SD [SMD] 35.23 16.13 12.63 11.02 9.76 9.08Total 3 10 65 9 25 10 122Weight 9.1% 15.3% 24.2% 16.9% 21.0% 13.5% 100.0%Std. Mean Difference IV, Random, 95% CI [SMD] -0.41 [-1.87, 1.05] -0.72 [-1.64, 0.19] 0.26 [-0.09, 0.62] -0.65 [-1.4...
first_pass	Cochrane_reviews/first_pass/CD015040_rtms_ptsd.pdf	CD015040_rtms_ptsd	1.3	1	main_comparison	.	PTSD symptom severity (immediately after treatment) - as measured by validated scale	PTSD symptom severity (immediately after treatment) - as measured by validated scale	ptsd symptom severity immediately after treatment as measured by validated scale	PTSD symptom severity: change from baseline to immediately after treatment, SMD (ITT, with data imputation)	Std. Mean Difference	continuous	6	Watts 2012	Watts 2012	matched_reference_block	yes	no	22264669	.	Active	.	10	-27.7	10.99	Sham	.	10	-10.6	9.08	13.5	-1.62	-2.67	-0.58	estimable	extracted	.	Analysis 1.3. Comparison 1: PTSD symptom severity (immediately after treatment) - as measured by validated scale, Outcome 3: PTSD symptom severity: change from baseline to immediately after treatment, SMD (ITT, with data imputation) Study or Subgroup Fryml 2019 Isserles 2013 Isserles 2021 Leong 2020 Philip 2019a Watts 2012 Total (95% CI) Heterogeneity: Tau² = 0.28; Chi² = 16.11, df = 5 (P = 0.007); I² = 69% Test for overall effect: Z = 1.60 (P = 0.11) Test for subgroup differences: Not applicableActive Mean [SMD] -46.2 -24.3 -15.48 -4.81 -9.3 -27.7SD [SMD] 36.71 23.4 14.23 25.12 8.26 10.99Total 5 10 60 20 25 10 130Sham Mean [SMD] -29.2 -9.1 -19.05 9.9 -8 -10.6SD [SMD] 35.23 16.13 12.63 11.02 9.76 9.08Total 3 10 65 9 25 10 122Weight 9.1% 15.3% 24.2% 16.9% 21.0% 13.5% 100.0%Std. Mean Difference IV, Random, 95% CI [SMD] -0.41 [-1.87, 1.05] -0.72 [-1.64, 0.19] 0.26 [-0.09, 0.62] -0.65 [-1.4...
first_pass	Cochrane_reviews/first_pass/CD015040_rtms_ptsd.pdf	CD015040_rtms_ptsd	1.4	1	main_comparison	.	PTSD symptom severity (immediately after treatment) - as measured by validated scale	PTSD symptom severity (immediately after treatment) - as measured by validated scale	ptsd symptom severity immediately after treatment as measured by validated scale	PTSD symptom severity: immediately after treatment, SMD (per-protocol, endpoint)	Std. Mean Difference	continuous	1	Isserles 2013	Isserles 2013	matched_reference_block	yes	no	22921765	.	Active	.	9	63.7	16.4	Sham	.	9	77	27.7	20.6	-0.56	-1.50	0.39	estimable	extracted	.	Analysis 1.4. Comparison 1: PTSD symptom severity (immediately after treatment) - as measured by validated scale, Outcome 4: PTSD symptom severity: immediately after treatment, SMD (per-protocol, endpoint) Study or Subgroup Isserles 2013 Philip 2019a Watts 2012 Total (95% CI) Heterogeneity: Tau² = 0.00; Chi² = 1.42, df = 2 (P = 0.49); I² = 0% Test for overall effect: Z = 1.19 (P = 0.23) Test for subgroup differences: Not applicableActive Mean [SMD] 63.7 38.6 53.9SD [SMD] 16.4 11.2 15.3Total 9 24 10 43Sham Mean [SMD] 77 39 61.7SD [SMD] 27.7 13.6 11.1Total 9 23 10 42Weight 20.6% 56.5% 22.9% 100.0%Std. Mean Difference IV, Random, 95% CI [SMD] -0.56 [-1.50, 0.39] -0.03 [-0.60, 0.54] -0.56 [-1.46, 0.34] -0.26 [-0.69, 0.17]Std. Mean Difference IV, Random, 95% CI [SMD] -2 -1 0 1 2 Favors active Favors sham
first_pass	Cochrane_reviews/first_pass/CD015040_rtms_ptsd.pdf	CD015040_rtms_ptsd	1.4	1	main_comparison	.	PTSD symptom severity (immediately after treatment) - as measured by validated scale	PTSD symptom severity (immediately after treatment) - as measured by validated scale	ptsd symptom severity immediately after treatment as measured by validated scale	PTSD symptom severity: immediately after treatment, SMD (per-protocol, endpoint)	Std. Mean Difference	continuous	2	Philip 2019a	Philip 2019a	matched_reference_block	yes	yes	31230462;34229284;35670065	PMC6824981;PMC8349789;PMC8957628	Active	.	24	38.6	11.2	Sham	.	23	39	13.6	56.5	-0.03	-0.60	0.54	estimable	extracted	.	Analysis 1.4. Comparison 1: PTSD symptom severity (immediately after treatment) - as measured by validated scale, Outcome 4: PTSD symptom severity: immediately after treatment, SMD (per-protocol, endpoint) Study or Subgroup Isserles 2013 Philip 2019a Watts 2012 Total (95% CI) Heterogeneity: Tau² = 0.00; Chi² = 1.42, df = 2 (P = 0.49); I² = 0% Test for overall effect: Z = 1.19 (P = 0.23) Test for subgroup differences: Not applicableActive Mean [SMD] 63.7 38.6 53.9SD [SMD] 16.4 11.2 15.3Total 9 24 10 43Sham Mean [SMD] 77 39 61.7SD [SMD] 27.7 13.6 11.1Total 9 23 10 42Weight 20.6% 56.5% 22.9% 100.0%Std. Mean Difference IV, Random, 95% CI [SMD] -0.56 [-1.50, 0.39] -0.03 [-0.60, 0.54] -0.56 [-1.46, 0.34] -0.26 [-0.69, 0.17]Std. Mean Difference IV, Random, 95% CI [SMD] -2 -1 0 1 2 Favors active Favors sham
first_pass	Cochrane_reviews/first_pass/CD015040_rtms_ptsd.pdf	CD015040_rtms_ptsd	1.4	1	main_comparison	.	PTSD symptom severity (immediately after treatment) - as measured by validated scale	PTSD symptom severity (immediately after treatment) - as measured by validated scale	ptsd symptom severity immediately after treatment as measured by validated scale	PTSD symptom severity: immediately after treatment, SMD (per-protocol, endpoint)	Std. Mean Difference	continuous	3	Watts 2012	Watts 2012	matched_reference_block	yes	no	22264669	.	Active	.	10	53.9	15.3	Sham	.	10	61.7	11.1	22.9	-0.56	-1.46	0.34	estimable	extracted	.	Analysis 1.4. Comparison 1: PTSD symptom severity (immediately after treatment) - as measured by validated scale, Outcome 4: PTSD symptom severity: immediately after treatment, SMD (per-protocol, endpoint) Study or Subgroup Isserles 2013 Philip 2019a Watts 2012 Total (95% CI) Heterogeneity: Tau² = 0.00; Chi² = 1.42, df = 2 (P = 0.49); I² = 0% Test for overall effect: Z = 1.19 (P = 0.23) Test for subgroup differences: Not applicableActive Mean [SMD] 63.7 38.6 53.9SD [SMD] 16.4 11.2 15.3Total 9 24 10 43Sham Mean [SMD] 77 39 61.7SD [SMD] 27.7 13.6 11.1Total 9 23 10 42Weight 20.6% 56.5% 22.9% 100.0%Std. Mean Difference IV, Random, 95% CI [SMD] -0.56 [-1.50, 0.39] -0.03 [-0.60, 0.54] -0.56 [-1.46, 0.34] -0.26 [-0.69, 0.17]Std. Mean Difference IV, Random, 95% CI [SMD] -2 -1 0 1 2 Favors active Favors sham
first_pass	Cochrane_reviews/first_pass/CD015040_rtms_ptsd.pdf	CD015040_rtms_ptsd	2.1	2	subgroup_variant	.	PTSD symptom severity (change from baseline to immediately after treatment): subgroup analyses	PTSD symptom severity (change from baseline to immediately after treatment): subgroup analyses	ptsd symptom severity change from baseline to immediately after treatment subgroup analyses	Stimulation frequency: low versus high frequency	Std. Mean Difference	continuous	1	Leong 2020	Leong 2020	matched_reference_block	yes	yes	32379487	PMC7564694	= 1 (P = 0.004), I² = 87.8%Active	.	11	-12.47	25.59	Sham	.	4	9.9	11.02	10.7	-0.91	-2.12	0.29	estimable	extracted	.	Analysis 2.1. Comparison 2: PTSD symptom severity (change from baseline to immediately after treatment): subgroup analyses, Outcome 1: Stimulation frequency: low versus high frequency Study or Subgroup 2.1.1 Low frequency (1 Hz) Leong 2020 Watts 2012 Subtotal (95% CI) Heterogeneity: Tau² = 0.00; Chi² = 0.77, df = 1 (P = 0.38); I² = 0% Test for overall effect: Z = 3.28 (P = 0.001) 2.1.2 High frequency (10 Hz to 50 Hz) Fryml 2019 Isserles 2013 Isserles 2021 Leong 2020 Philip 2019a Subtotal (95% CI) Heterogeneity: Tau² = 0.04; Chi² = 5.26, df = 4 (P = 0.26); I² = 24% Test for overall effect: Z = 0.31 (P = 0.76) Total (95% CI) Heterogeneity: Tau² = 0.26; Chi² = 16.14, df = 6 (P = 0.01); I² = 63% Test for overall effect: Z = 1.66 (P = 0.10) Test for subgroup differences: Chi² = 8.20, df = 1 (P = 0.004), I² = 87.8%Active Mean [SMD] -12.47 -27.7 -46.2 -24.3 -15.48 4.56 -9.3SD [SMD] 25.59 10.99...
first_pass	Cochrane_reviews/first_pass/CD015040_rtms_ptsd.pdf	CD015040_rtms_ptsd	2.1	2	subgroup_variant	.	PTSD symptom severity (change from baseline to immediately after treatment): subgroup analyses	PTSD symptom severity (change from baseline to immediately after treatment): subgroup analyses	ptsd symptom severity change from baseline to immediately after treatment subgroup analyses	Stimulation frequency: low versus high frequency	Std. Mean Difference	continuous	2	Watts 2012	Watts 2012	matched_reference_block	yes	no	22264669	.	= 1 (P = 0.004), I² = 87.8%Active	.	10	-27.7	10.99	Sham	.	10	-10.6	9.08	12.5	-1.62	-2.67	-0.58	estimable	extracted	.	Analysis 2.1. Comparison 2: PTSD symptom severity (change from baseline to immediately after treatment): subgroup analyses, Outcome 1: Stimulation frequency: low versus high frequency Study or Subgroup 2.1.1 Low frequency (1 Hz) Leong 2020 Watts 2012 Subtotal (95% CI) Heterogeneity: Tau² = 0.00; Chi² = 0.77, df = 1 (P = 0.38); I² = 0% Test for overall effect: Z = 3.28 (P = 0.001) 2.1.2 High frequency (10 Hz to 50 Hz) Fryml 2019 Isserles 2013 Isserles 2021 Leong 2020 Philip 2019a Subtotal (95% CI) Heterogeneity: Tau² = 0.04; Chi² = 5.26, df = 4 (P = 0.26); I² = 24% Test for overall effect: Z = 0.31 (P = 0.76) Total (95% CI) Heterogeneity: Tau² = 0.26; Chi² = 16.14, df = 6 (P = 0.01); I² = 63% Test for overall effect: Z = 1.66 (P = 0.10) Test for subgroup differences: Chi² = 8.20, df = 1 (P = 0.004), I² = 87.8%Active Mean [SMD] -12.47 -27.7 -46.2 -24.3 -15.48 4.56 -9.3SD [SMD] 25.59 10.99...
first_pass	Cochrane_reviews/first_pass/CD015040_rtms_ptsd.pdf	CD015040_rtms_ptsd	2.1	2	subgroup_variant	.	PTSD symptom severity (change from baseline to immediately after treatment): subgroup analyses	PTSD symptom severity (change from baseline to immediately after treatment): subgroup analyses	ptsd symptom severity change from baseline to immediately after treatment subgroup analyses	Stimulation frequency: low versus high frequency	Std. Mean Difference	continuous	3	Fryml 2019	Fryml 2019	matched_reference_block	yes	no	29952863	.	= 1 (P = 0.004), I² = 87.8%Active	.	21	-46.2	36.71	Sham	.	14	-29.2	35.23	23.2	-1.32	-2.11	-0.53	estimable	extracted	.	Analysis 2.1. Comparison 2: PTSD symptom severity (change from baseline to immediately after treatment): subgroup analyses, Outcome 1: Stimulation frequency: low versus high frequency Study or Subgroup 2.1.1 Low frequency (1 Hz) Leong 2020 Watts 2012 Subtotal (95% CI) Heterogeneity: Tau² = 0.00; Chi² = 0.77, df = 1 (P = 0.38); I² = 0% Test for overall effect: Z = 3.28 (P = 0.001) 2.1.2 High frequency (10 Hz to 50 Hz) Fryml 2019 Isserles 2013 Isserles 2021 Leong 2020 Philip 2019a Subtotal (95% CI) Heterogeneity: Tau² = 0.04; Chi² = 5.26, df = 4 (P = 0.26); I² = 24% Test for overall effect: Z = 0.31 (P = 0.76) Total (95% CI) Heterogeneity: Tau² = 0.26; Chi² = 16.14, df = 6 (P = 0.01); I² = 63% Test for overall effect: Z = 1.66 (P = 0.10) Test for subgroup differences: Chi² = 8.20, df = 1 (P = 0.004), I² = 87.8%Active Mean [SMD] -12.47 -27.7 -46.2 -24.3 -15.48 4.56 -9.3SD [SMD] 25.59 10.99...
first_pass	Cochrane_reviews/first_pass/CD015040_rtms_ptsd.pdf	CD015040_rtms_ptsd	2.1	2	subgroup_variant	.	PTSD symptom severity (change from baseline to immediately after treatment): subgroup analyses	PTSD symptom severity (change from baseline to immediately after treatment): subgroup analyses	ptsd symptom severity change from baseline to immediately after treatment subgroup analyses	Stimulation frequency: low versus high frequency	Std. Mean Difference	continuous	4	Isserles 2013	Isserles 2013	matched_reference_block	yes	no	22921765	.	= 1 (P = 0.004), I² = 87.8%Active	.	5	-24.3	23.4	Sham	.	3	-9.1	16.13	8.4	-0.41	-1.87	1.05	estimable	extracted	.	Analysis 2.1. Comparison 2: PTSD symptom severity (change from baseline to immediately after treatment): subgroup analyses, Outcome 1: Stimulation frequency: low versus high frequency Study or Subgroup 2.1.1 Low frequency (1 Hz) Leong 2020 Watts 2012 Subtotal (95% CI) Heterogeneity: Tau² = 0.00; Chi² = 0.77, df = 1 (P = 0.38); I² = 0% Test for overall effect: Z = 3.28 (P = 0.001) 2.1.2 High frequency (10 Hz to 50 Hz) Fryml 2019 Isserles 2013 Isserles 2021 Leong 2020 Philip 2019a Subtotal (95% CI) Heterogeneity: Tau² = 0.04; Chi² = 5.26, df = 4 (P = 0.26); I² = 24% Test for overall effect: Z = 0.31 (P = 0.76) Total (95% CI) Heterogeneity: Tau² = 0.26; Chi² = 16.14, df = 6 (P = 0.01); I² = 63% Test for overall effect: Z = 1.66 (P = 0.10) Test for subgroup differences: Chi² = 8.20, df = 1 (P = 0.004), I² = 87.8%Active Mean [SMD] -12.47 -27.7 -46.2 -24.3 -15.48 4.56 -9.3SD [SMD] 25.59 10.99...
first_pass	Cochrane_reviews/first_pass/CD015040_rtms_ptsd.pdf	CD015040_rtms_ptsd	2.1	2	subgroup_variant	.	PTSD symptom severity (change from baseline to immediately after treatment): subgroup analyses	PTSD symptom severity (change from baseline to immediately after treatment): subgroup analyses	ptsd symptom severity change from baseline to immediately after treatment subgroup analyses	Stimulation frequency: low versus high frequency	Std. Mean Difference	continuous	5	Isserles 2021	Isserles 2021	matched_reference_block	yes	no	34274108	.	= 1 (P = 0.004), I² = 87.8%Active	.	10	-15.48	14.23	Sham	.	10	-19.05	12.63	14.3	-0.72	-1.64	0.19	estimable	extracted	.	Analysis 2.1. Comparison 2: PTSD symptom severity (change from baseline to immediately after treatment): subgroup analyses, Outcome 1: Stimulation frequency: low versus high frequency Study or Subgroup 2.1.1 Low frequency (1 Hz) Leong 2020 Watts 2012 Subtotal (95% CI) Heterogeneity: Tau² = 0.00; Chi² = 0.77, df = 1 (P = 0.38); I² = 0% Test for overall effect: Z = 3.28 (P = 0.001) 2.1.2 High frequency (10 Hz to 50 Hz) Fryml 2019 Isserles 2013 Isserles 2021 Leong 2020 Philip 2019a Subtotal (95% CI) Heterogeneity: Tau² = 0.04; Chi² = 5.26, df = 4 (P = 0.26); I² = 24% Test for overall effect: Z = 0.31 (P = 0.76) Total (95% CI) Heterogeneity: Tau² = 0.26; Chi² = 16.14, df = 6 (P = 0.01); I² = 63% Test for overall effect: Z = 1.66 (P = 0.10) Test for subgroup differences: Chi² = 8.20, df = 1 (P = 0.004), I² = 87.8%Active Mean [SMD] -12.47 -27.7 -46.2 -24.3 -15.48 4.56 -9.3SD [SMD] 25.59 10.99...
first_pass	Cochrane_reviews/first_pass/CD015040_rtms_ptsd.pdf	CD015040_rtms_ptsd	2.1	2	subgroup_variant	.	PTSD symptom severity (change from baseline to immediately after treatment): subgroup analyses	PTSD symptom severity (change from baseline to immediately after treatment): subgroup analyses	ptsd symptom severity change from baseline to immediately after treatment subgroup analyses	Stimulation frequency: low versus high frequency	Std. Mean Difference	continuous	6	Philip 2019a	Philip 2019a	matched_reference_block	yes	yes	31230462;34229284;35670065	PMC6824981;PMC8349789;PMC8957628	= 1 (P = 0.004), I² = 87.8%Active	.	60	4.56	22.38	Sham	.	65	9.9	11.02	23.3	0.26	-0.09	0.62	estimable	extracted	.	Analysis 2.1. Comparison 2: PTSD symptom severity (change from baseline to immediately after treatment): subgroup analyses, Outcome 1: Stimulation frequency: low versus high frequency Study or Subgroup 2.1.1 Low frequency (1 Hz) Leong 2020 Watts 2012 Subtotal (95% CI) Heterogeneity: Tau² = 0.00; Chi² = 0.77, df = 1 (P = 0.38); I² = 0% Test for overall effect: Z = 3.28 (P = 0.001) 2.1.2 High frequency (10 Hz to 50 Hz) Fryml 2019 Isserles 2013 Isserles 2021 Leong 2020 Philip 2019a Subtotal (95% CI) Heterogeneity: Tau² = 0.04; Chi² = 5.26, df = 4 (P = 0.26); I² = 24% Test for overall effect: Z = 0.31 (P = 0.76) Total (95% CI) Heterogeneity: Tau² = 0.26; Chi² = 16.14, df = 6 (P = 0.01); I² = 63% Test for overall effect: Z = 1.66 (P = 0.10) Test for subgroup differences: Chi² = 8.20, df = 1 (P = 0.004), I² = 87.8%Active Mean [SMD] -12.47 -27.7 -46.2 -24.3 -15.48 4.56 -9.3SD [SMD] 25.59 10.99...
first_pass	Cochrane_reviews/first_pass/CD015040_rtms_ptsd.pdf	CD015040_rtms_ptsd	2.2	2	subgroup_variant	.	PTSD symptom severity (change from baseline to immediately after treatment): subgroup analyses	PTSD symptom severity (change from baseline to immediately after treatment): subgroup analyses	ptsd symptom severity change from baseline to immediately after treatment subgroup analyses	Combination treatment status: rTMS alone versus rTMS paired with exposure/psychotherapy	Std. Mean Difference	continuous	1	Leong 2020	Leong 2020	matched_reference_block	yes	yes	32379487	PMC7564694	= 1 (P = 0.31), I² = 4.4%Active	.	20	-4.81	25.12	Sham	.	9	9.9	11.02	16.9	-0.65	-1.46	0.15	estimable	extracted	.	Analysis 2.2. Comparison 2: PTSD symptom severity (change from baseline to immediately after treatment): subgroup analyses, Outcome 2: Combination treatment status: rTMS alone versus rTMS paired with exposure/psychotherapy Study or Subgroup 2.2.1 rTMS stand-alone treatment Leong 2020 Philip 2019a Watts 2012 Subtotal (95% CI) Heterogeneity: Tau² = 0.33; Chi² = 6.21, df = 2 (P = 0.04); I² = 68% Test for overall effect: Z = 1.74 (P = 0.08) 2.2.2 rTMS combined with exposure/psychotherapy Fryml 2019 Isserles 2013 Isserles 2021 Subtotal (95% CI) Heterogeneity: Tau² = 0.22; Chi² = 4.44, df = 2 (P = 0.11); I² = 55% Test for overall effect: Z = 0.41 (P = 0.68) Total (95% CI) Heterogeneity: Tau² = 0.28; Chi² = 16.11, df = 5 (P = 0.007); I² = 69% Test for overall effect: Z = 1.60 (P = 0.11) Test for subgroup differences: Chi² = 1.05, df = 1 (P = 0.31), I² = 4.4%Active Mean [SMD] -4.81 -9.3 -27.7 -...
first_pass	Cochrane_reviews/first_pass/CD015040_rtms_ptsd.pdf	CD015040_rtms_ptsd	2.2	2	subgroup_variant	.	PTSD symptom severity (change from baseline to immediately after treatment): subgroup analyses	PTSD symptom severity (change from baseline to immediately after treatment): subgroup analyses	ptsd symptom severity change from baseline to immediately after treatment subgroup analyses	Combination treatment status: rTMS alone versus rTMS paired with exposure/psychotherapy	Std. Mean Difference	continuous	2	Philip 2019a	Philip 2019a	matched_reference_block	yes	yes	31230462;34229284;35670065	PMC6824981;PMC8349789;PMC8957628	= 1 (P = 0.31), I² = 4.4%Active	.	25	-9.3	8.26	Sham	.	25	-8	9.76	21.0	-0.14	-0.70	0.41	estimable	extracted	.	Analysis 2.2. Comparison 2: PTSD symptom severity (change from baseline to immediately after treatment): subgroup analyses, Outcome 2: Combination treatment status: rTMS alone versus rTMS paired with exposure/psychotherapy Study or Subgroup 2.2.1 rTMS stand-alone treatment Leong 2020 Philip 2019a Watts 2012 Subtotal (95% CI) Heterogeneity: Tau² = 0.33; Chi² = 6.21, df = 2 (P = 0.04); I² = 68% Test for overall effect: Z = 1.74 (P = 0.08) 2.2.2 rTMS combined with exposure/psychotherapy Fryml 2019 Isserles 2013 Isserles 2021 Subtotal (95% CI) Heterogeneity: Tau² = 0.22; Chi² = 4.44, df = 2 (P = 0.11); I² = 55% Test for overall effect: Z = 0.41 (P = 0.68) Total (95% CI) Heterogeneity: Tau² = 0.28; Chi² = 16.11, df = 5 (P = 0.007); I² = 69% Test for overall effect: Z = 1.60 (P = 0.11) Test for subgroup differences: Chi² = 1.05, df = 1 (P = 0.31), I² = 4.4%Active Mean [SMD] -4.81 -9.3 -27.7 -...
first_pass	Cochrane_reviews/first_pass/CD015040_rtms_ptsd.pdf	CD015040_rtms_ptsd	2.2	2	subgroup_variant	.	PTSD symptom severity (change from baseline to immediately after treatment): subgroup analyses	PTSD symptom severity (change from baseline to immediately after treatment): subgroup analyses	ptsd symptom severity change from baseline to immediately after treatment subgroup analyses	Combination treatment status: rTMS alone versus rTMS paired with exposure/psychotherapy	Std. Mean Difference	continuous	3	Watts 2012	Watts 2012	matched_reference_block	yes	no	22264669	.	= 1 (P = 0.31), I² = 4.4%Active	.	10	-27.7	10.99	Sham	.	10	-10.6	9.08	13.5	-1.62	-2.67	-0.58	estimable	extracted	.	Analysis 2.2. Comparison 2: PTSD symptom severity (change from baseline to immediately after treatment): subgroup analyses, Outcome 2: Combination treatment status: rTMS alone versus rTMS paired with exposure/psychotherapy Study or Subgroup 2.2.1 rTMS stand-alone treatment Leong 2020 Philip 2019a Watts 2012 Subtotal (95% CI) Heterogeneity: Tau² = 0.33; Chi² = 6.21, df = 2 (P = 0.04); I² = 68% Test for overall effect: Z = 1.74 (P = 0.08) 2.2.2 rTMS combined with exposure/psychotherapy Fryml 2019 Isserles 2013 Isserles 2021 Subtotal (95% CI) Heterogeneity: Tau² = 0.22; Chi² = 4.44, df = 2 (P = 0.11); I² = 55% Test for overall effect: Z = 0.41 (P = 0.68) Total (95% CI) Heterogeneity: Tau² = 0.28; Chi² = 16.11, df = 5 (P = 0.007); I² = 69% Test for overall effect: Z = 1.60 (P = 0.11) Test for subgroup differences: Chi² = 1.05, df = 1 (P = 0.31), I² = 4.4%Active Mean [SMD] -4.81 -9.3 -27.7 -...
first_pass	Cochrane_reviews/first_pass/CD015040_rtms_ptsd.pdf	CD015040_rtms_ptsd	2.2	2	subgroup_variant	.	PTSD symptom severity (change from baseline to immediately after treatment): subgroup analyses	PTSD symptom severity (change from baseline to immediately after treatment): subgroup analyses	ptsd symptom severity change from baseline to immediately after treatment subgroup analyses	Combination treatment status: rTMS alone versus rTMS paired with exposure/psychotherapy	Std. Mean Difference	continuous	4	Fryml 2019	Fryml 2019	matched_reference_block	yes	no	29952863	.	= 1 (P = 0.31), I² = 4.4%Active	.	55	-46.2	36.71	Sham	.	44	-29.2	35.23	51.4	-0.71	-1.51	0.09	estimable	extracted	.	Analysis 2.2. Comparison 2: PTSD symptom severity (change from baseline to immediately after treatment): subgroup analyses, Outcome 2: Combination treatment status: rTMS alone versus rTMS paired with exposure/psychotherapy Study or Subgroup 2.2.1 rTMS stand-alone treatment Leong 2020 Philip 2019a Watts 2012 Subtotal (95% CI) Heterogeneity: Tau² = 0.33; Chi² = 6.21, df = 2 (P = 0.04); I² = 68% Test for overall effect: Z = 1.74 (P = 0.08) 2.2.2 rTMS combined with exposure/psychotherapy Fryml 2019 Isserles 2013 Isserles 2021 Subtotal (95% CI) Heterogeneity: Tau² = 0.22; Chi² = 4.44, df = 2 (P = 0.11); I² = 55% Test for overall effect: Z = 0.41 (P = 0.68) Total (95% CI) Heterogeneity: Tau² = 0.28; Chi² = 16.11, df = 5 (P = 0.007); I² = 69% Test for overall effect: Z = 1.60 (P = 0.11) Test for subgroup differences: Chi² = 1.05, df = 1 (P = 0.31), I² = 4.4%Active Mean [SMD] -4.81 -9.3 -27.7 -...
first_pass	Cochrane_reviews/first_pass/CD015040_rtms_ptsd.pdf	CD015040_rtms_ptsd	2.2	2	subgroup_variant	.	PTSD symptom severity (change from baseline to immediately after treatment): subgroup analyses	PTSD symptom severity (change from baseline to immediately after treatment): subgroup analyses	ptsd symptom severity change from baseline to immediately after treatment subgroup analyses	Combination treatment status: rTMS alone versus rTMS paired with exposure/psychotherapy	Std. Mean Difference	continuous	5	Isserles 2013	Isserles 2013	matched_reference_block	yes	no	22921765	.	= 1 (P = 0.31), I² = 4.4%Active	.	5	-24.3	23.4	Sham	.	3	-9.1	16.13	9.1	-0.41	-1.87	1.05	estimable	extracted	.	Analysis 2.2. Comparison 2: PTSD symptom severity (change from baseline to immediately after treatment): subgroup analyses, Outcome 2: Combination treatment status: rTMS alone versus rTMS paired with exposure/psychotherapy Study or Subgroup 2.2.1 rTMS stand-alone treatment Leong 2020 Philip 2019a Watts 2012 Subtotal (95% CI) Heterogeneity: Tau² = 0.33; Chi² = 6.21, df = 2 (P = 0.04); I² = 68% Test for overall effect: Z = 1.74 (P = 0.08) 2.2.2 rTMS combined with exposure/psychotherapy Fryml 2019 Isserles 2013 Isserles 2021 Subtotal (95% CI) Heterogeneity: Tau² = 0.22; Chi² = 4.44, df = 2 (P = 0.11); I² = 55% Test for overall effect: Z = 0.41 (P = 0.68) Total (95% CI) Heterogeneity: Tau² = 0.28; Chi² = 16.11, df = 5 (P = 0.007); I² = 69% Test for overall effect: Z = 1.60 (P = 0.11) Test for subgroup differences: Chi² = 1.05, df = 1 (P = 0.31), I² = 4.4%Active Mean [SMD] -4.81 -9.3 -27.7 -...
first_pass	Cochrane_reviews/first_pass/CD015040_rtms_ptsd.pdf	CD015040_rtms_ptsd	2.2	2	subgroup_variant	.	PTSD symptom severity (change from baseline to immediately after treatment): subgroup analyses	PTSD symptom severity (change from baseline to immediately after treatment): subgroup analyses	ptsd symptom severity change from baseline to immediately after treatment subgroup analyses	Combination treatment status: rTMS alone versus rTMS paired with exposure/psychotherapy	Std. Mean Difference	continuous	6	Isserles 2021	Isserles 2021	matched_reference_block	yes	no	34274108	.	= 1 (P = 0.31), I² = 4.4%Active	.	10	-15.48	14.23	Sham	.	10	-19.05	12.63	15.3	-0.72	-1.64	0.19	estimable	extracted	.	Analysis 2.2. Comparison 2: PTSD symptom severity (change from baseline to immediately after treatment): subgroup analyses, Outcome 2: Combination treatment status: rTMS alone versus rTMS paired with exposure/psychotherapy Study or Subgroup 2.2.1 rTMS stand-alone treatment Leong 2020 Philip 2019a Watts 2012 Subtotal (95% CI) Heterogeneity: Tau² = 0.33; Chi² = 6.21, df = 2 (P = 0.04); I² = 68% Test for overall effect: Z = 1.74 (P = 0.08) 2.2.2 rTMS combined with exposure/psychotherapy Fryml 2019 Isserles 2013 Isserles 2021 Subtotal (95% CI) Heterogeneity: Tau² = 0.22; Chi² = 4.44, df = 2 (P = 0.11); I² = 55% Test for overall effect: Z = 0.41 (P = 0.68) Total (95% CI) Heterogeneity: Tau² = 0.28; Chi² = 16.11, df = 5 (P = 0.007); I² = 69% Test for overall effect: Z = 1.60 (P = 0.11) Test for subgroup differences: Chi² = 1.05, df = 1 (P = 0.31), I² = 4.4%Active Mean [SMD] -4.81 -9.3 -27.7 -...
first_pass	Cochrane_reviews/first_pass/CD015040_rtms_ptsd.pdf	CD015040_rtms_ptsd	3.1	3	main_comparison	.	.	.	.	.	.	unclear	.	.	.	.	.	.	.	.	.	.	.	.	.	.	.	.	.	.	.	.	.	.	.	not_extractable_no_study_labels	No study-level forest-plot rows could be extracted from the selected analysis block.	.
first_pass	Cochrane_reviews/first_pass/CD015040_rtms_ptsd.pdf	CD015040_rtms_ptsd	4.1	4	main_comparison	.	PTSD symptom severity (4 to 12 weeks after treatment) - as measured by validated scale	PTSD symptom severity (4 to 12 weeks after treatment) - as measured by validated scale	ptsd symptom severity 4 to 12 weeks after treatment as measured by validated scale	PTSD symptom severity: change from baseline to 4 to 12 weeks after treatment (ITT)	Mean Difference	continuous	1	Isserles 2021	Isserles 2021	matched_reference_block	yes	no	34274108	.	Active	.	60	-17.03	16.06	Sham	.	65	-22.86	14.27	100.0	5.83	0.49	11.17	estimable	extracted	.	Analysis 4.1. Comparison 4: PTSD symptom severity (4 to 12 weeks after treatment) - as measured by validated scale, Outcome 1: PTSD symptom severity: change from baseline to 4 to 12 weeks after treatment (ITT) Study or Subgroup Isserles 2021 Total (95% CI) Heterogeneity: Not applicable Test for overall effect: Z = 2.14 (P = 0.03) Test for subgroup differences: Not applicableActive Mean [CAPS-5] -17.03SD [CAPS-5] 16.06Total 60 60Sham Mean [CAPS-5] -22.86SD [CAPS-5] 14.27Total 65 65Weight 100.0% 100.0%Mean Difference IV, Random, 95% CI [CAPS-5] 5.83 [0.49, 11.17] 5.83 [0.49, 11.17]Mean Difference IV, Random, 95% CI [CAPS-5] -50 -25 0 25 50 Favors active Favors sham
first_pass	Cochrane_reviews/first_pass/CD015040_rtms_ptsd.pdf	CD015040_rtms_ptsd	5.1	5	main_comparison	.	.	.	.	.	odds ratio	dichotomous	.	.	.	.	.	.	.	.	.	.	.	.	.	.	.	.	.	.	.	.	.	.	.	not_extractable_no_study_labels	No study-level forest-plot rows could be extracted from the selected analysis block.	.
first_pass	Cochrane_reviews/first_pass/CD015040_rtms_ptsd.pdf	CD015040_rtms_ptsd	6.1	6	main_comparison	.	Depression severity (immediately after treatment) - as measured by validated scale	Depression severity (immediately after treatment) - as measured by validated scale	depression severity immediately after treatment as measured by validated scale	Depression severity: immediately after treatment, SMD (ITT, endpoint)	Std. Mean Difference	continuous	1	Leong 2020	Leong 2020	matched_reference_block	yes	yes	32379487	PMC7564694	Active	.	20	11.81	8.03	Sham	.	9	14.44	3.32	26.1	-0.37	-1.16	0.43	estimable	extracted	.	Analysis 6.1. Comparison 6: Depression severity (immediately after treatment) - as measured by validated scale, Outcome 1: Depression severity: immediately after treatment, SMD (ITT, endpoint) Study or Subgroup Leong 2020 Philip 2019a Watts 2012 Total (95% CI) Heterogeneity: Tau² = 0.00; Chi² = 0.44, df = 2 (P = 0.80); I² = 0% Test for overall effect: Z = 1.32 (P = 0.19) Test for subgroup differences: Not applicableActive Mean [SMD] 11.81 31.3 17.7SD [SMD] 8.03 14.8 6.3Total 20 25 10 55Sham Mean [SMD] 14.44 33.5 21.4SD [SMD] 3.32 14.3 8.5Total 9 25 10 44Weight 26.1% 53.3% 20.6% 100.0%Std. Mean Difference IV, Random, 95% CI [SMD] -0.37 [-1.16, 0.43] -0.15 [-0.70, 0.41] -0.47 [-1.37, 0.42] -0.27 [-0.68, 0.13]Std. Mean Difference IV, Random, 95% CI [SMD] -2 -1 0 1 2 Favors active Favors sham
first_pass	Cochrane_reviews/first_pass/CD015040_rtms_ptsd.pdf	CD015040_rtms_ptsd	6.1	6	main_comparison	.	Depression severity (immediately after treatment) - as measured by validated scale	Depression severity (immediately after treatment) - as measured by validated scale	depression severity immediately after treatment as measured by validated scale	Depression severity: immediately after treatment, SMD (ITT, endpoint)	Std. Mean Difference	continuous	2	Philip 2019a	Philip 2019a	matched_reference_block	yes	yes	31230462;34229284;35670065	PMC6824981;PMC8349789;PMC8957628	Active	.	25	31.3	14.8	Sham	.	25	33.5	14.3	53.3	-0.15	-0.70	0.41	estimable	extracted	.	Analysis 6.1. Comparison 6: Depression severity (immediately after treatment) - as measured by validated scale, Outcome 1: Depression severity: immediately after treatment, SMD (ITT, endpoint) Study or Subgroup Leong 2020 Philip 2019a Watts 2012 Total (95% CI) Heterogeneity: Tau² = 0.00; Chi² = 0.44, df = 2 (P = 0.80); I² = 0% Test for overall effect: Z = 1.32 (P = 0.19) Test for subgroup differences: Not applicableActive Mean [SMD] 11.81 31.3 17.7SD [SMD] 8.03 14.8 6.3Total 20 25 10 55Sham Mean [SMD] 14.44 33.5 21.4SD [SMD] 3.32 14.3 8.5Total 9 25 10 44Weight 26.1% 53.3% 20.6% 100.0%Std. Mean Difference IV, Random, 95% CI [SMD] -0.37 [-1.16, 0.43] -0.15 [-0.70, 0.41] -0.47 [-1.37, 0.42] -0.27 [-0.68, 0.13]Std. Mean Difference IV, Random, 95% CI [SMD] -2 -1 0 1 2 Favors active Favors sham
first_pass	Cochrane_reviews/first_pass/CD015040_rtms_ptsd.pdf	CD015040_rtms_ptsd	6.1	6	main_comparison	.	Depression severity (immediately after treatment) - as measured by validated scale	Depression severity (immediately after treatment) - as measured by validated scale	depression severity immediately after treatment as measured by validated scale	Depression severity: immediately after treatment, SMD (ITT, endpoint)	Std. Mean Difference	continuous	3	Watts 2012	Watts 2012	matched_reference_block	yes	no	22264669	.	Active	.	10	17.7	6.3	Sham	.	10	21.4	8.5	20.6	-0.47	-1.37	0.42	estimable	extracted	.	Analysis 6.1. Comparison 6: Depression severity (immediately after treatment) - as measured by validated scale, Outcome 1: Depression severity: immediately after treatment, SMD (ITT, endpoint) Study or Subgroup Leong 2020 Philip 2019a Watts 2012 Total (95% CI) Heterogeneity: Tau² = 0.00; Chi² = 0.44, df = 2 (P = 0.80); I² = 0% Test for overall effect: Z = 1.32 (P = 0.19) Test for subgroup differences: Not applicableActive Mean [SMD] 11.81 31.3 17.7SD [SMD] 8.03 14.8 6.3Total 20 25 10 55Sham Mean [SMD] 14.44 33.5 21.4SD [SMD] 3.32 14.3 8.5Total 9 25 10 44Weight 26.1% 53.3% 20.6% 100.0%Std. Mean Difference IV, Random, 95% CI [SMD] -0.37 [-1.16, 0.43] -0.15 [-0.70, 0.41] -0.47 [-1.37, 0.42] -0.27 [-0.68, 0.13]Std. Mean Difference IV, Random, 95% CI [SMD] -2 -1 0 1 2 Favors active Favors sham
first_pass	Cochrane_reviews/first_pass/CD015040_rtms_ptsd.pdf	CD015040_rtms_ptsd	6.2	6	main_comparison	.	Depression severity (immediately after treatment) - as measured by validated scale	Depression severity (immediately after treatment) - as measured by validated scale	depression severity immediately after treatment as measured by validated scale	Depression severity: immediately after treatment, SMD (ITT, endpoint, with data imputation)	Std. Mean Difference	continuous	1	Isserles 2021	Isserles 2021	matched_reference_block	yes	no	34274108	.	Active	.	60	12.45	5.05	Sham	.	65	11.02	5.32	43.9	0.27	-0.08	0.63	estimable	extracted	.	Analysis 6.2. Comparison 6: Depression severity (immediately after treatment) - as measured by validated scale, Outcome 2: Depression severity: immediately after treatment, SMD (ITT, endpoint, with data imputation) Study or Subgroup Isserles 2021 Leong 2020 Philip 2019a Watts 2012 Total (95% CI) Heterogeneity: Tau² = 0.04; Chi² = 4.42, df = 3 (P = 0.22); I² = 32% Test for overall effect: Z = 0.23 (P = 0.82) Test for subgroup differences: Not applicableActive Mean [SMD] 12.45 11.81 31.3 17.7SD [SMD] 5.05 8.03 14.8 6.3Total 60 20 25 10 115Sham Mean [SMD] 11.02 14.44 33.5 21.4SD [SMD] 5.32 3.32 14.3 8.5Total 65 9 25 10 109Weight 43.9% 16.0% 26.9% 13.3% 100.0%Std. Mean Difference IV, Random, 95% CI [SMD] 0.27 [-0.08, 0.63] -0.37 [-1.16, 0.43] -0.15 [-0.70, 0.41] -0.47 [-1.37, 0.42] -0.04 [-0.40, 0.32]Std. Mean Difference IV, Random, 95% CI [SMD] -2 -1 0 1 2 Favors active Favors sham Repetit...
first_pass	Cochrane_reviews/first_pass/CD015040_rtms_ptsd.pdf	CD015040_rtms_ptsd	6.2	6	main_comparison	.	Depression severity (immediately after treatment) - as measured by validated scale	Depression severity (immediately after treatment) - as measured by validated scale	depression severity immediately after treatment as measured by validated scale	Depression severity: immediately after treatment, SMD (ITT, endpoint, with data imputation)	Std. Mean Difference	continuous	2	Leong 2020	Leong 2020	matched_reference_block	yes	yes	32379487	PMC7564694	Active	.	20	11.81	8.03	Sham	.	9	14.44	3.32	16.0	-0.37	-1.16	0.43	estimable	extracted	.	Analysis 6.2. Comparison 6: Depression severity (immediately after treatment) - as measured by validated scale, Outcome 2: Depression severity: immediately after treatment, SMD (ITT, endpoint, with data imputation) Study or Subgroup Isserles 2021 Leong 2020 Philip 2019a Watts 2012 Total (95% CI) Heterogeneity: Tau² = 0.04; Chi² = 4.42, df = 3 (P = 0.22); I² = 32% Test for overall effect: Z = 0.23 (P = 0.82) Test for subgroup differences: Not applicableActive Mean [SMD] 12.45 11.81 31.3 17.7SD [SMD] 5.05 8.03 14.8 6.3Total 60 20 25 10 115Sham Mean [SMD] 11.02 14.44 33.5 21.4SD [SMD] 5.32 3.32 14.3 8.5Total 65 9 25 10 109Weight 43.9% 16.0% 26.9% 13.3% 100.0%Std. Mean Difference IV, Random, 95% CI [SMD] 0.27 [-0.08, 0.63] -0.37 [-1.16, 0.43] -0.15 [-0.70, 0.41] -0.47 [-1.37, 0.42] -0.04 [-0.40, 0.32]Std. Mean Difference IV, Random, 95% CI [SMD] -2 -1 0 1 2 Favors active Favors sham Repetit...
first_pass	Cochrane_reviews/first_pass/CD015040_rtms_ptsd.pdf	CD015040_rtms_ptsd	6.2	6	main_comparison	.	Depression severity (immediately after treatment) - as measured by validated scale	Depression severity (immediately after treatment) - as measured by validated scale	depression severity immediately after treatment as measured by validated scale	Depression severity: immediately after treatment, SMD (ITT, endpoint, with data imputation)	Std. Mean Difference	continuous	3	Philip 2019a	Philip 2019a	matched_reference_block	yes	yes	31230462;34229284;35670065	PMC6824981;PMC8349789;PMC8957628	Active	.	25	31.3	14.8	Sham	.	25	33.5	14.3	26.9	-0.15	-0.70	0.41	estimable	extracted	.	Analysis 6.2. Comparison 6: Depression severity (immediately after treatment) - as measured by validated scale, Outcome 2: Depression severity: immediately after treatment, SMD (ITT, endpoint, with data imputation) Study or Subgroup Isserles 2021 Leong 2020 Philip 2019a Watts 2012 Total (95% CI) Heterogeneity: Tau² = 0.04; Chi² = 4.42, df = 3 (P = 0.22); I² = 32% Test for overall effect: Z = 0.23 (P = 0.82) Test for subgroup differences: Not applicableActive Mean [SMD] 12.45 11.81 31.3 17.7SD [SMD] 5.05 8.03 14.8 6.3Total 60 20 25 10 115Sham Mean [SMD] 11.02 14.44 33.5 21.4SD [SMD] 5.32 3.32 14.3 8.5Total 65 9 25 10 109Weight 43.9% 16.0% 26.9% 13.3% 100.0%Std. Mean Difference IV, Random, 95% CI [SMD] 0.27 [-0.08, 0.63] -0.37 [-1.16, 0.43] -0.15 [-0.70, 0.41] -0.47 [-1.37, 0.42] -0.04 [-0.40, 0.32]Std. Mean Difference IV, Random, 95% CI [SMD] -2 -1 0 1 2 Favors active Favors sham Repetit...
first_pass	Cochrane_reviews/first_pass/CD015040_rtms_ptsd.pdf	CD015040_rtms_ptsd	6.2	6	main_comparison	.	Depression severity (immediately after treatment) - as measured by validated scale	Depression severity (immediately after treatment) - as measured by validated scale	depression severity immediately after treatment as measured by validated scale	Depression severity: immediately after treatment, SMD (ITT, endpoint, with data imputation)	Std. Mean Difference	continuous	4	Watts 2012	Watts 2012	matched_reference_block	yes	no	22264669	.	Active	.	10	17.7	6.3	Sham	.	10	21.4	8.5	13.3	-0.47	-1.37	0.42	estimable	extracted	.	Analysis 6.2. Comparison 6: Depression severity (immediately after treatment) - as measured by validated scale, Outcome 2: Depression severity: immediately after treatment, SMD (ITT, endpoint, with data imputation) Study or Subgroup Isserles 2021 Leong 2020 Philip 2019a Watts 2012 Total (95% CI) Heterogeneity: Tau² = 0.04; Chi² = 4.42, df = 3 (P = 0.22); I² = 32% Test for overall effect: Z = 0.23 (P = 0.82) Test for subgroup differences: Not applicableActive Mean [SMD] 12.45 11.81 31.3 17.7SD [SMD] 5.05 8.03 14.8 6.3Total 60 20 25 10 115Sham Mean [SMD] 11.02 14.44 33.5 21.4SD [SMD] 5.32 3.32 14.3 8.5Total 65 9 25 10 109Weight 43.9% 16.0% 26.9% 13.3% 100.0%Std. Mean Difference IV, Random, 95% CI [SMD] 0.27 [-0.08, 0.63] -0.37 [-1.16, 0.43] -0.15 [-0.70, 0.41] -0.47 [-1.37, 0.42] -0.04 [-0.40, 0.32]Std. Mean Difference IV, Random, 95% CI [SMD] -2 -1 0 1 2 Favors active Favors sham Repetit...
first_pass	Cochrane_reviews/first_pass/CD015040_rtms_ptsd.pdf	CD015040_rtms_ptsd	6.3	6	main_comparison	.	Depression severity (immediately after treatment) - as measured by validated scale	Depression severity (immediately after treatment) - as measured by validated scale	depression severity immediately after treatment as measured by validated scale	Depression severity: change from baseline to immediately after treatment, SMD (ITT, with data imputation)	Std. Mean Difference	continuous	1	Isserles 2021	Isserles 2021	matched_reference_block	yes	no	34274108	.	Active	.	60	-3.45	5.95	Sham	.	65	-4.68	5.43	31.9	0.22	-0.14	0.57	estimable	extracted	.	Analysis 6.3. Comparison 6: Depression severity (immediately after treatment) - as measured by validated scale, Outcome 3: Depression severity: change from baseline to immediately after treatment, SMD (ITT, with data imputation) Study or Subgroup Isserles 2021 Leong 2020 Philip 2019a Watts 2012 Total (95% CI) Heterogeneity: Tau² = 0.27; Chi² = 11.41, df = 3 (P = 0.010); I² = 74% Test for overall effect: Z = 1.42 (P = 0.16) Test for subgroup differences: Not applicableActive Mean [SMD] -3.45 -4.63 -11.5 -7.8SD [SMD] 5.95 6.7 11.26 5.28Total 60 20 25 10 115Sham Mean [SMD] -4.68 0 -5.7 -1.3SD [SMD] 5.43 3.92 10.88 6.31Total 65 9 25 10 109Weight 31.9% 21.8% 27.3% 19.0% 100.0%Std. Mean Difference IV, Random, 95% CI [SMD] 0.22 [-0.14, 0.57] -0.75 [-1.56, 0.06] -0.52 [-1.08, 0.05] -1.07 [-2.02, -0.12] -0.44 [-1.05, 0.17]Std. Mean Difference IV, Random, 95% CI [SMD] -2 -1 0 1 2 Favors active Fa...
first_pass	Cochrane_reviews/first_pass/CD015040_rtms_ptsd.pdf	CD015040_rtms_ptsd	6.3	6	main_comparison	.	Depression severity (immediately after treatment) - as measured by validated scale	Depression severity (immediately after treatment) - as measured by validated scale	depression severity immediately after treatment as measured by validated scale	Depression severity: change from baseline to immediately after treatment, SMD (ITT, with data imputation)	Std. Mean Difference	continuous	2	Leong 2020	Leong 2020	matched_reference_block	yes	yes	32379487	PMC7564694	Active	.	20	-4.63	6.7	Sham	.	9	0	3.92	21.8	-0.75	-1.56	0.06	estimable	extracted	.	Analysis 6.3. Comparison 6: Depression severity (immediately after treatment) - as measured by validated scale, Outcome 3: Depression severity: change from baseline to immediately after treatment, SMD (ITT, with data imputation) Study or Subgroup Isserles 2021 Leong 2020 Philip 2019a Watts 2012 Total (95% CI) Heterogeneity: Tau² = 0.27; Chi² = 11.41, df = 3 (P = 0.010); I² = 74% Test for overall effect: Z = 1.42 (P = 0.16) Test for subgroup differences: Not applicableActive Mean [SMD] -3.45 -4.63 -11.5 -7.8SD [SMD] 5.95 6.7 11.26 5.28Total 60 20 25 10 115Sham Mean [SMD] -4.68 0 -5.7 -1.3SD [SMD] 5.43 3.92 10.88 6.31Total 65 9 25 10 109Weight 31.9% 21.8% 27.3% 19.0% 100.0%Std. Mean Difference IV, Random, 95% CI [SMD] 0.22 [-0.14, 0.57] -0.75 [-1.56, 0.06] -0.52 [-1.08, 0.05] -1.07 [-2.02, -0.12] -0.44 [-1.05, 0.17]Std. Mean Difference IV, Random, 95% CI [SMD] -2 -1 0 1 2 Favors active Fa...
first_pass	Cochrane_reviews/first_pass/CD015040_rtms_ptsd.pdf	CD015040_rtms_ptsd	6.3	6	main_comparison	.	Depression severity (immediately after treatment) - as measured by validated scale	Depression severity (immediately after treatment) - as measured by validated scale	depression severity immediately after treatment as measured by validated scale	Depression severity: change from baseline to immediately after treatment, SMD (ITT, with data imputation)	Std. Mean Difference	continuous	3	Philip 2019a	Philip 2019a	matched_reference_block	yes	yes	31230462;34229284;35670065	PMC6824981;PMC8349789;PMC8957628	Active	.	25	-11.5	11.26	Sham	.	25	-5.7	10.88	27.3	-0.52	-1.08	0.05	estimable	extracted	.	Analysis 6.3. Comparison 6: Depression severity (immediately after treatment) - as measured by validated scale, Outcome 3: Depression severity: change from baseline to immediately after treatment, SMD (ITT, with data imputation) Study or Subgroup Isserles 2021 Leong 2020 Philip 2019a Watts 2012 Total (95% CI) Heterogeneity: Tau² = 0.27; Chi² = 11.41, df = 3 (P = 0.010); I² = 74% Test for overall effect: Z = 1.42 (P = 0.16) Test for subgroup differences: Not applicableActive Mean [SMD] -3.45 -4.63 -11.5 -7.8SD [SMD] 5.95 6.7 11.26 5.28Total 60 20 25 10 115Sham Mean [SMD] -4.68 0 -5.7 -1.3SD [SMD] 5.43 3.92 10.88 6.31Total 65 9 25 10 109Weight 31.9% 21.8% 27.3% 19.0% 100.0%Std. Mean Difference IV, Random, 95% CI [SMD] 0.22 [-0.14, 0.57] -0.75 [-1.56, 0.06] -0.52 [-1.08, 0.05] -1.07 [-2.02, -0.12] -0.44 [-1.05, 0.17]Std. Mean Difference IV, Random, 95% CI [SMD] -2 -1 0 1 2 Favors active Fa...
first_pass	Cochrane_reviews/first_pass/CD015040_rtms_ptsd.pdf	CD015040_rtms_ptsd	6.3	6	main_comparison	.	Depression severity (immediately after treatment) - as measured by validated scale	Depression severity (immediately after treatment) - as measured by validated scale	depression severity immediately after treatment as measured by validated scale	Depression severity: change from baseline to immediately after treatment, SMD (ITT, with data imputation)	Std. Mean Difference	continuous	4	Watts 2012	Watts 2012	matched_reference_block	yes	no	22264669	.	Active	.	10	-7.8	5.28	Sham	.	10	-1.3	6.31	19.0	-1.07	-2.02	-0.12	estimable	extracted	.	Analysis 6.3. Comparison 6: Depression severity (immediately after treatment) - as measured by validated scale, Outcome 3: Depression severity: change from baseline to immediately after treatment, SMD (ITT, with data imputation) Study or Subgroup Isserles 2021 Leong 2020 Philip 2019a Watts 2012 Total (95% CI) Heterogeneity: Tau² = 0.27; Chi² = 11.41, df = 3 (P = 0.010); I² = 74% Test for overall effect: Z = 1.42 (P = 0.16) Test for subgroup differences: Not applicableActive Mean [SMD] -3.45 -4.63 -11.5 -7.8SD [SMD] 5.95 6.7 11.26 5.28Total 60 20 25 10 115Sham Mean [SMD] -4.68 0 -5.7 -1.3SD [SMD] 5.43 3.92 10.88 6.31Total 65 9 25 10 109Weight 31.9% 21.8% 27.3% 19.0% 100.0%Std. Mean Difference IV, Random, 95% CI [SMD] 0.22 [-0.14, 0.57] -0.75 [-1.56, 0.06] -0.52 [-1.08, 0.05] -1.07 [-2.02, -0.12] -0.44 [-1.05, 0.17]Std. Mean Difference IV, Random, 95% CI [SMD] -2 -1 0 1 2 Favors active Fa...
first_pass	Cochrane_reviews/first_pass/CD015040_rtms_ptsd.pdf	CD015040_rtms_ptsd	7.1	7	main_comparison	.	Anxiety severity (immediately after treatment) - as measured by validated scale	Anxiety severity (immediately after treatment) - as measured by validated scale	anxiety severity immediately after treatment as measured by validated scale	Anxiety severity: immediately after treatment, SMD (ITT, endpoint)	Std. Mean Difference	continuous	1	Leong 2020	Leong 2020	matched_reference_block	yes	yes	32379487	PMC7564694	Active	.	20	23.83	17.99	Sham	.	9	28.14	10.97	55.9	-0.26	-1.05	0.53	estimable	extracted	.	Analysis 7.1. Comparison 7: Anxiety severity (immediately after treatment) - as measured by validated scale, Outcome 1: Anxiety severity: immediately after treatment, SMD (ITT, endpoint) Study or Subgroup Leong 2020 Watts 2012 Total (95% CI) Heterogeneity: Tau² = 0.00; Chi² = 0.10, df = 1 (P = 0.75); I² = 0% Test for overall effect: Z = 1.13 (P = 0.26) Test for subgroup differences: Not applicableActive Mean [SMD] 23.83 47.4SD [SMD] 17.99 13.4Total 20 10 30Sham Mean [SMD] 28.14 52.2SD [SMD] 10.97 5.6Total 9 10 19Weight 55.9% 44.1% 100.0%Std. Mean Difference IV, Random, 95% CI [SMD] -0.26 [-1.05, 0.53] -0.45 [-1.34, 0.44] -0.34 [-0.93, 0.25]Std. Mean Difference IV, Random, 95% CI [SMD] -2 -1 0 1 2 Favors active Favors sham
first_pass	Cochrane_reviews/first_pass/CD015040_rtms_ptsd.pdf	CD015040_rtms_ptsd	7.1	7	main_comparison	.	Anxiety severity (immediately after treatment) - as measured by validated scale	Anxiety severity (immediately after treatment) - as measured by validated scale	anxiety severity immediately after treatment as measured by validated scale	Anxiety severity: immediately after treatment, SMD (ITT, endpoint)	Std. Mean Difference	continuous	2	Watts 2012	Watts 2012	matched_reference_block	yes	no	22264669	.	Active	.	10	47.4	13.4	Sham	.	10	52.2	5.6	44.1	-0.45	-1.34	0.44	estimable	extracted	.	Analysis 7.1. Comparison 7: Anxiety severity (immediately after treatment) - as measured by validated scale, Outcome 1: Anxiety severity: immediately after treatment, SMD (ITT, endpoint) Study or Subgroup Leong 2020 Watts 2012 Total (95% CI) Heterogeneity: Tau² = 0.00; Chi² = 0.10, df = 1 (P = 0.75); I² = 0% Test for overall effect: Z = 1.13 (P = 0.26) Test for subgroup differences: Not applicableActive Mean [SMD] 23.83 47.4SD [SMD] 17.99 13.4Total 20 10 30Sham Mean [SMD] 28.14 52.2SD [SMD] 10.97 5.6Total 9 10 19Weight 55.9% 44.1% 100.0%Std. Mean Difference IV, Random, 95% CI [SMD] -0.26 [-1.05, 0.53] -0.45 [-1.34, 0.44] -0.34 [-0.93, 0.25]Std. Mean Difference IV, Random, 95% CI [SMD] -2 -1 0 1 2 Favors active Favors sham
first_pass	Cochrane_reviews/first_pass/CD015040_rtms_ptsd.pdf	CD015040_rtms_ptsd	7.2	7	main_comparison	.	Anxiety severity (immediately after treatment) - as measured by validated scale	Anxiety severity (immediately after treatment) - as measured by validated scale	anxiety severity immediately after treatment as measured by validated scale	Anxiety severity: change from baseline to immediately after treatment, SMD (ITT, with data imputation)	Std. Mean Difference	continuous	1	Leong 2020	Leong 2020	matched_reference_block	yes	yes	32379487	PMC7564694	Active	.	20	-8.8	14.39	Sham	.	9	-7	8.46	54.9	-0.14	-0.92	0.65	estimable	extracted	.	Analysis 7.2. Comparison 7: Anxiety severity (immediately after treatment) - as measured by validated scale, Outcome 2: Anxiety severity: change from baseline to immediately after treatment, SMD (ITT, with data imputation) Study or Subgroup Leong 2020 Watts 2012 Total (95% CI) Heterogeneity: Tau² = 0.15; Chi² = 1.75, df = 1 (P = 0.19); I² = 43% Test for overall effect: Z = 1.24 (P = 0.22) Test for subgroup differences: Not applicableActive Mean [SMD] -8.8 -9.9SD [SMD] 14.39 9.69Total 20 10 30Sham Mean [SMD] -7 -2.3SD [SMD] 8.46 4.55Total 9 10 19Weight 54.9% 45.1% 100.0%Std. Mean Difference IV, Random, 95% CI [SMD] -0.14 [-0.92, 0.65] -0.96 [-1.90, -0.02] -0.51 [-1.31, 0.30]Std. Mean Difference IV, Random, 95% CI [SMD] -2 -1 0 1 2 Favors active Favors sham Repetitive transcranial magnetic stimulation for post-traumatic stress disorder in adults (Review) Copyright © 2024 The Cochrane Coll...
first_pass	Cochrane_reviews/first_pass/CD015040_rtms_ptsd.pdf	CD015040_rtms_ptsd	7.2	7	main_comparison	.	Anxiety severity (immediately after treatment) - as measured by validated scale	Anxiety severity (immediately after treatment) - as measured by validated scale	anxiety severity immediately after treatment as measured by validated scale	Anxiety severity: change from baseline to immediately after treatment, SMD (ITT, with data imputation)	Std. Mean Difference	continuous	2	Watts 2012	Watts 2012	matched_reference_block	yes	no	22264669	.	Active	.	10	-9.9	9.69	Sham	.	10	-2.3	4.55	45.1	-0.96	-1.90	-0.02	estimable	extracted	.	Analysis 7.2. Comparison 7: Anxiety severity (immediately after treatment) - as measured by validated scale, Outcome 2: Anxiety severity: change from baseline to immediately after treatment, SMD (ITT, with data imputation) Study or Subgroup Leong 2020 Watts 2012 Total (95% CI) Heterogeneity: Tau² = 0.15; Chi² = 1.75, df = 1 (P = 0.19); I² = 43% Test for overall effect: Z = 1.24 (P = 0.22) Test for subgroup differences: Not applicableActive Mean [SMD] -8.8 -9.9SD [SMD] 14.39 9.69Total 20 10 30Sham Mean [SMD] -7 -2.3SD [SMD] 8.46 4.55Total 9 10 19Weight 54.9% 45.1% 100.0%Std. Mean Difference IV, Random, 95% CI [SMD] -0.14 [-0.92, 0.65] -0.96 [-1.90, -0.02] -0.51 [-1.31, 0.30]Std. Mean Difference IV, Random, 95% CI [SMD] -2 -1 0 1 2 Favors active Favors sham Repetitive transcranial magnetic stimulation for post-traumatic stress disorder in adults (Review) Copyright © 2024 The Cochrane Coll...
first_pass	Cochrane_reviews/first_pass/CD015751_lubricating_drops_lens.pdf	CD015751_lubricating_drops_lens	1.1	1	main_comparison	.	Lubricants versus no treatment	Lubricants versus no treatment	lubricants versus no intervention	Contact lens discomfort	Mean Difference	continuous	.	.	.	.	.	.	.	.	.	.	.	.	.	.	.	.	.	.	.	.	.	.	.	not_extractable_no_study_labels	No study-level forest-plot rows could be extracted from the selected analysis block.	.
first_pass	Cochrane_reviews/first_pass/CD015751_lubricating_drops_lens.pdf	CD015751_lubricating_drops_lens	1.2	1	main_comparison	.	Lubricants versus no treatment	Lubricants versus no treatment	lubricants versus no intervention	Corneal fluorescein staining	Mean Difference	continuous	.	.	.	.	.	.	.	.	.	.	.	.	.	.	.	.	.	.	.	.	.	.	.	not_extractable_no_study_labels	No study-level forest-plot rows could be extracted from the selected analysis block.	.
first_pass	Cochrane_reviews/first_pass/CD015751_lubricating_drops_lens.pdf	CD015751_lubricating_drops_lens	1.3	1	main_comparison	.	Lubricants versus no treatment	Lubricants versus no treatment	lubricants versus no intervention	Conjunctival redness	Mean Difference	continuous	.	.	.	.	.	.	.	.	.	.	.	.	.	.	.	.	.	.	.	.	.	.	.	not_extractable_no_study_labels	No study-level forest-plot rows could be extracted from the selected analysis block.	.
first_pass	Cochrane_reviews/first_pass/CD015751_lubricating_drops_lens.pdf	CD015751_lubricating_drops_lens	1.4	1	main_comparison	.	Lubricants versus no treatment	Lubricants versus no treatment	lubricants versus no intervention	Participant discontinuation	Risk Ratio	dichotomous	1	McDonald 2014	McDonald 2014	matched_reference_block	yes	no	24552755	.	Lubricant	1	44	.	.	73No treatment	1	45	.	.	62.7	1.02	0.07	15.85	estimable	extracted	.	Analysis 1.4. Comparison 1: Lubricants versus no treatment, Outcome 4: Participant discontinuation Study or Subgroup McDonald 2014 a Barabino 2005 b Total (95% CI) Total events: Heterogeneity: Chi² = 0.11, df = 1 (P = 0.74); I² = 0% Test for overall effect: Z = 0.34 (P = 0.73) Test for subgroup differences: Not applicableLubricant Events 1 1 2Total 44 29 73No treatment Events 1 0 1Total 45 20 65Weight 62.7% 37.3% 100.0%Risk Ratio M-H, Fixed, 95% CI 1.02 [0.07, 15.85] 2.10 [0.09, 49.09] 1.42 [0.19, 10.94]Risk Ratio M-H, Fixed, 95% CI 0.01 0.1 1 10 100 Favors lubricant Favors no treatmentRisk of Bias A ? ?B + ?C + +D + ?E + ?F + - Footnotes aSystane(R) Ultra vs no treatment bSaline vs no treatment Risk of bias legend (A) Bias arising from the randomization process (B) Bias due to deviations from intended interventions (C) Bias due to missing outcome data (D) Bias in measurement of the out...
first_pass	Cochrane_reviews/first_pass/CD015751_lubricating_drops_lens.pdf	CD015751_lubricating_drops_lens	1.4	1	main_comparison	.	Lubricants versus no treatment	Lubricants versus no treatment	lubricants versus no intervention	Participant discontinuation	Risk Ratio	dichotomous	2	Barabino 2005	Barabino 2005	matched_reference_block	yes	no	15825529	.	Lubricant	1	29	.	.	73No treatment	0	20	.	.	37.3	2.10	0.09	49.09	estimable	extracted	.	Analysis 1.4. Comparison 1: Lubricants versus no treatment, Outcome 4: Participant discontinuation Study or Subgroup McDonald 2014 a Barabino 2005 b Total (95% CI) Total events: Heterogeneity: Chi² = 0.11, df = 1 (P = 0.74); I² = 0% Test for overall effect: Z = 0.34 (P = 0.73) Test for subgroup differences: Not applicableLubricant Events 1 1 2Total 44 29 73No treatment Events 1 0 1Total 45 20 65Weight 62.7% 37.3% 100.0%Risk Ratio M-H, Fixed, 95% CI 1.02 [0.07, 15.85] 2.10 [0.09, 49.09] 1.42 [0.19, 10.94]Risk Ratio M-H, Fixed, 95% CI 0.01 0.1 1 10 100 Favors lubricant Favors no treatmentRisk of Bias A ? ?B + ?C + +D + ?E + ?F + - Footnotes aSystane(R) Ultra vs no treatment bSaline vs no treatment Risk of bias legend (A) Bias arising from the randomization process (B) Bias due to deviations from intended interventions (C) Bias due to missing outcome data (D) Bias in measurement of the out...
first_pass	Cochrane_reviews/first_pass/CD015751_lubricating_drops_lens.pdf	CD015751_lubricating_drops_lens	1.5	1	main_comparison	.	Lubricants versus no treatment	Lubricants versus no treatment	lubricants versus no intervention	Comfortable lens wear time (hours)	Mean Difference	continuous	1	Pucker 2020	Pucker 2020	matched_reference_block	no	no	.	.	Lubricant	.	25	10.18	3.97	71No treatment	.	12	8.9	3.97	32.9	1.28	-1.45	4.01	estimable	extracted	.	Analysis 1.5. Comparison 1: Lubricants versus no treatment, Outcome 5: Comfortable lens wear time (hours) Study or Subgroup Pucker 2021 a Pucker 2021 b Pucker 2020 c Total (95% CI) Heterogeneity: Tau² = 0.00; Chi² = 1.10, df = 2 (P = 0.58); I² = 0% Test for overall effect: Z = 3.01 (P = 0.003) Test for subgroup differences: Not applicableLubricant Mean 10.18 11.47 11.77SD 3.97 4.58 4.13Total 25 24 22 71No treatment Mean 8.9 8.9 8.51SD 3.97 3.97 4.68Total 12 12 24 48Weight 32.9% 29.2% 37.9% 100.0%Mean Difference IV, Random, 95% CI 1.28 [-1.45, 4.01] 2.57 [-0.33, 5.47] 3.26 [0.71, 5.81] 2.41 [0.84, 3.97]Mean Difference IV, Random, 95% CI -10 -5 0 5 10 Favors no treatment Favors lubricant Footnotes aComfortable wear time, Systane(R) Complete vs no treatment (no. participants was halved) at 2 weeks bComfortable wear time, Sensitive Eyes(R) vs no treatment (no. participants was halved) at 2...
first_pass	Cochrane_reviews/first_pass/CD015751_lubricating_drops_lens.pdf	CD015751_lubricating_drops_lens	1.6	1	main_comparison	.	Lubricants versus no treatment	Lubricants versus no treatment	lubricants versus no intervention	Other dry eye symptoms	Mean Difference	continuous	.	.	.	.	.	.	.	.	.	.	.	.	.	.	.	.	.	.	.	.	.	.	.	not_extractable_no_study_labels	No study-level forest-plot rows could be extracted from the selected analysis block.	.
first_pass	Cochrane_reviews/first_pass/CD015751_lubricating_drops_lens.pdf	CD015751_lubricating_drops_lens	2.1	2	main_comparison	.	Lubricants versus saline	Lubricants versus saline	lubricants versus saline	Contact lens discomfort	Mean Difference	continuous	.	.	.	.	.	.	.	.	.	.	.	.	.	.	.	.	.	.	.	.	.	.	.	not_extractable_no_study_labels	No study-level forest-plot rows could be extracted from the selected analysis block.	.
first_pass	Cochrane_reviews/first_pass/CD015751_lubricating_drops_lens.pdf	CD015751_lubricating_drops_lens	2.2	2	main_comparison	.	Lubricants versus saline	Lubricants versus saline	lubricants versus saline	Participant discontinuation	Risk Ratio	dichotomous	1	Keir 2006	Keir 2006	matched_reference_block	no	no	.	.	Lubricant	1	40	.	.	136Saline	1	39	.	.	18.9	0.97	0.06	15.05	estimable	extracted	.	Analysis 2.2. Comparison 2: Lubricants versus saline, Outcome 2: Participant discontinuation Study or Subgroup Keir 2006 a Malet 2003 b NCT02293538 c Total (95% CI) Total events: Heterogeneity: Tau² = 0.00; Chi² = 0.17, df = 2 (P = 0.92); I² = 0% Test for overall effect: Z = 0.73 (P = 0.47) Test for subgroup differences: Not applicableLubricant Events 1 4 2 7Total 40 25 71 136Saline Events 1 2 1 4Total 39 20 74 133Weight 18.9% 56.0% 25.1% 100.0%Risk Ratio M-H, Random, 95% CI 0.97 [0.06, 15.05] 1.60 [0.33, 7.86] 2.08 [0.19, 22.48] 1.56 [0.47, 5.12]Risk Ratio M-H, Random, 95% CI 0.01 0.1 1 10 100 Favors lubricant Favors salineRisk of Bias A ? ? ?B + + +C + ? +D ? + +E ? + +F - ? ? Footnotes aSystane(R) test eye drop vs saline bPVP 2% vs saline cFID114657 vs saline Risk of bias legend (A) Bias arising from the randomization process (B) Bias due to deviations from intended interventions (C)...
first_pass	Cochrane_reviews/first_pass/CD015751_lubricating_drops_lens.pdf	CD015751_lubricating_drops_lens	2.2	2	main_comparison	.	Lubricants versus saline	Lubricants versus saline	lubricants versus saline	Participant discontinuation	Risk Ratio	dichotomous	2	Malet 2003	Malet 2003	matched_reference_block	yes	no	12769155	.	Lubricant	4	25	.	.	136Saline	2	20	.	.	56.0	1.60	0.33	7.86	estimable	extracted	.	Analysis 2.2. Comparison 2: Lubricants versus saline, Outcome 2: Participant discontinuation Study or Subgroup Keir 2006 a Malet 2003 b NCT02293538 c Total (95% CI) Total events: Heterogeneity: Tau² = 0.00; Chi² = 0.17, df = 2 (P = 0.92); I² = 0% Test for overall effect: Z = 0.73 (P = 0.47) Test for subgroup differences: Not applicableLubricant Events 1 4 2 7Total 40 25 71 136Saline Events 1 2 1 4Total 39 20 74 133Weight 18.9% 56.0% 25.1% 100.0%Risk Ratio M-H, Random, 95% CI 0.97 [0.06, 15.05] 1.60 [0.33, 7.86] 2.08 [0.19, 22.48] 1.56 [0.47, 5.12]Risk Ratio M-H, Random, 95% CI 0.01 0.1 1 10 100 Favors lubricant Favors salineRisk of Bias A ? ? ?B + + +C + ? +D ? + +E ? + +F - ? ? Footnotes aSystane(R) test eye drop vs saline bPVP 2% vs saline cFID114657 vs saline Risk of bias legend (A) Bias arising from the randomization process (B) Bias due to deviations from intended interventions (C)...
first_pass	Cochrane_reviews/first_pass/CD015751_lubricating_drops_lens.pdf	CD015751_lubricating_drops_lens	2.2	2	main_comparison	.	Lubricants versus saline	Lubricants versus saline	lubricants versus saline	Participant discontinuation	Risk Ratio	dichotomous	3	NCT02293538	NCT02293538	matched_reference_block	no	no	.	.	Lubricant	2	71	.	.	136Saline	1	74	.	.	25.1	2.08	0.19	22.48	estimable	extracted	.	Analysis 2.2. Comparison 2: Lubricants versus saline, Outcome 2: Participant discontinuation Study or Subgroup Keir 2006 a Malet 2003 b NCT02293538 c Total (95% CI) Total events: Heterogeneity: Tau² = 0.00; Chi² = 0.17, df = 2 (P = 0.92); I² = 0% Test for overall effect: Z = 0.73 (P = 0.47) Test for subgroup differences: Not applicableLubricant Events 1 4 2 7Total 40 25 71 136Saline Events 1 2 1 4Total 39 20 74 133Weight 18.9% 56.0% 25.1% 100.0%Risk Ratio M-H, Random, 95% CI 0.97 [0.06, 15.05] 1.60 [0.33, 7.86] 2.08 [0.19, 22.48] 1.56 [0.47, 5.12]Risk Ratio M-H, Random, 95% CI 0.01 0.1 1 10 100 Favors lubricant Favors salineRisk of Bias A ? ? ?B + + +C + ? +D ? + +E ? + +F - ? ? Footnotes aSystane(R) test eye drop vs saline bPVP 2% vs saline cFID114657 vs saline Risk of bias legend (A) Bias arising from the randomization process (B) Bias due to deviations from intended interventions (C)...
first_pass	Cochrane_reviews/first_pass/CD015751_lubricating_drops_lens.pdf	CD015751_lubricating_drops_lens	2.3	2	main_comparison	.	Lubricants versus saline	Lubricants versus saline	lubricants versus saline	Comfortable lens wear time (hours)	Mean Difference	continuous	1	NCT02293538	NCT02293538	matched_reference_block	no	no	.	.	Lubricant	.	68	3.28	3.31	108Saline	.	71	3.12	3.72	57.0	0.16	-1.01	1.33	estimable	extracted	.	Analysis 2.3. Comparison 2: Lubricants versus saline, Outcome 3: Comfortable lens wear time (hours) Study or Subgroup NCT02293538 a Keir 2006 b Total (95% CI) Heterogeneity: Chi² = 1.86, df = 1 (P = 0.17); I² = 46% Test for overall effect: Z = 1.54 (P = 0.12) Test for subgroup differences: Not applicableLubricant Mean 3.28 9.5SD 3.31 2.9Total 68 40 108Saline Mean 3.12 8.1SD 3.72 3.2Total 71 39 110Weight 57.0% 43.0% 100.0%Mean Difference IV, Fixed, 95% CI 0.16 [-1.01, 1.33] 1.40 [0.05, 2.75] 0.69 [-0.19, 1.58]Mean Difference IV, Fixed, 95% CI -10 -5 0 5 10 Favors saline Favors lubricant Footnotes aFID114657 vs saline at day 14 bSystane(R) test eye drop vs saline at day 28
first_pass	Cochrane_reviews/first_pass/CD015751_lubricating_drops_lens.pdf	CD015751_lubricating_drops_lens	2.3	2	main_comparison	.	Lubricants versus saline	Lubricants versus saline	lubricants versus saline	Comfortable lens wear time (hours)	Mean Difference	continuous	2	Keir 2006	Keir 2006	matched_reference_block	no	no	.	.	Lubricant	.	40	9.5	2.9	108Saline	.	39	8.1	3.2	43.0	1.40	0.05	2.75	estimable	extracted	.	Analysis 2.3. Comparison 2: Lubricants versus saline, Outcome 3: Comfortable lens wear time (hours) Study or Subgroup NCT02293538 a Keir 2006 b Total (95% CI) Heterogeneity: Chi² = 1.86, df = 1 (P = 0.17); I² = 46% Test for overall effect: Z = 1.54 (P = 0.12) Test for subgroup differences: Not applicableLubricant Mean 3.28 9.5SD 3.31 2.9Total 68 40 108Saline Mean 3.12 8.1SD 3.72 3.2Total 71 39 110Weight 57.0% 43.0% 100.0%Mean Difference IV, Fixed, 95% CI 0.16 [-1.01, 1.33] 1.40 [0.05, 2.75] 0.69 [-0.19, 1.58]Mean Difference IV, Fixed, 95% CI -10 -5 0 5 10 Favors saline Favors lubricant Footnotes aFID114657 vs saline at day 14 bSystane(R) test eye drop vs saline at day 28
