review_group	review_pdf	review_id	analysis_id	subset	comparison	comparison_label_clean	comparison_label_canonical	comparison_arm_1	comparison_arm_2	comparison_arm_1_canonical	comparison_arm_2_canonical	comparison_removed_shared_arm_context	outcome	effect_measure	data_type	cochrane_method_detected	cochrane_model_detected	calculation_method	calculation_model	calculation_scale	k_total_rows	k_estimable_rows	k_used	k_with_pmcid_used	k_without_pmcid_used	excluded_rows	reproduced_effect	reproduced_ci_lower	reproduced_ci_upper	reported_effect	reported_ci_lower	reported_ci_upper	effect_abs_diff	ci_lower_abs_diff	ci_upper_abs_diff	ci_iou	reported_match_status	tau2	Q	df	I2	notes
first_pass	Cochrane_reviews/first_pass/CD004508_early_feeding_gyn_surgery.pdf	CD004508_early_feeding_gyn_surgery	1.1	all_studies	Early versus delayed oral fluids and food after major abdominal gynaecologic surgery	Early versus delayed oral fluids and food after major abdominal gynaecologic surgery	early versus delayed oral fluids food after major abdominal gynaecologic surgery	Early	delayed oral fluids and food after major abdominal gynaecologic surgery	early	delayed oral fluids food after major abdominal gynaecologic surgery	.	Postoperative ileus	Risk Ratio	dichotomous	M-H	Fixed	CI-derived inverse-variance	fixed	log	4	3	3	0	3	1	0.505702	0.212341	1.20436	0.49	0.21	1.16	0.015702	0.002341	0.04436	0.953034	ci_iou_high	0	0.503185	2	0	Cochrane method detected as M-H; reproduction uses CI-derived inverse-variance weights. Excluded non-computable rows: Minig 2009a: missing effect/CI
first_pass	Cochrane_reviews/first_pass/CD004508_early_feeding_gyn_surgery.pdf	CD004508_early_feeding_gyn_surgery	1.1	pmcid_only	Early versus delayed oral fluids and food after major abdominal gynaecologic surgery	Early versus delayed oral fluids and food after major abdominal gynaecologic surgery	early versus delayed oral fluids food after major abdominal gynaecologic surgery	Early	delayed oral fluids and food after major abdominal gynaecologic surgery	early	delayed oral fluids food after major abdominal gynaecologic surgery	.	Postoperative ileus	Risk Ratio	dichotomous	M-H	Fixed	CI-derived inverse-variance	fixed	log	4	3	0	0	0	1	.	.	.	0.49	0.21	1.16	.	.	.	.	not_reproducible	.	.	.	.	Cochrane method detected as M-H; reproduction uses CI-derived inverse-variance weights. PMCID-only subset excludes rows without a matched PMCID. No estimable study rows in this subset. Excluded non-computable rows: Minig 2009a: missing effect/CI
first_pass	Cochrane_reviews/first_pass/CD004508_early_feeding_gyn_surgery.pdf	CD004508_early_feeding_gyn_surgery	1.2	all_studies	Early versus delayed oral fluids and food after major abdominal gynaecologic surgery	Early versus delayed oral fluids and food after major abdominal gynaecologic surgery	early versus delayed oral fluids food after major abdominal gynaecologic surgery	Early	delayed oral fluids and food after major abdominal gynaecologic surgery	early	delayed oral fluids food after major abdominal gynaecologic surgery	.	Nausea or vomiting, or both (random-effects model)	Risk Ratio	dichotomous	M-H	Random	CI-derived inverse-variance	random	log	6	6	6	0	6	0	0.941563	0.663246	1.336669	0.94	0.66	1.33	0.001563	0.003246	0.006669	0.985347	ci_iou_high	0.118176	14.981573	5	66.625666	Cochrane method detected as M-H; reproduction uses CI-derived inverse-variance weights.
first_pass	Cochrane_reviews/first_pass/CD004508_early_feeding_gyn_surgery.pdf	CD004508_early_feeding_gyn_surgery	1.2	pmcid_only	Early versus delayed oral fluids and food after major abdominal gynaecologic surgery	Early versus delayed oral fluids and food after major abdominal gynaecologic surgery	early versus delayed oral fluids food after major abdominal gynaecologic surgery	Early	delayed oral fluids and food after major abdominal gynaecologic surgery	early	delayed oral fluids food after major abdominal gynaecologic surgery	.	Nausea or vomiting, or both (random-effects model)	Risk Ratio	dichotomous	M-H	Random	CI-derived inverse-variance	random	log	6	6	0	0	0	0	.	.	.	0.94	0.66	1.33	.	.	.	.	not_reproducible	.	.	.	.	Cochrane method detected as M-H; reproduction uses CI-derived inverse-variance weights. PMCID-only subset excludes rows without a matched PMCID. No estimable study rows in this subset.
first_pass	Cochrane_reviews/first_pass/CD004508_early_feeding_gyn_surgery.pdf	CD004508_early_feeding_gyn_surgery	1.3	all_studies	Early versus delayed oral fluids and food after major abdominal gynaecologic surgery	Early versus delayed oral fluids and food after major abdominal gynaecologic surgery	early versus delayed oral fluids food after major abdominal gynaecologic surgery	Early	delayed oral fluids and food after major abdominal gynaecologic surgery	early	delayed oral fluids food after major abdominal gynaecologic surgery	.	Nausea (random-effects model)	Risk Ratio	dichotomous	M-H	Random	CI-derived inverse-variance	random	log	3	3	3	0	3	0	1.242711	0.511567	3.018826	1.24	0.51	3.03	0.002711	0.001567	0.011174	0.994944	ci_iou_full	0.417082	7.431996	2	73.089328	Cochrane method detected as M-H; reproduction uses CI-derived inverse-variance weights.
first_pass	Cochrane_reviews/first_pass/CD004508_early_feeding_gyn_surgery.pdf	CD004508_early_feeding_gyn_surgery	1.3	pmcid_only	Early versus delayed oral fluids and food after major abdominal gynaecologic surgery	Early versus delayed oral fluids and food after major abdominal gynaecologic surgery	early versus delayed oral fluids food after major abdominal gynaecologic surgery	Early	delayed oral fluids and food after major abdominal gynaecologic surgery	early	delayed oral fluids food after major abdominal gynaecologic surgery	.	Nausea (random-effects model)	Risk Ratio	dichotomous	M-H	Random	CI-derived inverse-variance	random	log	3	3	0	0	0	0	.	.	.	1.24	0.51	3.03	.	.	.	.	not_reproducible	.	.	.	.	Cochrane method detected as M-H; reproduction uses CI-derived inverse-variance weights. PMCID-only subset excludes rows without a matched PMCID. No estimable study rows in this subset.
first_pass	Cochrane_reviews/first_pass/CD004508_early_feeding_gyn_surgery.pdf	CD004508_early_feeding_gyn_surgery	1.4	all_studies	Early versus delayed oral fluids and food after major abdominal gynaecologic surgery	Early versus delayed oral fluids and food after major abdominal gynaecologic surgery	early versus delayed oral fluids food after major abdominal gynaecologic surgery	Early	delayed oral fluids and food after major abdominal gynaecologic surgery	early	delayed oral fluids food after major abdominal gynaecologic surgery	.	Vomiting	Risk Ratio	dichotomous	M-H	Fixed	CI-derived inverse-variance	fixed	log	4	4	4	0	4	0	0.841699	0.529771	1.337289	0.83	0.52	1.32	0.011699	0.009771	0.017289	0.966891	ci_iou_high	0	1.577385	3	0	Cochrane method detected as M-H; reproduction uses CI-derived inverse-variance weights.
first_pass	Cochrane_reviews/first_pass/CD004508_early_feeding_gyn_surgery.pdf	CD004508_early_feeding_gyn_surgery	1.4	pmcid_only	Early versus delayed oral fluids and food after major abdominal gynaecologic surgery	Early versus delayed oral fluids and food after major abdominal gynaecologic surgery	early versus delayed oral fluids food after major abdominal gynaecologic surgery	Early	delayed oral fluids and food after major abdominal gynaecologic surgery	early	delayed oral fluids food after major abdominal gynaecologic surgery	.	Vomiting	Risk Ratio	dichotomous	M-H	Fixed	CI-derived inverse-variance	fixed	log	4	4	0	0	0	0	.	.	.	0.83	0.52	1.32	.	.	.	.	not_reproducible	.	.	.	.	Cochrane method detected as M-H; reproduction uses CI-derived inverse-variance weights. PMCID-only subset excludes rows without a matched PMCID. No estimable study rows in this subset.
first_pass	Cochrane_reviews/first_pass/CD004508_early_feeding_gyn_surgery.pdf	CD004508_early_feeding_gyn_surgery	1.5	all_studies	Early versus delayed oral fluids and food after major abdominal gynaecologic surgery	Early versus delayed oral fluids and food after major abdominal gynaecologic surgery	early versus delayed oral fluids food after major abdominal gynaecologic surgery	Early	delayed oral fluids and food after major abdominal gynaecologic surgery	early	delayed oral fluids food after major abdominal gynaecologic surgery	.	Abdominal distension	Risk Ratio	dichotomous	M-H	Fixed	CI-derived inverse-variance	fixed	log	4	4	4	0	4	0	1.002764	0.755545	1.330874	0.99	0.75	1.31	0.012764	0.005545	0.020874	0.954519	ci_iou_high	0	1.724052	3	0	Cochrane method detected as M-H; reproduction uses CI-derived inverse-variance weights.
first_pass	Cochrane_reviews/first_pass/CD004508_early_feeding_gyn_surgery.pdf	CD004508_early_feeding_gyn_surgery	1.5	pmcid_only	Early versus delayed oral fluids and food after major abdominal gynaecologic surgery	Early versus delayed oral fluids and food after major abdominal gynaecologic surgery	early versus delayed oral fluids food after major abdominal gynaecologic surgery	Early	delayed oral fluids and food after major abdominal gynaecologic surgery	early	delayed oral fluids food after major abdominal gynaecologic surgery	.	Abdominal distension	Risk Ratio	dichotomous	M-H	Fixed	CI-derived inverse-variance	fixed	log	4	4	0	0	0	0	.	.	.	0.99	0.75	1.31	.	.	.	.	not_reproducible	.	.	.	.	Cochrane method detected as M-H; reproduction uses CI-derived inverse-variance weights. PMCID-only subset excludes rows without a matched PMCID. No estimable study rows in this subset.
first_pass	Cochrane_reviews/first_pass/CD004508_early_feeding_gyn_surgery.pdf	CD004508_early_feeding_gyn_surgery	1.6	all_studies	Early versus delayed oral fluids and food after major abdominal gynaecologic surgery	Early versus delayed oral fluids and food after major abdominal gynaecologic surgery	early versus delayed oral fluids food after major abdominal gynaecologic surgery	Early	delayed oral fluids and food after major abdominal gynaecologic surgery	early	delayed oral fluids food after major abdominal gynaecologic surgery	.	Postoperative placement of nasogastric tube	Risk Ratio	dichotomous	M-H	Fixed	CI-derived inverse-variance	fixed	log	3	2	2	0	2	1	0.462216	0.135813	1.573064	0.46	0.14	1.55	0.002216	0.004187	0.023064	0.98104	ci_iou_high	0	0.024166	1	0	Cochrane method detected as M-H; reproduction uses CI-derived inverse-variance weights. Excluded non-computable rows: Balayla 2015: missing effect/CI
first_pass	Cochrane_reviews/first_pass/CD004508_early_feeding_gyn_surgery.pdf	CD004508_early_feeding_gyn_surgery	1.6	pmcid_only	Early versus delayed oral fluids and food after major abdominal gynaecologic surgery	Early versus delayed oral fluids and food after major abdominal gynaecologic surgery	early versus delayed oral fluids food after major abdominal gynaecologic surgery	Early	delayed oral fluids and food after major abdominal gynaecologic surgery	early	delayed oral fluids food after major abdominal gynaecologic surgery	.	Postoperative placement of nasogastric tube	Risk Ratio	dichotomous	M-H	Fixed	CI-derived inverse-variance	fixed	log	3	2	0	0	0	1	.	.	.	0.46	0.14	1.55	.	.	.	.	not_reproducible	.	.	.	.	Cochrane method detected as M-H; reproduction uses CI-derived inverse-variance weights. PMCID-only subset excludes rows without a matched PMCID. No estimable study rows in this subset. Excluded non-computable rows: Balayla 2015: missing effect/CI
first_pass	Cochrane_reviews/first_pass/CD004508_early_feeding_gyn_surgery.pdf	CD004508_early_feeding_gyn_surgery	1.7	all_studies	Early versus delayed oral fluids and food after major abdominal gynaecologic surgery	Early versus delayed oral fluids and food after major abdominal gynaecologic surgery	early versus delayed oral fluids food after major abdominal gynaecologic surgery	Early	delayed oral fluids and food after major abdominal gynaecologic surgery	early	delayed oral fluids food after major abdominal gynaecologic surgery	.	Time to the presence of bowel sounds (random-effects model)	Mean Difference	continuous	IV	Random	CI-derived inverse-variance	random	linear	3	3	3	0	3	0	-0.20105	-0.460747	0.058647	-0.2	-0.46	0.06	0.00105	0.000747	0.001353	0.995969	ci_iou_full	0.036683	6.891862	2	70.980267	.
first_pass	Cochrane_reviews/first_pass/CD004508_early_feeding_gyn_surgery.pdf	CD004508_early_feeding_gyn_surgery	1.7	pmcid_only	Early versus delayed oral fluids and food after major abdominal gynaecologic surgery	Early versus delayed oral fluids and food after major abdominal gynaecologic surgery	early versus delayed oral fluids food after major abdominal gynaecologic surgery	Early	delayed oral fluids and food after major abdominal gynaecologic surgery	early	delayed oral fluids food after major abdominal gynaecologic surgery	.	Time to the presence of bowel sounds (random-effects model)	Mean Difference	continuous	IV	Random	CI-derived inverse-variance	random	linear	3	3	0	0	0	0	.	.	.	-0.2	-0.46	0.06	.	.	.	.	not_reproducible	.	.	.	.	PMCID-only subset excludes rows without a matched PMCID. No estimable study rows in this subset.
first_pass	Cochrane_reviews/first_pass/CD004508_early_feeding_gyn_surgery.pdf	CD004508_early_feeding_gyn_surgery	1.8	all_studies	Early versus delayed oral fluids and food after major abdominal gynaecologic surgery	Early versus delayed oral fluids and food after major abdominal gynaecologic surgery	early versus delayed oral fluids food after major abdominal gynaecologic surgery	Early	delayed oral fluids and food after major abdominal gynaecologic surgery	early	delayed oral fluids food after major abdominal gynaecologic surgery	.	Time to the first passage of flatus	Mean Difference	continuous	IV	Fixed	CI-derived inverse-variance	fixed	linear	5	5	5	0	5	0	-0.107125	-0.231785	0.017535	-0.11	-0.23	0.02	0.002875	0.001785	0.002465	0.983122	ci_iou_high	0	4.39787	4	9.046872	.
first_pass	Cochrane_reviews/first_pass/CD004508_early_feeding_gyn_surgery.pdf	CD004508_early_feeding_gyn_surgery	1.8	pmcid_only	Early versus delayed oral fluids and food after major abdominal gynaecologic surgery	Early versus delayed oral fluids and food after major abdominal gynaecologic surgery	early versus delayed oral fluids food after major abdominal gynaecologic surgery	Early	delayed oral fluids and food after major abdominal gynaecologic surgery	early	delayed oral fluids food after major abdominal gynaecologic surgery	.	Time to the first passage of flatus	Mean Difference	continuous	IV	Fixed	CI-derived inverse-variance	fixed	linear	5	5	0	0	0	0	.	.	.	-0.11	-0.23	0.02	.	.	.	.	not_reproducible	.	.	.	.	PMCID-only subset excludes rows without a matched PMCID. No estimable study rows in this subset.
first_pass	Cochrane_reviews/first_pass/CD004508_early_feeding_gyn_surgery.pdf	CD004508_early_feeding_gyn_surgery	1.9	all_studies	Early versus delayed oral fluids and food after major abdominal gynaecologic surgery	Early versus delayed oral fluids and food after major abdominal gynaecologic surgery	early versus delayed oral fluids food after major abdominal gynaecologic surgery	Early	delayed oral fluids and food after major abdominal gynaecologic surgery	early	delayed oral fluids food after major abdominal gynaecologic surgery	.	Time to the first passage of stool	Mean Difference	continuous	IV	Fixed	CI-derived inverse-variance	fixed	linear	4	4	4	0	4	0	-0.181468	-0.325032	-0.037905	-0.18	-0.33	-0.04	0.001468	0.004968	0.002095	0.975819	ci_iou_high	0	0.405695	3	0	.
first_pass	Cochrane_reviews/first_pass/CD004508_early_feeding_gyn_surgery.pdf	CD004508_early_feeding_gyn_surgery	1.9	pmcid_only	Early versus delayed oral fluids and food after major abdominal gynaecologic surgery	Early versus delayed oral fluids and food after major abdominal gynaecologic surgery	early versus delayed oral fluids food after major abdominal gynaecologic surgery	Early	delayed oral fluids and food after major abdominal gynaecologic surgery	early	delayed oral fluids food after major abdominal gynaecologic surgery	.	Time to the first passage of stool	Mean Difference	continuous	IV	Fixed	CI-derived inverse-variance	fixed	linear	4	4	0	0	0	0	.	.	.	-0.18	-0.33	-0.04	.	.	.	.	not_reproducible	.	.	.	.	PMCID-only subset excludes rows without a matched PMCID. No estimable study rows in this subset.
first_pass	Cochrane_reviews/first_pass/CD004508_early_feeding_gyn_surgery.pdf	CD004508_early_feeding_gyn_surgery	1.10	all_studies	Early versus delayed oral fluids and food after major abdominal gynaecologic surgery	Early versus delayed oral fluids and food after major abdominal gynaecologic surgery	early versus delayed oral fluids food after major abdominal gynaecologic surgery	Early	delayed oral fluids and food after major abdominal gynaecologic surgery	early	delayed oral fluids food after major abdominal gynaecologic surgery	.	Time to the first solid diet (random-effects model)	Mean Difference	continuous	IV	Random	CI-derived inverse-variance	random	linear	3	3	3	0	3	0	-1.099564	-1.789639	-0.409489	-1.1	-1.79	-0.41	0.000436	0.000361	0.000511	0.999369	ci_iou_full	0.353019	59.967795	2	96.664877	.
first_pass	Cochrane_reviews/first_pass/CD004508_early_feeding_gyn_surgery.pdf	CD004508_early_feeding_gyn_surgery	1.10	pmcid_only	Early versus delayed oral fluids and food after major abdominal gynaecologic surgery	Early versus delayed oral fluids and food after major abdominal gynaecologic surgery	early versus delayed oral fluids food after major abdominal gynaecologic surgery	Early	delayed oral fluids and food after major abdominal gynaecologic surgery	early	delayed oral fluids food after major abdominal gynaecologic surgery	.	Time to the first solid diet (random-effects model)	Mean Difference	continuous	IV	Random	CI-derived inverse-variance	random	linear	3	3	0	0	0	0	.	.	.	-1.1	-1.79	-0.41	.	.	.	.	not_reproducible	.	.	.	.	PMCID-only subset excludes rows without a matched PMCID. No estimable study rows in this subset.
first_pass	Cochrane_reviews/first_pass/CD004508_early_feeding_gyn_surgery.pdf	CD004508_early_feeding_gyn_surgery	1.11	all_studies	Early versus delayed oral fluids and food after major abdominal gynaecologic surgery	Early versus delayed oral fluids and food after major abdominal gynaecologic surgery	early versus delayed oral fluids food after major abdominal gynaecologic surgery	Early	delayed oral fluids and food after major abdominal gynaecologic surgery	early	delayed oral fluids food after major abdominal gynaecologic surgery	.	Hospital stay (random-effects model)	Mean Difference	continuous	IV	Random	CI-derived inverse-variance	random	linear	5	5	5	0	5	0	-0.659082	-1.172473	-0.14569	-0.66	-1.17	-0.15	0.000918	0.002473	0.00431	0.993394	ci_iou_full	0.221196	17.585603	4	77.254121	.
first_pass	Cochrane_reviews/first_pass/CD004508_early_feeding_gyn_surgery.pdf	CD004508_early_feeding_gyn_surgery	1.11	pmcid_only	Early versus delayed oral fluids and food after major abdominal gynaecologic surgery	Early versus delayed oral fluids and food after major abdominal gynaecologic surgery	early versus delayed oral fluids food after major abdominal gynaecologic surgery	Early	delayed oral fluids and food after major abdominal gynaecologic surgery	early	delayed oral fluids food after major abdominal gynaecologic surgery	.	Hospital stay (random-effects model)	Mean Difference	continuous	IV	Random	CI-derived inverse-variance	random	linear	5	5	0	0	0	0	.	.	.	-0.66	-1.17	-0.15	.	.	.	.	not_reproducible	.	.	.	.	PMCID-only subset excludes rows without a matched PMCID. No estimable study rows in this subset.
first_pass	Cochrane_reviews/first_pass/CD004508_early_feeding_gyn_surgery.pdf	CD004508_early_feeding_gyn_surgery	1.12	all_studies	Early versus delayed oral fluids and food after major abdominal gynaecologic surgery	Early versus delayed oral fluids and food after major abdominal gynaecologic surgery	early versus delayed oral fluids food after major abdominal gynaecologic surgery	Early	delayed oral fluids and food after major abdominal gynaecologic surgery	early	delayed oral fluids food after major abdominal gynaecologic surgery	.	Febrile morbidity	Risk Ratio	dichotomous	M-H	Fixed	CI-derived inverse-variance	fixed	log	3	3	3	0	3	0	0.953305	0.753357	1.206323	0.96	0.75	1.22	0.006695	0.003357	0.013677	0.963759	ci_iou_high	0	3.777386	2	47.053327	Cochrane method detected as M-H; reproduction uses CI-derived inverse-variance weights.
first_pass	Cochrane_reviews/first_pass/CD004508_early_feeding_gyn_surgery.pdf	CD004508_early_feeding_gyn_surgery	1.12	pmcid_only	Early versus delayed oral fluids and food after major abdominal gynaecologic surgery	Early versus delayed oral fluids and food after major abdominal gynaecologic surgery	early versus delayed oral fluids food after major abdominal gynaecologic surgery	Early	delayed oral fluids and food after major abdominal gynaecologic surgery	early	delayed oral fluids food after major abdominal gynaecologic surgery	.	Febrile morbidity	Risk Ratio	dichotomous	M-H	Fixed	CI-derived inverse-variance	fixed	log	3	3	0	0	0	0	.	.	.	0.96	0.75	1.22	.	.	.	.	not_reproducible	.	.	.	.	Cochrane method detected as M-H; reproduction uses CI-derived inverse-variance weights. PMCID-only subset excludes rows without a matched PMCID. No estimable study rows in this subset.
first_pass	Cochrane_reviews/first_pass/CD004508_early_feeding_gyn_surgery.pdf	CD004508_early_feeding_gyn_surgery	1.13	all_studies	Early versus delayed oral fluids and food after major abdominal gynaecologic surgery	Early versus delayed oral fluids and food after major abdominal gynaecologic surgery	early versus delayed oral fluids food after major abdominal gynaecologic surgery	Early	delayed oral fluids and food after major abdominal gynaecologic surgery	early	delayed oral fluids food after major abdominal gynaecologic surgery	.	Infectious complications	Risk Ratio	dichotomous	M-H	Fixed	CI-derived inverse-variance	fixed	log	2	2	2	0	2	0	0.193588	0.053438	0.701307	0.2	0.05	0.73	0.006412	0.003438	0.028693	0.952748	ci_iou_high	0	0.009816	1	0	Cochrane method detected as M-H; reproduction uses CI-derived inverse-variance weights.
first_pass	Cochrane_reviews/first_pass/CD004508_early_feeding_gyn_surgery.pdf	CD004508_early_feeding_gyn_surgery	1.13	pmcid_only	Early versus delayed oral fluids and food after major abdominal gynaecologic surgery	Early versus delayed oral fluids and food after major abdominal gynaecologic surgery	early versus delayed oral fluids food after major abdominal gynaecologic surgery	Early	delayed oral fluids and food after major abdominal gynaecologic surgery	early	delayed oral fluids food after major abdominal gynaecologic surgery	.	Infectious complications	Risk Ratio	dichotomous	M-H	Fixed	CI-derived inverse-variance	fixed	log	2	2	0	0	0	0	.	.	.	0.2	0.05	0.73	.	.	.	.	not_reproducible	.	.	.	.	Cochrane method detected as M-H; reproduction uses CI-derived inverse-variance weights. PMCID-only subset excludes rows without a matched PMCID. No estimable study rows in this subset.
first_pass	Cochrane_reviews/first_pass/CD004508_early_feeding_gyn_surgery.pdf	CD004508_early_feeding_gyn_surgery	1.14	all_studies	Early versus delayed oral fluids and food after major abdominal gynaecologic surgery	Early versus delayed oral fluids and food after major abdominal gynaecologic surgery	early versus delayed oral fluids food after major abdominal gynaecologic surgery	Early	delayed oral fluids and food after major abdominal gynaecologic surgery	early	delayed oral fluids food after major abdominal gynaecologic surgery	.	Wound complications	Risk Ratio	dichotomous	M-H	Fixed	CI-derived inverse-variance	fixed	log	4	4	4	0	4	0	0.894435	0.540443	1.480292	0.82	0.5	1.35	0.074435	0.040443	0.130292	0.825833	ci_iou_high	0	2.667875	3	0	Cochrane method detected as M-H; reproduction uses CI-derived inverse-variance weights.
first_pass	Cochrane_reviews/first_pass/CD004508_early_feeding_gyn_surgery.pdf	CD004508_early_feeding_gyn_surgery	1.14	pmcid_only	Early versus delayed oral fluids and food after major abdominal gynaecologic surgery	Early versus delayed oral fluids and food after major abdominal gynaecologic surgery	early versus delayed oral fluids food after major abdominal gynaecologic surgery	Early	delayed oral fluids and food after major abdominal gynaecologic surgery	early	delayed oral fluids food after major abdominal gynaecologic surgery	.	Wound complications	Risk Ratio	dichotomous	M-H	Fixed	CI-derived inverse-variance	fixed	log	4	4	0	0	0	0	.	.	.	0.82	0.5	1.35	.	.	.	.	not_reproducible	.	.	.	.	Cochrane method detected as M-H; reproduction uses CI-derived inverse-variance weights. PMCID-only subset excludes rows without a matched PMCID. No estimable study rows in this subset.
first_pass	Cochrane_reviews/first_pass/CD004508_early_feeding_gyn_surgery.pdf	CD004508_early_feeding_gyn_surgery	1.15	all_studies	Early versus delayed oral fluids and food after major abdominal gynaecologic surgery	Early versus delayed oral fluids and food after major abdominal gynaecologic surgery	early versus delayed oral fluids food after major abdominal gynaecologic surgery	Early	delayed oral fluids and food after major abdominal gynaecologic surgery	early	delayed oral fluids food after major abdominal gynaecologic surgery	.	Pneumonia	Risk Ratio	dichotomous	M-H	Fixed	CI-derived inverse-variance	fixed	log	3	3	3	0	3	0	0.387751	0.071777	2.094682	0.35	0.07	1.73	0.037751	0.001777	0.364682	0.819004	ci_iou_high	0	0.821388	2	0	Cochrane method detected as M-H; reproduction uses CI-derived inverse-variance weights.
first_pass	Cochrane_reviews/first_pass/CD004508_early_feeding_gyn_surgery.pdf	CD004508_early_feeding_gyn_surgery	1.15	pmcid_only	Early versus delayed oral fluids and food after major abdominal gynaecologic surgery	Early versus delayed oral fluids and food after major abdominal gynaecologic surgery	early versus delayed oral fluids food after major abdominal gynaecologic surgery	Early	delayed oral fluids and food after major abdominal gynaecologic surgery	early	delayed oral fluids food after major abdominal gynaecologic surgery	.	Pneumonia	Risk Ratio	dichotomous	M-H	Fixed	CI-derived inverse-variance	fixed	log	3	3	0	0	0	0	.	.	.	0.35	0.07	1.73	.	.	.	.	not_reproducible	.	.	.	.	Cochrane method detected as M-H; reproduction uses CI-derived inverse-variance weights. PMCID-only subset excludes rows without a matched PMCID. No estimable study rows in this subset.
first_pass	Cochrane_reviews/first_pass/CD004508_early_feeding_gyn_surgery.pdf	CD004508_early_feeding_gyn_surgery	1.17	all_studies	Early versus delayed oral fluids and food after major abdominal gynaecologic surgery	Early versus delayed oral fluids and food after major abdominal gynaecologic surgery	early versus delayed oral fluids food after major abdominal gynaecologic surgery	Early	delayed oral fluids and food after major abdominal gynaecologic surgery	early	delayed oral fluids food after major abdominal gynaecologic surgery	.	Satisfaction	Mean Difference	continuous	IV	Fixed	CI-derived inverse-variance	fixed	linear	1	0	0	0	0	1	.	.	.	11.1	6.68	15.52	.	.	.	.	not_reproducible	.	.	.	.	No estimable study rows in this subset. Excluded non-computable rows: row 57: missing effect/CI
first_pass	Cochrane_reviews/first_pass/CD004508_early_feeding_gyn_surgery.pdf	CD004508_early_feeding_gyn_surgery	1.17	pmcid_only	Early versus delayed oral fluids and food after major abdominal gynaecologic surgery	Early versus delayed oral fluids and food after major abdominal gynaecologic surgery	early versus delayed oral fluids food after major abdominal gynaecologic surgery	Early	delayed oral fluids and food after major abdominal gynaecologic surgery	early	delayed oral fluids food after major abdominal gynaecologic surgery	.	Satisfaction	Mean Difference	continuous	IV	Fixed	CI-derived inverse-variance	fixed	linear	1	0	0	0	0	1	.	.	.	11.1	6.68	15.52	.	.	.	.	not_reproducible	.	.	.	.	No estimable study rows in this subset. Excluded non-computable rows: row 57: missing effect/CI
first_pass	Cochrane_reviews/first_pass/CD007895_decongestants_bp.pdf	CD007895_decongestants_bp	1.1	all_studies	Adrenergic agonist oral decongestants (AAOD) versus placebo	Adrenergic agonist oral decongestants (AAOD) versus placebo	adrenergic agonist oral decongestants aaod versus placebo	Adrenergic agonist oral decongestants (AAOD)	placebo	adrenergic agonist oral decongestants aaod	placebo	.	Systolic blood pressure, measured as change-from-baseline	Mean Difference	continuous	IV	Fixed	CI-derived inverse-variance	fixed	linear	1	0	0	0	0	1	.	.	.	.	.	.	.	.	.	.	not_reproducible	.	.	.	.	No estimable study rows in this subset. Excluded non-computable rows: row 58: missing effect/CI
first_pass	Cochrane_reviews/first_pass/CD007895_decongestants_bp.pdf	CD007895_decongestants_bp	1.1	pmcid_only	Adrenergic agonist oral decongestants (AAOD) versus placebo	Adrenergic agonist oral decongestants (AAOD) versus placebo	adrenergic agonist oral decongestants aaod versus placebo	Adrenergic agonist oral decongestants (AAOD)	placebo	adrenergic agonist oral decongestants aaod	placebo	.	Systolic blood pressure, measured as change-from-baseline	Mean Difference	continuous	IV	Fixed	CI-derived inverse-variance	fixed	linear	1	0	0	0	0	1	.	.	.	.	.	.	.	.	.	.	not_reproducible	.	.	.	.	No estimable study rows in this subset. Excluded non-computable rows: row 58: missing effect/CI
first_pass	Cochrane_reviews/first_pass/CD007895_decongestants_bp.pdf	CD007895_decongestants_bp	1.2	all_studies	Adrenergic agonist oral decongestants (AAOD) versus placebo	Adrenergic agonist oral decongestants (AAOD) versus placebo	adrenergic agonist oral decongestants aaod versus placebo	Adrenergic agonist oral decongestants (AAOD)	placebo	adrenergic agonist oral decongestants aaod	placebo	.	Diastolic blood pressure, measured as change-from-baseline	Mean Difference	continuous	IV	Fixed	CI-derived inverse-variance	fixed	linear	1	0	0	0	0	1	.	.	.	.	.	.	.	.	.	.	not_reproducible	.	.	.	.	No estimable study rows in this subset. Excluded non-computable rows: row 59: missing effect/CI
first_pass	Cochrane_reviews/first_pass/CD007895_decongestants_bp.pdf	CD007895_decongestants_bp	1.2	pmcid_only	Adrenergic agonist oral decongestants (AAOD) versus placebo	Adrenergic agonist oral decongestants (AAOD) versus placebo	adrenergic agonist oral decongestants aaod versus placebo	Adrenergic agonist oral decongestants (AAOD)	placebo	adrenergic agonist oral decongestants aaod	placebo	.	Diastolic blood pressure, measured as change-from-baseline	Mean Difference	continuous	IV	Fixed	CI-derived inverse-variance	fixed	linear	1	0	0	0	0	1	.	.	.	.	.	.	.	.	.	.	not_reproducible	.	.	.	.	No estimable study rows in this subset. Excluded non-computable rows: row 59: missing effect/CI
first_pass	Cochrane_reviews/first_pass/CD007895_decongestants_bp.pdf	CD007895_decongestants_bp	1.3	all_studies	Adrenergic agonist oral decongestants (AAOD) versus placebo	Adrenergic agonist oral decongestants (AAOD) versus placebo	adrenergic agonist oral decongestants aaod versus placebo	Adrenergic agonist oral decongestants (AAOD)	placebo	adrenergic agonist oral decongestants aaod	placebo	.	Heart rate, measured as change-from-baseline	Mean Difference	continuous	IV	Fixed	CI-derived inverse-variance	fixed	linear	1	0	0	0	0	1	.	.	.	.	.	.	.	.	.	.	not_reproducible	.	.	.	.	No estimable study rows in this subset. Excluded non-computable rows: row 60: missing effect/CI
first_pass	Cochrane_reviews/first_pass/CD007895_decongestants_bp.pdf	CD007895_decongestants_bp	1.3	pmcid_only	Adrenergic agonist oral decongestants (AAOD) versus placebo	Adrenergic agonist oral decongestants (AAOD) versus placebo	adrenergic agonist oral decongestants aaod versus placebo	Adrenergic agonist oral decongestants (AAOD)	placebo	adrenergic agonist oral decongestants aaod	placebo	.	Heart rate, measured as change-from-baseline	Mean Difference	continuous	IV	Fixed	CI-derived inverse-variance	fixed	linear	1	0	0	0	0	1	.	.	.	.	.	.	.	.	.	.	not_reproducible	.	.	.	.	No estimable study rows in this subset. Excluded non-computable rows: row 60: missing effect/CI
first_pass	Cochrane_reviews/first_pass/CD007895_decongestants_bp.pdf	CD007895_decongestants_bp	1.4	all_studies	Adrenergic agonist oral decongestants (AAOD) versus placebo	Adrenergic agonist oral decongestants (AAOD) versus placebo	adrenergic agonist oral decongestants aaod versus placebo	Adrenergic agonist oral decongestants (AAOD)	placebo	adrenergic agonist oral decongestants aaod	placebo	.	Withdrawals due to adverse effects	Risk Ratio	dichotomous	M-H	Fixed	CI-derived inverse-variance	fixed	log	1	0	0	0	0	1	.	.	.	.	.	.	.	.	.	.	not_reproducible	.	.	.	.	Cochrane method detected as M-H; reproduction uses CI-derived inverse-variance weights. No estimable study rows in this subset. Excluded non-computable rows: row 61: missing effect/CI
first_pass	Cochrane_reviews/first_pass/CD007895_decongestants_bp.pdf	CD007895_decongestants_bp	1.4	pmcid_only	Adrenergic agonist oral decongestants (AAOD) versus placebo	Adrenergic agonist oral decongestants (AAOD) versus placebo	adrenergic agonist oral decongestants aaod versus placebo	Adrenergic agonist oral decongestants (AAOD)	placebo	adrenergic agonist oral decongestants aaod	placebo	.	Withdrawals due to adverse effects	Risk Ratio	dichotomous	M-H	Fixed	CI-derived inverse-variance	fixed	log	1	0	0	0	0	1	.	.	.	.	.	.	.	.	.	.	not_reproducible	.	.	.	.	Cochrane method detected as M-H; reproduction uses CI-derived inverse-variance weights. No estimable study rows in this subset. Excluded non-computable rows: row 61: missing effect/CI
first_pass	Cochrane_reviews/first_pass/CD010441_hyaluronidase_perineal.pdf	CD010441_hyaluronidase_perineal	1.1	all_studies	HAase injection versus placebo injection	HAase injection versus placebo injection	hyaluronidase versus placebo	HAase injection	placebo injection	hyaluronidase	placebo	injection	Incidence of perineal trauma (tears or episiotomy or both)	Risk Ratio	dichotomous	M-H	Random	CI-derived inverse-variance	random	log	1	0	0	0	0	1	.	.	.	.	.	.	.	.	.	.	not_reproducible	.	.	.	.	Cochrane method detected as M-H; reproduction uses CI-derived inverse-variance weights. No estimable study rows in this subset. Excluded non-computable rows: row 62: missing effect/CI
first_pass	Cochrane_reviews/first_pass/CD010441_hyaluronidase_perineal.pdf	CD010441_hyaluronidase_perineal	1.1	pmcid_only	HAase injection versus placebo injection	HAase injection versus placebo injection	hyaluronidase versus placebo	HAase injection	placebo injection	hyaluronidase	placebo	injection	Incidence of perineal trauma (tears or episiotomy or both)	Risk Ratio	dichotomous	M-H	Random	CI-derived inverse-variance	random	log	1	0	0	0	0	1	.	.	.	.	.	.	.	.	.	.	not_reproducible	.	.	.	.	Cochrane method detected as M-H; reproduction uses CI-derived inverse-variance weights. No estimable study rows in this subset. Excluded non-computable rows: row 62: missing effect/CI
first_pass	Cochrane_reviews/first_pass/CD010441_hyaluronidase_perineal.pdf	CD010441_hyaluronidase_perineal	1.2	all_studies	HAase injection versus placebo injection	HAase injection versus placebo injection	hyaluronidase versus placebo	HAase injection	placebo injection	hyaluronidase	placebo	injection	Incidence of episiotomy	Risk Ratio	dichotomous	M-H	Random	CI-derived inverse-variance	random	log	1	0	0	0	0	1	.	.	.	.	.	.	.	.	.	.	not_reproducible	.	.	.	.	Cochrane method detected as M-H; reproduction uses CI-derived inverse-variance weights. No estimable study rows in this subset. Excluded non-computable rows: row 63: missing effect/CI
first_pass	Cochrane_reviews/first_pass/CD010441_hyaluronidase_perineal.pdf	CD010441_hyaluronidase_perineal	1.2	pmcid_only	HAase injection versus placebo injection	HAase injection versus placebo injection	hyaluronidase versus placebo	HAase injection	placebo injection	hyaluronidase	placebo	injection	Incidence of episiotomy	Risk Ratio	dichotomous	M-H	Random	CI-derived inverse-variance	random	log	1	0	0	0	0	1	.	.	.	.	.	.	.	.	.	.	not_reproducible	.	.	.	.	Cochrane method detected as M-H; reproduction uses CI-derived inverse-variance weights. No estimable study rows in this subset. Excluded non-computable rows: row 63: missing effect/CI
first_pass	Cochrane_reviews/first_pass/CD010441_hyaluronidase_perineal.pdf	CD010441_hyaluronidase_perineal	1.3	all_studies	HAase injection versus placebo injection	HAase injection versus placebo injection	hyaluronidase versus placebo	HAase injection	placebo injection	hyaluronidase	placebo	injection	Incidence of first and second degree perineal lacerations	Risk Ratio	dichotomous	M-H	Random	CI-derived inverse-variance	random	log	1	0	0	0	0	1	.	.	.	.	.	.	.	.	.	.	not_reproducible	.	.	.	.	Cochrane method detected as M-H; reproduction uses CI-derived inverse-variance weights. No estimable study rows in this subset. Excluded non-computable rows: row 64: missing effect/CI
first_pass	Cochrane_reviews/first_pass/CD010441_hyaluronidase_perineal.pdf	CD010441_hyaluronidase_perineal	1.3	pmcid_only	HAase injection versus placebo injection	HAase injection versus placebo injection	hyaluronidase versus placebo	HAase injection	placebo injection	hyaluronidase	placebo	injection	Incidence of first and second degree perineal lacerations	Risk Ratio	dichotomous	M-H	Random	CI-derived inverse-variance	random	log	1	0	0	0	0	1	.	.	.	.	.	.	.	.	.	.	not_reproducible	.	.	.	.	Cochrane method detected as M-H; reproduction uses CI-derived inverse-variance weights. No estimable study rows in this subset. Excluded non-computable rows: row 64: missing effect/CI
first_pass	Cochrane_reviews/first_pass/CD010441_hyaluronidase_perineal.pdf	CD010441_hyaluronidase_perineal	1.4	all_studies	HAase injection versus placebo injection	HAase injection versus placebo injection	hyaluronidase versus placebo	HAase injection	placebo injection	hyaluronidase	placebo	injection	Incidence of third and fourth degree perineal trauma	Risk Ratio	dichotomous	M-H	Random	CI-derived inverse-variance	random	log	1	0	0	0	0	1	.	.	.	.	.	.	.	.	.	.	not_reproducible	.	.	.	.	Cochrane method detected as M-H; reproduction uses CI-derived inverse-variance weights. No estimable study rows in this subset. Excluded non-computable rows: row 65: missing effect/CI
first_pass	Cochrane_reviews/first_pass/CD010441_hyaluronidase_perineal.pdf	CD010441_hyaluronidase_perineal	1.4	pmcid_only	HAase injection versus placebo injection	HAase injection versus placebo injection	hyaluronidase versus placebo	HAase injection	placebo injection	hyaluronidase	placebo	injection	Incidence of third and fourth degree perineal trauma	Risk Ratio	dichotomous	M-H	Random	CI-derived inverse-variance	random	log	1	0	0	0	0	1	.	.	.	.	.	.	.	.	.	.	not_reproducible	.	.	.	.	Cochrane method detected as M-H; reproduction uses CI-derived inverse-variance weights. No estimable study rows in this subset. Excluded non-computable rows: row 65: missing effect/CI
first_pass	Cochrane_reviews/first_pass/CD010441_hyaluronidase_perineal.pdf	CD010441_hyaluronidase_perineal	1.5	all_studies	HAase injection versus placebo injection	HAase injection versus placebo injection	hyaluronidase versus placebo	HAase injection	placebo injection	hyaluronidase	placebo	injection	Incidence of perineal oedema 1 hour after vaginal delivery	Risk Ratio	dichotomous	M-H	Random	CI-derived inverse-variance	random	log	1	0	0	0	0	1	.	.	.	.	.	.	.	.	.	.	not_reproducible	.	.	.	.	Cochrane method detected as M-H; reproduction uses CI-derived inverse-variance weights. No estimable study rows in this subset. Excluded non-computable rows: row 66: missing effect/CI
first_pass	Cochrane_reviews/first_pass/CD010441_hyaluronidase_perineal.pdf	CD010441_hyaluronidase_perineal	1.5	pmcid_only	HAase injection versus placebo injection	HAase injection versus placebo injection	hyaluronidase versus placebo	HAase injection	placebo injection	hyaluronidase	placebo	injection	Incidence of perineal oedema 1 hour after vaginal delivery	Risk Ratio	dichotomous	M-H	Random	CI-derived inverse-variance	random	log	1	0	0	0	0	1	.	.	.	.	.	.	.	.	.	.	not_reproducible	.	.	.	.	Cochrane method detected as M-H; reproduction uses CI-derived inverse-variance weights. No estimable study rows in this subset. Excluded non-computable rows: row 66: missing effect/CI
first_pass	Cochrane_reviews/first_pass/CD010441_hyaluronidase_perineal.pdf	CD010441_hyaluronidase_perineal	1.6	all_studies	HAase injection versus placebo injection	HAase injection versus placebo injection	hyaluronidase versus placebo	HAase injection	placebo injection	hyaluronidase	placebo	injection	Incidence of perineal oedema 24 hours after vaginal delivery	Risk Ratio	dichotomous	M-H	Random	CI-derived inverse-variance	random	log	1	0	0	0	0	1	.	.	.	.	.	.	.	.	.	.	not_reproducible	.	.	.	.	Cochrane method detected as M-H; reproduction uses CI-derived inverse-variance weights. No estimable study rows in this subset. Excluded non-computable rows: row 67: missing effect/CI
first_pass	Cochrane_reviews/first_pass/CD010441_hyaluronidase_perineal.pdf	CD010441_hyaluronidase_perineal	1.6	pmcid_only	HAase injection versus placebo injection	HAase injection versus placebo injection	hyaluronidase versus placebo	HAase injection	placebo injection	hyaluronidase	placebo	injection	Incidence of perineal oedema 24 hours after vaginal delivery	Risk Ratio	dichotomous	M-H	Random	CI-derived inverse-variance	random	log	1	0	0	0	0	1	.	.	.	.	.	.	.	.	.	.	not_reproducible	.	.	.	.	Cochrane method detected as M-H; reproduction uses CI-derived inverse-variance weights. No estimable study rows in this subset. Excluded non-computable rows: row 67: missing effect/CI
first_pass	Cochrane_reviews/first_pass/CD010441_hyaluronidase_perineal.pdf	CD010441_hyaluronidase_perineal	1.7	all_studies	HAase injection versus placebo injection	HAase injection versus placebo injection	hyaluronidase versus placebo	HAase injection	placebo injection	hyaluronidase	placebo	injection	Incidence of neonatal Apgar scores less than 7 at five minutes	Odds Ratio	dichotomous	M-H	Random	CI-derived inverse-variance	random	log	1	0	0	0	0	1	.	.	.	.	.	.	.	.	.	.	not_reproducible	.	.	.	.	Cochrane method detected as M-H; reproduction uses CI-derived inverse-variance weights. No estimable study rows in this subset. Excluded non-computable rows: row 68: missing effect/CI
first_pass	Cochrane_reviews/first_pass/CD010441_hyaluronidase_perineal.pdf	CD010441_hyaluronidase_perineal	1.7	pmcid_only	HAase injection versus placebo injection	HAase injection versus placebo injection	hyaluronidase versus placebo	HAase injection	placebo injection	hyaluronidase	placebo	injection	Incidence of neonatal Apgar scores less than 7 at five minutes	Odds Ratio	dichotomous	M-H	Random	CI-derived inverse-variance	random	log	1	0	0	0	0	1	.	.	.	.	.	.	.	.	.	.	not_reproducible	.	.	.	.	Cochrane method detected as M-H; reproduction uses CI-derived inverse-variance weights. No estimable study rows in this subset. Excluded non-computable rows: row 68: missing effect/CI
first_pass	Cochrane_reviews/first_pass/CD010441_hyaluronidase_perineal.pdf	CD010441_hyaluronidase_perineal	2.1	all_studies	HAase injection versus no intervention	HAase injection versus no intervention	hyaluronidase injection versus no intervention	HAase injection	no intervention	hyaluronidase injection	no intervention	.	Incidence of perineal trauma (tears or episiotomy or both)	Risk Ratio	dichotomous	M-H	Random	CI-derived inverse-variance	random	log	1	0	0	0	0	1	.	.	.	.	.	.	.	.	.	.	not_reproducible	.	.	.	.	Cochrane method detected as M-H; reproduction uses CI-derived inverse-variance weights. No estimable study rows in this subset. Excluded non-computable rows: row 69: missing effect/CI
first_pass	Cochrane_reviews/first_pass/CD010441_hyaluronidase_perineal.pdf	CD010441_hyaluronidase_perineal	2.1	pmcid_only	HAase injection versus no intervention	HAase injection versus no intervention	hyaluronidase injection versus no intervention	HAase injection	no intervention	hyaluronidase injection	no intervention	.	Incidence of perineal trauma (tears or episiotomy or both)	Risk Ratio	dichotomous	M-H	Random	CI-derived inverse-variance	random	log	1	0	0	0	0	1	.	.	.	.	.	.	.	.	.	.	not_reproducible	.	.	.	.	Cochrane method detected as M-H; reproduction uses CI-derived inverse-variance weights. No estimable study rows in this subset. Excluded non-computable rows: row 69: missing effect/CI
first_pass	Cochrane_reviews/first_pass/CD010441_hyaluronidase_perineal.pdf	CD010441_hyaluronidase_perineal	2.2	all_studies	HAase injection versus no intervention	HAase injection versus no intervention	hyaluronidase injection versus no intervention	HAase injection	no intervention	hyaluronidase injection	no intervention	.	Incidence of episiotomy	Risk Ratio	dichotomous	M-H	Random	CI-derived inverse-variance	random	log	1	0	0	0	0	1	.	.	.	.	.	.	.	.	.	.	not_reproducible	.	.	.	.	Cochrane method detected as M-H; reproduction uses CI-derived inverse-variance weights. No estimable study rows in this subset. Excluded non-computable rows: row 70: missing effect/CI
first_pass	Cochrane_reviews/first_pass/CD010441_hyaluronidase_perineal.pdf	CD010441_hyaluronidase_perineal	2.2	pmcid_only	HAase injection versus no intervention	HAase injection versus no intervention	hyaluronidase injection versus no intervention	HAase injection	no intervention	hyaluronidase injection	no intervention	.	Incidence of episiotomy	Risk Ratio	dichotomous	M-H	Random	CI-derived inverse-variance	random	log	1	0	0	0	0	1	.	.	.	.	.	.	.	.	.	.	not_reproducible	.	.	.	.	Cochrane method detected as M-H; reproduction uses CI-derived inverse-variance weights. No estimable study rows in this subset. Excluded non-computable rows: row 70: missing effect/CI
first_pass	Cochrane_reviews/first_pass/CD010441_hyaluronidase_perineal.pdf	CD010441_hyaluronidase_perineal	2.3	all_studies	HAase injection versus no intervention	HAase injection versus no intervention	hyaluronidase injection versus no intervention	HAase injection	no intervention	hyaluronidase injection	no intervention	.	Incidence of first and second degree perineal lacerations	Risk Ratio	dichotomous	M-H	Random	CI-derived inverse-variance	random	log	1	0	0	0	0	1	.	.	.	.	.	.	.	.	.	.	not_reproducible	.	.	.	.	Cochrane method detected as M-H; reproduction uses CI-derived inverse-variance weights. No estimable study rows in this subset. Excluded non-computable rows: row 71: missing effect/CI
first_pass	Cochrane_reviews/first_pass/CD010441_hyaluronidase_perineal.pdf	CD010441_hyaluronidase_perineal	2.3	pmcid_only	HAase injection versus no intervention	HAase injection versus no intervention	hyaluronidase injection versus no intervention	HAase injection	no intervention	hyaluronidase injection	no intervention	.	Incidence of first and second degree perineal lacerations	Risk Ratio	dichotomous	M-H	Random	CI-derived inverse-variance	random	log	1	0	0	0	0	1	.	.	.	.	.	.	.	.	.	.	not_reproducible	.	.	.	.	Cochrane method detected as M-H; reproduction uses CI-derived inverse-variance weights. No estimable study rows in this subset. Excluded non-computable rows: row 71: missing effect/CI
first_pass	Cochrane_reviews/first_pass/CD010441_hyaluronidase_perineal.pdf	CD010441_hyaluronidase_perineal	2.4	all_studies	HAase injection versus no intervention	HAase injection versus no intervention	hyaluronidase injection versus no intervention	HAase injection	no intervention	hyaluronidase injection	no intervention	.	Incidence of third and fourth degree perineal trauma	.	unclear	M-H	Random	CI-derived inverse-variance	random	linear	1	0	0	0	0	1	.	.	.	.	.	.	.	.	.	.	not_reproducible	.	.	.	.	Cochrane method detected as M-H; reproduction uses CI-derived inverse-variance weights. No estimable study rows in this subset. Excluded non-computable rows: row 72: missing effect/CI
first_pass	Cochrane_reviews/first_pass/CD010441_hyaluronidase_perineal.pdf	CD010441_hyaluronidase_perineal	2.4	pmcid_only	HAase injection versus no intervention	HAase injection versus no intervention	hyaluronidase injection versus no intervention	HAase injection	no intervention	hyaluronidase injection	no intervention	.	Incidence of third and fourth degree perineal trauma	.	unclear	M-H	Random	CI-derived inverse-variance	random	linear	1	0	0	0	0	1	.	.	.	.	.	.	.	.	.	.	not_reproducible	.	.	.	.	Cochrane method detected as M-H; reproduction uses CI-derived inverse-variance weights. No estimable study rows in this subset. Excluded non-computable rows: row 72: missing effect/CI
first_pass	Cochrane_reviews/first_pass/CD010441_hyaluronidase_perineal.pdf	CD010441_hyaluronidase_perineal	2.5	all_studies	HAase injection versus no intervention	HAase injection versus no intervention	hyaluronidase injection versus no intervention	HAase injection	no intervention	hyaluronidase injection	no intervention	.	Incidence of perineal oedema 1 hour after vaginal delivery	Risk Ratio	dichotomous	M-H	Random	CI-derived inverse-variance	random	log	1	0	0	0	0	1	.	.	.	.	.	.	.	.	.	.	not_reproducible	.	.	.	.	Cochrane method detected as M-H; reproduction uses CI-derived inverse-variance weights. No estimable study rows in this subset. Excluded non-computable rows: row 73: missing effect/CI
first_pass	Cochrane_reviews/first_pass/CD010441_hyaluronidase_perineal.pdf	CD010441_hyaluronidase_perineal	2.5	pmcid_only	HAase injection versus no intervention	HAase injection versus no intervention	hyaluronidase injection versus no intervention	HAase injection	no intervention	hyaluronidase injection	no intervention	.	Incidence of perineal oedema 1 hour after vaginal delivery	Risk Ratio	dichotomous	M-H	Random	CI-derived inverse-variance	random	log	1	0	0	0	0	1	.	.	.	.	.	.	.	.	.	.	not_reproducible	.	.	.	.	Cochrane method detected as M-H; reproduction uses CI-derived inverse-variance weights. No estimable study rows in this subset. Excluded non-computable rows: row 73: missing effect/CI
first_pass	Cochrane_reviews/first_pass/CD010441_hyaluronidase_perineal.pdf	CD010441_hyaluronidase_perineal	2.6	all_studies	HAase injection versus no intervention	HAase injection versus no intervention	hyaluronidase injection versus no intervention	HAase injection	no intervention	hyaluronidase injection	no intervention	.	Incidence of perineal oedema 24 hours after vaginal delivery	.	unclear	M-H	Random	CI-derived inverse-variance	random	linear	1	0	0	0	0	1	.	.	.	.	.	.	.	.	.	.	not_reproducible	.	.	.	.	Cochrane method detected as M-H; reproduction uses CI-derived inverse-variance weights. No estimable study rows in this subset. Excluded non-computable rows: row 74: missing effect/CI
first_pass	Cochrane_reviews/first_pass/CD010441_hyaluronidase_perineal.pdf	CD010441_hyaluronidase_perineal	2.6	pmcid_only	HAase injection versus no intervention	HAase injection versus no intervention	hyaluronidase injection versus no intervention	HAase injection	no intervention	hyaluronidase injection	no intervention	.	Incidence of perineal oedema 24 hours after vaginal delivery	.	unclear	M-H	Random	CI-derived inverse-variance	random	linear	1	0	0	0	0	1	.	.	.	.	.	.	.	.	.	.	not_reproducible	.	.	.	.	Cochrane method detected as M-H; reproduction uses CI-derived inverse-variance weights. No estimable study rows in this subset. Excluded non-computable rows: row 74: missing effect/CI
first_pass	Cochrane_reviews/first_pass/CD010441_hyaluronidase_perineal.pdf	CD010441_hyaluronidase_perineal	2.7	all_studies	HAase injection versus no intervention	HAase injection versus no intervention	hyaluronidase injection versus no intervention	HAase injection	no intervention	hyaluronidase injection	no intervention	.	Incidence of neonatal Apgar scores less than 7 at five minutes	.	unclear	M-H	Random	CI-derived inverse-variance	random	linear	1	0	0	0	0	1	.	.	.	.	.	.	.	.	.	.	not_reproducible	.	.	.	.	Cochrane method detected as M-H; reproduction uses CI-derived inverse-variance weights. No estimable study rows in this subset. Excluded non-computable rows: row 75: missing effect/CI
first_pass	Cochrane_reviews/first_pass/CD010441_hyaluronidase_perineal.pdf	CD010441_hyaluronidase_perineal	2.7	pmcid_only	HAase injection versus no intervention	HAase injection versus no intervention	hyaluronidase injection versus no intervention	HAase injection	no intervention	hyaluronidase injection	no intervention	.	Incidence of neonatal Apgar scores less than 7 at five minutes	.	unclear	M-H	Random	CI-derived inverse-variance	random	linear	1	0	0	0	0	1	.	.	.	.	.	.	.	.	.	.	not_reproducible	.	.	.	.	Cochrane method detected as M-H; reproduction uses CI-derived inverse-variance weights. No estimable study rows in this subset. Excluded non-computable rows: row 75: missing effect/CI
first_pass	Cochrane_reviews/first_pass/CD012178_lutein_preterm.pdf	CD012178_lutein_preterm	1.1	all_studies	Lutein and zeaxanthin versus control (placebo or no supplementation)	Lutein and zeaxanthin versus control (placebo or no supplementation)	lutein zeaxanthin versus control placebo or no supplementation	Lutein and zeaxanthin	control (placebo or no supplementation)	lutein zeaxanthin	control placebo or no supplementation	.	Incidence of ROP at any stage	Risk Ratio	dichotomous	M-H	Fixed	CI-derived inverse-variance	fixed	log	1	0	0	0	0	1	.	.	.	.	.	.	.	.	.	.	not_reproducible	.	.	.	.	Cochrane method detected as M-H; reproduction uses CI-derived inverse-variance weights. No estimable study rows in this subset. Excluded non-computable rows: row 76: missing effect/CI
first_pass	Cochrane_reviews/first_pass/CD012178_lutein_preterm.pdf	CD012178_lutein_preterm	1.1	pmcid_only	Lutein and zeaxanthin versus control (placebo or no supplementation)	Lutein and zeaxanthin versus control (placebo or no supplementation)	lutein zeaxanthin versus control placebo or no supplementation	Lutein and zeaxanthin	control (placebo or no supplementation)	lutein zeaxanthin	control placebo or no supplementation	.	Incidence of ROP at any stage	Risk Ratio	dichotomous	M-H	Fixed	CI-derived inverse-variance	fixed	log	1	0	0	0	0	1	.	.	.	.	.	.	.	.	.	.	not_reproducible	.	.	.	.	Cochrane method detected as M-H; reproduction uses CI-derived inverse-variance weights. No estimable study rows in this subset. Excluded non-computable rows: row 76: missing effect/CI
first_pass	Cochrane_reviews/first_pass/CD012178_lutein_preterm.pdf	CD012178_lutein_preterm	1.2	all_studies	Lutein and zeaxanthin versus control (placebo or no supplementation)	Lutein and zeaxanthin versus control (placebo or no supplementation)	lutein zeaxanthin versus control placebo or no supplementation	Lutein and zeaxanthin	control (placebo or no supplementation)	lutein zeaxanthin	control placebo or no supplementation	.	Incidence of ROP stage 3 and above	Risk Ratio	dichotomous	M-H	Fixed	CI-derived inverse-variance	fixed	log	1	0	0	0	0	1	.	.	.	.	.	.	.	.	.	.	not_reproducible	.	.	.	.	Cochrane method detected as M-H; reproduction uses CI-derived inverse-variance weights. No estimable study rows in this subset. Excluded non-computable rows: row 77: missing effect/CI
first_pass	Cochrane_reviews/first_pass/CD012178_lutein_preterm.pdf	CD012178_lutein_preterm	1.2	pmcid_only	Lutein and zeaxanthin versus control (placebo or no supplementation)	Lutein and zeaxanthin versus control (placebo or no supplementation)	lutein zeaxanthin versus control placebo or no supplementation	Lutein and zeaxanthin	control (placebo or no supplementation)	lutein zeaxanthin	control placebo or no supplementation	.	Incidence of ROP stage 3 and above	Risk Ratio	dichotomous	M-H	Fixed	CI-derived inverse-variance	fixed	log	1	0	0	0	0	1	.	.	.	.	.	.	.	.	.	.	not_reproducible	.	.	.	.	Cochrane method detected as M-H; reproduction uses CI-derived inverse-variance weights. No estimable study rows in this subset. Excluded non-computable rows: row 77: missing effect/CI
first_pass	Cochrane_reviews/first_pass/CD012178_lutein_preterm.pdf	CD012178_lutein_preterm	1.3	all_studies	Lutein and zeaxanthin versus control (placebo or no supplementation)	Lutein and zeaxanthin versus control (placebo or no supplementation)	lutein zeaxanthin versus control placebo or no supplementation	Lutein and zeaxanthin	control (placebo or no supplementation)	lutein zeaxanthin	control placebo or no supplementation	.	Mortality assessed throughout NICU stay	Risk Ratio	dichotomous	M-H	Fixed	CI-derived inverse-variance	fixed	log	1	0	0	0	0	1	.	.	.	.	.	.	.	.	.	.	not_reproducible	.	.	.	.	Cochrane method detected as M-H; reproduction uses CI-derived inverse-variance weights. No estimable study rows in this subset. Excluded non-computable rows: row 78: missing effect/CI
first_pass	Cochrane_reviews/first_pass/CD012178_lutein_preterm.pdf	CD012178_lutein_preterm	1.3	pmcid_only	Lutein and zeaxanthin versus control (placebo or no supplementation)	Lutein and zeaxanthin versus control (placebo or no supplementation)	lutein zeaxanthin versus control placebo or no supplementation	Lutein and zeaxanthin	control (placebo or no supplementation)	lutein zeaxanthin	control placebo or no supplementation	.	Mortality assessed throughout NICU stay	Risk Ratio	dichotomous	M-H	Fixed	CI-derived inverse-variance	fixed	log	1	0	0	0	0	1	.	.	.	.	.	.	.	.	.	.	not_reproducible	.	.	.	.	Cochrane method detected as M-H; reproduction uses CI-derived inverse-variance weights. No estimable study rows in this subset. Excluded non-computable rows: row 78: missing effect/CI
first_pass	Cochrane_reviews/first_pass/CD012178_lutein_preterm.pdf	CD012178_lutein_preterm	1.4	all_studies	Lutein and zeaxanthin versus control (placebo or no supplementation)	Lutein and zeaxanthin versus control (placebo or no supplementation)	lutein zeaxanthin versus control placebo or no supplementation	Lutein and zeaxanthin	control (placebo or no supplementation)	lutein zeaxanthin	control placebo or no supplementation	.	Incidence of IVH (all grades of IVH and severe IVH grades III and IV)	Risk Ratio	dichotomous	M-H	Fixed	CI-derived inverse-variance	fixed	log	1	0	0	0	0	1	.	.	.	.	.	.	.	.	.	.	not_reproducible	.	.	.	.	Cochrane method detected as M-H; reproduction uses CI-derived inverse-variance weights. No estimable study rows in this subset. Excluded non-computable rows: row 79: missing effect/CI
first_pass	Cochrane_reviews/first_pass/CD012178_lutein_preterm.pdf	CD012178_lutein_preterm	1.4	pmcid_only	Lutein and zeaxanthin versus control (placebo or no supplementation)	Lutein and zeaxanthin versus control (placebo or no supplementation)	lutein zeaxanthin versus control placebo or no supplementation	Lutein and zeaxanthin	control (placebo or no supplementation)	lutein zeaxanthin	control placebo or no supplementation	.	Incidence of IVH (all grades of IVH and severe IVH grades III and IV)	Risk Ratio	dichotomous	M-H	Fixed	CI-derived inverse-variance	fixed	log	1	0	0	0	0	1	.	.	.	.	.	.	.	.	.	.	not_reproducible	.	.	.	.	Cochrane method detected as M-H; reproduction uses CI-derived inverse-variance weights. No estimable study rows in this subset. Excluded non-computable rows: row 79: missing effect/CI
first_pass	Cochrane_reviews/first_pass/CD012178_lutein_preterm.pdf	CD012178_lutein_preterm	1.5	all_studies	Lutein and zeaxanthin versus control (placebo or no supplementation)	Lutein and zeaxanthin versus control (placebo or no supplementation)	lutein zeaxanthin versus control placebo or no supplementation	Lutein and zeaxanthin	control (placebo or no supplementation)	lutein zeaxanthin	control placebo or no supplementation	.	Incidence of NEC	Risk Ratio	dichotomous	M-H	Fixed	CI-derived inverse-variance	fixed	log	1	0	0	0	0	1	.	.	.	.	.	.	.	.	.	.	not_reproducible	.	.	.	.	Cochrane method detected as M-H; reproduction uses CI-derived inverse-variance weights. No estimable study rows in this subset. Excluded non-computable rows: row 80: missing effect/CI
first_pass	Cochrane_reviews/first_pass/CD012178_lutein_preterm.pdf	CD012178_lutein_preterm	1.5	pmcid_only	Lutein and zeaxanthin versus control (placebo or no supplementation)	Lutein and zeaxanthin versus control (placebo or no supplementation)	lutein zeaxanthin versus control placebo or no supplementation	Lutein and zeaxanthin	control (placebo or no supplementation)	lutein zeaxanthin	control placebo or no supplementation	.	Incidence of NEC	Risk Ratio	dichotomous	M-H	Fixed	CI-derived inverse-variance	fixed	log	1	0	0	0	0	1	.	.	.	.	.	.	.	.	.	.	not_reproducible	.	.	.	.	Cochrane method detected as M-H; reproduction uses CI-derived inverse-variance weights. No estimable study rows in this subset. Excluded non-computable rows: row 80: missing effect/CI
first_pass	Cochrane_reviews/first_pass/CD012178_lutein_preterm.pdf	CD012178_lutein_preterm	1.6	all_studies	Lutein and zeaxanthin versus control (placebo or no supplementation)	Lutein and zeaxanthin versus control (placebo or no supplementation)	lutein zeaxanthin versus control placebo or no supplementation	Lutein and zeaxanthin	control (placebo or no supplementation)	lutein zeaxanthin	control placebo or no supplementation	.	Any reported adverse effects	.	unclear	M-H	Fixed	CI-derived inverse-variance	fixed	linear	1	0	0	0	0	1	.	.	.	.	.	.	.	.	.	.	not_reproducible	.	.	.	.	Cochrane method detected as M-H; reproduction uses CI-derived inverse-variance weights. No estimable study rows in this subset. Excluded non-computable rows: row 81: missing effect/CI
first_pass	Cochrane_reviews/first_pass/CD012178_lutein_preterm.pdf	CD012178_lutein_preterm	1.6	pmcid_only	Lutein and zeaxanthin versus control (placebo or no supplementation)	Lutein and zeaxanthin versus control (placebo or no supplementation)	lutein zeaxanthin versus control placebo or no supplementation	Lutein and zeaxanthin	control (placebo or no supplementation)	lutein zeaxanthin	control placebo or no supplementation	.	Any reported adverse effects	.	unclear	M-H	Fixed	CI-derived inverse-variance	fixed	linear	1	0	0	0	0	1	.	.	.	.	.	.	.	.	.	.	not_reproducible	.	.	.	.	Cochrane method detected as M-H; reproduction uses CI-derived inverse-variance weights. No estimable study rows in this subset. Excluded non-computable rows: row 81: missing effect/CI
first_pass	Cochrane_reviews/first_pass/CD012214_metformin_hyperplasia.pdf	CD012214_metformin_hyperplasia	1.1	all_studies	Metformin versus megestrol	Metformin versus megestrol	metformin versus megestrol	Metformin	megestrol	metformin	megestrol	.	Regression of endometrial hyperplasia (with or without atypia) to proliferative, secretory, or atrophic endometrium	Odds Ratio	dichotomous	M-H	Fixed	CI-derived inverse-variance	fixed	log	2	2	2	0	2	0	4.448986	1.364356	14.507556	4.89	1.56	15.32	0.441014	0.195644	0.812444	0.927765	ci_iou_high	0	1.046771	1	4.468104	Cochrane method detected as M-H; reproduction uses CI-derived inverse-variance weights.
first_pass	Cochrane_reviews/first_pass/CD012214_metformin_hyperplasia.pdf	CD012214_metformin_hyperplasia	1.1	pmcid_only	Metformin versus megestrol	Metformin versus megestrol	metformin versus megestrol	Metformin	megestrol	metformin	megestrol	.	Regression of endometrial hyperplasia (with or without atypia) to proliferative, secretory, or atrophic endometrium	Odds Ratio	dichotomous	M-H	Fixed	CI-derived inverse-variance	fixed	log	2	2	0	0	0	0	.	.	.	4.89	1.56	15.32	.	.	.	.	not_reproducible	.	.	.	.	Cochrane method detected as M-H; reproduction uses CI-derived inverse-variance weights. PMCID-only subset excludes rows without a matched PMCID. No estimable study rows in this subset.
first_pass	Cochrane_reviews/first_pass/CD012214_metformin_hyperplasia.pdf	CD012214_metformin_hyperplasia	1.2	all_studies	Metformin versus megestrol	Metformin versus megestrol	metformin versus megestrol	Metformin	megestrol	metformin	megestrol	.	Progression of endometrial hyperplasia to endometrial cancer	Odds Ratio	dichotomous	Peto	Fixed	CI-derived inverse-variance	fixed	log	2	0	0	0	0	2	.	.	.	.	.	.	.	.	.	.	not_reproducible	.	.	.	.	Cochrane method detected as Peto; reproduction uses CI-derived inverse-variance weights. No estimable study rows in this subset. Excluded non-computable rows: Sharifzadeh 2016: missing effect/CI | Tabrizi 2014: missing effect/CI
first_pass	Cochrane_reviews/first_pass/CD012214_metformin_hyperplasia.pdf	CD012214_metformin_hyperplasia	1.2	pmcid_only	Metformin versus megestrol	Metformin versus megestrol	metformin versus megestrol	Metformin	megestrol	metformin	megestrol	.	Progression of endometrial hyperplasia to endometrial cancer	Odds Ratio	dichotomous	Peto	Fixed	CI-derived inverse-variance	fixed	log	2	0	0	0	0	2	.	.	.	.	.	.	.	.	.	.	not_reproducible	.	.	.	.	Cochrane method detected as Peto; reproduction uses CI-derived inverse-variance weights. No estimable study rows in this subset. Excluded non-computable rows: Sharifzadeh 2016: missing effect/CI | Tabrizi 2014: missing effect/CI
first_pass	Cochrane_reviews/first_pass/CD012214_metformin_hyperplasia.pdf	CD012214_metformin_hyperplasia	1.3	all_studies	Metformin versus megestrol	Metformin versus megestrol	metformin versus megestrol	Metformin	megestrol	metformin	megestrol	.	Hysterectomy rate	Peto Odds Ratio	dichotomous	Peto	Fixed	CI-derived inverse-variance	fixed	log	2	1	1	0	1	1	0.91	0.052382	15.808877	0.91	0.05	15.09	0	0.002382	0.718877	0.954232	ci_iou_high	0	0	0	0	Cochrane method detected as Peto; reproduction uses CI-derived inverse-variance weights. Excluded non-computable rows: Tabrizi 2014: missing effect/CI
first_pass	Cochrane_reviews/first_pass/CD012214_metformin_hyperplasia.pdf	CD012214_metformin_hyperplasia	1.3	pmcid_only	Metformin versus megestrol	Metformin versus megestrol	metformin versus megestrol	Metformin	megestrol	metformin	megestrol	.	Hysterectomy rate	Peto Odds Ratio	dichotomous	Peto	Fixed	CI-derived inverse-variance	fixed	log	2	1	0	0	0	1	.	.	.	0.91	0.05	15.09	.	.	.	.	not_reproducible	.	.	.	.	Cochrane method detected as Peto; reproduction uses CI-derived inverse-variance weights. PMCID-only subset excludes rows without a matched PMCID. No estimable study rows in this subset. Excluded non-computable rows: Tabrizi 2014: missing effect/CI
first_pass	Cochrane_reviews/first_pass/CD012214_metformin_hyperplasia.pdf	CD012214_metformin_hyperplasia	1.4	all_studies	Metformin versus megestrol	Metformin versus megestrol	metformin versus megestrol	Metformin	megestrol	metformin	megestrol	.	Abnormal uterine bleeding	Odds Ratio	dichotomous	M-H	Fixed	CI-derived inverse-variance	fixed	log	1	0	0	0	0	1	.	.	.	0.91	0.05	15.52	.	.	.	.	not_reproducible	.	.	.	.	Cochrane method detected as M-H; reproduction uses CI-derived inverse-variance weights. No estimable study rows in this subset. Excluded non-computable rows: row 88: missing effect/CI
first_pass	Cochrane_reviews/first_pass/CD012214_metformin_hyperplasia.pdf	CD012214_metformin_hyperplasia	1.4	pmcid_only	Metformin versus megestrol	Metformin versus megestrol	metformin versus megestrol	Metformin	megestrol	metformin	megestrol	.	Abnormal uterine bleeding	Odds Ratio	dichotomous	M-H	Fixed	CI-derived inverse-variance	fixed	log	1	0	0	0	0	1	.	.	.	0.91	0.05	15.52	.	.	.	.	not_reproducible	.	.	.	.	Cochrane method detected as M-H; reproduction uses CI-derived inverse-variance weights. No estimable study rows in this subset. Excluded non-computable rows: row 88: missing effect/CI
first_pass	Cochrane_reviews/first_pass/CD012214_metformin_hyperplasia.pdf	CD012214_metformin_hyperplasia	2.1	all_studies	Metformin plus megestrol versus megestrol	Metformin plus megestrol versus megestrol	metformin plus versus megestrol	Metformin plus megestrol	megestrol	metformin plus	megestrol	megestrol	Regression of endometrial hyperplasia (with or without atypia) to proliferative, secretory or atrophic endometrium	Odds Ratio	dichotomous	M-H	Fixed	CI-derived inverse-variance	fixed	log	4	4	4	1	3	0	3.224908	1.605185	6.479023	3.27	1.65	6.51	0.045092	0.044815	0.030977	0.984548	ci_iou_high	0	1.854635	3	0	Cochrane method detected as M-H; reproduction uses CI-derived inverse-variance weights.
first_pass	Cochrane_reviews/first_pass/CD012214_metformin_hyperplasia.pdf	CD012214_metformin_hyperplasia	2.1	pmcid_only	Metformin plus megestrol versus megestrol	Metformin plus megestrol versus megestrol	metformin plus versus megestrol	Metformin plus megestrol	megestrol	metformin plus	megestrol	megestrol	Regression of endometrial hyperplasia (with or without atypia) to proliferative, secretory or atrophic endometrium	Odds Ratio	dichotomous	M-H	Fixed	CI-derived inverse-variance	fixed	log	4	4	1	1	0	0	9	0.938098	86.344929	3.27	1.65	6.51	5.73	0.711902	79.834929	0.056904	ci_iou_low	0	0	0	0	Cochrane method detected as M-H; reproduction uses CI-derived inverse-variance weights. PMCID-only subset excludes rows without a matched PMCID.
first_pass	Cochrane_reviews/first_pass/CD012214_metformin_hyperplasia.pdf	CD012214_metformin_hyperplasia	2.2	all_studies	Metformin plus megestrol versus megestrol	Metformin plus megestrol versus megestrol	metformin plus versus megestrol	Metformin plus megestrol	megestrol	metformin plus	megestrol	megestrol	Recurrence of endometrial hyperplasia	Odds Ratio	dichotomous	Peto	Fixed	CI-derived inverse-variance	fixed	log	1	0	0	0	0	1	.	.	.	.	.	.	.	.	.	.	not_reproducible	.	.	.	.	Cochrane method detected as Peto; reproduction uses CI-derived inverse-variance weights. No estimable study rows in this subset. Excluded non-computable rows: Shan 2014: missing effect/CI
first_pass	Cochrane_reviews/first_pass/CD012214_metformin_hyperplasia.pdf	CD012214_metformin_hyperplasia	2.2	pmcid_only	Metformin plus megestrol versus megestrol	Metformin plus megestrol versus megestrol	metformin plus versus megestrol	Metformin plus megestrol	megestrol	metformin plus	megestrol	megestrol	Recurrence of endometrial hyperplasia	Odds Ratio	dichotomous	Peto	Fixed	CI-derived inverse-variance	fixed	log	1	0	0	0	0	1	.	.	.	.	.	.	.	.	.	.	not_reproducible	.	.	.	.	Cochrane method detected as Peto; reproduction uses CI-derived inverse-variance weights. No estimable study rows in this subset. Excluded non-computable rows: Shan 2014: missing effect/CI
first_pass	Cochrane_reviews/first_pass/CD012214_metformin_hyperplasia.pdf	CD012214_metformin_hyperplasia	2.3	all_studies	Metformin plus megestrol versus megestrol	Metformin plus megestrol versus megestrol	metformin plus versus megestrol	Metformin plus megestrol	megestrol	metformin plus	megestrol	megestrol	Progression of endometrial hyperplasia to endometrial cancer	Peto Odds Ratio	dichotomous	Peto	Fixed	CI-derived inverse-variance	fixed	log	3	1	1	0	1	2	7.96	0.1588	399.003684	7.96	0.16	402.02	0	0.0012	3.016316	0.992491	ci_iou_full	0	0	0	0	Cochrane method detected as Peto; reproduction uses CI-derived inverse-variance weights. Excluded non-computable rows: Sayyah Melli 2018: missing effect/CI | Shan 2014: missing effect/CI
first_pass	Cochrane_reviews/first_pass/CD012214_metformin_hyperplasia.pdf	CD012214_metformin_hyperplasia	2.3	pmcid_only	Metformin plus megestrol versus megestrol	Metformin plus megestrol versus megestrol	metformin plus versus megestrol	Metformin plus megestrol	megestrol	metformin plus	megestrol	megestrol	Progression of endometrial hyperplasia to endometrial cancer	Peto Odds Ratio	dichotomous	Peto	Fixed	CI-derived inverse-variance	fixed	log	3	1	0	0	0	2	.	.	.	7.96	0.16	402.02	.	.	.	.	not_reproducible	.	.	.	.	Cochrane method detected as Peto; reproduction uses CI-derived inverse-variance weights. PMCID-only subset excludes rows without a matched PMCID. No estimable study rows in this subset. Excluded non-computable rows: Sayyah Melli 2018: missing effect/CI | Shan 2014: missing effect/CI
first_pass	Cochrane_reviews/first_pass/CD012214_metformin_hyperplasia.pdf	CD012214_metformin_hyperplasia	2.4	all_studies	Metformin plus megestrol versus megestrol	Metformin plus megestrol versus megestrol	metformin plus versus megestrol	Metformin plus megestrol	megestrol	metformin plus	megestrol	megestrol	Hysterectomy rate	Peto Odds Ratio	dichotomous	Peto	Fixed	CI-derived inverse-variance	fixed	log	2	1	1	1	0	1	7.39	0.148319	368.206951	7.39	0.15	372.38	0	0.001681	4.173049	0.988785	ci_iou_high	0	0	0	0	Cochrane method detected as Peto; reproduction uses CI-derived inverse-variance weights. Excluded non-computable rows: Tehranian 2021: missing effect/CI
first_pass	Cochrane_reviews/first_pass/CD012214_metformin_hyperplasia.pdf	CD012214_metformin_hyperplasia	2.4	pmcid_only	Metformin plus megestrol versus megestrol	Metformin plus megestrol versus megestrol	metformin plus versus megestrol	Metformin plus megestrol	megestrol	metformin plus	megestrol	megestrol	Hysterectomy rate	Peto Odds Ratio	dichotomous	Peto	Fixed	CI-derived inverse-variance	fixed	log	2	1	1	1	0	1	7.39	0.148319	368.206951	7.39	0.15	372.38	0	0.001681	4.173049	0.988785	ci_iou_high	0	0	0	0	Cochrane method detected as Peto; reproduction uses CI-derived inverse-variance weights. Excluded non-computable rows: Tehranian 2021: missing effect/CI
first_pass	Cochrane_reviews/first_pass/CD012214_metformin_hyperplasia.pdf	CD012214_metformin_hyperplasia	3.1	all_studies	Metformin plus levonorgestrel (intrauterine system) versus levonorgestrel (intrauterine system)	Metformin plus levonorgestrel (intrauterine system) versus levonorgestrel (intrauterine system)	metformin plus versus levonorgestrel intrauterine system	Metformin plus levonorgestrel (intrauterine system)	levonorgestrel (intrauterine system)	metformin plus	levonorgestrel intrauterine system	intrauterine; levonorgestrel; system	Regression of endometrial hyperplasia (with or without atypia) to proliferative, secretory, or atrophic endometrium	Odds Ratio	dichotomous	M-H	Fixed	CI-derived inverse-variance	fixed	log	1	0	0	0	0	1	.	.	.	3.42	0.13	88.4	.	.	.	.	not_reproducible	.	.	.	.	Cochrane method detected as M-H; reproduction uses CI-derived inverse-variance weights. No estimable study rows in this subset. Excluded non-computable rows: row 99: missing effect/CI
first_pass	Cochrane_reviews/first_pass/CD012214_metformin_hyperplasia.pdf	CD012214_metformin_hyperplasia	3.1	pmcid_only	Metformin plus levonorgestrel (intrauterine system) versus levonorgestrel (intrauterine system)	Metformin plus levonorgestrel (intrauterine system) versus levonorgestrel (intrauterine system)	metformin plus versus levonorgestrel intrauterine system	Metformin plus levonorgestrel (intrauterine system)	levonorgestrel (intrauterine system)	metformin plus	levonorgestrel intrauterine system	intrauterine; levonorgestrel; system	Regression of endometrial hyperplasia (with or without atypia) to proliferative, secretory, or atrophic endometrium	Odds Ratio	dichotomous	M-H	Fixed	CI-derived inverse-variance	fixed	log	1	0	0	0	0	1	.	.	.	3.42	0.13	88.4	.	.	.	.	not_reproducible	.	.	.	.	Cochrane method detected as M-H; reproduction uses CI-derived inverse-variance weights. No estimable study rows in this subset. Excluded non-computable rows: row 99: missing effect/CI
first_pass	Cochrane_reviews/first_pass/CD012214_metformin_hyperplasia.pdf	CD012214_metformin_hyperplasia	3.2	all_studies	Metformin plus levonorgestrel (intrauterine system) versus levonorgestrel (intrauterine system)	Metformin plus levonorgestrel (intrauterine system) versus levonorgestrel (intrauterine system)	metformin plus versus levonorgestrel intrauterine system	Metformin plus levonorgestrel (intrauterine system)	levonorgestrel (intrauterine system)	metformin plus	levonorgestrel intrauterine system	intrauterine; levonorgestrel; system	Progression of endometrial hyperplasia to endometrial cancer	Odds Ratio	dichotomous	Peto	Fixed	CI-derived inverse-variance	fixed	log	1	0	0	0	0	1	.	.	.	.	.	.	.	.	.	.	not_reproducible	.	.	.	.	Cochrane method detected as Peto; reproduction uses CI-derived inverse-variance weights. No estimable study rows in this subset. Excluded non-computable rows: row 100: missing effect/CI
first_pass	Cochrane_reviews/first_pass/CD012214_metformin_hyperplasia.pdf	CD012214_metformin_hyperplasia	3.2	pmcid_only	Metformin plus levonorgestrel (intrauterine system) versus levonorgestrel (intrauterine system)	Metformin plus levonorgestrel (intrauterine system) versus levonorgestrel (intrauterine system)	metformin plus versus levonorgestrel intrauterine system	Metformin plus levonorgestrel (intrauterine system)	levonorgestrel (intrauterine system)	metformin plus	levonorgestrel intrauterine system	intrauterine; levonorgestrel; system	Progression of endometrial hyperplasia to endometrial cancer	Odds Ratio	dichotomous	Peto	Fixed	CI-derived inverse-variance	fixed	log	1	0	0	0	0	1	.	.	.	.	.	.	.	.	.	.	not_reproducible	.	.	.	.	Cochrane method detected as Peto; reproduction uses CI-derived inverse-variance weights. No estimable study rows in this subset. Excluded non-computable rows: row 100: missing effect/CI
first_pass	Cochrane_reviews/first_pass/CD012214_metformin_hyperplasia.pdf	CD012214_metformin_hyperplasia	3.3	all_studies	Metformin plus levonorgestrel (intrauterine system) versus levonorgestrel (intrauterine system)	Metformin plus levonorgestrel (intrauterine system) versus levonorgestrel (intrauterine system)	metformin plus versus levonorgestrel intrauterine system	Metformin plus levonorgestrel (intrauterine system)	levonorgestrel (intrauterine system)	metformin plus	levonorgestrel intrauterine system	intrauterine; levonorgestrel; system	Hysterectomy rate	Odds Ratio	dichotomous	Peto	Fixed	CI-derived inverse-variance	fixed	log	1	0	0	0	0	1	.	.	.	0.12	0.01	1.95	.	.	.	.	not_reproducible	.	.	.	.	Cochrane method detected as Peto; reproduction uses CI-derived inverse-variance weights. No estimable study rows in this subset. Excluded non-computable rows: row 101: missing effect/CI
first_pass	Cochrane_reviews/first_pass/CD012214_metformin_hyperplasia.pdf	CD012214_metformin_hyperplasia	3.3	pmcid_only	Metformin plus levonorgestrel (intrauterine system) versus levonorgestrel (intrauterine system)	Metformin plus levonorgestrel (intrauterine system) versus levonorgestrel (intrauterine system)	metformin plus versus levonorgestrel intrauterine system	Metformin plus levonorgestrel (intrauterine system)	levonorgestrel (intrauterine system)	metformin plus	levonorgestrel intrauterine system	intrauterine; levonorgestrel; system	Hysterectomy rate	Odds Ratio	dichotomous	Peto	Fixed	CI-derived inverse-variance	fixed	log	1	0	0	0	0	1	.	.	.	0.12	0.01	1.95	.	.	.	.	not_reproducible	.	.	.	.	Cochrane method detected as Peto; reproduction uses CI-derived inverse-variance weights. No estimable study rows in this subset. Excluded non-computable rows: row 101: missing effect/CI
first_pass	Cochrane_reviews/first_pass/CD012214_metformin_hyperplasia.pdf	CD012214_metformin_hyperplasia	3.4	all_studies	Metformin plus levonorgestrel (intrauterine system) versus levonorgestrel (intrauterine system)	Metformin plus levonorgestrel (intrauterine system) versus levonorgestrel (intrauterine system)	metformin plus versus levonorgestrel intrauterine system	Metformin plus levonorgestrel (intrauterine system)	levonorgestrel (intrauterine system)	metformin plus	levonorgestrel intrauterine system	intrauterine; levonorgestrel; system	Abnormal uterine bleeding	Odds Ratio	dichotomous	M-H	Fixed	CI-derived inverse-variance	fixed	log	1	0	0	0	0	1	.	.	.	0.61	0.16	2.27	.	.	.	.	not_reproducible	.	.	.	.	Cochrane method detected as M-H; reproduction uses CI-derived inverse-variance weights. No estimable study rows in this subset. Excluded non-computable rows: row 102: missing effect/CI
first_pass	Cochrane_reviews/first_pass/CD012214_metformin_hyperplasia.pdf	CD012214_metformin_hyperplasia	3.4	pmcid_only	Metformin plus levonorgestrel (intrauterine system) versus levonorgestrel (intrauterine system)	Metformin plus levonorgestrel (intrauterine system) versus levonorgestrel (intrauterine system)	metformin plus versus levonorgestrel intrauterine system	Metformin plus levonorgestrel (intrauterine system)	levonorgestrel (intrauterine system)	metformin plus	levonorgestrel intrauterine system	intrauterine; levonorgestrel; system	Abnormal uterine bleeding	Odds Ratio	dichotomous	M-H	Fixed	CI-derived inverse-variance	fixed	log	1	0	0	0	0	1	.	.	.	0.61	0.16	2.27	.	.	.	.	not_reproducible	.	.	.	.	Cochrane method detected as M-H; reproduction uses CI-derived inverse-variance weights. No estimable study rows in this subset. Excluded non-computable rows: row 102: missing effect/CI
first_pass	Cochrane_reviews/first_pass/CD012214_metformin_hyperplasia.pdf	CD012214_metformin_hyperplasia	3.5	all_studies	Metformin plus levonorgestrel (intrauterine system) versus levonorgestrel (intrauterine system)	Metformin plus levonorgestrel (intrauterine system) versus levonorgestrel (intrauterine system)	metformin plus versus levonorgestrel intrauterine system	Metformin plus levonorgestrel (intrauterine system)	levonorgestrel (intrauterine system)	metformin plus	levonorgestrel intrauterine system	intrauterine; levonorgestrel; system	Adverse effects during treatment	Odds Ratio	dichotomous	.	.	CI-derived inverse-variance	random	log	1	0	0	0	0	1	.	.	.	.	.	.	.	.	.	.	not_reproducible	.	.	.	.	No model detected; defaulted to random inverse-variance pooling. No estimable study rows in this subset. Excluded non-computable rows: row 103: missing effect/CI
first_pass	Cochrane_reviews/first_pass/CD012214_metformin_hyperplasia.pdf	CD012214_metformin_hyperplasia	3.5	pmcid_only	Metformin plus levonorgestrel (intrauterine system) versus levonorgestrel (intrauterine system)	Metformin plus levonorgestrel (intrauterine system) versus levonorgestrel (intrauterine system)	metformin plus versus levonorgestrel intrauterine system	Metformin plus levonorgestrel (intrauterine system)	levonorgestrel (intrauterine system)	metformin plus	levonorgestrel intrauterine system	intrauterine; levonorgestrel; system	Adverse effects during treatment	Odds Ratio	dichotomous	.	.	CI-derived inverse-variance	random	log	1	0	0	0	0	1	.	.	.	.	.	.	.	.	.	.	not_reproducible	.	.	.	.	No model detected; defaulted to random inverse-variance pooling. No estimable study rows in this subset. Excluded non-computable rows: row 103: missing effect/CI
first_pass	Cochrane_reviews/first_pass/CD014762_nsaids_uti.pdf	CD014762_nsaids_uti	1.1	all_studies	Primary outcomes	Primary outcomes	primary outcomes	.	.	.	.	.	Short- term resolution of symptoms (days 1 to 4 after randomisation)	Risk Ratio	dichotomous	M-H	Random	CI-derived inverse-variance	random	log	1	0	0	0	0	1	.	.	.	.	.	.	.	.	.	.	not_reproducible	.	.	.	.	Cochrane method detected as M-H; reproduction uses CI-derived inverse-variance weights. No estimable study rows in this subset. Excluded non-computable rows: row 104: missing effect/CI
first_pass	Cochrane_reviews/first_pass/CD014762_nsaids_uti.pdf	CD014762_nsaids_uti	1.1	pmcid_only	Primary outcomes	Primary outcomes	primary outcomes	.	.	.	.	.	Short- term resolution of symptoms (days 1 to 4 after randomisation)	Risk Ratio	dichotomous	M-H	Random	CI-derived inverse-variance	random	log	1	0	0	0	0	1	.	.	.	.	.	.	.	.	.	.	not_reproducible	.	.	.	.	Cochrane method detected as M-H; reproduction uses CI-derived inverse-variance weights. No estimable study rows in this subset. Excluded non-computable rows: row 104: missing effect/CI
first_pass	Cochrane_reviews/first_pass/CD014762_nsaids_uti.pdf	CD014762_nsaids_uti	1.2	all_studies	Primary outcomes	Primary outcomes	primary outcomes	.	.	.	.	.	Medium- term resolution of symptoms (days 5 to 10 after randomisation)	Risk Ratio	dichotomous	M-H	Random	CI-derived inverse-variance	random	log	1	0	0	0	0	1	.	.	.	.	.	.	.	.	.	.	not_reproducible	.	.	.	.	Cochrane method detected as M-H; reproduction uses CI-derived inverse-variance weights. No estimable study rows in this subset. Excluded non-computable rows: row 105: missing effect/CI
first_pass	Cochrane_reviews/first_pass/CD014762_nsaids_uti.pdf	CD014762_nsaids_uti	1.2	pmcid_only	Primary outcomes	Primary outcomes	primary outcomes	.	.	.	.	.	Medium- term resolution of symptoms (days 5 to 10 after randomisation)	Risk Ratio	dichotomous	M-H	Random	CI-derived inverse-variance	random	log	1	0	0	0	0	1	.	.	.	.	.	.	.	.	.	.	not_reproducible	.	.	.	.	Cochrane method detected as M-H; reproduction uses CI-derived inverse-variance weights. No estimable study rows in this subset. Excluded non-computable rows: row 105: missing effect/CI
first_pass	Cochrane_reviews/first_pass/CD014762_nsaids_uti.pdf	CD014762_nsaids_uti	1.3	all_studies	Primary outcomes	Primary outcomes	primary outcomes	.	.	.	.	.	Adverse events (to day 30 after randomisation)	Risk Ratio	dichotomous	.	.	CI-derived inverse-variance	random	log	1	0	0	0	0	1	.	.	.	.	.	.	.	.	.	.	not_reproducible	.	.	.	.	No model detected; defaulted to random inverse-variance pooling. No estimable study rows in this subset. Excluded non-computable rows: row 106: missing effect/CI
first_pass	Cochrane_reviews/first_pass/CD014762_nsaids_uti.pdf	CD014762_nsaids_uti	1.3	pmcid_only	Primary outcomes	Primary outcomes	primary outcomes	.	.	.	.	.	Adverse events (to day 30 after randomisation)	Risk Ratio	dichotomous	.	.	CI-derived inverse-variance	random	log	1	0	0	0	0	1	.	.	.	.	.	.	.	.	.	.	not_reproducible	.	.	.	.	No model detected; defaulted to random inverse-variance pooling. No estimable study rows in this subset. Excluded non-computable rows: row 106: missing effect/CI
first_pass	Cochrane_reviews/first_pass/CD014762_nsaids_uti.pdf	CD014762_nsaids_uti	2.1	all_studies	Secondary outcomes	Secondary outcomes	secondary outcomes	.	.	.	.	.	Duration of symptoms [days]	Mean Difference	continuous	IV	Random	CI-derived inverse-variance	random	linear	1	0	0	0	0	1	.	.	.	.	.	.	.	.	.	.	not_reproducible	.	.	.	.	No estimable study rows in this subset. Excluded non-computable rows: row 107: missing effect/CI
first_pass	Cochrane_reviews/first_pass/CD014762_nsaids_uti.pdf	CD014762_nsaids_uti	2.1	pmcid_only	Secondary outcomes	Secondary outcomes	secondary outcomes	.	.	.	.	.	Duration of symptoms [days]	Mean Difference	continuous	IV	Random	CI-derived inverse-variance	random	linear	1	0	0	0	0	1	.	.	.	.	.	.	.	.	.	.	not_reproducible	.	.	.	.	No estimable study rows in this subset. Excluded non-computable rows: row 107: missing effect/CI
first_pass	Cochrane_reviews/first_pass/CD014762_nsaids_uti.pdf	CD014762_nsaids_uti	2.2	all_studies	Secondary outcomes	Secondary outcomes	secondary outcomes	.	.	.	.	.	Severity of symptoms	Mean Difference	continuous	IV	Random	CI-derived inverse-variance	random	linear	1	0	0	0	0	1	.	.	.	.	.	.	.	.	.	.	not_reproducible	.	.	.	.	No estimable study rows in this subset. Excluded non-computable rows: row 108: missing effect/CI
first_pass	Cochrane_reviews/first_pass/CD014762_nsaids_uti.pdf	CD014762_nsaids_uti	2.2	pmcid_only	Secondary outcomes	Secondary outcomes	secondary outcomes	.	.	.	.	.	Severity of symptoms	Mean Difference	continuous	IV	Random	CI-derived inverse-variance	random	linear	1	0	0	0	0	1	.	.	.	.	.	.	.	.	.	.	not_reproducible	.	.	.	.	No estimable study rows in this subset. Excluded non-computable rows: row 108: missing effect/CI
first_pass	Cochrane_reviews/first_pass/CD014762_nsaids_uti.pdf	CD014762_nsaids_uti	2.3	all_studies	Secondary outcomes	Secondary outcomes	secondary outcomes	.	.	.	.	.	Microbiological resolution (by day 10 after randomisation)	Risk Ratio	dichotomous	IV	Random	CI-derived inverse-variance	random	log	1	0	0	0	0	1	.	.	.	.	.	.	.	.	.	.	not_reproducible	.	.	.	.	No estimable study rows in this subset. Excluded non-computable rows: row 109: missing effect/CI
first_pass	Cochrane_reviews/first_pass/CD014762_nsaids_uti.pdf	CD014762_nsaids_uti	2.3	pmcid_only	Secondary outcomes	Secondary outcomes	secondary outcomes	.	.	.	.	.	Microbiological resolution (by day 10 after randomisation)	Risk Ratio	dichotomous	IV	Random	CI-derived inverse-variance	random	log	1	0	0	0	0	1	.	.	.	.	.	.	.	.	.	.	not_reproducible	.	.	.	.	No estimable study rows in this subset. Excluded non-computable rows: row 109: missing effect/CI
first_pass	Cochrane_reviews/first_pass/CD014762_nsaids_uti.pdf	CD014762_nsaids_uti	2.4	all_studies	Secondary outcomes	Secondary outcomes	secondary outcomes	.	.	.	.	.	Use of rescue antibiotic treatment (by day 30 after randomisation)	Risk Ratio	dichotomous	M-H	Random	CI-derived inverse-variance	random	log	1	0	0	0	0	1	.	.	.	.	.	.	.	.	.	.	not_reproducible	.	.	.	.	Cochrane method detected as M-H; reproduction uses CI-derived inverse-variance weights. No estimable study rows in this subset. Excluded non-computable rows: row 110: missing effect/CI
first_pass	Cochrane_reviews/first_pass/CD014762_nsaids_uti.pdf	CD014762_nsaids_uti	2.4	pmcid_only	Secondary outcomes	Secondary outcomes	secondary outcomes	.	.	.	.	.	Use of rescue antibiotic treatment (by day 30 after randomisation)	Risk Ratio	dichotomous	M-H	Random	CI-derived inverse-variance	random	log	1	0	0	0	0	1	.	.	.	.	.	.	.	.	.	.	not_reproducible	.	.	.	.	Cochrane method detected as M-H; reproduction uses CI-derived inverse-variance weights. No estimable study rows in this subset. Excluded non-computable rows: row 110: missing effect/CI
first_pass	Cochrane_reviews/first_pass/CD014762_nsaids_uti.pdf	CD014762_nsaids_uti	2.5	all_studies	Secondary outcomes	Secondary outcomes	secondary outcomes	.	.	.	.	.	Emergence of antibiotic resistant bacteria	Risk Ratio	dichotomous	M-H	Random	CI-derived inverse-variance	random	log	1	0	0	0	0	1	.	.	.	.	.	.	.	.	.	.	not_reproducible	.	.	.	.	Cochrane method detected as M-H; reproduction uses CI-derived inverse-variance weights. No estimable study rows in this subset. Excluded non-computable rows: row 111: missing effect/CI
first_pass	Cochrane_reviews/first_pass/CD014762_nsaids_uti.pdf	CD014762_nsaids_uti	2.5	pmcid_only	Secondary outcomes	Secondary outcomes	secondary outcomes	.	.	.	.	.	Emergence of antibiotic resistant bacteria	Risk Ratio	dichotomous	M-H	Random	CI-derived inverse-variance	random	log	1	0	0	0	0	1	.	.	.	.	.	.	.	.	.	.	not_reproducible	.	.	.	.	Cochrane method detected as M-H; reproduction uses CI-derived inverse-variance weights. No estimable study rows in this subset. Excluded non-computable rows: row 111: missing effect/CI
first_pass	Cochrane_reviews/first_pass/CD014811_loop_diuretics_hf.pdf	CD014811_loop_diuretics_hf	1.1	all_studies	Meta-analysis continuous infusion versus bolus injection	continuous infusion versus bolus injection	continuous infusion versus bolus injection	continuous infusion	bolus injection	continuous infusion	bolus injection	.	Net weight loss (kg)	Mean Difference	continuous	IV	Random	CI-derived inverse-variance	random	linear	5	5	5	4	1	0	0.858543	0.436136	1.280951	0.86	0.44	1.28	0.001457	0.003864	0.000951	0.994302	ci_iou_full	0.053538	5.09832	4	21.542781	.
first_pass	Cochrane_reviews/first_pass/CD014811_loop_diuretics_hf.pdf	CD014811_loop_diuretics_hf	1.1	pmcid_only	Meta-analysis continuous infusion versus bolus injection	continuous infusion versus bolus injection	continuous infusion versus bolus injection	continuous infusion	bolus injection	continuous infusion	bolus injection	.	Net weight loss (kg)	Mean Difference	continuous	IV	Random	CI-derived inverse-variance	random	linear	5	5	4	4	0	0	0.83021	0.336922	1.323499	0.86	0.44	1.28	0.02979	0.103078	0.043499	0.851428	ci_iou_high	0.100969	5.007107	3	40.085158	PMCID-only subset excludes rows without a matched PMCID.
first_pass	Cochrane_reviews/first_pass/CD014811_loop_diuretics_hf.pdf	CD014811_loop_diuretics_hf	1.2	all_studies	Meta-analysis continuous infusion versus bolus injection	continuous infusion versus bolus injection	continuous infusion versus bolus injection	continuous infusion	bolus injection	continuous infusion	bolus injection	.	All-cause mortality	Risk Ratio	dichotomous	M-H	Random	CI-derived inverse-variance	random	log	5	4	4	4	0	1	1.530255	0.802632	2.917502	1.53	0.81	2.9	0.000255	0.007368	0.017502	0.988241	ci_iou_high	0.031232	3.149933	3	4.759882	Cochrane method detected as M-H; reproduction uses CI-derived inverse-variance weights. Excluded non-computable rows: Zheng 2021: missing effect/CI
first_pass	Cochrane_reviews/first_pass/CD014811_loop_diuretics_hf.pdf	CD014811_loop_diuretics_hf	1.2	pmcid_only	Meta-analysis continuous infusion versus bolus injection	continuous infusion versus bolus injection	continuous infusion versus bolus injection	continuous infusion	bolus injection	continuous infusion	bolus injection	.	All-cause mortality	Risk Ratio	dichotomous	M-H	Random	CI-derived inverse-variance	random	log	5	4	4	4	0	1	1.530255	0.802632	2.917502	1.53	0.81	2.9	0.000255	0.007368	0.017502	0.988241	ci_iou_high	0.031232	3.149933	3	4.759882	Cochrane method detected as M-H; reproduction uses CI-derived inverse-variance weights. Excluded non-computable rows: Zheng 2021: missing effect/CI
first_pass	Cochrane_reviews/first_pass/CD014811_loop_diuretics_hf.pdf	CD014811_loop_diuretics_hf	1.3	all_studies	Meta-analysis continuous infusion versus bolus injection	continuous infusion versus bolus injection	continuous infusion versus bolus injection	continuous infusion	bolus injection	continuous infusion	bolus injection	.	Length of hospital stay (days)	Mean Difference	continuous	IV	Random	CI-derived inverse-variance	random	linear	4	4	4	3	1	0	-1.097298	-4.835556	2.64096	-1.1	-4.84	2.64	0.002702	0.004444	0.00096	0.999278	ci_iou_full	12.058148	24.22688	3	87.61706	.
first_pass	Cochrane_reviews/first_pass/CD014811_loop_diuretics_hf.pdf	CD014811_loop_diuretics_hf	1.3	pmcid_only	Meta-analysis continuous infusion versus bolus injection	continuous infusion versus bolus injection	continuous infusion versus bolus injection	continuous infusion	bolus injection	continuous infusion	bolus injection	.	Length of hospital stay (days)	Mean Difference	continuous	IV	Random	CI-derived inverse-variance	random	linear	4	4	3	3	0	0	-0.984268	-6.303547	4.335012	-1.1	-4.84	2.64	0.115732	1.463547	1.695012	0.703103	ci_iou_moderate	19.259444	24.004211	2	91.668129	PMCID-only subset excludes rows without a matched PMCID.
first_pass	Cochrane_reviews/first_pass/CD014811_loop_diuretics_hf.pdf	CD014811_loop_diuretics_hf	1.4	all_studies	Meta-analysis continuous infusion versus bolus injection	continuous infusion versus bolus injection	continuous infusion versus bolus injection	continuous infusion	bolus injection	continuous infusion	bolus injection	.	Readmission to hospital following discharge for the longest available follow-up stated in the trials	Risk Ratio	dichotomous	IV	Fixed	CI-derived inverse-variance	fixed	log	3	3	3	3	0	0	0.85347	0.626749	1.162205	0.85	0.63	1.16	0.00347	0.003251	0.002205	0.98981	ci_iou_high	0	0.052186	2	0	.
first_pass	Cochrane_reviews/first_pass/CD014811_loop_diuretics_hf.pdf	CD014811_loop_diuretics_hf	1.4	pmcid_only	Meta-analysis continuous infusion versus bolus injection	continuous infusion versus bolus injection	continuous infusion versus bolus injection	continuous infusion	bolus injection	continuous infusion	bolus injection	.	Readmission to hospital following discharge for the longest available follow-up stated in the trials	Risk Ratio	dichotomous	IV	Fixed	CI-derived inverse-variance	fixed	log	3	3	3	3	0	0	0.85347	0.626749	1.162205	0.85	0.63	1.16	0.00347	0.003251	0.002205	0.98981	ci_iou_high	0	0.052186	2	0	.
first_pass	Cochrane_reviews/first_pass/CD014811_loop_diuretics_hf.pdf	CD014811_loop_diuretics_hf	1.5	all_studies	Meta-analysis continuous infusion versus bolus injection	continuous infusion versus bolus injection	continuous infusion versus bolus injection	continuous infusion	bolus injection	continuous infusion	bolus injection	.	Acute kidney injury (adverse event)	Risk Ratio	dichotomous	M-H	Random	CI-derived inverse-variance	random	log	3	3	3	2	1	0	1.016845	0.692903	1.492234	1.02	0.7	1.49	0.003155	0.007097	0.002234	0.988327	ci_iou_high	0	0.726457	2	0	Cochrane method detected as M-H; reproduction uses CI-derived inverse-variance weights.
first_pass	Cochrane_reviews/first_pass/CD014811_loop_diuretics_hf.pdf	CD014811_loop_diuretics_hf	1.5	pmcid_only	Meta-analysis continuous infusion versus bolus injection	continuous infusion versus bolus injection	continuous infusion versus bolus injection	continuous infusion	bolus injection	continuous infusion	bolus injection	.	Acute kidney injury (adverse event)	Risk Ratio	dichotomous	M-H	Random	CI-derived inverse-variance	random	log	3	3	2	2	0	0	0.998082	0.654243	1.522627	1.02	0.7	1.49	0.021918	0.045757	0.032627	0.909736	ci_iou_high	0	0.68383	1	0	Cochrane method detected as M-H; reproduction uses CI-derived inverse-variance weights. PMCID-only subset excludes rows without a matched PMCID.
first_pass	Cochrane_reviews/first_pass/CD014811_loop_diuretics_hf.pdf	CD014811_loop_diuretics_hf	2.1	all_studies	Sensitivity analysis - exclusion of trials with high risk of bias	exclusion of trials with high risk of bias	exclusion of trials with high risk of bias	.	.	.	.	.	Net weight loss (kg)	Mean Difference	continuous	IV	Random	CI-derived inverse-variance	random	linear	3	3	3	2	1	0	0.700327	-0.058384	1.459038	0.7	-0.06	1.46	0.000327	0.001616	0.000962	0.998304	ci_iou_full	0	0.255478	2	0	.
first_pass	Cochrane_reviews/first_pass/CD014811_loop_diuretics_hf.pdf	CD014811_loop_diuretics_hf	2.1	pmcid_only	Sensitivity analysis - exclusion of trials with high risk of bias	exclusion of trials with high risk of bias	exclusion of trials with high risk of bias	.	.	.	.	.	Net weight loss (kg)	Mean Difference	continuous	IV	Random	CI-derived inverse-variance	random	linear	3	3	2	2	0	0	0.714114	-0.07027	1.498498	0.7	-0.06	1.46	0.014114	0.01027	0.038498	0.968913	ci_iou_high	0	0.237047	1	0	PMCID-only subset excludes rows without a matched PMCID.
first_pass	Cochrane_reviews/first_pass/CD014811_loop_diuretics_hf.pdf	CD014811_loop_diuretics_hf	2.2	all_studies	Sensitivity analysis - exclusion of trials with high risk of bias	exclusion of trials with high risk of bias	exclusion of trials with high risk of bias	.	.	.	.	.	All-cause mortality	Risk Ratio	dichotomous	M-H	Random	CI-derived inverse-variance	random	log	3	3	3	3	0	0	1.2189	0.634418	2.341862	1.22	0.64	2.35	0.0011	0.005582	0.008138	0.992002	ci_iou_full	0	0.92506	2	0	Cochrane method detected as M-H; reproduction uses CI-derived inverse-variance weights.
first_pass	Cochrane_reviews/first_pass/CD014811_loop_diuretics_hf.pdf	CD014811_loop_diuretics_hf	2.2	pmcid_only	Sensitivity analysis - exclusion of trials with high risk of bias	exclusion of trials with high risk of bias	exclusion of trials with high risk of bias	.	.	.	.	.	All-cause mortality	Risk Ratio	dichotomous	M-H	Random	CI-derived inverse-variance	random	log	3	3	3	3	0	0	1.2189	0.634418	2.341862	1.22	0.64	2.35	0.0011	0.005582	0.008138	0.992002	ci_iou_full	0	0.92506	2	0	Cochrane method detected as M-H; reproduction uses CI-derived inverse-variance weights.
first_pass	Cochrane_reviews/first_pass/CD014811_loop_diuretics_hf.pdf	CD014811_loop_diuretics_hf	2.3	all_studies	Sensitivity analysis - exclusion of trials with high risk of bias	exclusion of trials with high risk of bias	exclusion of trials with high risk of bias	.	.	.	.	.	Length of hospital stay (days)	Mean Difference	continuous	IV	Random	CI-derived inverse-variance	random	linear	3	3	3	2	1	0	0.608642	-1.527991	2.745275	0.61	-1.53	2.75	0.001358	0.002009	0.004725	0.998427	ci_iou_full	1.527576	3.441275	2	41.881998	.
first_pass	Cochrane_reviews/first_pass/CD014811_loop_diuretics_hf.pdf	CD014811_loop_diuretics_hf	2.3	pmcid_only	Sensitivity analysis - exclusion of trials with high risk of bias	exclusion of trials with high risk of bias	exclusion of trials with high risk of bias	.	.	.	.	.	Length of hospital stay (days)	Mean Difference	continuous	IV	Random	CI-derived inverse-variance	random	linear	3	3	2	2	0	0	1.675025	0.088559	3.261491	0.61	-1.53	2.75	1.065025	1.618559	0.511491	0.555451	ci_iou_moderate	0	0.067936	1	0	PMCID-only subset excludes rows without a matched PMCID.
first_pass	Cochrane_reviews/first_pass/CD014811_loop_diuretics_hf.pdf	CD014811_loop_diuretics_hf	2.4	all_studies	Sensitivity analysis - exclusion of trials with high risk of bias	exclusion of trials with high risk of bias	exclusion of trials with high risk of bias	.	.	.	.	.	Readmission to hospital following discharge for the longest available follow-up stated in the trials	Risk Ratio	dichotomous	IV	Fixed	CI-derived inverse-variance	fixed	log	2	2	2	2	0	0	0.862637	0.624733	1.191138	0.86	0.63	1.19	0.002637	0.005267	0.001138	0.988691	ci_iou_high	0	0.002251	1	0	.
first_pass	Cochrane_reviews/first_pass/CD014811_loop_diuretics_hf.pdf	CD014811_loop_diuretics_hf	2.4	pmcid_only	Sensitivity analysis - exclusion of trials with high risk of bias	exclusion of trials with high risk of bias	exclusion of trials with high risk of bias	.	.	.	.	.	Readmission to hospital following discharge for the longest available follow-up stated in the trials	Risk Ratio	dichotomous	IV	Fixed	CI-derived inverse-variance	fixed	log	2	2	2	2	0	0	0.862637	0.624733	1.191138	0.86	0.63	1.19	0.002637	0.005267	0.001138	0.988691	ci_iou_high	0	0.002251	1	0	.
first_pass	Cochrane_reviews/first_pass/CD014811_loop_diuretics_hf.pdf	CD014811_loop_diuretics_hf	2.5	all_studies	Sensitivity analysis - exclusion of trials with high risk of bias	exclusion of trials with high risk of bias	exclusion of trials with high risk of bias	.	.	.	.	.	Acute kidney injury (adverse event)	Risk Ratio	dichotomous	M-H	Random	CI-derived inverse-variance	random	log	2	2	2	1	1	0	1.102154	0.719847	1.6875	1.1	0.72	1.68	0.002154	0.000153	0.0075	0.992091	ci_iou_full	0	0.000294	1	0	Cochrane method detected as M-H; reproduction uses CI-derived inverse-variance weights.
first_pass	Cochrane_reviews/first_pass/CD014811_loop_diuretics_hf.pdf	CD014811_loop_diuretics_hf	2.5	pmcid_only	Sensitivity analysis - exclusion of trials with high risk of bias	exclusion of trials with high risk of bias	exclusion of trials with high risk of bias	.	.	.	.	.	Acute kidney injury (adverse event)	Risk Ratio	dichotomous	M-H	Random	CI-derived inverse-variance	random	log	2	2	1	1	0	0	1.1	0.679888	1.779706	1.1	0.72	1.68	0	0.040112	0.099706	0.872872	ci_iou_high	0	0	0	0	Cochrane method detected as M-H; reproduction uses CI-derived inverse-variance weights. PMCID-only subset excludes rows without a matched PMCID.
first_pass	Cochrane_reviews/first_pass/CD014960_antibiotics_leptospirosis.pdf	CD014960_antibiotics_leptospirosis	1.1	all_studies	Antibiotics versus placebo or no intervention	Antibiotics versus placebo or no intervention	antibiotics versus placebo or no intervention	Antibiotics	placebo or no intervention	antibiotics	placebo or no intervention	.	All-cause mortality	Risk Ratio	dichotomous	M-H	Random	CI-derived inverse-variance	random	log	3	3	3	0	3	0	1.562598	0.64331	3.795541	1.57	0.65	3.79	0.007402	0.00669	0.005541	0.99612	ci_iou_full	0.08857	2.180372	2	8.27253	Cochrane method detected as M-H; reproduction uses CI-derived inverse-variance weights.
first_pass	Cochrane_reviews/first_pass/CD014960_antibiotics_leptospirosis.pdf	CD014960_antibiotics_leptospirosis	1.1	pmcid_only	Antibiotics versus placebo or no intervention	Antibiotics versus placebo or no intervention	antibiotics versus placebo or no intervention	Antibiotics	placebo or no intervention	antibiotics	placebo or no intervention	.	All-cause mortality	Risk Ratio	dichotomous	M-H	Random	CI-derived inverse-variance	random	log	3	3	0	0	0	0	.	.	.	1.57	0.65	3.79	.	.	.	.	not_reproducible	.	.	.	.	Cochrane method detected as M-H; reproduction uses CI-derived inverse-variance weights. PMCID-only subset excludes rows without a matched PMCID. No estimable study rows in this subset.
first_pass	Cochrane_reviews/first_pass/CD014960_antibiotics_leptospirosis.pdf	CD014960_antibiotics_leptospirosis	1.2	all_studies	Antibiotics versus placebo or no intervention	Antibiotics versus placebo or no intervention	antibiotics versus placebo or no intervention	Antibiotics	placebo or no intervention	antibiotics	placebo or no intervention	.	Proportion of people with adverse events considered non-serious	Risk Ratio	dichotomous	M-H	Random	CI-derived inverse-variance	random	log	2	2	2	0	2	0	1.045119	0.343122	3.18334	1.05	0.35	3.17	0.004881	0.006878	0.01334	0.992881	ci_iou_full	0	0.561388	1	0	Cochrane method detected as M-H; reproduction uses CI-derived inverse-variance weights.
first_pass	Cochrane_reviews/first_pass/CD014960_antibiotics_leptospirosis.pdf	CD014960_antibiotics_leptospirosis	1.2	pmcid_only	Antibiotics versus placebo or no intervention	Antibiotics versus placebo or no intervention	antibiotics versus placebo or no intervention	Antibiotics	placebo or no intervention	antibiotics	placebo or no intervention	.	Proportion of people with adverse events considered non-serious	Risk Ratio	dichotomous	M-H	Random	CI-derived inverse-variance	random	log	2	2	0	0	0	0	.	.	.	1.05	0.35	3.17	.	.	.	.	not_reproducible	.	.	.	.	Cochrane method detected as M-H; reproduction uses CI-derived inverse-variance weights. PMCID-only subset excludes rows without a matched PMCID. No estimable study rows in this subset.
first_pass	Cochrane_reviews/first_pass/CD014960_antibiotics_leptospirosis.pdf	CD014960_antibiotics_leptospirosis	1.3	all_studies	Antibiotics versus placebo or no intervention	Antibiotics versus placebo or no intervention	antibiotics versus placebo or no intervention	Antibiotics	placebo or no intervention	antibiotics	placebo or no intervention	.	Days of hospitalisation	Mean Difference	continuous	IV	Random	CI-derived inverse-variance	random	linear	2	2	2	0	2	0	0.153481	-0.748464	1.055426	0.15	-0.74	1.05	0.003481	0.008464	0.005426	0.9923	ci_iou_full	0	0.21379	1	0	.
first_pass	Cochrane_reviews/first_pass/CD014960_antibiotics_leptospirosis.pdf	CD014960_antibiotics_leptospirosis	1.3	pmcid_only	Antibiotics versus placebo or no intervention	Antibiotics versus placebo or no intervention	antibiotics versus placebo or no intervention	Antibiotics	placebo or no intervention	antibiotics	placebo or no intervention	.	Days of hospitalisation	Mean Difference	continuous	IV	Random	CI-derived inverse-variance	random	linear	2	2	0	0	0	0	.	.	.	0.15	-0.74	1.05	.	.	.	.	not_reproducible	.	.	.	.	PMCID-only subset excludes rows without a matched PMCID. No estimable study rows in this subset.
first_pass	Cochrane_reviews/first_pass/CD014960_antibiotics_leptospirosis.pdf	CD014960_antibiotics_leptospirosis	2.1	all_studies	Antibiotics versus another antibiotic	Antibiotics versus another antibiotic	antibiotics versus another antibiotic	Antibiotics	another antibiotic	antibiotics	another antibiotic	.	All-cause mortality (penicillin versus cefotaxime or ceftriaxone)	Risk Ratio	dichotomous	M-H	Fixed	CI-derived inverse-variance	fixed	log	2	2	2	0	2	0	1.262849	0.411025	3.880028	1.38	0.47	4.04	0.117151	0.058975	0.159972	0.939667	ci_iou_high	0	0.94552	1	0	Cochrane method detected as M-H; reproduction uses CI-derived inverse-variance weights.
first_pass	Cochrane_reviews/first_pass/CD014960_antibiotics_leptospirosis.pdf	CD014960_antibiotics_leptospirosis	2.1	pmcid_only	Antibiotics versus another antibiotic	Antibiotics versus another antibiotic	antibiotics versus another antibiotic	Antibiotics	another antibiotic	antibiotics	another antibiotic	.	All-cause mortality (penicillin versus cefotaxime or ceftriaxone)	Risk Ratio	dichotomous	M-H	Fixed	CI-derived inverse-variance	fixed	log	2	2	0	0	0	0	.	.	.	1.38	0.47	4.04	.	.	.	.	not_reproducible	.	.	.	.	Cochrane method detected as M-H; reproduction uses CI-derived inverse-variance weights. PMCID-only subset excludes rows without a matched PMCID. No estimable study rows in this subset.
first_pass	Cochrane_reviews/first_pass/CD014960_antibiotics_leptospirosis.pdf	CD014960_antibiotics_leptospirosis	2.2	all_studies	Antibiotics versus another antibiotic	Antibiotics versus another antibiotic	antibiotics versus another antibiotic	Antibiotics	another antibiotic	antibiotics	another antibiotic	.	All-cause mortality (penicillin versus doxycycline)	Risk Ratio	dichotomous	M-H	Fixed	CI-derived inverse-variance	fixed	log	1	0	0	0	0	1	.	.	.	0.93	0.13	6.46	.	.	.	.	not_reproducible	.	.	.	.	Cochrane method detected as M-H; reproduction uses CI-derived inverse-variance weights. No estimable study rows in this subset. Excluded non-computable rows: row 154: missing effect/CI
first_pass	Cochrane_reviews/first_pass/CD014960_antibiotics_leptospirosis.pdf	CD014960_antibiotics_leptospirosis	2.2	pmcid_only	Antibiotics versus another antibiotic	Antibiotics versus another antibiotic	antibiotics versus another antibiotic	Antibiotics	another antibiotic	antibiotics	another antibiotic	.	All-cause mortality (penicillin versus doxycycline)	Risk Ratio	dichotomous	M-H	Fixed	CI-derived inverse-variance	fixed	log	1	0	0	0	0	1	.	.	.	0.93	0.13	6.46	.	.	.	.	not_reproducible	.	.	.	.	Cochrane method detected as M-H; reproduction uses CI-derived inverse-variance weights. No estimable study rows in this subset. Excluded non-computable rows: row 154: missing effect/CI
first_pass	Cochrane_reviews/first_pass/CD014960_antibiotics_leptospirosis.pdf	CD014960_antibiotics_leptospirosis	2.3	all_studies	Antibiotics versus another antibiotic	Antibiotics versus another antibiotic	antibiotics versus another antibiotic	Antibiotics	another antibiotic	antibiotics	another antibiotic	.	All-cause mortality (cefotaxime versus doxycycline)	Risk Ratio	dichotomous	M-H	Fixed	CI-derived inverse-variance	fixed	log	1	0	0	0	0	1	.	.	.	0.18	0.01	3.78	.	.	.	.	not_reproducible	.	.	.	.	Cochrane method detected as M-H; reproduction uses CI-derived inverse-variance weights. No estimable study rows in this subset. Excluded non-computable rows: row 155: missing effect/CI
first_pass	Cochrane_reviews/first_pass/CD014960_antibiotics_leptospirosis.pdf	CD014960_antibiotics_leptospirosis	2.3	pmcid_only	Antibiotics versus another antibiotic	Antibiotics versus another antibiotic	antibiotics versus another antibiotic	Antibiotics	another antibiotic	antibiotics	another antibiotic	.	All-cause mortality (cefotaxime versus doxycycline)	Risk Ratio	dichotomous	M-H	Fixed	CI-derived inverse-variance	fixed	log	1	0	0	0	0	1	.	.	.	0.18	0.01	3.78	.	.	.	.	not_reproducible	.	.	.	.	Cochrane method detected as M-H; reproduction uses CI-derived inverse-variance weights. No estimable study rows in this subset. Excluded non-computable rows: row 155: missing effect/CI
first_pass	Cochrane_reviews/first_pass/CD014960_antibiotics_leptospirosis.pdf	CD014960_antibiotics_leptospirosis	2.4	all_studies	Antibiotics versus another antibiotic	Antibiotics versus another antibiotic	antibiotics versus another antibiotic	Antibiotics	another antibiotic	antibiotics	another antibiotic	.	Serious adverse event (nosocomial infection) (penicillin versus cefotaxime)	Risk Ratio	dichotomous	M-H	Fixed	CI-derived inverse-variance	fixed	log	1	0	0	0	0	1	.	.	.	1.01	0.15	7.02	.	.	.	.	not_reproducible	.	.	.	.	Cochrane method detected as M-H; reproduction uses CI-derived inverse-variance weights. No estimable study rows in this subset. Excluded non-computable rows: row 156: missing effect/CI
first_pass	Cochrane_reviews/first_pass/CD014960_antibiotics_leptospirosis.pdf	CD014960_antibiotics_leptospirosis	2.4	pmcid_only	Antibiotics versus another antibiotic	Antibiotics versus another antibiotic	antibiotics versus another antibiotic	Antibiotics	another antibiotic	antibiotics	another antibiotic	.	Serious adverse event (nosocomial infection) (penicillin versus cefotaxime)	Risk Ratio	dichotomous	M-H	Fixed	CI-derived inverse-variance	fixed	log	1	0	0	0	0	1	.	.	.	1.01	0.15	7.02	.	.	.	.	not_reproducible	.	.	.	.	Cochrane method detected as M-H; reproduction uses CI-derived inverse-variance weights. No estimable study rows in this subset. Excluded non-computable rows: row 156: missing effect/CI
first_pass	Cochrane_reviews/first_pass/CD014960_antibiotics_leptospirosis.pdf	CD014960_antibiotics_leptospirosis	2.5	all_studies	Antibiotics versus another antibiotic	Antibiotics versus another antibiotic	antibiotics versus another antibiotic	Antibiotics	another antibiotic	antibiotics	another antibiotic	.	Serious adverse event (nosocomial infection) (penicillin versus doxycycline)	Risk Ratio	dichotomous	M-H	Fixed	CI-derived inverse-variance	fixed	log	1	0	0	0	0	1	.	.	.	0.62	0.11	3.62	.	.	.	.	not_reproducible	.	.	.	.	Cochrane method detected as M-H; reproduction uses CI-derived inverse-variance weights. No estimable study rows in this subset. Excluded non-computable rows: row 157: missing effect/CI
first_pass	Cochrane_reviews/first_pass/CD014960_antibiotics_leptospirosis.pdf	CD014960_antibiotics_leptospirosis	2.5	pmcid_only	Antibiotics versus another antibiotic	Antibiotics versus another antibiotic	antibiotics versus another antibiotic	Antibiotics	another antibiotic	antibiotics	another antibiotic	.	Serious adverse event (nosocomial infection) (penicillin versus doxycycline)	Risk Ratio	dichotomous	M-H	Fixed	CI-derived inverse-variance	fixed	log	1	0	0	0	0	1	.	.	.	0.62	0.11	3.62	.	.	.	.	not_reproducible	.	.	.	.	Cochrane method detected as M-H; reproduction uses CI-derived inverse-variance weights. No estimable study rows in this subset. Excluded non-computable rows: row 157: missing effect/CI
first_pass	Cochrane_reviews/first_pass/CD014960_antibiotics_leptospirosis.pdf	CD014960_antibiotics_leptospirosis	2.6	all_studies	Antibiotics versus another antibiotic	Antibiotics versus another antibiotic	antibiotics versus another antibiotic	Antibiotics	another antibiotic	antibiotics	another antibiotic	.	Serious adverse event (nosocomial infection) (doxycycline versus cefotaxime)	Risk Ratio	dichotomous	M-H	Fixed	CI-derived inverse-variance	fixed	log	1	0	0	0	0	1	.	.	.	1.01	0.15	7.02	.	.	.	.	not_reproducible	.	.	.	.	Cochrane method detected as M-H; reproduction uses CI-derived inverse-variance weights. No estimable study rows in this subset. Excluded non-computable rows: row 158: missing effect/CI
first_pass	Cochrane_reviews/first_pass/CD014960_antibiotics_leptospirosis.pdf	CD014960_antibiotics_leptospirosis	2.6	pmcid_only	Antibiotics versus another antibiotic	Antibiotics versus another antibiotic	antibiotics versus another antibiotic	Antibiotics	another antibiotic	antibiotics	another antibiotic	.	Serious adverse event (nosocomial infection) (doxycycline versus cefotaxime)	Risk Ratio	dichotomous	M-H	Fixed	CI-derived inverse-variance	fixed	log	1	0	0	0	0	1	.	.	.	1.01	0.15	7.02	.	.	.	.	not_reproducible	.	.	.	.	Cochrane method detected as M-H; reproduction uses CI-derived inverse-variance weights. No estimable study rows in this subset. Excluded non-computable rows: row 158: missing effect/CI
first_pass	Cochrane_reviews/first_pass/CD014960_antibiotics_leptospirosis.pdf	CD014960_antibiotics_leptospirosis	2.7	all_studies	Antibiotics versus another antibiotic	Antibiotics versus another antibiotic	antibiotics versus another antibiotic	Antibiotics	another antibiotic	antibiotics	another antibiotic	.	Proportion of people with adverse events considered non-serious (penicillin versus cefotaxime)	Risk Ratio	dichotomous	M-H	Fixed	CI-derived inverse-variance	fixed	log	1	0	0	0	0	1	.	.	.	3.03	0.13	73.47	.	.	.	.	not_reproducible	.	.	.	.	Cochrane method detected as M-H; reproduction uses CI-derived inverse-variance weights. No estimable study rows in this subset. Excluded non-computable rows: row 159: missing effect/CI
first_pass	Cochrane_reviews/first_pass/CD014960_antibiotics_leptospirosis.pdf	CD014960_antibiotics_leptospirosis	2.7	pmcid_only	Antibiotics versus another antibiotic	Antibiotics versus another antibiotic	antibiotics versus another antibiotic	Antibiotics	another antibiotic	antibiotics	another antibiotic	.	Proportion of people with adverse events considered non-serious (penicillin versus cefotaxime)	Risk Ratio	dichotomous	M-H	Fixed	CI-derived inverse-variance	fixed	log	1	0	0	0	0	1	.	.	.	3.03	0.13	73.47	.	.	.	.	not_reproducible	.	.	.	.	Cochrane method detected as M-H; reproduction uses CI-derived inverse-variance weights. No estimable study rows in this subset. Excluded non-computable rows: row 159: missing effect/CI
first_pass	Cochrane_reviews/first_pass/CD014960_antibiotics_leptospirosis.pdf	CD014960_antibiotics_leptospirosis	2.8	all_studies	Antibiotics versus another antibiotic	Antibiotics versus another antibiotic	antibiotics versus another antibiotic	Antibiotics	another antibiotic	antibiotics	another antibiotic	.	Proportion of people with adverse events considered non-serious (penicillin versus doxycycline)	Risk Ratio	dichotomous	M-H	Fixed	CI-derived inverse-variance	fixed	log	1	0	0	0	0	1	.	.	.	2.8	0.12	67.66	.	.	.	.	not_reproducible	.	.	.	.	Cochrane method detected as M-H; reproduction uses CI-derived inverse-variance weights. No estimable study rows in this subset. Excluded non-computable rows: row 160: missing effect/CI
first_pass	Cochrane_reviews/first_pass/CD014960_antibiotics_leptospirosis.pdf	CD014960_antibiotics_leptospirosis	2.8	pmcid_only	Antibiotics versus another antibiotic	Antibiotics versus another antibiotic	antibiotics versus another antibiotic	Antibiotics	another antibiotic	antibiotics	another antibiotic	.	Proportion of people with adverse events considered non-serious (penicillin versus doxycycline)	Risk Ratio	dichotomous	M-H	Fixed	CI-derived inverse-variance	fixed	log	1	0	0	0	0	1	.	.	.	2.8	0.12	67.66	.	.	.	.	not_reproducible	.	.	.	.	Cochrane method detected as M-H; reproduction uses CI-derived inverse-variance weights. No estimable study rows in this subset. Excluded non-computable rows: row 160: missing effect/CI
first_pass	Cochrane_reviews/first_pass/CD014960_antibiotics_leptospirosis.pdf	CD014960_antibiotics_leptospirosis	2.9	all_studies	Antibiotics versus another antibiotic	Antibiotics versus another antibiotic	antibiotics versus another antibiotic	Antibiotics	another antibiotic	antibiotics	another antibiotic	.	Proportion of people with adverse events considered non-serious (penicillin versus chloramphenicol)	Risk Ratio	dichotomous	M-H	Fixed	CI-derived inverse-variance	fixed	log	1	0	0	0	0	1	.	.	.	0.74	0.15	3.67	.	.	.	.	not_reproducible	.	.	.	.	Cochrane method detected as M-H; reproduction uses CI-derived inverse-variance weights. No estimable study rows in this subset. Excluded non-computable rows: row 161: missing effect/CI
first_pass	Cochrane_reviews/first_pass/CD014960_antibiotics_leptospirosis.pdf	CD014960_antibiotics_leptospirosis	2.9	pmcid_only	Antibiotics versus another antibiotic	Antibiotics versus another antibiotic	antibiotics versus another antibiotic	Antibiotics	another antibiotic	antibiotics	another antibiotic	.	Proportion of people with adverse events considered non-serious (penicillin versus chloramphenicol)	Risk Ratio	dichotomous	M-H	Fixed	CI-derived inverse-variance	fixed	log	1	0	0	0	0	1	.	.	.	0.74	0.15	3.67	.	.	.	.	not_reproducible	.	.	.	.	Cochrane method detected as M-H; reproduction uses CI-derived inverse-variance weights. No estimable study rows in this subset. Excluded non-computable rows: row 161: missing effect/CI
first_pass	Cochrane_reviews/first_pass/CD015040_rtms_ptsd.pdf	CD015040_rtms_ptsd	1.1	all_studies	PTSD symptom severity (immediately after treatment) - as measured by validated scale	PTSD symptom severity (immediately after treatment) - as measured by validated scale	ptsd symptom severity immediately after treatment as measured by validated scale	.	.	.	.	.	PTSD symptom severity: immediately after treatment, SMD (ITT, endpoint)	Std. Mean Difference	continuous	IV	Random	CI-derived inverse-variance	random	linear	3	3	3	2	1	0	-0.134544	-0.539305	0.270217	-0.14	-0.54	0.27	0.005456	0.000695	0.000217	0.998875	ci_iou_full	0	1.117721	2	0	.
first_pass	Cochrane_reviews/first_pass/CD015040_rtms_ptsd.pdf	CD015040_rtms_ptsd	1.1	pmcid_only	PTSD symptom severity (immediately after treatment) - as measured by validated scale	PTSD symptom severity (immediately after treatment) - as measured by validated scale	ptsd symptom severity immediately after treatment as measured by validated scale	.	.	.	.	.	PTSD symptom severity: immediately after treatment, SMD (ITT, endpoint)	Std. Mean Difference	continuous	IV	Random	CI-derived inverse-variance	random	linear	3	3	2	2	0	0	-0.026673	-0.47985	0.426504	-0.14	-0.54	0.27	0.113327	0.06015	0.156504	0.775837	ci_iou_high	0	0.041565	1	0	PMCID-only subset excludes rows without a matched PMCID.
first_pass	Cochrane_reviews/first_pass/CD015040_rtms_ptsd.pdf	CD015040_rtms_ptsd	1.2	all_studies	PTSD symptom severity (immediately after treatment) - as measured by validated scale	PTSD symptom severity (immediately after treatment) - as measured by validated scale	ptsd symptom severity immediately after treatment as measured by validated scale	.	.	.	.	.	PTSD symptom severity: immediately after treatment, SMD (ITT, endpoint; with data imputation)	Std. Mean Difference	continuous	IV	Random	CI-derived inverse-variance	random	linear	5	5	5	2	3	0	0.083034	-0.347253	0.513321	0.08	-0.35	0.51	0.003034	0.002747	0.003321	0.992972	ci_iou_full	0.108338	7.787256	4	48.634027	.
first_pass	Cochrane_reviews/first_pass/CD015040_rtms_ptsd.pdf	CD015040_rtms_ptsd	1.2	pmcid_only	PTSD symptom severity (immediately after treatment) - as measured by validated scale	PTSD symptom severity (immediately after treatment) - as measured by validated scale	ptsd symptom severity immediately after treatment as measured by validated scale	.	.	.	.	.	PTSD symptom severity: immediately after treatment, SMD (ITT, endpoint; with data imputation)	Std. Mean Difference	continuous	IV	Random	CI-derived inverse-variance	random	linear	5	5	2	2	0	0	-0.026673	-0.47985	0.426504	0.08	-0.35	0.51	0.106673	0.12985	0.083496	0.784466	ci_iou_high	0	0.041565	1	0	PMCID-only subset excludes rows without a matched PMCID.
first_pass	Cochrane_reviews/first_pass/CD015040_rtms_ptsd.pdf	CD015040_rtms_ptsd	1.3	all_studies	PTSD symptom severity (immediately after treatment) - as measured by validated scale	PTSD symptom severity (immediately after treatment) - as measured by validated scale	ptsd symptom severity immediately after treatment as measured by validated scale	.	.	.	.	.	PTSD symptom severity: change from baseline to immediately after treatment, SMD (ITT, with data imputation)	Std. Mean Difference	continuous	IV	Random	CI-derived inverse-variance	random	linear	6	6	6	2	4	0	-0.439946	-0.977092	0.097201	-0.44	-0.98	0.1	0.000054	0.002908	0.002799	0.994716	ci_iou_full	0.275784	15.78835	5	68.331079	.
first_pass	Cochrane_reviews/first_pass/CD015040_rtms_ptsd.pdf	CD015040_rtms_ptsd	1.3	pmcid_only	PTSD symptom severity (immediately after treatment) - as measured by validated scale	PTSD symptom severity (immediately after treatment) - as measured by validated scale	ptsd symptom severity immediately after treatment as measured by validated scale	.	.	.	.	.	PTSD symptom severity: change from baseline to immediately after treatment, SMD (ITT, with data imputation)	Std. Mean Difference	continuous	IV	Random	CI-derived inverse-variance	random	linear	6	6	2	2	0	0	-0.308231	-0.778206	0.161745	-0.44	-0.98	0.1	0.131769	0.201794	0.061745	0.769179	ci_iou_high	0.005616	1.045134	1	4.31847	PMCID-only subset excludes rows without a matched PMCID.
first_pass	Cochrane_reviews/first_pass/CD015040_rtms_ptsd.pdf	CD015040_rtms_ptsd	1.4	all_studies	PTSD symptom severity (immediately after treatment) - as measured by validated scale	PTSD symptom severity (immediately after treatment) - as measured by validated scale	ptsd symptom severity immediately after treatment as measured by validated scale	.	.	.	.	.	PTSD symptom severity: immediately after treatment, SMD (per-protocol, endpoint)	Std. Mean Difference	continuous	IV	Random	CI-derived inverse-variance	random	linear	3	3	3	1	2	0	-0.259705	-0.688758	0.169348	-0.26	-0.69	0.17	0.000295	0.001242	0.000652	0.997798	ci_iou_full	0	1.43949	2	0	.
first_pass	Cochrane_reviews/first_pass/CD015040_rtms_ptsd.pdf	CD015040_rtms_ptsd	1.4	pmcid_only	PTSD symptom severity (immediately after treatment) - as measured by validated scale	PTSD symptom severity (immediately after treatment) - as measured by validated scale	ptsd symptom severity immediately after treatment as measured by validated scale	.	.	.	.	.	PTSD symptom severity: immediately after treatment, SMD (per-protocol, endpoint)	Std. Mean Difference	continuous	IV	Random	CI-derived inverse-variance	random	linear	3	3	1	1	0	0	-0.03	-0.6	0.54	-0.26	-0.69	0.17	0.23	0.09	0.37	0.626016	ci_iou_moderate	0	0	0	0	PMCID-only subset excludes rows without a matched PMCID.
first_pass	Cochrane_reviews/first_pass/CD015040_rtms_ptsd.pdf	CD015040_rtms_ptsd	2.1	all_studies	PTSD symptom severity (change from baseline to immediately after treatment): subgroup analyses	PTSD symptom severity (change from baseline to immediately after treatment): subgroup analyses	ptsd symptom severity change from baseline to immediately after treatment subgroup analyses	.	.	.	.	.	Stimulation frequency: low versus high frequency	Std. Mean Difference	continuous	IV	Random	CI-derived inverse-variance	random	linear	6	6	6	2	4	0	-0.749253	-1.507911	0.009405	-0.43	-0.94	0.08	0.319253	0.567911	0.070595	0.597895	ci_iou_moderate	0.655981	23.790761	5	78.983438	.
first_pass	Cochrane_reviews/first_pass/CD015040_rtms_ptsd.pdf	CD015040_rtms_ptsd	2.1	pmcid_only	PTSD symptom severity (change from baseline to immediately after treatment): subgroup analyses	PTSD symptom severity (change from baseline to immediately after treatment): subgroup analyses	ptsd symptom severity change from baseline to immediately after treatment subgroup analyses	.	.	.	.	.	Stimulation frequency: low versus high frequency	Std. Mean Difference	continuous	IV	Random	CI-derived inverse-variance	random	linear	6	6	2	2	0	0	-0.177492	-1.287043	0.932059	-0.43	-0.94	0.08	0.252508	0.347043	0.852059	0.459645	ci_iou_low	0.47906	3.332446	1	69.992011	PMCID-only subset excludes rows without a matched PMCID.
first_pass	Cochrane_reviews/first_pass/CD015040_rtms_ptsd.pdf	CD015040_rtms_ptsd	2.2	all_studies	PTSD symptom severity (change from baseline to immediately after treatment): subgroup analyses	PTSD symptom severity (change from baseline to immediately after treatment): subgroup analyses	ptsd symptom severity change from baseline to immediately after treatment subgroup analyses	.	.	.	.	.	Combination treatment status: rTMS alone versus rTMS paired with exposure/psychotherapy	Std. Mean Difference	continuous	IV	Random	CI-derived inverse-variance	random	linear	6	6	6	2	4	0	-0.618865	-1.014666	-0.223064	-0.44	-0.98	0.1	0.178865	0.034666	0.323064	0.679069	ci_iou_moderate	0.05592	6.489377	5	22.950996	.
first_pass	Cochrane_reviews/first_pass/CD015040_rtms_ptsd.pdf	CD015040_rtms_ptsd	2.2	pmcid_only	PTSD symptom severity (change from baseline to immediately after treatment): subgroup analyses	PTSD symptom severity (change from baseline to immediately after treatment): subgroup analyses	ptsd symptom severity change from baseline to immediately after treatment subgroup analyses	.	.	.	.	.	Combination treatment status: rTMS alone versus rTMS paired with exposure/psychotherapy	Std. Mean Difference	continuous	IV	Random	CI-derived inverse-variance	random	linear	6	6	2	2	0	0	-0.308231	-0.778206	0.161745	-0.44	-0.98	0.1	0.131769	0.201794	0.061745	0.769179	ci_iou_high	0.005616	1.045134	1	4.31847	PMCID-only subset excludes rows without a matched PMCID.
first_pass	Cochrane_reviews/first_pass/CD015040_rtms_ptsd.pdf	CD015040_rtms_ptsd	3.1	all_studies	.	.	.	.	.	.	.	.	.	.	unclear	.	.	CI-derived inverse-variance	random	linear	1	0	0	0	0	1	.	.	.	.	.	.	.	.	.	.	not_reproducible	.	.	.	.	No model detected; defaulted to random inverse-variance pooling. No estimable study rows in this subset. Excluded non-computable rows: row 191: missing effect/CI
first_pass	Cochrane_reviews/first_pass/CD015040_rtms_ptsd.pdf	CD015040_rtms_ptsd	3.1	pmcid_only	.	.	.	.	.	.	.	.	.	.	unclear	.	.	CI-derived inverse-variance	random	linear	1	0	0	0	0	1	.	.	.	.	.	.	.	.	.	.	not_reproducible	.	.	.	.	No model detected; defaulted to random inverse-variance pooling. No estimable study rows in this subset. Excluded non-computable rows: row 191: missing effect/CI
first_pass	Cochrane_reviews/first_pass/CD015040_rtms_ptsd.pdf	CD015040_rtms_ptsd	4.1	all_studies	PTSD symptom severity (4 to 12 weeks after treatment) - as measured by validated scale	PTSD symptom severity (4 to 12 weeks after treatment) - as measured by validated scale	ptsd symptom severity 4 to 12 weeks after treatment as measured by validated scale	.	.	.	.	.	PTSD symptom severity: change from baseline to 4 to 12 weeks after treatment (ITT)	Mean Difference	continuous	IV	Random	CI-derived inverse-variance	random	linear	1	1	1	0	1	0	5.83	0.49	11.17	5.83	0.49	11.17	0	0	0	1	ci_iou_full	0	0	0	0	.
first_pass	Cochrane_reviews/first_pass/CD015040_rtms_ptsd.pdf	CD015040_rtms_ptsd	4.1	pmcid_only	PTSD symptom severity (4 to 12 weeks after treatment) - as measured by validated scale	PTSD symptom severity (4 to 12 weeks after treatment) - as measured by validated scale	ptsd symptom severity 4 to 12 weeks after treatment as measured by validated scale	.	.	.	.	.	PTSD symptom severity: change from baseline to 4 to 12 weeks after treatment (ITT)	Mean Difference	continuous	IV	Random	CI-derived inverse-variance	random	linear	1	1	0	0	0	0	.	.	.	5.83	0.49	11.17	.	.	.	.	not_reproducible	.	.	.	.	PMCID-only subset excludes rows without a matched PMCID. No estimable study rows in this subset.
first_pass	Cochrane_reviews/first_pass/CD015040_rtms_ptsd.pdf	CD015040_rtms_ptsd	5.1	all_studies	.	.	.	.	.	.	.	.	.	odds ratio	dichotomous	.	.	CI-derived inverse-variance	random	log	1	0	0	0	0	1	.	.	.	.	.	.	.	.	.	.	not_reproducible	.	.	.	.	No model detected; defaulted to random inverse-variance pooling. No estimable study rows in this subset. Excluded non-computable rows: row 193: missing effect/CI
first_pass	Cochrane_reviews/first_pass/CD015040_rtms_ptsd.pdf	CD015040_rtms_ptsd	5.1	pmcid_only	.	.	.	.	.	.	.	.	.	odds ratio	dichotomous	.	.	CI-derived inverse-variance	random	log	1	0	0	0	0	1	.	.	.	.	.	.	.	.	.	.	not_reproducible	.	.	.	.	No model detected; defaulted to random inverse-variance pooling. No estimable study rows in this subset. Excluded non-computable rows: row 193: missing effect/CI
first_pass	Cochrane_reviews/first_pass/CD015040_rtms_ptsd.pdf	CD015040_rtms_ptsd	6.1	all_studies	Depression severity (immediately after treatment) - as measured by validated scale	Depression severity (immediately after treatment) - as measured by validated scale	depression severity immediately after treatment as measured by validated scale	.	.	.	.	.	Depression severity: immediately after treatment, SMD (ITT, endpoint)	Std. Mean Difference	continuous	IV	Random	CI-derived inverse-variance	random	linear	3	3	3	2	1	0	-0.273015	-0.678665	0.132635	-0.27	-0.68	0.13	0.003015	0.001335	0.002635	0.995115	ci_iou_full	0	0.431997	2	0	.
first_pass	Cochrane_reviews/first_pass/CD015040_rtms_ptsd.pdf	CD015040_rtms_ptsd	6.1	pmcid_only	Depression severity (immediately after treatment) - as measured by validated scale	Depression severity (immediately after treatment) - as measured by validated scale	depression severity immediately after treatment as measured by validated scale	.	.	.	.	.	Depression severity: immediately after treatment, SMD (ITT, endpoint)	Std. Mean Difference	continuous	IV	Random	CI-derived inverse-variance	random	linear	3	3	2	2	0	0	-0.222087	-0.677164	0.23299	-0.27	-0.68	0.13	0.047913	0.002836	0.10299	0.884089	ci_iou_high	0	0.197791	1	0	PMCID-only subset excludes rows without a matched PMCID.
first_pass	Cochrane_reviews/first_pass/CD015040_rtms_ptsd.pdf	CD015040_rtms_ptsd	6.2	all_studies	Depression severity (immediately after treatment) - as measured by validated scale	Depression severity (immediately after treatment) - as measured by validated scale	depression severity immediately after treatment as measured by validated scale	.	.	.	.	.	Depression severity: immediately after treatment, SMD (ITT, endpoint, with data imputation)	Std. Mean Difference	continuous	IV	Random	CI-derived inverse-variance	random	linear	4	4	4	2	2	0	-0.041022	-0.394662	0.312618	-0.04	-0.4	0.32	0.001022	0.005338	0.007382	0.982334	ci_iou_high	0.040853	4.330292	3	30.720604	.
first_pass	Cochrane_reviews/first_pass/CD015040_rtms_ptsd.pdf	CD015040_rtms_ptsd	6.2	pmcid_only	Depression severity (immediately after treatment) - as measured by validated scale	Depression severity (immediately after treatment) - as measured by validated scale	depression severity immediately after treatment as measured by validated scale	.	.	.	.	.	Depression severity: immediately after treatment, SMD (ITT, endpoint, with data imputation)	Std. Mean Difference	continuous	IV	Random	CI-derived inverse-variance	random	linear	4	4	2	2	0	0	-0.222087	-0.677164	0.23299	-0.04	-0.4	0.32	0.182087	0.277164	0.08701	0.63479	ci_iou_moderate	0	0.197791	1	0	PMCID-only subset excludes rows without a matched PMCID.
first_pass	Cochrane_reviews/first_pass/CD015040_rtms_ptsd.pdf	CD015040_rtms_ptsd	6.3	all_studies	Depression severity (immediately after treatment) - as measured by validated scale	Depression severity (immediately after treatment) - as measured by validated scale	depression severity immediately after treatment as measured by validated scale	.	.	.	.	.	Depression severity: change from baseline to immediately after treatment, SMD (ITT, with data imputation)	Std. Mean Difference	continuous	IV	Random	CI-derived inverse-variance	random	linear	4	4	4	2	2	0	-0.440511	-1.051207	0.170184	-0.44	-1.05	0.17	0.000511	0.001207	0.000184	0.998861	ci_iou_full	0.272992	11.524339	3	73.968139	.
first_pass	Cochrane_reviews/first_pass/CD015040_rtms_ptsd.pdf	CD015040_rtms_ptsd	6.3	pmcid_only	Depression severity (immediately after treatment) - as measured by validated scale	Depression severity (immediately after treatment) - as measured by validated scale	depression severity immediately after treatment as measured by validated scale	.	.	.	.	.	Depression severity: change from baseline to immediately after treatment, SMD (ITT, with data imputation)	Std. Mean Difference	continuous	IV	Random	CI-derived inverse-variance	random	linear	4	4	2	2	0	0	-0.595279	-1.058682	-0.131876	-0.44	-1.05	0.17	0.155279	0.008682	0.301876	0.747243	ci_iou_moderate	0	0.208362	1	0	PMCID-only subset excludes rows without a matched PMCID.
first_pass	Cochrane_reviews/first_pass/CD015040_rtms_ptsd.pdf	CD015040_rtms_ptsd	7.1	all_studies	Anxiety severity (immediately after treatment) - as measured by validated scale	Anxiety severity (immediately after treatment) - as measured by validated scale	anxiety severity immediately after treatment as measured by validated scale	.	.	.	.	.	Anxiety severity: immediately after treatment, SMD (ITT, endpoint)	Std. Mean Difference	continuous	IV	Random	CI-derived inverse-variance	random	linear	2	2	2	1	1	0	-0.34373	-0.93455	0.247089	-0.34	-0.93	0.25	0.00373	0.00455	0.002911	0.993702	ci_iou_full	0	0.097925	1	0	.
first_pass	Cochrane_reviews/first_pass/CD015040_rtms_ptsd.pdf	CD015040_rtms_ptsd	7.1	pmcid_only	Anxiety severity (immediately after treatment) - as measured by validated scale	Anxiety severity (immediately after treatment) - as measured by validated scale	anxiety severity immediately after treatment as measured by validated scale	.	.	.	.	.	Anxiety severity: immediately after treatment, SMD (ITT, endpoint)	Std. Mean Difference	continuous	IV	Random	CI-derived inverse-variance	random	linear	2	2	1	1	0	0	-0.26	-1.05	0.53	-0.34	-0.93	0.25	0.08	0.12	0.28	0.746835	ci_iou_moderate	0	0	0	0	PMCID-only subset excludes rows without a matched PMCID.
first_pass	Cochrane_reviews/first_pass/CD015040_rtms_ptsd.pdf	CD015040_rtms_ptsd	7.2	all_studies	Anxiety severity (immediately after treatment) - as measured by validated scale	Anxiety severity (immediately after treatment) - as measured by validated scale	anxiety severity immediately after treatment as measured by validated scale	.	.	.	.	.	Anxiety severity: change from baseline to immediately after treatment, SMD (ITT, with data imputation)	Std. Mean Difference	continuous	IV	Random	CI-derived inverse-variance	random	linear	2	2	2	1	1	0	-0.507561	-1.306844	0.291722	-0.51	-1.31	0.3	0.002439	0.003156	0.008278	0.992899	ci_iou_full	0.140992	1.722262	1	41.93683	.
first_pass	Cochrane_reviews/first_pass/CD015040_rtms_ptsd.pdf	CD015040_rtms_ptsd	7.2	pmcid_only	Anxiety severity (immediately after treatment) - as measured by validated scale	Anxiety severity (immediately after treatment) - as measured by validated scale	anxiety severity immediately after treatment as measured by validated scale	.	.	.	.	.	Anxiety severity: change from baseline to immediately after treatment, SMD (ITT, with data imputation)	Std. Mean Difference	continuous	IV	Random	CI-derived inverse-variance	random	linear	2	2	1	1	0	0	-0.14	-0.925	0.645	-0.51	-1.31	0.3	0.37	0.385	0.345	0.626598	ci_iou_moderate	0	0	0	0	PMCID-only subset excludes rows without a matched PMCID.
first_pass	Cochrane_reviews/first_pass/CD015751_lubricating_drops_lens.pdf	CD015751_lubricating_drops_lens	1.1	all_studies	Lubricants versus no treatment	Lubricants versus no treatment	lubricants versus no intervention	Lubricants	no treatment	lubricants	no intervention	.	Contact lens discomfort	Mean Difference	continuous	IV	Random	CI-derived inverse-variance	random	linear	1	0	0	0	0	1	.	.	.	.	.	.	.	.	.	.	not_reproducible	.	.	.	.	No estimable study rows in this subset. Excluded non-computable rows: row 209: missing effect/CI
first_pass	Cochrane_reviews/first_pass/CD015751_lubricating_drops_lens.pdf	CD015751_lubricating_drops_lens	1.1	pmcid_only	Lubricants versus no treatment	Lubricants versus no treatment	lubricants versus no intervention	Lubricants	no treatment	lubricants	no intervention	.	Contact lens discomfort	Mean Difference	continuous	IV	Random	CI-derived inverse-variance	random	linear	1	0	0	0	0	1	.	.	.	.	.	.	.	.	.	.	not_reproducible	.	.	.	.	No estimable study rows in this subset. Excluded non-computable rows: row 209: missing effect/CI
first_pass	Cochrane_reviews/first_pass/CD015751_lubricating_drops_lens.pdf	CD015751_lubricating_drops_lens	1.2	all_studies	Lubricants versus no treatment	Lubricants versus no treatment	lubricants versus no intervention	Lubricants	no treatment	lubricants	no intervention	.	Corneal fluorescein staining	Mean Difference	continuous	.	.	CI-derived inverse-variance	random	linear	1	0	0	0	0	1	.	.	.	.	.	.	.	.	.	.	not_reproducible	.	.	.	.	No model detected; defaulted to random inverse-variance pooling. No estimable study rows in this subset. Excluded non-computable rows: row 210: missing effect/CI
first_pass	Cochrane_reviews/first_pass/CD015751_lubricating_drops_lens.pdf	CD015751_lubricating_drops_lens	1.2	pmcid_only	Lubricants versus no treatment	Lubricants versus no treatment	lubricants versus no intervention	Lubricants	no treatment	lubricants	no intervention	.	Corneal fluorescein staining	Mean Difference	continuous	.	.	CI-derived inverse-variance	random	linear	1	0	0	0	0	1	.	.	.	.	.	.	.	.	.	.	not_reproducible	.	.	.	.	No model detected; defaulted to random inverse-variance pooling. No estimable study rows in this subset. Excluded non-computable rows: row 210: missing effect/CI
first_pass	Cochrane_reviews/first_pass/CD015751_lubricating_drops_lens.pdf	CD015751_lubricating_drops_lens	1.3	all_studies	Lubricants versus no treatment	Lubricants versus no treatment	lubricants versus no intervention	Lubricants	no treatment	lubricants	no intervention	.	Conjunctival redness	Mean Difference	continuous	IV	Fixed	CI-derived inverse-variance	fixed	linear	1	0	0	0	0	1	.	.	.	.	.	.	.	.	.	.	not_reproducible	.	.	.	.	No estimable study rows in this subset. Excluded non-computable rows: row 211: missing effect/CI
first_pass	Cochrane_reviews/first_pass/CD015751_lubricating_drops_lens.pdf	CD015751_lubricating_drops_lens	1.3	pmcid_only	Lubricants versus no treatment	Lubricants versus no treatment	lubricants versus no intervention	Lubricants	no treatment	lubricants	no intervention	.	Conjunctival redness	Mean Difference	continuous	IV	Fixed	CI-derived inverse-variance	fixed	linear	1	0	0	0	0	1	.	.	.	.	.	.	.	.	.	.	not_reproducible	.	.	.	.	No estimable study rows in this subset. Excluded non-computable rows: row 211: missing effect/CI
first_pass	Cochrane_reviews/first_pass/CD015751_lubricating_drops_lens.pdf	CD015751_lubricating_drops_lens	1.4	all_studies	Lubricants versus no treatment	Lubricants versus no treatment	lubricants versus no intervention	Lubricants	no treatment	lubricants	no intervention	.	Participant discontinuation	Risk Ratio	dichotomous	M-H	Fixed	CI-derived inverse-variance	fixed	log	2	2	2	0	2	0	1.38683	0.177623	10.827957	1.42	0.19	10.94	0.03317	0.012377	0.112043	0.988439	ci_iou_high	0	0.115944	1	0	Cochrane method detected as M-H; reproduction uses CI-derived inverse-variance weights.
first_pass	Cochrane_reviews/first_pass/CD015751_lubricating_drops_lens.pdf	CD015751_lubricating_drops_lens	1.4	pmcid_only	Lubricants versus no treatment	Lubricants versus no treatment	lubricants versus no intervention	Lubricants	no treatment	lubricants	no intervention	.	Participant discontinuation	Risk Ratio	dichotomous	M-H	Fixed	CI-derived inverse-variance	fixed	log	2	2	0	0	0	0	.	.	.	1.42	0.19	10.94	.	.	.	.	not_reproducible	.	.	.	.	Cochrane method detected as M-H; reproduction uses CI-derived inverse-variance weights. PMCID-only subset excludes rows without a matched PMCID. No estimable study rows in this subset.
first_pass	Cochrane_reviews/first_pass/CD015751_lubricating_drops_lens.pdf	CD015751_lubricating_drops_lens	1.5	all_studies	Lubricants versus no treatment	Lubricants versus no treatment	lubricants versus no intervention	Lubricants	no treatment	lubricants	no intervention	.	Comfortable lens wear time (hours)	Mean Difference	continuous	IV	Random	CI-derived inverse-variance	random	linear	1	1	1	0	1	0	1.28	-1.45	4.01	2.41	0.84	3.97	1.13	2.29	0.04	0.57326	ci_iou_moderate	0	0	0	0	.
first_pass	Cochrane_reviews/first_pass/CD015751_lubricating_drops_lens.pdf	CD015751_lubricating_drops_lens	1.5	pmcid_only	Lubricants versus no treatment	Lubricants versus no treatment	lubricants versus no intervention	Lubricants	no treatment	lubricants	no intervention	.	Comfortable lens wear time (hours)	Mean Difference	continuous	IV	Random	CI-derived inverse-variance	random	linear	1	1	0	0	0	0	.	.	.	2.41	0.84	3.97	.	.	.	.	not_reproducible	.	.	.	.	PMCID-only subset excludes rows without a matched PMCID. No estimable study rows in this subset.
first_pass	Cochrane_reviews/first_pass/CD015751_lubricating_drops_lens.pdf	CD015751_lubricating_drops_lens	1.6	all_studies	Lubricants versus no treatment	Lubricants versus no treatment	lubricants versus no intervention	Lubricants	no treatment	lubricants	no intervention	.	Other dry eye symptoms	Mean Difference	continuous	IV	Random	CI-derived inverse-variance	random	linear	1	0	0	0	0	1	.	.	.	.	.	.	.	.	.	.	not_reproducible	.	.	.	.	No estimable study rows in this subset. Excluded non-computable rows: row 215: missing effect/CI
first_pass	Cochrane_reviews/first_pass/CD015751_lubricating_drops_lens.pdf	CD015751_lubricating_drops_lens	1.6	pmcid_only	Lubricants versus no treatment	Lubricants versus no treatment	lubricants versus no intervention	Lubricants	no treatment	lubricants	no intervention	.	Other dry eye symptoms	Mean Difference	continuous	IV	Random	CI-derived inverse-variance	random	linear	1	0	0	0	0	1	.	.	.	.	.	.	.	.	.	.	not_reproducible	.	.	.	.	No estimable study rows in this subset. Excluded non-computable rows: row 215: missing effect/CI
first_pass	Cochrane_reviews/first_pass/CD015751_lubricating_drops_lens.pdf	CD015751_lubricating_drops_lens	2.1	all_studies	Lubricants versus saline	Lubricants versus saline	lubricants versus saline	Lubricants	saline	lubricants	saline	.	Contact lens discomfort	Mean Difference	continuous	IV	Fixed	CI-derived inverse-variance	fixed	linear	1	0	0	0	0	1	.	.	.	.	.	.	.	.	.	.	not_reproducible	.	.	.	.	No estimable study rows in this subset. Excluded non-computable rows: row 216: missing effect/CI
first_pass	Cochrane_reviews/first_pass/CD015751_lubricating_drops_lens.pdf	CD015751_lubricating_drops_lens	2.1	pmcid_only	Lubricants versus saline	Lubricants versus saline	lubricants versus saline	Lubricants	saline	lubricants	saline	.	Contact lens discomfort	Mean Difference	continuous	IV	Fixed	CI-derived inverse-variance	fixed	linear	1	0	0	0	0	1	.	.	.	.	.	.	.	.	.	.	not_reproducible	.	.	.	.	No estimable study rows in this subset. Excluded non-computable rows: row 216: missing effect/CI
first_pass	Cochrane_reviews/first_pass/CD015751_lubricating_drops_lens.pdf	CD015751_lubricating_drops_lens	2.2	all_studies	Lubricants versus saline	Lubricants versus saline	lubricants versus saline	Lubricants	saline	lubricants	saline	.	Participant discontinuation	Risk Ratio	dichotomous	M-H	Random	CI-derived inverse-variance	random	log	3	3	3	0	3	0	1.556268	0.472802	5.122587	1.56	0.47	5.12	0.003732	0.002802	0.002587	0.998842	ci_iou_full	0	0.170435	2	0	Cochrane method detected as M-H; reproduction uses CI-derived inverse-variance weights.
first_pass	Cochrane_reviews/first_pass/CD015751_lubricating_drops_lens.pdf	CD015751_lubricating_drops_lens	2.2	pmcid_only	Lubricants versus saline	Lubricants versus saline	lubricants versus saline	Lubricants	saline	lubricants	saline	.	Participant discontinuation	Risk Ratio	dichotomous	M-H	Random	CI-derived inverse-variance	random	log	3	3	0	0	0	0	.	.	.	1.56	0.47	5.12	.	.	.	.	not_reproducible	.	.	.	.	Cochrane method detected as M-H; reproduction uses CI-derived inverse-variance weights. PMCID-only subset excludes rows without a matched PMCID. No estimable study rows in this subset.
first_pass	Cochrane_reviews/first_pass/CD015751_lubricating_drops_lens.pdf	CD015751_lubricating_drops_lens	2.3	all_studies	Lubricants versus saline	Lubricants versus saline	lubricants versus saline	Lubricants	saline	lubricants	saline	.	Comfortable lens wear time (hours)	Mean Difference	continuous	IV	Fixed	CI-derived inverse-variance	fixed	linear	2	2	2	0	2	0	0.691878	-0.192278	1.576034	0.69	-0.19	1.58	0.001878	0.002278	0.003966	0.996477	ci_iou_full	0	1.850863	1	45.97115	.
first_pass	Cochrane_reviews/first_pass/CD015751_lubricating_drops_lens.pdf	CD015751_lubricating_drops_lens	2.3	pmcid_only	Lubricants versus saline	Lubricants versus saline	lubricants versus saline	Lubricants	saline	lubricants	saline	.	Comfortable lens wear time (hours)	Mean Difference	continuous	IV	Fixed	CI-derived inverse-variance	fixed	linear	2	2	0	0	0	0	.	.	.	0.69	-0.19	1.58	.	.	.	.	not_reproducible	.	.	.	.	PMCID-only subset excludes rows without a matched PMCID. No estimable study rows in this subset.
