review_group	review_pdf	review_id	analysis_id	comparison_id	comparison	comparison_label_clean	outcome	study_order	study_label_raw	matched_reference_block_label	study_matched_pmids	study_pmcids	rob_A	rob_B	rob_C	rob_D	rob_E	rob_F	rob_G	rob_H	rob_I	rob_J	rob_symbols_json	rob_legend_json	rob_extraction_status	rob_extraction_notes	source_excerpt
first_pass	Cochrane_reviews/first_pass/CD004508_early_feeding_gyn_surgery.pdf	CD004508_early_feeding_gyn_surgery	1.1	1	Early versus delayed oral fluids and food after major abdominal gynaecologic surgery	Early versus delayed oral fluids and food after major abdominal gynaecologic surgery	Postoperative ileus	1	MacMillan 2000	MacMillan 2000	11004367	.	+	?	-	-	+	?	.	.	.	.	"{""A"": ""+"", ""B"": ""?"", ""C"": ""-"", ""D"": ""-"", ""E"": ""+"", ""F"": ""?""}"	"{""A"": ""Random sequence generation (selection bias)"", ""B"": ""Allocation concealment (selection bias)"", ""C"": ""Blinding of participants and personnel (performance bias)"", ""D"": ""Blinding of outcome assessment (detection bias)"", ""E"": ""Incomplete outcome data (attrition bias)"", ""F"": ""Selective reporting (reporting bias)""}"	extracted	.	A + + + +B ? + + -C - - - -D - ? ? +E + + + +F ? + + ? Risk of bias legend (A) Random sequence generation (selection bias) (B) Allocation concealment (selection bias) (C) Blinding of participants and personnel (performance bias) (D) Blinding of outcome assessment (detection bias) (E) Incomplete outcome data (attrition bias) (F) Selective reporting (reporting bias)
first_pass	Cochrane_reviews/first_pass/CD004508_early_feeding_gyn_surgery.pdf	CD004508_early_feeding_gyn_surgery	1.1	1	Early versus delayed oral fluids and food after major abdominal gynaecologic surgery	Early versus delayed oral fluids and food after major abdominal gynaecologic surgery	Postoperative ileus	2	Minig 2009a	Minig 2009a	19330379	.	+	+	-	?	+	+	.	.	.	.	"{""A"": ""+"", ""B"": ""+"", ""C"": ""-"", ""D"": ""?"", ""E"": ""+"", ""F"": ""+""}"	"{""A"": ""Random sequence generation (selection bias)"", ""B"": ""Allocation concealment (selection bias)"", ""C"": ""Blinding of participants and personnel (performance bias)"", ""D"": ""Blinding of outcome assessment (detection bias)"", ""E"": ""Incomplete outcome data (attrition bias)"", ""F"": ""Selective reporting (reporting bias)""}"	extracted	.	A + + + +B ? + + -C - - - -D - ? ? +E + + + +F ? + + ? Risk of bias legend (A) Random sequence generation (selection bias) (B) Allocation concealment (selection bias) (C) Blinding of participants and personnel (performance bias) (D) Blinding of outcome assessment (detection bias) (E) Incomplete outcome data (attrition bias) (F) Selective reporting (reporting bias)
first_pass	Cochrane_reviews/first_pass/CD004508_early_feeding_gyn_surgery.pdf	CD004508_early_feeding_gyn_surgery	1.1	1	Early versus delayed oral fluids and food after major abdominal gynaecologic surgery	Early versus delayed oral fluids and food after major abdominal gynaecologic surgery	Postoperative ileus	3	Minig 2009b	Minig 2009b	19760046	.	+	+	-	?	+	+	.	.	.	.	"{""A"": ""+"", ""B"": ""+"", ""C"": ""-"", ""D"": ""?"", ""E"": ""+"", ""F"": ""+""}"	"{""A"": ""Random sequence generation (selection bias)"", ""B"": ""Allocation concealment (selection bias)"", ""C"": ""Blinding of participants and personnel (performance bias)"", ""D"": ""Blinding of outcome assessment (detection bias)"", ""E"": ""Incomplete outcome data (attrition bias)"", ""F"": ""Selective reporting (reporting bias)""}"	extracted	.	A + + + +B ? + + -C - - - -D - ? ? +E + + + +F ? + + ? Risk of bias legend (A) Random sequence generation (selection bias) (B) Allocation concealment (selection bias) (C) Blinding of participants and personnel (performance bias) (D) Blinding of outcome assessment (detection bias) (E) Incomplete outcome data (attrition bias) (F) Selective reporting (reporting bias)
first_pass	Cochrane_reviews/first_pass/CD004508_early_feeding_gyn_surgery.pdf	CD004508_early_feeding_gyn_surgery	1.1	1	Early versus delayed oral fluids and food after major abdominal gynaecologic surgery	Early versus delayed oral fluids and food after major abdominal gynaecologic surgery	Postoperative ileus	4	Steed 2002	Steed 2002	12015496	.	+	-	-	+	+	?	.	.	.	.	"{""A"": ""+"", ""B"": ""-"", ""C"": ""-"", ""D"": ""+"", ""E"": ""+"", ""F"": ""?""}"	"{""A"": ""Random sequence generation (selection bias)"", ""B"": ""Allocation concealment (selection bias)"", ""C"": ""Blinding of participants and personnel (performance bias)"", ""D"": ""Blinding of outcome assessment (detection bias)"", ""E"": ""Incomplete outcome data (attrition bias)"", ""F"": ""Selective reporting (reporting bias)""}"	extracted	.	A + + + +B ? + + -C - - - -D - ? ? +E + + + +F ? + + ? Risk of bias legend (A) Random sequence generation (selection bias) (B) Allocation concealment (selection bias) (C) Blinding of participants and personnel (performance bias) (D) Blinding of outcome assessment (detection bias) (E) Incomplete outcome data (attrition bias) (F) Selective reporting (reporting bias)
first_pass	Cochrane_reviews/first_pass/CD004508_early_feeding_gyn_surgery.pdf	CD004508_early_feeding_gyn_surgery	1.2	1	Early versus delayed oral fluids and food after major abdominal gynaecologic surgery	Early versus delayed oral fluids and food after major abdominal gynaecologic surgery	Nausea or vomiting, or both (random-effects model)	1	Amatyakul 2001	Amatyakul 2001	.	.	+	+	-	?	+	?	.	.	.	.	"{""A"": ""+"", ""B"": ""+"", ""C"": ""-"", ""D"": ""?"", ""E"": ""+"", ""F"": ""?""}"	"{""A"": ""Random sequence generation (selection bias)"", ""B"": ""Allocation concealment (selection bias)"", ""C"": ""Blinding of participants and personnel (performance bias)"", ""D"": ""Blinding of outcome assessment (detection bias)"", ""E"": ""Incomplete outcome data (attrition bias)"", ""F"": ""Selective reporting (reporting bias) Early versus delayed oral feeding after major gynaecologic surgery (Review) Copyright \u00a9 2024 The Cochrane Collaboration. Published by John Wiley & Sons, Ltd.34 Cochrane LibraryTrusted evidence. Informed decisions. Better health. Cochrane Database of Systematic Reviews""}"	extracted	.	A + + + + + +B + + ? + + +C - - - - - -D ? ? - ? ? ?E + + + + + +F ? ? ? + + ? Risk of bias legend (A) Random sequence generation (selection bias) (B) Allocation concealment (selection bias) (C) Blinding of participants and personnel (performance bias) (D) Blinding of outcome assessment (detection bias) (E) Incomplete outcome data (attrition bias) (F) Selective reporting (reporting bias) Early versus delayed oral feeding after major gynaecologic surgery (Review) Copyright © 2024 The Cochrane Collaboration. Published by John Wiley & Sons, Ltd.34 Cochrane LibraryTrusted evidence. Informed decisions. Better health. Cochrane Database of Systematic Reviews
first_pass	Cochrane_reviews/first_pass/CD004508_early_feeding_gyn_surgery.pdf	CD004508_early_feeding_gyn_surgery	1.2	1	Early versus delayed oral fluids and food after major abdominal gynaecologic surgery	Early versus delayed oral fluids and food after major abdominal gynaecologic surgery	Nausea or vomiting, or both (random-effects model)	2	Balayla 2015	Balayla 2015	.	.	+	+	-	?	+	?	.	.	.	.	"{""A"": ""+"", ""B"": ""+"", ""C"": ""-"", ""D"": ""?"", ""E"": ""+"", ""F"": ""?""}"	"{""A"": ""Random sequence generation (selection bias)"", ""B"": ""Allocation concealment (selection bias)"", ""C"": ""Blinding of participants and personnel (performance bias)"", ""D"": ""Blinding of outcome assessment (detection bias)"", ""E"": ""Incomplete outcome data (attrition bias)"", ""F"": ""Selective reporting (reporting bias) Early versus delayed oral feeding after major gynaecologic surgery (Review) Copyright \u00a9 2024 The Cochrane Collaboration. Published by John Wiley & Sons, Ltd.34 Cochrane LibraryTrusted evidence. Informed decisions. Better health. Cochrane Database of Systematic Reviews""}"	extracted	.	A + + + + + +B + + ? + + +C - - - - - -D ? ? - ? ? ?E + + + + + +F ? ? ? + + ? Risk of bias legend (A) Random sequence generation (selection bias) (B) Allocation concealment (selection bias) (C) Blinding of participants and personnel (performance bias) (D) Blinding of outcome assessment (detection bias) (E) Incomplete outcome data (attrition bias) (F) Selective reporting (reporting bias) Early versus delayed oral feeding after major gynaecologic surgery (Review) Copyright © 2024 The Cochrane Collaboration. Published by John Wiley & Sons, Ltd.34 Cochrane LibraryTrusted evidence. Informed decisions. Better health. Cochrane Database of Systematic Reviews
first_pass	Cochrane_reviews/first_pass/CD004508_early_feeding_gyn_surgery.pdf	CD004508_early_feeding_gyn_surgery	1.2	1	Early versus delayed oral fluids and food after major abdominal gynaecologic surgery	Early versus delayed oral fluids and food after major abdominal gynaecologic surgery	Nausea or vomiting, or both (random-effects model)	3	MacMillan 2000	MacMillan 2000	11004367	.	+	?	-	-	+	?	.	.	.	.	"{""A"": ""+"", ""B"": ""?"", ""C"": ""-"", ""D"": ""-"", ""E"": ""+"", ""F"": ""?""}"	"{""A"": ""Random sequence generation (selection bias)"", ""B"": ""Allocation concealment (selection bias)"", ""C"": ""Blinding of participants and personnel (performance bias)"", ""D"": ""Blinding of outcome assessment (detection bias)"", ""E"": ""Incomplete outcome data (attrition bias)"", ""F"": ""Selective reporting (reporting bias) Early versus delayed oral feeding after major gynaecologic surgery (Review) Copyright \u00a9 2024 The Cochrane Collaboration. Published by John Wiley & Sons, Ltd.34 Cochrane LibraryTrusted evidence. Informed decisions. Better health. Cochrane Database of Systematic Reviews""}"	extracted	.	A + + + + + +B + + ? + + +C - - - - - -D ? ? - ? ? ?E + + + + + +F ? ? ? + + ? Risk of bias legend (A) Random sequence generation (selection bias) (B) Allocation concealment (selection bias) (C) Blinding of participants and personnel (performance bias) (D) Blinding of outcome assessment (detection bias) (E) Incomplete outcome data (attrition bias) (F) Selective reporting (reporting bias) Early versus delayed oral feeding after major gynaecologic surgery (Review) Copyright © 2024 The Cochrane Collaboration. Published by John Wiley & Sons, Ltd.34 Cochrane LibraryTrusted evidence. Informed decisions. Better health. Cochrane Database of Systematic Reviews
first_pass	Cochrane_reviews/first_pass/CD004508_early_feeding_gyn_surgery.pdf	CD004508_early_feeding_gyn_surgery	1.2	1	Early versus delayed oral fluids and food after major abdominal gynaecologic surgery	Early versus delayed oral fluids and food after major abdominal gynaecologic surgery	Nausea or vomiting, or both (random-effects model)	4	Minig 2009a	Minig 2009a	19330379	.	+	+	-	?	+	+	.	.	.	.	"{""A"": ""+"", ""B"": ""+"", ""C"": ""-"", ""D"": ""?"", ""E"": ""+"", ""F"": ""+""}"	"{""A"": ""Random sequence generation (selection bias)"", ""B"": ""Allocation concealment (selection bias)"", ""C"": ""Blinding of participants and personnel (performance bias)"", ""D"": ""Blinding of outcome assessment (detection bias)"", ""E"": ""Incomplete outcome data (attrition bias)"", ""F"": ""Selective reporting (reporting bias) Early versus delayed oral feeding after major gynaecologic surgery (Review) Copyright \u00a9 2024 The Cochrane Collaboration. Published by John Wiley & Sons, Ltd.34 Cochrane LibraryTrusted evidence. Informed decisions. Better health. Cochrane Database of Systematic Reviews""}"	extracted	.	A + + + + + +B + + ? + + +C - - - - - -D ? ? - ? ? ?E + + + + + +F ? ? ? + + ? Risk of bias legend (A) Random sequence generation (selection bias) (B) Allocation concealment (selection bias) (C) Blinding of participants and personnel (performance bias) (D) Blinding of outcome assessment (detection bias) (E) Incomplete outcome data (attrition bias) (F) Selective reporting (reporting bias) Early versus delayed oral feeding after major gynaecologic surgery (Review) Copyright © 2024 The Cochrane Collaboration. Published by John Wiley & Sons, Ltd.34 Cochrane LibraryTrusted evidence. Informed decisions. Better health. Cochrane Database of Systematic Reviews
first_pass	Cochrane_reviews/first_pass/CD004508_early_feeding_gyn_surgery.pdf	CD004508_early_feeding_gyn_surgery	1.2	1	Early versus delayed oral fluids and food after major abdominal gynaecologic surgery	Early versus delayed oral fluids and food after major abdominal gynaecologic surgery	Nausea or vomiting, or both (random-effects model)	5	Minig 2009b	Minig 2009b	19760046	.	+	+	-	?	+	+	.	.	.	.	"{""A"": ""+"", ""B"": ""+"", ""C"": ""-"", ""D"": ""?"", ""E"": ""+"", ""F"": ""+""}"	"{""A"": ""Random sequence generation (selection bias)"", ""B"": ""Allocation concealment (selection bias)"", ""C"": ""Blinding of participants and personnel (performance bias)"", ""D"": ""Blinding of outcome assessment (detection bias)"", ""E"": ""Incomplete outcome data (attrition bias)"", ""F"": ""Selective reporting (reporting bias) Early versus delayed oral feeding after major gynaecologic surgery (Review) Copyright \u00a9 2024 The Cochrane Collaboration. Published by John Wiley & Sons, Ltd.34 Cochrane LibraryTrusted evidence. Informed decisions. Better health. Cochrane Database of Systematic Reviews""}"	extracted	.	A + + + + + +B + + ? + + +C - - - - - -D ? ? - ? ? ?E + + + + + +F ? ? ? + + ? Risk of bias legend (A) Random sequence generation (selection bias) (B) Allocation concealment (selection bias) (C) Blinding of participants and personnel (performance bias) (D) Blinding of outcome assessment (detection bias) (E) Incomplete outcome data (attrition bias) (F) Selective reporting (reporting bias) Early versus delayed oral feeding after major gynaecologic surgery (Review) Copyright © 2024 The Cochrane Collaboration. Published by John Wiley & Sons, Ltd.34 Cochrane LibraryTrusted evidence. Informed decisions. Better health. Cochrane Database of Systematic Reviews
first_pass	Cochrane_reviews/first_pass/CD004508_early_feeding_gyn_surgery.pdf	CD004508_early_feeding_gyn_surgery	1.2	1	Early versus delayed oral fluids and food after major abdominal gynaecologic surgery	Early versus delayed oral fluids and food after major abdominal gynaecologic surgery	Nausea or vomiting, or both (random-effects model)	6	Pearl 1998	Pearl 1998	9649101	.	+	+	-	?	+	?	.	.	.	.	"{""A"": ""+"", ""B"": ""+"", ""C"": ""-"", ""D"": ""?"", ""E"": ""+"", ""F"": ""?""}"	"{""A"": ""Random sequence generation (selection bias)"", ""B"": ""Allocation concealment (selection bias)"", ""C"": ""Blinding of participants and personnel (performance bias)"", ""D"": ""Blinding of outcome assessment (detection bias)"", ""E"": ""Incomplete outcome data (attrition bias)"", ""F"": ""Selective reporting (reporting bias) Early versus delayed oral feeding after major gynaecologic surgery (Review) Copyright \u00a9 2024 The Cochrane Collaboration. Published by John Wiley & Sons, Ltd.34 Cochrane LibraryTrusted evidence. Informed decisions. Better health. Cochrane Database of Systematic Reviews""}"	extracted	.	A + + + + + +B + + ? + + +C - - - - - -D ? ? - ? ? ?E + + + + + +F ? ? ? + + ? Risk of bias legend (A) Random sequence generation (selection bias) (B) Allocation concealment (selection bias) (C) Blinding of participants and personnel (performance bias) (D) Blinding of outcome assessment (detection bias) (E) Incomplete outcome data (attrition bias) (F) Selective reporting (reporting bias) Early versus delayed oral feeding after major gynaecologic surgery (Review) Copyright © 2024 The Cochrane Collaboration. Published by John Wiley & Sons, Ltd.34 Cochrane LibraryTrusted evidence. Informed decisions. Better health. Cochrane Database of Systematic Reviews
first_pass	Cochrane_reviews/first_pass/CD004508_early_feeding_gyn_surgery.pdf	CD004508_early_feeding_gyn_surgery	1.3	1	Early versus delayed oral fluids and food after major abdominal gynaecologic surgery	Early versus delayed oral fluids and food after major abdominal gynaecologic surgery	Nausea (random-effects model)	1	Balayla 2015	Balayla 2015	.	.	+	+	-	?	+	?	.	.	.	.	"{""A"": ""+"", ""B"": ""+"", ""C"": ""-"", ""D"": ""?"", ""E"": ""+"", ""F"": ""?""}"	"{""A"": ""Random sequence generation (selection bias)"", ""B"": ""Allocation concealment (selection bias)"", ""C"": ""Blinding of participants and personnel (performance bias)"", ""D"": ""Blinding of outcome assessment (detection bias)"", ""E"": ""Incomplete outcome data (attrition bias)"", ""F"": ""Selective reporting (reporting bias)""}"	extracted	.	A + + +B + ? +C - - -D ? - ?E + + +F ? ? ? Risk of bias legend (A) Random sequence generation (selection bias) (B) Allocation concealment (selection bias) (C) Blinding of participants and personnel (performance bias) (D) Blinding of outcome assessment (detection bias) (E) Incomplete outcome data (attrition bias) (F) Selective reporting (reporting bias)
first_pass	Cochrane_reviews/first_pass/CD004508_early_feeding_gyn_surgery.pdf	CD004508_early_feeding_gyn_surgery	1.3	1	Early versus delayed oral fluids and food after major abdominal gynaecologic surgery	Early versus delayed oral fluids and food after major abdominal gynaecologic surgery	Nausea (random-effects model)	2	MacMillan 2000	MacMillan 2000	11004367	.	+	?	-	-	+	?	.	.	.	.	"{""A"": ""+"", ""B"": ""?"", ""C"": ""-"", ""D"": ""-"", ""E"": ""+"", ""F"": ""?""}"	"{""A"": ""Random sequence generation (selection bias)"", ""B"": ""Allocation concealment (selection bias)"", ""C"": ""Blinding of participants and personnel (performance bias)"", ""D"": ""Blinding of outcome assessment (detection bias)"", ""E"": ""Incomplete outcome data (attrition bias)"", ""F"": ""Selective reporting (reporting bias)""}"	extracted	.	A + + +B + ? +C - - -D ? - ?E + + +F ? ? ? Risk of bias legend (A) Random sequence generation (selection bias) (B) Allocation concealment (selection bias) (C) Blinding of participants and personnel (performance bias) (D) Blinding of outcome assessment (detection bias) (E) Incomplete outcome data (attrition bias) (F) Selective reporting (reporting bias)
first_pass	Cochrane_reviews/first_pass/CD004508_early_feeding_gyn_surgery.pdf	CD004508_early_feeding_gyn_surgery	1.3	1	Early versus delayed oral fluids and food after major abdominal gynaecologic surgery	Early versus delayed oral fluids and food after major abdominal gynaecologic surgery	Nausea (random-effects model)	3	Pearl 1998	Pearl 1998	9649101	.	+	+	-	?	+	?	.	.	.	.	"{""A"": ""+"", ""B"": ""+"", ""C"": ""-"", ""D"": ""?"", ""E"": ""+"", ""F"": ""?""}"	"{""A"": ""Random sequence generation (selection bias)"", ""B"": ""Allocation concealment (selection bias)"", ""C"": ""Blinding of participants and personnel (performance bias)"", ""D"": ""Blinding of outcome assessment (detection bias)"", ""E"": ""Incomplete outcome data (attrition bias)"", ""F"": ""Selective reporting (reporting bias)""}"	extracted	.	A + + +B + ? +C - - -D ? - ?E + + +F ? ? ? Risk of bias legend (A) Random sequence generation (selection bias) (B) Allocation concealment (selection bias) (C) Blinding of participants and personnel (performance bias) (D) Blinding of outcome assessment (detection bias) (E) Incomplete outcome data (attrition bias) (F) Selective reporting (reporting bias)
first_pass	Cochrane_reviews/first_pass/CD004508_early_feeding_gyn_surgery.pdf	CD004508_early_feeding_gyn_surgery	1.4	1	Early versus delayed oral fluids and food after major abdominal gynaecologic surgery	Early versus delayed oral fluids and food after major abdominal gynaecologic surgery	Vomiting	1	Amatyakul 2001	Amatyakul 2001	.	.	+	+	-	?	+	?	.	.	.	.	"{""A"": ""+"", ""B"": ""+"", ""C"": ""-"", ""D"": ""?"", ""E"": ""+"", ""F"": ""?""}"	"{""A"": ""Random sequence generation (selection bias)"", ""B"": ""Allocation concealment (selection bias)"", ""C"": ""Blinding of participants and personnel (performance bias)"", ""D"": ""Blinding of outcome assessment (detection bias)"", ""E"": ""Incomplete outcome data (attrition bias)"", ""F"": ""Selective reporting (reporting bias) Early versus delayed oral feeding after major gynaecologic surgery (Review) Copyright \u00a9 2024 The Cochrane Collaboration. Published by John Wiley & Sons, Ltd.35 Cochrane LibraryTrusted evidence. Informed decisions. Better health. Cochrane Database of Systematic Reviews""}"	extracted	.	A + + + +B + + ? +C - - - -D ? ? - ?E + + + +F ? ? ? ? Risk of bias legend (A) Random sequence generation (selection bias) (B) Allocation concealment (selection bias) (C) Blinding of participants and personnel (performance bias) (D) Blinding of outcome assessment (detection bias) (E) Incomplete outcome data (attrition bias) (F) Selective reporting (reporting bias) Early versus delayed oral feeding after major gynaecologic surgery (Review) Copyright © 2024 The Cochrane Collaboration. Published by John Wiley & Sons, Ltd.35 Cochrane LibraryTrusted evidence. Informed decisions. Better health. Cochrane Database of Systematic Reviews
first_pass	Cochrane_reviews/first_pass/CD004508_early_feeding_gyn_surgery.pdf	CD004508_early_feeding_gyn_surgery	1.4	1	Early versus delayed oral fluids and food after major abdominal gynaecologic surgery	Early versus delayed oral fluids and food after major abdominal gynaecologic surgery	Vomiting	2	Balayla 2015	Balayla 2015	.	.	+	+	-	?	+	?	.	.	.	.	"{""A"": ""+"", ""B"": ""+"", ""C"": ""-"", ""D"": ""?"", ""E"": ""+"", ""F"": ""?""}"	"{""A"": ""Random sequence generation (selection bias)"", ""B"": ""Allocation concealment (selection bias)"", ""C"": ""Blinding of participants and personnel (performance bias)"", ""D"": ""Blinding of outcome assessment (detection bias)"", ""E"": ""Incomplete outcome data (attrition bias)"", ""F"": ""Selective reporting (reporting bias) Early versus delayed oral feeding after major gynaecologic surgery (Review) Copyright \u00a9 2024 The Cochrane Collaboration. Published by John Wiley & Sons, Ltd.35 Cochrane LibraryTrusted evidence. Informed decisions. Better health. Cochrane Database of Systematic Reviews""}"	extracted	.	A + + + +B + + ? +C - - - -D ? ? - ?E + + + +F ? ? ? ? Risk of bias legend (A) Random sequence generation (selection bias) (B) Allocation concealment (selection bias) (C) Blinding of participants and personnel (performance bias) (D) Blinding of outcome assessment (detection bias) (E) Incomplete outcome data (attrition bias) (F) Selective reporting (reporting bias) Early versus delayed oral feeding after major gynaecologic surgery (Review) Copyright © 2024 The Cochrane Collaboration. Published by John Wiley & Sons, Ltd.35 Cochrane LibraryTrusted evidence. Informed decisions. Better health. Cochrane Database of Systematic Reviews
first_pass	Cochrane_reviews/first_pass/CD004508_early_feeding_gyn_surgery.pdf	CD004508_early_feeding_gyn_surgery	1.4	1	Early versus delayed oral fluids and food after major abdominal gynaecologic surgery	Early versus delayed oral fluids and food after major abdominal gynaecologic surgery	Vomiting	3	MacMillan 2000	MacMillan 2000	11004367	.	+	?	-	-	+	?	.	.	.	.	"{""A"": ""+"", ""B"": ""?"", ""C"": ""-"", ""D"": ""-"", ""E"": ""+"", ""F"": ""?""}"	"{""A"": ""Random sequence generation (selection bias)"", ""B"": ""Allocation concealment (selection bias)"", ""C"": ""Blinding of participants and personnel (performance bias)"", ""D"": ""Blinding of outcome assessment (detection bias)"", ""E"": ""Incomplete outcome data (attrition bias)"", ""F"": ""Selective reporting (reporting bias) Early versus delayed oral feeding after major gynaecologic surgery (Review) Copyright \u00a9 2024 The Cochrane Collaboration. Published by John Wiley & Sons, Ltd.35 Cochrane LibraryTrusted evidence. Informed decisions. Better health. Cochrane Database of Systematic Reviews""}"	extracted	.	A + + + +B + + ? +C - - - -D ? ? - ?E + + + +F ? ? ? ? Risk of bias legend (A) Random sequence generation (selection bias) (B) Allocation concealment (selection bias) (C) Blinding of participants and personnel (performance bias) (D) Blinding of outcome assessment (detection bias) (E) Incomplete outcome data (attrition bias) (F) Selective reporting (reporting bias) Early versus delayed oral feeding after major gynaecologic surgery (Review) Copyright © 2024 The Cochrane Collaboration. Published by John Wiley & Sons, Ltd.35 Cochrane LibraryTrusted evidence. Informed decisions. Better health. Cochrane Database of Systematic Reviews
first_pass	Cochrane_reviews/first_pass/CD004508_early_feeding_gyn_surgery.pdf	CD004508_early_feeding_gyn_surgery	1.4	1	Early versus delayed oral fluids and food after major abdominal gynaecologic surgery	Early versus delayed oral fluids and food after major abdominal gynaecologic surgery	Vomiting	4	Pearl 1998	Pearl 1998	9649101	.	+	+	-	?	+	?	.	.	.	.	"{""A"": ""+"", ""B"": ""+"", ""C"": ""-"", ""D"": ""?"", ""E"": ""+"", ""F"": ""?""}"	"{""A"": ""Random sequence generation (selection bias)"", ""B"": ""Allocation concealment (selection bias)"", ""C"": ""Blinding of participants and personnel (performance bias)"", ""D"": ""Blinding of outcome assessment (detection bias)"", ""E"": ""Incomplete outcome data (attrition bias)"", ""F"": ""Selective reporting (reporting bias) Early versus delayed oral feeding after major gynaecologic surgery (Review) Copyright \u00a9 2024 The Cochrane Collaboration. Published by John Wiley & Sons, Ltd.35 Cochrane LibraryTrusted evidence. Informed decisions. Better health. Cochrane Database of Systematic Reviews""}"	extracted	.	A + + + +B + + ? +C - - - -D ? ? - ?E + + + +F ? ? ? ? Risk of bias legend (A) Random sequence generation (selection bias) (B) Allocation concealment (selection bias) (C) Blinding of participants and personnel (performance bias) (D) Blinding of outcome assessment (detection bias) (E) Incomplete outcome data (attrition bias) (F) Selective reporting (reporting bias) Early versus delayed oral feeding after major gynaecologic surgery (Review) Copyright © 2024 The Cochrane Collaboration. Published by John Wiley & Sons, Ltd.35 Cochrane LibraryTrusted evidence. Informed decisions. Better health. Cochrane Database of Systematic Reviews
first_pass	Cochrane_reviews/first_pass/CD004508_early_feeding_gyn_surgery.pdf	CD004508_early_feeding_gyn_surgery	1.5	1	Early versus delayed oral fluids and food after major abdominal gynaecologic surgery	Early versus delayed oral fluids and food after major abdominal gynaecologic surgery	Abdominal distension	1	Amatyakul 2001	Amatyakul 2001	.	.	+	+	-	?	+	?	.	.	.	.	"{""A"": ""+"", ""B"": ""+"", ""C"": ""-"", ""D"": ""?"", ""E"": ""+"", ""F"": ""?""}"	"{""A"": ""Random sequence generation (selection bias)"", ""B"": ""Allocation concealment (selection bias)"", ""C"": ""Blinding of participants and personnel (performance bias)"", ""D"": ""Blinding of outcome assessment (detection bias)"", ""E"": ""Incomplete outcome data (attrition bias)"", ""F"": ""Selective reporting (reporting bias)""}"	extracted	.	A + + + +B + + ? +C - - - -D ? ? - ?E + + + +F ? ? ? ? Risk of bias legend (A) Random sequence generation (selection bias) (B) Allocation concealment (selection bias) (C) Blinding of participants and personnel (performance bias) (D) Blinding of outcome assessment (detection bias) (E) Incomplete outcome data (attrition bias) (F) Selective reporting (reporting bias)
first_pass	Cochrane_reviews/first_pass/CD004508_early_feeding_gyn_surgery.pdf	CD004508_early_feeding_gyn_surgery	1.5	1	Early versus delayed oral fluids and food after major abdominal gynaecologic surgery	Early versus delayed oral fluids and food after major abdominal gynaecologic surgery	Abdominal distension	2	Balayla 2015	Balayla 2015	.	.	+	+	-	?	+	?	.	.	.	.	"{""A"": ""+"", ""B"": ""+"", ""C"": ""-"", ""D"": ""?"", ""E"": ""+"", ""F"": ""?""}"	"{""A"": ""Random sequence generation (selection bias)"", ""B"": ""Allocation concealment (selection bias)"", ""C"": ""Blinding of participants and personnel (performance bias)"", ""D"": ""Blinding of outcome assessment (detection bias)"", ""E"": ""Incomplete outcome data (attrition bias)"", ""F"": ""Selective reporting (reporting bias)""}"	extracted	.	A + + + +B + + ? +C - - - -D ? ? - ?E + + + +F ? ? ? ? Risk of bias legend (A) Random sequence generation (selection bias) (B) Allocation concealment (selection bias) (C) Blinding of participants and personnel (performance bias) (D) Blinding of outcome assessment (detection bias) (E) Incomplete outcome data (attrition bias) (F) Selective reporting (reporting bias)
first_pass	Cochrane_reviews/first_pass/CD004508_early_feeding_gyn_surgery.pdf	CD004508_early_feeding_gyn_surgery	1.5	1	Early versus delayed oral fluids and food after major abdominal gynaecologic surgery	Early versus delayed oral fluids and food after major abdominal gynaecologic surgery	Abdominal distension	3	MacMillan 2000	MacMillan 2000	11004367	.	+	?	-	-	+	?	.	.	.	.	"{""A"": ""+"", ""B"": ""?"", ""C"": ""-"", ""D"": ""-"", ""E"": ""+"", ""F"": ""?""}"	"{""A"": ""Random sequence generation (selection bias)"", ""B"": ""Allocation concealment (selection bias)"", ""C"": ""Blinding of participants and personnel (performance bias)"", ""D"": ""Blinding of outcome assessment (detection bias)"", ""E"": ""Incomplete outcome data (attrition bias)"", ""F"": ""Selective reporting (reporting bias)""}"	extracted	.	A + + + +B + + ? +C - - - -D ? ? - ?E + + + +F ? ? ? ? Risk of bias legend (A) Random sequence generation (selection bias) (B) Allocation concealment (selection bias) (C) Blinding of participants and personnel (performance bias) (D) Blinding of outcome assessment (detection bias) (E) Incomplete outcome data (attrition bias) (F) Selective reporting (reporting bias)
first_pass	Cochrane_reviews/first_pass/CD004508_early_feeding_gyn_surgery.pdf	CD004508_early_feeding_gyn_surgery	1.5	1	Early versus delayed oral fluids and food after major abdominal gynaecologic surgery	Early versus delayed oral fluids and food after major abdominal gynaecologic surgery	Abdominal distension	4	Pearl 1998	Pearl 1998	9649101	.	+	+	-	?	+	?	.	.	.	.	"{""A"": ""+"", ""B"": ""+"", ""C"": ""-"", ""D"": ""?"", ""E"": ""+"", ""F"": ""?""}"	"{""A"": ""Random sequence generation (selection bias)"", ""B"": ""Allocation concealment (selection bias)"", ""C"": ""Blinding of participants and personnel (performance bias)"", ""D"": ""Blinding of outcome assessment (detection bias)"", ""E"": ""Incomplete outcome data (attrition bias)"", ""F"": ""Selective reporting (reporting bias)""}"	extracted	.	A + + + +B + + ? +C - - - -D ? ? - ?E + + + +F ? ? ? ? Risk of bias legend (A) Random sequence generation (selection bias) (B) Allocation concealment (selection bias) (C) Blinding of participants and personnel (performance bias) (D) Blinding of outcome assessment (detection bias) (E) Incomplete outcome data (attrition bias) (F) Selective reporting (reporting bias)
first_pass	Cochrane_reviews/first_pass/CD004508_early_feeding_gyn_surgery.pdf	CD004508_early_feeding_gyn_surgery	1.6	1	Early versus delayed oral fluids and food after major abdominal gynaecologic surgery	Early versus delayed oral fluids and food after major abdominal gynaecologic surgery	Postoperative placement of nasogastric tube	1	Balayla 2015	Balayla 2015	.	.	+	+	-	?	+	?	.	.	.	.	"{""A"": ""+"", ""B"": ""+"", ""C"": ""-"", ""D"": ""?"", ""E"": ""+"", ""F"": ""?""}"	"{""A"": ""Random sequence generation (selection bias)"", ""B"": ""Allocation concealment (selection bias)"", ""C"": ""Blinding of participants and personnel (performance bias)"", ""D"": ""Blinding of outcome assessment (detection bias)"", ""E"": ""Incomplete outcome data (attrition bias)"", ""F"": ""Selective reporting (reporting bias) Early versus delayed oral feeding after major gynaecologic surgery (Review) Copyright \u00a9 2024 The Cochrane Collaboration. Published by John Wiley & Sons, Ltd.36 Cochrane LibraryTrusted evidence. Informed decisions. Better health. Cochrane Database of Systematic Reviews""}"	extracted	.	A + + +B + ? +C - - -D ? - ?E + + +F ? ? ? Risk of bias legend (A) Random sequence generation (selection bias) (B) Allocation concealment (selection bias) (C) Blinding of participants and personnel (performance bias) (D) Blinding of outcome assessment (detection bias) (E) Incomplete outcome data (attrition bias) (F) Selective reporting (reporting bias) Early versus delayed oral feeding after major gynaecologic surgery (Review) Copyright © 2024 The Cochrane Collaboration. Published by John Wiley & Sons, Ltd.36 Cochrane LibraryTrusted evidence. Informed decisions. Better health. Cochrane Database of Systematic Reviews
first_pass	Cochrane_reviews/first_pass/CD004508_early_feeding_gyn_surgery.pdf	CD004508_early_feeding_gyn_surgery	1.6	1	Early versus delayed oral fluids and food after major abdominal gynaecologic surgery	Early versus delayed oral fluids and food after major abdominal gynaecologic surgery	Postoperative placement of nasogastric tube	2	MacMillan 2000	MacMillan 2000	11004367	.	+	?	-	-	+	?	.	.	.	.	"{""A"": ""+"", ""B"": ""?"", ""C"": ""-"", ""D"": ""-"", ""E"": ""+"", ""F"": ""?""}"	"{""A"": ""Random sequence generation (selection bias)"", ""B"": ""Allocation concealment (selection bias)"", ""C"": ""Blinding of participants and personnel (performance bias)"", ""D"": ""Blinding of outcome assessment (detection bias)"", ""E"": ""Incomplete outcome data (attrition bias)"", ""F"": ""Selective reporting (reporting bias) Early versus delayed oral feeding after major gynaecologic surgery (Review) Copyright \u00a9 2024 The Cochrane Collaboration. Published by John Wiley & Sons, Ltd.36 Cochrane LibraryTrusted evidence. Informed decisions. Better health. Cochrane Database of Systematic Reviews""}"	extracted	.	A + + +B + ? +C - - -D ? - ?E + + +F ? ? ? Risk of bias legend (A) Random sequence generation (selection bias) (B) Allocation concealment (selection bias) (C) Blinding of participants and personnel (performance bias) (D) Blinding of outcome assessment (detection bias) (E) Incomplete outcome data (attrition bias) (F) Selective reporting (reporting bias) Early versus delayed oral feeding after major gynaecologic surgery (Review) Copyright © 2024 The Cochrane Collaboration. Published by John Wiley & Sons, Ltd.36 Cochrane LibraryTrusted evidence. Informed decisions. Better health. Cochrane Database of Systematic Reviews
first_pass	Cochrane_reviews/first_pass/CD004508_early_feeding_gyn_surgery.pdf	CD004508_early_feeding_gyn_surgery	1.6	1	Early versus delayed oral fluids and food after major abdominal gynaecologic surgery	Early versus delayed oral fluids and food after major abdominal gynaecologic surgery	Postoperative placement of nasogastric tube	3	Pearl 1998	Pearl 1998	9649101	.	+	+	-	?	+	?	.	.	.	.	"{""A"": ""+"", ""B"": ""+"", ""C"": ""-"", ""D"": ""?"", ""E"": ""+"", ""F"": ""?""}"	"{""A"": ""Random sequence generation (selection bias)"", ""B"": ""Allocation concealment (selection bias)"", ""C"": ""Blinding of participants and personnel (performance bias)"", ""D"": ""Blinding of outcome assessment (detection bias)"", ""E"": ""Incomplete outcome data (attrition bias)"", ""F"": ""Selective reporting (reporting bias) Early versus delayed oral feeding after major gynaecologic surgery (Review) Copyright \u00a9 2024 The Cochrane Collaboration. Published by John Wiley & Sons, Ltd.36 Cochrane LibraryTrusted evidence. Informed decisions. Better health. Cochrane Database of Systematic Reviews""}"	extracted	.	A + + +B + ? +C - - -D ? - ?E + + +F ? ? ? Risk of bias legend (A) Random sequence generation (selection bias) (B) Allocation concealment (selection bias) (C) Blinding of participants and personnel (performance bias) (D) Blinding of outcome assessment (detection bias) (E) Incomplete outcome data (attrition bias) (F) Selective reporting (reporting bias) Early versus delayed oral feeding after major gynaecologic surgery (Review) Copyright © 2024 The Cochrane Collaboration. Published by John Wiley & Sons, Ltd.36 Cochrane LibraryTrusted evidence. Informed decisions. Better health. Cochrane Database of Systematic Reviews
first_pass	Cochrane_reviews/first_pass/CD004508_early_feeding_gyn_surgery.pdf	CD004508_early_feeding_gyn_surgery	1.7	1	Early versus delayed oral fluids and food after major abdominal gynaecologic surgery	Early versus delayed oral fluids and food after major abdominal gynaecologic surgery	Time to the presence of bowel sounds (random-effects model)	1	MacMillan 2000	MacMillan 2000	11004367	.	+	?	-	-	+	?	.	.	.	.	"{""A"": ""+"", ""B"": ""?"", ""C"": ""-"", ""D"": ""-"", ""E"": ""+"", ""F"": ""?""}"	"{""A"": ""Random sequence generation (selection bias)"", ""B"": ""Allocation concealment (selection bias)"", ""C"": ""Blinding of participants and personnel (performance bias)"", ""D"": ""Blinding of outcome assessment (detection bias)"", ""E"": ""Incomplete outcome data (attrition bias)"", ""F"": ""Selective reporting (reporting bias)""}"	extracted	.	A + + +B ? + +C - - -D - ? ?E + + +F ? + ? Risk of bias legend (A) Random sequence generation (selection bias) (B) Allocation concealment (selection bias) (C) Blinding of participants and personnel (performance bias) (D) Blinding of outcome assessment (detection bias) (E) Incomplete outcome data (attrition bias) (F) Selective reporting (reporting bias)
first_pass	Cochrane_reviews/first_pass/CD004508_early_feeding_gyn_surgery.pdf	CD004508_early_feeding_gyn_surgery	1.7	1	Early versus delayed oral fluids and food after major abdominal gynaecologic surgery	Early versus delayed oral fluids and food after major abdominal gynaecologic surgery	Time to the presence of bowel sounds (random-effects model)	2	Minig 2009b	Minig 2009b	19760046	.	+	+	-	?	+	+	.	.	.	.	"{""A"": ""+"", ""B"": ""+"", ""C"": ""-"", ""D"": ""?"", ""E"": ""+"", ""F"": ""+""}"	"{""A"": ""Random sequence generation (selection bias)"", ""B"": ""Allocation concealment (selection bias)"", ""C"": ""Blinding of participants and personnel (performance bias)"", ""D"": ""Blinding of outcome assessment (detection bias)"", ""E"": ""Incomplete outcome data (attrition bias)"", ""F"": ""Selective reporting (reporting bias)""}"	extracted	.	A + + +B ? + +C - - -D - ? ?E + + +F ? + ? Risk of bias legend (A) Random sequence generation (selection bias) (B) Allocation concealment (selection bias) (C) Blinding of participants and personnel (performance bias) (D) Blinding of outcome assessment (detection bias) (E) Incomplete outcome data (attrition bias) (F) Selective reporting (reporting bias)
first_pass	Cochrane_reviews/first_pass/CD004508_early_feeding_gyn_surgery.pdf	CD004508_early_feeding_gyn_surgery	1.7	1	Early versus delayed oral fluids and food after major abdominal gynaecologic surgery	Early versus delayed oral fluids and food after major abdominal gynaecologic surgery	Time to the presence of bowel sounds (random-effects model)	3	Pearl 1998	Pearl 1998	9649101	.	+	+	-	?	+	?	.	.	.	.	"{""A"": ""+"", ""B"": ""+"", ""C"": ""-"", ""D"": ""?"", ""E"": ""+"", ""F"": ""?""}"	"{""A"": ""Random sequence generation (selection bias)"", ""B"": ""Allocation concealment (selection bias)"", ""C"": ""Blinding of participants and personnel (performance bias)"", ""D"": ""Blinding of outcome assessment (detection bias)"", ""E"": ""Incomplete outcome data (attrition bias)"", ""F"": ""Selective reporting (reporting bias)""}"	extracted	.	A + + +B ? + +C - - -D - ? ?E + + +F ? + ? Risk of bias legend (A) Random sequence generation (selection bias) (B) Allocation concealment (selection bias) (C) Blinding of participants and personnel (performance bias) (D) Blinding of outcome assessment (detection bias) (E) Incomplete outcome data (attrition bias) (F) Selective reporting (reporting bias)
first_pass	Cochrane_reviews/first_pass/CD004508_early_feeding_gyn_surgery.pdf	CD004508_early_feeding_gyn_surgery	1.8	1	Early versus delayed oral fluids and food after major abdominal gynaecologic surgery	Early versus delayed oral fluids and food after major abdominal gynaecologic surgery	Time to the first passage of flatus	1	Amatyakul 2001	Amatyakul 2001	.	.	+	+	-	?	+	?	.	.	.	.	"{""A"": ""+"", ""B"": ""+"", ""C"": ""-"", ""D"": ""?"", ""E"": ""+"", ""F"": ""?""}"	"{""A"": ""Random sequence generation (selection bias)"", ""B"": ""Allocation concealment (selection bias)"", ""C"": ""Blinding of participants and personnel (performance bias)"", ""D"": ""Blinding of outcome assessment (detection bias)"", ""E"": ""Incomplete outcome data (attrition bias)"", ""F"": ""Selective reporting (reporting bias)""}"	extracted	.	A + + + + +B + + ? + +C - - - - -D ? ? - ? ?E + + + + +F ? ? ? + ? Risk of bias legend (A) Random sequence generation (selection bias) (B) Allocation concealment (selection bias) (C) Blinding of participants and personnel (performance bias) (D) Blinding of outcome assessment (detection bias) (E) Incomplete outcome data (attrition bias) (F) Selective reporting (reporting bias)
first_pass	Cochrane_reviews/first_pass/CD004508_early_feeding_gyn_surgery.pdf	CD004508_early_feeding_gyn_surgery	1.8	1	Early versus delayed oral fluids and food after major abdominal gynaecologic surgery	Early versus delayed oral fluids and food after major abdominal gynaecologic surgery	Time to the first passage of flatus	2	Balayla 2015	Balayla 2015	.	.	+	+	-	?	+	?	.	.	.	.	"{""A"": ""+"", ""B"": ""+"", ""C"": ""-"", ""D"": ""?"", ""E"": ""+"", ""F"": ""?""}"	"{""A"": ""Random sequence generation (selection bias)"", ""B"": ""Allocation concealment (selection bias)"", ""C"": ""Blinding of participants and personnel (performance bias)"", ""D"": ""Blinding of outcome assessment (detection bias)"", ""E"": ""Incomplete outcome data (attrition bias)"", ""F"": ""Selective reporting (reporting bias)""}"	extracted	.	A + + + + +B + + ? + +C - - - - -D ? ? - ? ?E + + + + +F ? ? ? + ? Risk of bias legend (A) Random sequence generation (selection bias) (B) Allocation concealment (selection bias) (C) Blinding of participants and personnel (performance bias) (D) Blinding of outcome assessment (detection bias) (E) Incomplete outcome data (attrition bias) (F) Selective reporting (reporting bias)
first_pass	Cochrane_reviews/first_pass/CD004508_early_feeding_gyn_surgery.pdf	CD004508_early_feeding_gyn_surgery	1.8	1	Early versus delayed oral fluids and food after major abdominal gynaecologic surgery	Early versus delayed oral fluids and food after major abdominal gynaecologic surgery	Time to the first passage of flatus	3	MacMillan 2000	MacMillan 2000	11004367	.	+	?	-	-	+	?	.	.	.	.	"{""A"": ""+"", ""B"": ""?"", ""C"": ""-"", ""D"": ""-"", ""E"": ""+"", ""F"": ""?""}"	"{""A"": ""Random sequence generation (selection bias)"", ""B"": ""Allocation concealment (selection bias)"", ""C"": ""Blinding of participants and personnel (performance bias)"", ""D"": ""Blinding of outcome assessment (detection bias)"", ""E"": ""Incomplete outcome data (attrition bias)"", ""F"": ""Selective reporting (reporting bias)""}"	extracted	.	A + + + + +B + + ? + +C - - - - -D ? ? - ? ?E + + + + +F ? ? ? + ? Risk of bias legend (A) Random sequence generation (selection bias) (B) Allocation concealment (selection bias) (C) Blinding of participants and personnel (performance bias) (D) Blinding of outcome assessment (detection bias) (E) Incomplete outcome data (attrition bias) (F) Selective reporting (reporting bias)
first_pass	Cochrane_reviews/first_pass/CD004508_early_feeding_gyn_surgery.pdf	CD004508_early_feeding_gyn_surgery	1.8	1	Early versus delayed oral fluids and food after major abdominal gynaecologic surgery	Early versus delayed oral fluids and food after major abdominal gynaecologic surgery	Time to the first passage of flatus	4	Minig 2009b	Minig 2009b	19760046	.	+	+	-	?	+	+	.	.	.	.	"{""A"": ""+"", ""B"": ""+"", ""C"": ""-"", ""D"": ""?"", ""E"": ""+"", ""F"": ""+""}"	"{""A"": ""Random sequence generation (selection bias)"", ""B"": ""Allocation concealment (selection bias)"", ""C"": ""Blinding of participants and personnel (performance bias)"", ""D"": ""Blinding of outcome assessment (detection bias)"", ""E"": ""Incomplete outcome data (attrition bias)"", ""F"": ""Selective reporting (reporting bias)""}"	extracted	.	A + + + + +B + + ? + +C - - - - -D ? ? - ? ?E + + + + +F ? ? ? + ? Risk of bias legend (A) Random sequence generation (selection bias) (B) Allocation concealment (selection bias) (C) Blinding of participants and personnel (performance bias) (D) Blinding of outcome assessment (detection bias) (E) Incomplete outcome data (attrition bias) (F) Selective reporting (reporting bias)
first_pass	Cochrane_reviews/first_pass/CD004508_early_feeding_gyn_surgery.pdf	CD004508_early_feeding_gyn_surgery	1.8	1	Early versus delayed oral fluids and food after major abdominal gynaecologic surgery	Early versus delayed oral fluids and food after major abdominal gynaecologic surgery	Time to the first passage of flatus	5	Pearl 1998	Pearl 1998	9649101	.	+	+	-	?	+	?	.	.	.	.	"{""A"": ""+"", ""B"": ""+"", ""C"": ""-"", ""D"": ""?"", ""E"": ""+"", ""F"": ""?""}"	"{""A"": ""Random sequence generation (selection bias)"", ""B"": ""Allocation concealment (selection bias)"", ""C"": ""Blinding of participants and personnel (performance bias)"", ""D"": ""Blinding of outcome assessment (detection bias)"", ""E"": ""Incomplete outcome data (attrition bias)"", ""F"": ""Selective reporting (reporting bias)""}"	extracted	.	A + + + + +B + + ? + +C - - - - -D ? ? - ? ?E + + + + +F ? ? ? + ? Risk of bias legend (A) Random sequence generation (selection bias) (B) Allocation concealment (selection bias) (C) Blinding of participants and personnel (performance bias) (D) Blinding of outcome assessment (detection bias) (E) Incomplete outcome data (attrition bias) (F) Selective reporting (reporting bias)
first_pass	Cochrane_reviews/first_pass/CD004508_early_feeding_gyn_surgery.pdf	CD004508_early_feeding_gyn_surgery	1.9	1	Early versus delayed oral fluids and food after major abdominal gynaecologic surgery	Early versus delayed oral fluids and food after major abdominal gynaecologic surgery	Time to the first passage of stool	1	Amatyakul 2001	Amatyakul 2001	.	.	+	+	-	?	+	?	.	.	.	.	"{""A"": ""+"", ""B"": ""+"", ""C"": ""-"", ""D"": ""?"", ""E"": ""+"", ""F"": ""?""}"	"{""A"": ""Random sequence generation (selection bias)"", ""B"": ""Allocation concealment (selection bias)"", ""C"": ""Blinding of participants and personnel (performance bias)"", ""D"": ""Blinding of outcome assessment (detection bias)"", ""E"": ""Incomplete outcome data (attrition bias)"", ""F"": ""Selective reporting (reporting bias) Early versus delayed oral feeding after major gynaecologic surgery (Review) Copyright \u00a9 2024 The Cochrane Collaboration. Published by John Wiley & Sons, Ltd.37 Cochrane LibraryTrusted evidence. Informed decisions. Better health. Cochrane Database of Systematic Reviews""}"	extracted	.	A + + + +B + + ? +C - - - -D ? ? - ?E + + + +F ? ? ? + Risk of bias legend (A) Random sequence generation (selection bias) (B) Allocation concealment (selection bias) (C) Blinding of participants and personnel (performance bias) (D) Blinding of outcome assessment (detection bias) (E) Incomplete outcome data (attrition bias) (F) Selective reporting (reporting bias) Early versus delayed oral feeding after major gynaecologic surgery (Review) Copyright © 2024 The Cochrane Collaboration. Published by John Wiley & Sons, Ltd.37 Cochrane LibraryTrusted evidence. Informed decisions. Better health. Cochrane Database of Systematic Reviews
first_pass	Cochrane_reviews/first_pass/CD004508_early_feeding_gyn_surgery.pdf	CD004508_early_feeding_gyn_surgery	1.9	1	Early versus delayed oral fluids and food after major abdominal gynaecologic surgery	Early versus delayed oral fluids and food after major abdominal gynaecologic surgery	Time to the first passage of stool	2	Balayla 2015	Balayla 2015	.	.	+	+	-	?	+	?	.	.	.	.	"{""A"": ""+"", ""B"": ""+"", ""C"": ""-"", ""D"": ""?"", ""E"": ""+"", ""F"": ""?""}"	"{""A"": ""Random sequence generation (selection bias)"", ""B"": ""Allocation concealment (selection bias)"", ""C"": ""Blinding of participants and personnel (performance bias)"", ""D"": ""Blinding of outcome assessment (detection bias)"", ""E"": ""Incomplete outcome data (attrition bias)"", ""F"": ""Selective reporting (reporting bias) Early versus delayed oral feeding after major gynaecologic surgery (Review) Copyright \u00a9 2024 The Cochrane Collaboration. Published by John Wiley & Sons, Ltd.37 Cochrane LibraryTrusted evidence. Informed decisions. Better health. Cochrane Database of Systematic Reviews""}"	extracted	.	A + + + +B + + ? +C - - - -D ? ? - ?E + + + +F ? ? ? + Risk of bias legend (A) Random sequence generation (selection bias) (B) Allocation concealment (selection bias) (C) Blinding of participants and personnel (performance bias) (D) Blinding of outcome assessment (detection bias) (E) Incomplete outcome data (attrition bias) (F) Selective reporting (reporting bias) Early versus delayed oral feeding after major gynaecologic surgery (Review) Copyright © 2024 The Cochrane Collaboration. Published by John Wiley & Sons, Ltd.37 Cochrane LibraryTrusted evidence. Informed decisions. Better health. Cochrane Database of Systematic Reviews
first_pass	Cochrane_reviews/first_pass/CD004508_early_feeding_gyn_surgery.pdf	CD004508_early_feeding_gyn_surgery	1.9	1	Early versus delayed oral fluids and food after major abdominal gynaecologic surgery	Early versus delayed oral fluids and food after major abdominal gynaecologic surgery	Time to the first passage of stool	3	MacMillan 2000	MacMillan 2000	11004367	.	+	?	-	-	+	?	.	.	.	.	"{""A"": ""+"", ""B"": ""?"", ""C"": ""-"", ""D"": ""-"", ""E"": ""+"", ""F"": ""?""}"	"{""A"": ""Random sequence generation (selection bias)"", ""B"": ""Allocation concealment (selection bias)"", ""C"": ""Blinding of participants and personnel (performance bias)"", ""D"": ""Blinding of outcome assessment (detection bias)"", ""E"": ""Incomplete outcome data (attrition bias)"", ""F"": ""Selective reporting (reporting bias) Early versus delayed oral feeding after major gynaecologic surgery (Review) Copyright \u00a9 2024 The Cochrane Collaboration. Published by John Wiley & Sons, Ltd.37 Cochrane LibraryTrusted evidence. Informed decisions. Better health. Cochrane Database of Systematic Reviews""}"	extracted	.	A + + + +B + + ? +C - - - -D ? ? - ?E + + + +F ? ? ? + Risk of bias legend (A) Random sequence generation (selection bias) (B) Allocation concealment (selection bias) (C) Blinding of participants and personnel (performance bias) (D) Blinding of outcome assessment (detection bias) (E) Incomplete outcome data (attrition bias) (F) Selective reporting (reporting bias) Early versus delayed oral feeding after major gynaecologic surgery (Review) Copyright © 2024 The Cochrane Collaboration. Published by John Wiley & Sons, Ltd.37 Cochrane LibraryTrusted evidence. Informed decisions. Better health. Cochrane Database of Systematic Reviews
first_pass	Cochrane_reviews/first_pass/CD004508_early_feeding_gyn_surgery.pdf	CD004508_early_feeding_gyn_surgery	1.9	1	Early versus delayed oral fluids and food after major abdominal gynaecologic surgery	Early versus delayed oral fluids and food after major abdominal gynaecologic surgery	Time to the first passage of stool	4	Minig 2009b	Minig 2009b	19760046	.	+	+	-	?	+	+	.	.	.	.	"{""A"": ""+"", ""B"": ""+"", ""C"": ""-"", ""D"": ""?"", ""E"": ""+"", ""F"": ""+""}"	"{""A"": ""Random sequence generation (selection bias)"", ""B"": ""Allocation concealment (selection bias)"", ""C"": ""Blinding of participants and personnel (performance bias)"", ""D"": ""Blinding of outcome assessment (detection bias)"", ""E"": ""Incomplete outcome data (attrition bias)"", ""F"": ""Selective reporting (reporting bias) Early versus delayed oral feeding after major gynaecologic surgery (Review) Copyright \u00a9 2024 The Cochrane Collaboration. Published by John Wiley & Sons, Ltd.37 Cochrane LibraryTrusted evidence. Informed decisions. Better health. Cochrane Database of Systematic Reviews""}"	extracted	.	A + + + +B + + ? +C - - - -D ? ? - ?E + + + +F ? ? ? + Risk of bias legend (A) Random sequence generation (selection bias) (B) Allocation concealment (selection bias) (C) Blinding of participants and personnel (performance bias) (D) Blinding of outcome assessment (detection bias) (E) Incomplete outcome data (attrition bias) (F) Selective reporting (reporting bias) Early versus delayed oral feeding after major gynaecologic surgery (Review) Copyright © 2024 The Cochrane Collaboration. Published by John Wiley & Sons, Ltd.37 Cochrane LibraryTrusted evidence. Informed decisions. Better health. Cochrane Database of Systematic Reviews
first_pass	Cochrane_reviews/first_pass/CD004508_early_feeding_gyn_surgery.pdf	CD004508_early_feeding_gyn_surgery	1.10	1	Early versus delayed oral fluids and food after major abdominal gynaecologic surgery	Early versus delayed oral fluids and food after major abdominal gynaecologic surgery	Time to the first solid diet (random-effects model)	1	Amatyakul 2001	Amatyakul 2001	.	.	.	.	.	.	.	.	.	.	.	.	{}	{}	not_extracted_no_rob_block	No Risk of Bias block was detected in the selected analysis text.	.
first_pass	Cochrane_reviews/first_pass/CD004508_early_feeding_gyn_surgery.pdf	CD004508_early_feeding_gyn_surgery	1.10	1	Early versus delayed oral fluids and food after major abdominal gynaecologic surgery	Early versus delayed oral fluids and food after major abdominal gynaecologic surgery	Time to the first solid diet (random-effects model)	2	Balayla 2015	Balayla 2015	.	.	.	.	.	.	.	.	.	.	.	.	{}	{}	not_extracted_no_rob_block	No Risk of Bias block was detected in the selected analysis text.	.
first_pass	Cochrane_reviews/first_pass/CD004508_early_feeding_gyn_surgery.pdf	CD004508_early_feeding_gyn_surgery	1.10	1	Early versus delayed oral fluids and food after major abdominal gynaecologic surgery	Early versus delayed oral fluids and food after major abdominal gynaecologic surgery	Time to the first solid diet (random-effects model)	3	Pearl 1998	Pearl 1998	9649101	.	.	.	.	.	.	.	.	.	.	.	{}	{}	not_extracted_no_rob_block	No Risk of Bias block was detected in the selected analysis text.	.
first_pass	Cochrane_reviews/first_pass/CD004508_early_feeding_gyn_surgery.pdf	CD004508_early_feeding_gyn_surgery	1.11	1	Early versus delayed oral fluids and food after major abdominal gynaecologic surgery	Early versus delayed oral fluids and food after major abdominal gynaecologic surgery	Hospital stay (random-effects model)	1	Amatyakul 2001	Amatyakul 2001	.	.	.	.	.	.	.	.	.	.	.	.	{}	{}	not_extracted_no_rob_block	No Risk of Bias block was detected in the selected analysis text.	.
first_pass	Cochrane_reviews/first_pass/CD004508_early_feeding_gyn_surgery.pdf	CD004508_early_feeding_gyn_surgery	1.11	1	Early versus delayed oral fluids and food after major abdominal gynaecologic surgery	Early versus delayed oral fluids and food after major abdominal gynaecologic surgery	Hospital stay (random-effects model)	2	Balayla 2015	Balayla 2015	.	.	.	.	.	.	.	.	.	.	.	.	{}	{}	not_extracted_no_rob_block	No Risk of Bias block was detected in the selected analysis text.	.
first_pass	Cochrane_reviews/first_pass/CD004508_early_feeding_gyn_surgery.pdf	CD004508_early_feeding_gyn_surgery	1.11	1	Early versus delayed oral fluids and food after major abdominal gynaecologic surgery	Early versus delayed oral fluids and food after major abdominal gynaecologic surgery	Hospital stay (random-effects model)	3	Minig 2009a	Minig 2009a	19330379	.	.	.	.	.	.	.	.	.	.	.	{}	{}	not_extracted_no_rob_block	No Risk of Bias block was detected in the selected analysis text.	.
first_pass	Cochrane_reviews/first_pass/CD004508_early_feeding_gyn_surgery.pdf	CD004508_early_feeding_gyn_surgery	1.11	1	Early versus delayed oral fluids and food after major abdominal gynaecologic surgery	Early versus delayed oral fluids and food after major abdominal gynaecologic surgery	Hospital stay (random-effects model)	4	Minig 2009b	Minig 2009b	19760046	.	.	.	.	.	.	.	.	.	.	.	{}	{}	not_extracted_no_rob_block	No Risk of Bias block was detected in the selected analysis text.	.
first_pass	Cochrane_reviews/first_pass/CD004508_early_feeding_gyn_surgery.pdf	CD004508_early_feeding_gyn_surgery	1.11	1	Early versus delayed oral fluids and food after major abdominal gynaecologic surgery	Early versus delayed oral fluids and food after major abdominal gynaecologic surgery	Hospital stay (random-effects model)	5	Pearl 1998	Pearl 1998	9649101	.	.	.	.	.	.	.	.	.	.	.	{}	{}	not_extracted_no_rob_block	No Risk of Bias block was detected in the selected analysis text.	.
first_pass	Cochrane_reviews/first_pass/CD004508_early_feeding_gyn_surgery.pdf	CD004508_early_feeding_gyn_surgery	1.12	1	Early versus delayed oral fluids and food after major abdominal gynaecologic surgery	Early versus delayed oral fluids and food after major abdominal gynaecologic surgery	Febrile morbidity	1	Balayla 2015	Balayla 2015	.	.	.	.	.	.	.	.	.	.	.	.	{}	{}	not_extracted_no_rob_block	No Risk of Bias block was detected in the selected analysis text.	.
first_pass	Cochrane_reviews/first_pass/CD004508_early_feeding_gyn_surgery.pdf	CD004508_early_feeding_gyn_surgery	1.12	1	Early versus delayed oral fluids and food after major abdominal gynaecologic surgery	Early versus delayed oral fluids and food after major abdominal gynaecologic surgery	Febrile morbidity	2	MacMillan 2000	MacMillan 2000	11004367	.	.	.	.	.	.	.	.	.	.	.	{}	{}	not_extracted_no_rob_block	No Risk of Bias block was detected in the selected analysis text.	.
first_pass	Cochrane_reviews/first_pass/CD004508_early_feeding_gyn_surgery.pdf	CD004508_early_feeding_gyn_surgery	1.12	1	Early versus delayed oral fluids and food after major abdominal gynaecologic surgery	Early versus delayed oral fluids and food after major abdominal gynaecologic surgery	Febrile morbidity	3	Pearl 1998	Pearl 1998	9649101	.	.	.	.	.	.	.	.	.	.	.	{}	{}	not_extracted_no_rob_block	No Risk of Bias block was detected in the selected analysis text.	.
first_pass	Cochrane_reviews/first_pass/CD004508_early_feeding_gyn_surgery.pdf	CD004508_early_feeding_gyn_surgery	1.13	1	Early versus delayed oral fluids and food after major abdominal gynaecologic surgery	Early versus delayed oral fluids and food after major abdominal gynaecologic surgery	Infectious complications	1	Minig 2009a	Minig 2009a	19330379	.	.	.	.	.	.	.	.	.	.	.	{}	{}	not_extracted_no_rob_block	No Risk of Bias block was detected in the selected analysis text.	.
first_pass	Cochrane_reviews/first_pass/CD004508_early_feeding_gyn_surgery.pdf	CD004508_early_feeding_gyn_surgery	1.13	1	Early versus delayed oral fluids and food after major abdominal gynaecologic surgery	Early versus delayed oral fluids and food after major abdominal gynaecologic surgery	Infectious complications	2	Minig 2009b	Minig 2009b	19760046	.	.	.	.	.	.	.	.	.	.	.	{}	{}	not_extracted_no_rob_block	No Risk of Bias block was detected in the selected analysis text.	.
first_pass	Cochrane_reviews/first_pass/CD004508_early_feeding_gyn_surgery.pdf	CD004508_early_feeding_gyn_surgery	1.14	1	Early versus delayed oral fluids and food after major abdominal gynaecologic surgery	Early versus delayed oral fluids and food after major abdominal gynaecologic surgery	Wound complications	1	Minig 2009a	Minig 2009a	19330379	.	.	.	.	.	.	.	.	.	.	.	{}	{}	not_extracted_no_rob_block	No Risk of Bias block was detected in the selected analysis text.	.
first_pass	Cochrane_reviews/first_pass/CD004508_early_feeding_gyn_surgery.pdf	CD004508_early_feeding_gyn_surgery	1.14	1	Early versus delayed oral fluids and food after major abdominal gynaecologic surgery	Early versus delayed oral fluids and food after major abdominal gynaecologic surgery	Wound complications	2	Minig 2009b	Minig 2009b	19760046	.	.	.	.	.	.	.	.	.	.	.	{}	{}	not_extracted_no_rob_block	No Risk of Bias block was detected in the selected analysis text.	.
first_pass	Cochrane_reviews/first_pass/CD004508_early_feeding_gyn_surgery.pdf	CD004508_early_feeding_gyn_surgery	1.14	1	Early versus delayed oral fluids and food after major abdominal gynaecologic surgery	Early versus delayed oral fluids and food after major abdominal gynaecologic surgery	Wound complications	3	Pearl 1998	Pearl 1998	9649101	.	.	.	.	.	.	.	.	.	.	.	{}	{}	not_extracted_no_rob_block	No Risk of Bias block was detected in the selected analysis text.	.
first_pass	Cochrane_reviews/first_pass/CD004508_early_feeding_gyn_surgery.pdf	CD004508_early_feeding_gyn_surgery	1.14	1	Early versus delayed oral fluids and food after major abdominal gynaecologic surgery	Early versus delayed oral fluids and food after major abdominal gynaecologic surgery	Wound complications	4	Steed 2002	Steed 2002	12015496	.	.	.	.	.	.	.	.	.	.	.	{}	{}	not_extracted_no_rob_block	No Risk of Bias block was detected in the selected analysis text.	.
first_pass	Cochrane_reviews/first_pass/CD004508_early_feeding_gyn_surgery.pdf	CD004508_early_feeding_gyn_surgery	1.15	1	Early versus delayed oral fluids and food after major abdominal gynaecologic surgery	Early versus delayed oral fluids and food after major abdominal gynaecologic surgery	Pneumonia	1	Minig 2009b	Minig 2009b	19760046	.	.	.	.	.	.	.	.	.	.	.	{}	{}	not_extracted_no_rob_block	No Risk of Bias block was detected in the selected analysis text.	.
first_pass	Cochrane_reviews/first_pass/CD004508_early_feeding_gyn_surgery.pdf	CD004508_early_feeding_gyn_surgery	1.15	1	Early versus delayed oral fluids and food after major abdominal gynaecologic surgery	Early versus delayed oral fluids and food after major abdominal gynaecologic surgery	Pneumonia	2	Pearl 1998	Pearl 1998	9649101	.	.	.	.	.	.	.	.	.	.	.	{}	{}	not_extracted_no_rob_block	No Risk of Bias block was detected in the selected analysis text.	.
first_pass	Cochrane_reviews/first_pass/CD004508_early_feeding_gyn_surgery.pdf	CD004508_early_feeding_gyn_surgery	1.15	1	Early versus delayed oral fluids and food after major abdominal gynaecologic surgery	Early versus delayed oral fluids and food after major abdominal gynaecologic surgery	Pneumonia	3	Steed 2002	Steed 2002	12015496	.	.	.	.	.	.	.	.	.	.	.	{}	{}	not_extracted_no_rob_block	No Risk of Bias block was detected in the selected analysis text.	.
first_pass	Cochrane_reviews/first_pass/CD012214_metformin_hyperplasia.pdf	CD012214_metformin_hyperplasia	1.1	1	Metformin versus megestrol	Metformin versus megestrol	Regression of endometrial hyperplasia (with or without atypia) to proliferative, secretory, or atrophic endometrium	1	Sharifzadeh 2016	Sharifzadeh 2016	27690687	.	+	+	-	-	+	+	+	.	.	.	"{""A"": ""+"", ""B"": ""+"", ""C"": ""-"", ""D"": ""-"", ""E"": ""+"", ""F"": ""+"", ""G"": ""+""}"	"{""A"": ""Random sequence generation (selection bias)"", ""B"": ""Allocation concealment (selection bias)"", ""C"": ""Blinding of participants and personnel (performance bias)"", ""D"": ""Blinding of outcome assessment (detection bias)"", ""E"": ""Incomplete outcome data (attrition bias)"", ""F"": ""Selective reporting (reporting bias)"", ""G"": ""Other bias Metformin for endometrial hyperplasia (Review) Copyright \u00a9 2024 The Cochrane Collaboration. Published by John Wiley & Sons, Ltd.49 Cochrane LibraryTrusted evidence. Informed decisions. Better health. Cochrane Database of Systematic Reviews""}"	extracted	.	A + +B + ?C - ?D - ?E + +F + -G + - Risk of bias legend (A) Random sequence generation (selection bias) (B) Allocation concealment (selection bias) (C) Blinding of participants and personnel (performance bias) (D) Blinding of outcome assessment (detection bias) (E) Incomplete outcome data (attrition bias) (F) Selective reporting (reporting bias) (G) Other bias Metformin for endometrial hyperplasia (Review) Copyright © 2024 The Cochrane Collaboration. Published by John Wiley & Sons, Ltd.49 Cochrane LibraryTrusted evidence. Informed decisions. Better health. Cochrane Database of Systematic Reviews
first_pass	Cochrane_reviews/first_pass/CD012214_metformin_hyperplasia.pdf	CD012214_metformin_hyperplasia	1.1	1	Metformin versus megestrol	Metformin versus megestrol	Regression of endometrial hyperplasia (with or without atypia) to proliferative, secretory, or atrophic endometrium	2	Tabrizi 2014	Tabrizi 2014	25556427	.	+	?	?	?	+	-	-	.	.	.	"{""A"": ""+"", ""B"": ""?"", ""C"": ""?"", ""D"": ""?"", ""E"": ""+"", ""F"": ""-"", ""G"": ""-""}"	"{""A"": ""Random sequence generation (selection bias)"", ""B"": ""Allocation concealment (selection bias)"", ""C"": ""Blinding of participants and personnel (performance bias)"", ""D"": ""Blinding of outcome assessment (detection bias)"", ""E"": ""Incomplete outcome data (attrition bias)"", ""F"": ""Selective reporting (reporting bias)"", ""G"": ""Other bias Metformin for endometrial hyperplasia (Review) Copyright \u00a9 2024 The Cochrane Collaboration. Published by John Wiley & Sons, Ltd.49 Cochrane LibraryTrusted evidence. Informed decisions. Better health. Cochrane Database of Systematic Reviews""}"	extracted	.	A + +B + ?C - ?D - ?E + +F + -G + - Risk of bias legend (A) Random sequence generation (selection bias) (B) Allocation concealment (selection bias) (C) Blinding of participants and personnel (performance bias) (D) Blinding of outcome assessment (detection bias) (E) Incomplete outcome data (attrition bias) (F) Selective reporting (reporting bias) (G) Other bias Metformin for endometrial hyperplasia (Review) Copyright © 2024 The Cochrane Collaboration. Published by John Wiley & Sons, Ltd.49 Cochrane LibraryTrusted evidence. Informed decisions. Better health. Cochrane Database of Systematic Reviews
first_pass	Cochrane_reviews/first_pass/CD012214_metformin_hyperplasia.pdf	CD012214_metformin_hyperplasia	1.2	1	Metformin versus megestrol	Metformin versus megestrol	Progression of endometrial hyperplasia to endometrial cancer	1	Sharifzadeh 2016	Sharifzadeh 2016	27690687	.	+	+	-	-	+	+	+	.	.	.	"{""A"": ""+"", ""B"": ""+"", ""C"": ""-"", ""D"": ""-"", ""E"": ""+"", ""F"": ""+"", ""G"": ""+""}"	"{""A"": ""Random sequence generation (selection bias)"", ""B"": ""Allocation concealment (selection bias)"", ""C"": ""Blinding of participants and personnel (performance bias)"", ""D"": ""Blinding of outcome assessment (detection bias)"", ""E"": ""Incomplete outcome data (attrition bias)"", ""F"": ""Selective reporting (reporting bias)"", ""G"": ""Other bias""}"	extracted	.	A + +B + ?C - ?D - ?E + +F + -G + - Risk of bias legend (A) Random sequence generation (selection bias) (B) Allocation concealment (selection bias) (C) Blinding of participants and personnel (performance bias) (D) Blinding of outcome assessment (detection bias) (E) Incomplete outcome data (attrition bias) (F) Selective reporting (reporting bias) (G) Other bias
first_pass	Cochrane_reviews/first_pass/CD012214_metformin_hyperplasia.pdf	CD012214_metformin_hyperplasia	1.2	1	Metformin versus megestrol	Metformin versus megestrol	Progression of endometrial hyperplasia to endometrial cancer	2	Tabrizi 2014	Tabrizi 2014	25556427	.	+	?	?	?	+	-	-	.	.	.	"{""A"": ""+"", ""B"": ""?"", ""C"": ""?"", ""D"": ""?"", ""E"": ""+"", ""F"": ""-"", ""G"": ""-""}"	"{""A"": ""Random sequence generation (selection bias)"", ""B"": ""Allocation concealment (selection bias)"", ""C"": ""Blinding of participants and personnel (performance bias)"", ""D"": ""Blinding of outcome assessment (detection bias)"", ""E"": ""Incomplete outcome data (attrition bias)"", ""F"": ""Selective reporting (reporting bias)"", ""G"": ""Other bias""}"	extracted	.	A + +B + ?C - ?D - ?E + +F + -G + - Risk of bias legend (A) Random sequence generation (selection bias) (B) Allocation concealment (selection bias) (C) Blinding of participants and personnel (performance bias) (D) Blinding of outcome assessment (detection bias) (E) Incomplete outcome data (attrition bias) (F) Selective reporting (reporting bias) (G) Other bias
first_pass	Cochrane_reviews/first_pass/CD012214_metformin_hyperplasia.pdf	CD012214_metformin_hyperplasia	1.3	1	Metformin versus megestrol	Metformin versus megestrol	Hysterectomy rate	1	Sharifzadeh 2016	Sharifzadeh 2016	27690687	.	+	+	-	-	+	+	+	.	.	.	"{""A"": ""+"", ""B"": ""+"", ""C"": ""-"", ""D"": ""-"", ""E"": ""+"", ""F"": ""+"", ""G"": ""+""}"	"{""A"": ""Random sequence generation (selection bias)"", ""B"": ""Allocation concealment (selection bias)"", ""C"": ""Blinding of participants and personnel (performance bias)"", ""D"": ""Blinding of outcome assessment (detection bias)"", ""E"": ""Incomplete outcome data (attrition bias)"", ""F"": ""Selective reporting (reporting bias)"", ""G"": ""Other bias Metformin for endometrial hyperplasia (Review) Copyright \u00a9 2024 The Cochrane Collaboration. Published by John Wiley & Sons, Ltd.50 Cochrane LibraryTrusted evidence. Informed decisions. Better health. Cochrane Database of Systematic Reviews""}"	extracted	.	A + +B + ?C - ?D - ?E + +F + -G + - Risk of bias legend (A) Random sequence generation (selection bias) (B) Allocation concealment (selection bias) (C) Blinding of participants and personnel (performance bias) (D) Blinding of outcome assessment (detection bias) (E) Incomplete outcome data (attrition bias) (F) Selective reporting (reporting bias) (G) Other bias Metformin for endometrial hyperplasia (Review) Copyright © 2024 The Cochrane Collaboration. Published by John Wiley & Sons, Ltd.50 Cochrane LibraryTrusted evidence. Informed decisions. Better health. Cochrane Database of Systematic Reviews
first_pass	Cochrane_reviews/first_pass/CD012214_metformin_hyperplasia.pdf	CD012214_metformin_hyperplasia	1.3	1	Metformin versus megestrol	Metformin versus megestrol	Hysterectomy rate	2	Tabrizi 2014	Tabrizi 2014	25556427	.	+	?	?	?	+	-	-	.	.	.	"{""A"": ""+"", ""B"": ""?"", ""C"": ""?"", ""D"": ""?"", ""E"": ""+"", ""F"": ""-"", ""G"": ""-""}"	"{""A"": ""Random sequence generation (selection bias)"", ""B"": ""Allocation concealment (selection bias)"", ""C"": ""Blinding of participants and personnel (performance bias)"", ""D"": ""Blinding of outcome assessment (detection bias)"", ""E"": ""Incomplete outcome data (attrition bias)"", ""F"": ""Selective reporting (reporting bias)"", ""G"": ""Other bias Metformin for endometrial hyperplasia (Review) Copyright \u00a9 2024 The Cochrane Collaboration. Published by John Wiley & Sons, Ltd.50 Cochrane LibraryTrusted evidence. Informed decisions. Better health. Cochrane Database of Systematic Reviews""}"	extracted	.	A + +B + ?C - ?D - ?E + +F + -G + - Risk of bias legend (A) Random sequence generation (selection bias) (B) Allocation concealment (selection bias) (C) Blinding of participants and personnel (performance bias) (D) Blinding of outcome assessment (detection bias) (E) Incomplete outcome data (attrition bias) (F) Selective reporting (reporting bias) (G) Other bias Metformin for endometrial hyperplasia (Review) Copyright © 2024 The Cochrane Collaboration. Published by John Wiley & Sons, Ltd.50 Cochrane LibraryTrusted evidence. Informed decisions. Better health. Cochrane Database of Systematic Reviews
first_pass	Cochrane_reviews/first_pass/CD012214_metformin_hyperplasia.pdf	CD012214_metformin_hyperplasia	2.1	2	Metformin plus megestrol versus megestrol	Metformin plus megestrol versus megestrol	Regression of endometrial hyperplasia (with or without atypia) to proliferative, secretory or atrophic endometrium	1	Sayyah Melli 2018	Sayyah Melli 2018	.	.	+	+	-	-	+	+	+	.	.	.	"{""A"": ""+"", ""B"": ""+"", ""C"": ""-"", ""D"": ""-"", ""E"": ""+"", ""F"": ""+"", ""G"": ""+""}"	"{""A"": ""Random sequence generation (selection bias)"", ""B"": ""Allocation concealment (selection bias)"", ""C"": ""Blinding of participants and personnel (performance bias)"", ""D"": ""Blinding of outcome assessment (detection bias)"", ""E"": ""Incomplete outcome data (attrition bias)"", ""F"": ""Selective reporting (reporting bias)"", ""G"": ""Other bias Metformin for endometrial hyperplasia (Review) Copyright \u00a9 2024 The Cochrane Collaboration. Published by John Wiley & Sons, Ltd.51 Cochrane LibraryTrusted evidence. Informed decisions. Better health. Cochrane Database of Systematic Reviews""}"	extracted	.	A + + + +B + ? + +C - - + -D - + + -E + - + +F + - + +G + + + ? Risk of bias legend (A) Random sequence generation (selection bias) (B) Allocation concealment (selection bias) (C) Blinding of participants and personnel (performance bias) (D) Blinding of outcome assessment (detection bias) (E) Incomplete outcome data (attrition bias) (F) Selective reporting (reporting bias) (G) Other bias Metformin for endometrial hyperplasia (Review) Copyright © 2024 The Cochrane Collaboration. Published by John Wiley & Sons, Ltd.51 Cochrane LibraryTrusted evidence. Informed decisions. Better health. Cochrane Database of Systematic Reviews
first_pass	Cochrane_reviews/first_pass/CD012214_metformin_hyperplasia.pdf	CD012214_metformin_hyperplasia	2.1	2	Metformin plus megestrol versus megestrol	Metformin plus megestrol versus megestrol	Regression of endometrial hyperplasia (with or without atypia) to proliferative, secretory or atrophic endometrium	2	Shan 2014	Shan 2014	25045434;25358102	PMC4102740;PMC4230402	+	?	-	+	-	-	+	.	.	.	"{""A"": ""+"", ""B"": ""?"", ""C"": ""-"", ""D"": ""+"", ""E"": ""-"", ""F"": ""-"", ""G"": ""+""}"	"{""A"": ""Random sequence generation (selection bias)"", ""B"": ""Allocation concealment (selection bias)"", ""C"": ""Blinding of participants and personnel (performance bias)"", ""D"": ""Blinding of outcome assessment (detection bias)"", ""E"": ""Incomplete outcome data (attrition bias)"", ""F"": ""Selective reporting (reporting bias)"", ""G"": ""Other bias Metformin for endometrial hyperplasia (Review) Copyright \u00a9 2024 The Cochrane Collaboration. Published by John Wiley & Sons, Ltd.51 Cochrane LibraryTrusted evidence. Informed decisions. Better health. Cochrane Database of Systematic Reviews""}"	extracted	.	A + + + +B + ? + +C - - + -D - + + -E + - + +F + - + +G + + + ? Risk of bias legend (A) Random sequence generation (selection bias) (B) Allocation concealment (selection bias) (C) Blinding of participants and personnel (performance bias) (D) Blinding of outcome assessment (detection bias) (E) Incomplete outcome data (attrition bias) (F) Selective reporting (reporting bias) (G) Other bias Metformin for endometrial hyperplasia (Review) Copyright © 2024 The Cochrane Collaboration. Published by John Wiley & Sons, Ltd.51 Cochrane LibraryTrusted evidence. Informed decisions. Better health. Cochrane Database of Systematic Reviews
first_pass	Cochrane_reviews/first_pass/CD012214_metformin_hyperplasia.pdf	CD012214_metformin_hyperplasia	2.1	2	Metformin plus megestrol versus megestrol	Metformin plus megestrol versus megestrol	Regression of endometrial hyperplasia (with or without atypia) to proliferative, secretory or atrophic endometrium	3	Tehranian 2021	Tehranian 2021	32652300	.	+	+	+	+	+	+	+	.	.	.	"{""A"": ""+"", ""B"": ""+"", ""C"": ""+"", ""D"": ""+"", ""E"": ""+"", ""F"": ""+"", ""G"": ""+""}"	"{""A"": ""Random sequence generation (selection bias)"", ""B"": ""Allocation concealment (selection bias)"", ""C"": ""Blinding of participants and personnel (performance bias)"", ""D"": ""Blinding of outcome assessment (detection bias)"", ""E"": ""Incomplete outcome data (attrition bias)"", ""F"": ""Selective reporting (reporting bias)"", ""G"": ""Other bias Metformin for endometrial hyperplasia (Review) Copyright \u00a9 2024 The Cochrane Collaboration. Published by John Wiley & Sons, Ltd.51 Cochrane LibraryTrusted evidence. Informed decisions. Better health. Cochrane Database of Systematic Reviews""}"	extracted	.	A + + + +B + ? + +C - - + -D - + + -E + - + +F + - + +G + + + ? Risk of bias legend (A) Random sequence generation (selection bias) (B) Allocation concealment (selection bias) (C) Blinding of participants and personnel (performance bias) (D) Blinding of outcome assessment (detection bias) (E) Incomplete outcome data (attrition bias) (F) Selective reporting (reporting bias) (G) Other bias Metformin for endometrial hyperplasia (Review) Copyright © 2024 The Cochrane Collaboration. Published by John Wiley & Sons, Ltd.51 Cochrane LibraryTrusted evidence. Informed decisions. Better health. Cochrane Database of Systematic Reviews
first_pass	Cochrane_reviews/first_pass/CD012214_metformin_hyperplasia.pdf	CD012214_metformin_hyperplasia	2.1	2	Metformin plus megestrol versus megestrol	Metformin plus megestrol versus megestrol	Regression of endometrial hyperplasia (with or without atypia) to proliferative, secretory or atrophic endometrium	4	Yang 2020	Yang 2020	31961463	.	+	+	-	-	+	+	?	.	.	.	"{""A"": ""+"", ""B"": ""+"", ""C"": ""-"", ""D"": ""-"", ""E"": ""+"", ""F"": ""+"", ""G"": ""?""}"	"{""A"": ""Random sequence generation (selection bias)"", ""B"": ""Allocation concealment (selection bias)"", ""C"": ""Blinding of participants and personnel (performance bias)"", ""D"": ""Blinding of outcome assessment (detection bias)"", ""E"": ""Incomplete outcome data (attrition bias)"", ""F"": ""Selective reporting (reporting bias)"", ""G"": ""Other bias Metformin for endometrial hyperplasia (Review) Copyright \u00a9 2024 The Cochrane Collaboration. Published by John Wiley & Sons, Ltd.51 Cochrane LibraryTrusted evidence. Informed decisions. Better health. Cochrane Database of Systematic Reviews""}"	extracted	.	A + + + +B + ? + +C - - + -D - + + -E + - + +F + - + +G + + + ? Risk of bias legend (A) Random sequence generation (selection bias) (B) Allocation concealment (selection bias) (C) Blinding of participants and personnel (performance bias) (D) Blinding of outcome assessment (detection bias) (E) Incomplete outcome data (attrition bias) (F) Selective reporting (reporting bias) (G) Other bias Metformin for endometrial hyperplasia (Review) Copyright © 2024 The Cochrane Collaboration. Published by John Wiley & Sons, Ltd.51 Cochrane LibraryTrusted evidence. Informed decisions. Better health. Cochrane Database of Systematic Reviews
first_pass	Cochrane_reviews/first_pass/CD012214_metformin_hyperplasia.pdf	CD012214_metformin_hyperplasia	2.2	2	Metformin plus megestrol versus megestrol	Metformin plus megestrol versus megestrol	Recurrence of endometrial hyperplasia	1	Shan 2014	Shan 2014	25045434;25358102	PMC4102740;PMC4230402	+	?	-	+	-	-	+	.	.	.	"{""A"": ""+"", ""B"": ""?"", ""C"": ""-"", ""D"": ""+"", ""E"": ""-"", ""F"": ""-"", ""G"": ""+""}"	"{""A"": ""Random sequence generation (selection bias)"", ""B"": ""Allocation concealment (selection bias)"", ""C"": ""Blinding of participants and personnel (performance bias)"", ""D"": ""Blinding of outcome assessment (detection bias)"", ""E"": ""Incomplete outcome data (attrition bias)"", ""F"": ""Selective reporting (reporting bias)"", ""G"": ""Other bias""}"	extracted	.	A +B ?C -D +E -F -G + Risk of bias legend (A) Random sequence generation (selection bias) (B) Allocation concealment (selection bias) (C) Blinding of participants and personnel (performance bias) (D) Blinding of outcome assessment (detection bias) (E) Incomplete outcome data (attrition bias) (F) Selective reporting (reporting bias) (G) Other bias
first_pass	Cochrane_reviews/first_pass/CD012214_metformin_hyperplasia.pdf	CD012214_metformin_hyperplasia	2.3	2	Metformin plus megestrol versus megestrol	Metformin plus megestrol versus megestrol	Progression of endometrial hyperplasia to endometrial cancer	1	Sayyah Melli 2018	Sayyah Melli 2018	.	.	+	+	-	-	+	+	+	.	.	.	"{""A"": ""+"", ""B"": ""+"", ""C"": ""-"", ""D"": ""-"", ""E"": ""+"", ""F"": ""+"", ""G"": ""+""}"	"{""A"": ""Random sequence generation (selection bias)"", ""B"": ""Allocation concealment (selection bias)"", ""C"": ""Blinding of participants and personnel (performance bias)"", ""D"": ""Blinding of outcome assessment (detection bias)"", ""E"": ""Incomplete outcome data (attrition bias)"", ""F"": ""Selective reporting (reporting bias)"", ""G"": ""Other bias Metformin for endometrial hyperplasia (Review) Copyright \u00a9 2024 The Cochrane Collaboration. Published by John Wiley & Sons, Ltd.52 Cochrane LibraryTrusted evidence. Informed decisions. Better health. Cochrane Database of Systematic Reviews""}"	extracted	.	A + + +B + ? +C - - +D - + +E + - +F + - +G + + + Risk of bias legend (A) Random sequence generation (selection bias) (B) Allocation concealment (selection bias) (C) Blinding of participants and personnel (performance bias) (D) Blinding of outcome assessment (detection bias) (E) Incomplete outcome data (attrition bias) (F) Selective reporting (reporting bias) (G) Other bias Metformin for endometrial hyperplasia (Review) Copyright © 2024 The Cochrane Collaboration. Published by John Wiley & Sons, Ltd.52 Cochrane LibraryTrusted evidence. Informed decisions. Better health. Cochrane Database of Systematic Reviews
first_pass	Cochrane_reviews/first_pass/CD012214_metformin_hyperplasia.pdf	CD012214_metformin_hyperplasia	2.3	2	Metformin plus megestrol versus megestrol	Metformin plus megestrol versus megestrol	Progression of endometrial hyperplasia to endometrial cancer	2	Shan 2014	Shan 2014	25045434;25358102	PMC4102740;PMC4230402	+	?	-	+	-	-	+	.	.	.	"{""A"": ""+"", ""B"": ""?"", ""C"": ""-"", ""D"": ""+"", ""E"": ""-"", ""F"": ""-"", ""G"": ""+""}"	"{""A"": ""Random sequence generation (selection bias)"", ""B"": ""Allocation concealment (selection bias)"", ""C"": ""Blinding of participants and personnel (performance bias)"", ""D"": ""Blinding of outcome assessment (detection bias)"", ""E"": ""Incomplete outcome data (attrition bias)"", ""F"": ""Selective reporting (reporting bias)"", ""G"": ""Other bias Metformin for endometrial hyperplasia (Review) Copyright \u00a9 2024 The Cochrane Collaboration. Published by John Wiley & Sons, Ltd.52 Cochrane LibraryTrusted evidence. Informed decisions. Better health. Cochrane Database of Systematic Reviews""}"	extracted	.	A + + +B + ? +C - - +D - + +E + - +F + - +G + + + Risk of bias legend (A) Random sequence generation (selection bias) (B) Allocation concealment (selection bias) (C) Blinding of participants and personnel (performance bias) (D) Blinding of outcome assessment (detection bias) (E) Incomplete outcome data (attrition bias) (F) Selective reporting (reporting bias) (G) Other bias Metformin for endometrial hyperplasia (Review) Copyright © 2024 The Cochrane Collaboration. Published by John Wiley & Sons, Ltd.52 Cochrane LibraryTrusted evidence. Informed decisions. Better health. Cochrane Database of Systematic Reviews
first_pass	Cochrane_reviews/first_pass/CD012214_metformin_hyperplasia.pdf	CD012214_metformin_hyperplasia	2.3	2	Metformin plus megestrol versus megestrol	Metformin plus megestrol versus megestrol	Progression of endometrial hyperplasia to endometrial cancer	3	Tehranian 2021	Tehranian 2021	32652300	.	+	+	+	+	+	+	+	.	.	.	"{""A"": ""+"", ""B"": ""+"", ""C"": ""+"", ""D"": ""+"", ""E"": ""+"", ""F"": ""+"", ""G"": ""+""}"	"{""A"": ""Random sequence generation (selection bias)"", ""B"": ""Allocation concealment (selection bias)"", ""C"": ""Blinding of participants and personnel (performance bias)"", ""D"": ""Blinding of outcome assessment (detection bias)"", ""E"": ""Incomplete outcome data (attrition bias)"", ""F"": ""Selective reporting (reporting bias)"", ""G"": ""Other bias Metformin for endometrial hyperplasia (Review) Copyright \u00a9 2024 The Cochrane Collaboration. Published by John Wiley & Sons, Ltd.52 Cochrane LibraryTrusted evidence. Informed decisions. Better health. Cochrane Database of Systematic Reviews""}"	extracted	.	A + + +B + ? +C - - +D - + +E + - +F + - +G + + + Risk of bias legend (A) Random sequence generation (selection bias) (B) Allocation concealment (selection bias) (C) Blinding of participants and personnel (performance bias) (D) Blinding of outcome assessment (detection bias) (E) Incomplete outcome data (attrition bias) (F) Selective reporting (reporting bias) (G) Other bias Metformin for endometrial hyperplasia (Review) Copyright © 2024 The Cochrane Collaboration. Published by John Wiley & Sons, Ltd.52 Cochrane LibraryTrusted evidence. Informed decisions. Better health. Cochrane Database of Systematic Reviews
first_pass	Cochrane_reviews/first_pass/CD012214_metformin_hyperplasia.pdf	CD012214_metformin_hyperplasia	2.4	2	Metformin plus megestrol versus megestrol	Metformin plus megestrol versus megestrol	Hysterectomy rate	1	Shan 2014	Shan 2014	25045434;25358102	PMC4102740;PMC4230402	+	?	-	+	-	-	+	.	.	.	"{""A"": ""+"", ""B"": ""?"", ""C"": ""-"", ""D"": ""+"", ""E"": ""-"", ""F"": ""-"", ""G"": ""+""}"	"{""A"": ""Random sequence generation (selection bias)"", ""B"": ""Allocation concealment (selection bias)"", ""C"": ""Blinding of participants and personnel (performance bias)"", ""D"": ""Blinding of outcome assessment (detection bias)"", ""E"": ""Incomplete outcome data (attrition bias)"", ""F"": ""Selective reporting (reporting bias)"", ""G"": ""Other bias""}"	extracted	.	A + +B ? +C - +D + +E - +F - +G + + Risk of bias legend (A) Random sequence generation (selection bias) (B) Allocation concealment (selection bias) (C) Blinding of participants and personnel (performance bias) (D) Blinding of outcome assessment (detection bias) (E) Incomplete outcome data (attrition bias) (F) Selective reporting (reporting bias) (G) Other bias
first_pass	Cochrane_reviews/first_pass/CD012214_metformin_hyperplasia.pdf	CD012214_metformin_hyperplasia	2.4	2	Metformin plus megestrol versus megestrol	Metformin plus megestrol versus megestrol	Hysterectomy rate	2	Tehranian 2021	Tehranian 2021	32652300	.	+	+	+	+	+	+	+	.	.	.	"{""A"": ""+"", ""B"": ""+"", ""C"": ""+"", ""D"": ""+"", ""E"": ""+"", ""F"": ""+"", ""G"": ""+""}"	"{""A"": ""Random sequence generation (selection bias)"", ""B"": ""Allocation concealment (selection bias)"", ""C"": ""Blinding of participants and personnel (performance bias)"", ""D"": ""Blinding of outcome assessment (detection bias)"", ""E"": ""Incomplete outcome data (attrition bias)"", ""F"": ""Selective reporting (reporting bias)"", ""G"": ""Other bias""}"	extracted	.	A + +B ? +C - +D + +E - +F - +G + + Risk of bias legend (A) Random sequence generation (selection bias) (B) Allocation concealment (selection bias) (C) Blinding of participants and personnel (performance bias) (D) Blinding of outcome assessment (detection bias) (E) Incomplete outcome data (attrition bias) (F) Selective reporting (reporting bias) (G) Other bias
first_pass	Cochrane_reviews/first_pass/CD014811_loop_diuretics_hf.pdf	CD014811_loop_diuretics_hf	1.1	1	Meta-analysis continuous infusion versus bolus injection	continuous infusion versus bolus injection	Net weight loss (kg)	1	Allen 2010 (1)	Allen 2010	20538132	PMC3900281	?	+	+	+	?	?	.	.	.	.	"{""A"": ""?"", ""B"": ""+"", ""C"": ""+"", ""D"": ""+"", ""E"": ""?"", ""F"": ""?""}"	"{""A"": ""Bias arising from the randomization process"", ""B"": ""Bias due to deviations from intended interventions"", ""C"": ""Bias due to missing outcome data"", ""D"": ""Bias in measurement of the outcome"", ""E"": ""Bias in selection of the reported result"", ""F"": ""Overall bias""}"	extracted	.	A ? + - + ?B + + ? + ?C + + + + -D + + + + +E ? + ? ? ?F ? + - ? - Footnotes (1) Until hospital day 3 or discharge, whichever came first. (2) At 72 hours. (3) Until discharge. (4) Until decompensation. Risk of bias legend (A) Bias arising from the randomization process (B) Bias due to deviations from intended interventions (C) Bias due to missing outcome data (D) Bias in measurement of the outcome (E) Bias in selection of the reported result (F) Overall bias
first_pass	Cochrane_reviews/first_pass/CD014811_loop_diuretics_hf.pdf	CD014811_loop_diuretics_hf	1.1	1	Meta-analysis continuous infusion versus bolus injection	continuous infusion versus bolus injection	Net weight loss (kg)	2	Felker 2011 (2)	Felker 2011	21366472	PMC3412356	+	+	+	+	+	+	.	.	.	.	"{""A"": ""+"", ""B"": ""+"", ""C"": ""+"", ""D"": ""+"", ""E"": ""+"", ""F"": ""+""}"	"{""A"": ""Bias arising from the randomization process"", ""B"": ""Bias due to deviations from intended interventions"", ""C"": ""Bias due to missing outcome data"", ""D"": ""Bias in measurement of the outcome"", ""E"": ""Bias in selection of the reported result"", ""F"": ""Overall bias""}"	extracted	.	A ? + - + ?B + + ? + ?C + + + + -D + + + + +E ? + ? ? ?F ? + - ? - Footnotes (1) Until hospital day 3 or discharge, whichever came first. (2) At 72 hours. (3) Until discharge. (4) Until decompensation. Risk of bias legend (A) Bias arising from the randomization process (B) Bias due to deviations from intended interventions (C) Bias due to missing outcome data (D) Bias in measurement of the outcome (E) Bias in selection of the reported result (F) Overall bias
first_pass	Cochrane_reviews/first_pass/CD014811_loop_diuretics_hf.pdf	CD014811_loop_diuretics_hf	1.1	1	Meta-analysis continuous infusion versus bolus injection	continuous infusion versus bolus injection	Net weight loss (kg)	3	Sager 2020 (3)	Sager 2020	32670365	PMC7338932	-	?	+	+	?	-	.	.	.	.	"{""A"": ""-"", ""B"": ""?"", ""C"": ""+"", ""D"": ""+"", ""E"": ""?"", ""F"": ""-""}"	"{""A"": ""Bias arising from the randomization process"", ""B"": ""Bias due to deviations from intended interventions"", ""C"": ""Bias due to missing outcome data"", ""D"": ""Bias in measurement of the outcome"", ""E"": ""Bias in selection of the reported result"", ""F"": ""Overall bias""}"	extracted	.	A ? + - + ?B + + ? + ?C + + + + -D + + + + +E ? + ? ? ?F ? + - ? - Footnotes (1) Until hospital day 3 or discharge, whichever came first. (2) At 72 hours. (3) Until discharge. (4) Until decompensation. Risk of bias legend (A) Bias arising from the randomization process (B) Bias due to deviations from intended interventions (C) Bias due to missing outcome data (D) Bias in measurement of the outcome (E) Bias in selection of the reported result (F) Overall bias
first_pass	Cochrane_reviews/first_pass/CD014811_loop_diuretics_hf.pdf	CD014811_loop_diuretics_hf	1.1	1	Meta-analysis continuous infusion versus bolus injection	continuous infusion versus bolus injection	Net weight loss (kg)	4	Yayla 2015 (4)	Yayla 2015	26135463	.	+	+	+	+	?	?	.	.	.	.	"{""A"": ""+"", ""B"": ""+"", ""C"": ""+"", ""D"": ""+"", ""E"": ""?"", ""F"": ""?""}"	"{""A"": ""Bias arising from the randomization process"", ""B"": ""Bias due to deviations from intended interventions"", ""C"": ""Bias due to missing outcome data"", ""D"": ""Bias in measurement of the outcome"", ""E"": ""Bias in selection of the reported result"", ""F"": ""Overall bias""}"	extracted	.	A ? + - + ?B + + ? + ?C + + + + -D + + + + +E ? + ? ? ?F ? + - ? - Footnotes (1) Until hospital day 3 or discharge, whichever came first. (2) At 72 hours. (3) Until discharge. (4) Until decompensation. Risk of bias legend (A) Bias arising from the randomization process (B) Bias due to deviations from intended interventions (C) Bias due to missing outcome data (D) Bias in measurement of the outcome (E) Bias in selection of the reported result (F) Overall bias
first_pass	Cochrane_reviews/first_pass/CD014811_loop_diuretics_hf.pdf	CD014811_loop_diuretics_hf	1.1	1	Meta-analysis continuous infusion versus bolus injection	continuous infusion versus bolus injection	Net weight loss (kg)	5	Zheng 2021 (2)	Zheng 2021	33689236	PMC8120396	?	?	-	+	?	-	.	.	.	.	"{""A"": ""?"", ""B"": ""?"", ""C"": ""-"", ""D"": ""+"", ""E"": ""?"", ""F"": ""-""}"	"{""A"": ""Bias arising from the randomization process"", ""B"": ""Bias due to deviations from intended interventions"", ""C"": ""Bias due to missing outcome data"", ""D"": ""Bias in measurement of the outcome"", ""E"": ""Bias in selection of the reported result"", ""F"": ""Overall bias""}"	extracted	.	A ? + - + ?B + + ? + ?C + + + + -D + + + + +E ? + ? ? ?F ? + - ? - Footnotes (1) Until hospital day 3 or discharge, whichever came first. (2) At 72 hours. (3) Until discharge. (4) Until decompensation. Risk of bias legend (A) Bias arising from the randomization process (B) Bias due to deviations from intended interventions (C) Bias due to missing outcome data (D) Bias in measurement of the outcome (E) Bias in selection of the reported result (F) Overall bias
first_pass	Cochrane_reviews/first_pass/CD014811_loop_diuretics_hf.pdf	CD014811_loop_diuretics_hf	1.2	1	Meta-analysis continuous infusion versus bolus injection	continuous infusion versus bolus injection	All-cause mortality	1	Allen 2010 (1)	Allen 2010	20538132	PMC3900281	?	+	+	+	?	?	.	.	.	.	"{""A"": ""?"", ""B"": ""+"", ""C"": ""+"", ""D"": ""+"", ""E"": ""?"", ""F"": ""?""}"	"{""A"": ""Bias arising from the randomization process"", ""B"": ""Bias due to deviations from intended interventions"", ""C"": ""Bias due to missing outcome data"", ""D"": ""Bias in measurement of the outcome"", ""E"": ""Bias in selection of the reported result"", ""F"": ""Overall bias Continuous infusion versus bolus injection of loop diuretics for acute heart failure (Review) Copyright \u00a9 2024 The Cochrane Collaboration. Published by John Wiley & Sons, Ltd.46 Cochrane LibraryTrusted evidence. Informed decisions. Better health. Cochrane Database of Systematic Reviews""}"	extracted	.	A ? + - ? ?B + + ? ? ?C + + + + -D + + + + +E ? + ? ? ?F ? + - ? - Footnotes (1) 90 days. (2) 60 days. (3) 30 days. (4) During hospitalisation. Risk of bias legend (A) Bias arising from the randomization process (B) Bias due to deviations from intended interventions (C) Bias due to missing outcome data (D) Bias in measurement of the outcome (E) Bias in selection of the reported result (F) Overall bias Continuous infusion versus bolus injection of loop diuretics for acute heart failure (Review) Copyright © 2024 The Cochrane Collaboration. Published by John Wiley & Sons, Ltd.46 Cochrane LibraryTrusted evidence. Informed decisions. Better health. Cochrane Database of Systematic Reviews
first_pass	Cochrane_reviews/first_pass/CD014811_loop_diuretics_hf.pdf	CD014811_loop_diuretics_hf	1.2	1	Meta-analysis continuous infusion versus bolus injection	continuous infusion versus bolus injection	All-cause mortality	2	Felker 2011 (2)	Felker 2011	21366472	PMC3412356	+	+	+	+	+	+	.	.	.	.	"{""A"": ""+"", ""B"": ""+"", ""C"": ""+"", ""D"": ""+"", ""E"": ""+"", ""F"": ""+""}"	"{""A"": ""Bias arising from the randomization process"", ""B"": ""Bias due to deviations from intended interventions"", ""C"": ""Bias due to missing outcome data"", ""D"": ""Bias in measurement of the outcome"", ""E"": ""Bias in selection of the reported result"", ""F"": ""Overall bias Continuous infusion versus bolus injection of loop diuretics for acute heart failure (Review) Copyright \u00a9 2024 The Cochrane Collaboration. Published by John Wiley & Sons, Ltd.46 Cochrane LibraryTrusted evidence. Informed decisions. Better health. Cochrane Database of Systematic Reviews""}"	extracted	.	A ? + - ? ?B + + ? ? ?C + + + + -D + + + + +E ? + ? ? ?F ? + - ? - Footnotes (1) 90 days. (2) 60 days. (3) 30 days. (4) During hospitalisation. Risk of bias legend (A) Bias arising from the randomization process (B) Bias due to deviations from intended interventions (C) Bias due to missing outcome data (D) Bias in measurement of the outcome (E) Bias in selection of the reported result (F) Overall bias Continuous infusion versus bolus injection of loop diuretics for acute heart failure (Review) Copyright © 2024 The Cochrane Collaboration. Published by John Wiley & Sons, Ltd.46 Cochrane LibraryTrusted evidence. Informed decisions. Better health. Cochrane Database of Systematic Reviews
first_pass	Cochrane_reviews/first_pass/CD014811_loop_diuretics_hf.pdf	CD014811_loop_diuretics_hf	1.2	1	Meta-analysis continuous infusion versus bolus injection	continuous infusion versus bolus injection	All-cause mortality	3	Sager 2020 (1)	Sager 2020	32670365	PMC7338932	-	?	+	+	?	-	.	.	.	.	"{""A"": ""-"", ""B"": ""?"", ""C"": ""+"", ""D"": ""+"", ""E"": ""?"", ""F"": ""-""}"	"{""A"": ""Bias arising from the randomization process"", ""B"": ""Bias due to deviations from intended interventions"", ""C"": ""Bias due to missing outcome data"", ""D"": ""Bias in measurement of the outcome"", ""E"": ""Bias in selection of the reported result"", ""F"": ""Overall bias Continuous infusion versus bolus injection of loop diuretics for acute heart failure (Review) Copyright \u00a9 2024 The Cochrane Collaboration. Published by John Wiley & Sons, Ltd.46 Cochrane LibraryTrusted evidence. Informed decisions. Better health. Cochrane Database of Systematic Reviews""}"	extracted	.	A ? + - ? ?B + + ? ? ?C + + + + -D + + + + +E ? + ? ? ?F ? + - ? - Footnotes (1) 90 days. (2) 60 days. (3) 30 days. (4) During hospitalisation. Risk of bias legend (A) Bias arising from the randomization process (B) Bias due to deviations from intended interventions (C) Bias due to missing outcome data (D) Bias in measurement of the outcome (E) Bias in selection of the reported result (F) Overall bias Continuous infusion versus bolus injection of loop diuretics for acute heart failure (Review) Copyright © 2024 The Cochrane Collaboration. Published by John Wiley & Sons, Ltd.46 Cochrane LibraryTrusted evidence. Informed decisions. Better health. Cochrane Database of Systematic Reviews
first_pass	Cochrane_reviews/first_pass/CD014811_loop_diuretics_hf.pdf	CD014811_loop_diuretics_hf	1.2	1	Meta-analysis continuous infusion versus bolus injection	continuous infusion versus bolus injection	All-cause mortality	4	Shah 2014 (3)	Shah 2014	24973836	PMC4121756	?	?	+	+	?	?	.	.	.	.	"{""A"": ""?"", ""B"": ""?"", ""C"": ""+"", ""D"": ""+"", ""E"": ""?"", ""F"": ""?""}"	"{""A"": ""Bias arising from the randomization process"", ""B"": ""Bias due to deviations from intended interventions"", ""C"": ""Bias due to missing outcome data"", ""D"": ""Bias in measurement of the outcome"", ""E"": ""Bias in selection of the reported result"", ""F"": ""Overall bias Continuous infusion versus bolus injection of loop diuretics for acute heart failure (Review) Copyright \u00a9 2024 The Cochrane Collaboration. Published by John Wiley & Sons, Ltd.46 Cochrane LibraryTrusted evidence. Informed decisions. Better health. Cochrane Database of Systematic Reviews""}"	extracted	.	A ? + - ? ?B + + ? ? ?C + + + + -D + + + + +E ? + ? ? ?F ? + - ? - Footnotes (1) 90 days. (2) 60 days. (3) 30 days. (4) During hospitalisation. Risk of bias legend (A) Bias arising from the randomization process (B) Bias due to deviations from intended interventions (C) Bias due to missing outcome data (D) Bias in measurement of the outcome (E) Bias in selection of the reported result (F) Overall bias Continuous infusion versus bolus injection of loop diuretics for acute heart failure (Review) Copyright © 2024 The Cochrane Collaboration. Published by John Wiley & Sons, Ltd.46 Cochrane LibraryTrusted evidence. Informed decisions. Better health. Cochrane Database of Systematic Reviews
first_pass	Cochrane_reviews/first_pass/CD014811_loop_diuretics_hf.pdf	CD014811_loop_diuretics_hf	1.2	1	Meta-analysis continuous infusion versus bolus injection	continuous infusion versus bolus injection	All-cause mortality	5	Zheng 2021 (4)	Zheng 2021	33689236	PMC8120396	?	?	-	+	?	-	.	.	.	.	"{""A"": ""?"", ""B"": ""?"", ""C"": ""-"", ""D"": ""+"", ""E"": ""?"", ""F"": ""-""}"	"{""A"": ""Bias arising from the randomization process"", ""B"": ""Bias due to deviations from intended interventions"", ""C"": ""Bias due to missing outcome data"", ""D"": ""Bias in measurement of the outcome"", ""E"": ""Bias in selection of the reported result"", ""F"": ""Overall bias Continuous infusion versus bolus injection of loop diuretics for acute heart failure (Review) Copyright \u00a9 2024 The Cochrane Collaboration. Published by John Wiley & Sons, Ltd.46 Cochrane LibraryTrusted evidence. Informed decisions. Better health. Cochrane Database of Systematic Reviews""}"	extracted	.	A ? + - ? ?B + + ? ? ?C + + + + -D + + + + +E ? + ? ? ?F ? + - ? - Footnotes (1) 90 days. (2) 60 days. (3) 30 days. (4) During hospitalisation. Risk of bias legend (A) Bias arising from the randomization process (B) Bias due to deviations from intended interventions (C) Bias due to missing outcome data (D) Bias in measurement of the outcome (E) Bias in selection of the reported result (F) Overall bias Continuous infusion versus bolus injection of loop diuretics for acute heart failure (Review) Copyright © 2024 The Cochrane Collaboration. Published by John Wiley & Sons, Ltd.46 Cochrane LibraryTrusted evidence. Informed decisions. Better health. Cochrane Database of Systematic Reviews
first_pass	Cochrane_reviews/first_pass/CD014811_loop_diuretics_hf.pdf	CD014811_loop_diuretics_hf	1.3	1	Meta-analysis continuous infusion versus bolus injection	continuous infusion versus bolus injection	Length of hospital stay (days)	1	Allen 2010	Allen 2010	20538132	PMC3900281	?	+	+	+	?	?	.	.	.	.	"{""A"": ""?"", ""B"": ""+"", ""C"": ""+"", ""D"": ""+"", ""E"": ""?"", ""F"": ""?""}"	"{""A"": ""Bias arising from the randomization process"", ""B"": ""Bias due to deviations from intended interventions"", ""C"": ""Bias due to missing outcome data"", ""D"": ""Bias in measurement of the outcome"", ""E"": ""Bias in selection of the reported result"", ""F"": ""Overall bias""}"	extracted	.	A ? ? + ?B + + + ?C + + + -D + + + +E ? ? ? ?F ? ? ? - Risk of bias legend (A) Bias arising from the randomization process (B) Bias due to deviations from intended interventions (C) Bias due to missing outcome data (D) Bias in measurement of the outcome (E) Bias in selection of the reported result (F) Overall bias
first_pass	Cochrane_reviews/first_pass/CD014811_loop_diuretics_hf.pdf	CD014811_loop_diuretics_hf	1.3	1	Meta-analysis continuous infusion versus bolus injection	continuous infusion versus bolus injection	Length of hospital stay (days)	2	Shah 2014	Shah 2014	24973836	PMC4121756	?	+	+	+	?	?	.	.	.	.	"{""A"": ""?"", ""B"": ""+"", ""C"": ""+"", ""D"": ""+"", ""E"": ""?"", ""F"": ""?""}"	"{""A"": ""Bias arising from the randomization process"", ""B"": ""Bias due to deviations from intended interventions"", ""C"": ""Bias due to missing outcome data"", ""D"": ""Bias in measurement of the outcome"", ""E"": ""Bias in selection of the reported result"", ""F"": ""Overall bias""}"	extracted	.	A ? ? + ?B + + + ?C + + + -D + + + +E ? ? ? ?F ? ? ? - Risk of bias legend (A) Bias arising from the randomization process (B) Bias due to deviations from intended interventions (C) Bias due to missing outcome data (D) Bias in measurement of the outcome (E) Bias in selection of the reported result (F) Overall bias
first_pass	Cochrane_reviews/first_pass/CD014811_loop_diuretics_hf.pdf	CD014811_loop_diuretics_hf	1.3	1	Meta-analysis continuous infusion versus bolus injection	continuous infusion versus bolus injection	Length of hospital stay (days)	3	Yayla 2015	Yayla 2015	26135463	.	+	+	+	+	?	?	.	.	.	.	"{""A"": ""+"", ""B"": ""+"", ""C"": ""+"", ""D"": ""+"", ""E"": ""?"", ""F"": ""?""}"	"{""A"": ""Bias arising from the randomization process"", ""B"": ""Bias due to deviations from intended interventions"", ""C"": ""Bias due to missing outcome data"", ""D"": ""Bias in measurement of the outcome"", ""E"": ""Bias in selection of the reported result"", ""F"": ""Overall bias""}"	extracted	.	A ? ? + ?B + + + ?C + + + -D + + + +E ? ? ? ?F ? ? ? - Risk of bias legend (A) Bias arising from the randomization process (B) Bias due to deviations from intended interventions (C) Bias due to missing outcome data (D) Bias in measurement of the outcome (E) Bias in selection of the reported result (F) Overall bias
first_pass	Cochrane_reviews/first_pass/CD014811_loop_diuretics_hf.pdf	CD014811_loop_diuretics_hf	1.3	1	Meta-analysis continuous infusion versus bolus injection	continuous infusion versus bolus injection	Length of hospital stay (days)	4	Zheng 2021	Zheng 2021	33689236	PMC8120396	?	?	-	+	?	-	.	.	.	.	"{""A"": ""?"", ""B"": ""?"", ""C"": ""-"", ""D"": ""+"", ""E"": ""?"", ""F"": ""-""}"	"{""A"": ""Bias arising from the randomization process"", ""B"": ""Bias due to deviations from intended interventions"", ""C"": ""Bias due to missing outcome data"", ""D"": ""Bias in measurement of the outcome"", ""E"": ""Bias in selection of the reported result"", ""F"": ""Overall bias""}"	extracted	.	A ? ? + ?B + + + ?C + + + -D + + + +E ? ? ? ?F ? ? ? - Risk of bias legend (A) Bias arising from the randomization process (B) Bias due to deviations from intended interventions (C) Bias due to missing outcome data (D) Bias in measurement of the outcome (E) Bias in selection of the reported result (F) Overall bias
first_pass	Cochrane_reviews/first_pass/CD014811_loop_diuretics_hf.pdf	CD014811_loop_diuretics_hf	1.4	1	Meta-analysis continuous infusion versus bolus injection	continuous infusion versus bolus injection	Readmission to hospital following discharge for the longest available follow-up stated in the trials	1	Felker 2011 (1)	Felker 2011	21366472	PMC3412356	+	+	+	+	+	+	.	.	.	.	"{""A"": ""+"", ""B"": ""+"", ""C"": ""+"", ""D"": ""+"", ""E"": ""+"", ""F"": ""+""}"	"{""A"": ""Bias arising from the randomization process"", ""B"": ""Bias due to deviations from intended interventions"", ""C"": ""Bias due to missing outcome data"", ""D"": ""Bias in measurement of the outcome"", ""E"": ""Bias in selection of the reported result"", ""F"": ""Overall bias Continuous infusion versus bolus injection of loop diuretics for acute heart failure (Review) Copyright \u00a9 2024 The Cochrane Collaboration. Published by John Wiley & Sons, Ltd.47 Cochrane LibraryTrusted evidence. Informed decisions. Better health. Cochrane Database of Systematic Reviews""}"	extracted	.	A + - ?B + ? ?C + + +D + + +E + ? ?F + - ? Footnotes (1) 60 days. (2) 30 days. Risk of bias legend (A) Bias arising from the randomization process (B) Bias due to deviations from intended interventions (C) Bias due to missing outcome data (D) Bias in measurement of the outcome (E) Bias in selection of the reported result (F) Overall bias Continuous infusion versus bolus injection of loop diuretics for acute heart failure (Review) Copyright © 2024 The Cochrane Collaboration. Published by John Wiley & Sons, Ltd.47 Cochrane LibraryTrusted evidence. Informed decisions. Better health. Cochrane Database of Systematic Reviews
first_pass	Cochrane_reviews/first_pass/CD014811_loop_diuretics_hf.pdf	CD014811_loop_diuretics_hf	1.4	1	Meta-analysis continuous infusion versus bolus injection	continuous infusion versus bolus injection	Readmission to hospital following discharge for the longest available follow-up stated in the trials	2	Sager 2020 (2)	Sager 2020	32670365	PMC7338932	-	?	+	+	?	-	.	.	.	.	"{""A"": ""-"", ""B"": ""?"", ""C"": ""+"", ""D"": ""+"", ""E"": ""?"", ""F"": ""-""}"	"{""A"": ""Bias arising from the randomization process"", ""B"": ""Bias due to deviations from intended interventions"", ""C"": ""Bias due to missing outcome data"", ""D"": ""Bias in measurement of the outcome"", ""E"": ""Bias in selection of the reported result"", ""F"": ""Overall bias Continuous infusion versus bolus injection of loop diuretics for acute heart failure (Review) Copyright \u00a9 2024 The Cochrane Collaboration. Published by John Wiley & Sons, Ltd.47 Cochrane LibraryTrusted evidence. Informed decisions. Better health. Cochrane Database of Systematic Reviews""}"	extracted	.	A + - ?B + ? ?C + + +D + + +E + ? ?F + - ? Footnotes (1) 60 days. (2) 30 days. Risk of bias legend (A) Bias arising from the randomization process (B) Bias due to deviations from intended interventions (C) Bias due to missing outcome data (D) Bias in measurement of the outcome (E) Bias in selection of the reported result (F) Overall bias Continuous infusion versus bolus injection of loop diuretics for acute heart failure (Review) Copyright © 2024 The Cochrane Collaboration. Published by John Wiley & Sons, Ltd.47 Cochrane LibraryTrusted evidence. Informed decisions. Better health. Cochrane Database of Systematic Reviews
first_pass	Cochrane_reviews/first_pass/CD014811_loop_diuretics_hf.pdf	CD014811_loop_diuretics_hf	1.4	1	Meta-analysis continuous infusion versus bolus injection	continuous infusion versus bolus injection	Readmission to hospital following discharge for the longest available follow-up stated in the trials	3	Shah 2014 (2)	Shah 2014	24973836	PMC4121756	?	?	+	+	?	?	.	.	.	.	"{""A"": ""?"", ""B"": ""?"", ""C"": ""+"", ""D"": ""+"", ""E"": ""?"", ""F"": ""?""}"	"{""A"": ""Bias arising from the randomization process"", ""B"": ""Bias due to deviations from intended interventions"", ""C"": ""Bias due to missing outcome data"", ""D"": ""Bias in measurement of the outcome"", ""E"": ""Bias in selection of the reported result"", ""F"": ""Overall bias Continuous infusion versus bolus injection of loop diuretics for acute heart failure (Review) Copyright \u00a9 2024 The Cochrane Collaboration. Published by John Wiley & Sons, Ltd.47 Cochrane LibraryTrusted evidence. Informed decisions. Better health. Cochrane Database of Systematic Reviews""}"	extracted	.	A + - ?B + ? ?C + + +D + + +E + ? ?F + - ? Footnotes (1) 60 days. (2) 30 days. Risk of bias legend (A) Bias arising from the randomization process (B) Bias due to deviations from intended interventions (C) Bias due to missing outcome data (D) Bias in measurement of the outcome (E) Bias in selection of the reported result (F) Overall bias Continuous infusion versus bolus injection of loop diuretics for acute heart failure (Review) Copyright © 2024 The Cochrane Collaboration. Published by John Wiley & Sons, Ltd.47 Cochrane LibraryTrusted evidence. Informed decisions. Better health. Cochrane Database of Systematic Reviews
first_pass	Cochrane_reviews/first_pass/CD014811_loop_diuretics_hf.pdf	CD014811_loop_diuretics_hf	1.5	1	Meta-analysis continuous infusion versus bolus injection	continuous infusion versus bolus injection	Acute kidney injury (adverse event)	1	Felker 2011	Felker 2011	21366472	PMC3412356	+	+	+	+	+	+	.	.	.	.	"{""A"": ""+"", ""B"": ""+"", ""C"": ""+"", ""D"": ""+"", ""E"": ""+"", ""F"": ""+""}"	"{""A"": ""Bias arising from the randomization process"", ""B"": ""Bias due to deviations from intended interventions"", ""C"": ""Bias due to missing outcome data"", ""D"": ""Bias in measurement of the outcome"", ""E"": ""Bias in selection of the reported result"", ""F"": ""Overall bias""}"	extracted	.	A + + ?B + + ?C + + -D + + +E + + ?F + + - Risk of bias legend (A) Bias arising from the randomization process (B) Bias due to deviations from intended interventions (C) Bias due to missing outcome data (D) Bias in measurement of the outcome (E) Bias in selection of the reported result (F) Overall bias
first_pass	Cochrane_reviews/first_pass/CD014811_loop_diuretics_hf.pdf	CD014811_loop_diuretics_hf	1.5	1	Meta-analysis continuous infusion versus bolus injection	continuous infusion versus bolus injection	Acute kidney injury (adverse event)	2	Llorens 2014	Llorens 2014	23793945	.	+	+	+	+	+	+	.	.	.	.	"{""A"": ""+"", ""B"": ""+"", ""C"": ""+"", ""D"": ""+"", ""E"": ""+"", ""F"": ""+""}"	"{""A"": ""Bias arising from the randomization process"", ""B"": ""Bias due to deviations from intended interventions"", ""C"": ""Bias due to missing outcome data"", ""D"": ""Bias in measurement of the outcome"", ""E"": ""Bias in selection of the reported result"", ""F"": ""Overall bias""}"	extracted	.	A + + ?B + + ?C + + -D + + +E + + ?F + + - Risk of bias legend (A) Bias arising from the randomization process (B) Bias due to deviations from intended interventions (C) Bias due to missing outcome data (D) Bias in measurement of the outcome (E) Bias in selection of the reported result (F) Overall bias
first_pass	Cochrane_reviews/first_pass/CD014811_loop_diuretics_hf.pdf	CD014811_loop_diuretics_hf	1.5	1	Meta-analysis continuous infusion versus bolus injection	continuous infusion versus bolus injection	Acute kidney injury (adverse event)	3	Zheng 2021	Zheng 2021	33689236	PMC8120396	?	?	-	+	?	-	.	.	.	.	"{""A"": ""?"", ""B"": ""?"", ""C"": ""-"", ""D"": ""+"", ""E"": ""?"", ""F"": ""-""}"	"{""A"": ""Bias arising from the randomization process"", ""B"": ""Bias due to deviations from intended interventions"", ""C"": ""Bias due to missing outcome data"", ""D"": ""Bias in measurement of the outcome"", ""E"": ""Bias in selection of the reported result"", ""F"": ""Overall bias""}"	extracted	.	A + + ?B + + ?C + + -D + + +E + + ?F + + - Risk of bias legend (A) Bias arising from the randomization process (B) Bias due to deviations from intended interventions (C) Bias due to missing outcome data (D) Bias in measurement of the outcome (E) Bias in selection of the reported result (F) Overall bias
first_pass	Cochrane_reviews/first_pass/CD014811_loop_diuretics_hf.pdf	CD014811_loop_diuretics_hf	2.1	2	Sensitivity analysis - exclusion of trials with high risk of bias	exclusion of trials with high risk of bias	Net weight loss (kg)	1	Allen 2010 (1)	Allen 2010	20538132	PMC3900281	?	+	+	+	?	?	.	.	.	.	"{""A"": ""?"", ""B"": ""+"", ""C"": ""+"", ""D"": ""+"", ""E"": ""?"", ""F"": ""?""}"	"{""A"": ""Bias arising from the randomization process"", ""B"": ""Bias due to deviations from intended interventions"", ""C"": ""Bias due to missing outcome data"", ""D"": ""Bias in measurement of the outcome"", ""E"": ""Bias in selection of the reported result"", ""F"": ""Overall bias""}"	extracted	.	, Outcome 1: Net weight loss (kg) Study or Subgroup Allen 2010 (1) Felker 2011 (2) Yayla 2015 (3) Total (95% CI) Heterogeneity: Tau² = 0.00; Chi² = 0.25, df = 2 (P = 0.88); I² = 0% Test for overall effect: Z = 1.81 (P = 0.07) Test for subgroup differences: Not applicableContinuous infusion Mean 2.66 3.67 4.6SD 2.44 4.67 5.2Total 20 152 15 187Bolus injection Mean 1.64 3.08 4.1SD 2.34 3.54 2.7Total 21 156 14 191Weight 26.8% 66.8% 6.4% 100.0%Mean Difference IV, Random, 95% CI 1.02 [-0.44, 2.48] 0.59 [-0.34, 1.52] 0.50 [-2.49, 3.49] 0.70 [-0.06, 1.46]Mean Difference IV, Random, 95% CI -4 -2 0 2 4 Favours bolus injection Favours continuous infusionRisk of Bias A ? + +B + + +C + + +D + + +E ? + ?F ? + ? Footnotes (1) Until hospital day 3 or discharge, whichever came first. (2) At 72 hours. (3) Until decompensation. Risk of bias legend (A) Bias arising from the randomization process (B) Bias due to deviations from intended interventions (C) Bias due to missing outcome data (D) Bias in measur...
first_pass	Cochrane_reviews/first_pass/CD014811_loop_diuretics_hf.pdf	CD014811_loop_diuretics_hf	2.1	2	Sensitivity analysis - exclusion of trials with high risk of bias	exclusion of trials with high risk of bias	Net weight loss (kg)	2	Felker 2011 (2)	Felker 2011	21366472	PMC3412356	+	+	+	+	+	+	.	.	.	.	"{""A"": ""+"", ""B"": ""+"", ""C"": ""+"", ""D"": ""+"", ""E"": ""+"", ""F"": ""+""}"	"{""A"": ""Bias arising from the randomization process"", ""B"": ""Bias due to deviations from intended interventions"", ""C"": ""Bias due to missing outcome data"", ""D"": ""Bias in measurement of the outcome"", ""E"": ""Bias in selection of the reported result"", ""F"": ""Overall bias""}"	extracted	.	, Outcome 1: Net weight loss (kg) Study or Subgroup Allen 2010 (1) Felker 2011 (2) Yayla 2015 (3) Total (95% CI) Heterogeneity: Tau² = 0.00; Chi² = 0.25, df = 2 (P = 0.88); I² = 0% Test for overall effect: Z = 1.81 (P = 0.07) Test for subgroup differences: Not applicableContinuous infusion Mean 2.66 3.67 4.6SD 2.44 4.67 5.2Total 20 152 15 187Bolus injection Mean 1.64 3.08 4.1SD 2.34 3.54 2.7Total 21 156 14 191Weight 26.8% 66.8% 6.4% 100.0%Mean Difference IV, Random, 95% CI 1.02 [-0.44, 2.48] 0.59 [-0.34, 1.52] 0.50 [-2.49, 3.49] 0.70 [-0.06, 1.46]Mean Difference IV, Random, 95% CI -4 -2 0 2 4 Favours bolus injection Favours continuous infusionRisk of Bias A ? + +B + + +C + + +D + + +E ? + ?F ? + ? Footnotes (1) Until hospital day 3 or discharge, whichever came first. (2) At 72 hours. (3) Until decompensation. Risk of bias legend (A) Bias arising from the randomization process (B) Bias due to deviations from intended interventions (C) Bias due to missing outcome data (D) Bias in measur...
first_pass	Cochrane_reviews/first_pass/CD014811_loop_diuretics_hf.pdf	CD014811_loop_diuretics_hf	2.1	2	Sensitivity analysis - exclusion of trials with high risk of bias	exclusion of trials with high risk of bias	Net weight loss (kg)	3	Yayla 2015 (3)	Yayla 2015	26135463	.	+	+	+	+	?	?	.	.	.	.	"{""A"": ""+"", ""B"": ""+"", ""C"": ""+"", ""D"": ""+"", ""E"": ""?"", ""F"": ""?""}"	"{""A"": ""Bias arising from the randomization process"", ""B"": ""Bias due to deviations from intended interventions"", ""C"": ""Bias due to missing outcome data"", ""D"": ""Bias in measurement of the outcome"", ""E"": ""Bias in selection of the reported result"", ""F"": ""Overall bias""}"	extracted	.	, Outcome 1: Net weight loss (kg) Study or Subgroup Allen 2010 (1) Felker 2011 (2) Yayla 2015 (3) Total (95% CI) Heterogeneity: Tau² = 0.00; Chi² = 0.25, df = 2 (P = 0.88); I² = 0% Test for overall effect: Z = 1.81 (P = 0.07) Test for subgroup differences: Not applicableContinuous infusion Mean 2.66 3.67 4.6SD 2.44 4.67 5.2Total 20 152 15 187Bolus injection Mean 1.64 3.08 4.1SD 2.34 3.54 2.7Total 21 156 14 191Weight 26.8% 66.8% 6.4% 100.0%Mean Difference IV, Random, 95% CI 1.02 [-0.44, 2.48] 0.59 [-0.34, 1.52] 0.50 [-2.49, 3.49] 0.70 [-0.06, 1.46]Mean Difference IV, Random, 95% CI -4 -2 0 2 4 Favours bolus injection Favours continuous infusionRisk of Bias A ? + +B + + +C + + +D + + +E ? + ?F ? + ? Footnotes (1) Until hospital day 3 or discharge, whichever came first. (2) At 72 hours. (3) Until decompensation. Risk of bias legend (A) Bias arising from the randomization process (B) Bias due to deviations from intended interventions (C) Bias due to missing outcome data (D) Bias in measur...
first_pass	Cochrane_reviews/first_pass/CD014811_loop_diuretics_hf.pdf	CD014811_loop_diuretics_hf	2.2	2	Sensitivity analysis - exclusion of trials with high risk of bias	exclusion of trials with high risk of bias	All-cause mortality	1	Allen 2010 (1)	Allen 2010	20538132	PMC3900281	?	+	+	+	?	?	.	.	.	.	"{""A"": ""?"", ""B"": ""+"", ""C"": ""+"", ""D"": ""+"", ""E"": ""?"", ""F"": ""?""}"	"{""A"": ""Bias arising from the randomization process"", ""B"": ""Bias due to deviations from intended interventions"", ""C"": ""Bias due to missing outcome data"", ""D"": ""Bias in measurement of the outcome"", ""E"": ""Bias in selection of the reported result"", ""F"": ""Overall bias Continuous infusion versus bolus injection of loop diuretics for acute heart failure (Review) Copyright \u00a9 2024 The Cochrane Collaboration. Published by John Wiley & Sons, Ltd.49 Cochrane LibraryTrusted evidence. Informed decisions. Better health. Cochrane Database of Systematic Reviews""}"	extracted	.	, Outcome 2: All-cause mortality Study or Subgroup Allen 2010 (1) Felker 2011 (2) Shah 2014 (3) Total (95% CI) Total events: Heterogeneity: Tau² = 0.00; Chi² = 0.91, df = 2 (P = 0.63); I² = 0% Test for overall effect: Z = 0.60 (P = 0.55) Test for subgroup differences: Not applicableContinuous infusion Events 1 16 1 18Total 20 152 30 202Bolus injection Events 0 13 2 15Total 21 156 30 207Weight 4.3% 87.9% 7.8% 100.0%Risk Ratio M-H, Random, 95% CI 3.14 [0.14, 72.92] 1.26 [0.63, 2.54] 0.50 [0.05, 5.22] 1.22 [0.64, 2.35]Risk Ratio M-H, Random, 95% CI 0.01 0.1 1 10 100 Favours continuous infusion Favours bolus injectionRisk of Bias A ? + ?B + + ?C + + +D + + +E ? + ?F ? + ? Footnotes (1) 90 days. (2) 60 days. (3) 30 days. Risk of bias legend (A) Bias arising from the randomization process (B) Bias due to deviations from intended interventions (C) Bias due to missing outcome data (D) Bias in measurement of the outcome (E) Bias in selection of the reported result (F) Overall bias Continuous i...
first_pass	Cochrane_reviews/first_pass/CD014811_loop_diuretics_hf.pdf	CD014811_loop_diuretics_hf	2.2	2	Sensitivity analysis - exclusion of trials with high risk of bias	exclusion of trials with high risk of bias	All-cause mortality	2	Felker 2011 (2)	Felker 2011	21366472	PMC3412356	+	+	+	+	+	+	.	.	.	.	"{""A"": ""+"", ""B"": ""+"", ""C"": ""+"", ""D"": ""+"", ""E"": ""+"", ""F"": ""+""}"	"{""A"": ""Bias arising from the randomization process"", ""B"": ""Bias due to deviations from intended interventions"", ""C"": ""Bias due to missing outcome data"", ""D"": ""Bias in measurement of the outcome"", ""E"": ""Bias in selection of the reported result"", ""F"": ""Overall bias Continuous infusion versus bolus injection of loop diuretics for acute heart failure (Review) Copyright \u00a9 2024 The Cochrane Collaboration. Published by John Wiley & Sons, Ltd.49 Cochrane LibraryTrusted evidence. Informed decisions. Better health. Cochrane Database of Systematic Reviews""}"	extracted	.	, Outcome 2: All-cause mortality Study or Subgroup Allen 2010 (1) Felker 2011 (2) Shah 2014 (3) Total (95% CI) Total events: Heterogeneity: Tau² = 0.00; Chi² = 0.91, df = 2 (P = 0.63); I² = 0% Test for overall effect: Z = 0.60 (P = 0.55) Test for subgroup differences: Not applicableContinuous infusion Events 1 16 1 18Total 20 152 30 202Bolus injection Events 0 13 2 15Total 21 156 30 207Weight 4.3% 87.9% 7.8% 100.0%Risk Ratio M-H, Random, 95% CI 3.14 [0.14, 72.92] 1.26 [0.63, 2.54] 0.50 [0.05, 5.22] 1.22 [0.64, 2.35]Risk Ratio M-H, Random, 95% CI 0.01 0.1 1 10 100 Favours continuous infusion Favours bolus injectionRisk of Bias A ? + ?B + + ?C + + +D + + +E ? + ?F ? + ? Footnotes (1) 90 days. (2) 60 days. (3) 30 days. Risk of bias legend (A) Bias arising from the randomization process (B) Bias due to deviations from intended interventions (C) Bias due to missing outcome data (D) Bias in measurement of the outcome (E) Bias in selection of the reported result (F) Overall bias Continuous i...
first_pass	Cochrane_reviews/first_pass/CD014811_loop_diuretics_hf.pdf	CD014811_loop_diuretics_hf	2.2	2	Sensitivity analysis - exclusion of trials with high risk of bias	exclusion of trials with high risk of bias	All-cause mortality	3	Shah 2014 (3)	Shah 2014	24973836	PMC4121756	?	?	+	+	?	?	.	.	.	.	"{""A"": ""?"", ""B"": ""?"", ""C"": ""+"", ""D"": ""+"", ""E"": ""?"", ""F"": ""?""}"	"{""A"": ""Bias arising from the randomization process"", ""B"": ""Bias due to deviations from intended interventions"", ""C"": ""Bias due to missing outcome data"", ""D"": ""Bias in measurement of the outcome"", ""E"": ""Bias in selection of the reported result"", ""F"": ""Overall bias Continuous infusion versus bolus injection of loop diuretics for acute heart failure (Review) Copyright \u00a9 2024 The Cochrane Collaboration. Published by John Wiley & Sons, Ltd.49 Cochrane LibraryTrusted evidence. Informed decisions. Better health. Cochrane Database of Systematic Reviews""}"	extracted	.	, Outcome 2: All-cause mortality Study or Subgroup Allen 2010 (1) Felker 2011 (2) Shah 2014 (3) Total (95% CI) Total events: Heterogeneity: Tau² = 0.00; Chi² = 0.91, df = 2 (P = 0.63); I² = 0% Test for overall effect: Z = 0.60 (P = 0.55) Test for subgroup differences: Not applicableContinuous infusion Events 1 16 1 18Total 20 152 30 202Bolus injection Events 0 13 2 15Total 21 156 30 207Weight 4.3% 87.9% 7.8% 100.0%Risk Ratio M-H, Random, 95% CI 3.14 [0.14, 72.92] 1.26 [0.63, 2.54] 0.50 [0.05, 5.22] 1.22 [0.64, 2.35]Risk Ratio M-H, Random, 95% CI 0.01 0.1 1 10 100 Favours continuous infusion Favours bolus injectionRisk of Bias A ? + ?B + + ?C + + +D + + +E ? + ?F ? + ? Footnotes (1) 90 days. (2) 60 days. (3) 30 days. Risk of bias legend (A) Bias arising from the randomization process (B) Bias due to deviations from intended interventions (C) Bias due to missing outcome data (D) Bias in measurement of the outcome (E) Bias in selection of the reported result (F) Overall bias Continuous i...
first_pass	Cochrane_reviews/first_pass/CD014811_loop_diuretics_hf.pdf	CD014811_loop_diuretics_hf	2.3	2	Sensitivity analysis - exclusion of trials with high risk of bias	exclusion of trials with high risk of bias	Length of hospital stay (days)	1	Allen 2010	Allen 2010	20538132	PMC3900281	?	+	+	+	?	?	.	.	.	.	"{""A"": ""?"", ""B"": ""+"", ""C"": ""+"", ""D"": ""+"", ""E"": ""?"", ""F"": ""?""}"	"{""A"": ""Bias arising from the randomization process"", ""B"": ""Bias due to deviations from intended interventions"", ""C"": ""Bias due to missing outcome data"", ""D"": ""Bias in measurement of the outcome"", ""E"": ""Bias in selection of the reported result"", ""F"": ""Overall bias""}"	extracted	.	, Outcome 3: Length of hospital stay (days) Study or Subgroup Allen 2010 Shah 2014 Yayla 2015 Total (95% CI) Heterogeneity: Tau² = 1.53; Chi² = 3.44, df = 2 (P = 0.18); I² = 42% Test for overall effect: Z = 0.56 (P = 0.58) Test for subgroup differences: Not applicableContinuous infusion Mean 9.85 6.77 6.6SD 11.72 3.21 3.4Total 20 30 15 65Bolus injection Mean 8.86 5.03 7.9SD 3.82 3.33 4.1Total 21 30 14 65Weight 13.1% 53.0% 33.9% 100.0%Mean Difference IV, Random, 95% CI 0.99 [-4.40, 6.38] 1.74 [0.08, 3.40] -1.30 [-4.05, 1.45] 0.61 [-1.53, 2.75]Mean Difference IV, Random, 95% CI -20 -10 0 10 20 Favours continuous infusion Favours bolus injectionRisk of Bias A ? ? +B + + +C + + +D + + +E ? ? ?F ? ? ? Risk of bias legend (A) Bias arising from the randomization process (B) Bias due to deviations from intended interventions (C) Bias due to missing outcome data (D) Bias in measurement of the outcome (E) Bias in selection of the reported result (F) Overall bias
first_pass	Cochrane_reviews/first_pass/CD014811_loop_diuretics_hf.pdf	CD014811_loop_diuretics_hf	2.3	2	Sensitivity analysis - exclusion of trials with high risk of bias	exclusion of trials with high risk of bias	Length of hospital stay (days)	2	Shah 2014	Shah 2014	24973836	PMC4121756	?	+	+	+	?	?	.	.	.	.	"{""A"": ""?"", ""B"": ""+"", ""C"": ""+"", ""D"": ""+"", ""E"": ""?"", ""F"": ""?""}"	"{""A"": ""Bias arising from the randomization process"", ""B"": ""Bias due to deviations from intended interventions"", ""C"": ""Bias due to missing outcome data"", ""D"": ""Bias in measurement of the outcome"", ""E"": ""Bias in selection of the reported result"", ""F"": ""Overall bias""}"	extracted	.	, Outcome 3: Length of hospital stay (days) Study or Subgroup Allen 2010 Shah 2014 Yayla 2015 Total (95% CI) Heterogeneity: Tau² = 1.53; Chi² = 3.44, df = 2 (P = 0.18); I² = 42% Test for overall effect: Z = 0.56 (P = 0.58) Test for subgroup differences: Not applicableContinuous infusion Mean 9.85 6.77 6.6SD 11.72 3.21 3.4Total 20 30 15 65Bolus injection Mean 8.86 5.03 7.9SD 3.82 3.33 4.1Total 21 30 14 65Weight 13.1% 53.0% 33.9% 100.0%Mean Difference IV, Random, 95% CI 0.99 [-4.40, 6.38] 1.74 [0.08, 3.40] -1.30 [-4.05, 1.45] 0.61 [-1.53, 2.75]Mean Difference IV, Random, 95% CI -20 -10 0 10 20 Favours continuous infusion Favours bolus injectionRisk of Bias A ? ? +B + + +C + + +D + + +E ? ? ?F ? ? ? Risk of bias legend (A) Bias arising from the randomization process (B) Bias due to deviations from intended interventions (C) Bias due to missing outcome data (D) Bias in measurement of the outcome (E) Bias in selection of the reported result (F) Overall bias
first_pass	Cochrane_reviews/first_pass/CD014811_loop_diuretics_hf.pdf	CD014811_loop_diuretics_hf	2.3	2	Sensitivity analysis - exclusion of trials with high risk of bias	exclusion of trials with high risk of bias	Length of hospital stay (days)	3	Yayla 2015	Yayla 2015	26135463	.	+	+	+	+	?	?	.	.	.	.	"{""A"": ""+"", ""B"": ""+"", ""C"": ""+"", ""D"": ""+"", ""E"": ""?"", ""F"": ""?""}"	"{""A"": ""Bias arising from the randomization process"", ""B"": ""Bias due to deviations from intended interventions"", ""C"": ""Bias due to missing outcome data"", ""D"": ""Bias in measurement of the outcome"", ""E"": ""Bias in selection of the reported result"", ""F"": ""Overall bias""}"	extracted	.	, Outcome 3: Length of hospital stay (days) Study or Subgroup Allen 2010 Shah 2014 Yayla 2015 Total (95% CI) Heterogeneity: Tau² = 1.53; Chi² = 3.44, df = 2 (P = 0.18); I² = 42% Test for overall effect: Z = 0.56 (P = 0.58) Test for subgroup differences: Not applicableContinuous infusion Mean 9.85 6.77 6.6SD 11.72 3.21 3.4Total 20 30 15 65Bolus injection Mean 8.86 5.03 7.9SD 3.82 3.33 4.1Total 21 30 14 65Weight 13.1% 53.0% 33.9% 100.0%Mean Difference IV, Random, 95% CI 0.99 [-4.40, 6.38] 1.74 [0.08, 3.40] -1.30 [-4.05, 1.45] 0.61 [-1.53, 2.75]Mean Difference IV, Random, 95% CI -20 -10 0 10 20 Favours continuous infusion Favours bolus injectionRisk of Bias A ? ? +B + + +C + + +D + + +E ? ? ?F ? ? ? Risk of bias legend (A) Bias arising from the randomization process (B) Bias due to deviations from intended interventions (C) Bias due to missing outcome data (D) Bias in measurement of the outcome (E) Bias in selection of the reported result (F) Overall bias
first_pass	Cochrane_reviews/first_pass/CD014811_loop_diuretics_hf.pdf	CD014811_loop_diuretics_hf	2.4	2	Sensitivity analysis - exclusion of trials with high risk of bias	exclusion of trials with high risk of bias	Readmission to hospital following discharge for the longest available follow-up stated in the trials	1	Felker 2011 (1)	Felker 2011	21366472	PMC3412356	+	+	+	+	+	+	.	.	.	.	"{""A"": ""+"", ""B"": ""+"", ""C"": ""+"", ""D"": ""+"", ""E"": ""+"", ""F"": ""+""}"	"{""A"": ""Bias arising from the randomization process"", ""B"": ""Bias due to deviations from intended interventions"", ""C"": ""Bias due to missing outcome data"", ""D"": ""Bias in measurement of the outcome"", ""E"": ""Bias in selection of the reported result"", ""F"": ""Overall bias Continuous infusion versus bolus injection of loop diuretics for acute heart failure (Review) Copyright \u00a9 2024 The Cochrane Collaboration. Published by John Wiley & Sons, Ltd.50 Cochrane LibraryTrusted evidence. Informed decisions. Better health. Cochrane Database of Systematic Reviews""}"	extracted	.	, Outcome 4: Readmission to hospital following discharge for the longest available follow-up stated in the trials Study or Subgroup Felker 2011 (1) Shah 2014 (2) Total (95% CI) Total events: Heterogeneity: Chi² = 0.00, df = 1 (P = 0.98); I² = 0% Test for overall effect: Z = 0.90 (P = 0.37) Test for subgroup differences: Not applicableContinuous infusion Events 42 7 49Total 152 30 182Bolus injection Events 50 8 58Total 156 30 186Weight 86.7% 13.3% 100.0%Risk Ratio IV, Fixed, 95% CI 0.86 [0.61, 1.22] 0.88 [0.36, 2.11] 0.86 [0.63, 1.19]Risk Ratio IV, Fixed, 95% CI 0.05 0.2 1 5 20 Favours continuous infusion Favours bolus injectionRisk of Bias A + ?B + ?C + +D + +E + ?F + ? Footnotes (1) 60 days. (2) 30 days. Risk of bias legend (A) Bias arising from the randomization process (B) Bias due to deviations from intended interventions (C) Bias due to missing outcome data (D) Bias in measurement of the outcome (E) Bias in selection of the reported result (F) Overall bias Continuous infusion ver...
first_pass	Cochrane_reviews/first_pass/CD014811_loop_diuretics_hf.pdf	CD014811_loop_diuretics_hf	2.4	2	Sensitivity analysis - exclusion of trials with high risk of bias	exclusion of trials with high risk of bias	Readmission to hospital following discharge for the longest available follow-up stated in the trials	2	Shah 2014 (2)	Shah 2014	24973836	PMC4121756	?	?	+	+	?	?	.	.	.	.	"{""A"": ""?"", ""B"": ""?"", ""C"": ""+"", ""D"": ""+"", ""E"": ""?"", ""F"": ""?""}"	"{""A"": ""Bias arising from the randomization process"", ""B"": ""Bias due to deviations from intended interventions"", ""C"": ""Bias due to missing outcome data"", ""D"": ""Bias in measurement of the outcome"", ""E"": ""Bias in selection of the reported result"", ""F"": ""Overall bias Continuous infusion versus bolus injection of loop diuretics for acute heart failure (Review) Copyright \u00a9 2024 The Cochrane Collaboration. Published by John Wiley & Sons, Ltd.50 Cochrane LibraryTrusted evidence. Informed decisions. Better health. Cochrane Database of Systematic Reviews""}"	extracted	.	, Outcome 4: Readmission to hospital following discharge for the longest available follow-up stated in the trials Study or Subgroup Felker 2011 (1) Shah 2014 (2) Total (95% CI) Total events: Heterogeneity: Chi² = 0.00, df = 1 (P = 0.98); I² = 0% Test for overall effect: Z = 0.90 (P = 0.37) Test for subgroup differences: Not applicableContinuous infusion Events 42 7 49Total 152 30 182Bolus injection Events 50 8 58Total 156 30 186Weight 86.7% 13.3% 100.0%Risk Ratio IV, Fixed, 95% CI 0.86 [0.61, 1.22] 0.88 [0.36, 2.11] 0.86 [0.63, 1.19]Risk Ratio IV, Fixed, 95% CI 0.05 0.2 1 5 20 Favours continuous infusion Favours bolus injectionRisk of Bias A + ?B + ?C + +D + +E + ?F + ? Footnotes (1) 60 days. (2) 30 days. Risk of bias legend (A) Bias arising from the randomization process (B) Bias due to deviations from intended interventions (C) Bias due to missing outcome data (D) Bias in measurement of the outcome (E) Bias in selection of the reported result (F) Overall bias Continuous infusion ver...
first_pass	Cochrane_reviews/first_pass/CD014811_loop_diuretics_hf.pdf	CD014811_loop_diuretics_hf	2.5	2	Sensitivity analysis - exclusion of trials with high risk of bias	exclusion of trials with high risk of bias	Acute kidney injury (adverse event)	1	Felker 2011	Felker 2011	21366472	PMC3412356	+	+	+	+	+	+	.	.	.	.	"{""A"": ""+"", ""B"": ""+"", ""C"": ""+"", ""D"": ""+"", ""E"": ""+"", ""F"": ""+""}"	"{""A"": ""Bias arising from the randomization process"", ""B"": ""Bias due to deviations from intended interventions"", ""C"": ""Bias due to missing outcome data"", ""D"": ""Bias in measurement of the outcome"", ""E"": ""Bias in selection of the reported result"", ""F"": ""Overall bias A D D I T I O N A L T A B L E S Study ID Net urinary output in continuous infusion (millilitre, mean, n)Net urinary output in bolus in- jection (millilitre, mean, n)Duration of ob- servationP value Felker 2011 4249 (SD 3104), n = 152 4237 (SD 3208), n = 156 72 hours 0.89 Zheng 2021 5145.98 (SD 621.37), n = 42 3755.95 (SD 456.93), n = 39 72 hours 0.01Table 1. Accumulative net urinary output volume n: number of participants; SD: standard deviation.""}"	extracted	.	, Outcome 5: Acute kidney injury (adverse event) Study or Subgroup Felker 2011 Llorens 2014 Total (95% CI) Total events: Heterogeneity: Tau² = 0.00; Chi² = 0.00, df = 1 (P = 0.99); I² = 0% Test for overall effect: Z = 0.45 (P = 0.65) Test for subgroup differences: Not applicableContinuous infusion Events 28 6 34Total 146 36 182Bolus injection Events 27 11 38Total 155 73 228Weight 78.4% 21.6% 100.0%Risk Ratio M-H, Random, 95% CI 1.10 [0.68, 1.78] 1.11 [0.44, 2.75] 1.10 [0.72, 1.68]Risk Ratio M-H, Random, 95% CI 0.01 0.1 1 10 100 Favours continuous infusion Favours bolus injectionRisk of Bias A + +B + +C + +D + +E + +F + + Risk of bias legend (A) Bias arising from the randomization process (B) Bias due to deviations from intended interventions (C) Bias due to missing outcome data (D) Bias in measurement of the outcome (E) Bias in selection of the reported result (F) Overall bias A D D I T I O N A L T A B L E S Study ID Net urinary output in continuous infusion (millilitre, mean, n)Net u...
first_pass	Cochrane_reviews/first_pass/CD014811_loop_diuretics_hf.pdf	CD014811_loop_diuretics_hf	2.5	2	Sensitivity analysis - exclusion of trials with high risk of bias	exclusion of trials with high risk of bias	Acute kidney injury (adverse event)	2	Llorens 2014	Llorens 2014	23793945	.	+	+	+	+	+	+	.	.	.	.	"{""A"": ""+"", ""B"": ""+"", ""C"": ""+"", ""D"": ""+"", ""E"": ""+"", ""F"": ""+""}"	"{""A"": ""Bias arising from the randomization process"", ""B"": ""Bias due to deviations from intended interventions"", ""C"": ""Bias due to missing outcome data"", ""D"": ""Bias in measurement of the outcome"", ""E"": ""Bias in selection of the reported result"", ""F"": ""Overall bias A D D I T I O N A L T A B L E S Study ID Net urinary output in continuous infusion (millilitre, mean, n)Net urinary output in bolus in- jection (millilitre, mean, n)Duration of ob- servationP value Felker 2011 4249 (SD 3104), n = 152 4237 (SD 3208), n = 156 72 hours 0.89 Zheng 2021 5145.98 (SD 621.37), n = 42 3755.95 (SD 456.93), n = 39 72 hours 0.01Table 1. Accumulative net urinary output volume n: number of participants; SD: standard deviation.""}"	extracted	.	, Outcome 5: Acute kidney injury (adverse event) Study or Subgroup Felker 2011 Llorens 2014 Total (95% CI) Total events: Heterogeneity: Tau² = 0.00; Chi² = 0.00, df = 1 (P = 0.99); I² = 0% Test for overall effect: Z = 0.45 (P = 0.65) Test for subgroup differences: Not applicableContinuous infusion Events 28 6 34Total 146 36 182Bolus injection Events 27 11 38Total 155 73 228Weight 78.4% 21.6% 100.0%Risk Ratio M-H, Random, 95% CI 1.10 [0.68, 1.78] 1.11 [0.44, 2.75] 1.10 [0.72, 1.68]Risk Ratio M-H, Random, 95% CI 0.01 0.1 1 10 100 Favours continuous infusion Favours bolus injectionRisk of Bias A + +B + +C + +D + +E + +F + + Risk of bias legend (A) Bias arising from the randomization process (B) Bias due to deviations from intended interventions (C) Bias due to missing outcome data (D) Bias in measurement of the outcome (E) Bias in selection of the reported result (F) Overall bias A D D I T I O N A L T A B L E S Study ID Net urinary output in continuous infusion (millilitre, mean, n)Net u...
first_pass	Cochrane_reviews/first_pass/CD014960_antibiotics_leptospirosis.pdf	CD014960_antibiotics_leptospirosis	1.1	1	Antibiotics versus placebo or no intervention	Antibiotics versus placebo or no intervention	All-cause mortality	1	Costa 2003	Costa 2003	.	.	?	+	+	+	+	?	.	.	.	.	"{""A"": ""?"", ""B"": ""+"", ""C"": ""+"", ""D"": ""+"", ""E"": ""+"", ""F"": ""?""}"	"{""A"": ""Bias arising from the randomization process"", ""B"": ""Bias due to deviations from intended interventions"", ""C"": ""Bias due to missing outcome data"", ""D"": ""Bias in measurement of the outcome"", ""E"": ""Bias in selection of the reported result"", ""F"": ""Overall bias""}"	extracted	.	A ? ? ?B + + +C + + +D + + +E + + +F ? ? ? Risk of bias legend (A) Bias arising from the randomization process (B) Bias due to deviations from intended interventions (C) Bias due to missing outcome data (D) Bias in measurement of the outcome (E) Bias in selection of the reported result (F) Overall bias
first_pass	Cochrane_reviews/first_pass/CD014960_antibiotics_leptospirosis.pdf	CD014960_antibiotics_leptospirosis	1.1	1	Antibiotics versus placebo or no intervention	Antibiotics versus placebo or no intervention	All-cause mortality	2	Daher 2000	Daher 2000	11136519	.	?	+	+	+	+	?	.	.	.	.	"{""A"": ""?"", ""B"": ""+"", ""C"": ""+"", ""D"": ""+"", ""E"": ""+"", ""F"": ""?""}"	"{""A"": ""Bias arising from the randomization process"", ""B"": ""Bias due to deviations from intended interventions"", ""C"": ""Bias due to missing outcome data"", ""D"": ""Bias in measurement of the outcome"", ""E"": ""Bias in selection of the reported result"", ""F"": ""Overall bias""}"	extracted	.	A ? ? ?B + + +C + + +D + + +E + + +F ? ? ? Risk of bias legend (A) Bias arising from the randomization process (B) Bias due to deviations from intended interventions (C) Bias due to missing outcome data (D) Bias in measurement of the outcome (E) Bias in selection of the reported result (F) Overall bias
first_pass	Cochrane_reviews/first_pass/CD014960_antibiotics_leptospirosis.pdf	CD014960_antibiotics_leptospirosis	1.1	1	Antibiotics versus placebo or no intervention	Antibiotics versus placebo or no intervention	All-cause mortality	3	Edwards 1988	Edwards 1988	.	.	?	+	+	+	+	?	.	.	.	.	"{""A"": ""?"", ""B"": ""+"", ""C"": ""+"", ""D"": ""+"", ""E"": ""+"", ""F"": ""?""}"	"{""A"": ""Bias arising from the randomization process"", ""B"": ""Bias due to deviations from intended interventions"", ""C"": ""Bias due to missing outcome data"", ""D"": ""Bias in measurement of the outcome"", ""E"": ""Bias in selection of the reported result"", ""F"": ""Overall bias""}"	extracted	.	A ? ? ?B + + +C + + +D + + +E + + +F ? ? ? Risk of bias legend (A) Bias arising from the randomization process (B) Bias due to deviations from intended interventions (C) Bias due to missing outcome data (D) Bias in measurement of the outcome (E) Bias in selection of the reported result (F) Overall bias
first_pass	Cochrane_reviews/first_pass/CD014960_antibiotics_leptospirosis.pdf	CD014960_antibiotics_leptospirosis	1.2	1	Antibiotics versus placebo or no intervention	Antibiotics versus placebo or no intervention	Proportion of people with adverse events considered non-serious	1	Edwards 1988	Edwards 1988	.	.	?	+	+	+	?	?	.	.	.	.	"{""A"": ""?"", ""B"": ""+"", ""C"": ""+"", ""D"": ""+"", ""E"": ""?"", ""F"": ""?""}"	"{""A"": ""Bias arising from the randomization process"", ""B"": ""Bias due to deviations from intended interventions"", ""C"": ""Bias due to missing outcome data"", ""D"": ""Bias in measurement of the outcome"", ""E"": ""Bias in selection of the reported result"", ""F"": ""Overall bias""}"	extracted	.	A ? ?B + +C + +D + -E ? ?F ? - Risk of bias legend (A) Bias arising from the randomization process (B) Bias due to deviations from intended interventions (C) Bias due to missing outcome data (D) Bias in measurement of the outcome (E) Bias in selection of the reported result (F) Overall bias
first_pass	Cochrane_reviews/first_pass/CD014960_antibiotics_leptospirosis.pdf	CD014960_antibiotics_leptospirosis	1.2	1	Antibiotics versus placebo or no intervention	Antibiotics versus placebo or no intervention	Proportion of people with adverse events considered non-serious	2	Fairburn 1956	Fairburn 1956	13279151	.	?	+	+	-	?	-	.	.	.	.	"{""A"": ""?"", ""B"": ""+"", ""C"": ""+"", ""D"": ""-"", ""E"": ""?"", ""F"": ""-""}"	"{""A"": ""Bias arising from the randomization process"", ""B"": ""Bias due to deviations from intended interventions"", ""C"": ""Bias due to missing outcome data"", ""D"": ""Bias in measurement of the outcome"", ""E"": ""Bias in selection of the reported result"", ""F"": ""Overall bias""}"	extracted	.	A ? ?B + +C + +D + -E ? ?F ? - Risk of bias legend (A) Bias arising from the randomization process (B) Bias due to deviations from intended interventions (C) Bias due to missing outcome data (D) Bias in measurement of the outcome (E) Bias in selection of the reported result (F) Overall bias
first_pass	Cochrane_reviews/first_pass/CD014960_antibiotics_leptospirosis.pdf	CD014960_antibiotics_leptospirosis	1.3	1	Antibiotics versus placebo or no intervention	Antibiotics versus placebo or no intervention	Days of hospitalisation	1	Costa 2003	Costa 2003	.	.	?	+	+	-	?	-	.	.	.	.	"{""A"": ""?"", ""B"": ""+"", ""C"": ""+"", ""D"": ""-"", ""E"": ""?"", ""F"": ""-""}"	"{""A"": ""Bias arising from the randomization process"", ""B"": ""Bias due to deviations from intended interventions"", ""C"": ""Bias due to missing outcome data"", ""D"": ""Bias in measurement of the outcome"", ""E"": ""Bias in selection of the reported result"", ""F"": ""Overall bias Antibiotics for treatment of leptospirosis (Review) Copyright \u00a9 2024 The Cochrane Collaboration. Published by John Wiley & Sons, Ltd.37 Cochrane LibraryTrusted evidence. Informed decisions. Better health. Cochrane Database of Systematic Reviews""}"	extracted	.	A ? ?B + +C + +D - -E ? ?F - - Risk of bias legend (A) Bias arising from the randomization process (B) Bias due to deviations from intended interventions (C) Bias due to missing outcome data (D) Bias in measurement of the outcome (E) Bias in selection of the reported result (F) Overall bias Antibiotics for treatment of leptospirosis (Review) Copyright © 2024 The Cochrane Collaboration. Published by John Wiley & Sons, Ltd.37 Cochrane LibraryTrusted evidence. Informed decisions. Better health. Cochrane Database of Systematic Reviews
first_pass	Cochrane_reviews/first_pass/CD014960_antibiotics_leptospirosis.pdf	CD014960_antibiotics_leptospirosis	1.3	1	Antibiotics versus placebo or no intervention	Antibiotics versus placebo or no intervention	Days of hospitalisation	2	Daher 2000	Daher 2000	11136519	.	?	+	+	-	?	-	.	.	.	.	"{""A"": ""?"", ""B"": ""+"", ""C"": ""+"", ""D"": ""-"", ""E"": ""?"", ""F"": ""-""}"	"{""A"": ""Bias arising from the randomization process"", ""B"": ""Bias due to deviations from intended interventions"", ""C"": ""Bias due to missing outcome data"", ""D"": ""Bias in measurement of the outcome"", ""E"": ""Bias in selection of the reported result"", ""F"": ""Overall bias Antibiotics for treatment of leptospirosis (Review) Copyright \u00a9 2024 The Cochrane Collaboration. Published by John Wiley & Sons, Ltd.37 Cochrane LibraryTrusted evidence. Informed decisions. Better health. Cochrane Database of Systematic Reviews""}"	extracted	.	A ? ?B + +C + +D - -E ? ?F - - Risk of bias legend (A) Bias arising from the randomization process (B) Bias due to deviations from intended interventions (C) Bias due to missing outcome data (D) Bias in measurement of the outcome (E) Bias in selection of the reported result (F) Overall bias Antibiotics for treatment of leptospirosis (Review) Copyright © 2024 The Cochrane Collaboration. Published by John Wiley & Sons, Ltd.37 Cochrane LibraryTrusted evidence. Informed decisions. Better health. Cochrane Database of Systematic Reviews
first_pass	Cochrane_reviews/first_pass/CD014960_antibiotics_leptospirosis.pdf	CD014960_antibiotics_leptospirosis	2.1	2	Antibiotics versus another antibiotic	Antibiotics versus another antibiotic	All-cause mortality (penicillin versus cefotaxime or ceftriaxone)	1	Panaphut 2003	Panaphut 2003	12802748	.	+	+	+	+	+	+	.	.	.	.	"{""A"": ""+"", ""B"": ""+"", ""C"": ""+"", ""D"": ""+"", ""E"": ""+"", ""F"": ""+""}"	"{""A"": ""Bias arising from the randomization process"", ""B"": ""Bias due to deviations from intended interventions"", ""C"": ""Bias due to missing outcome data"", ""D"": ""Bias in measurement of the outcome"", ""E"": ""Bias in selection of the reported result"", ""F"": ""Overall bias Antibiotics for treatment of leptospirosis (Review) Copyright \u00a9 2024 The Cochrane Collaboration. Published by John Wiley & Sons, Ltd.38 Cochrane LibraryTrusted evidence. Informed decisions. Better health. Cochrane Database of Systematic Reviews""}"	extracted	.	A + +B + ?C + +D + +E + +F + ? Risk of bias legend (A) Bias arising from the randomization process (B) Bias due to deviations from intended interventions (C) Bias due to missing outcome data (D) Bias in measurement of the outcome (E) Bias in selection of the reported result (F) Overall bias Antibiotics for treatment of leptospirosis (Review) Copyright © 2024 The Cochrane Collaboration. Published by John Wiley & Sons, Ltd.38 Cochrane LibraryTrusted evidence. Informed decisions. Better health. Cochrane Database of Systematic Reviews
first_pass	Cochrane_reviews/first_pass/CD014960_antibiotics_leptospirosis.pdf	CD014960_antibiotics_leptospirosis	2.1	2	Antibiotics versus another antibiotic	Antibiotics versus another antibiotic	All-cause mortality (penicillin versus cefotaxime or ceftriaxone)	2	Suputtamongkol 2004	Suputtamongkol 2004	.	.	+	?	+	+	+	?	.	.	.	.	"{""A"": ""+"", ""B"": ""?"", ""C"": ""+"", ""D"": ""+"", ""E"": ""+"", ""F"": ""?""}"	"{""A"": ""Bias arising from the randomization process"", ""B"": ""Bias due to deviations from intended interventions"", ""C"": ""Bias due to missing outcome data"", ""D"": ""Bias in measurement of the outcome"", ""E"": ""Bias in selection of the reported result"", ""F"": ""Overall bias Antibiotics for treatment of leptospirosis (Review) Copyright \u00a9 2024 The Cochrane Collaboration. Published by John Wiley & Sons, Ltd.38 Cochrane LibraryTrusted evidence. Informed decisions. Better health. Cochrane Database of Systematic Reviews""}"	extracted	.	A + +B + ?C + +D + +E + +F + ? Risk of bias legend (A) Bias arising from the randomization process (B) Bias due to deviations from intended interventions (C) Bias due to missing outcome data (D) Bias in measurement of the outcome (E) Bias in selection of the reported result (F) Overall bias Antibiotics for treatment of leptospirosis (Review) Copyright © 2024 The Cochrane Collaboration. Published by John Wiley & Sons, Ltd.38 Cochrane LibraryTrusted evidence. Informed decisions. Better health. Cochrane Database of Systematic Reviews
first_pass	Cochrane_reviews/first_pass/CD015040_rtms_ptsd.pdf	CD015040_rtms_ptsd	1.1	1	PTSD symptom severity (immediately after treatment) - as measured by validated scale	PTSD symptom severity (immediately after treatment) - as measured by validated scale	PTSD symptom severity: immediately after treatment, SMD (ITT, endpoint)	1	Leong 2020	Leong 2020	32379487	PMC7564694	+	?	?	+	+	?	.	.	.	.	"{""A"": ""+"", ""B"": ""?"", ""C"": ""?"", ""D"": ""+"", ""E"": ""+"", ""F"": ""?""}"	"{""A"": ""Bias arising from the randomization process"", ""B"": ""Bias due to deviations from intended interventions"", ""C"": ""Bias due to missing outcome data"", ""D"": ""Bias in measurement of the outcome"", ""E"": ""Bias in selection of the reported result"", ""F"": ""Overall bias""}"	extracted	.	A + + ?B ? + ?C ? + ?D + + +E + + +F ? + ? Risk of bias legend (A) Bias arising from the randomization process (B) Bias due to deviations from intended interventions (C) Bias due to missing outcome data (D) Bias in measurement of the outcome (E) Bias in selection of the reported result (F) Overall bias
first_pass	Cochrane_reviews/first_pass/CD015040_rtms_ptsd.pdf	CD015040_rtms_ptsd	1.1	1	PTSD symptom severity (immediately after treatment) - as measured by validated scale	PTSD symptom severity (immediately after treatment) - as measured by validated scale	PTSD symptom severity: immediately after treatment, SMD (ITT, endpoint)	2	Philip 2019a	Philip 2019a	31230462;34229284;35670065	PMC6824981;PMC8349789;PMC8957628	+	+	+	+	+	+	.	.	.	.	"{""A"": ""+"", ""B"": ""+"", ""C"": ""+"", ""D"": ""+"", ""E"": ""+"", ""F"": ""+""}"	"{""A"": ""Bias arising from the randomization process"", ""B"": ""Bias due to deviations from intended interventions"", ""C"": ""Bias due to missing outcome data"", ""D"": ""Bias in measurement of the outcome"", ""E"": ""Bias in selection of the reported result"", ""F"": ""Overall bias""}"	extracted	.	A + + ?B ? + ?C ? + ?D + + +E + + +F ? + ? Risk of bias legend (A) Bias arising from the randomization process (B) Bias due to deviations from intended interventions (C) Bias due to missing outcome data (D) Bias in measurement of the outcome (E) Bias in selection of the reported result (F) Overall bias
first_pass	Cochrane_reviews/first_pass/CD015040_rtms_ptsd.pdf	CD015040_rtms_ptsd	1.1	1	PTSD symptom severity (immediately after treatment) - as measured by validated scale	PTSD symptom severity (immediately after treatment) - as measured by validated scale	PTSD symptom severity: immediately after treatment, SMD (ITT, endpoint)	3	Watts 2012	Watts 2012	22264669	.	?	?	?	+	+	?	.	.	.	.	"{""A"": ""?"", ""B"": ""?"", ""C"": ""?"", ""D"": ""+"", ""E"": ""+"", ""F"": ""?""}"	"{""A"": ""Bias arising from the randomization process"", ""B"": ""Bias due to deviations from intended interventions"", ""C"": ""Bias due to missing outcome data"", ""D"": ""Bias in measurement of the outcome"", ""E"": ""Bias in selection of the reported result"", ""F"": ""Overall bias""}"	extracted	.	A + + ?B ? + ?C ? + ?D + + +E + + +F ? + ? Risk of bias legend (A) Bias arising from the randomization process (B) Bias due to deviations from intended interventions (C) Bias due to missing outcome data (D) Bias in measurement of the outcome (E) Bias in selection of the reported result (F) Overall bias
first_pass	Cochrane_reviews/first_pass/CD015040_rtms_ptsd.pdf	CD015040_rtms_ptsd	1.2	1	PTSD symptom severity (immediately after treatment) - as measured by validated scale	PTSD symptom severity (immediately after treatment) - as measured by validated scale	PTSD symptom severity: immediately after treatment, SMD (ITT, endpoint; with data imputation)	1	Fryml 2019	Fryml 2019	29952863	.	.	.	.	.	.	.	.	.	.	.	{}	{}	not_extracted_no_rob_block	No Risk of Bias block was detected in the selected analysis text.	.
first_pass	Cochrane_reviews/first_pass/CD015040_rtms_ptsd.pdf	CD015040_rtms_ptsd	1.2	1	PTSD symptom severity (immediately after treatment) - as measured by validated scale	PTSD symptom severity (immediately after treatment) - as measured by validated scale	PTSD symptom severity: immediately after treatment, SMD (ITT, endpoint; with data imputation)	2	Isserles 2021	Isserles 2021	34274108	.	.	.	.	.	.	.	.	.	.	.	{}	{}	not_extracted_no_rob_block	No Risk of Bias block was detected in the selected analysis text.	.
first_pass	Cochrane_reviews/first_pass/CD015040_rtms_ptsd.pdf	CD015040_rtms_ptsd	1.2	1	PTSD symptom severity (immediately after treatment) - as measured by validated scale	PTSD symptom severity (immediately after treatment) - as measured by validated scale	PTSD symptom severity: immediately after treatment, SMD (ITT, endpoint; with data imputation)	3	Leong 2020	Leong 2020	32379487	PMC7564694	.	.	.	.	.	.	.	.	.	.	{}	{}	not_extracted_no_rob_block	No Risk of Bias block was detected in the selected analysis text.	.
first_pass	Cochrane_reviews/first_pass/CD015040_rtms_ptsd.pdf	CD015040_rtms_ptsd	1.2	1	PTSD symptom severity (immediately after treatment) - as measured by validated scale	PTSD symptom severity (immediately after treatment) - as measured by validated scale	PTSD symptom severity: immediately after treatment, SMD (ITT, endpoint; with data imputation)	4	Philip 2019a	Philip 2019a	31230462;34229284;35670065	PMC6824981;PMC8349789;PMC8957628	.	.	.	.	.	.	.	.	.	.	{}	{}	not_extracted_no_rob_block	No Risk of Bias block was detected in the selected analysis text.	.
first_pass	Cochrane_reviews/first_pass/CD015040_rtms_ptsd.pdf	CD015040_rtms_ptsd	1.2	1	PTSD symptom severity (immediately after treatment) - as measured by validated scale	PTSD symptom severity (immediately after treatment) - as measured by validated scale	PTSD symptom severity: immediately after treatment, SMD (ITT, endpoint; with data imputation)	5	Watts 2012	Watts 2012	22264669	.	.	.	.	.	.	.	.	.	.	.	{}	{}	not_extracted_no_rob_block	No Risk of Bias block was detected in the selected analysis text.	.
first_pass	Cochrane_reviews/first_pass/CD015040_rtms_ptsd.pdf	CD015040_rtms_ptsd	1.3	1	PTSD symptom severity (immediately after treatment) - as measured by validated scale	PTSD symptom severity (immediately after treatment) - as measured by validated scale	PTSD symptom severity: change from baseline to immediately after treatment, SMD (ITT, with data imputation)	1	Fryml 2019	Fryml 2019	29952863	.	?	?	?	+	?	-	.	.	.	.	"{""A"": ""?"", ""B"": ""?"", ""C"": ""?"", ""D"": ""+"", ""E"": ""?"", ""F"": ""-""}"	"{""A"": ""Bias arising from the randomization process"", ""B"": ""Bias due to deviations from intended interventions"", ""C"": ""Bias due to missing outcome data"", ""D"": ""Bias in measurement of the outcome"", ""E"": ""Bias in selection of the reported result"", ""F"": ""Overall bias Repetitive transcranial magnetic stimulation for post-traumatic stress disorder in adults (Review) Copyright \u00a9 2024 The Cochrane Collaboration. Published by John Wiley & Sons, Ltd.93 Cochrane LibraryTrusted evidence. Informed decisions. Better health. Cochrane Database of Systematic Reviews""}"	extracted	.	A ? + + + + ?B ? ? ? ? + ?C ? ? - ? + ?D + + + + + +E ? + + + + +F - ? - ? + ? Risk of bias legend (A) Bias arising from the randomization process (B) Bias due to deviations from intended interventions (C) Bias due to missing outcome data (D) Bias in measurement of the outcome (E) Bias in selection of the reported result (F) Overall bias Repetitive transcranial magnetic stimulation for post-traumatic stress disorder in adults (Review) Copyright © 2024 The Cochrane Collaboration. Published by John Wiley & Sons, Ltd.93 Cochrane LibraryTrusted evidence. Informed decisions. Better health. Cochrane Database of Systematic Reviews
first_pass	Cochrane_reviews/first_pass/CD015040_rtms_ptsd.pdf	CD015040_rtms_ptsd	1.3	1	PTSD symptom severity (immediately after treatment) - as measured by validated scale	PTSD symptom severity (immediately after treatment) - as measured by validated scale	PTSD symptom severity: change from baseline to immediately after treatment, SMD (ITT, with data imputation)	2	Isserles 2013	Isserles 2013	22921765	.	+	?	?	+	+	?	.	.	.	.	"{""A"": ""+"", ""B"": ""?"", ""C"": ""?"", ""D"": ""+"", ""E"": ""+"", ""F"": ""?""}"	"{""A"": ""Bias arising from the randomization process"", ""B"": ""Bias due to deviations from intended interventions"", ""C"": ""Bias due to missing outcome data"", ""D"": ""Bias in measurement of the outcome"", ""E"": ""Bias in selection of the reported result"", ""F"": ""Overall bias Repetitive transcranial magnetic stimulation for post-traumatic stress disorder in adults (Review) Copyright \u00a9 2024 The Cochrane Collaboration. Published by John Wiley & Sons, Ltd.93 Cochrane LibraryTrusted evidence. Informed decisions. Better health. Cochrane Database of Systematic Reviews""}"	extracted	.	A ? + + + + ?B ? ? ? ? + ?C ? ? - ? + ?D + + + + + +E ? + + + + +F - ? - ? + ? Risk of bias legend (A) Bias arising from the randomization process (B) Bias due to deviations from intended interventions (C) Bias due to missing outcome data (D) Bias in measurement of the outcome (E) Bias in selection of the reported result (F) Overall bias Repetitive transcranial magnetic stimulation for post-traumatic stress disorder in adults (Review) Copyright © 2024 The Cochrane Collaboration. Published by John Wiley & Sons, Ltd.93 Cochrane LibraryTrusted evidence. Informed decisions. Better health. Cochrane Database of Systematic Reviews
first_pass	Cochrane_reviews/first_pass/CD015040_rtms_ptsd.pdf	CD015040_rtms_ptsd	1.3	1	PTSD symptom severity (immediately after treatment) - as measured by validated scale	PTSD symptom severity (immediately after treatment) - as measured by validated scale	PTSD symptom severity: change from baseline to immediately after treatment, SMD (ITT, with data imputation)	3	Isserles 2021	Isserles 2021	34274108	.	+	?	-	+	+	-	.	.	.	.	"{""A"": ""+"", ""B"": ""?"", ""C"": ""-"", ""D"": ""+"", ""E"": ""+"", ""F"": ""-""}"	"{""A"": ""Bias arising from the randomization process"", ""B"": ""Bias due to deviations from intended interventions"", ""C"": ""Bias due to missing outcome data"", ""D"": ""Bias in measurement of the outcome"", ""E"": ""Bias in selection of the reported result"", ""F"": ""Overall bias Repetitive transcranial magnetic stimulation for post-traumatic stress disorder in adults (Review) Copyright \u00a9 2024 The Cochrane Collaboration. Published by John Wiley & Sons, Ltd.93 Cochrane LibraryTrusted evidence. Informed decisions. Better health. Cochrane Database of Systematic Reviews""}"	extracted	.	A ? + + + + ?B ? ? ? ? + ?C ? ? - ? + ?D + + + + + +E ? + + + + +F - ? - ? + ? Risk of bias legend (A) Bias arising from the randomization process (B) Bias due to deviations from intended interventions (C) Bias due to missing outcome data (D) Bias in measurement of the outcome (E) Bias in selection of the reported result (F) Overall bias Repetitive transcranial magnetic stimulation for post-traumatic stress disorder in adults (Review) Copyright © 2024 The Cochrane Collaboration. Published by John Wiley & Sons, Ltd.93 Cochrane LibraryTrusted evidence. Informed decisions. Better health. Cochrane Database of Systematic Reviews
first_pass	Cochrane_reviews/first_pass/CD015040_rtms_ptsd.pdf	CD015040_rtms_ptsd	1.3	1	PTSD symptom severity (immediately after treatment) - as measured by validated scale	PTSD symptom severity (immediately after treatment) - as measured by validated scale	PTSD symptom severity: change from baseline to immediately after treatment, SMD (ITT, with data imputation)	4	Leong 2020	Leong 2020	32379487	PMC7564694	+	?	?	+	+	?	.	.	.	.	"{""A"": ""+"", ""B"": ""?"", ""C"": ""?"", ""D"": ""+"", ""E"": ""+"", ""F"": ""?""}"	"{""A"": ""Bias arising from the randomization process"", ""B"": ""Bias due to deviations from intended interventions"", ""C"": ""Bias due to missing outcome data"", ""D"": ""Bias in measurement of the outcome"", ""E"": ""Bias in selection of the reported result"", ""F"": ""Overall bias Repetitive transcranial magnetic stimulation for post-traumatic stress disorder in adults (Review) Copyright \u00a9 2024 The Cochrane Collaboration. Published by John Wiley & Sons, Ltd.93 Cochrane LibraryTrusted evidence. Informed decisions. Better health. Cochrane Database of Systematic Reviews""}"	extracted	.	A ? + + + + ?B ? ? ? ? + ?C ? ? - ? + ?D + + + + + +E ? + + + + +F - ? - ? + ? Risk of bias legend (A) Bias arising from the randomization process (B) Bias due to deviations from intended interventions (C) Bias due to missing outcome data (D) Bias in measurement of the outcome (E) Bias in selection of the reported result (F) Overall bias Repetitive transcranial magnetic stimulation for post-traumatic stress disorder in adults (Review) Copyright © 2024 The Cochrane Collaboration. Published by John Wiley & Sons, Ltd.93 Cochrane LibraryTrusted evidence. Informed decisions. Better health. Cochrane Database of Systematic Reviews
first_pass	Cochrane_reviews/first_pass/CD015040_rtms_ptsd.pdf	CD015040_rtms_ptsd	1.3	1	PTSD symptom severity (immediately after treatment) - as measured by validated scale	PTSD symptom severity (immediately after treatment) - as measured by validated scale	PTSD symptom severity: change from baseline to immediately after treatment, SMD (ITT, with data imputation)	5	Philip 2019a	Philip 2019a	31230462;34229284;35670065	PMC6824981;PMC8349789;PMC8957628	+	+	+	+	+	+	.	.	.	.	"{""A"": ""+"", ""B"": ""+"", ""C"": ""+"", ""D"": ""+"", ""E"": ""+"", ""F"": ""+""}"	"{""A"": ""Bias arising from the randomization process"", ""B"": ""Bias due to deviations from intended interventions"", ""C"": ""Bias due to missing outcome data"", ""D"": ""Bias in measurement of the outcome"", ""E"": ""Bias in selection of the reported result"", ""F"": ""Overall bias Repetitive transcranial magnetic stimulation for post-traumatic stress disorder in adults (Review) Copyright \u00a9 2024 The Cochrane Collaboration. Published by John Wiley & Sons, Ltd.93 Cochrane LibraryTrusted evidence. Informed decisions. Better health. Cochrane Database of Systematic Reviews""}"	extracted	.	A ? + + + + ?B ? ? ? ? + ?C ? ? - ? + ?D + + + + + +E ? + + + + +F - ? - ? + ? Risk of bias legend (A) Bias arising from the randomization process (B) Bias due to deviations from intended interventions (C) Bias due to missing outcome data (D) Bias in measurement of the outcome (E) Bias in selection of the reported result (F) Overall bias Repetitive transcranial magnetic stimulation for post-traumatic stress disorder in adults (Review) Copyright © 2024 The Cochrane Collaboration. Published by John Wiley & Sons, Ltd.93 Cochrane LibraryTrusted evidence. Informed decisions. Better health. Cochrane Database of Systematic Reviews
first_pass	Cochrane_reviews/first_pass/CD015040_rtms_ptsd.pdf	CD015040_rtms_ptsd	1.3	1	PTSD symptom severity (immediately after treatment) - as measured by validated scale	PTSD symptom severity (immediately after treatment) - as measured by validated scale	PTSD symptom severity: change from baseline to immediately after treatment, SMD (ITT, with data imputation)	6	Watts 2012	Watts 2012	22264669	.	?	?	?	+	+	?	.	.	.	.	"{""A"": ""?"", ""B"": ""?"", ""C"": ""?"", ""D"": ""+"", ""E"": ""+"", ""F"": ""?""}"	"{""A"": ""Bias arising from the randomization process"", ""B"": ""Bias due to deviations from intended interventions"", ""C"": ""Bias due to missing outcome data"", ""D"": ""Bias in measurement of the outcome"", ""E"": ""Bias in selection of the reported result"", ""F"": ""Overall bias Repetitive transcranial magnetic stimulation for post-traumatic stress disorder in adults (Review) Copyright \u00a9 2024 The Cochrane Collaboration. Published by John Wiley & Sons, Ltd.93 Cochrane LibraryTrusted evidence. Informed decisions. Better health. Cochrane Database of Systematic Reviews""}"	extracted	.	A ? + + + + ?B ? ? ? ? + ?C ? ? - ? + ?D + + + + + +E ? + + + + +F - ? - ? + ? Risk of bias legend (A) Bias arising from the randomization process (B) Bias due to deviations from intended interventions (C) Bias due to missing outcome data (D) Bias in measurement of the outcome (E) Bias in selection of the reported result (F) Overall bias Repetitive transcranial magnetic stimulation for post-traumatic stress disorder in adults (Review) Copyright © 2024 The Cochrane Collaboration. Published by John Wiley & Sons, Ltd.93 Cochrane LibraryTrusted evidence. Informed decisions. Better health. Cochrane Database of Systematic Reviews
first_pass	Cochrane_reviews/first_pass/CD015040_rtms_ptsd.pdf	CD015040_rtms_ptsd	1.4	1	PTSD symptom severity (immediately after treatment) - as measured by validated scale	PTSD symptom severity (immediately after treatment) - as measured by validated scale	PTSD symptom severity: immediately after treatment, SMD (per-protocol, endpoint)	1	Isserles 2013	Isserles 2013	22921765	.	.	.	.	.	.	.	.	.	.	.	{}	{}	not_extracted_no_rob_block	No Risk of Bias block was detected in the selected analysis text.	.
first_pass	Cochrane_reviews/first_pass/CD015040_rtms_ptsd.pdf	CD015040_rtms_ptsd	1.4	1	PTSD symptom severity (immediately after treatment) - as measured by validated scale	PTSD symptom severity (immediately after treatment) - as measured by validated scale	PTSD symptom severity: immediately after treatment, SMD (per-protocol, endpoint)	2	Philip 2019a	Philip 2019a	31230462;34229284;35670065	PMC6824981;PMC8349789;PMC8957628	.	.	.	.	.	.	.	.	.	.	{}	{}	not_extracted_no_rob_block	No Risk of Bias block was detected in the selected analysis text.	.
first_pass	Cochrane_reviews/first_pass/CD015040_rtms_ptsd.pdf	CD015040_rtms_ptsd	1.4	1	PTSD symptom severity (immediately after treatment) - as measured by validated scale	PTSD symptom severity (immediately after treatment) - as measured by validated scale	PTSD symptom severity: immediately after treatment, SMD (per-protocol, endpoint)	3	Watts 2012	Watts 2012	22264669	.	.	.	.	.	.	.	.	.	.	.	{}	{}	not_extracted_no_rob_block	No Risk of Bias block was detected in the selected analysis text.	.
first_pass	Cochrane_reviews/first_pass/CD015040_rtms_ptsd.pdf	CD015040_rtms_ptsd	2.1	2	PTSD symptom severity (change from baseline to immediately after treatment): subgroup analyses	PTSD symptom severity (change from baseline to immediately after treatment): subgroup analyses	Stimulation frequency: low versus high frequency	1	Leong 2020	Leong 2020	32379487	PMC7564694	.	.	.	.	.	.	.	.	.	.	{}	{}	not_extracted_no_rob_block	No Risk of Bias block was detected in the selected analysis text.	.
first_pass	Cochrane_reviews/first_pass/CD015040_rtms_ptsd.pdf	CD015040_rtms_ptsd	2.1	2	PTSD symptom severity (change from baseline to immediately after treatment): subgroup analyses	PTSD symptom severity (change from baseline to immediately after treatment): subgroup analyses	Stimulation frequency: low versus high frequency	2	Watts 2012	Watts 2012	22264669	.	.	.	.	.	.	.	.	.	.	.	{}	{}	not_extracted_no_rob_block	No Risk of Bias block was detected in the selected analysis text.	.
first_pass	Cochrane_reviews/first_pass/CD015040_rtms_ptsd.pdf	CD015040_rtms_ptsd	2.1	2	PTSD symptom severity (change from baseline to immediately after treatment): subgroup analyses	PTSD symptom severity (change from baseline to immediately after treatment): subgroup analyses	Stimulation frequency: low versus high frequency	3	Fryml 2019	Fryml 2019	29952863	.	.	.	.	.	.	.	.	.	.	.	{}	{}	not_extracted_no_rob_block	No Risk of Bias block was detected in the selected analysis text.	.
first_pass	Cochrane_reviews/first_pass/CD015040_rtms_ptsd.pdf	CD015040_rtms_ptsd	2.1	2	PTSD symptom severity (change from baseline to immediately after treatment): subgroup analyses	PTSD symptom severity (change from baseline to immediately after treatment): subgroup analyses	Stimulation frequency: low versus high frequency	4	Isserles 2013	Isserles 2013	22921765	.	.	.	.	.	.	.	.	.	.	.	{}	{}	not_extracted_no_rob_block	No Risk of Bias block was detected in the selected analysis text.	.
first_pass	Cochrane_reviews/first_pass/CD015040_rtms_ptsd.pdf	CD015040_rtms_ptsd	2.1	2	PTSD symptom severity (change from baseline to immediately after treatment): subgroup analyses	PTSD symptom severity (change from baseline to immediately after treatment): subgroup analyses	Stimulation frequency: low versus high frequency	5	Isserles 2021	Isserles 2021	34274108	.	.	.	.	.	.	.	.	.	.	.	{}	{}	not_extracted_no_rob_block	No Risk of Bias block was detected in the selected analysis text.	.
first_pass	Cochrane_reviews/first_pass/CD015040_rtms_ptsd.pdf	CD015040_rtms_ptsd	2.1	2	PTSD symptom severity (change from baseline to immediately after treatment): subgroup analyses	PTSD symptom severity (change from baseline to immediately after treatment): subgroup analyses	Stimulation frequency: low versus high frequency	6	Philip 2019a	Philip 2019a	31230462;34229284;35670065	PMC6824981;PMC8349789;PMC8957628	.	.	.	.	.	.	.	.	.	.	{}	{}	not_extracted_no_rob_block	No Risk of Bias block was detected in the selected analysis text.	.
first_pass	Cochrane_reviews/first_pass/CD015040_rtms_ptsd.pdf	CD015040_rtms_ptsd	2.2	2	PTSD symptom severity (change from baseline to immediately after treatment): subgroup analyses	PTSD symptom severity (change from baseline to immediately after treatment): subgroup analyses	Combination treatment status: rTMS alone versus rTMS paired with exposure/psychotherapy	1	Leong 2020	Leong 2020	32379487	PMC7564694	.	.	.	.	.	.	.	.	.	.	{}	{}	not_extracted_no_rob_block	No Risk of Bias block was detected in the selected analysis text.	.
first_pass	Cochrane_reviews/first_pass/CD015040_rtms_ptsd.pdf	CD015040_rtms_ptsd	2.2	2	PTSD symptom severity (change from baseline to immediately after treatment): subgroup analyses	PTSD symptom severity (change from baseline to immediately after treatment): subgroup analyses	Combination treatment status: rTMS alone versus rTMS paired with exposure/psychotherapy	2	Philip 2019a	Philip 2019a	31230462;34229284;35670065	PMC6824981;PMC8349789;PMC8957628	.	.	.	.	.	.	.	.	.	.	{}	{}	not_extracted_no_rob_block	No Risk of Bias block was detected in the selected analysis text.	.
first_pass	Cochrane_reviews/first_pass/CD015040_rtms_ptsd.pdf	CD015040_rtms_ptsd	2.2	2	PTSD symptom severity (change from baseline to immediately after treatment): subgroup analyses	PTSD symptom severity (change from baseline to immediately after treatment): subgroup analyses	Combination treatment status: rTMS alone versus rTMS paired with exposure/psychotherapy	3	Watts 2012	Watts 2012	22264669	.	.	.	.	.	.	.	.	.	.	.	{}	{}	not_extracted_no_rob_block	No Risk of Bias block was detected in the selected analysis text.	.
first_pass	Cochrane_reviews/first_pass/CD015040_rtms_ptsd.pdf	CD015040_rtms_ptsd	2.2	2	PTSD symptom severity (change from baseline to immediately after treatment): subgroup analyses	PTSD symptom severity (change from baseline to immediately after treatment): subgroup analyses	Combination treatment status: rTMS alone versus rTMS paired with exposure/psychotherapy	4	Fryml 2019	Fryml 2019	29952863	.	.	.	.	.	.	.	.	.	.	.	{}	{}	not_extracted_no_rob_block	No Risk of Bias block was detected in the selected analysis text.	.
first_pass	Cochrane_reviews/first_pass/CD015040_rtms_ptsd.pdf	CD015040_rtms_ptsd	2.2	2	PTSD symptom severity (change from baseline to immediately after treatment): subgroup analyses	PTSD symptom severity (change from baseline to immediately after treatment): subgroup analyses	Combination treatment status: rTMS alone versus rTMS paired with exposure/psychotherapy	5	Isserles 2013	Isserles 2013	22921765	.	.	.	.	.	.	.	.	.	.	.	{}	{}	not_extracted_no_rob_block	No Risk of Bias block was detected in the selected analysis text.	.
first_pass	Cochrane_reviews/first_pass/CD015040_rtms_ptsd.pdf	CD015040_rtms_ptsd	2.2	2	PTSD symptom severity (change from baseline to immediately after treatment): subgroup analyses	PTSD symptom severity (change from baseline to immediately after treatment): subgroup analyses	Combination treatment status: rTMS alone versus rTMS paired with exposure/psychotherapy	6	Isserles 2021	Isserles 2021	34274108	.	.	.	.	.	.	.	.	.	.	.	{}	{}	not_extracted_no_rob_block	No Risk of Bias block was detected in the selected analysis text.	.
first_pass	Cochrane_reviews/first_pass/CD015040_rtms_ptsd.pdf	CD015040_rtms_ptsd	4.1	4	PTSD symptom severity (4 to 12 weeks after treatment) - as measured by validated scale	PTSD symptom severity (4 to 12 weeks after treatment) - as measured by validated scale	PTSD symptom severity: change from baseline to 4 to 12 weeks after treatment (ITT)	1	Isserles 2021	Isserles 2021	34274108	.	.	.	.	.	.	.	.	.	.	.	{}	{}	not_extracted_no_rob_block	No Risk of Bias block was detected in the selected analysis text.	.
first_pass	Cochrane_reviews/first_pass/CD015040_rtms_ptsd.pdf	CD015040_rtms_ptsd	6.1	6	Depression severity (immediately after treatment) - as measured by validated scale	Depression severity (immediately after treatment) - as measured by validated scale	Depression severity: immediately after treatment, SMD (ITT, endpoint)	1	Leong 2020	Leong 2020	32379487	PMC7564694	.	.	.	.	.	.	.	.	.	.	{}	{}	not_extracted_no_rob_block	No Risk of Bias block was detected in the selected analysis text.	.
first_pass	Cochrane_reviews/first_pass/CD015040_rtms_ptsd.pdf	CD015040_rtms_ptsd	6.1	6	Depression severity (immediately after treatment) - as measured by validated scale	Depression severity (immediately after treatment) - as measured by validated scale	Depression severity: immediately after treatment, SMD (ITT, endpoint)	2	Philip 2019a	Philip 2019a	31230462;34229284;35670065	PMC6824981;PMC8349789;PMC8957628	.	.	.	.	.	.	.	.	.	.	{}	{}	not_extracted_no_rob_block	No Risk of Bias block was detected in the selected analysis text.	.
first_pass	Cochrane_reviews/first_pass/CD015040_rtms_ptsd.pdf	CD015040_rtms_ptsd	6.1	6	Depression severity (immediately after treatment) - as measured by validated scale	Depression severity (immediately after treatment) - as measured by validated scale	Depression severity: immediately after treatment, SMD (ITT, endpoint)	3	Watts 2012	Watts 2012	22264669	.	.	.	.	.	.	.	.	.	.	.	{}	{}	not_extracted_no_rob_block	No Risk of Bias block was detected in the selected analysis text.	.
first_pass	Cochrane_reviews/first_pass/CD015040_rtms_ptsd.pdf	CD015040_rtms_ptsd	6.2	6	Depression severity (immediately after treatment) - as measured by validated scale	Depression severity (immediately after treatment) - as measured by validated scale	Depression severity: immediately after treatment, SMD (ITT, endpoint, with data imputation)	1	Isserles 2021	Isserles 2021	34274108	.	.	.	.	.	.	.	.	.	.	.	{}	{}	not_extracted_no_rob_block	No Risk of Bias block was detected in the selected analysis text.	.
first_pass	Cochrane_reviews/first_pass/CD015040_rtms_ptsd.pdf	CD015040_rtms_ptsd	6.2	6	Depression severity (immediately after treatment) - as measured by validated scale	Depression severity (immediately after treatment) - as measured by validated scale	Depression severity: immediately after treatment, SMD (ITT, endpoint, with data imputation)	2	Leong 2020	Leong 2020	32379487	PMC7564694	.	.	.	.	.	.	.	.	.	.	{}	{}	not_extracted_no_rob_block	No Risk of Bias block was detected in the selected analysis text.	.
first_pass	Cochrane_reviews/first_pass/CD015040_rtms_ptsd.pdf	CD015040_rtms_ptsd	6.2	6	Depression severity (immediately after treatment) - as measured by validated scale	Depression severity (immediately after treatment) - as measured by validated scale	Depression severity: immediately after treatment, SMD (ITT, endpoint, with data imputation)	3	Philip 2019a	Philip 2019a	31230462;34229284;35670065	PMC6824981;PMC8349789;PMC8957628	.	.	.	.	.	.	.	.	.	.	{}	{}	not_extracted_no_rob_block	No Risk of Bias block was detected in the selected analysis text.	.
first_pass	Cochrane_reviews/first_pass/CD015040_rtms_ptsd.pdf	CD015040_rtms_ptsd	6.2	6	Depression severity (immediately after treatment) - as measured by validated scale	Depression severity (immediately after treatment) - as measured by validated scale	Depression severity: immediately after treatment, SMD (ITT, endpoint, with data imputation)	4	Watts 2012	Watts 2012	22264669	.	.	.	.	.	.	.	.	.	.	.	{}	{}	not_extracted_no_rob_block	No Risk of Bias block was detected in the selected analysis text.	.
first_pass	Cochrane_reviews/first_pass/CD015040_rtms_ptsd.pdf	CD015040_rtms_ptsd	6.3	6	Depression severity (immediately after treatment) - as measured by validated scale	Depression severity (immediately after treatment) - as measured by validated scale	Depression severity: change from baseline to immediately after treatment, SMD (ITT, with data imputation)	1	Isserles 2021	Isserles 2021	34274108	.	.	.	.	.	.	.	.	.	.	.	{}	{}	not_extracted_no_rob_block	No Risk of Bias block was detected in the selected analysis text.	.
first_pass	Cochrane_reviews/first_pass/CD015040_rtms_ptsd.pdf	CD015040_rtms_ptsd	6.3	6	Depression severity (immediately after treatment) - as measured by validated scale	Depression severity (immediately after treatment) - as measured by validated scale	Depression severity: change from baseline to immediately after treatment, SMD (ITT, with data imputation)	2	Leong 2020	Leong 2020	32379487	PMC7564694	.	.	.	.	.	.	.	.	.	.	{}	{}	not_extracted_no_rob_block	No Risk of Bias block was detected in the selected analysis text.	.
first_pass	Cochrane_reviews/first_pass/CD015040_rtms_ptsd.pdf	CD015040_rtms_ptsd	6.3	6	Depression severity (immediately after treatment) - as measured by validated scale	Depression severity (immediately after treatment) - as measured by validated scale	Depression severity: change from baseline to immediately after treatment, SMD (ITT, with data imputation)	3	Philip 2019a	Philip 2019a	31230462;34229284;35670065	PMC6824981;PMC8349789;PMC8957628	.	.	.	.	.	.	.	.	.	.	{}	{}	not_extracted_no_rob_block	No Risk of Bias block was detected in the selected analysis text.	.
first_pass	Cochrane_reviews/first_pass/CD015040_rtms_ptsd.pdf	CD015040_rtms_ptsd	6.3	6	Depression severity (immediately after treatment) - as measured by validated scale	Depression severity (immediately after treatment) - as measured by validated scale	Depression severity: change from baseline to immediately after treatment, SMD (ITT, with data imputation)	4	Watts 2012	Watts 2012	22264669	.	.	.	.	.	.	.	.	.	.	.	{}	{}	not_extracted_no_rob_block	No Risk of Bias block was detected in the selected analysis text.	.
first_pass	Cochrane_reviews/first_pass/CD015040_rtms_ptsd.pdf	CD015040_rtms_ptsd	7.1	7	Anxiety severity (immediately after treatment) - as measured by validated scale	Anxiety severity (immediately after treatment) - as measured by validated scale	Anxiety severity: immediately after treatment, SMD (ITT, endpoint)	1	Leong 2020	Leong 2020	32379487	PMC7564694	.	.	.	.	.	.	.	.	.	.	{}	{}	not_extracted_no_rob_block	No Risk of Bias block was detected in the selected analysis text.	.
first_pass	Cochrane_reviews/first_pass/CD015040_rtms_ptsd.pdf	CD015040_rtms_ptsd	7.1	7	Anxiety severity (immediately after treatment) - as measured by validated scale	Anxiety severity (immediately after treatment) - as measured by validated scale	Anxiety severity: immediately after treatment, SMD (ITT, endpoint)	2	Watts 2012	Watts 2012	22264669	.	.	.	.	.	.	.	.	.	.	.	{}	{}	not_extracted_no_rob_block	No Risk of Bias block was detected in the selected analysis text.	.
first_pass	Cochrane_reviews/first_pass/CD015040_rtms_ptsd.pdf	CD015040_rtms_ptsd	7.2	7	Anxiety severity (immediately after treatment) - as measured by validated scale	Anxiety severity (immediately after treatment) - as measured by validated scale	Anxiety severity: change from baseline to immediately after treatment, SMD (ITT, with data imputation)	1	Leong 2020	Leong 2020	32379487	PMC7564694	.	.	.	.	.	.	.	.	.	.	{}	{}	not_extracted_no_rob_block	No Risk of Bias block was detected in the selected analysis text.	.
first_pass	Cochrane_reviews/first_pass/CD015040_rtms_ptsd.pdf	CD015040_rtms_ptsd	7.2	7	Anxiety severity (immediately after treatment) - as measured by validated scale	Anxiety severity (immediately after treatment) - as measured by validated scale	Anxiety severity: change from baseline to immediately after treatment, SMD (ITT, with data imputation)	2	Watts 2012	Watts 2012	22264669	.	.	.	.	.	.	.	.	.	.	.	{}	{}	not_extracted_no_rob_block	No Risk of Bias block was detected in the selected analysis text.	.
first_pass	Cochrane_reviews/first_pass/CD015751_lubricating_drops_lens.pdf	CD015751_lubricating_drops_lens	1.4	1	Lubricants versus no treatment	Lubricants versus no treatment	Participant discontinuation	1	McDonald 2014	McDonald 2014	24552755	.	?	+	+	+	+	+	.	.	.	.	"{""A"": ""?"", ""B"": ""+"", ""C"": ""+"", ""D"": ""+"", ""E"": ""+"", ""F"": ""+""}"	"{""A"": ""Bias arising from the randomization process"", ""B"": ""Bias due to deviations from intended interventions"", ""C"": ""Bias due to missing outcome data"", ""D"": ""Bias in measurement of the outcome"", ""E"": ""Bias in selection of the reported result"", ""F"": ""Overall bias Lubricating drops for contact lens discomfort in adults (Review) Copyright \u00a9 2024 The Cochrane Collaboration. Published by John Wiley & Sons, Ltd.51 Cochrane LibraryTrusted evidence. Informed decisions. Better health. Cochrane Database of Systematic Reviews""}"	extracted	.	A ? ?B + ?C + +D + ?E + ?F + - Footnotes aSystane(R) Ultra vs no treatment bSaline vs no treatment Risk of bias legend (A) Bias arising from the randomization process (B) Bias due to deviations from intended interventions (C) Bias due to missing outcome data (D) Bias in measurement of the outcome (E) Bias in selection of the reported result (F) Overall bias Lubricating drops for contact lens discomfort in adults (Review) Copyright © 2024 The Cochrane Collaboration. Published by John Wiley & Sons, Ltd.51 Cochrane LibraryTrusted evidence. Informed decisions. Better health. Cochrane Database of Systematic Reviews
first_pass	Cochrane_reviews/first_pass/CD015751_lubricating_drops_lens.pdf	CD015751_lubricating_drops_lens	1.4	1	Lubricants versus no treatment	Lubricants versus no treatment	Participant discontinuation	2	Barabino 2005	Barabino 2005	15825529	.	?	?	+	?	?	-	.	.	.	.	"{""A"": ""?"", ""B"": ""?"", ""C"": ""+"", ""D"": ""?"", ""E"": ""?"", ""F"": ""-""}"	"{""A"": ""Bias arising from the randomization process"", ""B"": ""Bias due to deviations from intended interventions"", ""C"": ""Bias due to missing outcome data"", ""D"": ""Bias in measurement of the outcome"", ""E"": ""Bias in selection of the reported result"", ""F"": ""Overall bias Lubricating drops for contact lens discomfort in adults (Review) Copyright \u00a9 2024 The Cochrane Collaboration. Published by John Wiley & Sons, Ltd.51 Cochrane LibraryTrusted evidence. Informed decisions. Better health. Cochrane Database of Systematic Reviews""}"	extracted	.	A ? ?B + ?C + +D + ?E + ?F + - Footnotes aSystane(R) Ultra vs no treatment bSaline vs no treatment Risk of bias legend (A) Bias arising from the randomization process (B) Bias due to deviations from intended interventions (C) Bias due to missing outcome data (D) Bias in measurement of the outcome (E) Bias in selection of the reported result (F) Overall bias Lubricating drops for contact lens discomfort in adults (Review) Copyright © 2024 The Cochrane Collaboration. Published by John Wiley & Sons, Ltd.51 Cochrane LibraryTrusted evidence. Informed decisions. Better health. Cochrane Database of Systematic Reviews
first_pass	Cochrane_reviews/first_pass/CD015751_lubricating_drops_lens.pdf	CD015751_lubricating_drops_lens	1.5	1	Lubricants versus no treatment	Lubricants versus no treatment	Comfortable lens wear time (hours)	1	Pucker 2020	Pucker 2020	.	.	.	.	.	.	.	.	.	.	.	.	{}	{}	not_extracted_no_rob_block	No Risk of Bias block was detected in the selected analysis text.	.
first_pass	Cochrane_reviews/first_pass/CD015751_lubricating_drops_lens.pdf	CD015751_lubricating_drops_lens	2.2	2	Lubricants versus saline	Lubricants versus saline	Participant discontinuation	1	Keir 2006	Keir 2006	.	.	?	+	+	?	?	-	.	.	.	.	"{""A"": ""?"", ""B"": ""+"", ""C"": ""+"", ""D"": ""?"", ""E"": ""?"", ""F"": ""-""}"	"{""A"": ""Bias arising from the randomization process"", ""B"": ""Bias due to deviations from intended interventions"", ""C"": ""Bias due to missing outcome data"", ""D"": ""Bias in measurement of the outcome"", ""E"": ""Bias in selection of the reported result"", ""F"": ""Overall bias Lubricating drops for contact lens discomfort in adults (Review) Copyright \u00a9 2024 The Cochrane Collaboration. Published by John Wiley & Sons, Ltd.53 Cochrane LibraryTrusted evidence. Informed decisions. Better health. Cochrane Database of Systematic Reviews""}"	extracted	.	A ? ? ?B + + +C + ? +D ? + +E ? + +F - ? ? Footnotes aSystane(R) test eye drop vs saline bPVP 2% vs saline cFID114657 vs saline Risk of bias legend (A) Bias arising from the randomization process (B) Bias due to deviations from intended interventions (C) Bias due to missing outcome data (D) Bias in measurement of the outcome (E) Bias in selection of the reported result (F) Overall bias Lubricating drops for contact lens discomfort in adults (Review) Copyright © 2024 The Cochrane Collaboration. Published by John Wiley & Sons, Ltd.53 Cochrane LibraryTrusted evidence. Informed decisions. Better health. Cochrane Database of Systematic Reviews
first_pass	Cochrane_reviews/first_pass/CD015751_lubricating_drops_lens.pdf	CD015751_lubricating_drops_lens	2.2	2	Lubricants versus saline	Lubricants versus saline	Participant discontinuation	2	Malet 2003	Malet 2003	12769155	.	?	+	?	+	+	?	.	.	.	.	"{""A"": ""?"", ""B"": ""+"", ""C"": ""?"", ""D"": ""+"", ""E"": ""+"", ""F"": ""?""}"	"{""A"": ""Bias arising from the randomization process"", ""B"": ""Bias due to deviations from intended interventions"", ""C"": ""Bias due to missing outcome data"", ""D"": ""Bias in measurement of the outcome"", ""E"": ""Bias in selection of the reported result"", ""F"": ""Overall bias Lubricating drops for contact lens discomfort in adults (Review) Copyright \u00a9 2024 The Cochrane Collaboration. Published by John Wiley & Sons, Ltd.53 Cochrane LibraryTrusted evidence. Informed decisions. Better health. Cochrane Database of Systematic Reviews""}"	extracted	.	A ? ? ?B + + +C + ? +D ? + +E ? + +F - ? ? Footnotes aSystane(R) test eye drop vs saline bPVP 2% vs saline cFID114657 vs saline Risk of bias legend (A) Bias arising from the randomization process (B) Bias due to deviations from intended interventions (C) Bias due to missing outcome data (D) Bias in measurement of the outcome (E) Bias in selection of the reported result (F) Overall bias Lubricating drops for contact lens discomfort in adults (Review) Copyright © 2024 The Cochrane Collaboration. Published by John Wiley & Sons, Ltd.53 Cochrane LibraryTrusted evidence. Informed decisions. Better health. Cochrane Database of Systematic Reviews
first_pass	Cochrane_reviews/first_pass/CD015751_lubricating_drops_lens.pdf	CD015751_lubricating_drops_lens	2.2	2	Lubricants versus saline	Lubricants versus saline	Participant discontinuation	3	NCT02293538	NCT02293538	.	.	?	+	+	+	+	?	.	.	.	.	"{""A"": ""?"", ""B"": ""+"", ""C"": ""+"", ""D"": ""+"", ""E"": ""+"", ""F"": ""?""}"	"{""A"": ""Bias arising from the randomization process"", ""B"": ""Bias due to deviations from intended interventions"", ""C"": ""Bias due to missing outcome data"", ""D"": ""Bias in measurement of the outcome"", ""E"": ""Bias in selection of the reported result"", ""F"": ""Overall bias Lubricating drops for contact lens discomfort in adults (Review) Copyright \u00a9 2024 The Cochrane Collaboration. Published by John Wiley & Sons, Ltd.53 Cochrane LibraryTrusted evidence. Informed decisions. Better health. Cochrane Database of Systematic Reviews""}"	extracted	.	A ? ? ?B + + +C + ? +D ? + +E ? + +F - ? ? Footnotes aSystane(R) test eye drop vs saline bPVP 2% vs saline cFID114657 vs saline Risk of bias legend (A) Bias arising from the randomization process (B) Bias due to deviations from intended interventions (C) Bias due to missing outcome data (D) Bias in measurement of the outcome (E) Bias in selection of the reported result (F) Overall bias Lubricating drops for contact lens discomfort in adults (Review) Copyright © 2024 The Cochrane Collaboration. Published by John Wiley & Sons, Ltd.53 Cochrane LibraryTrusted evidence. Informed decisions. Better health. Cochrane Database of Systematic Reviews
first_pass	Cochrane_reviews/first_pass/CD015751_lubricating_drops_lens.pdf	CD015751_lubricating_drops_lens	2.3	2	Lubricants versus saline	Lubricants versus saline	Comfortable lens wear time (hours)	1	NCT02293538	NCT02293538	.	.	.	.	.	.	.	.	.	.	.	.	{}	{}	not_extracted_no_rob_block	No Risk of Bias block was detected in the selected analysis text.	.
first_pass	Cochrane_reviews/first_pass/CD015751_lubricating_drops_lens.pdf	CD015751_lubricating_drops_lens	2.3	2	Lubricants versus saline	Lubricants versus saline	Comfortable lens wear time (hours)	2	Keir 2006	Keir 2006	.	.	.	.	.	.	.	.	.	.	.	.	{}	{}	not_extracted_no_rob_block	No Risk of Bias block was detected in the selected analysis text.	.
