review_group	review_pdf	review_id	study_label	registry_type	registry_id	registry_url	source	lookup_status	notes	reference_excerpt
after_pilot	Cochrane_reviews/after_pilot/CD002243_corticosteroids_sepsis.pdf	CD002243_corticosteroids_sepsis	ACTRN12621000247875 2021	ACTRN	ACTRN12621000247875	.	cochrane_pubmed_html_reference_block	extracted_from_pubmed_html	.	Assessing the efficacy of treatment with vitamin C, vitamin B1 and hydrocortisone in children admitted in intensive care unit with septic shock. Australian New Zealand Clinical Trials Registry 2021. [ANZCTR: ACTRN12621000247875]
after_pilot	Cochrane_reviews/after_pilot/CD002243_corticosteroids_sepsis.pdf	CD002243_corticosteroids_sepsis	CTRI/2021/11/038268 2021	registry	CTRI/2021/11/038268	.	cochrane_pubmed_html_reference_block	extracted_from_pubmed_html	.	To compare the results of two treatment protocol (standard treatment plus vitamin C, thiamine and hydrocortisone versus standard treatment plus hydrocortisone) used in surgical patients with septic shock (A/K/A Infection in the body presenting with low blood pressure. Chinese Clinical Trials Registry 2021. [CHICTR: CTRI/2021/11/038268]
after_pilot	Cochrane_reviews/after_pilot/CD002243_corticosteroids_sepsis.pdf	CD002243_corticosteroids_sepsis	Fujii 2020	NCT	NCT03333278	https://clinicaltrials.gov/study/NCT03333278	cochrane_pubmed_html_reference_block	extracted_from_pubmed_html	.	Fujii T, Luethi N, Young PJ, Frei DR, Eastwood GM, French CJ, et al. Effect of vitamin C, hydrocortisone, and thiamine vs hydrocortisone alone on time alive and free of vasopressor support among patients with septic shock: the VITAMINS randomized clinical trial. JAMA 2020;323(5):423‐31. [DOI: 10.1001/jama.2019.22176] - DOI - PMC - PubMed NCT03333278. The vitamin C, hydrocortisone and thiamine in patients with septic shock trial (VITAMINS) [The vitamin C, hydrocortisone and thiamine in patients with septic shock trial (VITAMINS Trial) - a prospective, feasibility, pilot, multi-centre, randomise
after_pilot	Cochrane_reviews/after_pilot/CD002243_corticosteroids_sepsis.pdf	CD002243_corticosteroids_sepsis	NCT02602210 2015	NCT	NCT02602210	https://clinicaltrials.gov/study/NCT02602210	cochrane_pubmed_html_reference_block	extracted_from_pubmed_html	.	NCT02602210. Supplemental corticosteroids in cirrhotic hypotensive patients with suspicion of sepsis (SCOTCH). https://clinicaltrials.gov/ct2/show/NCT02602210 (first received 11 November 2015).
after_pilot	Cochrane_reviews/after_pilot/CD002243_corticosteroids_sepsis.pdf	CD002243_corticosteroids_sepsis	NCT03335124 2017	NCT	NCT03335124	https://clinicaltrials.gov/study/NCT03335124	cochrane_pubmed_html_reference_block	extracted_from_pubmed_html	.	NCT03335124. The effect of vitamin C, thiamine and hydrocortisone on clinical course and outcome in patients with severe sepsis and septic shock [A randomized, double blind, placebo-controlled study to investigate the effects of vitamin C, hydrocortisone and thiamine on the outcome of patients with severe sepsis and septic shock]. https://clinicaltrials.gov/ct2/show/NCT03335124 (first received 7 November 2017).
after_pilot	Cochrane_reviews/after_pilot/CD002243_corticosteroids_sepsis.pdf	CD002243_corticosteroids_sepsis	NCT03828929 2019	NCT	NCT03828929	https://clinicaltrials.gov/study/NCT03828929	cochrane_pubmed_html_reference_block	extracted_from_pubmed_html	.	Effect of IV vitamin C, thiamine, and steroids on mortality of septic shock. ClinicalTrials.gov 2019. [NCT: NCT03828929]
after_pilot	Cochrane_reviews/after_pilot/CD002243_corticosteroids_sepsis.pdf	CD002243_corticosteroids_sepsis	NCT04134403 2019	NCT	NCT04134403	https://clinicaltrials.gov/study/NCT04134403	cochrane_pubmed_html_reference_block	extracted_from_pubmed_html	.	Steroids, thiamine and ascorbic acid in septic shock. ClinicalTrials.gov 2019. [NCT: NCT04134403]
after_pilot	Cochrane_reviews/after_pilot/CD004376_exercise_knee_oa.pdf	CD004376_exercise_knee_oa	Actrn12615000227594	ACTRN	Actrn12615000227594	.	cochrane_pubmed_html_reference_block	extracted_from_pubmed_html	.	Actrn12615000227594. Stepped Care Approach for Medial Tibiofemoral Osteoarthritis (STrEAMline)STrEAMline: the remission of symptoms in tibiofemoral osteoarthritis following an adaptive treatment strategy in overweight/obese participants. Actrn12615000227594 2015.
after_pilot	Cochrane_reviews/after_pilot/CD004376_exercise_knee_oa.pdf	CD004376_exercise_knee_oa	Actrn12616000273482	ACTRN	Actrn12616000273482	.	cochrane_pubmed_html_reference_block	extracted_from_pubmed_html	.	Actrn12616000273482. Feasibility and potential benefits of high-intensity interval cycling for knee osteoarthritic patients: a randomised control feasibility trial? Is high-intensity interval cycling feasible and more beneficial than continuous cycling for knee osteoarthritic patients? Actrn12616000273482 2016. - PMC - PubMed
after_pilot	Cochrane_reviews/after_pilot/CD004376_exercise_knee_oa.pdf	CD004376_exercise_knee_oa	Actrn12618001280291	ACTRN	Actrn12618001280291	.	cochrane_pubmed_html_reference_block	extracted_from_pubmed_html	.	Actrn12618001280291. The effect of a virtual reality-based therapy on functions in older adult with knee osteoarthritis. Actrn12618001280291 2018.
after_pilot	Cochrane_reviews/after_pilot/CD004376_exercise_knee_oa.pdf	CD004376_exercise_knee_oa	Actrn12620001281987	ACTRN	Actrn12620001281987	.	cochrane_pubmed_html_reference_block	extracted_from_pubmed_html	.	Actrn12620001281987. Modifying activity behaviours in osteoarthritis. The best activity is the next activity: the effect of replacing sitting with moving on pain in people with osteoarthritis. Actrn12620001281987 2020.
after_pilot	Cochrane_reviews/after_pilot/CD004376_exercise_knee_oa.pdf	CD004376_exercise_knee_oa	Actrn12621000535875	ACTRN	Actrn12621000535875	.	cochrane_pubmed_html_reference_block	extracted_from_pubmed_html	.	Actrn12621000535875. Is a digital knee brace helpful for patients with osteoarthritis? Evaluating a digital knee brace and mobile-based CBT application for the treatment of knee pain in adults aged 65 or younger with knee osteoarthritis: a pilot trial. Actrn12621000535875 2021.
after_pilot	Cochrane_reviews/after_pilot/CD004376_exercise_knee_oa.pdf	CD004376_exercise_knee_oa	Actrn12622000461796	ACTRN	Actrn12622000461796	.	cochrane_pubmed_html_reference_block	extracted_from_pubmed_html	.	Actrn12622000461796. Exercise and weight loss for hip osteoarthritis: a clinical trial. Effectiveness of a telehealth-delivered clinician-supported exercise and weight loss program (Better Hip) for hip osteoarthritis: a randomised controlled trial. Actrn12622000461796 2022. - PMC - PubMed
after_pilot	Cochrane_reviews/after_pilot/CD004376_exercise_knee_oa.pdf	CD004376_exercise_knee_oa	Actrn12622001231730	ACTRN	Actrn12622001231730	.	cochrane_pubmed_html_reference_block	extracted_from_pubmed_html	.	Actrn12622001231730. How should exercise and education be delivered in exercise physiology interventions in people with knee osteoarthritis? Feasibility of 'exercising into pain' in patients with symptomatic knee osteoarthritis. Actrn12622001231730 2022.
after_pilot	Cochrane_reviews/after_pilot/CD004376_exercise_knee_oa.pdf	CD004376_exercise_knee_oa	Allen 2021	NCT	NCT02653768	https://clinicaltrials.gov/study/NCT02653768	cochrane_pubmed_html_reference_block	extracted_from_pubmed_html	.	Allen KD, Bongiorni D, Caves K, Coffman CJ, Floegel TA, Greysen HM, et al. STepped exercise program for patients with knee OsteoArthritis (STEP-KOA): protocol for a randomized controlled trial. BMC Musculoskeletal Disorders 2019;20(1):(no pagination). [DOI: 10.1186/s12891-019-2627-8] - DOI - PMC - PubMed Allen KD, Woolson S, Hoenig HM, Bongiorni D, Byrd J, Caves K, et al. Stepped exercise program for patients with knee osteoarthritis a randomized controlled trial. Annals of Internal Medicine 2021;174(3):298-307. [DOI: 10.7326/M20-4447] - DOI - PMC - PubMed Kaufman B, Allen KD, Coffman CJ, Wool
after_pilot	Cochrane_reviews/after_pilot/CD004376_exercise_knee_oa.pdf	CD004376_exercise_knee_oa	ChiCTR1800015203	ChiCTR	ChiCTR1800015203	.	cochrane_pubmed_html_reference_block	extracted_from_pubmed_html	.	ChiCTR1800015203. The effect of YIJINJING on knee stability in knee osteoarthritis. ChiCTR1800015203 2018.
after_pilot	Cochrane_reviews/after_pilot/CD004376_exercise_knee_oa.pdf	CD004376_exercise_knee_oa	ChiCTR2000031887	ChiCTR	ChiCTR2000031887	.	cochrane_pubmed_html_reference_block	extracted_from_pubmed_html	.	ChiCTR2000031887. Effects of exercise combined with compound amino acid glucose intervention on middle-aged and elderly osteoarthritis. ChiCTR2000031887 2020.
after_pilot	Cochrane_reviews/after_pilot/CD004376_exercise_knee_oa.pdf	CD004376_exercise_knee_oa	ChiCTR2000033370	ChiCTR	ChiCTR2000033370	.	cochrane_pubmed_html_reference_block	extracted_from_pubmed_html	.	ChiCTR2000033370. The biomechanical effectiveness of the Taichi exercise in the management of knee OA: a randomized controlled trial. ChiCTR2000033370 2020.
after_pilot	Cochrane_reviews/after_pilot/CD004376_exercise_knee_oa.pdf	CD004376_exercise_knee_oa	ChiCTR2000033397	ChiCTR	ChiCTR2000033397	.	cochrane_pubmed_html_reference_block	extracted_from_pubmed_html	.	ChiCTR2000033397. The feasibility and effectiveness of internet-based rehabilitation for patients with knee osteoarthritis: a randomized controlled trial in the community setting. ChiCTR2000033397 2020. - PMC - PubMed
after_pilot	Cochrane_reviews/after_pilot/CD004376_exercise_knee_oa.pdf	CD004376_exercise_knee_oa	ChiCTR2000037083	ChiCTR	ChiCTR2000037083	.	cochrane_pubmed_html_reference_block	extracted_from_pubmed_html	.	ChiCTR2000037083. Clinical application study of Yijinjing in preventing and treating knee osteoarthritis. ChiCTR2000037083 2020.
after_pilot	Cochrane_reviews/after_pilot/CD004376_exercise_knee_oa.pdf	CD004376_exercise_knee_oa	ChiCTR2000037256	ChiCTR	ChiCTR2000037256	.	cochrane_pubmed_html_reference_block	extracted_from_pubmed_html	.	ChiCTR2000037256. Study on the mechanism of regulating the balance of tendon and bone strength in knee osteoarthritis with Yijinjing. ChiCTR2000037256 2020.
after_pilot	Cochrane_reviews/after_pilot/CD004376_exercise_knee_oa.pdf	CD004376_exercise_knee_oa	ChiCTR2000037303	ChiCTR	ChiCTR2000037303	.	cochrane_pubmed_html_reference_block	extracted_from_pubmed_html	.	ChiCTR2000037303. The clinical study of weight-loss gait training on improving lower limb joint function in elderly patients with osteoarthritis. ChiCTR2000037303 2020.
after_pilot	Cochrane_reviews/after_pilot/CD004376_exercise_knee_oa.pdf	CD004376_exercise_knee_oa	ChiCTR2000038158	ChiCTR	ChiCTR2000038158	.	cochrane_pubmed_html_reference_block	extracted_from_pubmed_html	.	ChiCTR2000038158. Effects of a WeChat-based transtheoretical model-based home-exercise intervention for older adults with knee osteoarthritis. ChiCTR2000038158 2020.
after_pilot	Cochrane_reviews/after_pilot/CD004376_exercise_knee_oa.pdf	CD004376_exercise_knee_oa	ChiCTR2000039005	ChiCTR	ChiCTR2000039005	.	cochrane_pubmed_html_reference_block	extracted_from_pubmed_html	.	ChiCTR2000039005. The effectiveness of leg swing exercise versus quadriceps strengthening in treating patients with knee osteoarthritis: a randomized controlled trial. ChiCTR2000039005 2020.
after_pilot	Cochrane_reviews/after_pilot/CD004376_exercise_knee_oa.pdf	CD004376_exercise_knee_oa	ChiCTR2100041978	ChiCTR	ChiCTR2100041978	.	cochrane_pubmed_html_reference_block	extracted_from_pubmed_html	.	ChiCTR2100041978. Video-linked by physiotherapists and supported by family, exercise and education for community-dwelling older patients with knee osteoarthritis. ChiCTR2100041978 2021.
after_pilot	Cochrane_reviews/after_pilot/CD004376_exercise_knee_oa.pdf	CD004376_exercise_knee_oa	ChiCTR2100044586	ChiCTR	ChiCTR2100044586	.	cochrane_pubmed_html_reference_block	extracted_from_pubmed_html	.	ChiCTR2100044586. Clinical observation on the improvement of lower limb function of patients with knee osteoarthritis by South Shaolin kung [Application study of South Shaolin kung to improve lower limb function in patients with knee osteoarthritis]. ChiCTR2100044586 2021.
after_pilot	Cochrane_reviews/after_pilot/CD004376_exercise_knee_oa.pdf	CD004376_exercise_knee_oa	ChiCTR2100045654	ChiCTR	ChiCTR2100045654	.	cochrane_pubmed_html_reference_block	extracted_from_pubmed_html	.	ChiCTR2100045654. Study on the effect of kneeling on balance ability of knee osteoarthritis. ChiCTR2100045654 2021.
after_pilot	Cochrane_reviews/after_pilot/CD004376_exercise_knee_oa.pdf	CD004376_exercise_knee_oa	ChiCTR2100052416	ChiCTR	ChiCTR2100052416	.	cochrane_pubmed_html_reference_block	extracted_from_pubmed_html	.	ChiCTR2100052416. Research on the combined effect of systemic nutrition and rhythmic exercise on people with abnormal metabolism of motor system. ChiCTR2100052416 2021.
after_pilot	Cochrane_reviews/after_pilot/CD004376_exercise_knee_oa.pdf	CD004376_exercise_knee_oa	ChiCTR2100053574	ChiCTR	ChiCTR2100053574	.	cochrane_pubmed_html_reference_block	extracted_from_pubmed_html	.	ChiCTR2100053574. To explore the effect mechanism of Taijiquan in the treatment of knee osteoarthritis from the perspective of rehabilitation omics. ChiCTR2100053574 2021.
after_pilot	Cochrane_reviews/after_pilot/CD004376_exercise_knee_oa.pdf	CD004376_exercise_knee_oa	ChiCTR2300067530	ChiCTR	ChiCTR2300067530	.	cochrane_pubmed_html_reference_block	extracted_from_pubmed_html	.	ChiCTR2300067530. Effects of home-based heel-kicking and stretching exercise on pain and joint function in the acute phase of moderate to severe knee osteoarthritis. ChiCTR2300067530 2023.
after_pilot	Cochrane_reviews/after_pilot/CD004376_exercise_knee_oa.pdf	CD004376_exercise_knee_oa	ChiCTR2300067546	ChiCTR	ChiCTR2300067546	.	cochrane_pubmed_html_reference_block	extracted_from_pubmed_html	.	ChiCTR2300067546. A randomized controlled trial of modified eight-stage taijiquan for intervention in early to mid-stage knee osteoarthritis. ChiCTR2300067546 2023.
after_pilot	Cochrane_reviews/after_pilot/CD004376_exercise_knee_oa.pdf	CD004376_exercise_knee_oa	ChiCTR2300070376	ChiCTR	ChiCTR2300070376	.	cochrane_pubmed_html_reference_block	extracted_from_pubmed_html	.	Electroacupuncture versus exercise in patients with knee osteoarthritis: a randomized controlled trial. ChiCTR2300070376 2023. - PMC - PubMed
after_pilot	Cochrane_reviews/after_pilot/CD004376_exercise_knee_oa.pdf	CD004376_exercise_knee_oa	ChiCTR2300070872	ChiCTR	ChiCTR2300070872	.	cochrane_pubmed_html_reference_block	extracted_from_pubmed_html	.	ChiCTR2300070872. Internet plus continuous rehabilitation nursing combined with lower limb quadriceps femoris muscle strength training for knee osteoarthritis: a randomized controlled trial. ChiCTR2300070872 2023.
after_pilot	Cochrane_reviews/after_pilot/CD004376_exercise_knee_oa.pdf	CD004376_exercise_knee_oa	ChiCTR2300071181	ChiCTR	ChiCTR2300071181	.	cochrane_pubmed_html_reference_block	extracted_from_pubmed_html	.	ChiCTR2300071181. Research on remote rehabilitation treatment model of knee osteoarthritis. ChiCTR2300071181 2023.
after_pilot	Cochrane_reviews/after_pilot/CD004376_exercise_knee_oa.pdf	CD004376_exercise_knee_oa	ChiCTR2300072820	ChiCTR	ChiCTR2300072820	.	cochrane_pubmed_html_reference_block	extracted_from_pubmed_html	.	ChiCTR2300072820. Effect of blood flow restriciton training in patients with knee OA. ChiCTR2300072820 2023.
after_pilot	Cochrane_reviews/after_pilot/CD004376_exercise_knee_oa.pdf	CD004376_exercise_knee_oa	ChiCTR2300073480	ChiCTR	ChiCTR2300073480	.	cochrane_pubmed_html_reference_block	extracted_from_pubmed_html	.	ChiCTR2300073480. Construction and effect evaluation of progressive phased resistance exercise intervention scheme for obese subjects with knee osteoarthritis. ChiCTR2300073480 2023.
after_pilot	Cochrane_reviews/after_pilot/CD004376_exercise_knee_oa.pdf	CD004376_exercise_knee_oa	ChiCTR2300073688	ChiCTR	ChiCTR2300073688	.	cochrane_pubmed_html_reference_block	extracted_from_pubmed_html	.	ChiCTR2300073688. Effect of the telemedicine-supported multicomponent exercise therapy in patients with knee osteoarthritis: a randomized controlled trial [Digital exercise therapy for the prevention and treatment of knee osteoarthritis: a clinical study protocol]. ChiCTR2300073688 2023. - PMC - PubMed
after_pilot	Cochrane_reviews/after_pilot/CD004376_exercise_knee_oa.pdf	CD004376_exercise_knee_oa	Ctri/2014/01/004270	registry	Ctri/2014/01/004270	.	cochrane_pubmed_html_reference_block	extracted_from_pubmed_html	.	Ctri/2014/01/004270. Trial of 2 conservative therapies for knee arthritis patients [Comparative impact of two packages of non pharmacological interventions on quality of life of knee osteoarthritis patients reporting at a tertiary care institution - a randomized control trial]. Ctri/2014/01/004270 2014.
after_pilot	Cochrane_reviews/after_pilot/CD004376_exercise_knee_oa.pdf	CD004376_exercise_knee_oa	Ctri/2015/01/005485	registry	Ctri/2015/01/005485	.	cochrane_pubmed_html_reference_block	extracted_from_pubmed_html	.	Ctri/2015/01/005485. To check the effect of strengthening exercises and manual therapy in subjects with knee osteoarthritis. Ctri/2015/01/005485 2015.
after_pilot	Cochrane_reviews/after_pilot/CD004376_exercise_knee_oa.pdf	CD004376_exercise_knee_oa	Ctri/2018/03/012620	registry	Ctri/2018/03/012620	.	cochrane_pubmed_html_reference_block	extracted_from_pubmed_html	.	Ctri/2018/03/012620. Long term benefits of specific physiotherapy for patients with osteoarthritis of knee [Long term efficacy of Mulligan mobilization with movement on pain and functional status in patients with osteoarthritis of knee joint. A randomized clinical trial]. Ctri/2018/03/012620 2018.
after_pilot	Cochrane_reviews/after_pilot/CD004376_exercise_knee_oa.pdf	CD004376_exercise_knee_oa	Ctri/2019/01/017049	registry	Ctri/2019/01/017049	.	cochrane_pubmed_html_reference_block	extracted_from_pubmed_html	.	Ctri/2019/01/017049. To compare the effect of routienly done strengthening exercises versus joint position sence trining in patients with early osteoarthritis [Effectiveness of proprioceptive training Vversus conventional exercises on postural sway in patients with early knee osteoarthritis]. Ctri/2019/01/017049 2019.
after_pilot	Cochrane_reviews/after_pilot/CD004376_exercise_knee_oa.pdf	CD004376_exercise_knee_oa	Ctri/2019/09/021331	registry	Ctri/2019/09/021331	.	cochrane_pubmed_html_reference_block	extracted_from_pubmed_html	.	Ctri/2019/09/021331. Using a type of machine with current to reduce pain in patients with knee pain effects of wireless electric stimulation on pain and disability in patient with osteoarthritis knee: a randomized controlled trial. Ctri/2019/09/021331 2019.
after_pilot	Cochrane_reviews/after_pilot/CD004376_exercise_knee_oa.pdf	CD004376_exercise_knee_oa	Ctri/2020/03/023737	registry	Ctri/2020/03/023737	.	cochrane_pubmed_html_reference_block	extracted_from_pubmed_html	.	Ctri/2020/03/023737. Effectiveness of specific physiotherapy evaluation and treatment in decreasing pain and improving joint function among individuals with mechanical knee pain [Effectiveness of Mckenzie method of evaluation and treatment for mechanical disorders of knee joint]. Ctri/2020/03/023737 2020.
after_pilot	Cochrane_reviews/after_pilot/CD004376_exercise_knee_oa.pdf	CD004376_exercise_knee_oa	Ctri/2020/03/024311	registry	Ctri/2020/03/024311	.	cochrane_pubmed_html_reference_block	extracted_from_pubmed_html	.	Ctri/2020/03/024311. Knee School for patients suffering from knee osteoarthritis [Pilot the concept of knee school in outpatient department settings at PGIMER, Chandigarh for improving the quality of life of patients suffering from knee osteoarthritis through a randomised controlled trial]. Ctri/2020/03/024311 2020.
after_pilot	Cochrane_reviews/after_pilot/CD004376_exercise_knee_oa.pdf	CD004376_exercise_knee_oa	Ctri/2020/06/025912	registry	Ctri/2020/06/025912	.	cochrane_pubmed_html_reference_block	extracted_from_pubmed_html	.	Ctri/2020/06/025912. Application of selected yoga asana on treatment of osteoarthritis in knee [Comparison between effects of select yoga asana with exercise therapy in osteoarthritis of knee joint]. Ctri/2020/06/025912 2020.
after_pilot	Cochrane_reviews/after_pilot/CD004376_exercise_knee_oa.pdf	CD004376_exercise_knee_oa	Ctri/2020/06/025973	registry	Ctri/2020/06/025973	.	cochrane_pubmed_html_reference_block	extracted_from_pubmed_html	.	Ctri/2020/06/025973. Effect of core stability and hip strengthening exercise to reduce pain, improve function and to enhance daily life activity in patients with osteoarthritis of knee. Ctri/2020/06/025973 2020.
after_pilot	Cochrane_reviews/after_pilot/CD004376_exercise_knee_oa.pdf	CD004376_exercise_knee_oa	Ctri/2020/07/026397	registry	Ctri/2020/07/026397	.	cochrane_pubmed_html_reference_block	extracted_from_pubmed_html	.	Ctri/2020/07/026397. Hip strengthening exercise in knee osteoarthritis [Effectiveness of hip strengthening exercise in patients with knee osteoarthritis]. Ctri/2020/07/026397 2020.
after_pilot	Cochrane_reviews/after_pilot/CD004376_exercise_knee_oa.pdf	CD004376_exercise_knee_oa	Ctri/2020/11/028915	registry	Ctri/2020/11/028915	.	cochrane_pubmed_html_reference_block	extracted_from_pubmed_html	.	Ctri/2020/11/028915. Effect of active vs passive exercise in knee pain [Effect of active vs passive movement with mobilization on pain & range of motion in patients with chronic osteoarthritis knee]. Ctri/2020/11/028915 2020.
after_pilot	Cochrane_reviews/after_pilot/CD004376_exercise_knee_oa.pdf	CD004376_exercise_knee_oa	Ctri/2020/11/029138	registry	Ctri/2020/11/029138	.	cochrane_pubmed_html_reference_block	extracted_from_pubmed_html	.	Ctri/2020/11/029138. There is scarcity of literature as whether isokinetic exercise or electromyography biofeedback along with conventional physiotherapy is more effective to strengthen vastus medialis oblique in osteoarthritis knee to reduce pain and increase range of motion. Ctri/2020/11/029138 2020.
after_pilot	Cochrane_reviews/after_pilot/CD004376_exercise_knee_oa.pdf	CD004376_exercise_knee_oa	Ctri/2021/01/030519	registry	Ctri/2021/01/030519	.	cochrane_pubmed_html_reference_block	extracted_from_pubmed_html	.	Ctri/2021/01/030519. Effect of combined kinetic chain exercises on vastus medialis oblique muscle thickness measured with ultrasound in patients with knee osteoarthrits [Effect of open kinetic chain and closed kinetic chain exercises on vastus medialis oblique muscle volume and]. Ctri/2021/01/030519 2021.
after_pilot	Cochrane_reviews/after_pilot/CD004376_exercise_knee_oa.pdf	CD004376_exercise_knee_oa	Ctri/2021/04/033203	registry	Ctri/2021/04/033203	.	cochrane_pubmed_html_reference_block	extracted_from_pubmed_html	.	Ctri/2021/04/033203. Effect of muscle strengthening on walking angle in osteoarthritis knee [Effect of core muscle and antigravity muscle strengthening on foot progression angle in patients with osteoarthritis knee: a randomized control trial]. Ctri/2021/04/033203 2021.
after_pilot	Cochrane_reviews/after_pilot/CD004376_exercise_knee_oa.pdf	CD004376_exercise_knee_oa	Ctri/2021/09/036724	registry	Ctri/2021/09/036724	.	cochrane_pubmed_html_reference_block	extracted_from_pubmed_html	.	Ctri/2021/09/036724. Effects of pilates and egoscue exercises in subjects with knee osteoarthritis [Comparative effective of pilates and egoscue exercises on pain, function, proprioception and peak muscle torque in subjects with knee osteoarthritis- a randomized parallel group]. Ctri/2021/09/036724 2021.
after_pilot	Cochrane_reviews/after_pilot/CD004376_exercise_knee_oa.pdf	CD004376_exercise_knee_oa	Ctri/2022/03/041074	registry	Ctri/2022/03/041074	.	cochrane_pubmed_html_reference_block	extracted_from_pubmed_html	.	Ctri/2022/03/041074. Effect of weight resistance exercises versus band exercises on knee pain [Effect of resistance training using weight cuff versus theraband resistance training of knee extensors on knee Q angle and gait in knee osteoarthritis. A randomized control trail]. Ctri/2022/03/041074 2022.
after_pilot	Cochrane_reviews/after_pilot/CD004376_exercise_knee_oa.pdf	CD004376_exercise_knee_oa	Ctri/2022/05/042506	registry	Ctri/2022/05/042506	.	cochrane_pubmed_html_reference_block	extracted_from_pubmed_html	.	Ctri/2022/05/042506. Effect of alternate heat and cold treatment by water and device to reduce pain and improve knee movement and physical activities in people with knee pain due to osteoarthritis. Ctri/2022/05/042506 2022.
after_pilot	Cochrane_reviews/after_pilot/CD004376_exercise_knee_oa.pdf	CD004376_exercise_knee_oa	Ctri/2022/10/046835	registry	Ctri/2022/10/046835	.	cochrane_pubmed_html_reference_block	extracted_from_pubmed_html	.	Ctri/2022/10/046835. Effects of activity modification with weight bearing exercises on pain and quality of life in patients with knee osteoarthritis &acirc;?? A Pilot Randomized Controlled Trial. Ctri/2022/10/046835 2022.
after_pilot	Cochrane_reviews/after_pilot/CD004376_exercise_knee_oa.pdf	CD004376_exercise_knee_oa	Ctri/2022/12/048269	registry	Ctri/2022/12/048269	.	cochrane_pubmed_html_reference_block	extracted_from_pubmed_html	.	Ctri/2022/12/048269. To know the effect of Unani massage and exercise in knee osteoarthritis [Clinical evaluation of efficacy of Dalk with Roghan e Ahmar jadeed and Riyazat (knee strengthening Eexercise) in knee osteoarthritis]. Ctri/2022/12/048269 2022.
after_pilot	Cochrane_reviews/after_pilot/CD004376_exercise_knee_oa.pdf	CD004376_exercise_knee_oa	Ctri/2023/01/049164	registry	Ctri/2023/01/049164	.	cochrane_pubmed_html_reference_block	extracted_from_pubmed_html	.	Ctri/2023/01/049164. Efficacy of floss band technique along with conventional approach in management of knee osteoarthritis [Ctri/2023/01/049164]. Ctri/2023/01/049164 2023.
after_pilot	Cochrane_reviews/after_pilot/CD004376_exercise_knee_oa.pdf	CD004376_exercise_knee_oa	Ctri/2023/04/051550	registry	Ctri/2023/04/051550	.	cochrane_pubmed_html_reference_block	extracted_from_pubmed_html	.	Ctri/2023/04/051550. A clinical trial to find out the effect of resisted exercises in improving walking pattern in oa knee subjects [Efficacy of progressive resisted training of lower extremity muscles and core muscles in improving early stage osteoarthritis of knee]. Ctri/2023/04/051550 2023.
after_pilot	Cochrane_reviews/after_pilot/CD004376_exercise_knee_oa.pdf	CD004376_exercise_knee_oa	Ctri/2023/04/051625	registry	Ctri/2023/04/051625	.	cochrane_pubmed_html_reference_block	extracted_from_pubmed_html	.	Ctri/2023/04/051625. Effectiveness of a new exercise (wall touch single limb stance) in patients with osteoarthritis knee. Ctri/2023/04/051625 2023.
after_pilot	Cochrane_reviews/after_pilot/CD004376_exercise_knee_oa.pdf	CD004376_exercise_knee_oa	Ctri/2023/05/053101	registry	Ctri/2023/05/053101	.	cochrane_pubmed_html_reference_block	extracted_from_pubmed_html	.	Ctri/2023/05/053101. Effect of pain education and cognition targeted exercises on pain, disability and quality of life in knee osteoarthritis patients. Ctri/2023/05/053101 2023.
after_pilot	Cochrane_reviews/after_pilot/CD004376_exercise_knee_oa.pdf	CD004376_exercise_knee_oa	Ctri/2023/06/053585	registry	Ctri/2023/06/053585	.	cochrane_pubmed_html_reference_block	extracted_from_pubmed_html	.	Ctri/2023/06/053585. Cycling for muscle strength in Knee Osteoarthritis [Effect of stationary cycling on quality of life, pain & isokinetic strength in patients with knee osteoarthritis]. Ctri/2023/06/053585 2023.
after_pilot	Cochrane_reviews/after_pilot/CD004376_exercise_knee_oa.pdf	CD004376_exercise_knee_oa	Ctri/2023/07/054805	registry	Ctri/2023/07/054805	.	cochrane_pubmed_html_reference_block	extracted_from_pubmed_html	.	Ctri/2023/07/054805. Effectivness of core exercise training in patients diagnosed with knee osteoarthritis - a randomized controlled trial. Ctri/2023/07/054805 2023.
after_pilot	Cochrane_reviews/after_pilot/CD004376_exercise_knee_oa.pdf	CD004376_exercise_knee_oa	Ctri/2023/07/055413	registry	Ctri/2023/07/055413	.	cochrane_pubmed_html_reference_block	extracted_from_pubmed_html	.	Ctri/2023/07/055413. The effectiveness of structured exercise based rehabilitation program in patients with early osteoarthritis knee. Ctri/2023/07/055413 2023.
after_pilot	Cochrane_reviews/after_pilot/CD004376_exercise_knee_oa.pdf	CD004376_exercise_knee_oa	Ctri/2023/07/055542	registry	Ctri/2023/07/055542	.	cochrane_pubmed_html_reference_block	extracted_from_pubmed_html	.	Ctri/2023/07/055542. Effect of 6-week exercise programme on gait patterns, muscle activation and balance in patients with osteoarthritis of knee. Ctri/2023/07/055542 2023.
after_pilot	Cochrane_reviews/after_pilot/CD004376_exercise_knee_oa.pdf	CD004376_exercise_knee_oa	Ctri/2023/08/056055	registry	Ctri/2023/08/056055	.	cochrane_pubmed_html_reference_block	extracted_from_pubmed_html	.	Ctri/2023/08/056055. Impact of polyvagal and knee strengthning execises on pain and quality of life in female paitents with knee osteoarthritis. Ctri/2023/08/056055 2023.
after_pilot	Cochrane_reviews/after_pilot/CD004376_exercise_knee_oa.pdf	CD004376_exercise_knee_oa	Ctri/2023/08/056749	registry	Ctri/2023/08/056749	.	cochrane_pubmed_html_reference_block	extracted_from_pubmed_html	.	Ctri/2023/08/056749. A study to compare the effectiveness of nirgundi patra upanaha and koladi upanaha in janusandhigata vata (knee osteoarthritis). Ctri/2023/08/056749 2023.
after_pilot	Cochrane_reviews/after_pilot/CD004376_exercise_knee_oa.pdf	CD004376_exercise_knee_oa	Ctri/2023/08/056896	registry	Ctri/2023/08/056896	.	cochrane_pubmed_html_reference_block	extracted_from_pubmed_html	.	Ctri/2023/08/056896. Physiotherapy for knee osteoarthritis. Ctri/2023/08/056896 2023.
after_pilot	Cochrane_reviews/after_pilot/CD004376_exercise_knee_oa.pdf	CD004376_exercise_knee_oa	Ctri/2023/08/057102	registry	Ctri/2023/08/057102	.	cochrane_pubmed_html_reference_block	extracted_from_pubmed_html	.	Ctri/2023/08/057102. Effectiveness of Better Management for DegenerativeJoint Disease for Knee Program on pain and functions in patients with knee osteoarthritis: a randomized controlled trial. Ctri/2023/08/057102 2023.
after_pilot	Cochrane_reviews/after_pilot/CD004376_exercise_knee_oa.pdf	CD004376_exercise_knee_oa	Ctri/2023/08/057124	registry	Ctri/2023/08/057124	.	cochrane_pubmed_html_reference_block	extracted_from_pubmed_html	.	Ctri/2023/08/057124. Effects of exercise on arthritic knee cartilage [Impact of exercises on cartilage health, physical performance and quality of life in subjects with knee osteoarthritis]. Ctri/2023/08/057124 2023.
after_pilot	Cochrane_reviews/after_pilot/CD004376_exercise_knee_oa.pdf	CD004376_exercise_knee_oa	Ctri/2023/10/058883	registry	Ctri/2023/10/058883	.	cochrane_pubmed_html_reference_block	extracted_from_pubmed_html	.	Ctri/2023/10/058883. Evaluating the impact of fast paced and slow paced exercises n strength in patients with knee osteoarthritis. Ctri/2023/10/058883 2023.
after_pilot	Cochrane_reviews/after_pilot/CD004376_exercise_knee_oa.pdf	CD004376_exercise_knee_oa	Drks00009257	registry	Drks00009257	.	cochrane_pubmed_html_reference_block	extracted_from_pubmed_html	.	Drks00009257. Effectiveness and efficiency of a supervised strength-machine based hip and knee training for patients with hip or knee osteoarthritis: a controlled study in the context of health service research. Drks00009257 2015.
after_pilot	Cochrane_reviews/after_pilot/CD004376_exercise_knee_oa.pdf	CD004376_exercise_knee_oa	Drks00024160	registry	Drks00024160	.	cochrane_pubmed_html_reference_block	extracted_from_pubmed_html	.	Drks00024160. Effectiveness of an additional web-based app-intervention to traditional physiotherapy in patients with musculoskeletal pain [Effectiveness of an additional web-based app-intervention to traditional physiotherapy in patients with musculoskeletal pain - Heal]. Drks00024160 2021.
after_pilot	Cochrane_reviews/after_pilot/CD004376_exercise_knee_oa.pdf	CD004376_exercise_knee_oa	Drks00025033	registry	Drks00025033	.	cochrane_pubmed_html_reference_block	extracted_from_pubmed_html	.	Drks00025033. Individualized exercise promotion program for people with multiple manifested risk factors to increase physical exercise in the long term (MultiPill-Exercise). Drks00025033 2021.
after_pilot	Cochrane_reviews/after_pilot/CD004376_exercise_knee_oa.pdf	CD004376_exercise_knee_oa	Gohir 2020	NCT	NCT03545048	https://clinicaltrials.gov/study/NCT03545048	cochrane_pubmed_html_reference_block	extracted_from_pubmed_html	.	Gohir S, Abhishek A, Kelly A, Valdes AM. A randomised controlled trial evaluating the efficacy of internet-based exercises aimed at treating knee osteoarthritis (ibeat-OA). Arthritis & Rheumatology 2020;72 Suppl 10:2997-9. [DOI: 10.1002/art.41538] - DOI Gohir SA, Greenhaff P, Abhishek A, Valdes AM. Evaluating the efficacy of Internet-Based Exercise programme Aimed at Treating knee Osteoarthritis (iBEAT-OA) in the community: a study protocol for a randomised controlled trial. BMJ Open 2019;9(10):(no pagination). [DOI: 10.1136/bmjopen-2019-030564] - DOI - PMC - PubMed Nct03545048. Effects of web
after_pilot	Cochrane_reviews/after_pilot/CD004376_exercise_knee_oa.pdf	CD004376_exercise_knee_oa	Isrctn13307390	ISRCTN	Isrctn13307390	https://www.isrctn.com/ISRCTN13307390	cochrane_pubmed_html_reference_block	extracted_from_pubmed_html	.	Isrctn13307390. A 12-week digital care program for chronic knee pain involving exercise, education, and psychosocial support. Isrctn13307390 2017.
after_pilot	Cochrane_reviews/after_pilot/CD004376_exercise_knee_oa.pdf	CD004376_exercise_knee_oa	Nct01945749	NCT	NCT01945749	https://clinicaltrials.gov/study/NCT01945749	cochrane_pubmed_html_reference_block	extracted_from_pubmed_html	.	Nct01945749. Exercise and steroid in knee osteoarthritis [Combined intra articular corticosteroid and physiotherapeutic exercise in patients with osteoarthritis of the knee: a randomised clinical trial]. Nct01945749 2013.
after_pilot	Cochrane_reviews/after_pilot/CD004376_exercise_knee_oa.pdf	CD004376_exercise_knee_oa	Nct02024126	NCT	NCT02024126	https://clinicaltrials.gov/study/NCT02024126	cochrane_pubmed_html_reference_block	extracted_from_pubmed_html	.	Nct02024126. Exercise therapy in patients with knee osteoarthritis. Nct02024126 2013.
after_pilot	Cochrane_reviews/after_pilot/CD004376_exercise_knee_oa.pdf	CD004376_exercise_knee_oa	Nct02043613	NCT	NCT02043613	https://clinicaltrials.gov/study/NCT02043613	cochrane_pubmed_html_reference_block	extracted_from_pubmed_html	.	Nct02043613. Context effects in exercise therapy for knee and/or hip pain [Effect of physical surroundings on effects from exercise as treatment for hip or knee pain: a double-blind randomized controlled clinical trial]. Nct02043613 2014.
after_pilot	Cochrane_reviews/after_pilot/CD004376_exercise_knee_oa.pdf	CD004376_exercise_knee_oa	Nct02098096	NCT	NCT02098096	https://clinicaltrials.gov/study/NCT02098096	cochrane_pubmed_html_reference_block	extracted_from_pubmed_html	.	Nct02098096. Negative work exercise for the treatment of knee arthritis [Development of a negative work exercise regimen as an intervention for posttraumatic osteoarthritis of the knee]. Nct02098096 2014.
after_pilot	Cochrane_reviews/after_pilot/CD004376_exercise_knee_oa.pdf	CD004376_exercise_knee_oa	Nct02350387	NCT	NCT02350387	https://clinicaltrials.gov/study/NCT02350387	cochrane_pubmed_html_reference_block	extracted_from_pubmed_html	.	Nct02350387. Efficacy of eccentric resistance training in persons with knee osteoarthritis. Nct02350387 2015.
after_pilot	Cochrane_reviews/after_pilot/CD004376_exercise_knee_oa.pdf	CD004376_exercise_knee_oa	Nct02454374	NCT	NCT02454374	https://clinicaltrials.gov/study/NCT02454374	cochrane_pubmed_html_reference_block	extracted_from_pubmed_html	.	Nct02454374. Joint loading vs normal physiotherapy care in degenerative knees (V1). Nct02454374 2015.
after_pilot	Cochrane_reviews/after_pilot/CD004376_exercise_knee_oa.pdf	CD004376_exercise_knee_oa	Nct02598804	NCT	NCT02598804	https://clinicaltrials.gov/study/NCT02598804	cochrane_pubmed_html_reference_block	extracted_from_pubmed_html	.	Nct02598804. Evaluation of the effectiveness of self management program on changes in physical activity level of knee osteoarthritis patients in spa therapy. Nct02598804 2015.
after_pilot	Cochrane_reviews/after_pilot/CD004376_exercise_knee_oa.pdf	CD004376_exercise_knee_oa	Nct02600702	NCT	NCT02600702	https://clinicaltrials.gov/study/NCT02600702	cochrane_pubmed_html_reference_block	extracted_from_pubmed_html	.	Nct02600702. A study of siriraj home exercises protocol for primary osteoarthritis of the knee [A randomized control study of siriraj home exercises protocol for primary knee osteoarthritis patients versus usual orthopedic outpatient consultation in primary knee osteoarthritis]. Nct02600702 2015.
after_pilot	Cochrane_reviews/after_pilot/CD004376_exercise_knee_oa.pdf	CD004376_exercise_knee_oa	Nct02698072	NCT	NCT02698072	https://clinicaltrials.gov/study/NCT02698072	cochrane_pubmed_html_reference_block	extracted_from_pubmed_html	.	Nct02698072. Improvement in pain and function following a physiotherapy program in older adults with knee osteoarthritis. Nct02698072 2016.
after_pilot	Cochrane_reviews/after_pilot/CD004376_exercise_knee_oa.pdf	CD004376_exercise_knee_oa	Nct02901964	NCT	NCT02901964	https://clinicaltrials.gov/study/NCT02901964	cochrane_pubmed_html_reference_block	extracted_from_pubmed_html	.	Nct02901964. Effect of strengthening the hip abductor in patients with knee osteoarthritis: randomized controlled trial. Nct02901964 2016.
after_pilot	Cochrane_reviews/after_pilot/CD004376_exercise_knee_oa.pdf	CD004376_exercise_knee_oa	Nct03050320	NCT	NCT03050320	https://clinicaltrials.gov/study/NCT03050320	cochrane_pubmed_html_reference_block	extracted_from_pubmed_html	.	Nct03050320. Improving resilience and longevity for workers through exercise. Nct03050320 2017.
after_pilot	Cochrane_reviews/after_pilot/CD004376_exercise_knee_oa.pdf	CD004376_exercise_knee_oa	Nct03167502	NCT	NCT03167502	https://clinicaltrials.gov/study/NCT03167502	cochrane_pubmed_html_reference_block	extracted_from_pubmed_html	.	Nct03167502. Performance in walking in osteoarthritis patients [Performance in walking in osteoarthritis patients: the role of fatigue and the effect of an eccentric muscle building program]. Nct03167502 2017.
after_pilot	Cochrane_reviews/after_pilot/CD004376_exercise_knee_oa.pdf	CD004376_exercise_knee_oa	Nct03171168	NCT	NCT03171168	https://clinicaltrials.gov/study/NCT03171168	cochrane_pubmed_html_reference_block	extracted_from_pubmed_html	.	The effect of apostherapy on knee pain [The effect of apostherapy on pain and function in knee osteoarthritis population: a randomized controlled trial]. Nct03171168 2017.
after_pilot	Cochrane_reviews/after_pilot/CD004376_exercise_knee_oa.pdf	CD004376_exercise_knee_oa	Nct03379623	NCT	NCT03379623	https://clinicaltrials.gov/study/NCT03379623	cochrane_pubmed_html_reference_block	extracted_from_pubmed_html	.	Nct03379623. ESCAPE-pain programme in Malaysiaa feasibility randomised controlled trial of the implementation in Malaysian healthcare context of the ESCAPE-pain programme for patients with knee osteoarthritis. Nct03379623 2017.
after_pilot	Cochrane_reviews/after_pilot/CD004376_exercise_knee_oa.pdf	CD004376_exercise_knee_oa	Nct03470090	NCT	NCT03470090	https://clinicaltrials.gov/study/NCT03470090	cochrane_pubmed_html_reference_block	extracted_from_pubmed_html	.	Nct03470090. The effects of neuromuscular exercises training on physical activity, functionality and balance in knee osteoarthritis. Nct03470090 2018.
after_pilot	Cochrane_reviews/after_pilot/CD004376_exercise_knee_oa.pdf	CD004376_exercise_knee_oa	Nct03571698	NCT	NCT03571698	https://clinicaltrials.gov/study/NCT03571698	cochrane_pubmed_html_reference_block	extracted_from_pubmed_html	.	Nct03571698. The efficacy of exercise and alternative applications of NMES on pain and function in patients with knee OA Istanbul University, Faculty of Health Science, Division of Physiotherapy and Rehabilitation. Nct03571698 2018.
after_pilot	Cochrane_reviews/after_pilot/CD004376_exercise_knee_oa.pdf	CD004376_exercise_knee_oa	Nct03621631	NCT	NCT03621631	https://clinicaltrials.gov/study/NCT03621631	cochrane_pubmed_html_reference_block	extracted_from_pubmed_html	.	Nct03621631. Effect of tai Chi exercise on mechanical joint loading in knee osteoarthritis [Real time biofeedback tai Chi training for knee osteoarthritis: a feasibility study]. Nct03621631 2018.
after_pilot	Cochrane_reviews/after_pilot/CD004376_exercise_knee_oa.pdf	CD004376_exercise_knee_oa	Nct03666585	NCT	NCT03666585	https://clinicaltrials.gov/study/NCT03666585	cochrane_pubmed_html_reference_block	extracted_from_pubmed_html	.	Nct03666585. Comparison of the accuracy in rehabilitation exercise between mobile application actuated rehabilitation exercise guidance and routine rehabilitation exercise guidance for the primary osteoarthritis knee patients. Nct03666585 2018.
after_pilot	Cochrane_reviews/after_pilot/CD004376_exercise_knee_oa.pdf	CD004376_exercise_knee_oa	Nct03676790	NCT	NCT03676790	https://clinicaltrials.gov/study/NCT03676790	cochrane_pubmed_html_reference_block	extracted_from_pubmed_html	.	Nct03676790. Ultrasound and exercises in knee osteoarthritis [Effect of ultrasound associated to exercises in patients with knee osteoarthritis]. Nct03676790 2018.
after_pilot	Cochrane_reviews/after_pilot/CD004376_exercise_knee_oa.pdf	CD004376_exercise_knee_oa	Nct03750279	NCT	NCT03750279	https://clinicaltrials.gov/study/NCT03750279	cochrane_pubmed_html_reference_block	extracted_from_pubmed_html	.	Nct03750279. Inflammatory targeted laser treatment of knee osteoarthritis [Inflammatory targeted low-level laser treatment of knee osteoarthritis - a randomized clinical trial]. Nct03750279 2018.
after_pilot	Cochrane_reviews/after_pilot/CD004376_exercise_knee_oa.pdf	CD004376_exercise_knee_oa	Nct03798002	NCT	NCT03798002	https://clinicaltrials.gov/study/NCT03798002	cochrane_pubmed_html_reference_block	extracted_from_pubmed_html	.	Nct03798002. Neuro-muscular exercise training verses quadriceps training in mild to moderate knee osteoarthritis [Effects of neuro-muscular exercise training verses isolated quadriceps training program in patients with mild to moderate knee osteoarthritis]. Nct03798002 2019.
after_pilot	Cochrane_reviews/after_pilot/CD004376_exercise_knee_oa.pdf	CD004376_exercise_knee_oa	Nct03893981	NCT	NCT03893981	https://clinicaltrials.gov/study/NCT03893981	cochrane_pubmed_html_reference_block	extracted_from_pubmed_html	.	Nct03893981. Strengthening exercises versus proprioception and balance exercises in the treatment of knee osteoarthritis [Comparison of the effect of strengthening exercises versus proprioception and balance exercises in the treatment of knee osteoarthritis]. Nct03893981 2019.
after_pilot	Cochrane_reviews/after_pilot/CD004376_exercise_knee_oa.pdf	CD004376_exercise_knee_oa	Nct03921801	NCT	NCT03921801	https://clinicaltrials.gov/study/NCT03921801	cochrane_pubmed_html_reference_block	extracted_from_pubmed_html	.	Nct03921801. Effects of improved calf muscle function on gait, balance and joint loading in older adults [Improving plantarflexor muscle function to alleviate decline in mobility, loss of balance and detrimental knee joint loading in older adults]. Nct03921801 2019.
after_pilot	Cochrane_reviews/after_pilot/CD004376_exercise_knee_oa.pdf	CD004376_exercise_knee_oa	Nct03951506	NCT	NCT03951506	https://clinicaltrials.gov/study/NCT03951506	cochrane_pubmed_html_reference_block	extracted_from_pubmed_html	.	Nct03951506. Multi-modal exercise program in older aduls with knee osteoarthritis [Effects a multi-modal exercise program in older aduls with knee osteoarthritis]. Nct03951506 2019.
after_pilot	Cochrane_reviews/after_pilot/CD004376_exercise_knee_oa.pdf	CD004376_exercise_knee_oa	Nct04058002	NCT	NCT04058002	https://clinicaltrials.gov/study/NCT04058002	cochrane_pubmed_html_reference_block	extracted_from_pubmed_html	.	Nct04058002. Project arthritis recovering quality of life through education 70+. Nct04058002 2019.
after_pilot	Cochrane_reviews/after_pilot/CD004376_exercise_knee_oa.pdf	CD004376_exercise_knee_oa	Nct04099394	NCT	NCT04099394	https://clinicaltrials.gov/study/NCT04099394	cochrane_pubmed_html_reference_block	extracted_from_pubmed_html	.	Nct04099394. Pain & aging: combined interventions for fitness in the community study [Randomized controlled trial of group-based exercise and behavioral health skills training for older adults with painful knee osteoarthritis]. Nct04099394 2019.
after_pilot	Cochrane_reviews/after_pilot/CD004376_exercise_knee_oa.pdf	CD004376_exercise_knee_oa	Nct04138784	NCT	NCT04138784	https://clinicaltrials.gov/study/NCT04138784	cochrane_pubmed_html_reference_block	extracted_from_pubmed_html	.	Nct04138784. Individualized comprehensive rehabilitation program in chronic knee osteoarthritis [Effectiveness of an individualized comprehensive rehabilitation program in disabled chronic knee osteoarthritis women]. Nct04138784 2019. - PubMed
after_pilot	Cochrane_reviews/after_pilot/CD004376_exercise_knee_oa.pdf	CD004376_exercise_knee_oa	Nct04183933	NCT	NCT04183933	https://clinicaltrials.gov/study/NCT04183933	cochrane_pubmed_html_reference_block	extracted_from_pubmed_html	.	Nct04183933. The effect of exercise training on balance and functional status in individuals with osteoarthritis'the effect of different exercise training on balance and functional status in individuals with osteoarthritis'. Nct04183933 2019.
after_pilot	Cochrane_reviews/after_pilot/CD004376_exercise_knee_oa.pdf	CD004376_exercise_knee_oa	Nct04198467	NCT	NCT04198467	https://clinicaltrials.gov/study/NCT04198467	cochrane_pubmed_html_reference_block	extracted_from_pubmed_html	.	Nct04198467. To evaluate the optimum dose of platelet rich plasma in knee osteoarthritis and compare efficacy with hyaluronic acid [Randomized controlled study to compare safety and efficacy of intra articular administration of platelet rich plasma versus hyaluronic aci]. Nct04198467 2019.
after_pilot	Cochrane_reviews/after_pilot/CD004376_exercise_knee_oa.pdf	CD004376_exercise_knee_oa	Nct04225182	NCT	NCT04225182	https://clinicaltrials.gov/study/NCT04225182	cochrane_pubmed_html_reference_block	extracted_from_pubmed_html	.	Nct04225182. Evaluation of the effectiveness of a muscular strengthening protocol with an instrumented orthosis for gonarthrosis patients. Nct04225182 2020.
after_pilot	Cochrane_reviews/after_pilot/CD004376_exercise_knee_oa.pdf	CD004376_exercise_knee_oa	Nct04323267	NCT	NCT04323267	https://clinicaltrials.gov/study/NCT04323267	cochrane_pubmed_html_reference_block	extracted_from_pubmed_html	.	Nct04323267. Digital home-exercise therapy application for patients with non-surgical knee injuries [Efficacy of digital home-exercise therapy application for patients with non-surgical knee injuries: a randomized, controlled trial]. Nct04323267 2020.
after_pilot	Cochrane_reviews/after_pilot/CD004376_exercise_knee_oa.pdf	CD004376_exercise_knee_oa	Nct04390932	NCT	NCT04390932	https://clinicaltrials.gov/study/NCT04390932	cochrane_pubmed_html_reference_block	extracted_from_pubmed_html	.	Nct04390932. The impact of therapeutic alliance in the rehabilitation of knee osteoarthritis [the impact of therapeutic alliance on clinical outcomes in patients with symptomatic knee osteoarthritis. A randomized clinical trial protocol]. Nct04390932 2020.
after_pilot	Cochrane_reviews/after_pilot/CD004376_exercise_knee_oa.pdf	CD004376_exercise_knee_oa	Nct04423887	NCT	NCT04423887	https://clinicaltrials.gov/study/NCT04423887	cochrane_pubmed_html_reference_block	extracted_from_pubmed_html	.	Nct04423887. Effects of creatine supplementation in addition to resistance exercise training in patients with knee osteoarthritis. Nct04423887 2020.
after_pilot	Cochrane_reviews/after_pilot/CD004376_exercise_knee_oa.pdf	CD004376_exercise_knee_oa	Nct04445350	NCT	NCT04445350	https://clinicaltrials.gov/study/NCT04445350	cochrane_pubmed_html_reference_block	extracted_from_pubmed_html	.	Nct04445350. Motor learning in knee osteoarthritis [Motor learning in knee osteoarthritis therapy - a new rehabilitation approach]. Nct04445350 2020.
after_pilot	Cochrane_reviews/after_pilot/CD004376_exercise_knee_oa.pdf	CD004376_exercise_knee_oa	Nct04528953	NCT	NCT04528953	https://clinicaltrials.gov/study/NCT04528953	cochrane_pubmed_html_reference_block	extracted_from_pubmed_html	.	Nct04528953. Investigating the effect of interval walking and qigong on people with knee osteoarthritis: pilot study [Investigating the effect of interval walking and qigong on some clinical and biological outcomes of people with knee osteoarthritis]. Nct04528953 2020.
after_pilot	Cochrane_reviews/after_pilot/CD004376_exercise_knee_oa.pdf	CD004376_exercise_knee_oa	Nct04536519	NCT	NCT04536519	https://clinicaltrials.gov/study/NCT04536519	cochrane_pubmed_html_reference_block	extracted_from_pubmed_html	.	Nct04536519. Foot wear modification along with physical therapy in knee osteoarthritis [Effects of foot wear modification along with physical therapy on functional status in knee osteoarthritis]. Nct04536519 2020.
after_pilot	Cochrane_reviews/after_pilot/CD004376_exercise_knee_oa.pdf	CD004376_exercise_knee_oa	Nct04540341	NCT	NCT04540341	https://clinicaltrials.gov/study/NCT04540341	cochrane_pubmed_html_reference_block	extracted_from_pubmed_html	.	Nct04540341. Effectiveness of Mulligan mobilization technique and core stabilization exercise with knee osteoarthritis. Nct04540341 2020. - PubMed
after_pilot	Cochrane_reviews/after_pilot/CD004376_exercise_knee_oa.pdf	CD004376_exercise_knee_oa	Nct04542655	NCT	NCT04542655	https://clinicaltrials.gov/study/NCT04542655	cochrane_pubmed_html_reference_block	extracted_from_pubmed_html	.	Nct04542655. The effect of exercise on serum levels of collagen and proteoglycan in patients with knee osteoarthritis (EFEX-OA-01). Nct04542655 2020.
after_pilot	Cochrane_reviews/after_pilot/CD004376_exercise_knee_oa.pdf	CD004376_exercise_knee_oa	Nct04574700	NCT	NCT04574700	https://clinicaltrials.gov/study/NCT04574700	cochrane_pubmed_html_reference_block	extracted_from_pubmed_html	.	Nct04574700. Mobilization effect on hamstring length [Effect of knee joint mobilization on hamstring muscle length]. Nct04574700 2020.
after_pilot	Cochrane_reviews/after_pilot/CD004376_exercise_knee_oa.pdf	CD004376_exercise_knee_oa	Nct04600661	NCT	NCT04600661	https://clinicaltrials.gov/study/NCT04600661	cochrane_pubmed_html_reference_block	extracted_from_pubmed_html	.	Nct04600661. Low load resistance blood flow restriction training versus neuromuscular training in knee osteoarthritis. Nct04600661 2020.
after_pilot	Cochrane_reviews/after_pilot/CD004376_exercise_knee_oa.pdf	CD004376_exercise_knee_oa	Nct04654871	NCT	NCT04654871	https://clinicaltrials.gov/study/NCT04654871	cochrane_pubmed_html_reference_block	extracted_from_pubmed_html	.	Nct04654871. Effects of glucosamine and chondroitin sulfate supplementation in addition to resistance exercise training and manual therapy in patients with knee osteoarthritis. Nct04654871 2020. - PubMed
after_pilot	Cochrane_reviews/after_pilot/CD004376_exercise_knee_oa.pdf	CD004376_exercise_knee_oa	Nct04678999	NCT	NCT04678999	https://clinicaltrials.gov/study/NCT04678999	cochrane_pubmed_html_reference_block	extracted_from_pubmed_html	.	Nct04678999. Mind-body therapy (remotely delivered) for knee osteoarthritis [Neurobiological mechanisms of mind-body therapy (remotely delivered) for knee osteoarthritis]. Nct04678999 2020.
after_pilot	Cochrane_reviews/after_pilot/CD004376_exercise_knee_oa.pdf	CD004376_exercise_knee_oa	Nct04747444	NCT	NCT04747444	https://clinicaltrials.gov/study/NCT04747444	cochrane_pubmed_html_reference_block	extracted_from_pubmed_html	.	Nct04747444. Positive pressure treadmill walking for individuals with knee pathology [The effects of anti-gravity treadmill walking in individuals with knee osteoarthritis]. Nct04747444 2021.
after_pilot	Cochrane_reviews/after_pilot/CD004376_exercise_knee_oa.pdf	CD004376_exercise_knee_oa	Nct04819672	NCT	NCT04819672	https://clinicaltrials.gov/study/NCT04819672	cochrane_pubmed_html_reference_block	extracted_from_pubmed_html	.	Nct04819672. Effect of low intensity training combined with partial restriction of blood flow in individuals with knee osteoarthritis. Nct04819672 2021.
after_pilot	Cochrane_reviews/after_pilot/CD004376_exercise_knee_oa.pdf	CD004376_exercise_knee_oa	Nct04857879	NCT	NCT04857879	https://clinicaltrials.gov/study/NCT04857879	cochrane_pubmed_html_reference_block	extracted_from_pubmed_html	.	Nct04857879. Implementation of GLA: d program in West Virginians with osteoarthritis of the knee [A pilot randomized controlled trial to assess the implementation and outcomes of Good Life with Osteoarthritis (GLA: D) program in West Virginians suffering from the osteoarthritis]. Nct04857879 2021.
after_pilot	Cochrane_reviews/after_pilot/CD004376_exercise_knee_oa.pdf	CD004376_exercise_knee_oa	Nct04925895	NCT	NCT04925895	https://clinicaltrials.gov/study/NCT04925895	cochrane_pubmed_html_reference_block	extracted_from_pubmed_html	.	Nct04925895. Effects of dynamic soft tissue mobilization in reducing hamstring tightness in knee osteoarthritis. Nct04925895 2021.
after_pilot	Cochrane_reviews/after_pilot/CD004376_exercise_knee_oa.pdf	CD004376_exercise_knee_oa	Nct04980300	NCT	NCT04980300	https://clinicaltrials.gov/study/NCT04980300	cochrane_pubmed_html_reference_block	extracted_from_pubmed_html	.	Nct04980300. Delaware Physical Exercise and Activity for Knee osteoarthritis (PEAK). Nct04980300 2021.
after_pilot	Cochrane_reviews/after_pilot/CD004376_exercise_knee_oa.pdf	CD004376_exercise_knee_oa	Nct05026385	NCT	NCT05026385	https://clinicaltrials.gov/study/NCT05026385	cochrane_pubmed_html_reference_block	extracted_from_pubmed_html	.	Nct05026385. The POMELO (Prevention of Muscle Loss in Osteoarthritis) trial [Targeted knee osteoarthritis care for adults with a BMI ≥5 kg/m2: the prevention of muscle loss in osteoarthritis (P.O.M.E.L.O.) Feasibility and pilot randomized trial]. Nct05026385 2021.
after_pilot	Cochrane_reviews/after_pilot/CD004376_exercise_knee_oa.pdf	CD004376_exercise_knee_oa	Nct05131048	NCT	NCT05131048	https://clinicaltrials.gov/study/NCT05131048	cochrane_pubmed_html_reference_block	extracted_from_pubmed_html	.	Nct05131048. Home based hip strengthening for knee OA patients [Effects of home-based hip strengthening exercises on pain, range of motion and functional disability in knee osteoarthritis patients: a randomized controlled trial]. Nct05131048 2021.
after_pilot	Cochrane_reviews/after_pilot/CD004376_exercise_knee_oa.pdf	CD004376_exercise_knee_oa	Nct05169606	NCT	NCT05169606	https://clinicaltrials.gov/study/NCT05169606	cochrane_pubmed_html_reference_block	extracted_from_pubmed_html	.	Nct05169606. Effect of tissue flossing, AIS, PNF on hamstring among knee OA patients [Effect of tissue flossing, active isolated stretch, proprioceptive neuromuscular facilitation on hamstring among knee osteoarthritis patients]. Nct05169606 2021.
after_pilot	Cochrane_reviews/after_pilot/CD004376_exercise_knee_oa.pdf	CD004376_exercise_knee_oa	Nct05209893	NCT	NCT05209893	https://clinicaltrials.gov/study/NCT05209893	cochrane_pubmed_html_reference_block	extracted_from_pubmed_html	.	Nct05209893. The effect of telerehabilitation-based exercise and training on outcome measures in patients with knee osteoarthritis. Nct05209893 2022.
after_pilot	Cochrane_reviews/after_pilot/CD004376_exercise_knee_oa.pdf	CD004376_exercise_knee_oa	Nct05274932	NCT	NCT05274932	https://clinicaltrials.gov/study/NCT05274932	cochrane_pubmed_html_reference_block	extracted_from_pubmed_html	.	Nct05274932. Exercise with blood flow restriction in knee osteoarthritis [Neuromuscular responses, pain intensity and perceived exertion of resistance exercise with blood flow restriction in patients with severe knee osteoarthritis]. Nct05274932 2022.
after_pilot	Cochrane_reviews/after_pilot/CD004376_exercise_knee_oa.pdf	CD004376_exercise_knee_oa	Nct05403645	NCT	NCT05403645	https://clinicaltrials.gov/study/NCT05403645	cochrane_pubmed_html_reference_block	extracted_from_pubmed_html	.	Nct05403645. Comparison of exercise therapy vs mobilization with movement among patients with knee osteoarthritis [Comparison of exercise therapy vs mobilization with movement among patients with knee osteoarthritis in household females]. Nct05403645 2022.
after_pilot	Cochrane_reviews/after_pilot/CD004376_exercise_knee_oa.pdf	CD004376_exercise_knee_oa	Nct05601947	NCT	NCT05601947	https://clinicaltrials.gov/study/NCT05601947	cochrane_pubmed_html_reference_block	extracted_from_pubmed_html	.	Nct05601947. Investigation of the effectiveness of Wii-based exercise play therapy in knee osteoarthritis rehabilitation. Nct05601947 2022.
after_pilot	Cochrane_reviews/after_pilot/CD004376_exercise_knee_oa.pdf	CD004376_exercise_knee_oa	Nct05777421	NCT	NCT05777421	https://clinicaltrials.gov/study/NCT05777421	cochrane_pubmed_html_reference_block	extracted_from_pubmed_html	.	Nct05777421. Efficacy of virtual reality based exercise regimes on kinesiophobia, pain and functional disability in patients with knee osteoarthritis. Nct05777421 2023.
after_pilot	Cochrane_reviews/after_pilot/CD004376_exercise_knee_oa.pdf	CD004376_exercise_knee_oa	Nct05810376	NCT	NCT05810376	https://clinicaltrials.gov/study/NCT05810376	cochrane_pubmed_html_reference_block	extracted_from_pubmed_html	.	Nct05810376. Effects of digital-based physical activity intervention in individuals with knee osteoarthritis. Nct05810376 2023.
after_pilot	Cochrane_reviews/after_pilot/CD004376_exercise_knee_oa.pdf	CD004376_exercise_knee_oa	Nct05839535	NCT	NCT05839535	https://clinicaltrials.gov/study/NCT05839535	cochrane_pubmed_html_reference_block	extracted_from_pubmed_html	.	Nct05839535. Enhancing modulation effects of baduanjin through neuromodulation for knee OA [Enhancing modulation effects of baduanjin through non-invasive neuromodulation for knee osteoarthritis]. Nct05839535 2023.
after_pilot	Cochrane_reviews/after_pilot/CD004376_exercise_knee_oa.pdf	CD004376_exercise_knee_oa	Nct05850793	NCT	NCT05850793	https://clinicaltrials.gov/study/NCT05850793	cochrane_pubmed_html_reference_block	extracted_from_pubmed_html	.	Nct05850793. Comparison of progressive motor imagery and sensorimotor exercises in knee osteoarthritis [Comparison of progressive motor imagery and sensorimotor exercises in knee osteoarthritis: a randomized controlled trial]. Nct05850793 2023.
after_pilot	Cochrane_reviews/after_pilot/CD004376_exercise_knee_oa.pdf	CD004376_exercise_knee_oa	Nct05877703	NCT	NCT05877703	https://clinicaltrials.gov/study/NCT05877703	cochrane_pubmed_html_reference_block	extracted_from_pubmed_html	.	Nct05877703. Open versus close chain exercise effects with lifestyle modification and education in knee osteoarthritis [Effects of open versus close kinetic chain exercise training program with lifestyle modification and patient's education in grade 3 knee osteoarthriti]. Nct05877703 2023.
after_pilot	Cochrane_reviews/after_pilot/CD004376_exercise_knee_oa.pdf	CD004376_exercise_knee_oa	Nct05878587	NCT	NCT05878587	https://clinicaltrials.gov/study/NCT05878587	cochrane_pubmed_html_reference_block	extracted_from_pubmed_html	.	Nct05878587. Burger Allen exercises in knee OA with type II diabetes [Effects of Burger Allen exercises on pain, range of motion, and disability in knee osteoarthritis with type II diabetes]. Nct05878587 2023.
after_pilot	Cochrane_reviews/after_pilot/CD004376_exercise_knee_oa.pdf	CD004376_exercise_knee_oa	Nct05889598	NCT	NCT05889598	https://clinicaltrials.gov/study/NCT05889598	cochrane_pubmed_html_reference_block	extracted_from_pubmed_html	.	Nct05889598. Resistance exercise training to improve bone and articular cartilage health in women [Effects of a resistance exercise programme on risk of osteoporosis and osteoarthritis in females]. Nct05889598 2023.
after_pilot	Cochrane_reviews/after_pilot/CD004376_exercise_knee_oa.pdf	CD004376_exercise_knee_oa	Nct05893017	NCT	NCT05893017	https://clinicaltrials.gov/study/NCT05893017	cochrane_pubmed_html_reference_block	extracted_from_pubmed_html	.	Nct05893017. Comparison of the effects of different treatment modalities in individuals with knee osteoarthritis [Comparison of the effects of different treatment modalities on pain, quality of life, and musculoskeletal system in individuals with knee osteoarthritis]. Nct05893017 2023.
after_pilot	Cochrane_reviews/after_pilot/CD004376_exercise_knee_oa.pdf	CD004376_exercise_knee_oa	Nct05941117	NCT	NCT05941117	https://clinicaltrials.gov/study/NCT05941117	cochrane_pubmed_html_reference_block	extracted_from_pubmed_html	.	Nct05941117. Effect of exercises on dynamic balance in knee osteoarthritis patients [Effect of weight bearing versus non-weight bearing strengthening exercises on dynamic balance in knee osteoarthritis patients]. Nct05941117 2023.
after_pilot	Cochrane_reviews/after_pilot/CD004376_exercise_knee_oa.pdf	CD004376_exercise_knee_oa	Nct05955300	NCT	NCT05955300	https://clinicaltrials.gov/study/NCT05955300	cochrane_pubmed_html_reference_block	extracted_from_pubmed_html	.	Nct05955300. Nutrition and movement to improve quality of life with knee osteoarthritis [Evidence based training program combined with nutrition therapy for patients with knee osteoarthritis]. Nct05955300 2023.
after_pilot	Cochrane_reviews/after_pilot/CD004376_exercise_knee_oa.pdf	CD004376_exercise_knee_oa	Nct05955430	NCT	NCT05955430	https://clinicaltrials.gov/study/NCT05955430	cochrane_pubmed_html_reference_block	extracted_from_pubmed_html	.	Nct05955430. Percutaneous electrical stimulation, education and exercise program in patients with knee osteoarthritis [Efficacy of percutaneous electrical stimulation compared to transcutaneous electrical stimulation in combination with an education and exercise program]. Nct05955430 2023.
after_pilot	Cochrane_reviews/after_pilot/CD004376_exercise_knee_oa.pdf	CD004376_exercise_knee_oa	Nct05958212	NCT	NCT05958212	https://clinicaltrials.gov/study/NCT05958212	cochrane_pubmed_html_reference_block	extracted_from_pubmed_html	.	Nct05958212. Innovative gait training for people with knee osteoarthritis using dual belt treadmill [The efficacy of unilateral speed-upscaling gait training in promoting pain and functional recovery in people with total knee replacement: a randomised controlled trial]. Nct05958212 2023.
after_pilot	Cochrane_reviews/after_pilot/CD004376_exercise_knee_oa.pdf	CD004376_exercise_knee_oa	Nct05995210	NCT	NCT05995210	https://clinicaltrials.gov/study/NCT05995210	cochrane_pubmed_html_reference_block	extracted_from_pubmed_html	.	Nct05995210. Comparing the effectiveness of kinesio taping and knee orthosis in patients with patellofemoral pain syndrome [Comparing the effectiveness of kinesio taping and knee orthosis in patients with patellofemoral pain syndrome: randomized controlled study]. Nct05995210 2023.
after_pilot	Cochrane_reviews/after_pilot/CD004376_exercise_knee_oa.pdf	CD004376_exercise_knee_oa	Nct05997966	NCT	NCT05997966	https://clinicaltrials.gov/study/NCT05997966	cochrane_pubmed_html_reference_block	extracted_from_pubmed_html	.	Nct05997966. Investigation of the effects of progressive resistance exercises in individuals with knee osteoarthritis. Nct05997966 2023.
after_pilot	Cochrane_reviews/after_pilot/CD004376_exercise_knee_oa.pdf	CD004376_exercise_knee_oa	Nct06090097	NCT	NCT06090097	https://clinicaltrials.gov/study/NCT06090097	cochrane_pubmed_html_reference_block	extracted_from_pubmed_html	.	Nct06090097. Knee biofeedback rehabilitation through game therapy [Knee-biofeedback rehabilitation interface for game-based home therapy]. Nct06090097 2023.
after_pilot	Cochrane_reviews/after_pilot/CD004376_exercise_knee_oa.pdf	CD004376_exercise_knee_oa	Nct06105788	NCT	NCT06105788	https://clinicaltrials.gov/study/NCT06105788	cochrane_pubmed_html_reference_block	extracted_from_pubmed_html	.	Nct06105788. Upper and lower extremity exercise and exercise-induced hypoalgesia in knee osteoarthritis [Comparing effects of upper extremity versus lower extremity exercise on exercise-induced hypoalgesia in people with knee osteoarthritis: a pilot cross-over study]. Nct06105788 2023.
after_pilot	Cochrane_reviews/after_pilot/CD004376_exercise_knee_oa.pdf	CD004376_exercise_knee_oa	Song 2022	ChiCTR	ChiCTR2000040721	.	cochrane_pubmed_html_reference_block	extracted_from_pubmed_html	.	ChiCTR2000040721. Effects of Tai Chi exercise on patients with early osteoarthritis: a follow-up study [Effect of Tai Chi exercise on elderly patients with osteoarthritis]. ChiCTR2000040721 2020. Song J, Wei L, Cheng K, Lin Q, Xia P, Wang X, et al. The effect of modified tai Chi exercises on the physical function and quality of life in elderly women with knee osteoarthritis. Frontiers in Aging Neuroscience 2022;14:(no pagination). [DOI: 10.3389/fnagi.2022.860762] - DOI - PMC - PubMed
after_pilot	Cochrane_reviews/after_pilot/CD012079_vaginal_prolapse_repair.pdf	CD012079_vaginal_prolapse_repair	NCT00743535	NCT	NCT00743535	https://clinicaltrials.gov/study/NCT00743535	cochrane_pubmed_html_reference_block	extracted_from_pubmed_html	.	NCT00743535. Anterior defect correction with mesh plus treatment of stress incontinence with transobturator or transvaginal approach. http://ClinicalTrials.gov/show/NCT00743535 (first posted 28 August 2008).
after_pilot	Cochrane_reviews/after_pilot/CD012079_vaginal_prolapse_repair.pdf	CD012079_vaginal_prolapse_repair	NCT01497171	NCT	NCT01497171	https://clinicaltrials.gov/study/NCT01497171	cochrane_pubmed_html_reference_block	extracted_from_pubmed_html	.	NCT01497171. The ELEGANT Trial: Elevate transvaginal mesh vs. anterior colporrhaphy. http://ClinicalTrials.gov/show/NCT01497171 (first posted 20 December 2011).
after_pilot	Cochrane_reviews/after_pilot/CD012079_vaginal_prolapse_repair.pdf	CD012079_vaginal_prolapse_repair	NCT01594372	NCT	NCT01594372	https://clinicaltrials.gov/study/NCT01594372	cochrane_pubmed_html_reference_block	extracted_from_pubmed_html	.	NCT01594372. Comparison laparoscopic to vaginal surgery for uterine prolapse. http://ClinicalTrials.gov/show/NCT01594372 (first posted 4 May 2012).
after_pilot	Cochrane_reviews/after_pilot/CD014606_digital_cf_infections.pdf	CD014606_digital_cf_infections	Cummings 2011	ACTRN	ACTRN12611000802909	.	cochrane_pubmed_html_reference_block	extracted_from_pubmed_html	.	ACTRN12611000802909. A randomised, controlled trial of behavioural modifications using an information technology (IT) tool to improve self-management in adolescents and adults with cystic fibrosis: a pilot study. trialsearch.who.int/Trial2.aspx?TrialID=ACTRN12611000802909 (first received 29 July 2011). Cameron-Tucker H, Cystic FRTledbyDWR. Telephone-mentor training of health professionals to facilitate self-management for people with cystic fibrosis. In: Asia Pacific Society of Respirology Conference; 2007 Nov 29–30; Surfers Paradise, Australia. 2007:Oral Poster: 1-053. [CENTRAL: CN-02335049]
after_pilot	Cochrane_reviews/after_pilot/CD014606_digital_cf_infections.pdf	CD014606_digital_cf_infections	Huang 2014	NCT	NCT01253733	https://clinicaltrials.gov/study/NCT01253733	cochrane_pubmed_html_reference_block	extracted_from_pubmed_html	.	Huang JS, Terrones L, Tompane T, Dillon L, Pian M, Gottschalk M, et al. Preparing adolescents with chronic disease for transition to adult care: a technology program. Pediatrics 2014;133(6):e1639-46. [CFGD: MH35b] - PMC - PubMed NCT01253733. TAHLC – Texting to promote Adolescent Health Liaisons and Chronic disease management. clinicaltrials.gov/show/NCT01253733 (first received 30 November 2010). [CENTRAL: CN-02030741] [CFGD: MH35a]
after_pilot	Cochrane_reviews/after_pilot/CD014606_digital_cf_infections.pdf	CD014606_digital_cf_infections	NCT04453358	NCT	NCT04453358	https://clinicaltrials.gov/study/NCT04453358	cochrane_pubmed_html_reference_block	extracted_from_pubmed_html	.	NCT04453358. Cystic Fibrosis Remote Monitoring System. clinicaltrials.gov/ct2/show/NCT04453358 (first received 1 July 2020). [CFGD: MH197]
after_pilot	Cochrane_reviews/after_pilot/CD014606_digital_cf_infections.pdf	CD014606_digital_cf_infections	NCT04574050	NCT	NCT04574050	https://clinicaltrials.gov/study/NCT04574050	cochrane_pubmed_html_reference_block	extracted_from_pubmed_html	.	NCT04574050. SELF-BREATHE RCT for chronic breathlessness. clinicaltrials.gov/show/NCT04574050 (first received 5 October 2020). [CFGD: MH202]
after_pilot	Cochrane_reviews/after_pilot/CD014861_home_iv_cancer_therapy.pdf	CD014861_home_iv_cancer_therapy	ACTRN12614000780651	ACTRN	ACTRN12614000780651	.	cochrane_pubmed_html_reference_block	extracted_from_pubmed_html	.	ACTRN12614000780651. Pilot study to look at the feasibility of using remote vital sign monitoring app to improve the care of patients being treated at home with highly myelosuppressive chemotherapy. https://www.anzctr.org.au/Trial/Registration/TrialReview.aspx?id=366657&... (accessed on 12 November 2024).
after_pilot	Cochrane_reviews/after_pilot/CD014861_home_iv_cancer_therapy.pdf	CD014861_home_iv_cancer_therapy	ACTRN12615000197538	ACTRN	ACTRN12615000197538	.	cochrane_pubmed_html_reference_block	extracted_from_pubmed_html	.	ACTRN12615000197538. A randomised controlled trial of breast cancer patients treated with chemotherapy in a hospital day unit or at home: an analysis of cost and patient reported outcomes. https://www.anzctr.org.au/Trial/Registration/TrialReview.aspx?id=367891&... (accessed on 12 November 2024).
after_pilot	Cochrane_reviews/after_pilot/CD014861_home_iv_cancer_therapy.pdf	CD014861_home_iv_cancer_therapy	Cool 2021	NCT	NCT03668275	https://clinicaltrials.gov/study/NCT03668275	cochrane_pubmed_html_reference_block	extracted_from_pubmed_html	.	Cool L, Missiaen J, Debruyne P, Geldhof K, Lefebvre T, Desmedt M, et al. Oncological home-hospitalization: prospective randomized trial to evaluate its implications for patient and society. Annals of Oncology 2017;28 Suppl 5:v565. Cool L, Missiaen J, Debruyne P, Pottel H, Foulon V, Lefebvre T, et al. Oncologic home-hospitalization delivers a high-quality and patient-centered alternative to standard ambulatory care: results of a randomized-controlled equivalence trial. JCO Global Oncology 2021;7:1564-71. - PMC - PubMed Misplon S, Marneffe W, Missiaen J, Myny D, Decock I, Lervant S, et al. Onco@
after_pilot	Cochrane_reviews/after_pilot/CD014861_home_iv_cancer_therapy.pdf	CD014861_home_iv_cancer_therapy	Denys 2020	NCT	NCT01926886	https://clinicaltrials.gov/study/NCT01926886	cochrane_pubmed_html_reference_block	extracted_from_pubmed_html	.	Denys H, Martinez-Mena CL, Martens MT, D'Hondt RG, Graas MP, Evron E, et al. Safety and tolerability of subcutaneous trastuzumab at home administration, results of the phase IIIb open-label BELIS study in HER2-positive early breast cancer. Breast Cancer Research and Treatment 2020;181:97-105. [DOI: 10.1007/s10549-020-05604-7] - DOI - PMC - PubMed NCT01926886. A study of subcutaneous at home administration of trastuzumab (Herceptin) in participants with human epidermal growth factor receptor 2-positive (HER2+) early breast cancer (EBC). https://ClinicalTrials.gov/show/NCT01926886 (accessed 12 N
after_pilot	Cochrane_reviews/after_pilot/CD014861_home_iv_cancer_therapy.pdf	CD014861_home_iv_cancer_therapy	EUCTR2011‐000841‐19‐GB	EUCTR	EUCTR2011-000841-19-GB	https://www.clinicaltrialsregister.eu/ctr-search/search?query=EUCTR2011-000841-19-GB	cochrane_pubmed_html_reference_block	extracted_from_pubmed_html	.	EUCTR2011-000841-19-GB. Home delivery of pemetrexed : a feasibility study. European Union Clinical Trial Register; https://www.clinicaltrialsregister.eu/ctr-search/trial/2011-000841-19/GB (accessed 12 November 2024).
after_pilot	Cochrane_reviews/after_pilot/CD014861_home_iv_cancer_therapy.pdf	CD014861_home_iv_cancer_therapy	EUCTR2013‐000829‐31‐NL	EUCTR	EUCTR2013-000829-31-NL	https://www.clinicaltrialsregister.eu/ctr-search/search?query=EUCTR2013-000829-31-NL	cochrane_pubmed_html_reference_block	extracted_from_pubmed_html	.	EUCTR2013-000829-31-NL. A study to investigate subcutaneous trastuzumab administration at home with a Single Injection Device in patients with HER2-positive early breast cancer. European Union Clinical Trial Register; https://www.clinicaltrialsregister.eu/ctr-search/trial/2013-000829-31/NL (accessed 12 November 2024).
after_pilot	Cochrane_reviews/after_pilot/CD014861_home_iv_cancer_therapy.pdf	CD014861_home_iv_cancer_therapy	NCT03786653	NCT	NCT03786653	https://clinicaltrials.gov/study/NCT03786653	cochrane_pubmed_html_reference_block	extracted_from_pubmed_html	.	NCT03786653. Feasibility of immunotherapy administration to patients with bronchial cancer in a hospital-at home setting (ImHADom). ClinicalTrials.gov ; https://clinicaltrials.gov/study/NCT03786653?cond=NCT03786653&rank=1 (accessed 12 November 2024).
after_pilot	Cochrane_reviews/after_pilot/CD014861_home_iv_cancer_therapy.pdf	CD014861_home_iv_cancer_therapy	NCT04802902	NCT	NCT04802902	https://clinicaltrials.gov/study/NCT04802902	cochrane_pubmed_html_reference_block	extracted_from_pubmed_html	.	NCT04802902. Feasibility of immunotherapy plus chemotherapy administration to patients with bronchial cancer in a hospital-at home setting. ClinicalTrials.gov ; https://clinicaltrials.gov/study/NCT04802902?cond=NCT04802902&rank=1 (accessed 12 November 2024).
after_pilot	Cochrane_reviews/after_pilot/CD014861_home_iv_cancer_therapy.pdf	CD014861_home_iv_cancer_therapy	NCT04904211	NCT	NCT04904211	https://clinicaltrials.gov/study/NCT04904211	cochrane_pubmed_html_reference_block	extracted_from_pubmed_html	.	NCT04904211. Feasiblity and safety of home-based intensive chemotherapy. ClinicalTrials.gov ; https://clinicaltrials.gov/study/NCT04904211?cond=NCT04904211&rank=1 (accessed 12 November 2024).
after_pilot	Cochrane_reviews/after_pilot/CD014861_home_iv_cancer_therapy.pdf	CD014861_home_iv_cancer_therapy	NCT05041933	NCT	NCT05041933	https://clinicaltrials.gov/study/NCT05041933	cochrane_pubmed_html_reference_block	extracted_from_pubmed_html	.	NCT05041933. Secure outsourcing of carfilzomib in the treatment of multiple myeloma to the hospital at home setting. ClinicalTrials.gov ; https://clinicaltrials.gov/study/NCT05041933?cond=NCT04904211&rank=1 (accessed 12 November 2024).
after_pilot	Cochrane_reviews/after_pilot/CD014861_home_iv_cancer_therapy.pdf	CD014861_home_iv_cancer_therapy	NCT05041933	NCT	NCT04904211	https://clinicaltrials.gov/study/NCT04904211	cochrane_pubmed_html_reference_block	extracted_from_pubmed_html	.	NCT05041933. Secure outsourcing of carfilzomib in the treatment of multiple myeloma to the hospital at home setting. ClinicalTrials.gov ; https://clinicaltrials.gov/study/NCT05041933?cond=NCT04904211&rank=1 (accessed 12 November 2024).
after_pilot	Cochrane_reviews/after_pilot/CD014861_home_iv_cancer_therapy.pdf	CD014861_home_iv_cancer_therapy	NCT05163405	NCT	NCT05163405	https://clinicaltrials.gov/study/NCT05163405	cochrane_pubmed_html_reference_block	extracted_from_pubmed_html	.	NCT05163405. Perspectives of subcutaneous velcade at home of patients with myeloma. ClinicalTrials.gov ; https://clinicaltrials.gov/study/NCT05163405?cond=NCT04904211&rank=1 (accessed 12 November 2024).
after_pilot	Cochrane_reviews/after_pilot/CD014861_home_iv_cancer_therapy.pdf	CD014861_home_iv_cancer_therapy	NCT05163405	NCT	NCT04904211	https://clinicaltrials.gov/study/NCT04904211	cochrane_pubmed_html_reference_block	extracted_from_pubmed_html	.	NCT05163405. Perspectives of subcutaneous velcade at home of patients with myeloma. ClinicalTrials.gov ; https://clinicaltrials.gov/study/NCT05163405?cond=NCT04904211&rank=1 (accessed 12 November 2024).
after_pilot	Cochrane_reviews/after_pilot/CD014861_home_iv_cancer_therapy.pdf	CD014861_home_iv_cancer_therapy	NCT05340309	NCT	NCT05340309	https://clinicaltrials.gov/study/NCT05340309	cochrane_pubmed_html_reference_block	extracted_from_pubmed_html	.	Byrne, J, Nieva, J. Trial to test feasibility of at-home immunotherapy administration. https://www.healio.com/news/hematology-oncology/20240513/trial-to-test-f... (accessed 4 November 2024). Subcutaneous atezolizumab for the treatment of non-small cell lung cancer. https://clinicaltrials.gov/study/NCT05340309 (accessed 4 November 2024).
after_pilot	Cochrane_reviews/after_pilot/CD014861_home_iv_cancer_therapy.pdf	CD014861_home_iv_cancer_therapy	NCT06265285	NCT	NCT06265285	https://clinicaltrials.gov/study/NCT06265285	cochrane_pubmed_html_reference_block	extracted_from_pubmed_html	.	Comparison of in-home versus in-clinic administration of subcutaneous nivolumab through cancer CARE (connected access and remote expertise) beyond walls (CCBW) program. Clinicaltrials.gov ; https://clinicaltrials.gov/study/NCT06265285 (accessed 12 November 2024).
after_pilot	Cochrane_reviews/after_pilot/CD015148_steroid_carpal_tunnel.pdf	CD015148_steroid_carpal_tunnel	Wu 2018b	NCT	NCT02990962	https://clinicaltrials.gov/study/NCT02990962	cochrane_pubmed_html_reference_block	extracted_from_pubmed_html	.	NCT02990962. The effect of perineural injection therapy versus steroid in patients with carpal tunnel syndrome. clinicaltrials.gov/ct2/show/NCT02990962 (first received 13 December 2016). Wu YT, Ke MJ, Ho TY, Li TY, Shen YP, Chen LC. Randomized double-blinded clinical trial of 5% dextrose versus triamcinolone injection for carpal tunnel syndrome patients. Annals of Neurology 2018;84(4):601-10. [DOI: 10.1002/ana.25332] - DOI - PubMed
after_pilot	Cochrane_reviews/after_pilot/CD015332_cbt_schizophrenia.pdf	CD015332_cbt_schizophrenia	Morrison 2018 – FOCUS	ISRCTN	ISRCTN99672552	https://www.isrctn.com/ISRCTN99672552	cochrane_pubmed_html_reference_block	extracted_from_pubmed_html	.	ISRCTN99672552. Focusing on clozapine unresponsive symptoms trial. www.isrctn.com/ISRCTN99672552 (first received 28 November 2012). [DOI: 10.1186/ISRCTN99672552] - DOI Morrison A. Cognitive behaviour therapy for people with psychosis. Schizophrenia Bulletin 2019;45(S2):89. [DOI: 10.1093/schbul/sbz022.001] - DOI Morrison AP, Pyle M, Gumley A, Schwannauer M, Turkington D, MacLennan G, et al. Cognitive-behavioural therapy for clozapine-resistant schizophrenia: The FOCUS RCT. Health Technology Assessment 2019;23(7):1-143. [DOI: 10.3310/hta23070] - DOI - PMC - PubMed Morrison AP, Pyle M, Gumley A,
first_pass	Cochrane_reviews/first_pass/CD014762_nsaids_uti.pdf	CD014762_nsaids_uti	ACTRN12616000410459	ACTRN	ACTRN12616000410459	.	cochrane_pubmed_html_reference_block	extracted_from_pubmed_html	.	12616000410459 ACTRN12616000410459. Can recurrent UTIs in post-menopausal women be prevented with aspirin? [Prevention of recurrent urinary tract infections in post-menopausal women using a non-antibacterial approach; a randomised, double-blinded, crossover, placebo-controlled trial of aspirin]. https://anzctr.org.au/ACTRN12616000410459.aspx (first received 30 March 2016).
first_pass	Cochrane_reviews/first_pass/CD014811_loop_diuretics_hf.pdf	CD014811_loop_diuretics_hf	ChiCTR1800017270	ChiCTR	ChiCTR1800017270	.	cochrane_pubmed_html_reference_block	extracted_from_pubmed_html	.	ChiCTR1800017270. Exploration of recombinant hypertonic saline combined with furosemide in the treatment of heart failure. trialsearch.who.int/Trial2.aspx?TrialID=ChiCTR1800017270 (first received 20 July 2018).
first_pass	Cochrane_reviews/first_pass/CD014811_loop_diuretics_hf.pdf	CD014811_loop_diuretics_hf	EUCTR2013‐000866‐12‐IT	EUCTR	EUCTR2013-000866-12-IT	https://www.clinicaltrialsregister.eu/ctr-search/search?query=EUCTR2013-000866-12-IT	cochrane_pubmed_html_reference_block	extracted_from_pubmed_html	.	EUCTR2013-000866-12-IT. Comparison between high and low doses and between two different intravenous administration modalities in patients with advanced heart failure. trialsearch.who.int/Trial2.aspx?TrialID=EUCTR2013-000866-12-IT (first received 9 April 2013).
first_pass	Cochrane_reviews/first_pass/CD014811_loop_diuretics_hf.pdf	CD014811_loop_diuretics_hf	Kelly 2015	NCT	NCT01921829	https://clinicaltrials.gov/study/NCT01921829	cochrane_pubmed_html_reference_block	extracted_from_pubmed_html	.	Kelly V Liang. Protocolized diuretic strategy in cardiorenal failure. International Journal of Clinical Nephrology 2022;4(3):1-14. [NCT01921829]
first_pass	Cochrane_reviews/first_pass/CD014811_loop_diuretics_hf.pdf	CD014811_loop_diuretics_hf	NCT00904488	NCT	NCT00904488	https://clinicaltrials.gov/study/NCT00904488	cochrane_pubmed_html_reference_block	extracted_from_pubmed_html	.	NCT00904488. Oral metolazone and intermittent intravenous furosemide versus continuous infusion furosemide in acute heart failure. clinicaltrials.gov/study/NCT00904488 (first received 17 May 2009).
first_pass	Cochrane_reviews/first_pass/CD014811_loop_diuretics_hf.pdf	CD014811_loop_diuretics_hf	NCT01441245	NCT	NCT01441245	https://clinicaltrials.gov/study/NCT01441245	cochrane_pubmed_html_reference_block	extracted_from_pubmed_html	.	NCT01441245. Loop diuretics administration and acute heart failure. clinicaltrials.gov/study/NCT01441245 (first received 22 September 2011).
first_pass	Cochrane_reviews/first_pass/CD014811_loop_diuretics_hf.pdf	CD014811_loop_diuretics_hf	NCT03592836	NCT	NCT03592836	https://clinicaltrials.gov/study/NCT03592836	cochrane_pubmed_html_reference_block	extracted_from_pubmed_html	.	NCT03592836. Diuretic response in advanced heart failure: bolus intermittent vs continuous infusion. clinicaltrials.gov/study/NCT03592836 (first received 18 June 2018).
first_pass	Cochrane_reviews/first_pass/CD014811_loop_diuretics_hf.pdf	CD014811_loop_diuretics_hf	NCT03892148	NCT	NCT03892148	https://clinicaltrials.gov/study/NCT03892148	cochrane_pubmed_html_reference_block	extracted_from_pubmed_html	.	NCT03892148. Protocol of diuretics use in congestive therapy in heart failure. clinicaltrials.gov/study/NCT03892148 (first received 22 February 2019).
first_pass	Cochrane_reviews/first_pass/CD014811_loop_diuretics_hf.pdf	CD014811_loop_diuretics_hf	NCT03999216	NCT	NCT03999216	https://clinicaltrials.gov/study/NCT03999216	cochrane_pubmed_html_reference_block	extracted_from_pubmed_html	.	NCT03999216. Comparing diuretic strategies in hospitalized heart failure. clinicaltrials.gov/study/NCT03999216 (first received 24 June 2019).
first_pass	Cochrane_reviews/first_pass/CD015040_rtms_ptsd.pdf	CD015040_rtms_ptsd	NCT00685152	NCT	NCT00685152	https://clinicaltrials.gov/study/NCT00685152	cochrane_pubmed_html_reference_block	extracted_from_pubmed_html	.	NCT00685152. High frequency repetitive transcranial magnetic stimulation (rTMS) in the treatment of post-traumatic stress disorder (PTSD). clinicaltrials.gov/study/NCT00685152 (first received 28 May 2008).
first_pass	Cochrane_reviews/first_pass/CD015040_rtms_ptsd.pdf	CD015040_rtms_ptsd	NCT01196624	NCT	NCT01196624	https://clinicaltrials.gov/study/NCT01196624	cochrane_pubmed_html_reference_block	extracted_from_pubmed_html	.	NCT01196624. Efficacy of repetitive transcranial magnetic stimulation right versus left, with or without traumatic stimuli in the treatment of posttraumatic stress disorder (PTSD) and its flashbacks. clinicaltrials.gov/study/NCT01196624 (first received 8 September 2010).
first_pass	Cochrane_reviews/first_pass/CD015040_rtms_ptsd.pdf	CD015040_rtms_ptsd	NCT02367521	NCT	NCT02367521	https://clinicaltrials.gov/study/NCT02367521	cochrane_pubmed_html_reference_block	extracted_from_pubmed_html	.	NCT02367521. Repetitive transcranial magnetic stimulation (rTMS) for the treatment of depression & other neuropsychiatric symptoms after traumatic brain injury (TBI) (rTMS TBI). clinicaltrials.gov/study/NCT02367521 (first received 20 February 2015).
first_pass	Cochrane_reviews/first_pass/CD015040_rtms_ptsd.pdf	CD015040_rtms_ptsd	NCT02369614	NCT	NCT02369614	https://clinicaltrials.gov/study/NCT02369614	cochrane_pubmed_html_reference_block	extracted_from_pubmed_html	.	NCT02369614. Low-frequency versus high-frequency repetitive transcranial magnetic stimulation of the right dorsolateral prefrontal cortex in posttraumatic stress disorder. clinicaltrials.gov/study/NCT02369614 (first received 24 February 2015).
first_pass	Cochrane_reviews/first_pass/CD015040_rtms_ptsd.pdf	CD015040_rtms_ptsd	NCT02584894	NCT	NCT02584894	https://clinicaltrials.gov/study/NCT02584894	cochrane_pubmed_html_reference_block	extracted_from_pubmed_html	.	NCT02584894. Potentiation of trauma exposure in post-traumatic stress disorder by repeated transcranial magnetic stimulation (TETT-STIM) [Potentiation of trauma exposure in post-traumatic stress disorder by repeated transcranial magnetic stimulation : a control randomized study]. clinicaltrials.gov/study/NCT02584894 (first received 10 July 2020).
first_pass	Cochrane_reviews/first_pass/CD015040_rtms_ptsd.pdf	CD015040_rtms_ptsd	NCT02824445	NCT	NCT02824445	https://clinicaltrials.gov/study/NCT02824445	cochrane_pubmed_html_reference_block	extracted_from_pubmed_html	.	NCT02824445. To evaluate the efficacy of EEG-guided magnetic resonant therapy in war veterans with posttraumatic stress disorder [A pilot study to evaluate the efficacy of EEG/ECG-guided magnetic resonant therapy (MeRT) in war veterans with posttraumatic stress disorder (PTSD) at Tinker and MacDill Air Force Bases]. clinicaltrials.gov/study/NCT02824445 (first received 6 July 2016).
first_pass	Cochrane_reviews/first_pass/CD015040_rtms_ptsd.pdf	CD015040_rtms_ptsd	NCT02873299	NCT	NCT02873299	https://clinicaltrials.gov/study/NCT02873299	cochrane_pubmed_html_reference_block	extracted_from_pubmed_html	.	NCT02873299. High-frequency repetitive transcranial magnetic stimulation of the right dorsolateral prefrontal cortex in PTSD (rTMS). clinicaltrials.gov/study/NCT02873299 (first received 19 August 2016).
first_pass	Cochrane_reviews/first_pass/CD015040_rtms_ptsd.pdf	CD015040_rtms_ptsd	NCT03523507	NCT	NCT03523507	https://clinicaltrials.gov/study/NCT03523507	cochrane_pubmed_html_reference_block	extracted_from_pubmed_html	.	NCT03523507. fMRI-neuronavigated rTMS treatment for symptoms of depression associated with concussive TBI in the military population [A randomized, sham-controlled, double-blinded study of bilateral prefrontal individual connectome-targeted repetitive transcranial magnetic stimulation to treat the symptoms of depression associated with concussive traumatic brain injury]. clinicaltrials.gov/study/NCT03523507 (first received 14 May 2018).
first_pass	Cochrane_reviews/first_pass/CD015040_rtms_ptsd.pdf	CD015040_rtms_ptsd	NCT03749967	NCT	NCT03749967	https://clinicaltrials.gov/study/NCT03749967	cochrane_pubmed_html_reference_block	extracted_from_pubmed_html	.	NCT03749967. rTMS for emotional difficulties in veterans (rTMS) [Developing a novel rTMS intervention for transdiagnostic psychosocial rehabilitation: a dose finding study]. clinicaltrials.gov/study/NCT03749967 (first received 21 November 2018).
first_pass	Cochrane_reviews/first_pass/CD015040_rtms_ptsd.pdf	CD015040_rtms_ptsd	NCT03924024	NCT	NCT03924024	https://clinicaltrials.gov/study/NCT03924024	cochrane_pubmed_html_reference_block	extracted_from_pubmed_html	.	NCT03924024. rTMS for orthopaedic trauma patients [Repetitive transcranial magnetic stimulation (rTMS) for orthopaedic trauma patients]. clinicaltrials.gov/study/NCT03924024 (first received 23 April 2019).
first_pass	Cochrane_reviews/first_pass/CD015040_rtms_ptsd.pdf	CD015040_rtms_ptsd	NCT03952468	NCT	NCT03952468	https://clinicaltrials.gov/study/NCT03952468	cochrane_pubmed_html_reference_block	extracted_from_pubmed_html	.	NCT03952468. Combined TMS and brief cognitive behavioral therapy to reduce suicide [Combined transcranial magnetic stimulation and brief cognitive therapy to reduce suicide behavior in high-risk veterans]. www.clinicaltrials.gov/study/NCT03952468 (first received 16 May 2019).
first_pass	Cochrane_reviews/first_pass/CD015040_rtms_ptsd.pdf	CD015040_rtms_ptsd	NCT04906603	NCT	NCT04906603	https://clinicaltrials.gov/study/NCT04906603	cochrane_pubmed_html_reference_block	extracted_from_pubmed_html	.	NCT04906603. Theta burst stimulation for headaches after traumatic brain injury. clinicaltrials.gov/study/NCT04906603 (first received 28 May 2021).
first_pass	Cochrane_reviews/first_pass/CD015040_rtms_ptsd.pdf	CD015040_rtms_ptsd	NCT05368987	NCT	NCT05368987	https://clinicaltrials.gov/study/NCT05368987	cochrane_pubmed_html_reference_block	extracted_from_pubmed_html	.	NCT05368987. Neuromodulation of the fear extinction circuit using temporally and anatomically specific TMS in humans. clinicaltrials.gov/ct2/show/NCT05368987 (first received 10 May 2022).
first_pass	Cochrane_reviews/first_pass/CD015751_lubricating_drops_lens.pdf	CD015751_lubricating_drops_lens	ACTRN12619000274178	ACTRN	ACTRN12619000274178	.	cochrane_pubmed_html_reference_block	extracted_from_pubmed_html	.	ACTRN12619000274178. The effect of Systane® Complete and Systane® Hydration on comfort, vision and satisfaction with mini-scleral contact lens wear. trialsearch.who.int/Trial2.aspx?TrialID=ACTRN12619000274178 (first received 25 February 2019).
first_pass	Cochrane_reviews/first_pass/CD015751_lubricating_drops_lens.pdf	CD015751_lubricating_drops_lens	ACTRN12619000773134	ACTRN	ACTRN12619000773134	.	cochrane_pubmed_html_reference_block	extracted_from_pubmed_html	.	ACTRN12619000773134. Influences of viscosity of lubricating eye drops on orthokeratology treatment outcomes. trialsearch.who.int/Trial2.aspx?TrialID=ACTRN12619000773134 (first received 24 May 2019).
first_pass	Cochrane_reviews/first_pass/CD015751_lubricating_drops_lens.pdf	CD015751_lubricating_drops_lens	ChiCTR2200066298	ChiCTR	ChiCTR2200066298	.	cochrane_pubmed_html_reference_block	extracted_from_pubmed_html	.	ChiCTR2200066298. A prospective, multicenter, randomized, open, parallel positive controlled clinical study to evaluate the efficacy and safety of multi-functional nursing solution for rigid gas permeable contact lens wearers. trialsearch.who.int/Trial2.aspx?TrialID=ChiCTR2200066298 (first recieved 30 November 2022).
first_pass	Cochrane_reviews/first_pass/CD015751_lubricating_drops_lens.pdf	CD015751_lubricating_drops_lens	ChiCTR2300069668	ChiCTR	ChiCTR2300069668	.	cochrane_pubmed_html_reference_block	extracted_from_pubmed_html	.	ChiCTR2300069668. Prospective, multicenter, randomized, parallel positive controlled clinical study to evaluate the efficacy and safety of rigid gas permeable contact lens lubrication for wearers of rigid breathable contact lenses. trialsearch.who.int/Trial2.aspx?TrialID=ChiCTR2300069668 (first received 23 March 2023).
first_pass	Cochrane_reviews/first_pass/CD015751_lubricating_drops_lens.pdf	CD015751_lubricating_drops_lens	CTRI/2022/07/043793	registry	CTRI/2022/07/043793	.	cochrane_pubmed_html_reference_block	extracted_from_pubmed_html	.	CTRI/2022/07/043793. A post market clinical follow up prospective study to evaluate safety and performance of eye drops with (herbal extract) (sodium hyaluronate) with euphrasia extract eye drops. trialsearch.who.int/Trial2.aspx?TrialID=CTRI/2022/07/043793 (first received 6 July 2022).
first_pass	Cochrane_reviews/first_pass/CD015751_lubricating_drops_lens.pdf	CD015751_lubricating_drops_lens	CTRI/2022/07/043860	registry	CTRI/2022/07/043860	.	cochrane_pubmed_html_reference_block	extracted_from_pubmed_html	.	CTRI/2022/07/043860. The purpose of the study is to evaluate safety and performance of Eye Preparations - Sodium hyaluronate with Euphrasia extract eye drops. trialsearch.who.int/Trial2.aspx?TrialID=CTRI/2022/07/043860 (first received 8 July 2022).
first_pass	Cochrane_reviews/first_pass/CD015751_lubricating_drops_lens.pdf	CD015751_lubricating_drops_lens	ISRCTN11194798	ISRCTN	ISRCTN11194798	https://www.isrctn.com/ISRCTN11194798	cochrane_pubmed_html_reference_block	extracted_from_pubmed_html	.	ISRCTN11194798. Short-term evaluation of a commercial eyedrop in contact lens wearers. trialsearch.who.int/Trial2.aspx?TrialID=ISRCTN11194798 (first received 1 March 2019).
first_pass	Cochrane_reviews/first_pass/CD015751_lubricating_drops_lens.pdf	CD015751_lubricating_drops_lens	ISRCTN16230269	ISRCTN	ISRCTN16230269	https://www.isrctn.com/ISRCTN16230269	cochrane_pubmed_html_reference_block	extracted_from_pubmed_html	.	ISRCTN16230269. Evaluation of two different eye drops in symptomatic soft contact lens wearers. trialsearch.who.int/Trial2.aspx?TrialID=ISRCTN16230269 (first received 7 June 2019).
first_pass	Cochrane_reviews/first_pass/CD015751_lubricating_drops_lens.pdf	CD015751_lubricating_drops_lens	NCT00469573	NCT	NCT00469573	https://clinicaltrials.gov/study/NCT00469573	cochrane_pubmed_html_reference_block	extracted_from_pubmed_html	.	NCT00469573. Safety and efficacy of optive in contact lens wearers with dry eyes. clinicaltrials.gov/ct2/show/NCT00469573 (first received 4 May 2007).
first_pass	Cochrane_reviews/first_pass/CD015751_lubricating_drops_lens.pdf	CD015751_lubricating_drops_lens	NCT00570843	NCT	NCT00570843	https://clinicaltrials.gov/study/NCT00570843	cochrane_pubmed_html_reference_block	extracted_from_pubmed_html	.	NCT00570843. Masked comparison of a new peg based artificial tear and optive for comfort, vision & wear time in patients wearing contact lenses. clinicaltrials.gov/show/NCT00570843 (first received 11 December 2007).
first_pass	Cochrane_reviews/first_pass/CD015751_lubricating_drops_lens.pdf	CD015751_lubricating_drops_lens	NCT00691197	NCT	NCT00691197	https://clinicaltrials.gov/study/NCT00691197	cochrane_pubmed_html_reference_block	extracted_from_pubmed_html	.	NCT00691197. Safety and acceptability of using a rewetting drop with contact lens wear. clinicaltrials.gov/show/NCT00691197 (first received 11 December 2007).
first_pass	Cochrane_reviews/first_pass/CD015751_lubricating_drops_lens.pdf	CD015751_lubricating_drops_lens	NCT00761202	NCT	NCT00761202	https://clinicaltrials.gov/study/NCT00761202	cochrane_pubmed_html_reference_block	extracted_from_pubmed_html	.	NCT00761202. Performance and acceptance of Optive® versus Hylocomod® eyedrops in patients with dry eye symptoms. clinicaltrials.gov/ct2/show/NCT00761202 (first received 29 September 2008).
first_pass	Cochrane_reviews/first_pass/CD015751_lubricating_drops_lens.pdf	CD015751_lubricating_drops_lens	NCT01051804	NCT	NCT01051804	https://clinicaltrials.gov/study/NCT01051804	cochrane_pubmed_html_reference_block	extracted_from_pubmed_html	.	NCT01051804. Evaluation of the repeated usage of Systane® Ultra eyedrop. clinicaltrials.gov/show/NCT01051804 (first received 20 January 2010).
first_pass	Cochrane_reviews/first_pass/CD015751_lubricating_drops_lens.pdf	CD015751_lubricating_drops_lens	NCT01105624	NCT	NCT01105624	https://clinicaltrials.gov/study/NCT01105624	cochrane_pubmed_html_reference_block	extracted_from_pubmed_html	.	NCT01105624. A four week study of azithromycin ophthalmic solution, 1% versus rewetting drops in subjects with history and current complaint of contact lens-related dry eye (CLDE). clinicaltrials.gov/ct2/show/NCT01105624 (first received 16 April 2010).
first_pass	Cochrane_reviews/first_pass/CD015751_lubricating_drops_lens.pdf	CD015751_lubricating_drops_lens	NCT01267656	NCT	NCT01267656	https://clinicaltrials.gov/study/NCT01267656	cochrane_pubmed_html_reference_block	extracted_from_pubmed_html	.	NCT01267656. Study to evaluate a contact lens lubricating and rewetting drop. clinicaltrials.gov/show/NCT01267656 (first received 28 December 2010).
first_pass	Cochrane_reviews/first_pass/CD015751_lubricating_drops_lens.pdf	CD015751_lubricating_drops_lens	NCT01384851	NCT	NCT01384851	https://clinicaltrials.gov/study/NCT01384851	cochrane_pubmed_html_reference_block	extracted_from_pubmed_html	.	NCT01384851. Efficacy of the chronic application of tear formulations. clinicaltrials.gov/ct2/show/NCT01384851 (first received 29 June 2011).
first_pass	Cochrane_reviews/first_pass/CD015751_lubricating_drops_lens.pdf	CD015751_lubricating_drops_lens	NCT01543061	NCT	NCT01543061	https://clinicaltrials.gov/study/NCT01543061	cochrane_pubmed_html_reference_block	extracted_from_pubmed_html	.	NCT01543061. Efficacy study of a new eyedrop on silicone hydrogel contact lens wearers with dry eye complaints. clinicaltrials.gov/ct2/show/NCT01543061 (first received 2 March 2012).
first_pass	Cochrane_reviews/first_pass/CD015751_lubricating_drops_lens.pdf	CD015751_lubricating_drops_lens	NCT01747616	NCT	NCT01747616	https://clinicaltrials.gov/study/NCT01747616	cochrane_pubmed_html_reference_block	extracted_from_pubmed_html	.	NCT01747616. Assessment of safety and tolerability of chitosan-n-acetylcysteine eye drops in subjects while wearing contact lenses and before insertion of contact lenses. clinicaltrials.gov/show/NCT01747616 (first received 11 December 2012).
first_pass	Cochrane_reviews/first_pass/CD015751_lubricating_drops_lens.pdf	CD015751_lubricating_drops_lens	NCT01844388	NCT	NCT01844388	https://clinicaltrials.gov/study/NCT01844388	cochrane_pubmed_html_reference_block	extracted_from_pubmed_html	.	NCT01844388. A study to compare a new eye drop formulation with Refresh Contacts®. clinicaltrials.gov/show/NCT01844388 (first received 1 May 2013).
first_pass	Cochrane_reviews/first_pass/CD015751_lubricating_drops_lens.pdf	CD015751_lubricating_drops_lens	NCT03050125	NCT	NCT03050125	https://clinicaltrials.gov/study/NCT03050125	cochrane_pubmed_html_reference_block	extracted_from_pubmed_html	.	NCT03050125. The impact of hypo-osmolar drops on contact lens comfort (SAFFRON). clinicaltrials.gov/ct2/show/NCT03050125 (first received 10 February 2017).
first_pass	Cochrane_reviews/first_pass/CD015751_lubricating_drops_lens.pdf	CD015751_lubricating_drops_lens	NCT03994406	NCT	NCT03994406	https://clinicaltrials.gov/study/NCT03994406	cochrane_pubmed_html_reference_block	extracted_from_pubmed_html	.	NCT03994406. Prolongation of contact lens comfortable wear duration by CLM2 Topical Gel. clinicaltrials.gov/show/NCT03994406 (first received 21 June 2019).
first_pass	Cochrane_reviews/first_pass/CD015751_lubricating_drops_lens.pdf	CD015751_lubricating_drops_lens	NCT04175340	NCT	NCT04175340	https://clinicaltrials.gov/study/NCT04175340	cochrane_pubmed_html_reference_block	extracted_from_pubmed_html	.	NCT04175340. A safety and effectiveness study of a new preservative free rewetting drop. classic.clinicaltrials.gov/show/NCT04175340 (first received 21 November 2019).
first_pass	Cochrane_reviews/first_pass/CD015751_lubricating_drops_lens.pdf	CD015751_lubricating_drops_lens	NCT04297618	NCT	NCT04297618	https://clinicaltrials.gov/study/NCT04297618	cochrane_pubmed_html_reference_block	extracted_from_pubmed_html	.	NCT04297618. The effect of Xiidra on comfort and dryness in symptomatic contact lens wearers. clinicaltrials.gov/ct2/show/NCT04297618 (first received 5 March 2020).
first_pass	Cochrane_reviews/first_pass/CD015751_lubricating_drops_lens.pdf	CD015751_lubricating_drops_lens	NCT04963543	NCT	NCT04963543	https://clinicaltrials.gov/study/NCT04963543	cochrane_pubmed_html_reference_block	extracted_from_pubmed_html	.	NCT04963543. Evaluation of comfort in symptomatic contact lens wearers. clinicaltrials.gov/ct2/show/NCT04963543 (first received 15 July 2021).
first_pass	Cochrane_reviews/first_pass/CD015751_lubricating_drops_lens.pdf	CD015751_lubricating_drops_lens	NCT05290727	NCT	NCT05290727	https://clinicaltrials.gov/study/NCT05290727	cochrane_pubmed_html_reference_block	extracted_from_pubmed_html	.	"NCT05290727. Efficacy of ""Aquoral Lipo"" artificial tears in contact lens wearers with discomfort. clinicaltrials.gov/show/NCT05290727 (first received 22 March 2022)."
first_pass	Cochrane_reviews/first_pass/CD015751_lubricating_drops_lens.pdf	CD015751_lubricating_drops_lens	NCT05505292	NCT	NCT05505292	https://clinicaltrials.gov/study/NCT05505292	cochrane_pubmed_html_reference_block	extracted_from_pubmed_html	.	NCT05505292. Lifitegrast 5% for the treatment of dry eye in habitual soft contact lens wearers. clinicaltrials.gov/ct2/show/NCT05505292 (first received 17 August 2022).
first_pass	Cochrane_reviews/first_pass/CD015751_lubricating_drops_lens.pdf	CD015751_lubricating_drops_lens	NCT05741216	NCT	NCT05741216	https://clinicaltrials.gov/study/NCT05741216	cochrane_pubmed_html_reference_block	extracted_from_pubmed_html	.	NCT05741216. Evaluation of comfort of ocular lubricants in symptomatic contact lens wearers. clinicaltrials.gov/show/NCT05741216 (first received 23 February 2023).
first_pass	Cochrane_reviews/first_pass/CD015751_lubricating_drops_lens.pdf	CD015751_lubricating_drops_lens	NCT05814367	NCT	NCT05814367	https://clinicaltrials.gov/study/NCT05814367	cochrane_pubmed_html_reference_block	extracted_from_pubmed_html	.	NCT05814367. Clinical investigation of visual acuity in contact lens wearers after instillation of investigational lubricating eye drops. clinicaltrials.gov/show/NCT05814367 (first received 3 April 2023).
first_pass	Cochrane_reviews/first_pass/CD015751_lubricating_drops_lens.pdf	CD015751_lubricating_drops_lens	NCT05902364	NCT	NCT05902364	https://clinicaltrials.gov/study/NCT05902364	cochrane_pubmed_html_reference_block	extracted_from_pubmed_html	.	NCT05902364. Systane® Ultra preservative free lubricant eye drops. classic.clinicaltrials.gov/show/NCT05902364 (first received 5 June 2023).
first_pass	Cochrane_reviews/first_pass/CD015751_lubricating_drops_lens.pdf	CD015751_lubricating_drops_lens	NCT05932225	NCT	NCT05932225	https://clinicaltrials.gov/study/NCT05932225	cochrane_pubmed_html_reference_block	extracted_from_pubmed_html	.	NCT05932225. Systane® Complete preservative free lubricant eye drops. classic.clinicaltrials.gov/show/NCT05932225 (first received 27 June 2023).
first_pass	Cochrane_reviews/first_pass/CD015751_lubricating_drops_lens.pdf	CD015751_lubricating_drops_lens	NCT06131476	NCT	NCT06131476	https://clinicaltrials.gov/study/NCT06131476	cochrane_pubmed_html_reference_block	extracted_from_pubmed_html	.	NCT06131476. Clinical investigation of visual acuity in contact lens wearers after instillation of a lipid-based lubricating eye drop. classic.clinicaltrials.gov/show/NCT06131476 (first received 9 November 2023).
second_pass	Cochrane_reviews/second_pass/CD004661_magnesium_preterm_neuro.pdf	CD004661_magnesium_preterm_neuro	Magpie 2006	ISRCTN	ISRCTN86938761	https://www.isrctn.com/ISRCTN86938761	cochrane_pubmed_html_reference_block	extracted_from_pubmed_html	.	Duley L. The Magpie Trial follow up study: Outcome after discharge from hospital for women and children recruited to a trial comparing magnesium sulphate with placebo for pre-eclampsia [ISRCTN86938761]. BMC Pregnancy and Childbirth 2004;4(1):5. - PMC - PubMed Magpie Trial Follow Up Study Collaborative Group. The Magpie Trial: a randomised trial comparing magnesium sulphate with placebo for pre-eclampsia. Outcome for children at 18 months. BJOG: an international journal of obstetrics and gynaecology 2007;114(3):289-99. - PMC - PubMed
second_pass	Cochrane_reviews/second_pass/CD004661_magnesium_preterm_neuro.pdf	CD004661_magnesium_preterm_neuro	NCT02591004	NCT	NCT02591004	https://clinicaltrials.gov/study/NCT02591004	cochrane_pubmed_html_reference_block	extracted_from_pubmed_html	.	NCT02591004. Calcium channel blockers compared to magnesium sulfate in fetal cerebral blood flow [Comparing fetal cerebral blood flow between magnesium sulfate & calcium channel blockers in patients with preterm labor; a randomized controlled trial]. clinicaltrials.gov/show/NCT02591004 (first received 19 October 2015).
second_pass	Cochrane_reviews/second_pass/CD006586_drospirenone_pms.pdf	CD006586_drospirenone_pms	NCT00185419	NCT	NCT00185419	https://clinicaltrials.gov/study/NCT00185419	cochrane_pubmed_html_reference_block	extracted_from_pubmed_html	.	NCT00185419. A clinical study on Yasmin® vs. Marvelon® in Chinese women requiring contraception. clinicaltrials.gov/ct2/show/NCT00185419 (first posted 16 September 2005).
second_pass	Cochrane_reviews/second_pass/CD013765_af_ablation_drugs.pdf	CD013765_af_ablation_drugs	NCT00000556	NCT	NCT00000556	https://clinicaltrials.gov/study/NCT00000556	cochrane_pubmed_html_reference_block	extracted_from_pubmed_html	.	NCT00000556. Atrial fibrillation follow-up investigation of rhythm management (AFFIRM). clinicaltrials.gov/ct2/show/NCT00000556 (first received 28 October 1999).
second_pass	Cochrane_reviews/second_pass/CD013765_af_ablation_drugs.pdf	CD013765_af_ablation_drugs	NCT00408200	NCT	NCT00408200	https://clinicaltrials.gov/study/NCT00408200	cochrane_pubmed_html_reference_block	extracted_from_pubmed_html	.	NCT00408200. A study of the effectiveness of anti-arrhythmic medications after atrial fibrillation ablation. clinicaltrials.gov/ct2/show/NCT00408200 (first received 06 December 2006).
second_pass	Cochrane_reviews/second_pass/CD013765_af_ablation_drugs.pdf	CD013765_af_ablation_drugs	NCT00826826	NCT	NCT00826826	https://clinicaltrials.gov/study/NCT00826826	cochrane_pubmed_html_reference_block	extracted_from_pubmed_html	.	NCT00826826. The effect of short term amiodarone treatment after catheter ablation for atrial fibrillation. clinicaltrials.gov/ct2/show/NCT00826826 (first received 22 January 2009).
second_pass	Cochrane_reviews/second_pass/CD013765_af_ablation_drugs.pdf	CD013765_af_ablation_drugs	NCT01416935	NCT	NCT01416935	https://clinicaltrials.gov/study/NCT01416935	cochrane_pubmed_html_reference_block	extracted_from_pubmed_html	.	NCT01416935. Necessity of anti-arrhythmic medication after surgical ablation for atrial fibrillation. clinicaltrials.gov/ct2/show/NCT01416935 (first received 15 August 2011).
second_pass	Cochrane_reviews/second_pass/CD013765_af_ablation_drugs.pdf	CD013765_af_ablation_drugs	NCT01775891	NCT	NCT01775891	https://clinicaltrials.gov/study/NCT01775891	cochrane_pubmed_html_reference_block	extracted_from_pubmed_html	.	NCT01775891. Efficacy of pilsicainide after radiofrequency ablation of paroxysmal atrial fibrillation. clinicaltrials.gov/ct2/show/NCT01775891 (first received 25 January 2013).
second_pass	Cochrane_reviews/second_pass/CD013765_af_ablation_drugs.pdf	CD013765_af_ablation_drugs	NCT02132767	NCT	NCT02132767	https://clinicaltrials.gov/study/NCT02132767	cochrane_pubmed_html_reference_block	extracted_from_pubmed_html	.	NCT02132767. Rate control versus rhythm control for postoperative atrial fibrillation. clinicaltrials.gov/ct2/show/NCT02132767 (first received 07 May 2014).
second_pass	Cochrane_reviews/second_pass/CD013765_af_ablation_drugs.pdf	CD013765_af_ablation_drugs	NCT02509754	NCT	NCT02509754	https://clinicaltrials.gov/study/NCT02509754	cochrane_pubmed_html_reference_block	extracted_from_pubmed_html	.	NCT02509754. Atrial fibrillation ablation compared to rate control strategy in patients with impaired left ventricular function (AFARC - LVF). clinicaltrials.gov/ct2/show/NCT02509754 (first received 28 July 2015).
second_pass	Cochrane_reviews/second_pass/CD013765_af_ablation_drugs.pdf	CD013765_af_ablation_drugs	NCT02913014	NCT	NCT02913014	https://clinicaltrials.gov/study/NCT02913014	cochrane_pubmed_html_reference_block	extracted_from_pubmed_html	.	NCT02913014. Comparison of recurrence of atrial fibrillation post cryoballon ablation during the 90-day blanking period - with and without anti-arrhythmic drug therapy. clinicaltrials.gov/ct2/show/NCT02913014 (first received 23 September 2016).
second_pass	Cochrane_reviews/second_pass/CD013823_b12_pregnancy.pdf	CD013823_b12_pregnancy	Chandyo 2023	NCT	NCT03071666	https://clinicaltrials.gov/study/NCT03071666	cochrane_pubmed_html_reference_block	extracted_from_pubmed_html	.	Chandyo RK, Kvestad I, Ulak M, Ranjitkar S, Hysing M, Shrestha M, et al. The effect of vitamin B12 supplementation during pregnancy on infant growth and development in Nepal: a community-based, double-blind, randomised, placebo-controlled trial. Lancet 2023;401:1508-17. - PubMed Chandyo RK, Ulak M, Kvestad I, Shrestha M, Ranjitkar S, Basnet S, et al. The effects of vitamin B12 supplementation in pregnancy and postpartum on growth and neurodevelopment in early childhood: study protocol for a randomized placebo controlled trial. BMJ Open 2017;7(8):e016434. [CENTRAL: CN-01599811] [PMID: ] - PMC -
second_pass	Cochrane_reviews/second_pass/CD013823_b12_pregnancy.pdf	CD013823_b12_pregnancy	CTRI/2020/01/022713	registry	CTRI/2020/01/02271	.	cochrane_pubmed_html_reference_block	extracted_from_pubmed_html	.	CTRI/2020/01/02271 CTRI/2020/01/022713. Effect of vitamin B12 supplementation on growth of the baby [Supplementation of vitamin B12 to improve B12-folate ratio in pregnancy and its effect on birth outcome]. trialsearch.who.int/Trial2.aspx?TrialID=CTRI/2020/01/022713 (first received 13 January 2020). [CENTRAL: CN-02166696]
second_pass	Cochrane_reviews/second_pass/CD013823_b12_pregnancy.pdf	CD013823_b12_pregnancy	CTRI/2020/01/022713	registry	CTRI/2020/01/022713	.	cochrane_pubmed_html_reference_block	extracted_from_pubmed_html	.	CTRI/2020/01/02271 CTRI/2020/01/022713. Effect of vitamin B12 supplementation on growth of the baby [Supplementation of vitamin B12 to improve B12-folate ratio in pregnancy and its effect on birth outcome]. trialsearch.who.int/Trial2.aspx?TrialID=CTRI/2020/01/022713 (first received 13 January 2020). [CENTRAL: CN-02166696]
second_pass	Cochrane_reviews/second_pass/CD013823_b12_pregnancy.pdf	CD013823_b12_pregnancy	CTRI/2020/10/028330	registry	CTRI/2020/10/028330	.	cochrane_pubmed_html_reference_block	extracted_from_pubmed_html	.	CTRI/2020/10/028330 CTRI/2020/10/028330. Daily milk intake by pregnant lactovegetarian women improves the vitamin B12 status of offsprings as compared to the intake of vitamin B12 pills [Daily milk intake by pregnant lactovegetarian women improves the vitamin B12 status of offsprings as compared to the intake of synthetic B12: an intervention trial – pilot study]. trialsearch.who.int/Trial2.aspx?TrialID=CTRI/2020/10/028330 (first received 9 October 2020). [CENTRAL: CN-02186245]
second_pass	Cochrane_reviews/second_pass/CD013823_b12_pregnancy.pdf	CD013823_b12_pregnancy	Devi 2017	registry	CTRI/2016/01/006578	.	cochrane_pubmed_html_reference_block	extracted_from_pubmed_html	.	CTRI/2016/01/006578. Vitamin B12 during pregnancy [Vitamin B12: its bioavailability and effect in a balanced protein supplement on sulfur amino acid and methyl transfer kinetics in Indian pregnancy]. www.ctri.nic.in/Clinicaltrials/pmaindet2.php?trialid=3636 (first received 29 January 2016). [CENTRAL: CN-02279601] Devi S, Mukhopadhyay A, Dwarkanath P, Thomas T, Crasta J, Thomas A, et al. Combined vitamin B-12 and balanced protein-energy supplementation affect homocysteine remethylation in the methionine cycle in pregnant South Indian women of low vitamin B-12 status. Journal of Nutrition 2017;1
second_pass	Cochrane_reviews/second_pass/CD013823_b12_pregnancy.pdf	CD013823_b12_pregnancy	Nagpal 2020	NCT	NCT03783104	https://clinicaltrials.gov/study/NCT03783104	cochrane_pubmed_html_reference_block	extracted_from_pubmed_html	.	CTRI/2018/07/015048. A study to evaluate the utility of Vitamin B-12 supplementation of pregnant women in improving the brain development of their infants [A randomised controlled trial to compare two different doses of maternal B12 supplementation in improving infant B12 deficiency and neurodevelopment – MATCOBIND]. trialsearch.who.int/Trial2.aspx?TrialID=CTRI/2018/07/015048 (first received 25 July 2018). [CENTRAL: CN-01907527] NCT03783104. Maternal B12 supplementation to improve infant B12 deficiency and neurodevelopment [A randomised controlled trial to compare two different doses of matern
second_pass	Cochrane_reviews/second_pass/CD013823_b12_pregnancy.pdf	CD013823_b12_pregnancy	Nagpal 2020	NCT	NCT04083560	https://clinicaltrials.gov/study/NCT04083560	cochrane_pubmed_html_reference_block	extracted_from_pubmed_html	.	CTRI/2018/07/015048. A study to evaluate the utility of Vitamin B-12 supplementation of pregnant women in improving the brain development of their infants [A randomised controlled trial to compare two different doses of maternal B12 supplementation in improving infant B12 deficiency and neurodevelopment – MATCOBIND]. trialsearch.who.int/Trial2.aspx?TrialID=CTRI/2018/07/015048 (first received 25 July 2018). [CENTRAL: CN-01907527] NCT03783104. Maternal B12 supplementation to improve infant B12 deficiency and neurodevelopment [A randomised controlled trial to compare two different doses of matern
second_pass	Cochrane_reviews/second_pass/CD013823_b12_pregnancy.pdf	CD013823_b12_pregnancy	Nagpal 2020	registry	CTRI/2018/07/015048	.	cochrane_pubmed_html_reference_block	extracted_from_pubmed_html	.	CTRI/2018/07/015048. A study to evaluate the utility of Vitamin B-12 supplementation of pregnant women in improving the brain development of their infants [A randomised controlled trial to compare two different doses of maternal B12 supplementation in improving infant B12 deficiency and neurodevelopment – MATCOBIND]. trialsearch.who.int/Trial2.aspx?TrialID=CTRI/2018/07/015048 (first received 25 July 2018). [CENTRAL: CN-01907527] NCT03783104. Maternal B12 supplementation to improve infant B12 deficiency and neurodevelopment [A randomised controlled trial to compare two different doses of matern
second_pass	Cochrane_reviews/second_pass/CD013823_b12_pregnancy.pdf	CD013823_b12_pregnancy	NCT03258385	NCT	NCT03258385	https://clinicaltrials.gov/study/NCT03258385	cochrane_pubmed_html_reference_block	extracted_from_pubmed_html	.	NCT03258385. Vitamin B12 supplementation to improve B12 status and child development [Effects of vitamin B12 fortified milk supplementation during pregnancy and 6 month postpartum to improve B12 status and child development]. clinicaltrials.gov/show/NCT03258385 (first received 2017 August 23). [CENTRAL: CN-01495971]
second_pass	Cochrane_reviews/second_pass/CD014803_omega3_depression_youth.pdf	CD014803_omega3_depression_youth	CTRI/2020/10/028383	registry	CTRI/2020/10/028383	.	cochrane_pubmed_html_reference_block	extracted_from_pubmed_html	.	CTRI/2020/10/028383. Role of omega 3 fatty acid in etiopathogenesis of Depression and trial of two drugs: flax seed oil and Ashwagnadharishta in its management. trialsearch.who.int/Trial2.aspx?TrialID=CTRI/2020/10/028383 (first received 13 October 2020).
second_pass	Cochrane_reviews/second_pass/CD014803_omega3_depression_youth.pdf	CD014803_omega3_depression_youth	NCT00511810	NCT	NCT00511810	https://clinicaltrials.gov/study/NCT00511810	cochrane_pubmed_html_reference_block	extracted_from_pubmed_html	.	NCT00511810. Omega-3 fatty acids as adjunct treatment for major depressive disorder. clinicaltrials.gov/show/NCT00511810 (first received 6 August 2007).
second_pass	Cochrane_reviews/second_pass/CD014803_omega3_depression_youth.pdf	CD014803_omega3_depression_youth	NCT01104194	NCT	NCT01104194	https://clinicaltrials.gov/study/NCT01104194	cochrane_pubmed_html_reference_block	extracted_from_pubmed_html	.	NCT1104194. Effects of fish-oil on mood and cognitive functions of healthy individuals. clinicaltrials.gov/show/NCT01104194 (first received 12 April 2010).
second_pass	Cochrane_reviews/second_pass/CD014803_omega3_depression_youth.pdf	CD014803_omega3_depression_youth	NCT01341925	NCT	NCT01341925	https://clinicaltrials.gov/study/NCT01341925	cochrane_pubmed_html_reference_block	extracted_from_pubmed_html	.	NCT01341925. Omega-3 and therapy study for depression. clinicaltrials.gov/show/NCT01341925 201(first received 22 April 2011).
second_pass	Cochrane_reviews/second_pass/CD014803_omega3_depression_youth.pdf	CD014803_omega3_depression_youth	NCT03732378	NCT	NCT03732378	https://clinicaltrials.gov/study/NCT03732378	cochrane_pubmed_html_reference_block	extracted_from_pubmed_html	.	NCT03732378. Role of omega-3 polyunsaturated fatty acid in the management of major depressive disorder. clinicaltrials.gov/show/NCT03732378 201(first received 31 October 2018).
