review_group	review_pdf	review_id	study_label	pmid	pmcid	in_pmc	match_methods	title	journal	year	doi	pubmed_url	pmc_url
after_pilot	Cochrane_reviews/after_pilot/CD002243_corticosteroids_sepsis.pdf	CD002243_corticosteroids_sepsis	Aboab 2008	18434902	.	no	direct_pubmed_link	Hydrocortisone effects on cardiovascular variability in septic shock: a spectral analysis approach	Critical Care Medicine	2008	.	https://pubmed.ncbi.nlm.nih.gov/18434902/	.
after_pilot	Cochrane_reviews/after_pilot/CD002243_corticosteroids_sepsis.pdf	CD002243_corticosteroids_sepsis	Agarwal 2022	35436823	.	no	direct_pubmed_link	Early initiation of low-dose hydrocortisone therapy for septic shock in geriatric patients: a randomized control trial	Journal of the Association of Physicians of India	2022	.	https://pubmed.ncbi.nlm.nih.gov/35436823/	.
after_pilot	Cochrane_reviews/after_pilot/CD002243_corticosteroids_sepsis.pdf	CD002243_corticosteroids_sepsis	Angus 2020	32876697	PMC7489418	yes	direct_pubmed_link	Effect of hydrocortisone on mortality and organ support in patients with severe COVID-19: the REMAP-CAP COVID-19 corticosteroid domain randomized clinical trial	JAMA	2020	10.1001/jama.2020.17022	https://pubmed.ncbi.nlm.nih.gov/32876697/	https://pmc.ncbi.nlm.nih.gov/articles/PMC7489418/
after_pilot	Cochrane_reviews/after_pilot/CD002243_corticosteroids_sepsis.pdf	CD002243_corticosteroids_sepsis	Annane 2002	12186604	.	no	direct_pubmed_link	Effect of treatment with low doses of hydrocortisone and fludrocortisone on mortality in patients with septic shock	JAMA	2002	.	https://pubmed.ncbi.nlm.nih.gov/12186604/	.
after_pilot	Cochrane_reviews/after_pilot/CD002243_corticosteroids_sepsis.pdf	CD002243_corticosteroids_sepsis	Annane 2010	20103758	.	no	direct_pubmed_link	Corticosteroid treatment and intensive insulin therapy for septic shock in adults: a randomized controlled trial	JAMA	2010	.	https://pubmed.ncbi.nlm.nih.gov/20103758/	.
after_pilot	Cochrane_reviews/after_pilot/CD002243_corticosteroids_sepsis.pdf	CD002243_corticosteroids_sepsis	Annane 2018	29490185	.	no	direct_pubmed_link	Hydrocortisone plus fludrocortisone for adults with septic shock	New England Journal of Medicine	2018	.	https://pubmed.ncbi.nlm.nih.gov/29490185/	.
after_pilot	Cochrane_reviews/after_pilot/CD002243_corticosteroids_sepsis.pdf	CD002243_corticosteroids_sepsis	Arabi 2011	21059778	PMC3001503	yes	direct_pubmed_link	Low-dose hydrocortisone in patients with cirrhosis and septic shock: a randomized controlled trial	Canadian Medical Association Journal	2010	.	https://pubmed.ncbi.nlm.nih.gov/21059778/	https://pmc.ncbi.nlm.nih.gov/articles/PMC3001503/
after_pilot	Cochrane_reviews/after_pilot/CD002243_corticosteroids_sepsis.pdf	CD002243_corticosteroids_sepsis	Birudaraju 2022	34516312	.	no	direct_pubmed_link	Solumedrol treatment for severe sepsis in humans with a blunted adrenocorticotropic hormone-cortisol response: a prospective randomized double-blind placebo-controlled pilot clinical trial	Journal of Intensive Care Medicine	2022	10.1177/08850666211038883	https://pubmed.ncbi.nlm.nih.gov/34516312/	.
after_pilot	Cochrane_reviews/after_pilot/CD002243_corticosteroids_sepsis.pdf	CD002243_corticosteroids_sepsis	Blum 2015	25608756	.	no	direct_pubmed_link	Adjunct prednisone therapy for patients with community-acquired pneumonia: a multicentre, double-blind, randomised, placebo-controlled trial	Lancet	2015	.	https://pubmed.ncbi.nlm.nih.gov/25608756/	.
after_pilot	Cochrane_reviews/after_pilot/CD002243_corticosteroids_sepsis.pdf	CD002243_corticosteroids_sepsis	Blum 2015	38082273	PMC10712075	yes	direct_pubmed_link	Adjunct prednisone in community-acquired pneumonia: 180-day outcome of a multicentre, double-blind, randomized, placebo-controlled trial	BMC Pulmonary Medicine	2023	10.1186/s12890-023-02794-w	https://pubmed.ncbi.nlm.nih.gov/38082273/	https://pmc.ncbi.nlm.nih.gov/articles/PMC10712075/
after_pilot	Cochrane_reviews/after_pilot/CD002243_corticosteroids_sepsis.pdf	CD002243_corticosteroids_sepsis	Bollaert 1998	9559600	.	no	direct_pubmed_link	Reversal of late septic shock with supraphysiologic doses of hydrocortisone	Critical Care Medicine	1998	.	https://pubmed.ncbi.nlm.nih.gov/9559600/	.
after_pilot	Cochrane_reviews/after_pilot/CD002243_corticosteroids_sepsis.pdf	CD002243_corticosteroids_sepsis	Bone 1987	3306374	.	no	direct_pubmed_link	A controlled clinical trial of high-dose methylprednisolone in the treatment of severe sepsis and septic shock	New England Journal of Medicine	1987	.	https://pubmed.ncbi.nlm.nih.gov/3306374/	.
after_pilot	Cochrane_reviews/after_pilot/CD002243_corticosteroids_sepsis.pdf	CD002243_corticosteroids_sepsis	Briegel 1999	10321661	.	no	direct_pubmed_link	Stress doses of hydrocortisone reverse hyperdynamic septic shock: a prospective, randomized, double-blind, single-center study	Critical Care Medicine	1999	.	https://pubmed.ncbi.nlm.nih.gov/10321661/	.
after_pilot	Cochrane_reviews/after_pilot/CD002243_corticosteroids_sepsis.pdf	CD002243_corticosteroids_sepsis	Chang 2020	32243943	.	no	direct_pubmed_link	Combined treatment with hydrocortisone, vitamin c, and thiamine for sepsis and septic shock (HYVCTTSSS): a randomized controlled clinical trial	Chest	2020	10.1016/j.chest.2020.02.065	https://pubmed.ncbi.nlm.nih.gov/32243943/	.
after_pilot	Cochrane_reviews/after_pilot/CD002243_corticosteroids_sepsis.pdf	CD002243_corticosteroids_sepsis	Cicarelli 2007	17992396	PMC11020550	yes	direct_pubmed_link	Early dexamethasone treatment for septic shock patients: a prospective randomized clinical trial	São Paulo Medical Journal	2007	.	https://pubmed.ncbi.nlm.nih.gov/17992396/	https://pmc.ncbi.nlm.nih.gov/articles/PMC11020550/
after_pilot	Cochrane_reviews/after_pilot/CD002243_corticosteroids_sepsis.pdf	CD002243_corticosteroids_sepsis	Confalonieri 2005	15557131	.	no	direct_pubmed_link	Hydrocortisone infusion for severe community acquired pneumonia: a preliminary randomized study	American Journal of Respiratory and Critical Care Medicine	2005	.	https://pubmed.ncbi.nlm.nih.gov/15557131/	.
after_pilot	Cochrane_reviews/after_pilot/CD002243_corticosteroids_sepsis.pdf	CD002243_corticosteroids_sepsis	Corral‐Gudino 2021	33534047	PMC7854876	yes	direct_pubmed_link	Methylprednisolone in adults hospitalized with COVID-19 pneumonia: an open-label randomized trial (GLUCOCOVID)	Wiener Klinische Wochenschrift	2021	10.1007/s00508-020-01805-8	https://pubmed.ncbi.nlm.nih.gov/33534047/	https://pmc.ncbi.nlm.nih.gov/articles/PMC7854876/
after_pilot	Cochrane_reviews/after_pilot/CD002243_corticosteroids_sepsis.pdf	CD002243_corticosteroids_sepsis	Dequin 2020	32876689	PMC7489432	yes	direct_pubmed_link	Effect of hydrocortisone on 21-day mortality or respiratory support among critically ill patients with COVID-19: a randomized clinical trial	JAMA	2020	10.1001/jama.2020.16761	https://pubmed.ncbi.nlm.nih.gov/32876689/	https://pmc.ncbi.nlm.nih.gov/articles/PMC7489432/
after_pilot	Cochrane_reviews/after_pilot/CD002243_corticosteroids_sepsis.pdf	CD002243_corticosteroids_sepsis	Dequin 2023	36942789	.	no	direct_pubmed_link	Hydrocortisone in severe community-acquired pneumonia	New England Journal of Medicine	2023	10.1056/nejmoa2215145	https://pubmed.ncbi.nlm.nih.gov/36942789/	.
after_pilot	Cochrane_reviews/after_pilot/CD002243_corticosteroids_sepsis.pdf	CD002243_corticosteroids_sepsis	El‐Nawawy 2017	27798546	.	no	direct_pubmed_link	Evaluation of early corticosteroid therapy in management of paediatric septic shock in paediatric intensive care patients: a randomized clinical study	Pediatric Infectious Disease Journal	2017	.	https://pubmed.ncbi.nlm.nih.gov/27798546/	.
after_pilot	Cochrane_reviews/after_pilot/CD002243_corticosteroids_sepsis.pdf	CD002243_corticosteroids_sepsis	Fernández‐Serrano 2011	21406101	PMC3219361	yes	direct_pubmed_link	Effect of corticosteroids on the clinical course of community-acquired pneumonia: a randomized controlled trial	Critical Care	2011	.	https://pubmed.ncbi.nlm.nih.gov/21406101/	https://pmc.ncbi.nlm.nih.gov/articles/PMC3219361/
after_pilot	Cochrane_reviews/after_pilot/CD002243_corticosteroids_sepsis.pdf	CD002243_corticosteroids_sepsis	Ghanei 2021	34526033	PMC8441037	yes	direct_pubmed_link	The efficacy of corticosteroids therapy in patients with moderate to severe SARS-Cov-2 infection: a multicenter, randomized, open-label trial	Respiratory Research	2021	10.1186/s12931-021-01833-6	https://pubmed.ncbi.nlm.nih.gov/34526033/	https://pmc.ncbi.nlm.nih.gov/articles/PMC8441037/
after_pilot	Cochrane_reviews/after_pilot/CD002243_corticosteroids_sepsis.pdf	CD002243_corticosteroids_sepsis	Gordon 2014	24557425	.	no	direct_pubmed_link	The interaction of vasopressin and corticosteroids in septic shock: a pilot randomized controlled trial	Critical Care Medicine	2014	.	https://pubmed.ncbi.nlm.nih.gov/24557425/	.
after_pilot	Cochrane_reviews/after_pilot/CD002243_corticosteroids_sepsis.pdf	CD002243_corticosteroids_sepsis	Gordon 2016	27483065	.	no	direct_pubmed_link	Effect of early vasopressin vs norepinephrine on kidney failure in patients with septic shock: the VANISH randomized clinical trial	JAMA	2016	.	https://pubmed.ncbi.nlm.nih.gov/27483065/	.
after_pilot	Cochrane_reviews/after_pilot/CD002243_corticosteroids_sepsis.pdf	CD002243_corticosteroids_sepsis	Horby 2021	32678530	PMC7383595	yes	direct_pubmed_link	Dexamethasone in hospitalized patients with Covid-19	New England Journal of Medicine	2021	10.1056/nejmoa2021436	https://pubmed.ncbi.nlm.nih.gov/32678530/	https://pmc.ncbi.nlm.nih.gov/articles/PMC7383595/
after_pilot	Cochrane_reviews/after_pilot/CD002243_corticosteroids_sepsis.pdf	CD002243_corticosteroids_sepsis	Hu 2009	19751560	.	no	direct_pubmed_link	The effect of low-dose hydrocortisone on requirement of norepinephrine and lactate clearance in patients with refractory septic shock	Zhongguo Wei Zhong Bing Ji Jiu Yi Xue	2009	.	https://pubmed.ncbi.nlm.nih.gov/19751560/	.
after_pilot	Cochrane_reviews/after_pilot/CD002243_corticosteroids_sepsis.pdf	CD002243_corticosteroids_sepsis	Huang 2014	24598293	.	no	direct_pubmed_link	Effect of Sini decoction on function of hypothalamic-pituitary-adrenal axis in patients with sepsis	Zhonghua Wei Zhong Bing Ji Jiu Yi Xue	2014	.	https://pubmed.ncbi.nlm.nih.gov/24598293/	.
after_pilot	Cochrane_reviews/after_pilot/CD002243_corticosteroids_sepsis.pdf	CD002243_corticosteroids_sepsis	Hyvernat 2016	27405061	.	no	direct_pubmed_link	Effects of increasing hydrocortisone to 300 mg per day in the treatment of septic shock: a pilot study	Shock	2016	.	https://pubmed.ncbi.nlm.nih.gov/27405061/	.
after_pilot	Cochrane_reviews/after_pilot/CD002243_corticosteroids_sepsis.pdf	CD002243_corticosteroids_sepsis	Iglesias 2020	32194058	.	no	direct_pubmed_link	Outcomes of metabolic resuscitation using ascorbic acid, thiamine, and glucocorticoids in the early treatment of sepsis: the ORANGES trial	Chest	2020	10.1016/j.chest.2020.02.049	https://pubmed.ncbi.nlm.nih.gov/32194058/	.
after_pilot	Cochrane_reviews/after_pilot/CD002243_corticosteroids_sepsis.pdf	CD002243_corticosteroids_sepsis	Jamshidi 2021	34484379	PMC8383994	yes	direct_pubmed_link	Effects of triple combination of hydrocortisone, thiamine, and vitamin C on clinical outcome in patients with septic shock: a single-center randomized controlled trial	Journal of Research in Medical Sciences	2021	10.4103/jrms.jrms_593_19	https://pubmed.ncbi.nlm.nih.gov/34484379/	https://pmc.ncbi.nlm.nih.gov/articles/PMC8383994/
after_pilot	Cochrane_reviews/after_pilot/CD002243_corticosteroids_sepsis.pdf	CD002243_corticosteroids_sepsis	Keh 2003	12426230	.	no	direct_pubmed_link	"Immunologic and hemodynamic effects of ""low-dose"" hydrocortisone in septic shock: a double-blind, randomized, placebo-controlled, crossover study"	American Journal of Respiratory and Critical Care Medicine	2003	.	https://pubmed.ncbi.nlm.nih.gov/12426230/	.
after_pilot	Cochrane_reviews/after_pilot/CD002243_corticosteroids_sepsis.pdf	CD002243_corticosteroids_sepsis	Keh 2016	27695824	.	no	direct_pubmed_link	Effect of hydrocortisone on development of shock among patients with severe sepsis: the HYPRESS randomized clinical trial	JAMA	2016	.	https://pubmed.ncbi.nlm.nih.gov/27695824/	.
after_pilot	Cochrane_reviews/after_pilot/CD002243_corticosteroids_sepsis.pdf	CD002243_corticosteroids_sepsis	Liu 2012	23158856	.	no	direct_pubmed_link	The effect of stress dose glucocorticoid on patients with acute respiratory distress syndrome combined with critical illness-related corticosteroid insufficiency	Zhonghua Nei Ke Za Zhi	2012	.	https://pubmed.ncbi.nlm.nih.gov/23158856/	.
after_pilot	Cochrane_reviews/after_pilot/CD002243_corticosteroids_sepsis.pdf	CD002243_corticosteroids_sepsis	Loisa 2007	17306016	PMC2151907	yes	direct_pubmed_link	Effect of mode of hydrocortisone administration on glycemic control in patients with septic shock: a prospective randomized trial	Critical Care	2007	.	https://pubmed.ncbi.nlm.nih.gov/17306016/	https://pmc.ncbi.nlm.nih.gov/articles/PMC2151907/
after_pilot	Cochrane_reviews/after_pilot/CD002243_corticosteroids_sepsis.pdf	CD002243_corticosteroids_sepsis	Luce 1988	3202402	.	no	direct_pubmed_link	Ineffectiveness of high-dose methylprednisolone in preventing parenchymal lung injury and improving mortality in patients with septic shock	American Review of Respiratory Diseases	1988	.	https://pubmed.ncbi.nlm.nih.gov/3202402/	.
after_pilot	Cochrane_reviews/after_pilot/CD002243_corticosteroids_sepsis.pdf	CD002243_corticosteroids_sepsis	Lv 2017	28615145	.	no	direct_pubmed_link	Early initiation of low-dose hydrocortisone treatment for septic shock in adults: a randomized clinical trial	American Journal of Emergency Medicine	2017	.	https://pubmed.ncbi.nlm.nih.gov/28615145/	.
after_pilot	Cochrane_reviews/after_pilot/CD002243_corticosteroids_sepsis.pdf	CD002243_corticosteroids_sepsis	Lyu 2022	36171582	PMC9520942	yes	direct_pubmed_link	Early administration of hydrocortisone, vitamin C, and thiamine in adult patients with septic shock: a randomized controlled clinical trial	Critical Care	2022	10.1186/s13054-022-04175-x	https://pubmed.ncbi.nlm.nih.gov/36171582/	https://pmc.ncbi.nlm.nih.gov/articles/PMC9520942/
after_pilot	Cochrane_reviews/after_pilot/CD002243_corticosteroids_sepsis.pdf	CD002243_corticosteroids_sepsis	McHardy 1972	4404939	PMC1786783	yes	direct_pubmed_link	Ampicillin dosage and use of prednisolone in treatment of pneumonia: co-operative controlled trial	British Medical Journal	1972	.	https://pubmed.ncbi.nlm.nih.gov/4404939/	https://pmc.ncbi.nlm.nih.gov/articles/PMC1786783/
after_pilot	Cochrane_reviews/after_pilot/CD002243_corticosteroids_sepsis.pdf	CD002243_corticosteroids_sepsis	Meduri 2007	17426195	.	no	direct_pubmed_link	Methylprednisolone infusion in early severe ARDS: results of a randomized controlled trial	Chest	2007	.	https://pubmed.ncbi.nlm.nih.gov/17426195/	.
after_pilot	Cochrane_reviews/after_pilot/CD002243_corticosteroids_sepsis.pdf	CD002243_corticosteroids_sepsis	Meduri 2022	35723686	PMC9208259	yes	direct_pubmed_link	Low-dose methylprednisolone treatment in critically ill patients with severe community-acquired pneumonia	Intensive Care Medicine	2022	10.1007/s00134-022-06684-3	https://pubmed.ncbi.nlm.nih.gov/35723686/	https://pmc.ncbi.nlm.nih.gov/articles/PMC9208259/
after_pilot	Cochrane_reviews/after_pilot/CD002243_corticosteroids_sepsis.pdf	CD002243_corticosteroids_sepsis	Meijvis 2011	21636122	.	no	direct_pubmed_link	Dexamethasone and length of hospital stay in patients with community-acquired pneumonia: a randomised, double-blind, placebo-controlled trial	Lancet	2011	.	https://pubmed.ncbi.nlm.nih.gov/21636122/	.
after_pilot	Cochrane_reviews/after_pilot/CD002243_corticosteroids_sepsis.pdf	CD002243_corticosteroids_sepsis	Menon 2017	28406862	PMC5457353	yes	direct_pubmed_link	A randomized controlled trial of corticosteroids in paediatric septic shock: a pilot feasibility study	Pediatric Critical Care Medicine	2017	.	https://pubmed.ncbi.nlm.nih.gov/28406862/	https://pmc.ncbi.nlm.nih.gov/articles/PMC5457353/
after_pilot	Cochrane_reviews/after_pilot/CD002243_corticosteroids_sepsis.pdf	CD002243_corticosteroids_sepsis	Mohamed 2020	33024370	PMC7519616	yes	direct_pubmed_link	Vitamin C therapy or routine care in septic shock (Victor) trial: effect of intravenous vitamin C, thiamine, and hydrocortisone administration on inpatient mortality among patients with septic shock	Indian Journal of Critical Care Medicine	2020	10.5005/jp-journals-10071-23517	https://pubmed.ncbi.nlm.nih.gov/33024370/	https://pmc.ncbi.nlm.nih.gov/articles/PMC7519616/
after_pilot	Cochrane_reviews/after_pilot/CD002243_corticosteroids_sepsis.pdf	CD002243_corticosteroids_sepsis	Mohamed 2023	36870070	PMC10125121	yes	direct_pubmed_link	Evaluation of hydrocortisone, vitamin C, and thiamine for the treatment of septic shock: a randomized controlled trial (The HYVITS Trial)	Shock	2023	10.1097/shk.0000000000002110	https://pubmed.ncbi.nlm.nih.gov/36870070/	https://pmc.ncbi.nlm.nih.gov/articles/PMC10125121/
after_pilot	Cochrane_reviews/after_pilot/CD002243_corticosteroids_sepsis.pdf	CD002243_corticosteroids_sepsis	Moskowitz 2020	32809003	PMC7435341	yes	direct_pubmed_link	Effect of ascorbic acid, corticosteroids, and thiamine on organ injury in septic shock: the ACTS randomized clinical trial	JAMA	2020	10.1001/jama.2020.11946	https://pubmed.ncbi.nlm.nih.gov/32809003/	https://pmc.ncbi.nlm.nih.gov/articles/PMC7435341/
after_pilot	Cochrane_reviews/after_pilot/CD002243_corticosteroids_sepsis.pdf	CD002243_corticosteroids_sepsis	Nagy 2013	22588852	.	no	direct_pubmed_link	Efficacy of methylprednisolone in children with severe community acquired pneumonia	Pediatric Pulmonology	2013	.	https://pubmed.ncbi.nlm.nih.gov/22588852/	.
after_pilot	Cochrane_reviews/after_pilot/CD002243_corticosteroids_sepsis.pdf	CD002243_corticosteroids_sepsis	Ngaosuwan 2018	29176402	.	no	direct_pubmed_link	Clinical outcomes of minimized hydrocortisone dosage of 100mg/day on lower occurrence of hyperglycaemia in septic shock	Shock	2018	.	https://pubmed.ncbi.nlm.nih.gov/29176402/	.
after_pilot	Cochrane_reviews/after_pilot/CD002243_corticosteroids_sepsis.pdf	CD002243_corticosteroids_sepsis	Oppert 2005	16276166	.	no	direct_pubmed_link	Low-dose hydrocortisone improves shock reversal and reduces cytokine levels in early hyperdynamic septic shock	Critical Care Medicine	2005	.	https://pubmed.ncbi.nlm.nih.gov/16276166/	.
after_pilot	Cochrane_reviews/after_pilot/CD002243_corticosteroids_sepsis.pdf	CD002243_corticosteroids_sepsis	Ram 2022	36620116	PMC9813985	yes	direct_pubmed_link	Hyperglycemia risk evaluation of hydrocortisone intermittent boluses versus continuous infusion in septic shock: a prospective randomized trial	Anesthesia Essays and Researchers	2022	10.4103/aer.aer_115_22	https://pubmed.ncbi.nlm.nih.gov/36620116/	https://pmc.ncbi.nlm.nih.gov/articles/PMC9813985/
after_pilot	Cochrane_reviews/after_pilot/CD002243_corticosteroids_sepsis.pdf	CD002243_corticosteroids_sepsis	Rinaldi 2006	16850006	.	no	direct_pubmed_link	Low-dose hydrocortisone during severe sepsis: effects on microalbuminemia	Critical Care Medicine	2006	.	https://pubmed.ncbi.nlm.nih.gov/16850006/	.
after_pilot	Cochrane_reviews/after_pilot/CD002243_corticosteroids_sepsis.pdf	CD002243_corticosteroids_sepsis	Schumer 1976	786190	PMC1344393	yes	direct_pubmed_link	Steroids in the treatment of clinical septic shock	Annals of Surgery	1976	.	https://pubmed.ncbi.nlm.nih.gov/786190/	https://pmc.ncbi.nlm.nih.gov/articles/PMC1344393/
after_pilot	Cochrane_reviews/after_pilot/CD002243_corticosteroids_sepsis.pdf	CD002243_corticosteroids_sepsis	Sevransky 2021	33620405	PMC7903252	yes	direct_pubmed_link	Effect of vitamin C, thiamine, and hydrocortisone on ventilator- and vasopressor-free days in patients with sepsis: the VICTAS randomized clinical trial	JAMA	2021	10.1001/jama.2020.24505	https://pubmed.ncbi.nlm.nih.gov/33620405/	https://pmc.ncbi.nlm.nih.gov/articles/PMC7903252/
after_pilot	Cochrane_reviews/after_pilot/CD002243_corticosteroids_sepsis.pdf	CD002243_corticosteroids_sepsis	Sevransky 2021	36853612	PMC9975932	yes	direct_pubmed_link	Association of vitamin C, thiamine, and hydrocortisone infusion with long-term cognitive, psychological, and functional outcomes in sepsis survivors: a secondary analysis of the vitamin C, thiamine, and steroids in sepsis randomized clinical trial	Journal of the American Medical Association Network Open	2023	10.1001/jamanetworkopen	https://pubmed.ncbi.nlm.nih.gov/36853612/	https://pmc.ncbi.nlm.nih.gov/articles/PMC9975932/
after_pilot	Cochrane_reviews/after_pilot/CD002243_corticosteroids_sepsis.pdf	CD002243_corticosteroids_sepsis	Slusher 1996	8823850	.	no	direct_pubmed_link	Randomized, placebo-controlled, double blinded trial of dexamethasone in African children with sepsis	Pediatric Infectious Diseases Journal	1996	.	https://pubmed.ncbi.nlm.nih.gov/8823850/	.
after_pilot	Cochrane_reviews/after_pilot/CD002243_corticosteroids_sepsis.pdf	CD002243_corticosteroids_sepsis	Snijders 2010	20133929	.	no	direct_pubmed_link	Efficacy of corticosteroids in community-acquired pneumonia – a randomized double blinded clinical trial	American Journal of Respiratory and Critical Care Medicine	2010	.	https://pubmed.ncbi.nlm.nih.gov/20133929/	.
after_pilot	Cochrane_reviews/after_pilot/CD002243_corticosteroids_sepsis.pdf	CD002243_corticosteroids_sepsis	Sprung 1984	6384785	.	no	direct_pubmed_link	The effects of high-dose corticosteroids in patients with septic shock	New England Journal of Medicine	1984	.	https://pubmed.ncbi.nlm.nih.gov/6384785/	.
after_pilot	Cochrane_reviews/after_pilot/CD002243_corticosteroids_sepsis.pdf	CD002243_corticosteroids_sepsis	Sprung 2008	18184957	.	no	direct_pubmed_link	Hydrocortisone therapy for patients with septic shock	New England Journal of Medicine	2008	.	https://pubmed.ncbi.nlm.nih.gov/18184957/	.
after_pilot	Cochrane_reviews/after_pilot/CD002243_corticosteroids_sepsis.pdf	CD002243_corticosteroids_sepsis	Tagaro 2017	28363363	.	no	direct_pubmed_link	Dexamethasone for parapneumonic pleural effusion: a randomized, double-blind, clinical trial	Journal of Pediatrics	2017	.	https://pubmed.ncbi.nlm.nih.gov/28363363/	.
after_pilot	Cochrane_reviews/after_pilot/CD002243_corticosteroids_sepsis.pdf	CD002243_corticosteroids_sepsis	Tilouche 2019	30628950	.	no	direct_pubmed_link	Comparison between continuous and intermittent administration of hydrocortisone during septic shock: a randomized controlled clinical trial	Shock	2019	10.1097/shk.0000000000001316	https://pubmed.ncbi.nlm.nih.gov/30628950/	.
after_pilot	Cochrane_reviews/after_pilot/CD002243_corticosteroids_sepsis.pdf	CD002243_corticosteroids_sepsis	Tomazini 2020	32876695	PMC7489411	yes	direct_pubmed_link	Effect of dexamethasone on days alive and ventilator-free in patients with moderate or severe acute respiratory distress syndrome and COVID-19: the CoDEX randomized clinical trial	JAMA	2020	10.1001/jama.2020.17021	https://pubmed.ncbi.nlm.nih.gov/32876695/	https://pmc.ncbi.nlm.nih.gov/articles/PMC7489411/
after_pilot	Cochrane_reviews/after_pilot/CD002243_corticosteroids_sepsis.pdf	CD002243_corticosteroids_sepsis	Tongyoo 2016	27741949	PMC5065699	yes	direct_pubmed_link	Hydrocortisone treatment in early sepsis associated acute respiratory distress syndrome: results of a randomized controlled trial	Critical Care	2016	.	https://pubmed.ncbi.nlm.nih.gov/27741949/	https://pmc.ncbi.nlm.nih.gov/articles/PMC5065699/
after_pilot	Cochrane_reviews/after_pilot/CD002243_corticosteroids_sepsis.pdf	CD002243_corticosteroids_sepsis	Torres 2015	25688779	.	no	direct_pubmed_link	Effect of corticosteroids on treatment failure among hospitalized patients with severe community-acquired pneumonia and high inflammatory response: a randomized clinical trial	JAMA	2015	.	https://pubmed.ncbi.nlm.nih.gov/25688779/	.
after_pilot	Cochrane_reviews/after_pilot/CD002243_corticosteroids_sepsis.pdf	CD002243_corticosteroids_sepsis	Valoor 2009	19057445	.	no	direct_pubmed_link	Low-dose hydrocortisone in paediatric septic shock: an exploratory study in a third world setting	Pediatric Critical Care Medicine	2009	.	https://pubmed.ncbi.nlm.nih.gov/19057445/	.
after_pilot	Cochrane_reviews/after_pilot/CD002243_corticosteroids_sepsis.pdf	CD002243_corticosteroids_sepsis	VASSCSG 1987	2888017	.	no	direct_pubmed_link	Effect of high-dose glucocorticoid therapy on mortality in patients with clinical signs of systemic sepsis	New England Journal of Medicine	1987	.	https://pubmed.ncbi.nlm.nih.gov/2888017/	.
after_pilot	Cochrane_reviews/after_pilot/CD002243_corticosteroids_sepsis.pdf	CD002243_corticosteroids_sepsis	Venkatesh 2018	29347874	.	no	direct_pubmed_link	Adjunctive glucocorticoid therapy in patients with septic shock	New England Journal of Medicine	2018	10.1056/nejmoa1705835	https://pubmed.ncbi.nlm.nih.gov/29347874/	.
after_pilot	Cochrane_reviews/after_pilot/CD002243_corticosteroids_sepsis.pdf	CD002243_corticosteroids_sepsis	Venkatesh 2018	29694789	.	no	direct_pubmed_link	Long-term outcomes of the ADRENAL trial [2018]	New England Journal of Medicine	2018	.	https://pubmed.ncbi.nlm.nih.gov/29694789/	.
after_pilot	Cochrane_reviews/after_pilot/CD002243_corticosteroids_sepsis.pdf	CD002243_corticosteroids_sepsis	Villar 2020	32043986	.	no	direct_pubmed_link	Dexamethasone treatment for the acute respiratory distress syndrome: a multicentre, randomised controlled trial	Lancet Respiratory Medicine	2020	10.1016/s2213-2600(19)30417-5	https://pubmed.ncbi.nlm.nih.gov/32043986/	.
after_pilot	Cochrane_reviews/after_pilot/CD002243_corticosteroids_sepsis.pdf	CD002243_corticosteroids_sepsis	Wani 2020	31990246	.	no	direct_pubmed_link	Combination of vitamin C, thiamine and hydrocortisone added to standard treatment in the management of sepsis: results from an open label randomised controlled clinical trial and a review of the literature	Infectious Diseases	2020	10.1080/23744235.2020.1718200	https://pubmed.ncbi.nlm.nih.gov/31990246/	.
after_pilot	Cochrane_reviews/after_pilot/CD002243_corticosteroids_sepsis.pdf	CD002243_corticosteroids_sepsis	Wittermans 2021	33446608	.	no	direct_pubmed_link	Late breaking abstract - adjunctive treatment with oral dexamethasone in adults hospitalised with community-acquired pneumonia: a randomised clinical trial	European Respiratory Journal	2020	10.1183/13993003.congress-2020	https://pubmed.ncbi.nlm.nih.gov/33446608/	.
after_pilot	Cochrane_reviews/after_pilot/CD002243_corticosteroids_sepsis.pdf	CD002243_corticosteroids_sepsis	Yildiz 2002	12133187	PMC125315	yes	direct_pubmed_link	Physiological-dose steroid therapy in sepsis	Critical Care	2002	.	https://pubmed.ncbi.nlm.nih.gov/12133187/	https://pmc.ncbi.nlm.nih.gov/articles/PMC125315/
after_pilot	Cochrane_reviews/after_pilot/CD002243_corticosteroids_sepsis.pdf	CD002243_corticosteroids_sepsis	Yildiz 2011	22973341	PMC3430057	yes	direct_pubmed_link	The effects of moderate-dose steroid therapy in sepsis: a placebo-controlled, randomized study	Journal of Research in Medical Sciences	2011	.	https://pubmed.ncbi.nlm.nih.gov/22973341/	https://pmc.ncbi.nlm.nih.gov/articles/PMC3430057/
after_pilot	Cochrane_reviews/after_pilot/CD004376_exercise_knee_oa.pdf	CD004376_exercise_knee_oa	Abbott 2013	26416334	.	no	direct_pubmed_link	The incremental effects of manual therapy or booster sessions in addition to exercise therapy for knee osteoarthritis: a randomized clinical trial	Journal of Orthopaedic and Sports Physical Therapy	2015	10.2519/jospt.2015.6015	https://pubmed.ncbi.nlm.nih.gov/26416334/	.
after_pilot	Cochrane_reviews/after_pilot/CD004376_exercise_knee_oa.pdf	CD004376_exercise_knee_oa	Abbott 2013	23313532	.	no	direct_pubmed_link	Manual therapy, exercise therapy, or both, in addition to usual care for osteoarthritis of the hip or knee: a randomized controlled trial	Osteoarthritis and Cartilage	2013	.	https://pubmed.ncbi.nlm.nih.gov/23313532/	.
after_pilot	Cochrane_reviews/after_pilot/CD004376_exercise_knee_oa.pdf	CD004376_exercise_knee_oa	Alghadir 2019	27072798	PMC4830006	yes	direct_pubmed_link	Effect of retro and forward walking on quadriceps muscle strength, pain, function, and mobility in patients with knee osteoarthritis: a protocol for a randomized controlled trial	BMC Musculoskeletal Disorders	2016	10.1186/s12891-016-1021-z	https://pubmed.ncbi.nlm.nih.gov/27072798/	https://pmc.ncbi.nlm.nih.gov/articles/PMC4830006/
after_pilot	Cochrane_reviews/after_pilot/CD004376_exercise_knee_oa.pdf	CD004376_exercise_knee_oa	Alghadir 2019	30967128	PMC6456984	yes	direct_pubmed_link	Effect of 6-week retro or forward walking program on pain, functional disability, quadriceps muscle strength, and performance in individuals with knee osteoarthritis: a randomized controlled trial (retro-walking trial)	BMC Musculoskeletal Disorders	2019	10.1186/s12891-019-2537-9	https://pubmed.ncbi.nlm.nih.gov/30967128/	https://pmc.ncbi.nlm.nih.gov/articles/PMC6456984/
after_pilot	Cochrane_reviews/after_pilot/CD004376_exercise_knee_oa.pdf	CD004376_exercise_knee_oa	Allen 2018	29307722	PMC6021028	yes	direct_pubmed_link	Physical therapy vs internet-based exercise training for patients with knee osteoarthritis: results of a randomized controlled trial	Osteoarthritis and Cartilage	2018	10.1016/j.joca.2017.12.008	https://pubmed.ncbi.nlm.nih.gov/29307722/	https://pmc.ncbi.nlm.nih.gov/articles/PMC6021028/
after_pilot	Cochrane_reviews/after_pilot/CD004376_exercise_knee_oa.pdf	CD004376_exercise_knee_oa	Allen 2018	30407270	PMC6422722	yes	direct_pubmed_link	Fall risk and utilization of balance training for adults with symptomatic knee osteoarthritis: secondary analysis from a randomized clinical trial	Journal of Geriatric Physical Therapy (2001)	2001	10.1519/jpt.0000000000000213	https://pubmed.ncbi.nlm.nih.gov/30407270/	https://pmc.ncbi.nlm.nih.gov/articles/PMC6422722/
after_pilot	Cochrane_reviews/after_pilot/CD004376_exercise_knee_oa.pdf	CD004376_exercise_knee_oa	Allen 2018	33463020	PMC8286274	yes	direct_pubmed_link	Application of heterogeneity of treatment-effects methods: exploratory analyses of a trial of exercise-based interventions for knee osteoarthritis	Arthritis Care & Research	2022	10.1002/acr.24564	https://pubmed.ncbi.nlm.nih.gov/33463020/	https://pmc.ncbi.nlm.nih.gov/articles/PMC8286274/
after_pilot	Cochrane_reviews/after_pilot/CD004376_exercise_knee_oa.pdf	CD004376_exercise_knee_oa	An 2008	18315512	.	no	direct_pubmed_link	Baduanjin alleviates the symptoms of knee osteoarthritis	Journal of Alternative and Complementary Medicine	2008	.	https://pubmed.ncbi.nlm.nih.gov/18315512/	.
after_pilot	Cochrane_reviews/after_pilot/CD004376_exercise_knee_oa.pdf	CD004376_exercise_knee_oa	Anwer 2014	24926143	PMC4047243	yes	direct_pubmed_link	Effect of isometric quadriceps exercise on muscle strength, pain, and function in patients with knee osteoarthritis: a randomized controlled study	Journal of Physical Therapy Science	2014	10.1589/jpts.26.745	https://pubmed.ncbi.nlm.nih.gov/24926143/	https://pmc.ncbi.nlm.nih.gov/articles/PMC4047243/
after_pilot	Cochrane_reviews/after_pilot/CD004376_exercise_knee_oa.pdf	CD004376_exercise_knee_oa	Assar 2020	32368344	PMC7189678	yes	direct_pubmed_link	The effect of Total resistance exercise vs	BMC Sports Science, Medicine and Rehabilitation	2020	10.1186/s13102-020-00175-y	https://pubmed.ncbi.nlm.nih.gov/32368344/	https://pmc.ncbi.nlm.nih.gov/articles/PMC7189678/
after_pilot	Cochrane_reviews/after_pilot/CD004376_exercise_knee_oa.pdf	CD004376_exercise_knee_oa	Baker 2001	11469475	.	no	direct_pubmed_link	The efficacy of home based progressive strength training in older adults with knee osteoarthritis: a randomized controlled trial	Journal of Rheumatology	2001	.	https://pubmed.ncbi.nlm.nih.gov/11469475/	.
after_pilot	Cochrane_reviews/after_pilot/CD004376_exercise_knee_oa.pdf	CD004376_exercise_knee_oa	Bandak 2022	34844929	.	no	direct_pubmed_link	Exercise and education versus saline injections for knee osteoarthritis: a randomised controlled equivalence trial	Annals of the Rheumatic Diseases	2022	10.1136/annrheumdis-2021-221129	https://pubmed.ncbi.nlm.nih.gov/34844929/	.
after_pilot	Cochrane_reviews/after_pilot/CD004376_exercise_knee_oa.pdf	CD004376_exercise_knee_oa	Bandak 2022	33407791	PMC7787248	yes	direct_pubmed_link	Exercise therapy and patient education versus intra-articular saline injections in the treatment of knee osteoarthritis: an evidence-based protocol for an open-label randomised controlled trial (the DISCO trial)	Trials	2021	10.1186/s13063-020-04952-5	https://pubmed.ncbi.nlm.nih.gov/33407791/	https://pmc.ncbi.nlm.nih.gov/articles/PMC7787248/
after_pilot	Cochrane_reviews/after_pilot/CD004376_exercise_knee_oa.pdf	CD004376_exercise_knee_oa	Bandak 2022	36657659	.	no	direct_pubmed_link	Exercise and education vs intra-articular saline for knee osteoarthritis: a 1-year follow-up of a randomized trial	.	2023	10.1016/j.joca.2022.12.011	https://pubmed.ncbi.nlm.nih.gov/36657659/	.
after_pilot	Cochrane_reviews/after_pilot/CD004376_exercise_knee_oa.pdf	CD004376_exercise_knee_oa	Bandak 2022	36089229	.	no	direct_pubmed_link	Who are likely to benefit from the good life with osteoarthritis in Denmark (glad) exercise and education program? An effect modifier analysis from a randomized trial	Osteoarthritis and Cartilage	2022	10.1016/j.joca.2022.02.059	https://pubmed.ncbi.nlm.nih.gov/36089229/	.
after_pilot	Cochrane_reviews/after_pilot/CD004376_exercise_knee_oa.pdf	CD004376_exercise_knee_oa	Bautch 1997	9313390	.	no	direct_pubmed_link	Effects of exercise on knee joints with osteoarthritis: a pilot study of biologic markers	Arthritis Care & Research	1997	.	https://pubmed.ncbi.nlm.nih.gov/9313390/	.
after_pilot	Cochrane_reviews/after_pilot/CD004376_exercise_knee_oa.pdf	CD004376_exercise_knee_oa	Bennell 2010	20175973	.	no	direct_pubmed_link	Hip strengthening reduces symptoms but not knee load in people with medial knee osteoarthritis and varus malalignment: a randomised controlled trial	Osteoarthritis and Cartilage	2010	.	https://pubmed.ncbi.nlm.nih.gov/20175973/	.
after_pilot	Cochrane_reviews/after_pilot/CD004376_exercise_knee_oa.pdf	CD004376_exercise_knee_oa	Bennell 2016	26417720	.	no	direct_pubmed_link	Physical therapist-delivered pain coping skills training and exercise for knee osteoarthritis: randomized controlled trial	Arthritis Care & Research	2016	10.1002/acr.22744	https://pubmed.ncbi.nlm.nih.gov/26417720/	.
after_pilot	Cochrane_reviews/after_pilot/CD004376_exercise_knee_oa.pdf	CD004376_exercise_knee_oa	Bennell 2022a	32164604	PMC7068989	yes	direct_pubmed_link	Better Knee, Better Me: effectiveness of two scalable health care interventions supporting self-management for knee osteoarthritis-protocol for a randomized controlled trial	BMC Musculoskeletal Disorders	2020	10.1186/s12891-020-3166-z	https://pubmed.ncbi.nlm.nih.gov/32164604/	https://pmc.ncbi.nlm.nih.gov/articles/PMC7068989/
after_pilot	Cochrane_reviews/after_pilot/CD004376_exercise_knee_oa.pdf	CD004376_exercise_knee_oa	Bennell 2022a	34843383	.	no	direct_pubmed_link	Comparing video-based telehealth-delivered exercise and weight loss programs with online education on outcomes of knee osteoarthritis: a randomized trial	Osteoarthritis and Cartilage	2022	10.1016/j.joca.2022.02.062	https://pubmed.ncbi.nlm.nih.gov/34843383/	.
after_pilot	Cochrane_reviews/after_pilot/CD004376_exercise_knee_oa.pdf	CD004376_exercise_knee_oa	Bennell 2022b	36122378	.	no	direct_pubmed_link	Effectiveness of an unsupervised online yoga program on pain and function in people with knee osteoarthritis a randomized clinical trial	Annals of Internal Medicine	2022	10.7326/m22-1761	https://pubmed.ncbi.nlm.nih.gov/36122378/	.
after_pilot	Cochrane_reviews/after_pilot/CD004376_exercise_knee_oa.pdf	CD004376_exercise_knee_oa	Braghin 2018	29332761	.	no	direct_pubmed_link	Exercise on balance and function for knee osteoarthritis: a randomized controlled trial	Journal of Bodywork and Movement Therapies	2018	10.1016/j.jbmt.2017.04.006	https://pubmed.ncbi.nlm.nih.gov/29332761/	.
after_pilot	Cochrane_reviews/after_pilot/CD004376_exercise_knee_oa.pdf	CD004376_exercise_knee_oa	Brismée 2007	17264104	.	no	direct_pubmed_link	Group and home-based Tai Chi in elderly subjects with knee osteoarthritis: a randomized controlled trial	Clinical Rehabilitation	2007	.	https://pubmed.ncbi.nlm.nih.gov/17264104/	.
after_pilot	Cochrane_reviews/after_pilot/CD004376_exercise_knee_oa.pdf	CD004376_exercise_knee_oa	Bruce‐Brand 2012	22759883	PMC3493368	yes	direct_pubmed_link	Effects of home-based resistance training and neuromuscular electrical stimulation in knee osteoarthritis: a randomized controlled trial	BMC Musculoskeletal Disorders	2012	.	https://pubmed.ncbi.nlm.nih.gov/22759883/	https://pmc.ncbi.nlm.nih.gov/articles/PMC3493368/
after_pilot	Cochrane_reviews/after_pilot/CD004376_exercise_knee_oa.pdf	CD004376_exercise_knee_oa	Chang 2012	22397710	.	no	direct_pubmed_link	Effects of elastic-band exercise on lower-extremity function among female patients with osteoarthritis of the knee	Disability and Rehabilitation	2012	.	https://pubmed.ncbi.nlm.nih.gov/22397710/	.
after_pilot	Cochrane_reviews/after_pilot/CD004376_exercise_knee_oa.pdf	CD004376_exercise_knee_oa	Chen 2014	24924842	PMC11915906	yes	direct_pubmed_link	The efficacy of shock wave therapy in patients with knee osteoarthritis and popliteal cyamella	Kaohsiung Journal of Medical Sciences	2014	10.1016/j.kjms.2014.03.006	https://pubmed.ncbi.nlm.nih.gov/24924842/	https://pmc.ncbi.nlm.nih.gov/articles/PMC11915906/
after_pilot	Cochrane_reviews/after_pilot/CD004376_exercise_knee_oa.pdf	CD004376_exercise_knee_oa	Chen 2021	34221078	PMC8213492	yes	direct_pubmed_link	The efficacy of backward walking on static stability, proprioception, pain, and physical function of patients with knee osteoarthritis: a randomized controlled trial	Evidence-Based Complementary and Alternative Medicine	2021	10.1155/2021/5574966	https://pubmed.ncbi.nlm.nih.gov/34221078/	https://pmc.ncbi.nlm.nih.gov/articles/PMC8213492/
after_pilot	Cochrane_reviews/after_pilot/CD004376_exercise_knee_oa.pdf	CD004376_exercise_knee_oa	Cheung 2014	24886638	PMC4038088	yes	direct_pubmed_link	Yoga for managing knee osteoarthritis in older women: a pilot randomized controlled trial	BMC Complementary and Alternative Medicine	2014	10.1186/1472-6882-14-160	https://pubmed.ncbi.nlm.nih.gov/24886638/	https://pmc.ncbi.nlm.nih.gov/articles/PMC4038088/
after_pilot	Cochrane_reviews/after_pilot/CD004376_exercise_knee_oa.pdf	CD004376_exercise_knee_oa	Cheung 2014	26214142	.	no	direct_pubmed_link	Adherence to a yoga program in older women with knee osteoarthritis	Journal of Aging and Physical Activity	2016	10.1123/japa.2015-0048	https://pubmed.ncbi.nlm.nih.gov/26214142/	.
after_pilot	Cochrane_reviews/after_pilot/CD004376_exercise_knee_oa.pdf	CD004376_exercise_knee_oa	Cheung 2017	27913870	PMC5569242	yes	direct_pubmed_link	Managing knee osteoarthritis with yoga or aerobic/strengthening exercise programs in older adults: a pilot randomized controlled trial	Rheumatology International	2017	10.1007/s00296-016-3620-2	https://pubmed.ncbi.nlm.nih.gov/27913870/	https://pmc.ncbi.nlm.nih.gov/articles/PMC5569242/
after_pilot	Cochrane_reviews/after_pilot/CD004376_exercise_knee_oa.pdf	CD004376_exercise_knee_oa	Chopp‐Hurley 2017	28379878	.	no	direct_pubmed_link	Randomized controlled trial investigating the role of exercise in the workplace to improve work ability, performance, and patient-reported symptoms among older workers with osteoarthritis	Journal of Occupational and Environmental Medicine	2017	10.1097/jom.0000000000001020	https://pubmed.ncbi.nlm.nih.gov/28379878/	.
after_pilot	Cochrane_reviews/after_pilot/CD004376_exercise_knee_oa.pdf	CD004376_exercise_knee_oa	Chopp‐Hurley 2017	34000629	.	no	direct_pubmed_link	Muscle strength gains after strengthening exercise explained by reductions in serum inflammation in women with knee osteoarthritis	Clinical Biomechanics (Bristol, Avon)	2021	10.1016/j.clinbiomech.2021.105381	https://pubmed.ncbi.nlm.nih.gov/34000629/	.
after_pilot	Cochrane_reviews/after_pilot/CD004376_exercise_knee_oa.pdf	CD004376_exercise_knee_oa	Christensen 2015	23512743	.	no	direct_pubmed_link	Comparison of three weight maintenance programs on cardiovascular risk, bone and vitamins in sedentary older adults	.	2013	10.1002/oby.20413	https://pubmed.ncbi.nlm.nih.gov/23512743/	.
after_pilot	Cochrane_reviews/after_pilot/CD004376_exercise_knee_oa.pdf	CD004376_exercise_knee_oa	Christensen 2015	25370359	PMC4657487	yes	direct_pubmed_link	Effect of weight maintenance on symptoms of knee osteoarthritis in obese patients: A twelve-month randomized controlled trial	Arthritis Care & Research	2015	10.1002/acr.22504	https://pubmed.ncbi.nlm.nih.gov/25370359/	https://pmc.ncbi.nlm.nih.gov/articles/PMC4657487/
after_pilot	Cochrane_reviews/after_pilot/CD004376_exercise_knee_oa.pdf	CD004376_exercise_knee_oa	Da Silva 2015	26237073	.	no	direct_pubmed_link	Efficacy of simple integrated group rehabilitation program for patients with knee osteoarthritis: Single-blind randomized controlled trial	Journal of Rehabilitation Research and Development	2015	.	https://pubmed.ncbi.nlm.nih.gov/26237073/	.
after_pilot	Cochrane_reviews/after_pilot/CD004376_exercise_knee_oa.pdf	CD004376_exercise_knee_oa	De Almeida 2020	31865505	.	no	direct_pubmed_link	A periodized training attenuates thigh intermuscular fat and improves muscle quality in patients with knee osteoarthritis: results from a randomized controlled trial	Clinical Rheumatology	2020	10.1007/s10067-019-04892-9	https://pubmed.ncbi.nlm.nih.gov/31865505/	.
after_pilot	Cochrane_reviews/after_pilot/CD004376_exercise_knee_oa.pdf	CD004376_exercise_knee_oa	De Almeida 2020	30497420	PMC6267088	yes	direct_pubmed_link	Influence of a periodized circuit training protocol on intermuscular adipose tissue of patients with knee osteoarthritis: protocol for a randomized controlled trial	BMC Musculoskeletal Disorders	2018	10.1186/s12891-018-2325-y	https://pubmed.ncbi.nlm.nih.gov/30497420/	https://pmc.ncbi.nlm.nih.gov/articles/PMC6267088/
after_pilot	Cochrane_reviews/after_pilot/CD004376_exercise_knee_oa.pdf	CD004376_exercise_knee_oa	De Matos 2019	30324827	.	no	direct_pubmed_link	The effect of low-level laser therapy and physical exercise on pain, stiffness, function, and spatiotemporal gait variables in subjects with bilateral knee osteoarthritis: a blind randomized clinical trial	Disability and Rehabilitation	2019	10.1080/09638288.2018.1493160	https://pubmed.ncbi.nlm.nih.gov/30324827/	.
after_pilot	Cochrane_reviews/after_pilot/CD004376_exercise_knee_oa.pdf	CD004376_exercise_knee_oa	De Rooij 2017	27563831	.	no	direct_pubmed_link	Efficacy of tailored exercise therapy in patients with knee osteoarthritis and comorbidity: a randomized controlled trial	Annals of the Rheumatic Diseases	2016	10.1136/annrheumdis-2016-eular.3855	https://pubmed.ncbi.nlm.nih.gov/27563831/	.
after_pilot	Cochrane_reviews/after_pilot/CD004376_exercise_knee_oa.pdf	CD004376_exercise_knee_oa	DeVita 2018	30273922	.	no	direct_pubmed_link	Quadriceps-strengthening exercise and quadriceps and knee biomechanics during walking in knee osteoarthritis: a two-centre randomized controlled trial	Clinical Biomechanics (Bristol, Avon)	2018	10.1016/j.clinbiomech.2018.09.016	https://pubmed.ncbi.nlm.nih.gov/30273922/	.
after_pilot	Cochrane_reviews/after_pilot/CD004376_exercise_knee_oa.pdf	CD004376_exercise_knee_oa	Drummen 2023	36692651	PMC10102100	yes	direct_pubmed_link	A pilot randomized controlled trial evaluating outdoor community walking for knee osteoarthritis: walk	.	2023	10.1007/s10067-022-06477-5	https://pubmed.ncbi.nlm.nih.gov/36692651/	https://pmc.ncbi.nlm.nih.gov/articles/PMC10102100/
after_pilot	Cochrane_reviews/after_pilot/CD004376_exercise_knee_oa.pdf	CD004376_exercise_knee_oa	Dwyer 2015	25455832	.	no	direct_pubmed_link	Manual and manipulative therapy in addition to rehabilitation for osteoarthritis of the knee: assessor-blind randomized pilot trial	Journal of Manipulative and Physiological Therapeutics	2015	10.1016/j.jmpt.2014.10.002	https://pubmed.ncbi.nlm.nih.gov/25455832/	.
after_pilot	Cochrane_reviews/after_pilot/CD004376_exercise_knee_oa.pdf	CD004376_exercise_knee_oa	Ettinger 1997	8980206	.	no	direct_pubmed_link	A randomized trial comparing aerobic exercise and resistance exercise with a health education program in older adults with knee osteoarthritis	JAMA	1997	.	https://pubmed.ncbi.nlm.nih.gov/8980206/	.
after_pilot	Cochrane_reviews/after_pilot/CD004376_exercise_knee_oa.pdf	CD004376_exercise_knee_oa	Ettinger 1997	10682941	.	no	direct_pubmed_link	Long-term exercise and its effect on balance in older, osteoarthritis adults: results from the Fitness, Arthritis and Seniors Trial (FAST)	Journal of the American Geriatric Society	2000	.	https://pubmed.ncbi.nlm.nih.gov/10682941/	.
after_pilot	Cochrane_reviews/after_pilot/CD004376_exercise_knee_oa.pdf	CD004376_exercise_knee_oa	Ettinger 1997	9668732	.	no	direct_pubmed_link	Treating disability in knee osteoarthritis with exercise therapy: a central role for self-efficacy and pain	Arthritis Care & Research	1998	.	https://pubmed.ncbi.nlm.nih.gov/9668732/	.
after_pilot	Cochrane_reviews/after_pilot/CD004376_exercise_knee_oa.pdf	CD004376_exercise_knee_oa	Foley 2003	14644853	PMC1754378	yes	direct_pubmed_link	Does hydrotherapy improve strength and physical function in patients with osteoarthritis-a randomised controlled trial comparing a gym based and a hydrotherapy based strengthening program	Annals of the Rheumatic Diseases	2003	.	https://pubmed.ncbi.nlm.nih.gov/14644853/	https://pmc.ncbi.nlm.nih.gov/articles/PMC1754378/
after_pilot	Cochrane_reviews/after_pilot/CD004376_exercise_knee_oa.pdf	CD004376_exercise_knee_oa	Fransen 2001	11196518	.	no	direct_pubmed_link	Physical therapy is effective for patients with osteoarthritis of the knee: a randomized controlled trial	Journal of Rheumatology	2001	.	https://pubmed.ncbi.nlm.nih.gov/11196518/	.
after_pilot	Cochrane_reviews/after_pilot/CD004376_exercise_knee_oa.pdf	CD004376_exercise_knee_oa	Fransen 2007	17443749	.	no	direct_pubmed_link	The Physical Activity for Osteoarthritis Management (PAFORM) study	Arthritis Care & Research	2007	.	https://pubmed.ncbi.nlm.nih.gov/17443749/	.
after_pilot	Cochrane_reviews/after_pilot/CD004376_exercise_knee_oa.pdf	CD004376_exercise_knee_oa	Gohir 2021	33620447	PMC7903254	yes	direct_pubmed_link	Effectiveness of internet-based exercises aimed at treating knee osteoarthritis: the ibeat-OA randomized clinical trial	JAMA Network Open	2021	10.1001/jamanetworkopen.2021.0012	https://pubmed.ncbi.nlm.nih.gov/33620447/	https://pmc.ncbi.nlm.nih.gov/articles/PMC7903254/
after_pilot	Cochrane_reviews/after_pilot/CD004376_exercise_knee_oa.pdf	CD004376_exercise_knee_oa	Gondhalekar 2013	23641371	PMC3624710	yes	direct_pubmed_link	Retrowalking as an adjunct to conventional treatment versus conventional treatment alone on pain and disability in patients with acute exacerbation of chronic knee osteoarthritis: a randomized clinical trial	North American Journal of Medical Sciences	2013	10.4103/1947-2714.107527	https://pubmed.ncbi.nlm.nih.gov/23641371/	https://pmc.ncbi.nlm.nih.gov/articles/PMC3624710/
after_pilot	Cochrane_reviews/after_pilot/CD004376_exercise_knee_oa.pdf	CD004376_exercise_knee_oa	Guo 2022	34658285	.	no	direct_pubmed_link	Self-administered acupressure and exercise for patients with osteoarthritis: a randomized controlled trial	Clinical Rehabilitation	2022	10.1177/02692155211049155	https://pubmed.ncbi.nlm.nih.gov/34658285/	.
after_pilot	Cochrane_reviews/after_pilot/CD004376_exercise_knee_oa.pdf	CD004376_exercise_knee_oa	Gur 2002	11887109	.	no	direct_pubmed_link	Concentric versus combined concentric-eccentric isokinetic training: effects on functional capacity and symptoms in patients with osteoarthrosis of the knee	Archives of Physical and Medical Rehabilitation	2003	.	https://pubmed.ncbi.nlm.nih.gov/11887109/	.
after_pilot	Cochrane_reviews/after_pilot/CD004376_exercise_knee_oa.pdf	CD004376_exercise_knee_oa	Hay 2006	17056608	PMC1635605	yes	direct_pubmed_link	Effectiveness of community physiotherapy and enhanced pharmacy review for knee pain in people aged over 55 presenting to primary care: pragmatic randomised trial	.	2006	.	https://pubmed.ncbi.nlm.nih.gov/17056608/	https://pmc.ncbi.nlm.nih.gov/articles/PMC1635605/
after_pilot	Cochrane_reviews/after_pilot/CD004376_exercise_knee_oa.pdf	CD004376_exercise_knee_oa	Henriksen 2014	29499289	.	no	direct_pubmed_link	The effects of exercise on synovitis and bone marrow lesions in knee osteoarthritis: secondary outcomes from a randomized controlled trial	Osteoarthritis and Cartilage	2018	.	https://pubmed.ncbi.nlm.nih.gov/29499289/	.
after_pilot	Cochrane_reviews/after_pilot/CD004376_exercise_knee_oa.pdf	CD004376_exercise_knee_oa	Henriksen 2014	33453514	.	no	direct_pubmed_link	The effect of exercise therapy on inflammatory activity assessed by MRI in knee osteoarthritis: secondary outcomes from a randomized controlled trial	Knee	2021	10.1016/j.knee.2020.12.022	https://pubmed.ncbi.nlm.nih.gov/33453514/	.
after_pilot	Cochrane_reviews/after_pilot/CD004376_exercise_knee_oa.pdf	CD004376_exercise_knee_oa	Henriksen 2014	31656173	PMC6815355	yes	direct_pubmed_link	Exercise-induced pain changes associate with changes in muscle perfusion in knee osteoarthritis: exploratory outcome analyses of a randomised controlled trial	BMC Musculoskeletal Disorders	2019	10.1186/s12891-019-2858-8	https://pubmed.ncbi.nlm.nih.gov/31656173/	https://pmc.ncbi.nlm.nih.gov/articles/PMC6815355/
after_pilot	Cochrane_reviews/after_pilot/CD004376_exercise_knee_oa.pdf	CD004376_exercise_knee_oa	Hernandez 2019	31733777	.	no	direct_pubmed_link	Efficacy of core exercises in patients with osteoarthritis of the knee: a randomized controlled clinical trial	Journal of Bodywork and Movement Therapies	2019	10.1016/j.jbmt.2019.06.002	https://pubmed.ncbi.nlm.nih.gov/31733777/	.
after_pilot	Cochrane_reviews/after_pilot/CD004376_exercise_knee_oa.pdf	CD004376_exercise_knee_oa	Hinman 2020	31748198	.	no	direct_pubmed_link	Does telephone-delivered exercise advice and support by physiotherapists improve pain and/or function in people with knee osteoarthritis? Telecare randomised controlled trial	British Journal of Sports Medicine	2020	10.1136/bjsports-2019-101183	https://pubmed.ncbi.nlm.nih.gov/31748198/	.
after_pilot	Cochrane_reviews/after_pilot/CD004376_exercise_knee_oa.pdf	CD004376_exercise_knee_oa	Hinman 2020	28339847	.	no	direct_pubmed_link	Telephone-delivered exercise advice and behavior change support by physical therapists for people with knee osteoarthritis: protocol for the telecare randomized controlled trial	Physical Therapy	2017	10.1093/ptj/pzx021	https://pubmed.ncbi.nlm.nih.gov/28339847/	.
after_pilot	Cochrane_reviews/after_pilot/CD004376_exercise_knee_oa.pdf	CD004376_exercise_knee_oa	Holm 2020	33991370	.	no	direct_pubmed_link	Strength training in addition to neuromuscular exercise and education in individuals with knee osteoarthritis-the effects on pain and sensitization	European Journal of Pain (United Kingdom)	2021	10.1002/ejp.1796	https://pubmed.ncbi.nlm.nih.gov/33991370/	.
after_pilot	Cochrane_reviews/after_pilot/CD004376_exercise_knee_oa.pdf	CD004376_exercise_knee_oa	Holm 2020	32179197	.	no	direct_pubmed_link	Low-dose strength training in addition to neuromuscular exercise and education in patients with knee osteoarthritis in secondary care - a randomized controlled trial	Osteoarthritis and Cartilage	2020	10.1016/j.joca.2020.02.839	https://pubmed.ncbi.nlm.nih.gov/32179197/	.
after_pilot	Cochrane_reviews/after_pilot/CD004376_exercise_knee_oa.pdf	CD004376_exercise_knee_oa	Hopman‐Rock 2000	10955337	.	no	direct_pubmed_link	The effects of a health educational and exercise program for older adults with osteoarthritis of the hip or knee	Journal of Rheumatology	2000	.	https://pubmed.ncbi.nlm.nih.gov/10955337/	.
after_pilot	Cochrane_reviews/after_pilot/CD004376_exercise_knee_oa.pdf	CD004376_exercise_knee_oa	Hsu 2021	34360036	PMC8345675	yes	direct_pubmed_link	Effects of diet control and telemedicine-based resistance exercise intervention on patients with obesity and knee osteoarthritis: a randomized control trial [Effects of diet control and telemedicine-based resistance exercise intervention on patients with obesity and knee osteoarthritis: a randomized control trial]	International Journal of Environmental Research and Public Health	2021	10.3390/ijerph18157744	https://pubmed.ncbi.nlm.nih.gov/34360036/	https://pmc.ncbi.nlm.nih.gov/articles/PMC8345675/
after_pilot	Cochrane_reviews/after_pilot/CD004376_exercise_knee_oa.pdf	CD004376_exercise_knee_oa	Hu 2020	31524502	.	no	direct_pubmed_link	Effects of Taichi exercise on knee and ankle proprioception among individuals with knee osteoarthritis	Research in Sports Medicine (Print)	2020	10.1080/15438627.2019.1663520	https://pubmed.ncbi.nlm.nih.gov/31524502/	.
after_pilot	Cochrane_reviews/after_pilot/CD004376_exercise_knee_oa.pdf	CD004376_exercise_knee_oa	Huang 2003	16084806	.	no	direct_pubmed_link	Use of ultrasound to increase effectiveness of isokinetic exercise for knee osteoarthritis	Archives of Physical and Medical Rehabilitation	2005	.	https://pubmed.ncbi.nlm.nih.gov/16084806/	.
after_pilot	Cochrane_reviews/after_pilot/CD004376_exercise_knee_oa.pdf	CD004376_exercise_knee_oa	Huang 2003	12833248	.	no	direct_pubmed_link	A comparison of various therapeutic exercises on the functional status of patients with knee osteoarthritis	Seminars in Arthritis and Rheumatism	2003	.	https://pubmed.ncbi.nlm.nih.gov/12833248/	.
after_pilot	Cochrane_reviews/after_pilot/CD004376_exercise_knee_oa.pdf	CD004376_exercise_knee_oa	Huang 2005	16342083	.	no	direct_pubmed_link	Preliminary results of integrated therapy for patients with knee osteoarthritis	Arthritis Care & Research	2005	.	https://pubmed.ncbi.nlm.nih.gov/16342083/	.
after_pilot	Cochrane_reviews/after_pilot/CD004376_exercise_knee_oa.pdf	CD004376_exercise_knee_oa	Hurley 2007	21954131	.	no	direct_pubmed_link	Long-term outcomes and costs of an integrated rehabilitation program for chronic knee pain: a pragmatic, cluster randomized, controlled trial	Arthritis Care & Research	2012	.	https://pubmed.ncbi.nlm.nih.gov/21954131/	.
after_pilot	Cochrane_reviews/after_pilot/CD004376_exercise_knee_oa.pdf	CD004376_exercise_knee_oa	Hurley 2007	17907147	PMC2673355	yes	direct_pubmed_link	Clinical effectiveness of a rehabilitation program integrating exercise, self-management, and active coping strategies for chronic knee pain: a cluster randomized trial	Arthritis and Rheumatism	2007	.	https://pubmed.ncbi.nlm.nih.gov/17907147/	https://pmc.ncbi.nlm.nih.gov/articles/PMC2673355/
after_pilot	Cochrane_reviews/after_pilot/CD004376_exercise_knee_oa.pdf	CD004376_exercise_knee_oa	Hurley 2007	17907207	PMC2675012	yes	direct_pubmed_link	Economic evaluation of a rehabilitation program integrating exercise, self-management, and active coping strategies for chronic knee pain	Arthritis and Rheumatism	2007	.	https://pubmed.ncbi.nlm.nih.gov/17907207/	https://pmc.ncbi.nlm.nih.gov/articles/PMC2675012/
after_pilot	Cochrane_reviews/after_pilot/CD004376_exercise_knee_oa.pdf	CD004376_exercise_knee_oa	Imoto 2012	24453599	PMC3718434	yes	direct_pubmed_link	Quadriceps strengthening exercises are effective in improving pain, function and quality of life in patients with osteoarthritis of the knee	Acta Ortopedica Brasileira	2012	10.1590/s1413-78522012000300008	https://pubmed.ncbi.nlm.nih.gov/24453599/	https://pmc.ncbi.nlm.nih.gov/articles/PMC3718434/
after_pilot	Cochrane_reviews/after_pilot/CD004376_exercise_knee_oa.pdf	CD004376_exercise_knee_oa	Jan 2008	18218827	.	no	direct_pubmed_link	Investigation of clinical effects of high- and low-resistance training for patients with knee osteoarthritis: a randomized controlled trial	Physical Therapy	2008	.	https://pubmed.ncbi.nlm.nih.gov/18218827/	.
after_pilot	Cochrane_reviews/after_pilot/CD004376_exercise_knee_oa.pdf	CD004376_exercise_knee_oa	Jan 2008	18357655	.	no	direct_pubmed_link	Efficacy of a target-matching foot-stepping exercise on proprioception and function in patients with knee osteoarthritis	Journal of Orthopaedic and Sports Physical Therapy	2008	.	https://pubmed.ncbi.nlm.nih.gov/18357655/	.
after_pilot	Cochrane_reviews/after_pilot/CD004376_exercise_knee_oa.pdf	CD004376_exercise_knee_oa	Jan 2009	19480863	.	no	direct_pubmed_link	Effects of weight-bearing versus nonweight-bearing exercise on function, walking speed, and position sense in participants with knee osteoarthritis: a randomized controlled trial	Archives of Physical Medicine and Rehabilitation	2009	.	https://pubmed.ncbi.nlm.nih.gov/19480863/	.
after_pilot	Cochrane_reviews/after_pilot/CD004376_exercise_knee_oa.pdf	CD004376_exercise_knee_oa	Janyacharoen 2018	30656170	PMC6323346	yes	direct_pubmed_link	Effects of the applied ancient boxing exercise on leg strength and quality of life in patients with osteoarthritis	Journal of Exercise Rehabilitation	2018	10.12965/jer.1836392.196	https://pubmed.ncbi.nlm.nih.gov/30656170/	https://pmc.ncbi.nlm.nih.gov/articles/PMC6323346/
after_pilot	Cochrane_reviews/after_pilot/CD004376_exercise_knee_oa.pdf	CD004376_exercise_knee_oa	Jenkinson 2009	19690345	PMC2728801	yes	direct_pubmed_link	Effects of dietary intervention and quadriceps strengthening exercises on pain and function in overweight people with knee pain: randomised controlled trial	.	2009	.	https://pubmed.ncbi.nlm.nih.gov/19690345/	https://pmc.ncbi.nlm.nih.gov/articles/PMC2728801/
after_pilot	Cochrane_reviews/after_pilot/CD004376_exercise_knee_oa.pdf	CD004376_exercise_knee_oa	Jorge 2015	24994768	.	no	direct_pubmed_link	Progressive resistance exercise in women with osteoarthritis of the knee: a randomized controlled trial	Clinical Rehabilitation	2015	10.1177/0269215514540920	https://pubmed.ncbi.nlm.nih.gov/24994768/	.
after_pilot	Cochrane_reviews/after_pilot/CD004376_exercise_knee_oa.pdf	CD004376_exercise_knee_oa	Kang 2022	36600975	PMC9806703	yes	direct_pubmed_link	Functional outcomes of Tai Chi exercise prescription in women with knee osteoarthritis	Sports Medicine and Health Science	2022	10.1016/j.smhs.2022.10.001	https://pubmed.ncbi.nlm.nih.gov/36600975/	https://pmc.ncbi.nlm.nih.gov/articles/PMC9806703/
after_pilot	Cochrane_reviews/after_pilot/CD004376_exercise_knee_oa.pdf	CD004376_exercise_knee_oa	Karadag 2019	31436359	.	no	direct_pubmed_link	Application of heat and a home exercise program for pain and function levels in patients with knee osteoarthritis: A randomized controlled trial [Application of heat and a home exercise program for pain and function levels in patients with knee osteoarthritis: a randomized controlled trial]	International Journal of Nursing Practice	2019	10.1111/ijn.12772	https://pubmed.ncbi.nlm.nih.gov/31436359/	.
after_pilot	Cochrane_reviews/after_pilot/CD004376_exercise_knee_oa.pdf	CD004376_exercise_knee_oa	Keefe 2004	15288394	.	no	direct_pubmed_link	Effects of spouse-assisted coping skills training and exercise training in patients with osteoarthritic knee pain: a randomized controlled study	Pain	2004	.	https://pubmed.ncbi.nlm.nih.gov/15288394/	.
after_pilot	Cochrane_reviews/after_pilot/CD004376_exercise_knee_oa.pdf	CD004376_exercise_knee_oa	Kholvadia 2019	36817986	PMC9924591	yes	direct_pubmed_link	Exploring the efficacy of low-level laser therapy and exercise for knee osteoarthritis	South African Journal of Sports Medicine	2019	10.17159/2078-516x/2019/v31i1a6058	https://pubmed.ncbi.nlm.nih.gov/36817986/	https://pmc.ncbi.nlm.nih.gov/articles/PMC9924591/
after_pilot	Cochrane_reviews/after_pilot/CD004376_exercise_knee_oa.pdf	CD004376_exercise_knee_oa	Kilic 2020	32894239	.	no	direct_pubmed_link	The effect of aerobic exercise training on postmenopausal patients with knee osteoarthritis	.	2020	10.3233/bmr-191712	https://pubmed.ncbi.nlm.nih.gov/32894239/	.
after_pilot	Cochrane_reviews/after_pilot/CD004376_exercise_knee_oa.pdf	CD004376_exercise_knee_oa	Kim 2013	23849900	.	no	direct_pubmed_link	Effectiveness of exercise with or without thermal therapy for community-dwelling elderly Japanese women with non-specific knee pain: a randomized controlled trial	Archives of Gerontology and Geriatrics	2013	.	https://pubmed.ncbi.nlm.nih.gov/23849900/	.
after_pilot	Cochrane_reviews/after_pilot/CD004376_exercise_knee_oa.pdf	CD004376_exercise_knee_oa	Kim 2020	32376814	.	no	direct_pubmed_link	Effect of a physical activity promoting program based on the IMB model on obese-metabolic health outcomes among obese older adults with knee osteoarthritis	Journal of Korean Academy of Nursing	2020	10.4040/jkan.2020.50.2.271	https://pubmed.ncbi.nlm.nih.gov/32376814/	.
after_pilot	Cochrane_reviews/after_pilot/CD004376_exercise_knee_oa.pdf	CD004376_exercise_knee_oa	Knoop 2013	23721797	.	no	direct_pubmed_link	Knee joint stabilization therapy in patients with osteoarthritis of the knee: a randomized, controlled trial	Osteoarthritis and Cartilage	2013	.	https://pubmed.ncbi.nlm.nih.gov/23721797/	.
after_pilot	Cochrane_reviews/after_pilot/CD004376_exercise_knee_oa.pdf	CD004376_exercise_knee_oa	Knoop 2013	25280604	.	no	direct_pubmed_link	Improvement in upper leg muscle strength underlies beneficial effects of exercise therapy in knee osteoarthritis: Secondary analysis from a randomised controlled trial [Improvement in upper leg muscle strength underlies beneficial effects of exercise therapy in knee osteoarthritis: secondary analysis from a randomised controlled trial]	Physiotherapy (United Kingdom)	2015	10.1016/j.physio.2014.06.002	https://pubmed.ncbi.nlm.nih.gov/25280604/	.
after_pilot	Cochrane_reviews/after_pilot/CD004376_exercise_knee_oa.pdf	CD004376_exercise_knee_oa	Kovar 1992	1543305	.	no	direct_pubmed_link	Supervised fitness walking in patients with osteoarthritis of the knee	Annals of Internal Medicine	1992	.	https://pubmed.ncbi.nlm.nih.gov/1543305/	.
after_pilot	Cochrane_reviews/after_pilot/CD004376_exercise_knee_oa.pdf	CD004376_exercise_knee_oa	Kuntz 2018	29664955	PMC5903657	yes	direct_pubmed_link	Efficacy of a biomechanically-based yoga exercise program in knee osteoarthritis: a randomized controlled trial	PloS One	2018	10.1371/journal.pone.0195653	https://pubmed.ncbi.nlm.nih.gov/29664955/	https://pmc.ncbi.nlm.nih.gov/articles/PMC5903657/
after_pilot	Cochrane_reviews/after_pilot/CD004376_exercise_knee_oa.pdf	CD004376_exercise_knee_oa	Lai 2021	28931439	PMC5607567	yes	direct_pubmed_link	Effects of whole body vibration exercise on neuromuscular function for individuals with knee osteoarthritis	.	2016	.	https://pubmed.ncbi.nlm.nih.gov/28931439/	https://pmc.ncbi.nlm.nih.gov/articles/PMC5607567/
after_pilot	Cochrane_reviews/after_pilot/CD004376_exercise_knee_oa.pdf	CD004376_exercise_knee_oa	Lai 2021	33680003	PMC7895843	yes	direct_pubmed_link	Comparison of whole-body vibration training and quadriceps strength training on physical function and neuromuscular function of individuals with knee osteoarthritis: a randomised clinical trial	Journal of Exercise Science and Fitness	2021	10.1016/j.jesf.2021.01.003	https://pubmed.ncbi.nlm.nih.gov/33680003/	https://pmc.ncbi.nlm.nih.gov/articles/PMC7895843/
after_pilot	Cochrane_reviews/after_pilot/CD004376_exercise_knee_oa.pdf	CD004376_exercise_knee_oa	Lee 2009	19389743	.	no	direct_pubmed_link	Tai Chi Qigong for the quality of life of patients with knee osteoarthritis: a pilot, randomized, waiting list controlled trial	Clinical Rehabilitation	2009	.	https://pubmed.ncbi.nlm.nih.gov/19389743/	.
after_pilot	Cochrane_reviews/after_pilot/CD004376_exercise_knee_oa.pdf	CD004376_exercise_knee_oa	Lee 2023	37699531	.	no	direct_pubmed_link	Home-based remote rehabilitation leads to superior outcomes for older women with knee osteoarthritis: a randomized controlled trial	Journal of the American Medical Directors Association	2023	10.1016/j.jamda.2023.08.013	https://pubmed.ncbi.nlm.nih.gov/37699531/	.
after_pilot	Cochrane_reviews/after_pilot/CD004376_exercise_knee_oa.pdf	CD004376_exercise_knee_oa	Li 2020	32618578	PMC7367519	yes	direct_pubmed_link	Effects of a 12-week multifaceted wearable-based program for people with knee osteoarthritis: randomized controlled trial	JMIR MHealth and UHealth	2020	10.2196/19116	https://pubmed.ncbi.nlm.nih.gov/32618578/	https://pmc.ncbi.nlm.nih.gov/articles/PMC7367519/
after_pilot	Cochrane_reviews/after_pilot/CD004376_exercise_knee_oa.pdf	CD004376_exercise_knee_oa	Lim 2008	29427725	.	no	direct_pubmed_link	Knee extensor strength gains mediate symptom improvement in knee osteoarthritis: secondary analysis of a randomised controlled trial	Osteoarthritis and Cartilage	2018	10.1016/j.joca.2018.01.018	https://pubmed.ncbi.nlm.nih.gov/29427725/	.
after_pilot	Cochrane_reviews/after_pilot/CD004376_exercise_knee_oa.pdf	CD004376_exercise_knee_oa	Lim 2008	28068520	.	no	direct_pubmed_link	Impact loading following quadriceps strength training in individuals with medial knee osteoarthritis and varus alignment	Clinical Biomechanics (Bristol, Avon)	2017	10.1016/j.clinbiomech.2017.01.002	https://pubmed.ncbi.nlm.nih.gov/28068520/	.
after_pilot	Cochrane_reviews/after_pilot/CD004376_exercise_knee_oa.pdf	CD004376_exercise_knee_oa	Lim 2008	18576289	.	no	direct_pubmed_link	Does knee malalignment mediate the effects of quadriceps strengthening on knee adduction moment, pain, and function in medial knee osteoarthritis? A randomized controlled trial	Arthritis Care & Research	2008	.	https://pubmed.ncbi.nlm.nih.gov/18576289/	.
after_pilot	Cochrane_reviews/after_pilot/CD004376_exercise_knee_oa.pdf	CD004376_exercise_knee_oa	Lin 2009	19531879	.	no	direct_pubmed_link	Efficacy of 2 non-weight-bearing interventions, proprioception training versus strength training, for patients with knee osteoarthritis: a randomized clinical trial	Journal of Orthopaedic and Sports Physical Therapy	2009	.	https://pubmed.ncbi.nlm.nih.gov/19531879/	.
after_pilot	Cochrane_reviews/after_pilot/CD004376_exercise_knee_oa.pdf	CD004376_exercise_knee_oa	Lin 2009	16786252	.	no	direct_pubmed_link	Comparison of proprioceptive functions between computerized proprioception facilitation exercise and closed kinetic chain exercise in patients with knee osteoarthritis	Clinical Rheumatology	2007	.	https://pubmed.ncbi.nlm.nih.gov/16786252/	.
after_pilot	Cochrane_reviews/after_pilot/CD004376_exercise_knee_oa.pdf	CD004376_exercise_knee_oa	Liu 2019	31395306	.	no	direct_pubmed_link	Modulatory effects of different exercise modalities on the functional connectivity of the periaqueductal grey and ventral tegmental area in patients with knee osteoarthritis: a randomised multimodal magnetic resonance imaging study	British Journal of Anaesthesia	2019	10.1016/j.bja.2019.06.017	https://pubmed.ncbi.nlm.nih.gov/31395306/	.
after_pilot	Cochrane_reviews/after_pilot/CD004376_exercise_knee_oa.pdf	CD004376_exercise_knee_oa	Lu 2017	28449910	.	no	direct_pubmed_link	Effect of Tai Ji Quan training on self-reported sleep quality in elderly Chinese women with knee osteoarthritis: a randomized controlled trail	Sleep Medicine	2017	10.1016/j.sleep.2016.12.024	https://pubmed.ncbi.nlm.nih.gov/28449910/	.
after_pilot	Cochrane_reviews/after_pilot/CD004376_exercise_knee_oa.pdf	CD004376_exercise_knee_oa	Lund 2008	18509579	.	no	direct_pubmed_link	A randomized controlled trial of aquatic and land-based exercise in patients with knee osteoarthritis	Journal of Rehabilitation Medicine	2008	.	https://pubmed.ncbi.nlm.nih.gov/18509579/	.
after_pilot	Cochrane_reviews/after_pilot/CD004376_exercise_knee_oa.pdf	CD004376_exercise_knee_oa	Marconcin 2018	28714343	.	no	direct_pubmed_link	A randomized controlled trial of a combined self-management and exercise intervention for elderly people with osteoarthritis of the knee: the PLE 2 NO program	Clinical Rehabilitation	2018	10.1177/0269215517718892	https://pubmed.ncbi.nlm.nih.gov/28714343/	.
after_pilot	Cochrane_reviews/after_pilot/CD004376_exercise_knee_oa.pdf	CD004376_exercise_knee_oa	Marconcin 2018	27267755	PMC4896008	yes	direct_pubmed_link	The PLE2NO self-management and exercise program for knee osteoarthritis: study protocol for a randomized controlled trial	BMC Musculoskeletal Disorders	2016	10.1186/s12891-016-1115-7	https://pubmed.ncbi.nlm.nih.gov/27267755/	https://pmc.ncbi.nlm.nih.gov/articles/PMC4896008/
after_pilot	Cochrane_reviews/after_pilot/CD004376_exercise_knee_oa.pdf	CD004376_exercise_knee_oa	Marconcin 2018	34077602	.	no	direct_pubmed_link	The effectiveness of a randomised clinical trial of PLE2 NO self-management and exercise programme for knee osteoarthritis to improve self-efficacy	Musculoskeletal Care	2022	10.1002/msc.1573	https://pubmed.ncbi.nlm.nih.gov/34077602/	.
after_pilot	Cochrane_reviews/after_pilot/CD004376_exercise_knee_oa.pdf	CD004376_exercise_knee_oa	Maurer 1999	10527090	.	no	direct_pubmed_link	Osteoarthritis of the knee: isokinetic quadriceps exercise versus an educational intervention	Archives of Physical Medicine and Rehabilitation	1999	.	https://pubmed.ncbi.nlm.nih.gov/10527090/	.
after_pilot	Cochrane_reviews/after_pilot/CD004376_exercise_knee_oa.pdf	CD004376_exercise_knee_oa	Mazloum 2018	29108873	.	no	direct_pubmed_link	The comparison of the effectiveness of conventional therapeutic exercises and Pilates on pain and function in patients with knee osteoarthritis	Complementary Therapies in Clinical Practice	2018	10.1016/j.ctcp.2017.10.008	https://pubmed.ncbi.nlm.nih.gov/29108873/	.
after_pilot	Cochrane_reviews/after_pilot/CD004376_exercise_knee_oa.pdf	CD004376_exercise_knee_oa	Mehwish 2023	37051976	.	no	direct_pubmed_link	Effect of hip joint mobilisations and strength training on pain, physical function and dynamic balance in patients with knee osteoarthritis: a randomized controlled trial	Journal of Pakistan Medical Association	2023	10.47391/jpma.6223	https://pubmed.ncbi.nlm.nih.gov/37051976/	.
after_pilot	Cochrane_reviews/after_pilot/CD004376_exercise_knee_oa.pdf	CD004376_exercise_knee_oa	Messier 2004	15146420	.	no	direct_pubmed_link	Exercise and dietary weight loss in overweight and obese older adults with knee osteoarthritis	Arthritis and Rheumatism	2004	.	https://pubmed.ncbi.nlm.nih.gov/15146420/	.
after_pilot	Cochrane_reviews/after_pilot/CD004376_exercise_knee_oa.pdf	CD004376_exercise_knee_oa	Messier 2004	22323353	.	no	direct_pubmed_link	Basal growth hormone concentration increased following a weight loss focused dietary intervention in older overweight and obese women	Journal of Nutrition, Health & Aging	2012	.	https://pubmed.ncbi.nlm.nih.gov/22323353/	.
after_pilot	Cochrane_reviews/after_pilot/CD004376_exercise_knee_oa.pdf	CD004376_exercise_knee_oa	Messier 2004	15051595	.	no	direct_pubmed_link	Diet-induced weight loss, exercise, and chronic inflammation in older, obese adults: a randomized controlled clinical trial	American Journal of Clinical Nutrition	2004	.	https://pubmed.ncbi.nlm.nih.gov/15051595/	.
after_pilot	Cochrane_reviews/after_pilot/CD004376_exercise_knee_oa.pdf	CD004376_exercise_knee_oa	Messier 2004	19461553	.	no	direct_pubmed_link	Cost-effectiveness of exercise and diet in overweight and obese adults with knee osteoarthritis	Medicine and Science in Sports and Exercise	2009	.	https://pubmed.ncbi.nlm.nih.gov/19461553/	.
after_pilot	Cochrane_reviews/after_pilot/CD004376_exercise_knee_oa.pdf	CD004376_exercise_knee_oa	Messier 2013	28756278	PMC5650925	yes	direct_pubmed_link	Effects of dietary weight loss with and without exercise on fibrosis biomarkers in adults with knee osteoarthritis	Osteoarthritis and Cartilage	2021	10.1016/j.joca.2021.02.220	https://pubmed.ncbi.nlm.nih.gov/28756278/	https://pmc.ncbi.nlm.nih.gov/articles/PMC5650925/
after_pilot	Cochrane_reviews/after_pilot/CD004376_exercise_knee_oa.pdf	CD004376_exercise_knee_oa	Messier 2013	25450847	PMC4304884	yes	direct_pubmed_link	Effects of total and regional fat loss on plasma CRP and IL-6 in overweight and obese, older adults with knee osteoarthritis	Osteoarthritis and Cartilage	2015	10.1016/j.joca.2014.11.005	https://pubmed.ncbi.nlm.nih.gov/25450847/	https://pmc.ncbi.nlm.nih.gov/articles/PMC4304884/
after_pilot	Cochrane_reviews/after_pilot/CD004376_exercise_knee_oa.pdf	CD004376_exercise_knee_oa	Messier 2013	31732174	PMC6949016	yes	direct_pubmed_link	The effects of intensive dietary weight loss and exercise on gait in overweight and obese adults with knee osteoarthritis	Journal of Biomechanics	2019	10.1016/j.jbiomech.2019.109477	https://pubmed.ncbi.nlm.nih.gov/31732174/	https://pmc.ncbi.nlm.nih.gov/articles/PMC6949016/
after_pilot	Cochrane_reviews/after_pilot/CD004376_exercise_knee_oa.pdf	CD004376_exercise_knee_oa	Messier 2021	25887362	PMC9178604	yes	direct_pubmed_link	The Intensive Diet and Exercise for Arthritis (IDEA) trial: 18-month radiographic and MRI outcomes	Osteoarthritis and Cartilage	2015	10.1016/j.joca.2015.03.034	https://pubmed.ncbi.nlm.nih.gov/25887362/	https://pmc.ncbi.nlm.nih.gov/articles/PMC9178604/
after_pilot	Cochrane_reviews/after_pilot/CD004376_exercise_knee_oa.pdf	CD004376_exercise_knee_oa	Messier 2021	33591346	PMC7887656	yes	direct_pubmed_link	Effect of high-intensity strength training on knee pain and knee joint compressive forces among adults with knee osteoarthritis: the START randomized clinical trial	JAMA - Journal of the American Medical Association	2021	10.1001/jama.2021.0411	https://pubmed.ncbi.nlm.nih.gov/33591346/	https://pmc.ncbi.nlm.nih.gov/articles/PMC7887656/
after_pilot	Cochrane_reviews/after_pilot/CD004376_exercise_knee_oa.pdf	CD004376_exercise_knee_oa	Messier 2021	23855596	PMC3722013	yes	direct_pubmed_link	Strength training for arthritis trial (START): design and rationale	BMC Musculoskeletal Disorders	2013	.	https://pubmed.ncbi.nlm.nih.gov/23855596/	https://pmc.ncbi.nlm.nih.gov/articles/PMC3722013/
after_pilot	Cochrane_reviews/after_pilot/CD004376_exercise_knee_oa.pdf	CD004376_exercise_knee_oa	Mete 2022	35470534	.	no	direct_pubmed_link	The efficacy of exergaming in patients with knee osteoarthritis: A randomized controlled clinical trial	Physiotherapy Research International	2022	10.1002/pri.1952	https://pubmed.ncbi.nlm.nih.gov/35470534/	.
after_pilot	Cochrane_reviews/after_pilot/CD004376_exercise_knee_oa.pdf	CD004376_exercise_knee_oa	Multanen 2014	25668399	.	no	direct_pubmed_link	Effects of exercise on patellar cartilage in women with mild knee osteoarthritis	Medicine and Science in Sports and Exercise	2015	10.1249/mss.0000000000000629	https://pubmed.ncbi.nlm.nih.gov/25668399/	.
after_pilot	Cochrane_reviews/after_pilot/CD004376_exercise_knee_oa.pdf	CD004376_exercise_knee_oa	Multanen 2014	23775755	.	no	direct_pubmed_link	High-impact bone exercise does not have controversial effects on articular cartilage: a randomized controlled quantitative MRI study	Conference	2012	.	https://pubmed.ncbi.nlm.nih.gov/23775755/	.
after_pilot	Cochrane_reviews/after_pilot/CD004376_exercise_knee_oa.pdf	CD004376_exercise_knee_oa	Nelligan 2021	33843948	PMC8042569	yes	direct_pubmed_link	Effects of self-directed web-based strengthening exercise and physical activity supported by automated sms on pain and function in people with knee osteoarthritis: A randomised controlled trial	Internal Medicine Journal	2021	10.1111/imj.15302	https://pubmed.ncbi.nlm.nih.gov/33843948/	https://pmc.ncbi.nlm.nih.gov/articles/PMC8042569/
after_pilot	Cochrane_reviews/after_pilot/CD004376_exercise_knee_oa.pdf	CD004376_exercise_knee_oa	Nelligan 2021	31351449	PMC6661079	yes	direct_pubmed_link	Effectiveness of internet-delivered education and home exercise supported by behaviour change SMS on pain and function for people with knee osteoarthritis: a randomised controlled trial protocol	BMC Musculoskeletal Disorders	2019	10.1186/s12891-019-2714-x	https://pubmed.ncbi.nlm.nih.gov/31351449/	https://pmc.ncbi.nlm.nih.gov/articles/PMC6661079/
after_pilot	Cochrane_reviews/after_pilot/CD004376_exercise_knee_oa.pdf	CD004376_exercise_knee_oa	Nelligan 2021	34714252	PMC8590189	yes	direct_pubmed_link	Moderators of the effect of a self-directed digitally delivered exercise program for people with knee osteoarthritis: exploratory analysis of a randomized controlled trial	Journal of Medical Internet Research	2021	10.2196/30768	https://pubmed.ncbi.nlm.nih.gov/34714252/	https://pmc.ncbi.nlm.nih.gov/articles/PMC8590189/
after_pilot	Cochrane_reviews/after_pilot/CD004376_exercise_knee_oa.pdf	CD004376_exercise_knee_oa	O'Reilly 1999	10343535	PMC1752761	yes	direct_pubmed_link	Effectiveness of home exercise on pain and disability from osteoarthritis of the knee: a randomised controlled trial	Annals of the Rheumatic Diseases	1999	.	https://pubmed.ncbi.nlm.nih.gov/10343535/	https://pmc.ncbi.nlm.nih.gov/articles/PMC1752761/
after_pilot	Cochrane_reviews/after_pilot/CD004376_exercise_knee_oa.pdf	CD004376_exercise_knee_oa	Oh 2020	32020485	.	no	direct_pubmed_link	Effects of rural community-based integrated exercise and health education programs on the mobility function of older adults with knee osteoarthritis	.	2021	10.1007/s40520-020-01474-7	https://pubmed.ncbi.nlm.nih.gov/32020485/	.
after_pilot	Cochrane_reviews/after_pilot/CD004376_exercise_knee_oa.pdf	CD004376_exercise_knee_oa	Ozlu 2023	36603100	.	no	direct_pubmed_link	The effect of a virtual reality-mediated gamified rehabilitation program on pain, disability, function, and balance in knee osteoarthritis: a prospective randomized controlled study	Games for Health Journal	2023	10.1089/g4h.2022.0130	https://pubmed.ncbi.nlm.nih.gov/36603100/	.
after_pilot	Cochrane_reviews/after_pilot/CD004376_exercise_knee_oa.pdf	CD004376_exercise_knee_oa	Pazit 2018	28821271	PMC5563024	yes	direct_pubmed_link	High speed resistance training and balance training for people with knee osteoarthritis to reduce falls risk	.	2016	.	https://pubmed.ncbi.nlm.nih.gov/28821271/	https://pmc.ncbi.nlm.nih.gov/articles/PMC5563024/
after_pilot	Cochrane_reviews/after_pilot/CD004376_exercise_knee_oa.pdf	CD004376_exercise_knee_oa	Pazit 2018	30317013	.	no	direct_pubmed_link	Safety and feasibility of high speed resistance training with and without balance exercises for knee osteoarthritis: A pilot randomised controlled trial	Physical Therapy in Sport	2018	10.1016/j.ptsp.2018.10.001	https://pubmed.ncbi.nlm.nih.gov/30317013/	.
after_pilot	Cochrane_reviews/after_pilot/CD004376_exercise_knee_oa.pdf	CD004376_exercise_knee_oa	Peloquin 1999	19078371	.	no	direct_pubmed_link	Effects of a cross-training exercise program in persons with osteoarthritis of the knee	Journal of Clinical Rheumatology	1999	.	https://pubmed.ncbi.nlm.nih.gov/19078371/	.
after_pilot	Cochrane_reviews/after_pilot/CD004376_exercise_knee_oa.pdf	CD004376_exercise_knee_oa	Qiu 2023	37996958	PMC10668394	yes	direct_pubmed_link	Effect of adding hip exercises to general rehabilitation treatment of knee osteoarthritis on patients' physical functions: a randomized clinical trial	BMC Sports Science, Medicine and Rehabilitation	2023	10.1186/s13102-023-00772-7	https://pubmed.ncbi.nlm.nih.gov/37996958/	https://pmc.ncbi.nlm.nih.gov/articles/PMC10668394/
after_pilot	Cochrane_reviews/after_pilot/CD004376_exercise_knee_oa.pdf	CD004376_exercise_knee_oa	Rafiq 2021a	34408430	PMC8364840	yes	direct_pubmed_link	Effect of progressive resistance strength training on body mass index, quality of life and functional capacity in knee osteoarthritis: A randomized controlled trial	Journal of Multidisciplinary Healthcare	2021	10.2147/jmdh.s317896	https://pubmed.ncbi.nlm.nih.gov/34408430/	https://pmc.ncbi.nlm.nih.gov/articles/PMC8364840/
after_pilot	Cochrane_reviews/after_pilot/CD004376_exercise_knee_oa.pdf	CD004376_exercise_knee_oa	Rafiq 2021b	34689837	.	no	direct_pubmed_link	The effect of rehabilitation protocol using mobile health in overweight and obese patients with knee osteoarthritis: a clinical trial	Advances in Rheumatology	2021	10.1186/s42358-021-00221-4	https://pubmed.ncbi.nlm.nih.gov/34689837/	.
after_pilot	Cochrane_reviews/after_pilot/CD004376_exercise_knee_oa.pdf	CD004376_exercise_knee_oa	Rafiq 2021c	34975349	PMC8716196	yes	direct_pubmed_link	Short-term effects of strengthening exercises of the lower limb rehabilitation protocol on pain, stiffness, physical function, and body mass index among knee osteoarthritis participants who were overweight or obese: a clinical trial	Scientific World Journal	2021	10.1155/2021/6672274	https://pubmed.ncbi.nlm.nih.gov/34975349/	https://pmc.ncbi.nlm.nih.gov/articles/PMC8716196/
after_pilot	Cochrane_reviews/after_pilot/CD004376_exercise_knee_oa.pdf	CD004376_exercise_knee_oa	Rakhshani 2022	36993038	PMC10041283	yes	direct_pubmed_link	Effect of proximal exercises of lower extremity on static balance parameters during quiet standing	Journal of Family Medicine and Primary Care	2022	10.4103/jfmpc.jfmpc_362_22	https://pubmed.ncbi.nlm.nih.gov/36993038/	https://pmc.ncbi.nlm.nih.gov/articles/PMC10041283/
after_pilot	Cochrane_reviews/after_pilot/CD004376_exercise_knee_oa.pdf	CD004376_exercise_knee_oa	Rego 2023	36775508	.	no	direct_pubmed_link	Effects of mat pilates on older adult women with knee osteoarthritis: a randomized controlled trial	Journal of Bodywork and Movement Therapies	2023	10.1016/j.jbmt.2022.02.007	https://pubmed.ncbi.nlm.nih.gov/36775508/	.
after_pilot	Cochrane_reviews/after_pilot/CD004376_exercise_knee_oa.pdf	CD004376_exercise_knee_oa	Robbins 2022	26369333	PMC4570668	yes	direct_pubmed_link	Effect of low-level laser therapy (904 nm) and static stretching in patients with knee osteoarthritis: a protocol of randomised controlled trial	BMC Musculoskeletal Disorders	2015	10.1186/s12891-015-0709-9	https://pubmed.ncbi.nlm.nih.gov/26369333/	https://pmc.ncbi.nlm.nih.gov/articles/PMC4570668/
after_pilot	Cochrane_reviews/after_pilot/CD004376_exercise_knee_oa.pdf	CD004376_exercise_knee_oa	Robbins 2022	34714175	.	no	direct_pubmed_link	Low-level laser therapy and static stretching exercises for patients with knee osteoarthritis: a randomised controlled trial	Clinical Rehabilitation	2022	10.1177/02692155211047017	https://pubmed.ncbi.nlm.nih.gov/34714175/	.
after_pilot	Cochrane_reviews/after_pilot/CD004376_exercise_knee_oa.pdf	CD004376_exercise_knee_oa	Rogind 1998	9821904	.	no	direct_pubmed_link	The effects of a physical training program on patients with osteoarthritis of the knees	Archives of Physical Medicine and Rehabilitation	1998	.	https://pubmed.ncbi.nlm.nih.gov/9821904/	.
after_pilot	Cochrane_reviews/after_pilot/CD004376_exercise_knee_oa.pdf	CD004376_exercise_knee_oa	Rosedale 2014	24450370	.	no	direct_pubmed_link	Efficacy of exercise intervention as determined by the McKenzie System of Mechanical Diagnosis and Therapy for knee osteoarthritis: a randomized controlled trial	Journal of Orthopaedic and Sports Physical Therapy	2014	10.2519/jospt.2014.4791	https://pubmed.ncbi.nlm.nih.gov/24450370/	.
after_pilot	Cochrane_reviews/after_pilot/CD004376_exercise_knee_oa.pdf	CD004376_exercise_knee_oa	Sadeghi 2023	37520861	PMC10379804	yes	direct_pubmed_link	Effectiveness of muscle strengthening exercises on the clinical outcomes of patients with knee osteoarthritis: a randomized four-arm controlled trial	Caspian Journal of Internal Medicine	2023	10.22088/cjim.14.3.433	https://pubmed.ncbi.nlm.nih.gov/37520861/	https://pmc.ncbi.nlm.nih.gov/articles/PMC10379804/
after_pilot	Cochrane_reviews/after_pilot/CD004376_exercise_knee_oa.pdf	CD004376_exercise_knee_oa	Salacinski 2012	22951360	.	no	direct_pubmed_link	The effects of group cycling on gait and pain-related disability in individuals with mild-to-moderate knee osteoarthritis: a randomized controlled trial	Journal of Orthopaedic and Sports Physical Therapy	2012	.	https://pubmed.ncbi.nlm.nih.gov/22951360/	.
after_pilot	Cochrane_reviews/after_pilot/CD004376_exercise_knee_oa.pdf	CD004376_exercise_knee_oa	Samut 2015	25849853	.	no	direct_pubmed_link	The effect of isokinetic and aerobic exercises on serum interleukin-6 and tumor necrosis factor alpha levels, pain, and functional activity in patients with knee osteoarthritis	Modern Rheumatology	2015	10.3109/14397595.2015.1038425	https://pubmed.ncbi.nlm.nih.gov/25849853/	.
after_pilot	Cochrane_reviews/after_pilot/CD004376_exercise_knee_oa.pdf	CD004376_exercise_knee_oa	Santana 2022	35612617	.	no	direct_pubmed_link	Comparison between exercise therapy and non-hydrolyzed collagen (UC-II) in functionality and quality of life in women with knee osteoarthritis: A randomized controlled clinical trial	Wiener Klinische Wochenschrift	2022	10.1007/s00508-022-02037-8	https://pubmed.ncbi.nlm.nih.gov/35612617/	.
after_pilot	Cochrane_reviews/after_pilot/CD004376_exercise_knee_oa.pdf	CD004376_exercise_knee_oa	Schilke 1996	8604366	.	no	direct_pubmed_link	Effects of muscle-strength training on the functional status of patients with osteoarthritis of the knee joint	Nursing Research	1996	.	https://pubmed.ncbi.nlm.nih.gov/8604366/	.
after_pilot	Cochrane_reviews/after_pilot/CD004376_exercise_knee_oa.pdf	CD004376_exercise_knee_oa	Schlenk 2020	32887850	PMC8450018	yes	direct_pubmed_link	Promoting physical activity in older adults with knee osteoarthritis and hypertension: a randomized controlled trial	Journal of Aging and Physical Activity	2020	10.1123/japa.2019-0498	https://pubmed.ncbi.nlm.nih.gov/32887850/	https://pmc.ncbi.nlm.nih.gov/articles/PMC8450018/
after_pilot	Cochrane_reviews/after_pilot/CD004376_exercise_knee_oa.pdf	CD004376_exercise_knee_oa	Sedaghatnezhad 2021	31868024	.	no	direct_pubmed_link	Uphill treadmill walking plus physical therapy versus physical therapy alone in the management of individuals with knee osteoarthritis: a randomized clinical trial	Disability and Rehabilitation	2021	10.1080/09638288.2019.1703146	https://pubmed.ncbi.nlm.nih.gov/31868024/	.
after_pilot	Cochrane_reviews/after_pilot/CD004376_exercise_knee_oa.pdf	CD004376_exercise_knee_oa	Sekir 2005	24501572	PMC3899676	yes	direct_pubmed_link	A multi-station proprioceptive exercise program in patients with bilateral knee osteoarthrosis: functional capacity, pain and sensoriomotor function	Journal of Sports Science & Medicine	2005	.	https://pubmed.ncbi.nlm.nih.gov/24501572/	https://pmc.ncbi.nlm.nih.gov/articles/PMC3899676/
after_pilot	Cochrane_reviews/after_pilot/CD004376_exercise_knee_oa.pdf	CD004376_exercise_knee_oa	Shen 2022	34686629	.	no	direct_pubmed_link	Proprioceptive neuromuscular facilitation improves symptoms among older adults with knee osteoarthritis during stair ascending: a randomized controlled trial	American Journal of Physical Medicine & Rehabilitation	2022	10.1097/phm.0000000000001906	https://pubmed.ncbi.nlm.nih.gov/34686629/	.
after_pilot	Cochrane_reviews/after_pilot/CD004376_exercise_knee_oa.pdf	CD004376_exercise_knee_oa	Shin 2017	29326901	PMC5747204	yes	direct_pubmed_link	Short-term effects of Theracurmin dose and exercise type on pain, walking ability, and muscle function in patients with knee osteoarthritis	Journal of Exercise Rehabilitation	2017	10.12965/jer.1735064.532	https://pubmed.ncbi.nlm.nih.gov/29326901/	https://pmc.ncbi.nlm.nih.gov/articles/PMC5747204/
after_pilot	Cochrane_reviews/after_pilot/CD004376_exercise_knee_oa.pdf	CD004376_exercise_knee_oa	Simao 2012	22546535	.	no	direct_pubmed_link	Functional performance and inflammatory cytokines after squat exercises and whole-body vibration in elderly individuals with knee osteoarthritis	Archives of Physical Medicine and Rehabilitation	2012	.	https://pubmed.ncbi.nlm.nih.gov/22546535/	.
after_pilot	Cochrane_reviews/after_pilot/CD004376_exercise_knee_oa.pdf	CD004376_exercise_knee_oa	Song 2003	12966613	.	no	direct_pubmed_link	Effects of Tai Chi exercise on pain, balance, muscle strength, and perceived difficulties in physical functioning in older women with osteoarthritis: a randomized clinical trial	Journal of Rheumatology	2003	.	https://pubmed.ncbi.nlm.nih.gov/12966613/	.
after_pilot	Cochrane_reviews/after_pilot/CD004376_exercise_knee_oa.pdf	CD004376_exercise_knee_oa	Song 2020	32407583	.	no	direct_pubmed_link	Proprioceptive neuromuscular facilitation improves pain and descending mechanics among elderly with knee osteoarthritis	Scandinavian Journal of Medicine & Science in Sports	2020	10.1111/sms.13709	https://pubmed.ncbi.nlm.nih.gov/32407583/	.
after_pilot	Cochrane_reviews/after_pilot/CD004376_exercise_knee_oa.pdf	CD004376_exercise_knee_oa	Takacs 2017	28279661	.	no	direct_pubmed_link	Dynamic balance training improves physical function in individuals with knee osteoarthritis: a pilot randomized controlled trial	Archives of Physical Medicine and Rehabilitation	2017	10.1016/j.apmr.2017.01.029	https://pubmed.ncbi.nlm.nih.gov/28279661/	.
after_pilot	Cochrane_reviews/after_pilot/CD004376_exercise_knee_oa.pdf	CD004376_exercise_knee_oa	Talbot 2003	12588583	.	no	direct_pubmed_link	A home-based pedometer-driven walking program to increase physical activity in older adults with osteoarthritis of the knee: a preliminary study	Journal of the American Geriatric Society	2003	.	https://pubmed.ncbi.nlm.nih.gov/12588583/	.
after_pilot	Cochrane_reviews/after_pilot/CD004376_exercise_knee_oa.pdf	CD004376_exercise_knee_oa	Thomas 2002	12364304	PMC128377	yes	direct_pubmed_link	Home based exercise programme for knee pain and knee osteoarthritis: randomised controlled trial	BMJ (Clinical Research Ed)	2002	.	https://pubmed.ncbi.nlm.nih.gov/12364304/	https://pmc.ncbi.nlm.nih.gov/articles/PMC128377/
after_pilot	Cochrane_reviews/after_pilot/CD004376_exercise_knee_oa.pdf	CD004376_exercise_knee_oa	Thorstensson 2005	15924620	PMC1187893	yes	direct_pubmed_link	Six-week high-intensity exercise program for middle-aged patients with knee osteoarthritis: a randomized controlled trial	BMC Musculoskeletal Disorders	2005	.	https://pubmed.ncbi.nlm.nih.gov/15924620/	https://pmc.ncbi.nlm.nih.gov/articles/PMC1187893/
after_pilot	Cochrane_reviews/after_pilot/CD004376_exercise_knee_oa.pdf	CD004376_exercise_knee_oa	Topp 2002	12235596	.	no	direct_pubmed_link	The effect of dynamic versus isometric resistance training on pain and functioning among adults with osteoarthritis of the knee	Archives of Physical and Medical Rehabilitation	2002	.	https://pubmed.ncbi.nlm.nih.gov/12235596/	.
after_pilot	Cochrane_reviews/after_pilot/CD004376_exercise_knee_oa.pdf	CD004376_exercise_knee_oa	Tsai 2013	26275650	PMC4725717	yes	direct_pubmed_link	A supplemental report to a randomized cluster trial of a 20-week Sun-style Tai Chi for osteoarthritic knee pain in elders with cognitive impairment	Complementary Therapies in Medicine	2015	10.1016/j.ctim.2015.06.001	https://pubmed.ncbi.nlm.nih.gov/26275650/	https://pmc.ncbi.nlm.nih.gov/articles/PMC4725717/
after_pilot	Cochrane_reviews/after_pilot/CD004376_exercise_knee_oa.pdf	CD004376_exercise_knee_oa	Tsai 2013	23017610	PMC3543500	yes	direct_pubmed_link	A pilot cluster-randomized trial of a 20-week Tai Chi program in elders with cognitive impairment and osteoarthritic knee: effects on pain and other health outcomes	Journal of Pain and Symptom Management	2013	10.1016/j.jpainsymman.2012.04.009	https://pubmed.ncbi.nlm.nih.gov/23017610/	https://pmc.ncbi.nlm.nih.gov/articles/PMC3543500/
after_pilot	Cochrane_reviews/after_pilot/CD004376_exercise_knee_oa.pdf	CD004376_exercise_knee_oa	Van Baar 1998	11709454	PMC1753453	yes	direct_pubmed_link	Effectiveness of exercise in patients with osteoarthritis of hip or knee: nine months' follow up	Annals of the Rheumatic Diseases	2001	.	https://pubmed.ncbi.nlm.nih.gov/11709454/	https://pmc.ncbi.nlm.nih.gov/articles/PMC1753453/
after_pilot	Cochrane_reviews/after_pilot/CD004376_exercise_knee_oa.pdf	CD004376_exercise_knee_oa	Van Baar 1998	9858441	.	no	direct_pubmed_link	The effectiveness of exercise therapy in patients with osteoarthritis of the hip or knee: a randomized clinical trial	Journal of Rheumatology	1998	.	https://pubmed.ncbi.nlm.nih.gov/9858441/	.
after_pilot	Cochrane_reviews/after_pilot/CD004376_exercise_knee_oa.pdf	CD004376_exercise_knee_oa	Vassao 2021	34656170	.	no	direct_pubmed_link	Effects of photobiomodulation and a physical exercise program on the expression of inflammatory and cartilage degradation biomarkers and functional capacity in women with knee osteoarthritis: a randomized blinded study	Advances in Rheumatology	2021	10.1186/s42358-021-00220-5	https://pubmed.ncbi.nlm.nih.gov/34656170/	.
after_pilot	Cochrane_reviews/after_pilot/CD004376_exercise_knee_oa.pdf	CD004376_exercise_knee_oa	Vincent 2020	32324615	.	no	direct_pubmed_link	Concentric and eccentric resistance training comparison on physical function and functional pain outcomes in knee osteoarthritis: a randomized controlled trial	American Journal of Physical Medicine & Rehabilitation	2020	10.1097/phm.0000000000001450	https://pubmed.ncbi.nlm.nih.gov/32324615/	.
after_pilot	Cochrane_reviews/after_pilot/CD004376_exercise_knee_oa.pdf	CD004376_exercise_knee_oa	Wallis 2017	28011099	.	no	direct_pubmed_link	A walking program for people with severe knee osteoarthritis did not reduce pain but may have benefits for cardiovascular health: a phase II randomised controlled trial	Osteoarthritis and Cartilage	2017	10.1016/j.joca.2016.12.017	https://pubmed.ncbi.nlm.nih.gov/28011099/	.
after_pilot	Cochrane_reviews/after_pilot/CD004376_exercise_knee_oa.pdf	CD004376_exercise_knee_oa	Wang 2011	21539629	.	no	direct_pubmed_link	Comparing the efficacy of aquatic exercises and land-based exercises for patients with knee osteoarthritis	Journal of Clinical Nursing	2011	.	https://pubmed.ncbi.nlm.nih.gov/21539629/	.
after_pilot	Cochrane_reviews/after_pilot/CD004376_exercise_knee_oa.pdf	CD004376_exercise_knee_oa	Xiao 2021	34306416	PMC8290749	yes	direct_pubmed_link	The effect of Wuqinxi exercises on the balance function and subjective quality of life in elderly, female knee osteoarthritis patients	American Journal of Translational Research	2021	.	https://pubmed.ncbi.nlm.nih.gov/34306416/	https://pmc.ncbi.nlm.nih.gov/articles/PMC8290749/
after_pilot	Cochrane_reviews/after_pilot/CD004376_exercise_knee_oa.pdf	CD004376_exercise_knee_oa	Ye 2020	31998728	PMC6966958	yes	direct_pubmed_link	The effects of Baduanjin Qigong on postural stability, proprioception, and symptoms of patients with knee osteoarthritis: a randomized controlled trial	Frontiers in Medicine	2020	10.3389/fmed.2019.00307	https://pubmed.ncbi.nlm.nih.gov/31998728/	https://pmc.ncbi.nlm.nih.gov/articles/PMC6966958/
after_pilot	Cochrane_reviews/after_pilot/CD004376_exercise_knee_oa.pdf	CD004376_exercise_knee_oa	Øiestad 2023	37684597	PMC10485991	yes	direct_pubmed_link	The efficacy of strength or aerobic exercise on quality of life and knee function in patients with knee osteoarthritis	BMC Musculoskeletal Disorders	2023	10.1186/s12891-023-06831-x	https://pubmed.ncbi.nlm.nih.gov/37684597/	https://pmc.ncbi.nlm.nih.gov/articles/PMC10485991/
after_pilot	Cochrane_reviews/after_pilot/CD012079_vaginal_prolapse_repair.pdf	CD012079_vaginal_prolapse_repair	Ahmed 2019	31375873	.	no	direct_pubmed_link	Concomitant transobturator tape and anterior colporrhaphy versus transobturator subvesical mesh for cystocele-associated stress urinary incontinence	International Urogynecology Journal and Pelvic Floor Dysfunction	2019	10.1007/s00192-019-04068-8	https://pubmed.ncbi.nlm.nih.gov/31375873/	.
after_pilot	Cochrane_reviews/after_pilot/CD012079_vaginal_prolapse_repair.pdf	CD012079_vaginal_prolapse_repair	Allahdin 2008	18604681	.	no	direct_pubmed_link	A randomised controlled trial evaluating the use of polyglactin mesh, polydioxanone and polyglactin sutures for pelvic organ prolapse surgery	Journal of Obstetrics and Gynaecology	2008	.	https://pubmed.ncbi.nlm.nih.gov/18604681/	.
after_pilot	Cochrane_reviews/after_pilot/CD012079_vaginal_prolapse_repair.pdf	CD012079_vaginal_prolapse_repair	Allahdin 2008	21627429	.	no	direct_pubmed_link	A randomised controlled trial evaluating the use of polyglactin (Vicryl) mesh, polydioxanone (PDS) or polyglactin (Vicryl) sutures for pelvic organ prolapse surgery: outcomes at 2 years	Journal of Obstetrics and Gynaecology	2011	.	https://pubmed.ncbi.nlm.nih.gov/21627429/	.
after_pilot	Cochrane_reviews/after_pilot/CD012079_vaginal_prolapse_repair.pdf	CD012079_vaginal_prolapse_repair	Al‐Nazer 2007	22648445	.	no	direct_pubmed_link	Anterior colporrhaphy versus repair with mesh for anterior vaginal wall prolapse: a comparative clinical study	Archives of Gynecology and Obstetrics	2012	.	https://pubmed.ncbi.nlm.nih.gov/22648445/	.
after_pilot	Cochrane_reviews/after_pilot/CD012079_vaginal_prolapse_repair.pdf	CD012079_vaginal_prolapse_repair	Altman 2011	21561348	.	no	direct_pubmed_link	Anterior colporrhaphy versus transvaginal mesh for pelvic-organ prolapse	The New England Journal of Medicine	2011	.	https://pubmed.ncbi.nlm.nih.gov/21561348/	.
after_pilot	Cochrane_reviews/after_pilot/CD012079_vaginal_prolapse_repair.pdf	CD012079_vaginal_prolapse_repair	Altman 2011	19731311	.	no	direct_pubmed_link	Urodynamic assessment of anterior vaginal wall surgery: A randomized comparison between colporrhaphy and transvaginal mesh	Neurourology and Urodynamics	2010	.	https://pubmed.ncbi.nlm.nih.gov/19731311/	.
after_pilot	Cochrane_reviews/after_pilot/CD012079_vaginal_prolapse_repair.pdf	CD012079_vaginal_prolapse_repair	Carey 2009	19583714	PMC2774153	yes	direct_pubmed_link	Vaginal repair with mesh versus colporrhaphy for prolapse: a randomised controlled trial	BJOG	2009	.	https://pubmed.ncbi.nlm.nih.gov/19583714/	https://pmc.ncbi.nlm.nih.gov/articles/PMC2774153/
after_pilot	Cochrane_reviews/after_pilot/CD012079_vaginal_prolapse_repair.pdf	CD012079_vaginal_prolapse_repair	Chiang 2021	33925536	PMC8123832	yes	direct_pubmed_link	The comparison of outcomes of transvaginal mesh surgery with and without midline fascial plication for the treatment of anterior vaginal prolapse: a randomized controlled trial	Journal of Clinical Medicine	2021	.	https://pubmed.ncbi.nlm.nih.gov/33925536/	https://pmc.ncbi.nlm.nih.gov/articles/PMC8123832/
after_pilot	Cochrane_reviews/after_pilot/CD012079_vaginal_prolapse_repair.pdf	CD012079_vaginal_prolapse_repair	Dahlgren 2011	21895613	.	no	direct_pubmed_link	Long-term outcome of porcine skin graft in surgical treatment of recurrent pelvic organ prolapse	Acta Obstetricia Et Gynecologica Scandinavica	2011	.	https://pubmed.ncbi.nlm.nih.gov/21895613/	.
after_pilot	Cochrane_reviews/after_pilot/CD012079_vaginal_prolapse_repair.pdf	CD012079_vaginal_prolapse_repair	Damiani 2016	26492359	.	no	direct_pubmed_link	Conventional fascial technique versus mesh repair for advanced pelvic organ prolapse: Analysis of recurrences in treated and untreated compartments	Journal of Obstetrics & Gynaecology	2016	.	https://pubmed.ncbi.nlm.nih.gov/26492359/	.
after_pilot	Cochrane_reviews/after_pilot/CD012079_vaginal_prolapse_repair.pdf	CD012079_vaginal_prolapse_repair	da Silveira 2014	32106344	.	no	direct_pubmed_link	A multicenter, randomized trial comparing pelvic organ prolapse surgical treatment with native tissue and synthetic mesh: a 5-year follow-up study	Neurourology and urodynamics	2020	10.1002/nau.24323	https://pubmed.ncbi.nlm.nih.gov/32106344/	.
after_pilot	Cochrane_reviews/after_pilot/CD012079_vaginal_prolapse_repair.pdf	CD012079_vaginal_prolapse_repair	da Silveira 2014	25199496	.	no	direct_pubmed_link	Multicenter, randomized trial comparing native vaginal tissue repair and synthetic mesh repair for genital prolapse surgical treatment	International Urogynecology Journal	2015	.	https://pubmed.ncbi.nlm.nih.gov/25199496/	.
after_pilot	Cochrane_reviews/after_pilot/CD012079_vaginal_prolapse_repair.pdf	CD012079_vaginal_prolapse_repair	Delroy 2013	23632800	PMC3824218	yes	direct_pubmed_link	The use of transvaginal synthetic mesh for anterior vaginal wall prolapse repair: a randomized controlled trial	International Urogynecology Journal	2013	.	https://pubmed.ncbi.nlm.nih.gov/23632800/	https://pmc.ncbi.nlm.nih.gov/articles/PMC3824218/
after_pilot	Cochrane_reviews/after_pilot/CD012079_vaginal_prolapse_repair.pdf	CD012079_vaginal_prolapse_repair	Delroy 2013	25820682	.	no	direct_pubmed_link	Two-years results of native tissue versus vaginal mesh repair in the treatment of anterior prolapse according to different success criteria: A randomized controlled trial	Neurourology & Urodynamics	2016	.	https://pubmed.ncbi.nlm.nih.gov/25820682/	.
after_pilot	Cochrane_reviews/after_pilot/CD012079_vaginal_prolapse_repair.pdf	CD012079_vaginal_prolapse_repair	De Tayrac 2008	17900584	.	no	direct_pubmed_link	Infracoccygeal sacropexy or sacrospinous suspension for uterine or vaginal vault prolapse	International Journal of Gynaecology and Obstetrics	2008	.	https://pubmed.ncbi.nlm.nih.gov/17900584/	.
after_pilot	Cochrane_reviews/after_pilot/CD012079_vaginal_prolapse_repair.pdf	CD012079_vaginal_prolapse_repair	De Tayrac 2013	31506808	.	no	direct_pubmed_link	Long-term outcomes of a randomized controlled trial comparing trans-obturator vaginal mesh with native tissue repair in the treatment of anterior vaginal wall prolapse	International Urogynecology Journal and Pelvic Floor Dysfunction	2020	.	https://pubmed.ncbi.nlm.nih.gov/31506808/	.
after_pilot	Cochrane_reviews/after_pilot/CD012079_vaginal_prolapse_repair.pdf	CD012079_vaginal_prolapse_repair	De Tayrac 2013	23512113	.	no	direct_pubmed_link	Comparison between trans-obturator trans-vaginal mesh and traditional anterior colporrhaphy in the treatment of anterior vaginal wall prolapse: results of a French RCT	International Urogynecology Journal	2013	.	https://pubmed.ncbi.nlm.nih.gov/23512113/	.
after_pilot	Cochrane_reviews/after_pilot/CD012079_vaginal_prolapse_repair.pdf	CD012079_vaginal_prolapse_repair	Feldner 2010	20428997	.	no	direct_pubmed_link	Anterior vaginal wall prolapse: a randomized controlled trial of SIS graft versus traditional colporrhaphy	International Urogynecology Journal and Pelvic Floor Dysfunction	2010	.	https://pubmed.ncbi.nlm.nih.gov/20428997/	.
after_pilot	Cochrane_reviews/after_pilot/CD012079_vaginal_prolapse_repair.pdf	CD012079_vaginal_prolapse_repair	Galad 2020	32990012	.	no	direct_pubmed_link	Single incision mesh vs sacrospinous ligament fixation in post hysterectomy women at a three-year follow-up: a randomized trial	Bratislavske Lekarske Listy	2020	.	https://pubmed.ncbi.nlm.nih.gov/32990012/	.
after_pilot	Cochrane_reviews/after_pilot/CD012079_vaginal_prolapse_repair.pdf	CD012079_vaginal_prolapse_repair	Gandhi 2005	15902172	.	no	direct_pubmed_link	A prospective randomized trial using solvent dehydrated fascia lata for the prevention of recurrent anterior vaginal wall prolapse	American Journal of Obstetrics and Gynecology	2005	.	https://pubmed.ncbi.nlm.nih.gov/15902172/	.
after_pilot	Cochrane_reviews/after_pilot/CD012079_vaginal_prolapse_repair.pdf	CD012079_vaginal_prolapse_repair	Glazener 2017	28010989	.	no	direct_pubmed_link	Mesh, graft, or standard repair for women having primary transvaginal anterior or posterior compartment prolapse surgery: two parallel-group, multicentre, randomised, controlled trials (PROSPECT)	Lancet	2017	10.1016/s0140-6736(16)31596-3	https://pubmed.ncbi.nlm.nih.gov/28010989/	.
after_pilot	Cochrane_reviews/after_pilot/CD012079_vaginal_prolapse_repair.pdf	CD012079_vaginal_prolapse_repair	Glazener 2020	32141709	.	no	direct_pubmed_link	Mesh inlay, mesh kit or native tissue repair for women having repeat anterior or posterior prolapse surgery: randomised controlled trial (PROSPECT)	BJOG	2020	.	https://pubmed.ncbi.nlm.nih.gov/32141709/	.
after_pilot	Cochrane_reviews/after_pilot/CD012079_vaginal_prolapse_repair.pdf	CD012079_vaginal_prolapse_repair	Guerette 2009	19546759	.	no	direct_pubmed_link	Anterior repair with or without collagen	Obstetrics and Gynecology	2009	.	https://pubmed.ncbi.nlm.nih.gov/19546759/	.
after_pilot	Cochrane_reviews/after_pilot/CD012079_vaginal_prolapse_repair.pdf	CD012079_vaginal_prolapse_repair	Halaska 2012	23021692	.	no	direct_pubmed_link	A multicentre randomized prospective controlled study comparing sacrospinous fixation and transvaginal mesh in the treatment of post-hysterectomy vaginal vault prolapse	American Journal of Obstetrics and Gynecology	2012	.	https://pubmed.ncbi.nlm.nih.gov/23021692/	.
after_pilot	Cochrane_reviews/after_pilot/CD012079_vaginal_prolapse_repair.pdf	CD012079_vaginal_prolapse_repair	Hviid 2010	20165833	.	no	direct_pubmed_link	Porcine skin collagen implants for anterior vaginal wall prolapse: a randomised prospective controlled study	International Urogynecology Journal	2010	.	https://pubmed.ncbi.nlm.nih.gov/20165833/	.
after_pilot	Cochrane_reviews/after_pilot/CD012079_vaginal_prolapse_repair.pdf	CD012079_vaginal_prolapse_repair	Iglesia 2010	24084533	.	no	direct_pubmed_link	Three-year outcome of vaginal mesh for prolapse, a randomized controlled trial	Obstetrics & Gynecology	2013	.	https://pubmed.ncbi.nlm.nih.gov/24084533/	.
after_pilot	Cochrane_reviews/after_pilot/CD012079_vaginal_prolapse_repair.pdf	CD012079_vaginal_prolapse_repair	Iglesia 2010	20664388	.	no	direct_pubmed_link	Vaginal mesh for prolapse: a randomized controlled trial	Obstetrics and Gynecology	2010	.	https://pubmed.ncbi.nlm.nih.gov/20664388/	.
after_pilot	Cochrane_reviews/after_pilot/CD012079_vaginal_prolapse_repair.pdf	CD012079_vaginal_prolapse_repair	Iglesia 2010	21974992	.	no	direct_pubmed_link	One-year objective and functional outcomes of a randomized clinical trial of vaginal mesh for prolapse	American Journal of Obstetrics and Gynecology	2012	10.1016/j.ajog.2011.08.003	https://pubmed.ncbi.nlm.nih.gov/21974992/	.
after_pilot	Cochrane_reviews/after_pilot/CD012079_vaginal_prolapse_repair.pdf	CD012079_vaginal_prolapse_repair	Iyer 2019	29300253	.	no	direct_pubmed_link	Anterior colporrhaphy with and without dermal allograft: a randomized control trial with long-term follow-up	Female Pelvic Medicine & Reconstructive Surgery	2019	.	https://pubmed.ncbi.nlm.nih.gov/29300253/	.
after_pilot	Cochrane_reviews/after_pilot/CD012079_vaginal_prolapse_repair.pdf	CD012079_vaginal_prolapse_repair	Lamblin 2014	24573358	.	no	direct_pubmed_link	A randomized controlled trial comparing anatomical and functional outcome between vaginal colposuspension and transvaginal mesh	International Urogynecology Journal	2014	.	https://pubmed.ncbi.nlm.nih.gov/24573358/	.
after_pilot	Cochrane_reviews/after_pilot/CD012079_vaginal_prolapse_repair.pdf	CD012079_vaginal_prolapse_repair	Menefee 2011	22067717	.	no	direct_pubmed_link	Colporrhaphy compared with mesh or graft-reinforced vaginal paravaginal repair for anterior vaginal wall prolapse: a randomized controlled trial	Obstetrics and Gynecology	2011	.	https://pubmed.ncbi.nlm.nih.gov/22067717/	.
after_pilot	Cochrane_reviews/after_pilot/CD012079_vaginal_prolapse_repair.pdf	CD012079_vaginal_prolapse_repair	Meschia 2007	17162041	.	no	direct_pubmed_link	Porcine skin collagen implants to prevent anterior vaginal wall prolapse recurrence: A multicentre, randomized study	The Journal of Urology	2007	.	https://pubmed.ncbi.nlm.nih.gov/17162041/	.
after_pilot	Cochrane_reviews/after_pilot/CD012079_vaginal_prolapse_repair.pdf	CD012079_vaginal_prolapse_repair	Nager 2019	33716071	PMC8328912	yes	direct_pubmed_link	Effect of sacrospinous hysteropexy with graft vs vaginal hysterectomy with uterosacral ligament suspension on treatment failure in women with uterovaginal prolapse: 5-year results of a randomized clinical trial	JAMA	2021	.	https://pubmed.ncbi.nlm.nih.gov/33716071/	https://pmc.ncbi.nlm.nih.gov/articles/PMC8328912/
after_pilot	Cochrane_reviews/after_pilot/CD012079_vaginal_prolapse_repair.pdf	CD012079_vaginal_prolapse_repair	Nager 2019	31529008	PMC6749543	yes	direct_pubmed_link	Effect of vaginal mesh hysteropexy vs vaginal hysterectomy with uterosacral ligament suspension on treatment failure in women with uterovaginal prolapse: a randomized clinical trial [Erratum published in: Error in results section	American Journal of Obstetrics and Gynecology	2021	.	https://pubmed.ncbi.nlm.nih.gov/31529008/	https://pmc.ncbi.nlm.nih.gov/articles/PMC6749543/
after_pilot	Cochrane_reviews/after_pilot/CD012079_vaginal_prolapse_repair.pdf	CD012079_vaginal_prolapse_repair	Nguyen 2008	18378748	.	no	direct_pubmed_link	Outcome after anterior vaginal prolapse repair	Obstetrics and Gynecology	2008	.	https://pubmed.ncbi.nlm.nih.gov/18378748/	.
after_pilot	Cochrane_reviews/after_pilot/CD012079_vaginal_prolapse_repair.pdf	CD012079_vaginal_prolapse_repair	Nieminen 2008	17666627	.	no	direct_pubmed_link	Low-weight polypropylene mesh for anterior vaginal wall prolapse: a randomized controlled trial	Obstetrics and Gynecology	2007	.	https://pubmed.ncbi.nlm.nih.gov/17666627/	.
after_pilot	Cochrane_reviews/after_pilot/CD012079_vaginal_prolapse_repair.pdf	CD012079_vaginal_prolapse_repair	Nieminen 2008	18716704	.	no	direct_pubmed_link	Symptom resolution and sexual function after anterior vaginal wall repair with or without polypropylene mesh	.	2008	.	https://pubmed.ncbi.nlm.nih.gov/18716704/	.
after_pilot	Cochrane_reviews/after_pilot/CD012079_vaginal_prolapse_repair.pdf	CD012079_vaginal_prolapse_repair	Nieminen 2008	20494332	.	no	direct_pubmed_link	Outcomes after anterior vaginal wall repair with mesh: a randomized, controlled trial with a 3 year follow-up	American Journal of Obstetrics and Gynecology	2010	.	https://pubmed.ncbi.nlm.nih.gov/20494332/	.
after_pilot	Cochrane_reviews/after_pilot/CD012079_vaginal_prolapse_repair.pdf	CD012079_vaginal_prolapse_repair	Ouyang 2020	32957403	PMC7505298	yes	direct_pubmed_link	Safety and efficacy of a self-developed Chinese pelvic repair system and Avaulta repair system for the treatment of pelvic organ prolapse in women: a multicenter, prospective, randomized, parallel-group study	Medicine	2020	.	https://pubmed.ncbi.nlm.nih.gov/32957403/	https://pmc.ncbi.nlm.nih.gov/articles/PMC7505298/
after_pilot	Cochrane_reviews/after_pilot/CD012079_vaginal_prolapse_repair.pdf	CD012079_vaginal_prolapse_repair	Paraiso 2006	17132479	.	no	direct_pubmed_link	Rectocele repair: A randomized trial of three surgical techniques including graft augmentation	American Journal of Obstetrics and Gynecology	2006	.	https://pubmed.ncbi.nlm.nih.gov/17132479/	.
after_pilot	Cochrane_reviews/after_pilot/CD012079_vaginal_prolapse_repair.pdf	CD012079_vaginal_prolapse_repair	Robert 2014	24402595	.	no	direct_pubmed_link	Absorbable mesh augmentation compared with no mesh for anterior prolapse: a randomized controlled trial	Obstetrics and Gynecology	2014	.	https://pubmed.ncbi.nlm.nih.gov/24402595/	.
after_pilot	Cochrane_reviews/after_pilot/CD012079_vaginal_prolapse_repair.pdf	CD012079_vaginal_prolapse_repair	Rudnicki 2014	26420345	.	no	direct_pubmed_link	A 3–year follow-up after anterior colporrhaphy compared with collagen-coated transvaginal mesh for anterior vaginal wall prolapse: a randomised controlled trial	BJOG	2015	.	https://pubmed.ncbi.nlm.nih.gov/26420345/	.
after_pilot	Cochrane_reviews/after_pilot/CD012079_vaginal_prolapse_repair.pdf	CD012079_vaginal_prolapse_repair	Rudnicki 2014	24118844	.	no	direct_pubmed_link	Anterior colporrhaphy compared with collagen-coated transvaginal mesh for anterior vaginal wall prolapse: a randomised controlled trial	BJOG	2014	.	https://pubmed.ncbi.nlm.nih.gov/24118844/	.
after_pilot	Cochrane_reviews/after_pilot/CD012079_vaginal_prolapse_repair.pdf	CD012079_vaginal_prolapse_repair	Sand 2001	11408853	.	no	direct_pubmed_link	Prospective randomized trial of polyglactin 910 mesh to prevent recurrence of cystoceles and rectoceles	American Journal of Obstetrics and Gynecology	2001	.	https://pubmed.ncbi.nlm.nih.gov/11408853/	.
after_pilot	Cochrane_reviews/after_pilot/CD012079_vaginal_prolapse_repair.pdf	CD012079_vaginal_prolapse_repair	Sivaslioglu 2008	17901910	.	no	direct_pubmed_link	A randomized comparison of polypropylene mesh surgery with site-specific surgery in the treatment of cystocoele	.	2008	.	https://pubmed.ncbi.nlm.nih.gov/17901910/	.
after_pilot	Cochrane_reviews/after_pilot/CD012079_vaginal_prolapse_repair.pdf	CD012079_vaginal_prolapse_repair	Steures 2019	30159720	PMC6450832	yes	direct_pubmed_link	Partially absorbable mesh or native tissue repair for pelvic organ prolapse: a randomized controlled trial	International Urogynecology Journal and Pelvic Floor Dysfunction	2019	.	https://pubmed.ncbi.nlm.nih.gov/30159720/	https://pmc.ncbi.nlm.nih.gov/articles/PMC6450832/
after_pilot	Cochrane_reviews/after_pilot/CD012079_vaginal_prolapse_repair.pdf	CD012079_vaginal_prolapse_repair	Sung 2012	22183220	PMC3244827	yes	direct_pubmed_link	Porcine subintestinal submucosal graft augmentation for rectocele repair: a randomized controlled trial	Obstetrics and Gynecology	2012	.	https://pubmed.ncbi.nlm.nih.gov/22183220/	https://pmc.ncbi.nlm.nih.gov/articles/PMC3244827/
after_pilot	Cochrane_reviews/after_pilot/CD012079_vaginal_prolapse_repair.pdf	CD012079_vaginal_prolapse_repair	Svabik 2014	24615948	.	no	direct_pubmed_link	Comparison of vaginal mesh repair with sacrospinous vaginal colpopexy in the management of vaginal vault prolapse after hysterectomy in patients with levator ani avulsion: a randomized controlled trial	Ultrasound in Obstetrics and Gynecology	2014	.	https://pubmed.ncbi.nlm.nih.gov/24615948/	.
after_pilot	Cochrane_reviews/after_pilot/CD012079_vaginal_prolapse_repair.pdf	CD012079_vaginal_prolapse_repair	Tamanini 2014	32440838	.	no	direct_pubmed_link	No mesh versus mesh in the treatment of anterior vaginal wall prolapse: prospective, randomised, controlled trial, long-term follow-up	International Urology and Nephrology	2020	.	https://pubmed.ncbi.nlm.nih.gov/32440838/	.
after_pilot	Cochrane_reviews/after_pilot/CD012079_vaginal_prolapse_repair.pdf	CD012079_vaginal_prolapse_repair	Tamanini 2014	25305357	.	no	direct_pubmed_link	A prospective, randomized and controlled trial for the treatment of anterior vaginal wall prolapse: medium-term follow-up	The Journal of Urology	2015	.	https://pubmed.ncbi.nlm.nih.gov/25305357/	.
after_pilot	Cochrane_reviews/after_pilot/CD012079_vaginal_prolapse_repair.pdf	CD012079_vaginal_prolapse_repair	Tamanini 2014	24054380	.	no	direct_pubmed_link	Treatment of anterior vaginal wall prolapse with and without polypropylene mesh: a prospective, randomized and controlled trial - Part I	Int Braz J Urol	2013	.	https://pubmed.ncbi.nlm.nih.gov/24054380/	.
after_pilot	Cochrane_reviews/after_pilot/CD012079_vaginal_prolapse_repair.pdf	CD012079_vaginal_prolapse_repair	Turgal 2013	23916584	.	no	direct_pubmed_link	Anatomical and functional assessment of anterior colporrhaphy versus polypropylene mesh surgery in cystocele treatment	European Journal of Obstetrics and Gynecology and Reproductive Biology	2013	.	https://pubmed.ncbi.nlm.nih.gov/23916584/	.
after_pilot	Cochrane_reviews/after_pilot/CD012079_vaginal_prolapse_repair.pdf	CD012079_vaginal_prolapse_repair	Vollebregt 2011	21864325	.	no	direct_pubmed_link	Primary surgical repair of anterior vaginal prolapse: a randomised trial comparing anatomical and functional outcome between anterior colporrhaphy and trocar-guided transobturator anterior mesh	British Journal of Obstetrics and Gynaecology	2011	.	https://pubmed.ncbi.nlm.nih.gov/21864325/	.
after_pilot	Cochrane_reviews/after_pilot/CD012079_vaginal_prolapse_repair.pdf	CD012079_vaginal_prolapse_repair	Weber 2001	11744900	.	no	direct_pubmed_link	Anterior colporrhaphy: a randomized trial of three surgical techniques	American Journal of Obstetrics and Gynecology	2001	.	https://pubmed.ncbi.nlm.nih.gov/11744900/	.
after_pilot	Cochrane_reviews/after_pilot/CD012079_vaginal_prolapse_repair.pdf	CD012079_vaginal_prolapse_repair	Wei 2019	31117092	.	no	direct_pubmed_link	Evaluation of Clinical Outcome and Risk Factors for Recurrence after Pelvic Reconstruction of Pelvic Organ Prolapse with Implanted Mesh or Biological Grafts: A Single-Blind Randomized Trial	Gynecologic and Obstetric Investigation	2019	.	https://pubmed.ncbi.nlm.nih.gov/31117092/	.
after_pilot	Cochrane_reviews/after_pilot/CD012079_vaginal_prolapse_repair.pdf	CD012079_vaginal_prolapse_repair	Withagen 2011	29167974	PMC5948295	yes	direct_pubmed_link	Long-term outcome of vaginal mesh or native tissue in recurrent prolapse: a randomized controlled trial	International Urogynecology Journal and Pelvic Floor Dysfunction	2018	.	https://pubmed.ncbi.nlm.nih.gov/29167974/	https://pmc.ncbi.nlm.nih.gov/articles/PMC5948295/
after_pilot	Cochrane_reviews/after_pilot/CD012079_vaginal_prolapse_repair.pdf	CD012079_vaginal_prolapse_repair	Withagen 2011	21797984	.	no	direct_pubmed_link	Sexual function following trocar-guided mesh or vaginal native tissue repair in recurrent prolapse: A randomized controlled trial	The Journal of Sexual Medicine	2011	.	https://pubmed.ncbi.nlm.nih.gov/21797984/	.
after_pilot	Cochrane_reviews/after_pilot/CD012079_vaginal_prolapse_repair.pdf	CD012079_vaginal_prolapse_repair	Withagen 2011	21252735	.	no	direct_pubmed_link	Trocar-guided mesh compared with conventional vaginal repair in recurrent prolapse: a randomized controlled trial	Obstetrics and Gynecology	2011	.	https://pubmed.ncbi.nlm.nih.gov/21252735/	.
after_pilot	Cochrane_reviews/after_pilot/CD013729_dash_cvd.pdf	CD013729_dash_cvd	Appel 2003	12709466	.	no	direct_pubmed_link	Effects of comprehensive lifestyle modification on blood pressure control: main results of the PREMIER clinical trial	JAMA	2003	10.1001/jama.289.16.2083	https://pubmed.ncbi.nlm.nih.gov/12709466/	.
after_pilot	Cochrane_reviews/after_pilot/CD013729_dash_cvd.pdf	CD013729_dash_cvd	Appel 2003	16585662	.	no	direct_pubmed_link	Effects of comprehensive lifestyle modification on diet, weight, physical fitness, and blood pressure control: 18-month results of a randomized trial	Annals of Internal Medicine	2006	10.7326/0003-4819-144-7-200604040-00007	https://pubmed.ncbi.nlm.nih.gov/16585662/	.
after_pilot	Cochrane_reviews/after_pilot/CD013729_dash_cvd.pdf	CD013729_dash_cvd	Appel 2003	19349322	PMC2995494	yes	direct_pubmed_link	Lifestyle interventions reduce coronary heart disease risk: results from the PREMIER Trial	Circulation	2009	10.1161/circulationaha.108.809491	https://pubmed.ncbi.nlm.nih.gov/19349322/	https://pmc.ncbi.nlm.nih.gov/articles/PMC2995494/
after_pilot	Cochrane_reviews/after_pilot/CD013729_dash_cvd.pdf	CD013729_dash_cvd	Appel 2003	15249794	PMC8109651	yes	direct_pubmed_link	Comprehensive lifestyle modification and blood pressure control: a review of the PREMIER trial	Journal of Clinical Hypertension	2004	10.1111/j.1524-6175.2004.03147.x	https://pubmed.ncbi.nlm.nih.gov/15249794/	https://pmc.ncbi.nlm.nih.gov/articles/PMC8109651/
after_pilot	Cochrane_reviews/after_pilot/CD013729_dash_cvd.pdf	CD013729_dash_cvd	Appel 2003	15385946	.	no	direct_pubmed_link	Effect of lifestyle modifications on blood pressure by race, sex, hypertension status, and age	Journal of Human Hypertension	2005	10.1038/sj.jhh.1001770	https://pubmed.ncbi.nlm.nih.gov/15385946/	.
after_pilot	Cochrane_reviews/after_pilot/CD013729_dash_cvd.pdf	CD013729_dash_cvd	Blumenthal 2014	20101007	PMC3633078	yes	direct_pubmed_link	Effects of the DASH diet alone and in combination with exercise and weight loss on blood pressure and cardiovascular biomarkers in men and women with high blood pressure: the ENCORE study	Archives of Internal Medicine	2010	10.1001/archinternmed.2009.470	https://pubmed.ncbi.nlm.nih.gov/20101007/	https://pmc.ncbi.nlm.nih.gov/articles/PMC3633078/
after_pilot	Cochrane_reviews/after_pilot/CD013729_dash_cvd.pdf	CD013729_dash_cvd	Blumenthal 2014	20212264	PMC2874827	yes	direct_pubmed_link	Effects of the dietary approaches to stop hypertension diet alone and in combination with exercise and caloric restriction on insulin sensitivity and lipids	Hypertension	2010	10.1161/hypertensionaha.109.149153	https://pubmed.ncbi.nlm.nih.gov/20212264/	https://pmc.ncbi.nlm.nih.gov/articles/PMC2874827/
after_pilot	Cochrane_reviews/after_pilot/CD013729_dash_cvd.pdf	CD013729_dash_cvd	Blumenthal 2014	24084586	PMC3978946	yes	direct_pubmed_link	The long-term effects of lifestyle change on blood pressure: one-year follow-up of the ENCORE study	American Journal of Hypertension	2014	10.1093/ajh/hpt183	https://pubmed.ncbi.nlm.nih.gov/24084586/	https://pmc.ncbi.nlm.nih.gov/articles/PMC3978946/
after_pilot	Cochrane_reviews/after_pilot/CD013729_dash_cvd.pdf	CD013729_dash_cvd	Ma 2015	26653101	PMC10270885	yes	direct_pubmed_link	Acceptability and feasibility of the 'DASH for Asthma' intervention in a randomized controlled trial pilot study	Public Health Nutrition	2016	10.1017/s136898001500350x	https://pubmed.ncbi.nlm.nih.gov/26653101/	https://pmc.ncbi.nlm.nih.gov/articles/PMC10270885/
after_pilot	Cochrane_reviews/after_pilot/CD013729_dash_cvd.pdf	CD013729_dash_cvd	Ma 2015	26493792	PMC5136475	yes	direct_pubmed_link	Pilot randomised trial of a healthy eating behavioural intervention in uncontrolled asthma	European Respiratory Journal	2016	10.1183/13993003.00591-2015	https://pubmed.ncbi.nlm.nih.gov/26493792/	https://pmc.ncbi.nlm.nih.gov/articles/PMC5136475/
after_pilot	Cochrane_reviews/after_pilot/CD013729_dash_cvd.pdf	CD013729_dash_cvd	Ma 2015	33871602	PMC8578836	yes	direct_pubmed_link	Improved diet quality is associated with decreased concentrations of inflammatory markers in adults with uncontrolled asthma	American Journal of Clinical Nutrition	2021	10.1093/ajcn/nqab063	https://pubmed.ncbi.nlm.nih.gov/33871602/	https://pmc.ncbi.nlm.nih.gov/articles/PMC8578836/
after_pilot	Cochrane_reviews/after_pilot/CD013729_dash_cvd.pdf	CD013729_dash_cvd	Makarewicz‐Wujec 2021	33341413	.	no	direct_pubmed_link	High-risk coronary plaque regression after intensive lifestyle intervention in nonobstructive coronary disease: a randomized study	Cardiovascular Imaging	2021	10.1016/j.jcmg.2020.10.019	https://pubmed.ncbi.nlm.nih.gov/33341413/	.
after_pilot	Cochrane_reviews/after_pilot/CD013729_dash_cvd.pdf	CD013729_dash_cvd	Makarewicz‐Wujec 2021	31558416	.	no	direct_pubmed_link	DASH diet decreases CXCL4 plasma concentration in patients diagnosed with coronary atherosclerotic lesions	Nutrition, Metabolism and Cardiovascular Diseases	2020	10.1016/j.numecd.2019.07.013	https://pubmed.ncbi.nlm.nih.gov/31558416/	.
after_pilot	Cochrane_reviews/after_pilot/CD013729_dash_cvd.pdf	CD013729_dash_cvd	NCT02514889	31340800	PMC6651946	yes	direct_pubmed_link	Comparative effectiveness trial comparing MyPlate to calorie counting for mostly low-income Latino primary care patients of a federally qualified community health center: study design, baseline characteristics	BMC Public Health	2019	10.1186/s12889-019-7294-z	https://pubmed.ncbi.nlm.nih.gov/31340800/	https://pmc.ncbi.nlm.nih.gov/articles/PMC6651946/
after_pilot	Cochrane_reviews/after_pilot/CD014606_digital_cf_infections.pdf	CD014606_digital_cf_infections	eICE 2011	33715993	PMC8433261	yes	direct_pubmed_link	Health care costs related to home spirometry in the eICE randomized trial	Journal of Cystic Fibrosis	2022	.	https://pubmed.ncbi.nlm.nih.gov/33715993/	https://pmc.ncbi.nlm.nih.gov/articles/PMC8433261/
after_pilot	Cochrane_reviews/after_pilot/CD014606_digital_cf_infections.pdf	CD014606_digital_cf_infections	Nash 2022	28114922	PMC5256574	yes	direct_pubmed_link	A prospective pilot study of home monitoring in adults with cystic fibrosis (HOME-CF): protocol for a randomised controlled trial	BMC Pulmonary Medicine	2017	.	https://pubmed.ncbi.nlm.nih.gov/28114922/	https://pmc.ncbi.nlm.nih.gov/articles/PMC5256574/
after_pilot	Cochrane_reviews/after_pilot/CD014606_digital_cf_infections.pdf	CD014606_digital_cf_infections	Nash 2022	35274585	PMC8921750	yes	direct_pubmed_link	A prospective randomised controlled mixed-methods pilot study of home monitoring in adults with cystic fibrosis (HOME-CF)	Journal of Cystic Fibrosis	2020	.	https://pubmed.ncbi.nlm.nih.gov/35274585/	https://pmc.ncbi.nlm.nih.gov/articles/PMC8921750/
after_pilot	Cochrane_reviews/after_pilot/CD014606_digital_cf_infections.pdf	CD014606_digital_cf_infections	Wood 2020	31678013	.	no	direct_pubmed_link	"Regarding the article entitled ""A smartphone application for reporting symptoms in adults with cystic fibrosis improves the detection of exacerbations: results of a randomised controlled trial"""	Journal of Cystic Fibrosis	2020	.	https://pubmed.ncbi.nlm.nih.gov/31678013/	.
after_pilot	Cochrane_reviews/after_pilot/CD014606_digital_cf_infections.pdf	CD014606_digital_cf_infections	Wood 2020	31522924	.	no	direct_pubmed_link	A smartphone application for reporting symptoms in adults with cystic fibrosis improves the detection of exacerbations: results of a randomised controlled trial	Journal of Cystic Fibrosis	2020	.	https://pubmed.ncbi.nlm.nih.gov/31522924/	.
after_pilot	Cochrane_reviews/after_pilot/CD014606_digital_cf_infections.pdf	CD014606_digital_cf_infections	Wood 2020	29680812	PMC5914721	yes	direct_pubmed_link	A smartphone application for reporting symptoms in adults with cystic fibrosis: protocol of a randomised controlled trial	BMJ Open	2018	.	https://pubmed.ncbi.nlm.nih.gov/29680812/	https://pmc.ncbi.nlm.nih.gov/articles/PMC5914721/
after_pilot	Cochrane_reviews/after_pilot/CD014861_home_iv_cancer_therapy.pdf	CD014861_home_iv_cancer_therapy	Borras 2001	11290635	PMC30558	yes	direct_pubmed_link	Compliance, satisfaction, and quality of life of patients with colorectal cancer receiving home chemotherapy or outpatient treatment: a randomised controlled trial	BMJ	2001	10.1136/bmj.322.7290.826	https://pubmed.ncbi.nlm.nih.gov/11290635/	https://pmc.ncbi.nlm.nih.gov/articles/PMC30558/
after_pilot	Cochrane_reviews/after_pilot/CD014861_home_iv_cancer_therapy.pdf	CD014861_home_iv_cancer_therapy	Corrie 2013	23989945	PMC3776975	yes	direct_pubmed_link	Is community treatment best? A randomised trial comparing delivery of cancer treatment in the hospital, home and GP surgery	British Journal of Cancer	2013	10.1038/bjc.2013.414	https://pubmed.ncbi.nlm.nih.gov/23989945/	https://pmc.ncbi.nlm.nih.gov/articles/PMC3776975/
after_pilot	Cochrane_reviews/after_pilot/CD014861_home_iv_cancer_therapy.pdf	CD014861_home_iv_cancer_therapy	Corrie 2013	22035502	PMC3214181	yes	direct_pubmed_link	Protocol for the OUTREACH trial: a randomised trial comparing delivery of cancer systemic therapy in three different settings: patient's home, GP surgery and hospital day unit	BMC Cancer	2011	10.1186/1471-2407-11-467	https://pubmed.ncbi.nlm.nih.gov/22035502/	https://pmc.ncbi.nlm.nih.gov/articles/PMC3214181/
after_pilot	Cochrane_reviews/after_pilot/CD014861_home_iv_cancer_therapy.pdf	CD014861_home_iv_cancer_therapy	King 2000	11109181	.	no	direct_pubmed_link	Home or hospital? An evaluation of the costs, preferences, and outcomes of domiciliary chemotherapy	International Journal of Health Services	2000	.	https://pubmed.ncbi.nlm.nih.gov/11109181/	.
after_pilot	Cochrane_reviews/after_pilot/CD014861_home_iv_cancer_therapy.pdf	CD014861_home_iv_cancer_therapy	Larsen 2018	29726319	.	no	direct_pubmed_link	Safety and feasibility of home-based chemotherapy	Danish Medical Journal	2018	.	https://pubmed.ncbi.nlm.nih.gov/29726319/	.
after_pilot	Cochrane_reviews/after_pilot/CD014861_home_iv_cancer_therapy.pdf	CD014861_home_iv_cancer_therapy	Remonnay 2002	14967997	.	no	direct_pubmed_link	Developing home-care hospitalization: cost evaluation and assessment criteria	Revue d'Epidemiologie et de Sante Publique	2003	.	https://pubmed.ncbi.nlm.nih.gov/14967997/	.
after_pilot	Cochrane_reviews/after_pilot/CD014861_home_iv_cancer_therapy.pdf	CD014861_home_iv_cancer_therapy	Remonnay 2002	12391944	.	no	direct_pubmed_link	Economic evaluation of anti-neoplasic chemotherapy administered at home or in hospitals	International Journal of Technology Assessment in Health Care	2002	.	https://pubmed.ncbi.nlm.nih.gov/12391944/	.
after_pilot	Cochrane_reviews/after_pilot/CD014861_home_iv_cancer_therapy.pdf	CD014861_home_iv_cancer_therapy	Rischin 2000	10979376	.	no	direct_pubmed_link	A randomised crossover trial of chemotherapy in the home: patient preferences and cost analysis	Medical Journal of Australia	2000	.	https://pubmed.ncbi.nlm.nih.gov/10979376/	.
after_pilot	Cochrane_reviews/after_pilot/CD015148_steroid_carpal_tunnel.pdf	CD015148_steroid_carpal_tunnel	Armstrong 2004	14694502	.	no	direct_pubmed_link	Intracarpal steroid injection is safe and effective for short-term management of carpal tunnel syndrome	Muscle & Nerve	2004	10.1002/mus.10512	https://pubmed.ncbi.nlm.nih.gov/14694502/	.
after_pilot	Cochrane_reviews/after_pilot/CD015148_steroid_carpal_tunnel.pdf	CD015148_steroid_carpal_tunnel	Atroshi 2013	24026316	.	no	direct_pubmed_link	Methylprednisolone injections for the carpal tunnel syndrome: a randomized placebo-controlled trial	Annals of Internal Medicine	2013	10.7326/0003-4819-159-5-201309030-00004	https://pubmed.ncbi.nlm.nih.gov/24026316/	.
after_pilot	Cochrane_reviews/after_pilot/CD015148_steroid_carpal_tunnel.pdf	CD015148_steroid_carpal_tunnel	Atroshi 2013	24490276	.	no	direct_pubmed_link	Methylprednisolone injections for the carpal tunnel syndrome	Annals of Internal Medicine	2013	.	https://pubmed.ncbi.nlm.nih.gov/24490276/	.
after_pilot	Cochrane_reviews/after_pilot/CD015148_steroid_carpal_tunnel.pdf	CD015148_steroid_carpal_tunnel	Dammers 1999	10506042	PMC28242	yes	direct_pubmed_link	Injection with methylprednisolone proximal to the carpal tunnel: randomised double blind trial	BMJ	1999	.	https://pubmed.ncbi.nlm.nih.gov/10506042/	https://pmc.ncbi.nlm.nih.gov/articles/PMC28242/
after_pilot	Cochrane_reviews/after_pilot/CD015148_steroid_carpal_tunnel.pdf	CD015148_steroid_carpal_tunnel	Girlanda 1993	8482993	.	no	direct_pubmed_link	Local steroid treatment in idiopathic carpal tunnel syndrome: short and long term efficacy	Journal of Neurology	1993	.	https://pubmed.ncbi.nlm.nih.gov/8482993/	.
after_pilot	Cochrane_reviews/after_pilot/CD015148_steroid_carpal_tunnel.pdf	CD015148_steroid_carpal_tunnel	Karadaş 2011	21273900	.	no	direct_pubmed_link	The effectiveness of triamcinolone acetonide vs	American Journal of Physical Medicine and Rehabilitation	2011	10.1097/phm.0b013e31820639ec	https://pubmed.ncbi.nlm.nih.gov/21273900/	.
after_pilot	Cochrane_reviews/after_pilot/CD015148_steroid_carpal_tunnel.pdf	CD015148_steroid_carpal_tunnel	Karadaş 2012	22674243	.	no	direct_pubmed_link	Triamcinolone acetonide vs procaine hydrochloride injection in the management of carpal tunnel syndrome: randomized placebo-controlled study	Journal of Rehabilitation Medicine	2012	10.2340/16501977-0990	https://pubmed.ncbi.nlm.nih.gov/22674243/	.
after_pilot	Cochrane_reviews/after_pilot/CD015148_steroid_carpal_tunnel.pdf	CD015148_steroid_carpal_tunnel	Khosrawi 2016	26962518	PMC4770781	yes	direct_pubmed_link	Effectiveness of splinting and splinting plus local steroid injection in severe carpal tunnel syndrome: a randomized control clinical trial	Advanced Biomedical Research	2016	10.4103/2277-9175.175902	https://pubmed.ncbi.nlm.nih.gov/26962518/	https://pmc.ncbi.nlm.nih.gov/articles/PMC4770781/
after_pilot	Cochrane_reviews/after_pilot/CD015148_steroid_carpal_tunnel.pdf	CD015148_steroid_carpal_tunnel	O'Gradaigh 2000	11053073	PMC1753030	yes	direct_pubmed_link	Corticosteroid injection for the treatment of carpal tunnel syndrome	Annals of the Rheumatic Diseases	2000	.	https://pubmed.ncbi.nlm.nih.gov/11053073/	https://pmc.ncbi.nlm.nih.gov/articles/PMC1753030/
after_pilot	Cochrane_reviews/after_pilot/CD015148_steroid_carpal_tunnel.pdf	CD015148_steroid_carpal_tunnel	Peters‐Veluthamaningal 2010	20670438	PMC2921105	yes	direct_pubmed_link	Randomised controlled trial of local corticosteroid injections for carpal tunnel syndrome in general practice	BMC Family Practice	2010	10.1186/1471-2296-11-54	https://pubmed.ncbi.nlm.nih.gov/20670438/	https://pmc.ncbi.nlm.nih.gov/articles/PMC2921105/
after_pilot	Cochrane_reviews/after_pilot/CD015148_steroid_carpal_tunnel.pdf	CD015148_steroid_carpal_tunnel	Salman Roghani 2018	29403268	PMC5779277	yes	direct_pubmed_link	Different doses of steroid injection in elderly patients with carpal tunnel syndrome: a triple-blind, randomized, controlled trial	Clinical Interventions in Aging	2018	10.2147/cia.s151290	https://pubmed.ncbi.nlm.nih.gov/29403268/	https://pmc.ncbi.nlm.nih.gov/articles/PMC5779277/
after_pilot	Cochrane_reviews/after_pilot/CD015148_steroid_carpal_tunnel.pdf	CD015148_steroid_carpal_tunnel	Ucan 2006	16871409	.	no	direct_pubmed_link	Comparison of splinting, splinting plus local steroid injection and open carpal tunnel release outcomes in idiopathic carpal tunnel syndrome	Rheumatology International	2006	.	https://pubmed.ncbi.nlm.nih.gov/16871409/	.
after_pilot	Cochrane_reviews/after_pilot/CD015148_steroid_carpal_tunnel.pdf	CD015148_steroid_carpal_tunnel	Wu 1991	1654183	.	no	direct_pubmed_link	Electrodiagnostic evaluation of conservative treatment in carpal tunnel syndrome	Chung-Hua-I-Hsueh-Tsa-Chih-Taipei	1991	.	https://pubmed.ncbi.nlm.nih.gov/1654183/	.
after_pilot	Cochrane_reviews/after_pilot/CD015332_cbt_schizophrenia.pdf	CD015332_cbt_schizophrenia	Francey 2020 – STAGES	30024100	.	no	direct_pubmed_link	A randomised placebo controlled trial of intensive psychosocial treatment plus or minus anti-psychotic medication for first episode psychosis with low-risk of self-harm or aggression	Early Intervention in Psychiatry	2008	.	https://pubmed.ncbi.nlm.nih.gov/30024100/	.
after_pilot	Cochrane_reviews/after_pilot/CD015332_cbt_schizophrenia.pdf	CD015332_cbt_schizophrenia	Morrison 2014 – ACTION	24508319	.	no	direct_pubmed_link	Cognitive therapy: at last an alternative to antipsychotics? Lancet 2014;383(9926):1364-1366.	Cognitive therapy: at last an alternative to antipsychotics? Lancet	2014	10.1016/s0140-6736(13)62569-6	https://pubmed.ncbi.nlm.nih.gov/24508319/	.
after_pilot	Cochrane_reviews/after_pilot/CD015332_cbt_schizophrenia.pdf	CD015332_cbt_schizophrenia	Morrison 2014 – ACTION	30388270	PMC6293212	yes	direct_pubmed_link	Suicidal ideation in people with psychosis not taking antipsychotic medication: do negative appraisals and negative metacognitive beliefs mediate the effect of symptoms? Schizophrenia Bulletin 2019;45(1):37-47.	.	2019	10.1093/schbul/sby153	https://pubmed.ncbi.nlm.nih.gov/30388270/	https://pmc.ncbi.nlm.nih.gov/articles/PMC6293212/
after_pilot	Cochrane_reviews/after_pilot/CD015332_cbt_schizophrenia.pdf	CD015332_cbt_schizophrenia	Morrison 2018 – COMPARE	29605186	.	no	direct_pubmed_link	Cognitive behavioural therapy – a valid alternative to antipsychotics for psychosis? The Lancet Psychiatry 2018;5(5):381-383.	Cognitive behavioural therapy – a valid alternative to antipsychotics for psychosis? The Lancet Psychiatry	2018	10.1016/s2215-0366(18)30123-8	https://pubmed.ncbi.nlm.nih.gov/29605186/	.
after_pilot	Cochrane_reviews/after_pilot/CD015332_cbt_schizophrenia.pdf	CD015332_cbt_schizophrenia	Morrison 2018 – COMPARE	29605187	PMC6048761	yes	direct_pubmed_link	Antipsychotic drugs versus cognitive behavioural therapy versus a combination of both in people with psychosis: a randomised controlled pilot and feasibility study	The Lancet Psychiatry	2018	10.1016/s2215-0366(18)30096-8	https://pubmed.ncbi.nlm.nih.gov/29605187/	https://pmc.ncbi.nlm.nih.gov/articles/PMC6048761/
after_pilot	Cochrane_reviews/after_pilot/CD015332_cbt_schizophrenia.pdf	CD015332_cbt_schizophrenia	Morrison 2020 – MAPS	32775967	PMC7393652	yes	direct_pubmed_link	Understanding young peoples' and family members' views of treatment for first episode psychosis in a randomised controlled trial (MAPS)	EClinical Medicine	2020	10.1016/j.eclinm.2020.100417	https://pubmed.ncbi.nlm.nih.gov/32775967/	https://pmc.ncbi.nlm.nih.gov/articles/PMC7393652/
after_pilot	Cochrane_reviews/after_pilot/CD015332_cbt_schizophrenia.pdf	CD015332_cbt_schizophrenia	Morrison 2020 – MAPS	32775968	PMC7393656	yes	direct_pubmed_link	Clinicians’ views of treatment types for first episode psychosis delivered in a randomised controlled trial (MAPS)	EClinical Medicine	2020	10.1016/j.eclinm.2020.100421	https://pubmed.ncbi.nlm.nih.gov/32775968/	https://pmc.ncbi.nlm.nih.gov/articles/PMC7393656/
after_pilot	Cochrane_reviews/after_pilot/CD015332_cbt_schizophrenia.pdf	CD015332_cbt_schizophrenia	Morrison 2020 – MAPS	32649926	.	no	direct_pubmed_link	Psychosocial interventions versus antipsychotics for early-onset psychosis: can we fill the evidence gap? The Lancet Psychiatry 2020;7(9):726-728.	Psychosocial interventions versus antipsychotics for early-onset psychosis: can we fill the evidence gap? The Lancet Psychiatry	2020	10.1016/s2215-0366(20)30296-0	https://pubmed.ncbi.nlm.nih.gov/32649926/	.
after_pilot	Cochrane_reviews/after_pilot/CD015332_cbt_schizophrenia.pdf	CD015332_cbt_schizophrenia	Morrison 2020 – MAPS	36866165	PMC9970186	yes	direct_pubmed_link	Adapting cognitive behavioural therapy for adolescents with psychosis: insights from the Managing Adolescent first episode in psychosis study (MAPS)	Psychosis: Psychological, Social and Integrative Approaches	2023	10.1080/17522439.2021.2001561	https://pubmed.ncbi.nlm.nih.gov/36866165/	https://pmc.ncbi.nlm.nih.gov/articles/PMC9970186/
first_pass	Cochrane_reviews/first_pass/CD004508_early_feeding_gyn_surgery.pdf	CD004508_early_feeding_gyn_surgery	Balayla 2015	26637080	.	no	direct_pubmed_link	Early versus delayed postoperative feeding after major gynaecological surgery and its effects on clinical outcomes, patient satisfaction, and length of stay: a randomized controlled trial	Journal of Obstetrics and Gynaecology Canada	2015	.	https://pubmed.ncbi.nlm.nih.gov/26637080/	.
first_pass	Cochrane_reviews/first_pass/CD004508_early_feeding_gyn_surgery.pdf	CD004508_early_feeding_gyn_surgery	MacMillan 2000	11004367	.	no	direct_pubmed_link	Early feeding and the incidence of gastrointestinal symptoms after major gynecologic surgery	Obstetrics and Gynecology	2000	.	https://pubmed.ncbi.nlm.nih.gov/11004367/	.
first_pass	Cochrane_reviews/first_pass/CD004508_early_feeding_gyn_surgery.pdf	CD004508_early_feeding_gyn_surgery	Minig 2009a	19330379	.	no	direct_pubmed_link	"Early oral versus ""traditional"" postoperative feeding in gynecologic oncology patients undergoing intestinal resection: a randomized controlled trial"	Annals of Surgical Oncology	2009	.	https://pubmed.ncbi.nlm.nih.gov/19330379/	.
first_pass	Cochrane_reviews/first_pass/CD004508_early_feeding_gyn_surgery.pdf	CD004508_early_feeding_gyn_surgery	Minig 2009b	19760046	.	no	direct_pubmed_link	Reduction of postoperative complication rate with the use of early oral feeding in gynecologic oncologic patients undergoing a major surgery: a randomized controlled trial	Annals of Surgical Oncology	2009	.	https://pubmed.ncbi.nlm.nih.gov/19760046/	.
first_pass	Cochrane_reviews/first_pass/CD004508_early_feeding_gyn_surgery.pdf	CD004508_early_feeding_gyn_surgery	Pearl 1998	9649101	.	no	direct_pubmed_link	A randomized controlled trial of early postoperative feeding in gynecologic oncology patients undergoing intra-abdominal surgery	Obstetrics and Gynecology	1998	.	https://pubmed.ncbi.nlm.nih.gov/9649101/	.
first_pass	Cochrane_reviews/first_pass/CD004508_early_feeding_gyn_surgery.pdf	CD004508_early_feeding_gyn_surgery	Steed 2002	12015496	.	no	direct_pubmed_link	"A randomized controlled trial of early versus ""traditional"" postoperative oral intake after major abdominal gynecologic surgery"	American Journal of Obstetrics and Gynecology	2002	.	https://pubmed.ncbi.nlm.nih.gov/12015496/	.
first_pass	Cochrane_reviews/first_pass/CD007895_decongestants_bp.pdf	CD007895_decongestants_bp	Alger 1993	8424378	.	no	direct_pubmed_link	Effect of phenylpropanolamine on energy expenditure and weight loss in overweight women	American Journal of Clinical Nutrition	1993	10.1093/ajcn/57.2.120	https://pubmed.ncbi.nlm.nih.gov/8424378/	.
first_pass	Cochrane_reviews/first_pass/CD007895_decongestants_bp.pdf	CD007895_decongestants_bp	Astrup 1992	1318281	.	no	direct_pubmed_link	The effect and safety of an ephedrine/caffeine compound compared to ephedrine, caffeine and placebo in obese subjects on an energy restricted diet	International Journal of Obesity and Related Metabolic Disorders	1992	.	https://pubmed.ncbi.nlm.nih.gov/1318281/	.
first_pass	Cochrane_reviews/first_pass/CD007895_decongestants_bp.pdf	CD007895_decongestants_bp	Gelotte 2019	31274197	PMC6851811	yes	direct_pubmed_link	A multicenter, randomized, placebo-controlled study of pseudoephedrine for the temporary relief of nasal congestion in children with the common cold	Journal of Clinical Pharmacology	2019	10.1002/jcph.1472	https://pubmed.ncbi.nlm.nih.gov/31274197/	https://pmc.ncbi.nlm.nih.gov/articles/PMC6851811/
first_pass	Cochrane_reviews/first_pass/CD007895_decongestants_bp.pdf	CD007895_decongestants_bp	Greenway 1989	2680083	.	no	direct_pubmed_link	A double-blind clinical evaluation of the anorectic activity of phenylpropanolamine versus placebo	Clinical Therapeutics	1989	.	https://pubmed.ncbi.nlm.nih.gov/2680083/	.
first_pass	Cochrane_reviews/first_pass/CD007895_decongestants_bp.pdf	CD007895_decongestants_bp	Lehtonen 1986	3535621	.	no	direct_pubmed_link	The effect of phenylpropanolamine on female stress urinary incontinence	Annales Chirurgiae et Gynaecologiae	1986	.	https://pubmed.ncbi.nlm.nih.gov/3535621/	.
first_pass	Cochrane_reviews/first_pass/CD010441_hyaluronidase_perineal.pdf	CD010441_hyaluronidase_perineal	Chatfield 1966	5912630	.	no	direct_pubmed_link	The effect of hyaluronidase on the perineum	Journal of Obstetrics and Gynaecology of the British Commonwealth	1966	.	https://pubmed.ncbi.nlm.nih.gov/5912630/	.
first_pass	Cochrane_reviews/first_pass/CD010441_hyaluronidase_perineal.pdf	CD010441_hyaluronidase_perineal	Colacioppo 2011	23181640	.	no	direct_pubmed_link	Use of hyaluronidase to prevent perineal trauma during spontaneous births: a randomized, placebo-controlled, double-blind, clinical trial	Journal of Midwifery & Women's Health	2011	.	https://pubmed.ncbi.nlm.nih.gov/23181640/	.
first_pass	Cochrane_reviews/first_pass/CD010441_hyaluronidase_perineal.pdf	CD010441_hyaluronidase_perineal	Kwon 2020	31887803	PMC6938784	yes	direct_pubmed_link	Randomized, double-blind, placebo-controlled trial on the efficacy of hyaluronidase in preventing perineal trauma in nulliparous women	Yonsei Medical Journal	2020	.	https://pubmed.ncbi.nlm.nih.gov/31887803/	https://pmc.ncbi.nlm.nih.gov/articles/PMC6938784/
first_pass	Cochrane_reviews/first_pass/CD010441_hyaluronidase_perineal.pdf	CD010441_hyaluronidase_perineal	Scarabotto 2008	18586189	.	no	direct_pubmed_link	Use of hyaluronidase to prevent perineal trauma during spontaneous delivery: a pilot study	Journal of Midwifery & Women's Health	2008	.	https://pubmed.ncbi.nlm.nih.gov/18586189/	.
first_pass	Cochrane_reviews/first_pass/CD012178_lutein_preterm.pdf	CD012178_lutein_preterm	Costa 2013	23480554	.	no	direct_pubmed_link	Effects of lutein supplementation on biological antioxidant status in preterm infants: a randomized clinical trial	Journal of Maternal-Fetal & Neonatal Medicine	2013	10.3109/14767058.2013.783801	https://pubmed.ncbi.nlm.nih.gov/23480554/	.
first_pass	Cochrane_reviews/first_pass/CD012178_lutein_preterm.pdf	CD012178_lutein_preterm	Dani 2012	22003960	.	no	direct_pubmed_link	Lutein and zeaxanthin supplementation in preterm infants to prevent retinopathy of prematurity: a randomized controlled study	Journal of Maternal-Fetal and Neonatal Medicine	2012	10.3109/14767058.2011	https://pubmed.ncbi.nlm.nih.gov/22003960/	.
first_pass	Cochrane_reviews/first_pass/CD012178_lutein_preterm.pdf	CD012178_lutein_preterm	Manzoni 2013	22773282	.	no	direct_pubmed_link	Lutein and zeaxanthin supplementation in preterm very low-birth-weight neonates in neonatal intensive care units: a multicenter randomized controlled trial	American Journal of Perinatology	2013	10.1055/s-0032-1321494	https://pubmed.ncbi.nlm.nih.gov/22773282/	.
first_pass	Cochrane_reviews/first_pass/CD012178_lutein_preterm.pdf	CD012178_lutein_preterm	Romagnoli 2011	21942614	.	no	direct_pubmed_link	A prospective, randomized, double blind study comparing lutein to placebo for reducing occurrence and severity of retinopathy of prematurity	Journal of Maternal-Fetal & Neonatal Medicine	2011	10.3109/14767058.2011.607618	https://pubmed.ncbi.nlm.nih.gov/21942614/	.
first_pass	Cochrane_reviews/first_pass/CD012178_lutein_preterm.pdf	CD012178_lutein_preterm	Rubin 2012	21760585	.	no	direct_pubmed_link	Effect of carotenoid supplementation on plasma carotenoids, inflammation and visual development in preterm infants	Journal of Perinatology	2012	10.1038/jp.2011.87	https://pubmed.ncbi.nlm.nih.gov/21760585/	.
first_pass	Cochrane_reviews/first_pass/CD012214_metformin_hyperplasia.pdf	CD012214_metformin_hyperplasia	Ravi 2021	33773565	PMC8286694	yes	direct_pubmed_link	A randomized clinical trial of levonorgestrel intrauterine system with or without metformin for treatment of endometrial hyperplasia without atypia in indian women	Asian Pacific Journal of Cancer Prevention : APJCP	2021	10.31557/apjcp.2021.22.3.983	https://pubmed.ncbi.nlm.nih.gov/33773565/	https://pmc.ncbi.nlm.nih.gov/articles/PMC8286694/
first_pass	Cochrane_reviews/first_pass/CD012214_metformin_hyperplasia.pdf	CD012214_metformin_hyperplasia	Shan 2014	25045434	PMC4102740	yes	direct_pubmed_link	Conservative therapy with metformin plus megestrol acetate for endometrial atypical hyperplasia	Journal of Gynecologic Oncology	2014	10.3802/jgo.2014.25.3.214	https://pubmed.ncbi.nlm.nih.gov/25045434/	https://pmc.ncbi.nlm.nih.gov/articles/PMC4102740/
first_pass	Cochrane_reviews/first_pass/CD012214_metformin_hyperplasia.pdf	CD012214_metformin_hyperplasia	Sharifzadeh 2016	27690687	.	no	direct_pubmed_link	A comparison between the effects of metformin and megestrol on simple endometrial hyperplasia	Gynecological Endocrinology	2016	.	https://pubmed.ncbi.nlm.nih.gov/27690687/	.
first_pass	Cochrane_reviews/first_pass/CD012214_metformin_hyperplasia.pdf	CD012214_metformin_hyperplasia	Tabrizi 2014	25556427	.	no	direct_pubmed_link	Antiproliferative effect of metformin on the endometrium − a clinical trial	Asian Pacific Journal of Cancer Prevention	2014	.	https://pubmed.ncbi.nlm.nih.gov/25556427/	.
first_pass	Cochrane_reviews/first_pass/CD012214_metformin_hyperplasia.pdf	CD012214_metformin_hyperplasia	Tehranian 2021	32652300	.	no	direct_pubmed_link	The impact of adjunctive metformin to progesterone for the treatment of non-atypical endometrial hyperplasia in a randomized fashion, a placebo-controlled, double blind clinical trial	Journal of Gynecology Obstetrics and Human Reproduction	2021	10.1016/j.jogoh.2020.101863	https://pubmed.ncbi.nlm.nih.gov/32652300/	.
first_pass	Cochrane_reviews/first_pass/CD012214_metformin_hyperplasia.pdf	CD012214_metformin_hyperplasia	Yang 2020	31961463	.	no	direct_pubmed_link	Metformin plus megestrol acetate compared with megestrol acetate alone as fertility-sparing treatment in patients with atypical endometrial hyperplasia and well-differentiated endometrial cancer: a randomised controlled trial	BJOG: An International Journal of Obstetrics & Gynaecology	2020	10.1111/1471-0528.16108	https://pubmed.ncbi.nlm.nih.gov/31961463/	.
first_pass	Cochrane_reviews/first_pass/CD014762_nsaids_uti.pdf	CD014762_nsaids_uti	Bleidorn 2010	20504298	PMC2890534	yes	direct_pubmed_link	Symptomatic treatment (ibuprofen) or antibiotics (ciprofloxacin) for uncomplicated urinary tract infection?--results of a randomized controlled pilot trial	BMC Medicine	2010	.	https://pubmed.ncbi.nlm.nih.gov/20504298/	https://pmc.ncbi.nlm.nih.gov/articles/PMC2890534/
first_pass	Cochrane_reviews/first_pass/CD014762_nsaids_uti.pdf	CD014762_nsaids_uti	Bleidorn 2010	21457558	PMC3080301	yes	direct_pubmed_link	Practices, patients and (im)perfect data--feasibility of a randomised controlled clinical drug trial in German general practices	Trials [Electronic Resource]	2011	.	https://pubmed.ncbi.nlm.nih.gov/21457558/	https://pmc.ncbi.nlm.nih.gov/articles/PMC3080301/
first_pass	Cochrane_reviews/first_pass/CD014762_nsaids_uti.pdf	CD014762_nsaids_uti	Gagyor 2012	26909012	PMC4749724	yes	direct_pubmed_link	Recurrent urinary tract infections and complications after symptomatic versus antibiotic treatment: follow-up of a randomised controlled trial	German Medical Science	2016	.	https://pubmed.ncbi.nlm.nih.gov/26909012/	https://pmc.ncbi.nlm.nih.gov/articles/PMC4749724/
first_pass	Cochrane_reviews/first_pass/CD014762_nsaids_uti.pdf	CD014762_nsaids_uti	Gagyor 2012	26698878	PMC4688879	yes	direct_pubmed_link	Ibuprofen versus fosfomycin for uncomplicated urinary tract infection in women: randomised controlled trial	BMJ	2015	.	https://pubmed.ncbi.nlm.nih.gov/26698878/	https://pmc.ncbi.nlm.nih.gov/articles/PMC4688879/
first_pass	Cochrane_reviews/first_pass/CD014762_nsaids_uti.pdf	CD014762_nsaids_uti	Gagyor 2012	22742538	PMC3412701	yes	direct_pubmed_link	Immediate versus conditional treatment of uncomplicated urinary tract infection - a randomized-controlled comparative effectiveness study in general practices	BMC Infectious Diseases	2012	.	https://pubmed.ncbi.nlm.nih.gov/22742538/	https://pmc.ncbi.nlm.nih.gov/articles/PMC3412701/
first_pass	Cochrane_reviews/first_pass/CD014762_nsaids_uti.pdf	CD014762_nsaids_uti	Ko 2018	30221336	.	no	direct_pubmed_link	Is a combination of antibiotics and non-steroidal anti-inflammatory drugs more beneficial than antibiotic monotherapy for the treatment of female acute uncomplicated cystitis? A randomized controlled pilot study	Urology Journal	2018	.	https://pubmed.ncbi.nlm.nih.gov/30221336/	.
first_pass	Cochrane_reviews/first_pass/CD014762_nsaids_uti.pdf	CD014762_nsaids_uti	Kronenberg 2017	29113968	PMC5672899	yes	direct_pubmed_link	Symptomatic treatment of uncomplicated lower urinary tract infections in the ambulatory setting: randomised, double blind trial [Erratum in: BMJ	BMJ	2017	10.1136/bmj.j5268	https://pubmed.ncbi.nlm.nih.gov/29113968/	https://pmc.ncbi.nlm.nih.gov/articles/PMC5672899/
first_pass	Cochrane_reviews/first_pass/CD014762_nsaids_uti.pdf	CD014762_nsaids_uti	Moore 2019	30685500	.	no	direct_pubmed_link	Uva-ursi extract and ibuprofen as alternative treatments for uncomplicated urinary tract infection in women (ATAFUTI): a factorial randomized trial	Clinical Microbiology & Infection	2019	.	https://pubmed.ncbi.nlm.nih.gov/30685500/	.
first_pass	Cochrane_reviews/first_pass/CD014762_nsaids_uti.pdf	CD014762_nsaids_uti	Moore 2019	28886751	PMC5591533	yes	direct_pubmed_link	Uva-ursi extract and ibuprofen as alternative treatments of adult female urinary tract infection (ATAFUTI): study protocol for a randomised controlled trial	Trials [Electronic Resource]	2017	.	https://pubmed.ncbi.nlm.nih.gov/28886751/	https://pmc.ncbi.nlm.nih.gov/articles/PMC5591533/
first_pass	Cochrane_reviews/first_pass/CD014762_nsaids_uti.pdf	CD014762_nsaids_uti	Vik 2018	29763434	PMC5953442	yes	direct_pubmed_link	Ibuprofen versus pivmecillinam for uncomplicated urinary tract infection in women-A double-blind, randomized non-inferiority trial	PLoS Medicine / Public Library of Science	2012	.	https://pubmed.ncbi.nlm.nih.gov/29763434/	https://pmc.ncbi.nlm.nih.gov/articles/PMC5953442/
first_pass	Cochrane_reviews/first_pass/CD014762_nsaids_uti.pdf	CD014762_nsaids_uti	Vik 2018	25516016	PMC4273435	yes	direct_pubmed_link	Ibuprofen versus mecillinam for uncomplicated cystitis--a randomized controlled trial study protocol	BMC Infectious Diseases	2014	.	https://pubmed.ncbi.nlm.nih.gov/25516016/	https://pmc.ncbi.nlm.nih.gov/articles/PMC4273435/
first_pass	Cochrane_reviews/first_pass/CD014762_nsaids_uti.pdf	CD014762_nsaids_uti	Vik 2018	32868350	PMC7462246	yes	direct_pubmed_link	Predicting the use of antibiotics after initial symptomatic treatment of an uncomplicated urinary tract infection: analyses performed after a randomised controlled trial	BMJ Open	2020	.	https://pubmed.ncbi.nlm.nih.gov/32868350/	https://pmc.ncbi.nlm.nih.gov/articles/PMC7462246/
first_pass	Cochrane_reviews/first_pass/CD014811_loop_diuretics_hf.pdf	CD014811_loop_diuretics_hf	Allen 2010	20538132	PMC3900281	yes	direct_pubmed_link	Continuous versus bolus dosing of furosemide for patients hospitalized for heart failure	American Journal of Cardiology	2010	10.1016/j.amjcard.2010.01.355	https://pubmed.ncbi.nlm.nih.gov/20538132/	https://pmc.ncbi.nlm.nih.gov/articles/PMC3900281/
first_pass	Cochrane_reviews/first_pass/CD014811_loop_diuretics_hf.pdf	CD014811_loop_diuretics_hf	Felker 2011	21366472	PMC3412356	yes	direct_pubmed_link	Diuretic strategies in patients with acute decompensated heart failure	New England Journal of Medicine	2011	10.1056/nejmoa1005419	https://pubmed.ncbi.nlm.nih.gov/21366472/	https://pmc.ncbi.nlm.nih.gov/articles/PMC3412356/
first_pass	Cochrane_reviews/first_pass/CD014811_loop_diuretics_hf.pdf	CD014811_loop_diuretics_hf	Llorens 2014	23793945	.	no	direct_pubmed_link	Clinical effects and safety of different strategies for administering intravenous diuretics in acutely decompensated heart failure: a randomised clinical trial	Emergency Medicine Journal	2014	10.1136/emermed-2013-202526	https://pubmed.ncbi.nlm.nih.gov/23793945/	.
first_pass	Cochrane_reviews/first_pass/CD014811_loop_diuretics_hf.pdf	CD014811_loop_diuretics_hf	Sager 2020	32670365	PMC7338932	yes	direct_pubmed_link	Increased mortality in elderly heart failure patients receiving infusion of furosemide compared to elderly heart failure patients receiving bolus injection	Journal of Geriatric Cardiology	2020	10.11909/j.issn.1671-5411.2020.06.009	https://pubmed.ncbi.nlm.nih.gov/32670365/	https://pmc.ncbi.nlm.nih.gov/articles/PMC7338932/
first_pass	Cochrane_reviews/first_pass/CD014811_loop_diuretics_hf.pdf	CD014811_loop_diuretics_hf	Shah 2014	24973836	PMC4121756	yes	direct_pubmed_link	A prospective, randomized study to evaluate the efficacy of various diuretic strategies in acute decompensated heart failure	Indian Heart Journal	2014	10.1016/j.ihj.2014.03.006	https://pubmed.ncbi.nlm.nih.gov/24973836/	https://pmc.ncbi.nlm.nih.gov/articles/PMC4121756/
first_pass	Cochrane_reviews/first_pass/CD014811_loop_diuretics_hf.pdf	CD014811_loop_diuretics_hf	Yayla 2015	26135463	.	no	direct_pubmed_link	Comparison of three diuretic treatment strategies for patients with acute decompensated heart failure	Herz	2015	10.1007/s00059-015-4327-y	https://pubmed.ncbi.nlm.nih.gov/26135463/	.
first_pass	Cochrane_reviews/first_pass/CD014811_loop_diuretics_hf.pdf	CD014811_loop_diuretics_hf	Zheng 2021	33689236	PMC8120396	yes	direct_pubmed_link	Continuous versus intermittent use of furosemide in patients with heart failure and moderate chronic renal dysfunction	ESC Heart Failure	2021	10.1002/ehf2.13286	https://pubmed.ncbi.nlm.nih.gov/33689236/	https://pmc.ncbi.nlm.nih.gov/articles/PMC8120396/
first_pass	Cochrane_reviews/first_pass/CD014960_antibiotics_leptospirosis.pdf	CD014960_antibiotics_leptospirosis	Costa 2003	12870063	.	no	direct_pubmed_link	Penicillin at the late stage of leptospirosis: a randomized controlled trial	Revista do Instituto de Medicina Tropical de Sao Paulo	2003	.	https://pubmed.ncbi.nlm.nih.gov/12870063/	.
first_pass	Cochrane_reviews/first_pass/CD014960_antibiotics_leptospirosis.pdf	CD014960_antibiotics_leptospirosis	Daher 2000	11136519	.	no	direct_pubmed_link	Evaluation of penicillin therapy in patients with leptospirosis and acute renal failure	Revista do Instituto de Medicina Tropical de São Paulo	2000	.	https://pubmed.ncbi.nlm.nih.gov/11136519/	.
first_pass	Cochrane_reviews/first_pass/CD014960_antibiotics_leptospirosis.pdf	CD014960_antibiotics_leptospirosis	Edwards 1988	3189700	.	no	direct_pubmed_link	Penicillin therapy in icteric leptospirosis	American Journal of Tropical Medicine and Hygiene	1988	.	https://pubmed.ncbi.nlm.nih.gov/3189700/	.
first_pass	Cochrane_reviews/first_pass/CD014960_antibiotics_leptospirosis.pdf	CD014960_antibiotics_leptospirosis	Fairburn 1956	13279151	.	no	direct_pubmed_link	Chloramphenicol and penicillin in the treatment of leptospirosis among British troops in Malaya	Lancet	1956	.	https://pubmed.ncbi.nlm.nih.gov/13279151/	.
first_pass	Cochrane_reviews/first_pass/CD014960_antibiotics_leptospirosis.pdf	CD014960_antibiotics_leptospirosis	McClain 1984	6712032	.	no	direct_pubmed_link	Doxcycyline therapy for leptospirosis	Annals of Internal Medicine	1984	.	https://pubmed.ncbi.nlm.nih.gov/6712032/	.
first_pass	Cochrane_reviews/first_pass/CD014960_antibiotics_leptospirosis.pdf	CD014960_antibiotics_leptospirosis	Panaphut 2003	12802748	.	no	direct_pubmed_link	Ceftriaxone compared with sodium penicillin for treatment of severe leptospirosis	Clinical Infectious Diseases	2003	.	https://pubmed.ncbi.nlm.nih.gov/12802748/	.
first_pass	Cochrane_reviews/first_pass/CD014960_antibiotics_leptospirosis.pdf	CD014960_antibiotics_leptospirosis	Phimda 2007	17638700	PMC2043199	yes	direct_pubmed_link	Doxycycline versus azithromycin for treatment of leptospirosis and scrub typhus	Antimicrobial Agents and Chemotherapy	2007	.	https://pubmed.ncbi.nlm.nih.gov/17638700/	https://pmc.ncbi.nlm.nih.gov/articles/PMC2043199/
first_pass	Cochrane_reviews/first_pass/CD014960_antibiotics_leptospirosis.pdf	CD014960_antibiotics_leptospirosis	Suputtamongkol 2004	15546074	.	no	direct_pubmed_link	An open, randomized controlled trial of penicillin, doxycycline, and cefotaxime for patients with severe leptospirosis	Clinical Infectious Diseases	2004	.	https://pubmed.ncbi.nlm.nih.gov/15546074/	.
first_pass	Cochrane_reviews/first_pass/CD014960_antibiotics_leptospirosis.pdf	CD014960_antibiotics_leptospirosis	Watt 1988	2893865	.	no	direct_pubmed_link	Placebo-controlled trial of intravenous penicillin for severe and late leptospirosis	Lancet	1988	10.1016/s0140-6736(88)91230-5	https://pubmed.ncbi.nlm.nih.gov/2893865/	.
first_pass	Cochrane_reviews/first_pass/CD015040_rtms_ptsd.pdf	CD015040_rtms_ptsd	Ahmadizadeh 2018	29883597	.	no	direct_pubmed_link	Unilateral right and bilateral dorsolateral prefrontal cortex transcranial magnetic stimulation in treatment post-traumatic stress disorder: a randomized controlled study	Brain Research Bulletin	2018	.	https://pubmed.ncbi.nlm.nih.gov/29883597/	.
first_pass	Cochrane_reviews/first_pass/CD015040_rtms_ptsd.pdf	CD015040_rtms_ptsd	Boggio 2010	20051219	PMC3260527	yes	direct_pubmed_link	Noninvasive brain stimulation with high-frequency and low-intensity repetitive transcranial magnetic stimulation treatment for posttraumatic stress disorder	Journal of Clinical Psychiatry	2010	10.4088/jcp.08m04638blu	https://pubmed.ncbi.nlm.nih.gov/20051219/	https://pmc.ncbi.nlm.nih.gov/articles/PMC3260527/
first_pass	Cochrane_reviews/first_pass/CD015040_rtms_ptsd.pdf	CD015040_rtms_ptsd	Cohen 2004	14992978	.	no	direct_pubmed_link	Repetitive transcranial magnetic stimulation of the right dorsolateral prefrontal cortex in posttraumatic stress disorder: a double-blind, placebo-controlled study	American Journal of Psychiatry	2004	10.1176/appi.ajp.161.3.515	https://pubmed.ncbi.nlm.nih.gov/14992978/	.
first_pass	Cochrane_reviews/first_pass/CD015040_rtms_ptsd.pdf	CD015040_rtms_ptsd	Fryml 2019	29952863	.	no	direct_pubmed_link	Exposure therapy and simultaneous repetitive transcranial magnetic stimulation: a controlled pilot trial for the treatment of posttraumatic stress disorder	Journal of ECT	2019	10.1097/yct.0000000000000505	https://pubmed.ncbi.nlm.nih.gov/29952863/	.
first_pass	Cochrane_reviews/first_pass/CD015040_rtms_ptsd.pdf	CD015040_rtms_ptsd	George 2014	24731434	.	no	direct_pubmed_link	A two-site pilot randomized 3 day trial of high dose left prefrontal repetitive transcranial magnetic stimulation (rTMS) for suicidal inpatients	Brain Stimulation	2014	10.1016/j.brs.2014.03.006	https://pubmed.ncbi.nlm.nih.gov/24731434/	.
first_pass	Cochrane_reviews/first_pass/CD015040_rtms_ptsd.pdf	CD015040_rtms_ptsd	Isserles 2013	22921765	.	no	direct_pubmed_link	Effectiveness of deep transcranial magnetic stimulation combined with a brief exposure procedure in post-traumatic stress disorder–a pilot study	Brain Stimulation	2013	10.1016/j.brs.2012.07.008	https://pubmed.ncbi.nlm.nih.gov/22921765/	.
first_pass	Cochrane_reviews/first_pass/CD015040_rtms_ptsd.pdf	CD015040_rtms_ptsd	Isserles 2021	34274108	.	no	direct_pubmed_link	Deep transcranial magnetic stimulation combined with brief exposure for posttraumatic stress disorder: a prospective multisite randomized trial	Biological Psychiatry	2021	10.1016/j.biopsych.2021.04.019	https://pubmed.ncbi.nlm.nih.gov/34274108/	.
first_pass	Cochrane_reviews/first_pass/CD015040_rtms_ptsd.pdf	CD015040_rtms_ptsd	Kozel 2018	29351885	.	no	direct_pubmed_link	Repetitive TMS to augment cognitive processing therapy in combat veterans of recent conflicts with PTSD: a randomized clinical trial	Journal of Affective Disorders	2018	.	https://pubmed.ncbi.nlm.nih.gov/29351885/	.
first_pass	Cochrane_reviews/first_pass/CD015040_rtms_ptsd.pdf	CD015040_rtms_ptsd	Leong 2020	32379487	PMC7564694	yes	direct_pubmed_link	A randomized sham-controlled trial of 1-Hz and 10-Hz repetitive transcranial magnetic stimulation (rTMS) of the right dorsolateral prefrontal cortex in civilian post-traumatic stress disorder	Canadian Journal of Psychiatry	2020	10.1177/0706743720923064	https://pubmed.ncbi.nlm.nih.gov/32379487/	https://pmc.ncbi.nlm.nih.gov/articles/PMC7564694/
first_pass	Cochrane_reviews/first_pass/CD015040_rtms_ptsd.pdf	CD015040_rtms_ptsd	Nam 2013	24023554	PMC3766761	yes	direct_pubmed_link	Low-frequency, repetitive transcranial magnetic stimulation for the treatment of patients with posttraumatic stress disorder: a double-blind, sham-controlled study	Clinical Psychopharmacology and Neuroscience	2013	10.9758/cpn.2013.11.2.96	https://pubmed.ncbi.nlm.nih.gov/24023554/	https://pmc.ncbi.nlm.nih.gov/articles/PMC3766761/
first_pass	Cochrane_reviews/first_pass/CD015040_rtms_ptsd.pdf	CD015040_rtms_ptsd	Philip 2019a	34229284	PMC8349789	yes	direct_pubmed_link	Intermittent theta burst stimulation in veterans with mild alcohol use disorder	Journal of Affective Disorders	2021	10.1016/j.jad.2021.06.039	https://pubmed.ncbi.nlm.nih.gov/34229284/	https://pmc.ncbi.nlm.nih.gov/articles/PMC8349789/
first_pass	Cochrane_reviews/first_pass/CD015040_rtms_ptsd.pdf	CD015040_rtms_ptsd	Philip 2019a	35670065	PMC8957628	yes	direct_pubmed_link	Heart rate variability features as predictors of intermittent theta-burst stimulation response in posttraumatic stress disorder	Neuromodulation: Technology at the Neural Interface	2022	10.1111/ner.13529	https://pubmed.ncbi.nlm.nih.gov/35670065/	https://pmc.ncbi.nlm.nih.gov/articles/PMC8957628/
first_pass	Cochrane_reviews/first_pass/CD015040_rtms_ptsd.pdf	CD015040_rtms_ptsd	Philip 2019a	31230462	PMC6824981	yes	direct_pubmed_link	Theta-burst transcranial magnetic stimulation for posttraumatic stress disorder	American Journal of Psychiatry	2019	10.1176/appi.ajp.2019.18101160	https://pubmed.ncbi.nlm.nih.gov/31230462/	https://pmc.ncbi.nlm.nih.gov/articles/PMC6824981/
first_pass	Cochrane_reviews/first_pass/CD015040_rtms_ptsd.pdf	CD015040_rtms_ptsd	Watts 2012	22264669	.	no	direct_pubmed_link	A sham controlled study of repetitive transcranial magnetic stimulation for posttraumatic stress disorder	Brain Stimulation	2012	10.1016/j.brs.2011.02.002	https://pubmed.ncbi.nlm.nih.gov/22264669/	.
first_pass	Cochrane_reviews/first_pass/CD015751_lubricating_drops_lens.pdf	CD015751_lubricating_drops_lens	Barabino 2005	15825529	.	no	direct_pubmed_link	Effects of a 0.9% sodium chloride ophthalmic solution on the ocular surface of symptomatic contact lens wearers	Canadian Journal of Ophthalmology [Journal Canadien d'Ophtalmologie]	2005	.	https://pubmed.ncbi.nlm.nih.gov/15825529/	.
first_pass	Cochrane_reviews/first_pass/CD015751_lubricating_drops_lens.pdf	CD015751_lubricating_drops_lens	Malet 2003	12769155	.	no	direct_pubmed_link	Preservative-free ocular hydrating agents in symptomatic contact lens wearers: saline versus PVP solution	Eye & Contact Lens	2003	.	https://pubmed.ncbi.nlm.nih.gov/12769155/	.
first_pass	Cochrane_reviews/first_pass/CD015751_lubricating_drops_lens.pdf	CD015751_lubricating_drops_lens	McDonald 2014	24552755	.	no	direct_pubmed_link	Systane® Ultra lubricant eye drops for treatment of contact lens-related dryness	Eye & Contact Lens	2014	.	https://pubmed.ncbi.nlm.nih.gov/24552755/	.
first_pass	Cochrane_reviews/first_pass/CD015751_lubricating_drops_lens.pdf	CD015751_lubricating_drops_lens	Pucker 2020	31727514	.	no	direct_pubmed_link	Evaluation of Systane® Complete for the treatment of contact lens discomfort	Contact Lens and Anterior Eye	2020	.	https://pubmed.ncbi.nlm.nih.gov/31727514/	.
first_pass	Cochrane_reviews/first_pass/CD015751_lubricating_drops_lens.pdf	CD015751_lubricating_drops_lens	Pucker 2021	33323320	.	no	direct_pubmed_link	Application of Systane® Complete for the treatment of contact lens discomfort	Contact Lens and Anterior eye	2021	.	https://pubmed.ncbi.nlm.nih.gov/33323320/	.
second_pass	Cochrane_reviews/second_pass/CD004661_magnesium_preterm_neuro.pdf	CD004661_magnesium_preterm_neuro	Crowther 2003	14645308	.	no	direct_pubmed_link	Effect of magnesium sulfate given for neuroprotection before preterm birth	JAMA	2003	.	https://pubmed.ncbi.nlm.nih.gov/14645308/	.
second_pass	Cochrane_reviews/second_pass/CD004661_magnesium_preterm_neuro.pdf	CD004661_magnesium_preterm_neuro	Crowther 2003	25226476	.	no	direct_pubmed_link	School-age outcomes of very preterm infants after antenatal treatment with magnesium sulfate vs placebo	JAMA	2014	.	https://pubmed.ncbi.nlm.nih.gov/25226476/	.
second_pass	Cochrane_reviews/second_pass/CD004661_magnesium_preterm_neuro.pdf	CD004661_magnesium_preterm_neuro	Crowther 2023	37581672	PMC10427942	yes	direct_pubmed_link	Prenatal intravenous magnesium at 30-34 weeks’ gestation and neurodevelopmental outcomes in offspring: the MAGENTA randomized clinical trial	JAMA	2023	.	https://pubmed.ncbi.nlm.nih.gov/37581672/	https://pmc.ncbi.nlm.nih.gov/articles/PMC10427942/
second_pass	Cochrane_reviews/second_pass/CD004661_magnesium_preterm_neuro.pdf	CD004661_magnesium_preterm_neuro	Crowther 2023	23570677	PMC3636106	yes	direct_pubmed_link	Magnesium sulphate at 30 to 34 weeks' gestational age: neuroprotection trial (MAGENTA) - study protocol	BMC Pregnancy and Childbirth	2013	.	https://pubmed.ncbi.nlm.nih.gov/23570677/	https://pmc.ncbi.nlm.nih.gov/articles/PMC3636106/
second_pass	Cochrane_reviews/second_pass/CD004661_magnesium_preterm_neuro.pdf	CD004661_magnesium_preterm_neuro	Crowther 2023	35331677	PMC9043972	yes	direct_pubmed_link	Effect of antenatal magnesium sulphate on MRI biomarkers of white matter development at term equivalent age: the MagNUM Study	EBioMedicine	2022	.	https://pubmed.ncbi.nlm.nih.gov/35331677/	https://pmc.ncbi.nlm.nih.gov/articles/PMC9043972/
second_pass	Cochrane_reviews/second_pass/CD004661_magnesium_preterm_neuro.pdf	CD004661_magnesium_preterm_neuro	Marret 2006	24837863	.	no	direct_pubmed_link	School-age outcomes following a randomized controlled trial of magnesium sulfate for neuroprotection of preterm infants	Journal of Pediatrics	2014	.	https://pubmed.ncbi.nlm.nih.gov/24837863/	.
second_pass	Cochrane_reviews/second_pass/CD004661_magnesium_preterm_neuro.pdf	CD004661_magnesium_preterm_neuro	Marret 2006	18166581	.	no	direct_pubmed_link	Benefit of magnesium sulfate given before very preterm birth to protect infant brain	Pediatrics	2008	.	https://pubmed.ncbi.nlm.nih.gov/18166581/	.
second_pass	Cochrane_reviews/second_pass/CD004661_magnesium_preterm_neuro.pdf	CD004661_magnesium_preterm_neuro	Marret 2006	18337147	.	no	direct_pubmed_link	Effect of magnesium sulphate on mortality and neurologic morbidity of the very preterm newborn with two-year neurological outcome: results of the prospective PREMAG trial [Effet du sulfate de magnésium sur la mortalité et la morbidité neurologique chez le prématuré de moins de 33 semaines, avec recul è deux ans: résultats de l'essai prospectif multicentrique contre placebo PREMAG]	Gynécologie Obstétrique & Fertilité	2008	.	https://pubmed.ncbi.nlm.nih.gov/18337147/	.
second_pass	Cochrane_reviews/second_pass/CD004661_magnesium_preterm_neuro.pdf	CD004661_magnesium_preterm_neuro	Mittendorf 2002	9388401	.	no	direct_pubmed_link	Is tocolytic magnesium sulphate associated with increased total paediatric mortality? Lancet 1997;350(9090):1517-8.	Is tocolytic magnesium sulphate associated with increased total paediatric mortality? Lancet	1997	.	https://pubmed.ncbi.nlm.nih.gov/9388401/	.
second_pass	Cochrane_reviews/second_pass/CD004661_magnesium_preterm_neuro.pdf	CD004661_magnesium_preterm_neuro	Mittendorf 2002	11430960	.	no	direct_pubmed_link	Umbilical cord serum ionized magnesium level and total pediatric mortality	Obstetrics & Gynecology	2001	.	https://pubmed.ncbi.nlm.nih.gov/11430960/	.
second_pass	Cochrane_reviews/second_pass/CD004661_magnesium_preterm_neuro.pdf	CD004661_magnesium_preterm_neuro	Rouse 2008	31143877	PMC6510719	yes	direct_pubmed_link	Cord blood haptoglobin, cerebral palsy and death in infants of women at risk for preterm birth: a secondary analysis of a randomised controlled trial	Eclinicalmedicine	2019	.	https://pubmed.ncbi.nlm.nih.gov/31143877/	https://pmc.ncbi.nlm.nih.gov/articles/PMC6510719/
second_pass	Cochrane_reviews/second_pass/CD004661_magnesium_preterm_neuro.pdf	CD004661_magnesium_preterm_neuro	Rouse 2008	21736934	PMC3210377	yes	direct_pubmed_link	Umbilical cord blood biomarkers of neurologic injury and the risk of cerebral palsy or infant death	International Journal of Developmental Neuroscience	2011	.	https://pubmed.ncbi.nlm.nih.gov/21736934/	https://pmc.ncbi.nlm.nih.gov/articles/PMC3210377/
second_pass	Cochrane_reviews/second_pass/CD004661_magnesium_preterm_neuro.pdf	CD004661_magnesium_preterm_neuro	Wolf 2020	23016563	.	no	direct_pubmed_link	Does antenatal magnesium sulfate prevent cerebral palsy in preterm infants? the final trial? Acta Obstetricia et Gynecologica Scandinavica 2012;91(11):1346-7.	Does antenatal magnesium sulfate prevent cerebral palsy in preterm infants? the final trial? Acta Obstetricia et Gynecologica Scandinavica	2012	.	https://pubmed.ncbi.nlm.nih.gov/23016563/	.
second_pass	Cochrane_reviews/second_pass/CD004661_magnesium_preterm_neuro.pdf	CD004661_magnesium_preterm_neuro	Wolf 2020	32394601	.	no	direct_pubmed_link	Re: antenatal magnesium sulphate for the prevention of cerebral palsy in infants born preterm: a double-blind, randomised, placebo-controlled, multi-centre trial: at which gestational ages should magnesium sulphate be given to women at risk of preterm birth? BJOG: an international journal of obstetrics and gynaecology 2020;127(10):1295-6.	.	2020	.	https://pubmed.ncbi.nlm.nih.gov/32394601/	.
second_pass	Cochrane_reviews/second_pass/CD004661_magnesium_preterm_neuro.pdf	CD004661_magnesium_preterm_neuro	Wolf 2020	32237024	.	no	direct_pubmed_link	Antenatal magnesium sulphate for the prevention of cerebral palsy in infants born preterm: a double-blind, randomised, placebo-controlled, multi-centre trial	BJOG: an international journal of obstetrics and gynaecology	2020	.	https://pubmed.ncbi.nlm.nih.gov/32237024/	.
second_pass	Cochrane_reviews/second_pass/CD006586_drospirenone_pms.pdf	CD006586_drospirenone_pms	Eisenlohr‐Moul 2017	28715852	PMC5629109	yes	direct_pubmed_link	Treatment of premenstrual dysphoria with continuous versus intermittent dosing of oral contraceptives: results of a three-arm randomized controlled trial	Depression and Anxiety	2017	.	https://pubmed.ncbi.nlm.nih.gov/28715852/	https://pmc.ncbi.nlm.nih.gov/articles/PMC5629109/
second_pass	Cochrane_reviews/second_pass/CD006586_drospirenone_pms.pdf	CD006586_drospirenone_pms	Freeman 2001	11559453	.	no	direct_pubmed_link	Evaluation of a unique oral contraceptive in the treatment of premenstrual dysphoric disorder	Journal of Women's Health and Gender-Based Medicine	2001	.	https://pubmed.ncbi.nlm.nih.gov/11559453/	.
second_pass	Cochrane_reviews/second_pass/CD006586_drospirenone_pms.pdf	CD006586_drospirenone_pms	Freeman 2001	12659404	.	no	direct_pubmed_link	Evaluation of a unique oral contraceptive (Yasmin) in the management of premenstrual dysphoric disorder	The European Journal of Contraception and Reproductive Health Care	2002	.	https://pubmed.ncbi.nlm.nih.gov/12659404/	.
second_pass	Cochrane_reviews/second_pass/CD006586_drospirenone_pms.pdf	CD006586_drospirenone_pms	Fu 2014	25327732	.	no	direct_pubmed_link	Efficacy and safety of a combined oral contraceptive containing drospirenone 3 mg and ethinylestradiol 20 µg in the treatment of premenstrual dysphoric disorder: a randomized, double blind placebo-controlled study	Zhonghua Fu Chan Ke Za Zhi	2014	.	https://pubmed.ncbi.nlm.nih.gov/25327732/	.
second_pass	Cochrane_reviews/second_pass/CD006586_drospirenone_pms.pdf	CD006586_drospirenone_pms	Pearlstein 2005	16307962	.	no	direct_pubmed_link	Treatment of premenstrual dysphoric disorder with a new drospirenone-containing oral contraceptive formulation	Contraception	2005	.	https://pubmed.ncbi.nlm.nih.gov/16307962/	.
second_pass	Cochrane_reviews/second_pass/CD006586_drospirenone_pms.pdf	CD006586_drospirenone_pms	Yonkers 2005	21338987	.	no	direct_pubmed_link	Ethinyl estradiol 20 μg/drospirenone 3 mg 24/4 oral contraceptive for the treatment of functional impairment in women with premenstrual dysphoric disorder	International Journal of Gynecology and Obstetrics	2011	.	https://pubmed.ncbi.nlm.nih.gov/21338987/	.
second_pass	Cochrane_reviews/second_pass/CD006586_drospirenone_pms.pdf	CD006586_drospirenone_pms	Yonkers 2005	21664515	.	no	direct_pubmed_link	Premenstrual dysphoric disorder symptom cluster improvement by cycle with the combined oral contraceptive ethinylestradiol 20 mcg plus drospirenone 3 mg administered in a 24/4 regimen	Contraception	2011	.	https://pubmed.ncbi.nlm.nih.gov/21664515/	.
second_pass	Cochrane_reviews/second_pass/CD006586_drospirenone_pms.pdf	CD006586_drospirenone_pms	Yonkers 2005	16135578	.	no	direct_pubmed_link	Efficacy of a new low-dose oral contraceptive with drospirenone in premenstrual dysphoric disorder	Obstetrics & Gynecology	2005	.	https://pubmed.ncbi.nlm.nih.gov/16135578/	.
second_pass	Cochrane_reviews/second_pass/CD012664_calcium_vitd_bone.pdf	CD012664_calcium_vitd_bone	Andersen 2008	18208636	.	no	direct_pubmed_link	Effect of vitamin D supplementation on bone and vitamin D status among Pakistani immigrants in Denmark: a randomised double-blinded placebo-controlled intervention study	British Journal of Nutrition	2008	.	https://pubmed.ncbi.nlm.nih.gov/18208636/	.
second_pass	Cochrane_reviews/second_pass/CD012664_calcium_vitd_bone.pdf	CD012664_calcium_vitd_bone	Barger‐Lux 2005	16177196	.	no	direct_pubmed_link	Calcium supplementation does not augment bone gain in young women consuming diets moderately low in calcium	Journal of Nutrition	2005	.	https://pubmed.ncbi.nlm.nih.gov/16177196/	.
second_pass	Cochrane_reviews/second_pass/CD012664_calcium_vitd_bone.pdf	CD012664_calcium_vitd_bone	Islam 2010	20193095	.	no	direct_pubmed_link	Effect of vitamin D, calcium and multiple micronutrient supplementation on vitamin D and bone status in Bangladeshi premenopausal garment factory workers with hypovitaminosis D: a double-blinded, randomised, placebo-controlled 1-year intervention	British Journal of Nutrition	2010	.	https://pubmed.ncbi.nlm.nih.gov/20193095/	.
second_pass	Cochrane_reviews/second_pass/CD012664_calcium_vitd_bone.pdf	CD012664_calcium_vitd_bone	Shapses 2001	11450709	.	no	direct_pubmed_link	Bone turnover and density in obese premenopausal women during moderate weight loss and calcium supplementation	Journal of Bone and Mineral Research	2001	.	https://pubmed.ncbi.nlm.nih.gov/11450709/	.
second_pass	Cochrane_reviews/second_pass/CD012664_calcium_vitd_bone.pdf	CD012664_calcium_vitd_bone	Winters‐Stone 2004	15129926	.	no	direct_pubmed_link	One year of oral calcium supplementation maintains cortical bone density in young adult female distance runners	International Journal of Sport Nutrition & Exercise Metabolism	2004	.	https://pubmed.ncbi.nlm.nih.gov/15129926/	.
second_pass	Cochrane_reviews/second_pass/CD012664_calcium_vitd_bone.pdf	CD012664_calcium_vitd_bone	Woo 2007	17627404	.	no	direct_pubmed_link	Milk supplementation and bone health in young adult Chinese women	Journal of Women's Health	2007	.	https://pubmed.ncbi.nlm.nih.gov/17627404/	.
second_pass	Cochrane_reviews/second_pass/CD013476_aspirin_desensitisation.pdf	CD013476_aspirin_desensitisation	Arshi 2021	34134450	.	no	direct_pubmed_link	The effect of aspirin on moderate to severe asthmatic patients with aspirin hypersensitivity, chronic rhinosinusitis, and nasal polyposis	Iranian Journal of Allergy, Asthma, and Immunology	2021	10.18502/ijaai.v20i3.6330	https://pubmed.ncbi.nlm.nih.gov/34134450/	.
second_pass	Cochrane_reviews/second_pass/CD013476_aspirin_desensitisation.pdf	CD013476_aspirin_desensitisation	Esmaeilzadeh 2015	26083948	.	no	direct_pubmed_link	Aspirin desensitization for patients with aspirin-exacerbated respiratory disease: a randomized double-blind placebo-controlled trial	Clinical Immunology	2015	10.1016/j.clim.2015.05.012	https://pubmed.ncbi.nlm.nih.gov/26083948/	.
second_pass	Cochrane_reviews/second_pass/CD013476_aspirin_desensitisation.pdf	CD013476_aspirin_desensitisation	Fruth 2013	23464577	.	no	direct_pubmed_link	Low-dose aspirin desensitization in individuals with aspirin-exacerbated respiratory disease	Allergy	2013	10.1111/all.12131	https://pubmed.ncbi.nlm.nih.gov/23464577/	.
second_pass	Cochrane_reviews/second_pass/CD013476_aspirin_desensitisation.pdf	CD013476_aspirin_desensitisation	Mortazavi 2017	29552073	PMC5843326	yes	direct_pubmed_link	Clinical and immunological efficacy of aspirin desensitization in nasal polyp patients with aspirin-exacerbated respiratory disease	Iranian Journal of Pharmaceutical Research	2017	.	https://pubmed.ncbi.nlm.nih.gov/29552073/	https://pmc.ncbi.nlm.nih.gov/articles/PMC5843326/
second_pass	Cochrane_reviews/second_pass/CD013476_aspirin_desensitisation.pdf	CD013476_aspirin_desensitisation	Świerczyńska‐Krępa 2014	24767875	.	no	direct_pubmed_link	Aspirin desensitization in patients with aspirin-induced and aspirin-tolerant asthma: a double-blind study	Journal of Allergy and Clinical Immunology	2014	10.1016/j.jaci.2014.02.041	https://pubmed.ncbi.nlm.nih.gov/24767875/	.
second_pass	Cochrane_reviews/second_pass/CD013595_daratumumab_ndmm.pdf	CD013595_daratumumab_ndmm	ALCYONE	31620815	PMC6900260	yes	direct_pubmed_link	Daratumumab plus bortezomib, melphalan, and prednisone in East Asian patients with non-transplant multiple myeloma: subanalysis of the randomized phase 3 alcyone trial	Annals of Hematology	2019	.	https://pubmed.ncbi.nlm.nih.gov/31620815/	https://pmc.ncbi.nlm.nih.gov/articles/PMC6900260/
second_pass	Cochrane_reviews/second_pass/CD013595_daratumumab_ndmm.pdf	CD013595_daratumumab_ndmm	MAIA	34974527	PMC8979809	yes	direct_pubmed_link	Daratumumab plus lenalidomide and dexamethasone in transplant-ineligible newly diagnosed multiple myeloma: frailty subgroup analysis of maia	Leukemia	2022	.	https://pubmed.ncbi.nlm.nih.gov/34974527/	https://pmc.ncbi.nlm.nih.gov/articles/PMC8979809/
second_pass	Cochrane_reviews/second_pass/CD013595_daratumumab_ndmm.pdf	CD013595_daratumumab_ndmm	OCTANS	37024420	.	no	direct_pubmed_link	Bortezomib, melphalan, and prednisone with or without daratumumab in transplant-ineligible Asian patients with newly diagnosed multiple myeloma: the phase 3 octans study	Clinical Lymphoma, Myeloma and Leukemia June	2023	.	https://pubmed.ncbi.nlm.nih.gov/37024420/	.
second_pass	Cochrane_reviews/second_pass/CD013765_af_ablation_drugs.pdf	CD013765_af_ablation_drugs	Ad 2016	26253874	.	no	direct_pubmed_link	Amiodarone after surgical ablation for atrial fibrillation: is it really necessary? A prospective randomized controlled trial	Journal of Thoracic and Cardiovascular Surgery	2015	.	https://pubmed.ncbi.nlm.nih.gov/26253874/	.
second_pass	Cochrane_reviews/second_pass/CD013765_af_ablation_drugs.pdf	CD013765_af_ablation_drugs	Darkner 2014	25182250	.	no	direct_pubmed_link	Recurrence of arrhythmia following short-term oral AMIOdarone after CATheter ablation for atrial fibrillation: a double-blind, randomized, placebo-controlled study (AMIO-CAT trial)	European Heart Journal	2014	.	https://pubmed.ncbi.nlm.nih.gov/25182250/	.
second_pass	Cochrane_reviews/second_pass/CD013765_af_ablation_drugs.pdf	CD013765_af_ablation_drugs	Hayashi 2014	24706088	.	no	direct_pubmed_link	Three-month lower-dose flecainide after catheter ablation of atrial fibrillation	Europace	2014	.	https://pubmed.ncbi.nlm.nih.gov/24706088/	.
second_pass	Cochrane_reviews/second_pass/CD013765_af_ablation_drugs.pdf	CD013765_af_ablation_drugs	Kaitani 2016	26417061	.	no	direct_pubmed_link	Efficacy of antiarrhythmic drugs short-term use after catheter ablation for atrial fibrillation (EAST-AF) trial	European Heart Journal	2016	.	https://pubmed.ncbi.nlm.nih.gov/26417061/	.
second_pass	Cochrane_reviews/second_pass/CD013765_af_ablation_drugs.pdf	CD013765_af_ablation_drugs	Lodziński 2014	24142681	.	no	direct_pubmed_link	Does a blanking period after pulmonary vein isolation impact long-term results? Results after 55 months of follow-up	Cardiology Journal	2014	.	https://pubmed.ncbi.nlm.nih.gov/24142681/	.
second_pass	Cochrane_reviews/second_pass/CD013765_af_ablation_drugs.pdf	CD013765_af_ablation_drugs	Mohanty 2015	25460855	.	no	direct_pubmed_link	Effect of periprocedural amiodarone on procedure outcome in patients with longstanding persistent atrial fibrillation undergoing extended pulmonary vein antrum isolation: results from a randomized study (SPECULATE)	Heart Rhythm	2014	.	https://pubmed.ncbi.nlm.nih.gov/25460855/	.
second_pass	Cochrane_reviews/second_pass/CD013765_af_ablation_drugs.pdf	CD013765_af_ablation_drugs	Roux 2009	19738139	.	no	direct_pubmed_link	Antiarrhythmics after ablation of atrial fibrillation (5A Study)	Circulation	2009	.	https://pubmed.ncbi.nlm.nih.gov/19738139/	.
second_pass	Cochrane_reviews/second_pass/CD013765_af_ablation_drugs.pdf	CD013765_af_ablation_drugs	Turco 2007	17302684	.	no	direct_pubmed_link	Antiarrhythmic drug therapy after radiofrequency catheter ablation in patients with atrial fibrillation	Pacing and Clinical Electrophysiology	2007	.	https://pubmed.ncbi.nlm.nih.gov/17302684/	.
second_pass	Cochrane_reviews/second_pass/CD013823_b12_pregnancy.pdf	CD013823_b12_pregnancy	Duggan 2014	24598885	PMC3985831	yes	direct_pubmed_link	Vitamin B-12 supplementation during pregnancy and early lactation increases maternal, breast milk, and infant measures of vitamin B-12 status	Journal of Nutrition	2014	.	https://pubmed.ncbi.nlm.nih.gov/24598885/	https://pmc.ncbi.nlm.nih.gov/articles/PMC3985831/
second_pass	Cochrane_reviews/second_pass/CD013823_b12_pregnancy.pdf	CD013823_b12_pregnancy	Duggan 2014	31296936	PMC10122513	yes	direct_pubmed_link	Anaemia and iron deficiency in pregnancy and adverse perinatal outcomes in Southern India	European Journal of Clinical Nutrition	2019	.	https://pubmed.ncbi.nlm.nih.gov/31296936/	https://pmc.ncbi.nlm.nih.gov/articles/PMC10122513/
second_pass	Cochrane_reviews/second_pass/CD013823_b12_pregnancy.pdf	CD013823_b12_pregnancy	Duggan 2014	28402324	PMC8141370	yes	direct_pubmed_link	Vitamin B12 status in pregnant women and their infants in South India	European Journal of Clinical Nutrition	2017	.	https://pubmed.ncbi.nlm.nih.gov/28402324/	https://pmc.ncbi.nlm.nih.gov/articles/PMC8141370/
second_pass	Cochrane_reviews/second_pass/CD013823_b12_pregnancy.pdf	CD013823_b12_pregnancy	Duggan 2014	32470975	PMC7330478	yes	direct_pubmed_link	Vitamin B-12 supplementation during pregnancy and early lactation does not affect neurophysiologic outcomes in children aged 6 years	Journal of Nutrition	2020	.	https://pubmed.ncbi.nlm.nih.gov/32470975/	https://pmc.ncbi.nlm.nih.gov/articles/PMC7330478/
second_pass	Cochrane_reviews/second_pass/CD013823_b12_pregnancy.pdf	CD013823_b12_pregnancy	Edelstein 1968	5641006	.	no	direct_pubmed_link	Folic acid and vitamin B12 supplementation during pregnancy in a population subsisting on a sub-optimal diet	Journal of Obstetrics and Gynaecology of the British Commonwealth	1968	.	https://pubmed.ncbi.nlm.nih.gov/5641006/	.
second_pass	Cochrane_reviews/second_pass/CD013823_b12_pregnancy.pdf	CD013823_b12_pregnancy	Metz 1965	14297280	.	no	direct_pubmed_link	Effect of folic acid and vitamin B12 supplementation on tests of folate and vitamin B12 nutrition in pregnancy	American Journal of Clinical Nutrition	1965	.	https://pubmed.ncbi.nlm.nih.gov/14297280/	.
second_pass	Cochrane_reviews/second_pass/CD013823_b12_pregnancy.pdf	CD013823_b12_pregnancy	Siddiqua 2016	25648738	.	no	direct_pubmed_link	Vitamin B12 supplementation during pregnancy and postpartum improves B12 status of both mothers and infants but vaccine response in mothers only: a randomized clinical trial in Bangladesh	European Journal of Nutrition	2016	.	https://pubmed.ncbi.nlm.nih.gov/25648738/	.
second_pass	Cochrane_reviews/second_pass/CD013823_b12_pregnancy.pdf	CD013823_b12_pregnancy	Zec 2020	32302504	.	no	direct_pubmed_link	Vitamin B12 pregnancy supplementation [Vitamin B12 supplementation in addition to folic acid and iron improves hematological and biochemical markers in pregnancy: a randomized controlled trial].	.	2018	.	https://pubmed.ncbi.nlm.nih.gov/32302504/	.
second_pass	Cochrane_reviews/second_pass/CD014803_omega3_depression_youth.pdf	CD014803_omega3_depression_youth	Fristad 2019	28157380	PMC5397211	yes	direct_pubmed_link	Omega-3 fatty acid plasma levels before and after supplementation: correlations with mood and clinical outcomes in the omega-3 and therapy studies	Journal of Child and Adolescent Psychopharmacology	2017	.	https://pubmed.ncbi.nlm.nih.gov/28157380/	https://pmc.ncbi.nlm.nih.gov/articles/PMC5397211/
second_pass	Cochrane_reviews/second_pass/CD014803_omega3_depression_youth.pdf	CD014803_omega3_depression_youth	Fristad 2019	33285389	PMC7856236	yes	direct_pubmed_link	Moody kids years later: long-term outcomes of youth from the omega-3 and therapy (OATS) studies	Journal of Affective Disorders	2021	10.1016/j.jad.2020.11.115	https://pubmed.ncbi.nlm.nih.gov/33285389/	https://pmc.ncbi.nlm.nih.gov/articles/PMC7856236/
second_pass	Cochrane_reviews/second_pass/CD014803_omega3_depression_youth.pdf	CD014803_omega3_depression_youth	Fristad 2019	27819485	PMC6066443	yes	direct_pubmed_link	Pilot randomized controlled trial of omega-3 and individual-family psychoeducational psychotherapy for children and adolescents with depression	Journal of Clinical Child and Adolescent Psychology	2019	.	https://pubmed.ncbi.nlm.nih.gov/27819485/	https://pmc.ncbi.nlm.nih.gov/articles/PMC6066443/
second_pass	Cochrane_reviews/second_pass/CD014803_omega3_depression_youth.pdf	CD014803_omega3_depression_youth	Fristad 2019	26682997	PMC4691654	yes	direct_pubmed_link	A randomized controlled trial of individual family psychoeducational psychotherapy and omega-3 fatty acids in youth with subsyndromal bipolar disorder	Journal of Child and Adolescent Psychopharmacology	2015	.	https://pubmed.ncbi.nlm.nih.gov/26682997/	https://pmc.ncbi.nlm.nih.gov/articles/PMC4691654/
second_pass	Cochrane_reviews/second_pass/CD014803_omega3_depression_youth.pdf	CD014803_omega3_depression_youth	Gabbay 2018	29985566	PMC6625364	yes	direct_pubmed_link	A double-blind placebo-controlled trial of omega-3 fatty acids as a monotherapy for adolescent depression	Journal of Clinical Psychiatry	2018	.	https://pubmed.ncbi.nlm.nih.gov/29985566/	https://pmc.ncbi.nlm.nih.gov/articles/PMC6625364/
second_pass	Cochrane_reviews/second_pass/CD014803_omega3_depression_youth.pdf	CD014803_omega3_depression_youth	McNamara 2020	24915543	PMC5206765	yes	direct_pubmed_link	Effects of fish oil supplementation on prefrontal metabolite concentrations in adolescents with major depressive disorder: a preliminary 1H MRS study	Nutritional Neuroscience	2016	.	https://pubmed.ncbi.nlm.nih.gov/24915543/	https://pmc.ncbi.nlm.nih.gov/articles/PMC5206765/
second_pass	Cochrane_reviews/second_pass/CD014803_omega3_depression_youth.pdf	CD014803_omega3_depression_youth	McNamara 2020	34214231	PMC8720319	yes	direct_pubmed_link	#6191 – McNamara 2021 Fish oil supplementation alters emotion-generated corticolimbic functional connectivity in depressed adolescents at high-risk for bipolar I disorder: a 12-week placebo-controlled fMRI trial	Bipolar Disorders	2021	10.1111/bdi.13110	https://pubmed.ncbi.nlm.nih.gov/34214231/	https://pmc.ncbi.nlm.nih.gov/articles/PMC8720319/
second_pass	Cochrane_reviews/second_pass/CD014803_omega3_depression_youth.pdf	CD014803_omega3_depression_youth	McNamara 2020	32167792	PMC7310320	yes	direct_pubmed_link	Effects of fish oil monotherapy on depression and prefrontal neurochemistry in adolescents at high risk for bipolar I disorder: a 12-week placebo-controlled proton magnetic resonance spectroscopy trial	Journal of Child and Adolescent Psychopharmacology	2020	.	https://pubmed.ncbi.nlm.nih.gov/32167792/	https://pmc.ncbi.nlm.nih.gov/articles/PMC7310320/
second_pass	Cochrane_reviews/second_pass/CD014803_omega3_depression_youth.pdf	CD014803_omega3_depression_youth	McNamara 2020	24772386	PMC3998067	yes	direct_pubmed_link	Detection and treatment of long-chain omega-3 fatty acid deficiency in adolescents with SSRI-resistant major depressive disorder	PharmaNutrition	2014	.	https://pubmed.ncbi.nlm.nih.gov/24772386/	https://pmc.ncbi.nlm.nih.gov/articles/PMC3998067/
second_pass	Cochrane_reviews/second_pass/CD014803_omega3_depression_youth.pdf	CD014803_omega3_depression_youth	Nemets 2006	16741212	.	no	direct_pubmed_link	Omega-3 treatment of childhood depression: a controlled, double-blind pilot study	American Journal of Psychiatry	2006	.	https://pubmed.ncbi.nlm.nih.gov/16741212/	.
second_pass	Cochrane_reviews/second_pass/CD014803_omega3_depression_youth.pdf	CD014803_omega3_depression_youth	Trebaticka 2020	34439504	PMC8389273	yes	direct_pubmed_link	Oxidative stress markers and antioxidant enzymes in children and adolescents with depressive disorder and impact of omega-3 fatty acids in randomised clinical trial	Antioxidants	2021	10.3390/antiox10081256	https://pubmed.ncbi.nlm.nih.gov/34439504/	https://pmc.ncbi.nlm.nih.gov/articles/PMC8389273/
second_pass	Cochrane_reviews/second_pass/CD014803_omega3_depression_youth.pdf	CD014803_omega3_depression_youth	Trebaticka 2020	33050072	PMC7650679	yes	direct_pubmed_link	Lipid profile, lipoprotein subfractions, and fluidity of membranes in children and adolescents with depressive disorder: effect of omega-3 fatty acids in a double-blind randomized controlled study	Biomolecules	2020	.	https://pubmed.ncbi.nlm.nih.gov/33050072/	https://pmc.ncbi.nlm.nih.gov/articles/PMC7650679/
second_pass	Cochrane_reviews/second_pass/CD014803_omega3_depression_youth.pdf	CD014803_omega3_depression_youth	Trebaticka 2020	33801688	PMC8066966	yes	direct_pubmed_link	The effect of omega-3 fatty acids on thromboxane, brain-derived neurotrophic factor, homocysteine, and vitamin D in depressive children and adolescents: randomized controlled trial	Nutrients	2021	.	https://pubmed.ncbi.nlm.nih.gov/33801688/	https://pmc.ncbi.nlm.nih.gov/articles/PMC8066966/
second_pass	Cochrane_reviews/second_pass/CD014803_omega3_depression_youth.pdf	CD014803_omega3_depression_youth	Trebaticka 2020	28690672	PMC5497377	yes	direct_pubmed_link	Emulsified omega-3 fatty-acids modulate the symptoms of depressive disorder in children and adolescents: a pilot study	Child and Adolescent Psychiatry and Mental Health	2017	.	https://pubmed.ncbi.nlm.nih.gov/28690672/	https://pmc.ncbi.nlm.nih.gov/articles/PMC5497377/
second_pass	Cochrane_reviews/second_pass/CD014803_omega3_depression_youth.pdf	CD014803_omega3_depression_youth	Trebaticka 2020	32179212	.	no	direct_pubmed_link	Omega-3 fatty-acids modulate symptoms of depressive disorder, serum levels of omega-3 fatty acids and omega-6/omega-3 ratio in children: a randomized, double-blind and controlled trial	Psychiatry Research	2020	.	https://pubmed.ncbi.nlm.nih.gov/32179212/	.
