review_group	review_pdf	review_id	study_label	reference_status	explicit_pmids	dois	nct_ids	trial_registry_ids	matched_pmids	pmcids	n_pmids	n_pmcids	has_pubmed	has_pmc	lookup_methods	title_queries	lookup_errors	reference_excerpt
after_pilot	Cochrane_reviews/after_pilot/CD002243_corticosteroids_sepsis.pdf	CD002243_corticosteroids_sepsis	Aboab 2008	published data only (unpublished sought but not used)	18434902	.	.	.	18434902	.	1	0	yes	no	direct_pubmed_link	Hydrocortisone effects on cardiovascular variability in septic shock: a spectral analysis approach	.	Aboab J, Polito A, Orlikowski D, Sharshar T, Castel M, Annane D. Hydrocortisone effects on cardiovascular variability in septic shock: a spectral analysis approach. Critical Care Medicine 2008;36(5):1481-6. [PMID: ] - PubMed
after_pilot	Cochrane_reviews/after_pilot/CD002243_corticosteroids_sepsis.pdf	CD002243_corticosteroids_sepsis	Agarwal 2022	published data only	35436823	.	.	.	35436823	.	1	0	yes	no	direct_pubmed_link	Early initiation of low-dose hydrocortisone therapy for septic shock in geriatric patients: a randomized control trial	.	Agarwal M, Dhar M, Agarwal D, Murlidharan A. Early initiation of low-dose hydrocortisone therapy for septic shock in geriatric patients: a randomized control trial. Journal of the Association of Physicians of India 2022;70(2):11‐2. - PubMed
after_pilot	Cochrane_reviews/after_pilot/CD002243_corticosteroids_sepsis.pdf	CD002243_corticosteroids_sepsis	Angus 2020	published data only	32876697	10.1001/jama.2020.17022	.	.	32876697	PMC7489418	1	1	yes	yes	direct_pubmed_link	Effect of hydrocortisone on mortality and organ support in patients with severe COVID-19: the REMAP-CAP COVID-19 corticosteroid domain randomized clinical trial	.	Angus DC, Derde L, Al-Beidh F, Annane D, Arabi Y, Beane A, et al. Effect of hydrocortisone on mortality and organ support in patients with severe COVID-19: the REMAP-CAP COVID-19 corticosteroid domain randomized clinical trial. JAMA 2020;324(13):1317‐29. [DOI: 10.1001/jama.2020.17022] - DOI - PMC - PubMed
after_pilot	Cochrane_reviews/after_pilot/CD002243_corticosteroids_sepsis.pdf	CD002243_corticosteroids_sepsis	Annane 2002	published and unpublished data	12186604	.	.	.	12186604	.	1	0	yes	no	direct_pubmed_link	Effect of treatment with low doses of hydrocortisone and fludrocortisone on mortality in patients with septic shock	.	Annane D, Sebille V, Charpentier C, Bollaert PE, François B, Korach JM, et al. Effect of treatment with low doses of hydrocortisone and fludrocortisone on mortality in patients with septic shock. JAMA 2002;288(7):862-71. [PMID: ] - PubMed
after_pilot	Cochrane_reviews/after_pilot/CD002243_corticosteroids_sepsis.pdf	CD002243_corticosteroids_sepsis	Annane 2010	published and unpublished data	20103758	.	.	.	20103758	.	1	0	yes	no	direct_pubmed_link	Corticosteroid treatment and intensive insulin therapy for septic shock in adults: a randomized controlled trial	.	COIITSS Study Investigators, Annane D, Cariou A, Maxime V, Azoulay E, D'honneur G, et al. Corticosteroid treatment and intensive insulin therapy for septic shock in adults: a randomized controlled trial. JAMA 2010;303(4):341-8. [PMID: ] - PubMed
after_pilot	Cochrane_reviews/after_pilot/CD002243_corticosteroids_sepsis.pdf	CD002243_corticosteroids_sepsis	Annane 2018	published and unpublished data	29490185	.	.	.	29490185	.	1	0	yes	no	direct_pubmed_link	Hydrocortisone plus fludrocortisone for adults with septic shock	.	Annane D, Renault A, Brun-Buisson C, Megarbane B, Quenot JP, Siami S, et al. Hydrocortisone plus fludrocortisone for adults with septic shock. New England Journal of Medicine 2018;378(9):809-18. [PMID: ] - PubMed
after_pilot	Cochrane_reviews/after_pilot/CD002243_corticosteroids_sepsis.pdf	CD002243_corticosteroids_sepsis	Arabi 2011	published and unpublished data	21059778	.	.	.	21059778	PMC3001503	1	1	yes	yes	direct_pubmed_link	Low-dose hydrocortisone in patients with cirrhosis and septic shock: a randomized controlled trial	.	Arabi YM, Aljumah A, Dabbagh O, Tamim HM, Rishu AH, Al-Abdulkareem A, et al. Low-dose hydrocortisone in patients with cirrhosis and septic shock: a randomized controlled trial. Canadian Medical Association Journal 2010;182(18):1971-7. [PMID: ] - PMC - PubMed
after_pilot	Cochrane_reviews/after_pilot/CD002243_corticosteroids_sepsis.pdf	CD002243_corticosteroids_sepsis	Birudaraju 2022	published data only	34516312	10.1177/08850666211038883	.	.	34516312	.	1	0	yes	no	direct_pubmed_link	Solumedrol treatment for severe sepsis in humans with a blunted adrenocorticotropic hormone-cortisol response: a prospective randomized double-blind placebo-controlled pilot clinical trial	.	Birudaraju D, Hamal S, Tayek JA. Solumedrol treatment for severe sepsis in humans with a blunted adrenocorticotropic hormone-cortisol response: a prospective randomized double-blind placebo-controlled pilot clinical trial. Journal of Intensive Care Medicine 2022;37(5):693‐7. [DOI: 10.1177/08850666211038883] - DOI - PubMed
after_pilot	Cochrane_reviews/after_pilot/CD002243_corticosteroids_sepsis.pdf	CD002243_corticosteroids_sepsis	Blum 2015	published data only	25608756;38082273	10.1186/s12890-023-02794-w	.	.	25608756;38082273	PMC10712075	2	1	yes	yes	direct_pubmed_link	Adjunct prednisone therapy for patients with community-acquired pneumonia: a multicentre, double-blind, randomised, placebo-controlled trial;Adjunct prednisone in community-acquired pneumonia: 180-day outcome of a multicentre, double-blind, randomized, placebo-controlled trial	.	Blum CA, Nigro N, Briel M, Schuetz P, Ullmer E, Suter-Widmer, et al. Adjunct prednisone therapy for patients with community-acquired pneumonia: a multicentre, double-blind, randomised, placebo-controlled trial. Lancet 2015;385(9977):1511-8. [PMID: ] - PubMed Blum CA, Roethlisberger EA, Cesana-Nigro N, Winzeler B, Rodondi N, Blum MR, et al. Adjunct prednisone in community-acquired pneumonia: 180-day outcome of a multicentre, double-blind, randomized, placebo-controlled trial. BMC Pulmonary Medicine 2023;23:500. [DOI: 10.1186/s12890-023-02794-w] - DOI - PMC - PubMed
after_pilot	Cochrane_reviews/after_pilot/CD002243_corticosteroids_sepsis.pdf	CD002243_corticosteroids_sepsis	Bollaert 1998	published and unpublished data	9559600	.	.	.	9559600	.	1	0	yes	no	direct_pubmed_link	Reversal of late septic shock with supraphysiologic doses of hydrocortisone	.	Bollaert PE, Charpentier C, Levy B, Debouverie M, Audibert G, Larcan A. Reversal of late septic shock with supraphysiologic doses of hydrocortisone. Critical Care Medicine 1998;26(4):645-50. [PMID: ] - PubMed
after_pilot	Cochrane_reviews/after_pilot/CD002243_corticosteroids_sepsis.pdf	CD002243_corticosteroids_sepsis	Bone 1987	published data only	3306374	.	.	.	3306374	.	1	0	yes	no	direct_pubmed_link	A controlled clinical trial of high-dose methylprednisolone in the treatment of severe sepsis and septic shock	.	Bone RG, Fisher CJ, Clemmer TP, Slotman GJ, Metz CA, Balk RA. A controlled clinical trial of high-dose methylprednisolone in the treatment of severe sepsis and septic shock. New England Journal of Medicine 1987;317(11):653-8. [PMID: ] - PubMed
after_pilot	Cochrane_reviews/after_pilot/CD002243_corticosteroids_sepsis.pdf	CD002243_corticosteroids_sepsis	Briegel 1999	published and unpublished data	10321661	.	.	.	10321661	.	1	0	yes	no	direct_pubmed_link	Stress doses of hydrocortisone reverse hyperdynamic septic shock: a prospective, randomized, double-blind, single-center study	.	Briegel J, Forst H, Haller M, Schelling G, Kilger E, Kuprat G, et al. Stress doses of hydrocortisone reverse hyperdynamic septic shock: a prospective, randomized, double-blind, single-center study. Critical Care Medicine 1999;27(4):723-32. [PMID: ] - PubMed
after_pilot	Cochrane_reviews/after_pilot/CD002243_corticosteroids_sepsis.pdf	CD002243_corticosteroids_sepsis	Chang 2020	published data only	32243943	10.1016/j.chest.2020.02.065	NCT03258684	NCT03258684	32243943	.	1	0	yes	no	direct_pubmed_link	Combined treatment with hydrocortisone, vitamin c, and thiamine for sepsis and septic shock (HYVCTTSSS): a randomized controlled clinical trial;Hydrocortisone, vitamin C, and thiamine for the treatment of sepsis and septic shock (HYVCTTSSS) [Hydrocortisone, vitamin C, and thiamine for the treatment of sepsis and septic shock: a prospective study]. https://clinicaltrials.gov/ct2/show/NCT03258684 First received 23 August 2017.	.	Chang P, Liao Y, Guan J, Guo Y, Zhao M, Hu J, et al. Combined treatment with hydrocortisone, vitamin c, and thiamine for sepsis and septic shock (HYVCTTSSS): a randomized controlled clinical trial. Chest 2020;158:174-82. [DOI: 10.1016/j.chest.2020.02.065] - DOI - PubMed NCT03258684. Hydrocortisone, vitamin C, and thiamine for the treatment of sepsis and septic shock (HYVCTTSSS) [Hydrocortisone, vitamin C, and thiamine for the treatment of sepsis and septic shock: a prospective study]. https://clinicaltrials.gov/ct2/show/NCT03258684 First received 23 August 2017.
after_pilot	Cochrane_reviews/after_pilot/CD002243_corticosteroids_sepsis.pdf	CD002243_corticosteroids_sepsis	Chawla 1999	published and unpublished data	.	.	.	.	.	.	0	0	no	no	.	Hydrocortisone reverses refractory septic shock	title_search_no_match	Chawla K, Kupfer Y, Tessler S. Hydrocortisone reverses refractory septic shock. Critical Care Medicine 1999;27(1):A33.
after_pilot	Cochrane_reviews/after_pilot/CD002243_corticosteroids_sepsis.pdf	CD002243_corticosteroids_sepsis	Cicarelli 2007	published data only	17992396	.	.	.	17992396	PMC11020550	1	1	yes	yes	direct_pubmed_link	Early dexamethasone treatment for septic shock patients: a prospective randomized clinical trial	.	Cicarelli DD, Vieira JE, Benseñor FE. Early dexamethasone treatment for septic shock patients: a prospective randomized clinical trial. São Paulo Medical Journal 2007;125(4):237-41. [PMID: ] - PMC - PubMed
after_pilot	Cochrane_reviews/after_pilot/CD002243_corticosteroids_sepsis.pdf	CD002243_corticosteroids_sepsis	Confalonieri 2005	published and unpublished data	15557131	.	.	.	15557131	.	1	0	yes	no	direct_pubmed_link	Hydrocortisone infusion for severe community acquired pneumonia: a preliminary randomized study	.	Confalonieri M, Urbino R, Potena A, Piatella M, Parigi P, Giacomo P, et al. Hydrocortisone infusion for severe community acquired pneumonia: a preliminary randomized study. American Journal of Respiratory and Critical Care Medicine 2005;171(3):242-8. [PMID: ] - PubMed
after_pilot	Cochrane_reviews/after_pilot/CD002243_corticosteroids_sepsis.pdf	CD002243_corticosteroids_sepsis	Corral‐Gudino 2021	published data only	33534047	10.1007/s00508-020-01805-8	.	.	33534047	PMC7854876	1	1	yes	yes	direct_pubmed_link	Methylprednisolone in adults hospitalized with COVID-19 pneumonia: an open-label randomized trial (GLUCOCOVID)	.	Corral-Gudino L, Bahamonde A, Arnaiz-Revillas F, Gómez-Barquero J, Abadía-Otero J, García-Ibarbia C, et al. Methylprednisolone in adults hospitalized with COVID-19 pneumonia: an open-label randomized trial (GLUCOCOVID). Wiener Klinische Wochenschrift 2021;133:303-11. [DOI: 10.1007/s00508-020-01805-8] - DOI - PMC - PubMed
after_pilot	Cochrane_reviews/after_pilot/CD002243_corticosteroids_sepsis.pdf	CD002243_corticosteroids_sepsis	CSG 1963	published data only	.	10.1001/jama.1963.63700060029012	.	.	.	.	0	0	no	no	.	The effectiveness of hydrocortisone in the management of severe infections	title_search_no_match	Cooperative Study Group. The effectiveness of hydrocortisone in the management of severe infections. JAMA 1963;183(6):462-5. [DOI: 10.1001/jama.1963.63700060029012] - DOI
after_pilot	Cochrane_reviews/after_pilot/CD002243_corticosteroids_sepsis.pdf	CD002243_corticosteroids_sepsis	Dequin 2020	published and unpublished data	32876689	10.1001/jama.2020.16761	.	.	32876689	PMC7489432	1	1	yes	yes	direct_pubmed_link	Effect of hydrocortisone on 21-day mortality or respiratory support among critically ill patients with COVID-19: a randomized clinical trial	.	Dequin PF, Heming N, Meziani F, Plantefève G, Voiriot G, Badié J, et al. Effect of hydrocortisone on 21-day mortality or respiratory support among critically ill patients with COVID-19: a randomized clinical trial. JAMA 2020;324(13):1298‐306. [DOI: 10.1001/jama.2020.16761] - DOI - PMC - PubMed
after_pilot	Cochrane_reviews/after_pilot/CD002243_corticosteroids_sepsis.pdf	CD002243_corticosteroids_sepsis	Dequin 2023	published data only (unpublished sought but not used)	36942789	10.1056/nejmoa2215145	NCT02517489	NCT02517489	36942789	.	1	0	yes	no	direct_pubmed_link	Hydrocortisone in severe community-acquired pneumonia;Community-Acquired Pneumonia: Evaluation of Corticosteroids (CAPE COD). https://clinicaltrials.gov/ct2/show/NCT02517489 First received 7 August 2015.	.	Dequin P-F, Meziani F, Quenot J-P, Kamel T, Ricard J-D, Badie J, et al. Hydrocortisone in severe community-acquired pneumonia. New England Journal of Medicine 2023;388(21):1931‐41. [DOI: 10.1056/NEJMoa2215145] - DOI - PubMed NCT02517489. Community-Acquired Pneumonia: Evaluation of Corticosteroids (CAPE COD). https://clinicaltrials.gov/ct2/show/NCT02517489 First received 7 August 2015.
after_pilot	Cochrane_reviews/after_pilot/CD002243_corticosteroids_sepsis.pdf	CD002243_corticosteroids_sepsis	Doluee 2018	published data only	.	10.15171/jept.2017.25	.	.	.	.	0	0	no	no	.	The effect of physiologic dose of intravenous hydrocortisone in patients with refractory septic shock: a randomized control trial	title_search_no_match	Talebi Doluee M, Salehi M, Mahmoudi Gharaee A, Jalalyazdi M, Reihani H. The effect of physiologic dose of intravenous hydrocortisone in patients with refractory septic shock: a randomized control trial. Journal of Emergency Practice and Trauma 2018;4:29-33. [DOI: 10.15171/JEPT.2017.25] - DOI
after_pilot	Cochrane_reviews/after_pilot/CD002243_corticosteroids_sepsis.pdf	CD002243_corticosteroids_sepsis	El Ghamrawy 2006	published data only	.	.	.	.	.	.	0	0	no	no	.	Effects of low dose hydrocortisone in ICU patients with severe community acquired pneumonia	title_search_no_match	El-Ghamraway AH, Shokeir MH, Esmat AA. Effects of low dose hydrocortisone in ICU patients with severe community acquired pneumonia. Egyptian Journal of Chest 2006;55:91-9.
after_pilot	Cochrane_reviews/after_pilot/CD002243_corticosteroids_sepsis.pdf	CD002243_corticosteroids_sepsis	El‐Nawawy 2017	published data only	27798546	.	.	.	27798546	.	1	0	yes	no	direct_pubmed_link	Evaluation of early corticosteroid therapy in management of paediatric septic shock in paediatric intensive care patients: a randomized clinical study	.	El-Nawawy A, Khater D, Omar H, Wali Y. Evaluation of early corticosteroid therapy in management of paediatric septic shock in paediatric intensive care patients: a randomized clinical study. Pediatric Infectious Disease Journal 2017;36(2):155-9. [PMID: ] - PubMed
after_pilot	Cochrane_reviews/after_pilot/CD002243_corticosteroids_sepsis.pdf	CD002243_corticosteroids_sepsis	Fernández‐Serrano 2011	published data only	21406101	.	.	.	21406101	PMC3219361	1	1	yes	yes	direct_pubmed_link	Effect of corticosteroids on the clinical course of community-acquired pneumonia: a randomized controlled trial	.	Fernández-Serrano S, Dorca J, Garcia-Vidal C, Fernández-Sabé N, Carratalà J, Fernández-Agüera A, et al. Effect of corticosteroids on the clinical course of community-acquired pneumonia: a randomized controlled trial. Critical Care 2011;15(2):R96. [PMID: ] - PMC - PubMed
after_pilot	Cochrane_reviews/after_pilot/CD002243_corticosteroids_sepsis.pdf	CD002243_corticosteroids_sepsis	Ghanei 2021	published data only	34526033	10.1186/s12931-021-01833-6	.	.	34526033	PMC8441037	1	1	yes	yes	direct_pubmed_link	The efficacy of corticosteroids therapy in patients with moderate to severe SARS-Cov-2 infection: a multicenter, randomized, open-label trial	.	Ghanei M, Solaymani-Dodaran M, Qazvini A, Ghazale AH, Setarehdan SA, Saadat SH, et al. The efficacy of corticosteroids therapy in patients with moderate to severe SARS-Cov-2 infection: a multicenter, randomized, open-label trial. Respiratory Research 2021;22(1):245. [DOI: 10.1186/s12931-021-01833-6] - DOI - PMC - PubMed
after_pilot	Cochrane_reviews/after_pilot/CD002243_corticosteroids_sepsis.pdf	CD002243_corticosteroids_sepsis	Gordon 2014	published and unpublished data	24557425	.	.	.	24557425	.	1	0	yes	no	direct_pubmed_link	The interaction of vasopressin and corticosteroids in septic shock: a pilot randomized controlled trial	.	Gordon AC, Mason AJ, Perkins GD, Stotz M, Terblanche M, Ashby D, et al. The interaction of vasopressin and corticosteroids in septic shock: a pilot randomized controlled trial. Critical Care Medicine 2014;42(6):1325-33. [PMID: ] - PubMed
after_pilot	Cochrane_reviews/after_pilot/CD002243_corticosteroids_sepsis.pdf	CD002243_corticosteroids_sepsis	Gordon 2016	published and unpublished data	27483065	.	.	.	27483065	.	1	0	yes	no	direct_pubmed_link	Effect of early vasopressin vs norepinephrine on kidney failure in patients with septic shock: the VANISH randomized clinical trial	.	Gordon AC, Mason AJ, Thirunavukkarasu N, Perkins GD, Cecconi M, Cepkova M, et al. Effect of early vasopressin vs norepinephrine on kidney failure in patients with septic shock: the VANISH randomized clinical trial. JAMA 2016;316(5):509-18. [PMID: ] - PubMed
after_pilot	Cochrane_reviews/after_pilot/CD002243_corticosteroids_sepsis.pdf	CD002243_corticosteroids_sepsis	Horby 2021	published data only	32678530	10.1056/nejmoa2021436	.	.	32678530	PMC7383595	1	1	yes	yes	direct_pubmed_link	Dexamethasone in hospitalized patients with Covid-19	.	Horby P, Lim WS, Emberson JR, Mafham M, Bell JL, Linsell L, et al. Dexamethasone in hospitalized patients with Covid-19. New England Journal of Medicine 2021;384(8):693‐704. [DOI: 10.1056/NEJMoa2021436] - DOI - PMC - PubMed
after_pilot	Cochrane_reviews/after_pilot/CD002243_corticosteroids_sepsis.pdf	CD002243_corticosteroids_sepsis	Hu 2009	published data only (unpublished sought but not used)	19751560	.	.	.	19751560	.	1	0	yes	no	direct_pubmed_link	The effect of low-dose hydrocortisone on requirement of norepinephrine and lactate clearance in patients with refractory septic shock	.	Hu B, Li JG, Liang H, Zhou Q, Yu Z, Li L, et al. The effect of low-dose hydrocortisone on requirement of norepinephrine and lactate clearance in patients with refractory septic shock. Zhongguo Wei Zhong Bing Ji Jiu Yi Xue 2009;21(9):529-31. [PMID: ] - PubMed
after_pilot	Cochrane_reviews/after_pilot/CD002243_corticosteroids_sepsis.pdf	CD002243_corticosteroids_sepsis	Huang 2014	published data only	24598293	.	.	.	24598293	.	1	0	yes	no	direct_pubmed_link	Effect of Sini decoction on function of hypothalamic-pituitary-adrenal axis in patients with sepsis	.	Huang R, Zhang Z, Xu M, Chang X, Qiao Q, Wang L, et al. Effect of Sini decoction on function of hypothalamic-pituitary-adrenal axis in patients with sepsis. Zhonghua Wei Zhong Bing Ji Jiu Yi Xue 2014;26(3):184-7. [PMID: ] - PubMed
after_pilot	Cochrane_reviews/after_pilot/CD002243_corticosteroids_sepsis.pdf	CD002243_corticosteroids_sepsis	Huh 2007	published data only	.	.	.	.	.	.	0	0	no	no	.	Effect of low doses of hydrocortisone in patient with septic shock and relative adrenal insufficiency: 3 days versus 7 days treatment	title_search_no_match	Huh JW, Lim CM, Koh Y, Hong SB. Effect of low doses of hydrocortisone in patient with septic shock and relative adrenal insufficiency: 3 days versus 7 days treatment. Critical Care Medicine 2006;34(12 Suppl):A101.
after_pilot	Cochrane_reviews/after_pilot/CD002243_corticosteroids_sepsis.pdf	CD002243_corticosteroids_sepsis	Hyvernat 2016	published and unpublished data	27405061	.	.	.	27405061	.	1	0	yes	no	direct_pubmed_link	Effects of increasing hydrocortisone to 300 mg per day in the treatment of septic shock: a pilot study	.	Hyvernat H, Barel R, Gentilhomme A, Césari-Giordani JF, Freche A, Kaidomar M, et al. Effects of increasing hydrocortisone to 300 mg per day in the treatment of septic shock: a pilot study. Shock 2016;46:498-505. [PMID: ] - PubMed
after_pilot	Cochrane_reviews/after_pilot/CD002243_corticosteroids_sepsis.pdf	CD002243_corticosteroids_sepsis	Iglesias 2020	published data only	32194058	10.1016/j.chest.2020.02.049	NCT03422159	NCT03422159	32194058	.	1	0	yes	no	direct_pubmed_link	Outcomes of metabolic resuscitation using ascorbic acid, thiamine, and glucocorticoids in the early treatment of sepsis: the ORANGES trial;Metabolic resuscitation using ascorbic acid, thiamine, and glucocorticoids in sepsis (ORANGES) [Outcomes of metabolic resuscitation using ascorbic acid, thiamine, and glucocorticoids in the early treatment of sepsis]. https://clinicaltrials.gov/ct2/show/NCT03422159 (first received 5 February 2018).	.	Iglesias J, Vassallo AV, Patel VV, Sullivan JB, Cavanaugh J, Elbaga Y. Outcomes of metabolic resuscitation using ascorbic acid, thiamine, and glucocorticoids in the early treatment of sepsis: the ORANGES trial. Chest 2020;158(1):164‐73. [DOI: 10.1016/j.chest.2020.02.049] - DOI - PubMed NCT03422159. Metabolic resuscitation using ascorbic acid, thiamine, and glucocorticoids in sepsis (ORANGES) [Outcomes of metabolic resuscitation using ascorbic acid, thiamine, and glucocorticoids in the early treatment of sepsis]. https://clinicaltrials.gov/ct2/show/NCT03422159 (first received 5 February 2018).
after_pilot	Cochrane_reviews/after_pilot/CD002243_corticosteroids_sepsis.pdf	CD002243_corticosteroids_sepsis	Jamshidi 2021	published data only	34484379	10.4103/jrms.jrms_593_19	.	.	34484379	PMC8383994	1	1	yes	yes	direct_pubmed_link	Effects of triple combination of hydrocortisone, thiamine, and vitamin C on clinical outcome in patients with septic shock: a single-center randomized controlled trial	.	Jamshidi M, Zeraati M, Forouzanfar B, Tahrekhani M, Motamed N. Effects of triple combination of hydrocortisone, thiamine, and vitamin C on clinical outcome in patients with septic shock: a single-center randomized controlled trial. Journal of Research in Medical Sciences 2021;26(1):47. [DOI: 10.4103/jrms.JRMS_593_19] - DOI - PMC - PubMed
after_pilot	Cochrane_reviews/after_pilot/CD002243_corticosteroids_sepsis.pdf	CD002243_corticosteroids_sepsis	Jiang 2019	published data only	.	.	.	.	.	.	0	0	no	no	.	Early low-dose glucocorticoid therapy effectively suppresses serum pro-inflammatory factors such as IL-6 and inhibits apoptosis of CD4+ cells in septic shock patients	title_search_no_match	Jiang X, You D, Zhao H, Yang F, Yuan Z, Lu P, et al. Early low-dose glucocorticoid therapy effectively suppresses serum pro-inflammatory factors such as IL-6 and inhibits apoptosis of CD4+ cells in septic shock patients. International Journal of Clinical and Experimental Medicine 2019;12(1):718‐23.
after_pilot	Cochrane_reviews/after_pilot/CD002243_corticosteroids_sepsis.pdf	CD002243_corticosteroids_sepsis	Keh 2003	published and unpublished data	12426230	.	.	.	12426230	.	1	0	yes	no	direct_pubmed_link	"Immunologic and hemodynamic effects of ""low-dose"" hydrocortisone in septic shock: a double-blind, randomized, placebo-controlled, crossover study"	.	"Keh D, Boehnke T, Weber-Cartens S, Schulz C, Ahlers O, Bercker S, et al. Immunologic and hemodynamic effects of ""low-dose"" hydrocortisone in septic shock: a double-blind, randomized, placebo-controlled, crossover study. American Journal of Respiratory and Critical Care Medicine 2003;167(4):512-20. [PMID: ] - PubMed"
after_pilot	Cochrane_reviews/after_pilot/CD002243_corticosteroids_sepsis.pdf	CD002243_corticosteroids_sepsis	Keh 2016	published and unpublished data	27695824	.	.	.	27695824	.	1	0	yes	no	direct_pubmed_link	Effect of hydrocortisone on development of shock among patients with severe sepsis: the HYPRESS randomized clinical trial	.	Keh D, Trips E, Marx G, Wirtz SP, Abduljawwad E, Bercker S, et al. Effect of hydrocortisone on development of shock among patients with severe sepsis: the HYPRESS randomized clinical trial. JAMA 2016;316(17):1775-85. [PMID: ] - PubMed
after_pilot	Cochrane_reviews/after_pilot/CD002243_corticosteroids_sepsis.pdf	CD002243_corticosteroids_sepsis	Kurungundla 2008	published data only (unpublished sought but not used)	.	.	.	.	.	.	0	0	no	no	.	Effect of steroids in septic shock patients without relative adrenal insufficiency	title_search_no_match	Kurugundla N, Irugulapati L, Kilari D, Amchentsev A, Devakonda A, George L, et al. Effect of steroids in septic shock patients without relative adrenal insufficiency. American Thoracic Society 2008;116:NA.
after_pilot	Cochrane_reviews/after_pilot/CD002243_corticosteroids_sepsis.pdf	CD002243_corticosteroids_sepsis	Labib 2022	published data only	.	10.1186/s42077-022-00259-6	NCT04492280	NCT04492280	.	.	0	0	no	no	.	Evaluation of the role of hydrocortisone either alone or combined with fludrocortisone in the outcome of septic shock in adults;Evaluation of the role of hydrocortisone either alone or combined with fludrocortisone in the outcome of septic shock in adults.	title_search_no_match	Labib HA, Ali I, Hassan AI, Kamaly AM, Sherif S, Wahba SS, et al. Evaluation of the role of hydrocortisone either alone or combined with fludrocortisone in the outcome of septic shock in adults. Ain-Shams Journal of Anesthesiology 2022;14:60. [DOI: 10.1186/s42077-022-00259-6] - DOI NCT04492280. Evaluation of the role of hydrocortisone either alone or combined with fludrocortisone in the outcome of septic shock in adults. ClinicalTrials.gov 2020. [NCT: NCT04492280.]
after_pilot	Cochrane_reviews/after_pilot/CD002243_corticosteroids_sepsis.pdf	CD002243_corticosteroids_sepsis	Li 2016	published data only	.	10.3760/cma.j.issn.2095-4352.2016.09.003	.	.	.	.	0	0	no	no	.	Value of glucocorticoid steroids in the treatment of patients with severe community acquired pneumonia complicated with septic shock	title_search_no_match	Li G, Gu C, Zhang S, Lian R, Zhang G. Value of glucocorticoid steroids in the treatment of patients with severe community acquired pneumonia complicated with septic shock. Zhonghua Wei Zhong Bing Ji Jiu Yi Xue 2016;28(9):780-4. [DOI: 10.3760/cma.j.issn.2095-4352.2016.09.003] - DOI
after_pilot	Cochrane_reviews/after_pilot/CD002243_corticosteroids_sepsis.pdf	CD002243_corticosteroids_sepsis	Liu 2012	published and unpublished data	23158856	.	.	.	23158856	.	1	0	yes	no	direct_pubmed_link	The effect of stress dose glucocorticoid on patients with acute respiratory distress syndrome combined with critical illness-related corticosteroid insufficiency	.	Liu L, Li J, Huang YZ, Liu SQ, Yang CS, Guo FM, et al. The effect of stress dose glucocorticoid on patients with acute respiratory distress syndrome combined with critical illness-related corticosteroid insufficiency. Zhonghua Nei Ke Za Zhi 2012;51(8):599-603. [PMID: ] - PubMed
after_pilot	Cochrane_reviews/after_pilot/CD002243_corticosteroids_sepsis.pdf	CD002243_corticosteroids_sepsis	Loisa 2007	published data only	17306016	.	.	.	17306016	PMC2151907	1	1	yes	yes	direct_pubmed_link	Effect of mode of hydrocortisone administration on glycemic control in patients with septic shock: a prospective randomized trial	.	Loisa P, Parviainen I, Tenhunen J, Hovilehto S, Ruokonen E. Effect of mode of hydrocortisone administration on glycemic control in patients with septic shock: a prospective randomized trial. Critical Care 2007;11(1):R21. [PMID: ] - PMC - PubMed
after_pilot	Cochrane_reviews/after_pilot/CD002243_corticosteroids_sepsis.pdf	CD002243_corticosteroids_sepsis	Luce 1988	published and unpublished data	3202402	.	.	.	3202402	.	1	0	yes	no	direct_pubmed_link	Ineffectiveness of high-dose methylprednisolone in preventing parenchymal lung injury and improving mortality in patients with septic shock	.	Luce JM, Montgomery AB, Marks JD, Turner J, Metz CA, Murray JF. Ineffectiveness of high-dose methylprednisolone in preventing parenchymal lung injury and improving mortality in patients with septic shock. American Review of Respiratory Diseases 1988;138(1):62-8. [PMID: ] - PubMed
after_pilot	Cochrane_reviews/after_pilot/CD002243_corticosteroids_sepsis.pdf	CD002243_corticosteroids_sepsis	Lv 2017	published and unpublished data	28615145	.	.	.	28615145	.	1	0	yes	no	direct_pubmed_link	Early initiation of low-dose hydrocortisone treatment for septic shock in adults: a randomized clinical trial	.	Lv QQ, Gu XH, Chen QH, Yu JQ, Zheng RQ. Early initiation of low-dose hydrocortisone treatment for septic shock in adults: a randomized clinical trial. American Journal of Emergency Medicine 2017;35(12):1810-4. [PMID: ] - PubMed
after_pilot	Cochrane_reviews/after_pilot/CD002243_corticosteroids_sepsis.pdf	CD002243_corticosteroids_sepsis	Lyu 2022	published data only	36171582	10.1186/s13054-022-04175-x	.	.	36171582	PMC9520942	1	1	yes	yes	direct_pubmed_link	Early administration of hydrocortisone, vitamin C, and thiamine in adult patients with septic shock: a randomized controlled clinical trial	.	Lyu QQ, Zheng RQ, Chen QH, Yu JQ, Shao J, Gu XH. Early administration of hydrocortisone, vitamin C, and thiamine in adult patients with septic shock: a randomized controlled clinical trial. Critical Care 2022;26(1):295. [DOI: 10.1186/s13054-022-04175-x] - DOI - PMC - PubMed
after_pilot	Cochrane_reviews/after_pilot/CD002243_corticosteroids_sepsis.pdf	CD002243_corticosteroids_sepsis	McHardy 1972	published data only	4404939	.	.	.	4404939	PMC1786783	1	1	yes	yes	direct_pubmed_link	Ampicillin dosage and use of prednisolone in treatment of pneumonia: co-operative controlled trial	.	McHardy VU, Schonell ME. Ampicillin dosage and use of prednisolone in treatment of pneumonia: co-operative controlled trial. British Medical Journal 1972;4(5840):569-73. [PMID: ] - PMC - PubMed
after_pilot	Cochrane_reviews/after_pilot/CD002243_corticosteroids_sepsis.pdf	CD002243_corticosteroids_sepsis	Meduri 2007	published and unpublished data	17426195	.	.	.	17426195	.	1	0	yes	no	direct_pubmed_link	Methylprednisolone infusion in early severe ARDS: results of a randomized controlled trial	.	Meduri GU, Golden E, Freire AX, Taylor E, Zaman M, Carson SJ, et al. Methylprednisolone infusion in early severe ARDS: results of a randomized controlled trial. Chest 2007;131(4):954-63. [PMID: ] - PubMed
after_pilot	Cochrane_reviews/after_pilot/CD002243_corticosteroids_sepsis.pdf	CD002243_corticosteroids_sepsis	Meduri 2009	published data only (unpublished sought but not used)	.	.	.	.	.	.	0	0	no	no	.	Randomized clinical trial (RCT) evaluating the effects of low-dose prolonged hydrocortisone infusion on resolution of MODS in severe sepsis	title_search_no_match	Meduri GU, Golden E, Freire AX, Umberger R. Randomized clinical trial (RCT) evaluating the effects of low-dose prolonged hydrocortisone infusion on resolution of MODS in severe sepsis. Chest 2009;136:154.
after_pilot	Cochrane_reviews/after_pilot/CD002243_corticosteroids_sepsis.pdf	CD002243_corticosteroids_sepsis	Meduri 2022	published data only (unpublished sought but not used)	35723686	10.1007/s00134-022-06684-3	.	.	35723686	PMC9208259	1	1	yes	yes	direct_pubmed_link	Low-dose methylprednisolone treatment in critically ill patients with severe community-acquired pneumonia	.	Meduri GU, Shih MC, Bridges L, Martin TJ, El-Solh A, Seam N, et al. Low-dose methylprednisolone treatment in critically ill patients with severe community-acquired pneumonia. Intensive Care Medicine 2022;48(8):1009‐23. [DOI: 10.1007/s00134-022-06684-3] - DOI - PMC - PubMed
after_pilot	Cochrane_reviews/after_pilot/CD002243_corticosteroids_sepsis.pdf	CD002243_corticosteroids_sepsis	Meijvis 2011	published data only	21636122	.	.	.	21636122	.	1	0	yes	no	direct_pubmed_link	Dexamethasone and length of hospital stay in patients with community-acquired pneumonia: a randomised, double-blind, placebo-controlled trial	.	Meijvis SC, Hardeman H, Remmelts HH, Heijligenberg R, Rijkers GT, Velzen-Blad H, et al. Dexamethasone and length of hospital stay in patients with community-acquired pneumonia: a randomised, double-blind, placebo-controlled trial. Lancet 2011;377(9782):2023-30. [PMID: ] - PubMed
after_pilot	Cochrane_reviews/after_pilot/CD002243_corticosteroids_sepsis.pdf	CD002243_corticosteroids_sepsis	Menon 2017	published data only	28406862	.	.	.	28406862	PMC5457353	1	1	yes	yes	direct_pubmed_link	A randomized controlled trial of corticosteroids in paediatric septic shock: a pilot feasibility study	.	Menon K, McNally D, O'Hearn K, Acharya A, Wong HR, Lawson M, et al. A randomized controlled trial of corticosteroids in paediatric septic shock: a pilot feasibility study. Pediatric Critical Care Medicine 2017;18(6):505-12. [PMID: ] - PMC - PubMed
after_pilot	Cochrane_reviews/after_pilot/CD002243_corticosteroids_sepsis.pdf	CD002243_corticosteroids_sepsis	Mirea 2014	published and unpublished data	.	.	.	.	.	.	0	0	no	no	.	Continuous administration of corticosteroids in septic shock can reduce risk of hypernatraemia	title_search_no_match	Mirea L, Ungureanu R, Pavelescu D, Grintescu IC, Dumitrache C, Grintescu I, et al. Continuous administration of corticosteroids in septic shock can reduce risk of hypernatraemia. Critical Care 2014;18:S86.
after_pilot	Cochrane_reviews/after_pilot/CD002243_corticosteroids_sepsis.pdf	CD002243_corticosteroids_sepsis	Mohamed 2020	published data only	33024370	10.5005/jp-journals-10071-23517	.	.	33024370	PMC7519616	1	1	yes	yes	direct_pubmed_link	Vitamin C therapy or routine care in septic shock (Victor) trial: effect of intravenous vitamin C, thiamine, and hydrocortisone administration on inpatient mortality among patients with septic shock	.	Mohamed ZU, Prasannan P, Moni M, Edathadathil F, Prasanna P, Menon A, et al. Vitamin C therapy or routine care in septic shock (Victor) trial: effect of intravenous vitamin C, thiamine, and hydrocortisone administration on inpatient mortality among patients with septic shock. Indian Journal of Critical Care Medicine 2020;24(8):653‐61. [DOI: 10.5005/jp-journals-10071-23517] - DOI - PMC - PubMed
after_pilot	Cochrane_reviews/after_pilot/CD002243_corticosteroids_sepsis.pdf	CD002243_corticosteroids_sepsis	Mohamed 2023	published data only	36870070	10.1097/shk.0000000000002110	.	.	36870070	PMC10125121	1	1	yes	yes	direct_pubmed_link	Evaluation of hydrocortisone, vitamin C, and thiamine for the treatment of septic shock: a randomized controlled trial (The HYVITS Trial)	.	Mohamed A, Abdelaty M, Saad MO, Shible A, Mitwally H, Akkari AR, et al. Evaluation of hydrocortisone, vitamin C, and thiamine for the treatment of septic shock: a randomized controlled trial (The HYVITS Trial). Shock 2023;59(5):697‐701. [DOI: 10.1097/SHK.0000000000002110] - DOI - PMC - PubMed
after_pilot	Cochrane_reviews/after_pilot/CD002243_corticosteroids_sepsis.pdf	CD002243_corticosteroids_sepsis	Moskowitz 2020	published data only	32809003	10.1001/jama.2020.11946	NCT03389555	NCT03389555	32809003	PMC7435341	1	1	yes	yes	direct_pubmed_link	Effect of ascorbic acid, corticosteroids, and thiamine on organ injury in septic shock: the ACTS randomized clinical trial;Ascorbic Acid, Corticosteroids, and Thiamine in Sepsis (ACTS) Trial [Ascorbic acid, hydrocortisone, and thiamine in sepsis and septic shock - a randomized, double-blind, placebo-controlled trial]. https://clinicaltrials.gov/ct2/show/NCT03389555 (first received 3 January 2018).	.	Moskowitz A, Huang DT, Hou PC, Gong J, Doshi PB, Grossestreuer AV, et al. Effect of ascorbic acid, corticosteroids, and thiamine on organ injury in septic shock: the ACTS randomized clinical trial. JAMA 2020;324(7):642‐50. [DOI: 10.1001/jama.2020.11946] - DOI - PMC - PubMed NCT03389555. Ascorbic Acid, Corticosteroids, and Thiamine in Sepsis (ACTS) Trial [Ascorbic acid, hydrocortisone, and thiamine in sepsis and septic shock - a randomized, double-blind, placebo-controlled trial]. https://clinicaltrials.gov/ct2/show/NCT03389555 (first received 3 January 2018).
after_pilot	Cochrane_reviews/after_pilot/CD002243_corticosteroids_sepsis.pdf	CD002243_corticosteroids_sepsis	Nafae 2013	published data only	.	.	.	.	.	.	0	0	no	no	.	Adjuvant role of corticosteroids in the treatment of community acquired pneumonia	title_search_no_match	Nafae RM, Ragab MI, Amany FM, Rashed SB. Adjuvant role of corticosteroids in the treatment of community acquired pneumonia. Egyptian Journal of Chest Diseases and Tuberculosis 2013;62:439-45.
after_pilot	Cochrane_reviews/after_pilot/CD002243_corticosteroids_sepsis.pdf	CD002243_corticosteroids_sepsis	Nagy 2013	published data only	22588852	.	.	.	22588852	.	1	0	yes	no	direct_pubmed_link	Efficacy of methylprednisolone in children with severe community acquired pneumonia	.	Nagy B, Gaspar I, Papp A, Bene Z, Nagy B Jr, Voko Z, et al. Efficacy of methylprednisolone in children with severe community acquired pneumonia. Pediatric Pulmonology 2013;48:168-75. [PMID: ] - PubMed
after_pilot	Cochrane_reviews/after_pilot/CD002243_corticosteroids_sepsis.pdf	CD002243_corticosteroids_sepsis	Ngaosuwan 2018	published data only	29176402	.	.	.	29176402	.	1	0	yes	no	direct_pubmed_link	Clinical outcomes of minimized hydrocortisone dosage of 100mg/day on lower occurrence of hyperglycaemia in septic shock	.	Ngaosuwan K, Ounchokdee K, Chalermchai T. Clinical outcomes of minimized hydrocortisone dosage of 100mg/day on lower occurrence of hyperglycaemia in septic shock. Shock 2018;50(3):280-5. [PMID: ] - PubMed
after_pilot	Cochrane_reviews/after_pilot/CD002243_corticosteroids_sepsis.pdf	CD002243_corticosteroids_sepsis	Oppert 2005	published and unpublished data	16276166	.	.	.	16276166	.	1	0	yes	no	direct_pubmed_link	Low-dose hydrocortisone improves shock reversal and reduces cytokine levels in early hyperdynamic septic shock	.	Oppert M, Schindler R, Husung C, Offerman K, Graef KJ, Boenisch O, et al. Low-dose hydrocortisone improves shock reversal and reduces cytokine levels in early hyperdynamic septic shock. Critical Care Medicine 2005;33(11):2457-64. [PMID: ] - PubMed
after_pilot	Cochrane_reviews/after_pilot/CD002243_corticosteroids_sepsis.pdf	CD002243_corticosteroids_sepsis	Pierre de Oliveira 2023	published data only	.	10.29011/2577-2228.100369	.	.	.	.	0	0	no	no	.	Brazilian Registry of Clinical Trials 2023;Methylprednisolone on ICU patients with COVID-19 on mechanical ventilation	title_search_no_match	Methylpredniprednisolone on ICU patients with COVID-19 on mechanical ventilation. Brazilian Registry of Clinical Trials 2023. [BRCT: RBR-58q5y2m] Pierre de Oliveira E, Marconi de Sousa J, Jaoude CVG, Malacize VQ, Lobato LC et al. Methylprednisolone on ICU patients with COVID-19 on mechanical ventilation. Journal of Community Medicine and Public Health 2023;7:369. [DOI: 10.29011/2577-2228.100369] - DOI
after_pilot	Cochrane_reviews/after_pilot/CD002243_corticosteroids_sepsis.pdf	CD002243_corticosteroids_sepsis	Ram 2022	published data only	36620116	10.4103/aer.aer_115_22	.	.	36620116	PMC9813985	1	1	yes	yes	direct_pubmed_link	Hyperglycemia risk evaluation of hydrocortisone intermittent boluses versus continuous infusion in septic shock: a prospective randomized trial	.	Ram GK, Shekhar S, Singh RB, Anand R, De RR, Kumar N. Hyperglycemia risk evaluation of hydrocortisone intermittent boluses versus continuous infusion in septic shock: a prospective randomized trial. Anesthesia Essays and Researchers 2022;16(3):321‐5. [DOI: 10.4103/aer.aer_115_22] - DOI - PMC - PubMed
after_pilot	Cochrane_reviews/after_pilot/CD002243_corticosteroids_sepsis.pdf	CD002243_corticosteroids_sepsis	Rezk 2013	published data only	.	10.1016/j.ejcdt.2013.02.013	.	.	.	.	0	0	no	no	.	Effects of methylprednisolone in early ARDS	title_search_no_match	Rezk NA, Ibrahim AM. Effects of methylprednisolone in early ARDS. Egyptian Journal of Chest Diseases and Tuberculosis 2013;62(1):167-72. [DOI: 10.1016/j.ejcdt.2013.02.013] - DOI
after_pilot	Cochrane_reviews/after_pilot/CD002243_corticosteroids_sepsis.pdf	CD002243_corticosteroids_sepsis	Rinaldi 2006	published data only	16850006	.	.	.	16850006	.	1	0	yes	no	direct_pubmed_link	Low-dose hydrocortisone during severe sepsis: effects on microalbuminemia	.	Rinaldi S, Adembri C, Grechi S, DeGaudio R. Low-dose hydrocortisone during severe sepsis: effects on microalbuminemia. Critical Care Medicine 2006;34(9):2334-9. [PMID: ] - PubMed
after_pilot	Cochrane_reviews/after_pilot/CD002243_corticosteroids_sepsis.pdf	CD002243_corticosteroids_sepsis	Sabry 2011	published data only	.	.	.	.	.	.	0	0	no	no	.	Corticosteroids and ICU course of community acquired pneumonia in Egyptian settings	title_search_no_match	Sabry NA, El-Din Omar E. Corticosteroids and ICU course of community acquired pneumonia in Egyptian settings. Pharmacology and Pharmacy 2011;2:73-81.
after_pilot	Cochrane_reviews/after_pilot/CD002243_corticosteroids_sepsis.pdf	CD002243_corticosteroids_sepsis	Sai 2021	published data only	.	10.5005/jp-journals-10071-23711.183	.	.	.	.	0	0	no	no	.	Effect of treatment with low-dose corticosteroids on mortality in patients with severe sepsis and septic shock	title_search_no_match	Sai TA, Satyanarayana PVS, Gollapudi S. Effect of treatment with low-dose corticosteroids on mortality in patients with severe sepsis and septic shock. JP Journals 2021;25(Suppl 1):S104‐5. [DOI: 10.5005/jp-journals-10071-23711.183] - DOI
after_pilot	Cochrane_reviews/after_pilot/CD002243_corticosteroids_sepsis.pdf	CD002243_corticosteroids_sepsis	Schumer 1976	published data only	786190	.	.	.	786190	PMC1344393	1	1	yes	yes	direct_pubmed_link	Steroids in the treatment of clinical septic shock	.	Schumer W. Steroids in the treatment of clinical septic shock. Annals of Surgery 1976;184(3):333-41. [PMID: ] - PMC - PubMed
after_pilot	Cochrane_reviews/after_pilot/CD002243_corticosteroids_sepsis.pdf	CD002243_corticosteroids_sepsis	Sevransky 2021	published data only	33620405;36853612	10.1001/jama.2020.24505; 10.1001/jamanetworkopen	NCT03509350	NCT03509350	33620405;36853612	PMC7903252;PMC9975932	2	2	yes	yes	direct_pubmed_link	Vitamin C, Thiamine, and Steroids in Sepsis (VICTAS) [A multi-center, randomized, placebo-controlled, double-blind, adaptive clinical trial of vitamin C, thiamine and steroids as combination therapy in patients with sepsis]. https://clinicaltrials.gov/ct2/show/NCT03509350 (first received 26 April 2018).;Effect of vitamin C, thiamine, and hydrocortisone on ventilator- and vasopressor-free days in patients with sepsis: the VICTAS randomized clinical trial;Association of vitamin C, thiamine, and hydrocortisone infusion with long-term cognitive, psychological, and functional outcomes in sepsis survivors: a secondary analysis of the vitamin C, thiamine, and steroids in sepsis randomized clinical trial	.	NCT03509350. Vitamin C, Thiamine, and Steroids in Sepsis (VICTAS) [A multi-center, randomized, placebo-controlled, double-blind, adaptive clinical trial of vitamin C, thiamine and steroids as combination therapy in patients with sepsis]. https://clinicaltrials.gov/ct2/show/NCT03509350 (first received 26 April 2018). Sevransky JE, Rothman RE, Hager DN, Bernard GR, Brown SM, Buchman TG, et al. Effect of vitamin C, thiamine, and hydrocortisone on ventilator- and vasopressor-free days in patients with sepsis: the VICTAS randomized clinical trial. JAMA 2021;325(8):742‐50. [DOI: 10.1001/jama.2020.24
after_pilot	Cochrane_reviews/after_pilot/CD002243_corticosteroids_sepsis.pdf	CD002243_corticosteroids_sepsis	Slusher 1996	published data only	8823850	.	.	.	8823850	.	1	0	yes	no	direct_pubmed_link	Randomized, placebo-controlled, double blinded trial of dexamethasone in African children with sepsis	.	Slusher T, Gbadero D, Howard C, Lewinson L, Giroir B, Toro L, et al. Randomized, placebo-controlled, double blinded trial of dexamethasone in African children with sepsis. Pediatric Infectious Diseases Journal 1996;15(7):579-83. [PMID: ] - PubMed
after_pilot	Cochrane_reviews/after_pilot/CD002243_corticosteroids_sepsis.pdf	CD002243_corticosteroids_sepsis	Snijders 2010	published data only	20133929	.	.	.	20133929	.	1	0	yes	no	direct_pubmed_link	Efficacy of corticosteroids in community-acquired pneumonia – a randomized double blinded clinical trial	.	Snijders D, Daniels JMA, Graaff CS, Werf TS, Boersma WG. Efficacy of corticosteroids in community-acquired pneumonia – a randomized double blinded clinical trial. American Journal of Respiratory and Critical Care Medicine 2010;181(9):975-82. [PMID: ] - PubMed
after_pilot	Cochrane_reviews/after_pilot/CD002243_corticosteroids_sepsis.pdf	CD002243_corticosteroids_sepsis	Sprung 1984	published and unpublished data	6384785	.	.	.	6384785	.	1	0	yes	no	direct_pubmed_link	The effects of high-dose corticosteroids in patients with septic shock	.	Sprung CL, Caralis PV, Marcial EH, Pierce M, Gelbard MA, Long WM, et al. The effects of high-dose corticosteroids in patients with septic shock. A prospective, controlled study. New England Journal of Medicine 1984;311(18):1137-43. [PMID: ] - PubMed
after_pilot	Cochrane_reviews/after_pilot/CD002243_corticosteroids_sepsis.pdf	CD002243_corticosteroids_sepsis	Sprung 2008	published and unpublished data	18184957	.	.	.	18184957	.	1	0	yes	no	direct_pubmed_link	Hydrocortisone therapy for patients with septic shock	.	Sprung C, Annane D, Keh D, Moreno R, Singer M, Freivogel K, et al. Hydrocortisone therapy for patients with septic shock. New England Journal of Medicine 2008;358(2):111-24. [PMID: ] - PubMed
after_pilot	Cochrane_reviews/after_pilot/CD002243_corticosteroids_sepsis.pdf	CD002243_corticosteroids_sepsis	Sui 2013	published data only	.	.	.	.	.	.	0	0	no	no	.	Clinical efficacy in the treatment of severe community acquired pneumonia and its impact on CRP	title_search_no_match	Sui DJ, Zhang W, Li WS, Zhao HX, Wang ZY. Clinical efficacy in the treatment of severe community acquired pneumonia and its impact on CRP. Chinese Journal of Integrative Medicine 2013;18:1171-3.
after_pilot	Cochrane_reviews/after_pilot/CD002243_corticosteroids_sepsis.pdf	CD002243_corticosteroids_sepsis	Tagaro 2017	published data only	28363363	.	.	.	28363363	.	1	0	yes	no	direct_pubmed_link	Dexamethasone for parapneumonic pleural effusion: a randomized, double-blind, clinical trial	.	Tagaro A, Otheo E, Baquero-Artigao F, Navarro ML, Velasco R, Ruiz M, et al. Dexamethasone for parapneumonic pleural effusion: a randomized, double-blind, clinical trial. Journal of Pediatrics 2017;185:117-23. [PMID: ] - PubMed
after_pilot	Cochrane_reviews/after_pilot/CD002243_corticosteroids_sepsis.pdf	CD002243_corticosteroids_sepsis	Tandan 2005	unpublished data only	.	.	.	.	.	.	0	0	no	no	.	Low dose steroids and adrenocortical insufficiency in septic shock: a double-blind randomised controlled trial from India	title_search_no_match	Tandan SM, Guleria R, Gupta N. Low dose steroids and adrenocortical insufficiency in septic shock: a double-blind randomised controlled trial from India. In: Proceedings of the American Thoracic Society Meeting. 2005:A24.
after_pilot	Cochrane_reviews/after_pilot/CD002243_corticosteroids_sepsis.pdf	CD002243_corticosteroids_sepsis	Tilouche 2019	published and unpublished data	30628950	10.1097/shk.0000000000001316	.	.	30628950	.	1	0	yes	no	direct_pubmed_link	Comparison between continuous and intermittent administration of hydrocortisone during septic shock: a randomized controlled clinical trial	.	Tilouche N, Jaoued O, Ben Sik Ali H, Gharbi R, Fekih Hassen M, Elatrous S. Comparison between continuous and intermittent administration of hydrocortisone during septic shock: a randomized controlled clinical trial. Shock 2019;52:481-6. [DOI: 10.1097/SHK.0000000000001316] [PMID: ] - DOI - PubMed
after_pilot	Cochrane_reviews/after_pilot/CD002243_corticosteroids_sepsis.pdf	CD002243_corticosteroids_sepsis	Tomazini 2020	published data only	32876695	10.1001/jama.2020.17021	.	.	32876695	PMC7489411	1	1	yes	yes	direct_pubmed_link	Effect of dexamethasone on days alive and ventilator-free in patients with moderate or severe acute respiratory distress syndrome and COVID-19: the CoDEX randomized clinical trial	.	Tomazini BM, Maia IS, Cavalcanti AB, Berwanger O, Rosa RG, Veiga VC, et al. Effect of dexamethasone on days alive and ventilator-free in patients with moderate or severe acute respiratory distress syndrome and COVID-19: the CoDEX randomized clinical trial. JAMA 2020;324(13):1307‐16. [DOI: 10.1001/jama.2020.17021] - DOI - PMC - PubMed
after_pilot	Cochrane_reviews/after_pilot/CD002243_corticosteroids_sepsis.pdf	CD002243_corticosteroids_sepsis	Tongyoo 2016	published and unpublished data	27741949	.	.	.	27741949	PMC5065699	1	1	yes	yes	direct_pubmed_link	Hydrocortisone treatment in early sepsis associated acute respiratory distress syndrome: results of a randomized controlled trial	.	Tongyoo S, Permpikul C, Mongkolpun W, Vattanavanit V, Udompanturak S, Kocak M, et al. Hydrocortisone treatment in early sepsis associated acute respiratory distress syndrome: results of a randomized controlled trial. Critical Care 2016;20(1):329. [PMID: ] - PMC - PubMed
after_pilot	Cochrane_reviews/after_pilot/CD002243_corticosteroids_sepsis.pdf	CD002243_corticosteroids_sepsis	Torres 2015	published and unpublished data	25688779	.	.	.	25688779	.	1	0	yes	no	direct_pubmed_link	Effect of corticosteroids on treatment failure among hospitalized patients with severe community-acquired pneumonia and high inflammatory response: a randomized clinical trial	.	Torres A, Sibila O, Ferrer M, Polverino E, Menendez R, Mensa J, et al. Effect of corticosteroids on treatment failure among hospitalized patients with severe community-acquired pneumonia and high inflammatory response: a randomized clinical trial. JAMA 2015;313(7):677-86. [PMID: ] - PubMed
after_pilot	Cochrane_reviews/after_pilot/CD002243_corticosteroids_sepsis.pdf	CD002243_corticosteroids_sepsis	Valoor 2009	published data only	19057445	.	.	.	19057445	.	1	0	yes	no	direct_pubmed_link	Low-dose hydrocortisone in paediatric septic shock: an exploratory study in a third world setting	.	Valoor HT, Singhi S, Jayashree M. Low-dose hydrocortisone in paediatric septic shock: an exploratory study in a third world setting. Pediatric Critical Care Medicine 2009;10(1):121-5. [PMID: ] - PubMed
after_pilot	Cochrane_reviews/after_pilot/CD002243_corticosteroids_sepsis.pdf	CD002243_corticosteroids_sepsis	VASSCSG 1987	published data only	2888017	.	.	.	2888017	.	1	0	yes	no	direct_pubmed_link	Effect of high-dose glucocorticoid therapy on mortality in patients with clinical signs of systemic sepsis	.	Veterans Administration Systemic Sepsis Cooperative Study Group. Effect of high-dose glucocorticoid therapy on mortality in patients with clinical signs of systemic sepsis. New England Journal of Medicine 1987;317(11):659-65. [PMID: ] - PubMed
after_pilot	Cochrane_reviews/after_pilot/CD002243_corticosteroids_sepsis.pdf	CD002243_corticosteroids_sepsis	Venkatesh 2018	published data only (unpublished sought but not used)	29347874;29694789	10.1056/nejmoa1705835	.	.	29347874;29694789	.	2	0	yes	no	direct_pubmed_link	Adjunctive glucocorticoid therapy in patients with septic shock;Long-term outcomes of the ADRENAL trial [2018]	.	Venkatesh B, Finfer S, Cohen J, Rajbhandari D, Arabi Y, Bellomo R, et al. Adjunctive glucocorticoid therapy in patients with septic shock. New England Journal of Medicine 2018;378:797-808. [DOI: 10.1056/NEJMoa1705835] [PMID: ] - DOI - PubMed Venkatesh B, Finfer S, Mybrugh J, Cohen J, Billot L. Long-term outcomes of the ADRENAL trial [2018]. New England Journal of Medicine 2018;378(18):174-5. [PMID: ] - PubMed
after_pilot	Cochrane_reviews/after_pilot/CD002243_corticosteroids_sepsis.pdf	CD002243_corticosteroids_sepsis	Villar 2020	published and unpublished data	32043986	10.1016/s2213-2600(19)30417-5; 10.1016/s2213-2600(19	.	.	32043986	.	1	0	yes	no	direct_pubmed_link	Dexamethasone treatment for the acute respiratory distress syndrome: a multicentre, randomised controlled trial	.	Villar J, Ferrando C, Martínez D, Ambrós A, Muñoz T, Soler JA, et al. Dexamethasone treatment for the acute respiratory distress syndrome: a multicentre, randomised controlled trial. Lancet Respiratory Medicine 2020;8(3):267‐76. [DOI: 10.1016/S2213-2600(19)30417-5] - DOI - PubMed
after_pilot	Cochrane_reviews/after_pilot/CD002243_corticosteroids_sepsis.pdf	CD002243_corticosteroids_sepsis	Wani 2020	published data only	31990246	10.1080/23744235.2020.1718200	.	.	31990246	.	1	0	yes	no	direct_pubmed_link	Combination of vitamin C, thiamine and hydrocortisone added to standard treatment in the management of sepsis: results from an open label randomised controlled clinical trial and a review of the literature	.	Wani SJ, Mufti SA, Jan RA, Shah SU, Qadri SM, Khan UH, et al. Combination of vitamin C, thiamine and hydrocortisone added to standard treatment in the management of sepsis: results from an open label randomised controlled clinical trial and a review of the literature. Infectious Diseases 2020;52(4):271‐78. [DOI: 10.1080/23744235.2020.1718200] - DOI - PubMed
after_pilot	Cochrane_reviews/after_pilot/CD002243_corticosteroids_sepsis.pdf	CD002243_corticosteroids_sepsis	Wittermans 2021	published data only	33446608	10.1183/13993003.congress-2020; 10.1183/13993003.02535-2020	.	.	33446608	.	1	0	yes	no	direct_pubmed_link	Late breaking abstract - adjunctive treatment with oral dexamethasone in adults hospitalised with community-acquired pneumonia: a randomised clinical trial;Adjunctive treatment with oral dexamethasone in non-ICU patients hospitalised with community-acquired pneumonia: a randomised clinical trial	.	Wittermans E, Vestjens S, Spoorenberg S, Blok W, Grutters J, Janssen R, et al. Late breaking abstract - adjunctive treatment with oral dexamethasone in adults hospitalised with community-acquired pneumonia: a randomised clinical trial. European Respiratory Journal 2020;56:4132. [DOI: 10.1183/13993003.congress-2020] - DOI - PubMed Wittermans E, Vestjens SMT, Spoorenberg SMC, Blok WL, Grutters JC, Janssen R, et al. Adjunctive treatment with oral dexamethasone in non-ICU patients hospitalised with community-acquired pneumonia: a randomised clinical trial. European Respiratory Journal 2021;58(2):2
after_pilot	Cochrane_reviews/after_pilot/CD002243_corticosteroids_sepsis.pdf	CD002243_corticosteroids_sepsis	Yildiz 2002	published data only	12133187	.	.	.	12133187	PMC125315	1	1	yes	yes	direct_pubmed_link	Physiological-dose steroid therapy in sepsis	.	Yildiz O, Doganay M, Aygen B, Guven M, Keleutimur F, Tutuu A. Physiological-dose steroid therapy in sepsis. Critical Care 2002;6(3):251-9. [PMID: ] - PMC - PubMed
after_pilot	Cochrane_reviews/after_pilot/CD002243_corticosteroids_sepsis.pdf	CD002243_corticosteroids_sepsis	Yildiz 2011	published data only	22973341	.	.	.	22973341	PMC3430057	1	1	yes	yes	direct_pubmed_link	The effects of moderate-dose steroid therapy in sepsis: a placebo-controlled, randomized study	.	Yildiz O, Tanriverdi F, Simsek S, Aygen B, Kelestimur F. The effects of moderate-dose steroid therapy in sepsis: a placebo-controlled, randomized study. Journal of Research in Medical Sciences 2011;16(11):1410-21. [PMID: ] - PMC - PubMed
after_pilot	Cochrane_reviews/after_pilot/CD002243_corticosteroids_sepsis.pdf	CD002243_corticosteroids_sepsis	Zhou 2015	published data only	.	10.3969/j.issn.1674-4659.2015.01.0057	.	.	.	.	0	0	no	no	.	Application value of glucocorticoid for comprehensive treatment of acute respiratory distress syndrome induced by serious community acquired pneumonia	title_search_no_match	Zhou M. Application value of glucocorticoid for comprehensive treatment of acute respiratory distress syndrome induced by serious community acquired pneumonia. Clinical Medicine and Engineering 2015;22:57-8. [DOI: 10.3969/j.issn.1674-4659.2015.01.0057] - DOI
after_pilot	Cochrane_reviews/after_pilot/CD004376_exercise_knee_oa.pdf	CD004376_exercise_knee_oa	Abbott 2013	published and unpublished data	26416334;23313532	10.1002/art.38914; 10.2519/jospt.2015.6015	.	.	26416334;23313532	.	2	0	yes	no	direct_pubmed_link	Exercise therapy and/or manual therapy for hip or knee osteoarthritis: 2-year follow-up of a randomized controlled trial;Exercise therapy, manual therapy, or both, for management of osteoarthritis of the hip or knee: 2-year follow-up of a randomized clinical trial;The incremental effects of manual therapy or booster sessions in addition to exercise therapy for knee osteoarthritis: a randomized clinical trial;Do manual therapy or booster sessions in addition to exercise therapy for knee osteoarthritis provide additional benefits? A randomized clinical trial;Manual therapy, exercise therapy, or both, in addition to usual care for osteoarthritis of the hip or knee: a randomized controlled trial	title_search_no_match	Abbott JH, Chapple C, Pinto D, Wright A, Theis JC. Exercise therapy and/or manual therapy for hip or knee osteoarthritis: 2-year follow-up of a randomized controlled trial. Arthritis & Rheumatology 2014;10:S1266-7. [DOI: 10.1002/art.38914] - DOI Abbott JH, Chapple C, Pinto D, Wright AA, De La Barra SL, Baxter GD, et al. Exercise therapy, manual therapy, or both, for management of osteoarthritis of the hip or knee: 2-year follow-up of a randomized clinical trial. Osteoarthritis and Cartilage 2014;1:S51. Abbott JH, Chapple CM, Fitzgerald GK, Fritz JM, Childs JD, Harcombe H, et al. The incrementa
after_pilot	Cochrane_reviews/after_pilot/CD004376_exercise_knee_oa.pdf	CD004376_exercise_knee_oa	Alghadir 2019	published data only	27072798;30967128	10.1186/s12891-016-1021-z; 10.1186/s12891-019-2537-9	.	.	27072798;30967128	PMC4830006;PMC6456984	2	2	yes	yes	direct_pubmed_link	Effect of retro and forward walking on quadriceps muscle strength, pain, function, and mobility in patients with knee osteoarthritis: a protocol for a randomized controlled trial;Effect of 6-week retro or forward walking program on pain, functional disability, quadriceps muscle strength, and performance in individuals with knee osteoarthritis: a randomized controlled trial (retro-walking trial)	.	Alghadir A, Anwer S. Effect of retro and forward walking on quadriceps muscle strength, pain, function, and mobility in patients with knee osteoarthritis: a protocol for a randomized controlled trial. BMC Musculoskeletal Disorders 2016;17(1):(no pagination). [DOI: 10.1186/s12891-016-1021-z] - DOI - PMC - PubMed Alghadir AH, Anwer S, Sarkar B, Paul AK, Anwar D. Effect of 6-week retro or forward walking program on pain, functional disability, quadriceps muscle strength, and performance in individuals with knee osteoarthritis: a randomized controlled trial (retro-walking trial). BMC Musculoskelet
after_pilot	Cochrane_reviews/after_pilot/CD004376_exercise_knee_oa.pdf	CD004376_exercise_knee_oa	Allen 2018	published data only	29307722;30407270;33463020	10.1016/j.joca.2017.12.008; 10.1519/jpt.0000000000000213; 10.1002/acr.24564	NCT02312713	NCT02312713	29307722;30407270;33463020	PMC6021028;PMC6422722;PMC8286274	3	3	yes	yes	direct_pubmed_link	Physical therapy vs;Physical therapy vs internet-based exercise training for patients with knee osteoarthritis: results of a randomized controlled trial;Fall risk and utilization of balance training for adults with symptomatic knee osteoarthritis: secondary analysis from a randomized clinical trial;Application of heterogeneity of treatment-effects methods: exploratory analyses of a trial of exercise-based interventions for knee osteoarthritis;Physical therapy versus internet-based exercise training for patients with knee osteoarthritis. https://clinicaltrials.gov/study/NCT02312713 (first posted 9 December 2014).	title_search_no_match	Allen K, Arbeeva L, Callahan LF, Golightly YM, Goode AP, Heiderscheit B, et al. Physical therapy vs. internet-based exercise training for patients with knee osteoarthritis: results of a randomized controlled trial. Arthritis and Rheumatology. Conference: American College of Rheumatology/Association of Rheumatology Health Professionals Annual Scientific Meeting, ACR/ARHP 2017;69:Supplement 10. Allen KD, Arbeeva L, Callahan LF, Golightly YM, Goode AP, Heiderscheit BC, et al. Physical therapy vs internet-based exercise training for patients with knee osteoarthritis: results of a randomized contro
after_pilot	Cochrane_reviews/after_pilot/CD004376_exercise_knee_oa.pdf	CD004376_exercise_knee_oa	An 2008	published data only	18315512	.	.	.	18315512	.	1	0	yes	no	direct_pubmed_link	Baduanjin alleviates the symptoms of knee osteoarthritis	.	An B, Dai K, Zhu Z, Wang Y, Hao Y, Tang T, et al. Baduanjin alleviates the symptoms of knee osteoarthritis. Journal of Alternative and Complementary Medicine 2008;14(2):167-74. - PubMed
after_pilot	Cochrane_reviews/after_pilot/CD004376_exercise_knee_oa.pdf	CD004376_exercise_knee_oa	Anadkat 2015	published data only	.	.	.	.	.	.	0	0	no	no	.	Effectiveness of retro walking treadmill training on pain and disability in knee osteoarthritis: a randomized controlled trail [sic]	title_search_no_match	Anadkat H, Ajith S, Dhanesh Kumar KU. Effectiveness of retro walking treadmill training on pain and disability in knee osteoarthritis: a randomized controlled trail [sic]. International Journal of Pharma and Bio Sciences 2015;6(4):B43-50.
after_pilot	Cochrane_reviews/after_pilot/CD004376_exercise_knee_oa.pdf	CD004376_exercise_knee_oa	Anwer 2014	published data only	24926143	10.1589/jpts.26.745	.	.	24926143	PMC4047243	1	1	yes	yes	direct_pubmed_link	Effect of isometric quadriceps exercise on muscle strength, pain, and function in patients with knee osteoarthritis: a randomized controlled study	.	Anwer S, Alghadir A. Effect of isometric quadriceps exercise on muscle strength, pain, and function in patients with knee osteoarthritis: a randomized controlled study. Journal of Physical Therapy Science 2014;26(5):745-8. [DOI: 10.1589/jpts.26.745] - DOI - PMC - PubMed
after_pilot	Cochrane_reviews/after_pilot/CD004376_exercise_knee_oa.pdf	CD004376_exercise_knee_oa	Assar 2020	published data only	32368344	10.1186/s13102-020-00175-y	.	.	32368344	PMC7189678	1	1	yes	yes	direct_pubmed_link	The effect of Total resistance exercise vs;TRX training vs	title_search_no_match	Assar S, Gandomi F, Mozafari M, Sohaili F. The effect of Total resistance exercise vs. aquatic training on self-reported knee instability, pain, and stiffness in women with knee osteoarthritis: A randomized controlled trial. BMC Sports Science, Medicine and Rehabilitation 2020;12(1):(no pagination). [DOI: 10.1186/s13102-020-00175-y] - DOI - PMC - PubMed Irct20181222042070n1. TRX training vs. aquatic therapy for patients with kneeosteoarthritis. Irct20181222042070n1 2019.
after_pilot	Cochrane_reviews/after_pilot/CD004376_exercise_knee_oa.pdf	CD004376_exercise_knee_oa	Baker 2001	published data only	11469475	.	.	.	11469475	.	1	0	yes	no	direct_pubmed_link	The efficacy of home based progressive strength training in older adults with knee osteoarthritis: a randomized controlled trial	.	Baker KR, Nelson ME, Felson DT, Layne JE, Sarno R, Roubenoff R. The efficacy of home based progressive strength training in older adults with knee osteoarthritis: a randomized controlled trial. Journal of Rheumatology 2001;28:1655-65. - PubMed
after_pilot	Cochrane_reviews/after_pilot/CD004376_exercise_knee_oa.pdf	CD004376_exercise_knee_oa	Bandak 2022	published data only	34844929;33407791;36657659;36089229	10.1136/annrheumdis-2021-221129; 10.1016/j.joca.2022.02.060; 10.1186/s13063-020-04952-5; 10.1016/j.joca.2022.12.011; 10.1016/j.joca.2022.02.059	.	.	34844929;33407791;36657659;36089229	PMC7787248	4	1	yes	yes	direct_pubmed_link	Exercise and education versus saline injections for knee osteoarthritis: a randomised controlled equivalence trial;Exercise and education vs;Exercise therapy and patient education versus intra-articular saline injections in the treatment of knee osteoarthritis: an evidence-based protocol for an open-label randomised controlled trial (the DISCO trial);Exercise and education vs intra-articular saline for knee osteoarthritis: a 1-year follow-up of a randomized trial;Who are likely to benefit from the good life with osteoarthritis in Denmark (glad) exercise and education program? An effect modifier analysis from a randomized trial	.	Bandak E, Christensen R, Overgaard A, Kristensen LE, Ellegaard K, Guldberg-Moller J, et al. Exercise and education versus saline injections for knee osteoarthritis: a randomised controlled equivalence trial. Annals of the Rheumatic Diseases 2022;81(4):537-43. [DOI: 10.1136/annrheumdis-2021-221129] - DOI - PubMed Bandak E, Christensen R, Overgaard AF, Kristensen L, Ellegaard K, Guldberg-Moller J, et al. Exercise and education vs. saline injections for knee osteoarthritis: a randomised controlled equivalence trial. Osteoarthritis and Cartilage 2022;30 Suppl 1:S53-4. [DOI: 10.1016/j.joca.2022.02.
after_pilot	Cochrane_reviews/after_pilot/CD004376_exercise_knee_oa.pdf	CD004376_exercise_knee_oa	Bautch 1997	published data only	9313390	.	.	.	9313390	.	1	0	yes	no	direct_pubmed_link	Effects of exercise on knee joints with osteoarthritis: a pilot study of biologic markers	.	Bautch JC, Malone DG, Vailas AC. Effects of exercise on knee joints with osteoarthritis: a pilot study of biologic markers. Arthritis Care & Research 1997;10:48-55. - PubMed
after_pilot	Cochrane_reviews/after_pilot/CD004376_exercise_knee_oa.pdf	CD004376_exercise_knee_oa	Bennell 2010	published data only	20175973	.	.	.	20175973	.	1	0	yes	no	direct_pubmed_link	Hip strengthening reduces symptoms but not knee load in people with medial knee osteoarthritis and varus malalignment: a randomised controlled trial	.	Bennell KL, Hunt MA, Wrigley TV, Hunter DJ, McManus FJ, Hodges PW, et al. Hip strengthening reduces symptoms but not knee load in people with medial knee osteoarthritis and varus malalignment: a randomised controlled trial. Osteoarthritis and Cartilage 2010;18(5):621-8. - PubMed
after_pilot	Cochrane_reviews/after_pilot/CD004376_exercise_knee_oa.pdf	CD004376_exercise_knee_oa	Bennell 2016	published data only	26417720	10.1002/acr.22744	.	.	26417720	.	1	0	yes	no	direct_pubmed_link	Physiotherapist-delivered exercise and pain coping skills training is more effective than either intervention alone in knee osteoarthritis;Physical therapist-delivered pain coping skills training and exercise for knee osteoarthritis: randomized controlled trial	title_search_no_match	Bennell KL, Ahamed Y, Bryant C, Jull G, Hunt M, Kenardy J, et al. Physiotherapist-delivered exercise and pain coping skills training is more effective than either intervention alone in knee osteoarthritis. Osteoarthritis and Cartilage 2014;1:S192-3. Bennell KL, Ahamed Y, Jull G, Bryant C, Hunt MA, Forbes AB, et al. Physical therapist-delivered pain coping skills training and exercise for knee osteoarthritis: randomized controlled trial. Arthritis Care & Research 2016;68(5):590-602. [DOI: 10.1002/acr.22744] - DOI - PubMed
after_pilot	Cochrane_reviews/after_pilot/CD004376_exercise_knee_oa.pdf	CD004376_exercise_knee_oa	Bennell 2022a	published data only	32164604;34843383	10.1186/s12891-020-3166-z; 10.1016/j.joca.2022.02.062; 10.7326/m21-2388	.	.	32164604;34843383	PMC7068989	2	1	yes	yes	direct_pubmed_link	Better Knee, Better Me: effectiveness of two scalable health care interventions supporting self-management for knee osteoarthritis-protocol for a randomized controlled trial;Comparing video-based telehealth-delivered exercise and weight loss programs with online education on outcomes of knee osteoarthritis: a randomized trial;Comparing video-based, telehealth-delivered exercise and weight loss programs with online education on outcomes of knee osteoarthritis	.	Bennell KL, Keating C, Lawford BJ, Kimp AJ, Egerton T, Brown C, et al. Better Knee, Better Me: effectiveness of two scalable health care interventions supporting self-management for knee osteoarthritis-protocol for a randomized controlled trial. BMC Musculoskeletal Disorders 2020;21(1):(no pagination). [DOI: 10.1186/s12891-020-3166-z] - DOI - PMC - PubMed Bennell KL, Lawford BJ, Keating C, Brown C, Kasza J, Mackenzie D, et al. Comparing video-based telehealth-delivered exercise and weight loss programs with online education on outcomes of knee osteoarthritis: a randomized trial. Osteoarthritis
after_pilot	Cochrane_reviews/after_pilot/CD004376_exercise_knee_oa.pdf	CD004376_exercise_knee_oa	Bennell 2022b	published data only	36122378	10.7326/m22-1761	.	ACTRN12618000930280;Actrn12620000012976	36122378	.	1	0	yes	no	direct_pubmed_link	Better Knee, Better Me: effectiveness of two scalable health care interventions supporting self-management for knee osteoarthritis; a randomised controlled trial;Comparing effects of an online exercise plus education program to online education only in people with knee osteoarthritis: randomised controlled trial: the COPE Trial;Effectiveness of an unsupervised online yoga program on pain and function in people with knee osteoarthritis a randomized clinical trial	.	ACTRN12618000930280. Better Knee, Better Me: effectiveness of two scalable health care interventions supporting self-management for knee osteoarthritis; a randomised controlled trial. https://www.anzctr.org.au/Trial/Registration/TrialReview.aspx?id=375067&... (registered 1 June 2018). Actrn12620000012976. Comparing effects of an online exercise plus education program to online education only in people with knee osteoarthritis: randomised controlled trial: the COPE Trial. Actrn12620000012976 2020. Bennell KL, Schwartz S, Teo PL, Hawkins S, Mackenzie D, McManus F, et al. Effectiveness of an unsu
after_pilot	Cochrane_reviews/after_pilot/CD004376_exercise_knee_oa.pdf	CD004376_exercise_knee_oa	Bhagat 2017	published data only	.	10.22159/ajpcr.2017.v10i7.18322	.	.	.	.	0	0	no	no	.	Effect of circuit training in osteoarthritis of knee	title_search_no_match	Bhagat P, Jagtap V, Poovishnu Devi T. Effect of circuit training in osteoarthritis of knee. Asian Journal of Pharmaceutical and Clinical Research 2017;10(7):333-5. [DOI: 10.22159/ajpcr.2017.v10i7.18322] - DOI
after_pilot	Cochrane_reviews/after_pilot/CD004376_exercise_knee_oa.pdf	CD004376_exercise_knee_oa	Braghin 2018	published data only	29332761	10.1016/j.jbmt.2017.04.006	.	.	29332761	.	1	0	yes	no	direct_pubmed_link	Exercise on balance and function for knee osteoarthritis: a randomized controlled trial	.	Braghin R, Libardi EC, Junqueira C, Nogueira - Barbosa MH, Abreu DC. Exercise on balance and function for knee osteoarthritis: a randomized controlled trial. Journal of Bodywork and Movement Therapies 2018;22(1):76-82. [DOI: 10.1016/j.jbmt.2017.04.006] - DOI - PubMed
after_pilot	Cochrane_reviews/after_pilot/CD004376_exercise_knee_oa.pdf	CD004376_exercise_knee_oa	Brismée 2007	published data only	17264104	.	.	.	17264104	.	1	0	yes	no	direct_pubmed_link	Group and home-based Tai Chi in elderly subjects with knee osteoarthritis: a randomized controlled trial	.	Brismée J, Paige RL, Chyu M, Boatright JD, Hagar JM, McCaleb JA, et al. Group and home-based Tai Chi in elderly subjects with knee osteoarthritis: a randomized controlled trial. Clinical Rehabilitation 2007;21(2):99-111. - PubMed
after_pilot	Cochrane_reviews/after_pilot/CD004376_exercise_knee_oa.pdf	CD004376_exercise_knee_oa	Bruce‐Brand 2012	published data only	22759883	.	.	.	22759883	PMC3493368	1	1	yes	yes	direct_pubmed_link	Effects of home-based resistance training and neuromuscular electrical stimulation in knee osteoarthritis: a randomized controlled trial	.	Bruce-Brand RA, Walls RJ, Ong JC, Emerson BS, O'Byrne JM, Moyna NM. Effects of home-based resistance training and neuromuscular electrical stimulation in knee osteoarthritis: a randomized controlled trial. BMC Musculoskeletal Disorders 2012;13:118. - PMC - PubMed
after_pilot	Cochrane_reviews/after_pilot/CD004376_exercise_knee_oa.pdf	CD004376_exercise_knee_oa	Chang 2012	published data only	22397710	.	.	.	22397710	.	1	0	yes	no	direct_pubmed_link	Effects of elastic-band exercise on lower-extremity function among female patients with osteoarthritis of the knee	.	Chang TF, Liou TH, Chen CH, Huang YC, Chang KH. Effects of elastic-band exercise on lower-extremity function among female patients with osteoarthritis of the knee. Disability and Rehabilitation 2012;34(20):1727-35. - PubMed
after_pilot	Cochrane_reviews/after_pilot/CD004376_exercise_knee_oa.pdf	CD004376_exercise_knee_oa	Chen 2014	published data only	24924842	10.1016/j.kjms.2014.03.006	.	.	24924842	PMC11915906	1	1	yes	yes	direct_pubmed_link	The efficacy of shock wave therapy in patients with knee osteoarthritis and popliteal cyamella	.	Chen TW, Lin CW, Lee CL, Chen CH, Chen YJ, Lin TY, et al. The efficacy of shock wave therapy in patients with knee osteoarthritis and popliteal cyamella. Kaohsiung Journal of Medical Sciences 2014;30(7):362-70. [DOI: 10.1016/j.kjms.2014.03.006] - DOI - PMC - PubMed
after_pilot	Cochrane_reviews/after_pilot/CD004376_exercise_knee_oa.pdf	CD004376_exercise_knee_oa	Chen 2021	published data only	34221078	10.1155/2021/5574966	.	.	34221078	PMC8213492	1	1	yes	yes	direct_pubmed_link	The efficacy of backward walking on static stability, proprioception, pain, and physical function of patients with knee osteoarthritis: a randomized controlled trial	.	Chen Z, Ye X, Wang Y, Shen Z, Wu J, Chen W, et al. The efficacy of backward walking on static stability, proprioception, pain, and physical function of patients with knee osteoarthritis: a randomized controlled trial. Evidence-Based Complementary and Alternative Medicine 2021;11:(no pagination). [DOI: 10.1155/2021/5574966] - DOI - PMC - PubMed
after_pilot	Cochrane_reviews/after_pilot/CD004376_exercise_knee_oa.pdf	CD004376_exercise_knee_oa	Cheung 2014	published data only	24886638;26214142	10.1186/1472-6882-14-160; 10.1123/japa.2015-0048	NCT01832155	NCT01832155	24886638;26214142	PMC4038088	2	1	yes	yes	direct_pubmed_link	Yoga for managing knee osteoarthritis in older women: a pilot randomized controlled trial;Adherence to a yoga program in older women with knee osteoarthritis;Yoga for managing knee osteoarthritis in older women: a feasibility studya pilot study testing a hatha yoga exercise program in older women with knee osteoarthritis. https://clinicaltrials.gov/study/NCT01832155 (first posted 15 April 2013).	.	Cheung C, Wyman JF, Resnick B, Savik K. Yoga for managing knee osteoarthritis in older women: a pilot randomized controlled trial. BMC Complementary and Alternative Medicine 2014;14:(no pagination). [DOI: 10.1186/1472-6882-14-160] - DOI - PMC - PubMed Cheung C, Wyman JF, Savik K. Adherence to a yoga program in older women with knee osteoarthritis. Journal of Aging and Physical Activity 2016;24(2):181-8. [DOI: 10.1123/japa.2015-0048] - DOI - PubMed NCT01832155. Yoga for managing knee osteoarthritis in older women: a feasibility studya pilot study testing a hatha yoga exercise program in older w
after_pilot	Cochrane_reviews/after_pilot/CD004376_exercise_knee_oa.pdf	CD004376_exercise_knee_oa	Cheung 2017	published data only	27913870	10.1007/s00296-016-3620-2	NCT02525341	NCT02525341	27913870	PMC5569242	1	1	yes	yes	direct_pubmed_link	Managing knee osteoarthritis with yoga or aerobic/strengthening exercise programs in older adults: a pilot randomized controlled trial;Is yoga better than aerobic/strengthening exercises for managing knee osteoarthritis in older adults? Osteoarthritis and Cartilage 2016;1:S484.;Yoga versus exercises for managing OA [Yoga versus aerobic and strengthening exercises for managing knee osteoarthritis]. https://clinicaltrials.gov/study/NCT02525341 (first posted 17 August 2015).	title_search_no_match	Cheung C, Wyman JF, Bronas U, McCarthy T, Rudser K, Mathiason MA. Managing knee osteoarthritis with yoga or aerobic/strengthening exercise programs in older adults: a pilot randomized controlled trial. Rheumatology International 2017;37(3):389-98. [DOI: 10.1007/s00296-016-3620-2] - DOI - PMC - PubMed Cheung CK, Wyman J, Bronas U, McCarthy T, Switzer J, Mathiason M. Is yoga better than aerobic/strengthening exercises for managing knee osteoarthritis in older adults? Osteoarthritis and Cartilage 2016;1:S484. Nct02525341. Yoga versus exercises for managing OA [Yoga versus aerobic and strengthenin
after_pilot	Cochrane_reviews/after_pilot/CD004376_exercise_knee_oa.pdf	CD004376_exercise_knee_oa	Chopp‐Hurley 2017	published and unpublished data	28379878;34000629	10.1097/jom.0000000000001020; 10.1016/j.clinbiomech.2021.105381	.	.	28379878;34000629	.	2	0	yes	no	direct_pubmed_link	Randomized controlled trial investigating the role of exercise in the workplace to improve work ability, performance, and patient-reported symptoms among older workers with osteoarthritis;Muscle strength gains after strengthening exercise explained by reductions in serum inflammation in women with knee osteoarthritis	.	Chopp-Hurley JN, Brenneman EC, Wiebenga EG, Bulbrook B, Keir PJ, Maly MR. Randomized controlled trial investigating the role of exercise in the workplace to improve work ability, performance, and patient-reported symptoms among older workers with osteoarthritis. Journal of Occupational and Environmental Medicine 2017;59(6):550-6. [DOI: 10.1097/JOM.0000000000001020] - DOI - PubMed Marriott K, Chopp-Hurley J, Loukov D, Karampatos S, Kuntz AB, Wiebenga EG, et al. Muscle strength gains after strengthening exercise explained by reductions in serum inflammation in women with knee osteoarthritis. Cli
after_pilot	Cochrane_reviews/after_pilot/CD004376_exercise_knee_oa.pdf	CD004376_exercise_knee_oa	Christensen 2015	published data only	23512743;25370359	10.1002/oby.20413; 10.1002/acr.22504	.	.	23512743;25370359	PMC4657487	2	1	yes	yes	direct_pubmed_link	Comparison of three weight maintenance programs on cardiovascular risk, bone and vitamins in sedentary older adults;Effect of weight maintenance on symptoms of knee osteoarthritis in obese patients: A twelve-month randomized controlled trial	.	Christensen P, Frederiksen R, Bliddal H, Riecke BF, Bartels EM, Henriksen M, et al. Comparison of three weight maintenance programs on cardiovascular risk, bone and vitamins in sedentary older adults. Obesity (Silver Spring, Md.) 2013;21(10):1982-90. [DOI: 10.1002/oby.20413] - DOI - PubMed Christensen R, Henriksen M, Leeds AR, Gudbergsen H, Christensen P, Sorensen TJ, et al. Effect of weight maintenance on symptoms of knee osteoarthritis in obese patients: A twelve-month randomized controlled trial. Arthritis Care & Research 2015;67(5):640-50. [DOI: 10.1002/acr.22504] - DOI - PMC - PubMed
after_pilot	Cochrane_reviews/after_pilot/CD004376_exercise_knee_oa.pdf	CD004376_exercise_knee_oa	Da Silva 2015	published data only	26237073	.	NCT01850862	NCT01850862	26237073	.	1	0	yes	no	direct_pubmed_link	Efficacy of simple integrated group rehabilitation program for patients with knee osteoarthritis: Single-blind randomized controlled trial;Progressive collective-exercise program on the knee osteoarthritis. https://clinicaltrials.gov/study/NCT01850862 (first posted 10 May 2013).	.	Da Silva FS, De Melo FE, Do Amaral MM, Caldas VV, Pinheiro IL, Abreu BJ, et al. Efficacy of simple integrated group rehabilitation program for patients with knee osteoarthritis: Single-blind randomized controlled trial. Journal of Rehabilitation Research and Development 2015;52(3):309-22. - PubMed NCT01850862. Progressive collective-exercise program on the knee osteoarthritis. https://clinicaltrials.gov/study/NCT01850862 (first posted 10 May 2013).
after_pilot	Cochrane_reviews/after_pilot/CD004376_exercise_knee_oa.pdf	CD004376_exercise_knee_oa	De Almeida 2020	published data only	31865505;30497420	10.1007/s10067-019-04892-9; 10.1186/s12891-018-2325-y	NCT02761590	NCT02761590	31865505;30497420	PMC6267088	2	1	yes	yes	direct_pubmed_link	A periodized training attenuates thigh intermuscular fat and improves muscle quality in patients with knee osteoarthritis: results from a randomized controlled trial;Influence of a periodized circuit training protocol on intermuscular adipose tissue of patients with knee osteoarthritis: protocol for a randomized controlled trial;Circuit training on knee osteoarthritis patients [Influence of a circuit trining protocol on intermuscular adipose tissue of knee osteoarthritis patients: a randomized controlled trial]. https://clinicaltrials.gov/study/NCT02761590 (first posted 4 May 2016).	.	De Almeida AC, Aily JB, Pedroso MG, Goncalves GH, De Carvalho Felinto J, Ferrari RJ, et al. A periodized training attenuates thigh intermuscular fat and improves muscle quality in patients with knee osteoarthritis: results from a randomized controlled trial. Clinical Rheumatology 2020;39(4):1265-75. [DOI: 10.1007/s10067-019-04892-9] - DOI - PubMed De Almeida AC, Pedroso MG, Aily JB, Goncalves GH, Pastre CM, Mattiello SM. Influence of a periodized circuit training protocol on intermuscular adipose tissue of patients with knee osteoarthritis: protocol for a randomized controlled trial. BMC Muscu
after_pilot	Cochrane_reviews/after_pilot/CD004376_exercise_knee_oa.pdf	CD004376_exercise_knee_oa	De Matos 2019	published data only	30324827	10.1080/09638288.2018.1493160	.	.	30324827	.	1	0	yes	no	direct_pubmed_link	The effect of low-level laser therapy and physical exercise on pain, stiffness, function, and spatiotemporal gait variables in subjects with bilateral knee osteoarthritis: a blind randomized clinical trial	.	De Matos Brunelli Braghin R, Libardi EC, Junqueira C, Rodrigues NC, Nogueira-Barbosa MH, Renno AC, et al. The effect of low-level laser therapy and physical exercise on pain, stiffness, function, and spatiotemporal gait variables in subjects with bilateral knee osteoarthritis: a blind randomized clinical trial. Disability and Rehabilitation 2019;41(26):3165-72. [DOI: 10.1080/09638288.2018.1493160] - DOI - PubMed
after_pilot	Cochrane_reviews/after_pilot/CD004376_exercise_knee_oa.pdf	CD004376_exercise_knee_oa	De Rooij 2017	published data only	27563831	10.1136/annrheumdis-2016-eular.3855; 10.1002/acr.23013	.	.	27563831	.	1	0	yes	no	direct_pubmed_link	Efficacy of tailored exercise therapy in patients with knee osteoarthritis and comorbidity: a randomized controlled trial;Efficacy of tailored exercise therapy on physical functioning in patients with knee osteoarthritis and comorbidity: a randomized controlled trial	.	De Rooij M, Van Der Leeden M, Cheung J, Van Der Esch M, Arja Hakkinen A, Haverkamp D, et al. Efficacy of tailored exercise therapy in patients with knee osteoarthritis and comorbidity: a randomized controlled trial. Annals of the Rheumatic Diseases 2016;75 Suppl 2:78. [DOI: 10.1136/annrheumdis-2016-eular.3855] - DOI - PubMed De Rooij M, Van der Leeden M, Cheung J, Van der Esch M, Hakkinen A, Haverkamp D, et al. Efficacy of tailored exercise therapy on physical functioning in patients with knee osteoarthritis and comorbidity: a randomized controlled trial. Arthritis Care & Research 2017;69(6):8
after_pilot	Cochrane_reviews/after_pilot/CD004376_exercise_knee_oa.pdf	CD004376_exercise_knee_oa	DeVita 2018	published data only	30273922	10.1016/j.clinbiomech.2018.09.016	.	.	30273922	.	1	0	yes	no	direct_pubmed_link	The effect of quadriceps-strengthening exercise on quadriceps and knee biomichanics during walking in adults with knee osteoarthritis: a randomized controlled trial;Quadriceps-strengthening exercise and quadriceps and knee biomechanics during walking in knee osteoarthritis: a two-centre randomized controlled trial	title_search_no_match	Aaboe J, Henriksen M, Bartholdy C, Leonardis J, Rider P, Jorgensen L, et al. The effect of quadriceps-strengthening exercise on quadriceps and knee biomichanics during walking in adults with knee osteoarthritis: a randomized controlled trial. Osteoarthritis and Cartilage 2014;1:S80-1. DeVita P, Aaboe J, Bartholdy C, Leonardis JM, Bliddal H, Henriksen M. Quadriceps-strengthening exercise and quadriceps and knee biomechanics during walking in knee osteoarthritis: a two-centre randomized controlled trial. Clinical Biomechanics (Bristol, Avon) 2018;59:199-206. [DOI: 10.1016/j.clinbiomech.2018.09.0
after_pilot	Cochrane_reviews/after_pilot/CD004376_exercise_knee_oa.pdf	CD004376_exercise_knee_oa	Dincer 2016	published data only	.	10.5606/tftrd.2016.93899	.	.	.	.	0	0	no	no	.	The effects of closed kinetic chain exercise on articular cartilage morphology: myth or reality? A randomized controlled clinical trial	title_search_no_match	Dincer U, Ariba S, Saygin H, Incedayi M, Rodop O. The effects of closed kinetic chain exercise on articular cartilage morphology: myth or reality? A randomized controlled clinical trial. Turkiye Fiziksel Tip ve Rehabilitasyon Dergisi 2016;62(1):28-36. [DOI: 10.5606/tftrd.2016.93899] - DOI
after_pilot	Cochrane_reviews/after_pilot/CD004376_exercise_knee_oa.pdf	CD004376_exercise_knee_oa	Drummen 2023	published data only	36692651	10.1016/j.joca.2021.02.503; 10.1007/s10067-022-06477-5	.	ACTRN12618001097235	36692651	PMC10102100	1	1	yes	yes	direct_pubmed_link	WALK - A pilot randomised controlled trial evaluating community walking for knee osteoarthritis;Walk - a pilot randomized controlled trial evaluating community walking for knee osteoarthritis;A pilot randomized controlled trial evaluating outdoor community walking for knee osteoarthritis: walk	title_search_no_match	ACTRN12618001097235. WALK - A pilot randomised controlled trial evaluating community walking for knee osteoarthritis. https://www.anzctr.org.au/Trial/Registration/TrialReview.aspx?id=374968 (first registered 2 July 2018). Aitken D, Drummen SJ, Balogun S, Lahham A, Bennell K, Hinman R, et al. Walk - a pilot randomized controlled trial evaluating community walking for knee osteoarthritis. Osteoarthritis and Cartilage 2021;29 Suppl 1:S387. [DOI: 10.1016/j.joca.2021.02.503] - DOI Drummen SJ, Balogun S, Lahham A, Bennell K, Hinman RS, Callisaya M, et al. A pilot randomized controlled trial evaluati
after_pilot	Cochrane_reviews/after_pilot/CD004376_exercise_knee_oa.pdf	CD004376_exercise_knee_oa	Dwyer 2015	published data only	25455832	10.1016/j.jmpt.2014.10.002	.	.	25455832	.	1	0	yes	no	direct_pubmed_link	Manual and manipulative therapy in addition to rehabilitation for osteoarthritis of the knee: assessor-blind randomized pilot trial	.	Dwyer L, Parkin-Smith GF, Brantingham JW, Korporaal C, Cassa TK, Globe G, et al. Manual and manipulative therapy in addition to rehabilitation for osteoarthritis of the knee: assessor-blind randomized pilot trial. Journal of Manipulative and Physiological Therapeutics 2015;38(1):1-21. [DOI: 10.1016/j.jmpt.2014.10.002] - DOI - PubMed
after_pilot	Cochrane_reviews/after_pilot/CD004376_exercise_knee_oa.pdf	CD004376_exercise_knee_oa	Ettinger 1997	published data only	8980206;10682941;9668732	.	.	.	8980206;10682941;9668732	.	3	0	yes	no	direct_pubmed_link	A randomized trial comparing aerobic exercise and resistance exercise with a health education program in older adults with knee osteoarthritis;Long-term exercise and its effect on balance in older, osteoarthritis adults: results from the Fitness, Arthritis and Seniors Trial (FAST);Effects of long-term aerobic or weight training regimes on gait in an older, osteoarthritic population;Treating disability in knee osteoarthritis with exercise therapy: a central role for self-efficacy and pain	title_search_no_match	Ettinger WH, Burns R, Messier SP, Applegate W, Rejeski WJ, Morgan T, et al. A randomized trial comparing aerobic exercise and resistance exercise with a health education program in older adults with knee osteoarthritis. The Fitness Arthritis and Seniors Trial (FAST). JAMA 1997;277:25-31. - PubMed Messier SP, Royer TD, Craven TE, O'Toole ML, Burns R, Ettinger WH. Long-term exercise and its effect on balance in older, osteoarthritis adults: results from the Fitness, Arthritis and Seniors Trial (FAST). Journal of the American Geriatric Society 2000;48:131-8. - PubMed Messier SP, Thompson CD, Etti
after_pilot	Cochrane_reviews/after_pilot/CD004376_exercise_knee_oa.pdf	CD004376_exercise_knee_oa	Foley 2003	published data only	14644853	.	.	.	14644853	PMC1754378	1	1	yes	yes	direct_pubmed_link	Does hydrotherapy improve strength and physical function in patients with osteoarthritis-a randomised controlled trial comparing a gym based and a hydrotherapy based strengthening program	.	Foley A, Halbert J, Hewitt T, Crotty M, Halbert J, Hewitt T, et al. Does hydrotherapy improve strength and physical function in patients with osteoarthritis-a randomised controlled trial comparing a gym based and a hydrotherapy based strengthening program. Annals of the Rheumatic Diseases 2003;62:1162-7. - PMC - PubMed
after_pilot	Cochrane_reviews/after_pilot/CD004376_exercise_knee_oa.pdf	CD004376_exercise_knee_oa	Fransen 2001	published data only	11196518	.	.	.	11196518	.	1	0	yes	no	direct_pubmed_link	Physical therapy is effective for patients with osteoarthritis of the knee: a randomized controlled trial	.	Fransen M, Crosbie J, Edmonds J. Physical therapy is effective for patients with osteoarthritis of the knee: a randomized controlled trial. Journal of Rheumatology 2001;28:156-64. - PubMed
after_pilot	Cochrane_reviews/after_pilot/CD004376_exercise_knee_oa.pdf	CD004376_exercise_knee_oa	Fransen 2007	published data only	17443749	.	.	.	17443749	.	1	0	yes	no	direct_pubmed_link	The Physical Activity for Osteoarthritis Management (PAFORM) study	.	Fransen M, Nairn L, Winstanley J, Lam P, Edmonds J. The Physical Activity for Osteoarthritis Management (PAFORM) study. A randomised controlled clinical trial evaluating hydrotherapy and Tai Chi classes. Arthritis Care & Research 2007;57:407-14. - PubMed
after_pilot	Cochrane_reviews/after_pilot/CD004376_exercise_knee_oa.pdf	CD004376_exercise_knee_oa	Gohir 2021	published data only	33620447	10.1001/jamanetworkopen.2021.0012	.	.	33620447	PMC7903254	1	1	yes	yes	direct_pubmed_link	Effectiveness of internet-based exercises aimed at treating knee osteoarthritis: the ibeat-OA randomized clinical trial	.	Gohir SA, Eek F, Kelly A, Abhishek A, Valdes AM. Effectiveness of internet-based exercises aimed at treating knee osteoarthritis: the ibeat-OA randomized clinical trial. JAMA Network Open 2021;4(2):(no pagination). [DOI: 10.1001/jamanetworkopen.2021.0012] - DOI - PMC - PubMed
after_pilot	Cochrane_reviews/after_pilot/CD004376_exercise_knee_oa.pdf	CD004376_exercise_knee_oa	Gondhalekar 2013	published data only	23641371	10.4103/1947-2714.107527	.	.	23641371	PMC3624710	1	1	yes	yes	direct_pubmed_link	Retrowalking as an adjunct to conventional treatment versus conventional treatment alone on pain and disability in patients with acute exacerbation of chronic knee osteoarthritis: a randomized clinical trial	.	Gondhalekar GA, Deo MV. Retrowalking as an adjunct to conventional treatment versus conventional treatment alone on pain and disability in patients with acute exacerbation of chronic knee osteoarthritis: a randomized clinical trial. North American Journal of Medical Sciences 2013;5(2):108-12. [DOI: 10.4103/1947-2714.107527] - DOI - PMC - PubMed
after_pilot	Cochrane_reviews/after_pilot/CD004376_exercise_knee_oa.pdf	CD004376_exercise_knee_oa	Guo 2022	published data only	34658285	10.1177/02692155211049155	.	.	34658285	.	1	0	yes	no	direct_pubmed_link	Self-administered acupressure and exercise for patients with osteoarthritis: a randomized controlled trial	.	Guo D, Ma S, Zhao Y, Dong J, Guo B, Li X. Self-administered acupressure and exercise for patients with osteoarthritis: a randomized controlled trial. Clinical Rehabilitation 2022;36(3):350-8. [DOI: 10.1177/02692155211049155] - DOI - PubMed
after_pilot	Cochrane_reviews/after_pilot/CD004376_exercise_knee_oa.pdf	CD004376_exercise_knee_oa	Gur 2002	published data only	11887109	.	.	.	11887109	.	1	0	yes	no	direct_pubmed_link	Concentric versus combined concentric-eccentric isokinetic training: effects on functional capacity and symptoms in patients with osteoarthrosis of the knee	.	Gur H, Cakin N, Akova B, Okay E, Kucukoglu S. Concentric versus combined concentric-eccentric isokinetic training: effects on functional capacity and symptoms in patients with osteoarthrosis of the knee. Archives of Physical and Medical Rehabilitation 2003;83:308-16. - PubMed
after_pilot	Cochrane_reviews/after_pilot/CD004376_exercise_knee_oa.pdf	CD004376_exercise_knee_oa	Hay 2006	published data only	17056608	.	.	.	17056608	PMC1635605	1	1	yes	yes	direct_pubmed_link	Effectiveness of community physiotherapy and enhanced pharmacy review for knee pain in people aged over 55 presenting to primary care: pragmatic randomised trial	.	Hay EM, Foster NE, Thomas E, Peat G, Phelan M, Yates HE, et al. Effectiveness of community physiotherapy and enhanced pharmacy review for knee pain in people aged over 55 presenting to primary care: pragmatic randomised trial. BMJ (Clinical Research Ed.) 2006;333:995. - PMC - PubMed
after_pilot	Cochrane_reviews/after_pilot/CD004376_exercise_knee_oa.pdf	CD004376_exercise_knee_oa	Henriksen 2014	published data only	29499289;33453514;31656173	10.1016/j.knee.2020.12.022; 10.1186/s12891-019-2858-8	.	.	29499289;33453514;31656173	PMC6815355	3	1	yes	yes	direct_pubmed_link	The effects of exercise on synovitis and bone marrow lesions in knee osteoarthritis: secondary outcomes from a randomized controlled trial;The effect of exercise therapy on inflammatory activity assessed by MRI in knee osteoarthritis: secondary outcomes from a randomized controlled trial;Exercise-induced pain changes associate with changes in muscle perfusion in knee osteoarthritis: exploratory outcome analyses of a randomised controlled trial;Standardized rescue training as part of an exercise program for knee osteoarthritis: proof of concept;The effects of exercise therapy on knee joint biomechanics during walking in patients with knee osteoarthritis: secondary outcome analyses from a randomized controlled trial	title_search_no_match	Bandak E, Boesen M, Bilddal H, Daugaard C, Hangaard S, Bartholdy C, et al. The effects of exercise on synovitis and bone marrow lesions in knee osteoarthritis: secondary outcomes from a randomized controlled trial. Osteoarthritis and Cartilage 2018;26 Suppl 1:S315-6. - PubMed Bandak E, Boesen M, Bliddal H, Daugaard C, Hangaard S, Bartholdy C, et al. The effect of exercise therapy on inflammatory activity assessed by MRI in knee osteoarthritis: secondary outcomes from a randomized controlled trial. Knee 2021;28:256-65. [DOI: 10.1016/j.knee.2020.12.022] - DOI - PubMed Bandak E, Boesen M, Bliddal
after_pilot	Cochrane_reviews/after_pilot/CD004376_exercise_knee_oa.pdf	CD004376_exercise_knee_oa	Hernandez 2019	published and unpublished data	31733777	10.1016/j.jbmt.2019.06.002	.	.	31733777	.	1	0	yes	no	direct_pubmed_link	Efficacy of core exercises in patients with osteoarthritis of the knee: a randomized controlled clinical trial	.	Hernandez D, Dimaro M, Navarro E, Dorado J, Accoce M, Salzberg S, et al. Efficacy of core exercises in patients with osteoarthritis of the knee: a randomized controlled clinical trial. Journal of Bodywork and Movement Therapies 2019;23(4):881-7. [DOI: 10.1016/j.jbmt.2019.06.002] - DOI - PubMed
after_pilot	Cochrane_reviews/after_pilot/CD004376_exercise_knee_oa.pdf	CD004376_exercise_knee_oa	Hinman 2020	published data only	31748198;28339847	10.1136/bjsports-2019-101183; 10.1093/ptj/pzx021	.	ACTRN12616000054415	31748198;28339847	.	2	0	yes	no	direct_pubmed_link	Telephone-delivered support and advice for people with symptomatic knee osteoarthritis: telecare Study;Does telephone-delivered exercise advice and support by physiotherapists improve pain and/or function in people with knee osteoarthritis? Telecare randomised controlled trial;Telephone-delivered exercise advice and behavior change support by physical therapists for people with knee osteoarthritis: protocol for the telecare randomized controlled trial	.	ACTRN12616000054415. Telephone-delivered support and advice for people with symptomatic knee osteoarthritis: telecare Study. Effect of telephone-delivered advice on pain and function in people with knee osteoarthritis: telecare trial. https://www.anzctr.org.au/Trial/Registration/TrialReview.aspx?id=369204&... (registered 20 January 2016). Hinman RS, Campbell PK, Lawford BJ, Briggs AM, Gale J, Bills C, et al. Does telephone-delivered exercise advice and support by physiotherapists improve pain and/or function in people with knee osteoarthritis? Telecare randomised controlled trial. British Jour
after_pilot	Cochrane_reviews/after_pilot/CD004376_exercise_knee_oa.pdf	CD004376_exercise_knee_oa	Holm 2020	published data only	33991370;32179197	10.1002/ejp.1796; 10.1016/j.joca.2020.02.839	NCT03215602	NCT03215602	33991370;32179197	.	2	0	yes	no	direct_pubmed_link	High-intensity strength training in addition to standard non-surgical treatment in patients with knee osteoarthritis E a randomized controlled trial;Strength training in addition to neuromuscular exercise and education in individuals with knee osteoarthritis-the effects on pain and sensitization;Low-dose strength training in addition to neuromuscular exercise and education in patients with knee osteoarthritis in secondary care - a randomized controlled trial;EXercise as TReatment for osteoArthritis. https://clinicaltrials.gov/study/NCT03215602 (first posted 12 July 2017).	title_search_no_match	Holm PM, Aagaard P, Schroder H, Skou ST. High-intensity strength training in addition to standard non-surgical treatment in patients with knee osteoarthritis E a randomized controlled trial. Osteoarthritis and Cartilage 2017;25 Suppl 1:S443-4. Holm PM, Petersen KK, Wernbom M, Schroder HM, Arendt-Nielsen L, Skou ST. Strength training in addition to neuromuscular exercise and education in individuals with knee osteoarthritis-the effects on pain and sensitization. European Journal of Pain (United Kingdom) 2021;25(9):1898-911. [DOI: 10.1002/ejp.1796] - DOI - PubMed Holm PM, Schroder H, Wernbom M,
after_pilot	Cochrane_reviews/after_pilot/CD004376_exercise_knee_oa.pdf	CD004376_exercise_knee_oa	Hopman‐Rock 2000	published data only	10955337	.	.	.	10955337	.	1	0	yes	no	direct_pubmed_link	The effects of a health educational and exercise program for older adults with osteoarthritis of the hip or knee	.	Hopman-Rock M, Westhoff M. The effects of a health educational and exercise program for older adults with osteoarthritis of the hip or knee. Journal of Rheumatology 2000;27:1947-54. - PubMed
after_pilot	Cochrane_reviews/after_pilot/CD004376_exercise_knee_oa.pdf	CD004376_exercise_knee_oa	Hsu 2021	published data only	34360036	10.3390/ijerph18157744	NCT03973463	NCT03973463	34360036	PMC8345675	1	1	yes	yes	direct_pubmed_link	Effects of diet control and telemedicine-based resistance exercise intervention on patients with obesity and knee osteoarthritis: a randomized control trial [Effects of diet control and telemedicine-based resistance exercise intervention on patients with obesity and knee osteoarthritis: a randomized control trial];Effects of diet control and resistance exercise training on obesity adults with knee osteoarthritis. https://clinicaltrials.gov/study/NCT03973463 (first posted 4 June 2019).	.	Hsu YI, Chen YC, Lee CL, Chang NJ. Effects of diet control and telemedicine-based resistance exercise intervention on patients with obesity and knee osteoarthritis: a randomized control trial [Effects of diet control and telemedicine-based resistance exercise intervention on patients with obesity and knee osteoarthritis: a randomized control trial]. International Journal of Environmental Research and Public Health 2021;18(15):(no pagination). [DOI: 10.3390/ijerph18157744] - DOI - PMC - PubMed NCT03973463. Effects of diet control and resistance exercise training on obesity adults with knee oste
after_pilot	Cochrane_reviews/after_pilot/CD004376_exercise_knee_oa.pdf	CD004376_exercise_knee_oa	Hu 2020	published data only	31524502	10.1080/15438627.2019.1663520	.	.	31524502	.	1	0	yes	no	direct_pubmed_link	Effects of Taichi exercise on knee and ankle proprioception among individuals with knee osteoarthritis	.	Hu X, Lai Z, Wang L. Effects of Taichi exercise on knee and ankle proprioception among individuals with knee osteoarthritis. Research in Sports Medicine (Print) 2020;28(2):268-78. [DOI: 10.1080/15438627.2019.1663520] - DOI - PubMed
after_pilot	Cochrane_reviews/after_pilot/CD004376_exercise_knee_oa.pdf	CD004376_exercise_knee_oa	Huang 2003	published data only	16084806;12833248	.	.	.	16084806;12833248	.	2	0	yes	no	direct_pubmed_link	Use of ultrasound to increase effectiveness of isokinetic exercise for knee osteoarthritis;A comparison of various therapeutic exercises on the functional status of patients with knee osteoarthritis	.	Huang M-H, Lin Y-H, Lee C-L, Yang R-C. Use of ultrasound to increase effectiveness of isokinetic exercise for knee osteoarthritis. Archives of Physical and Medical Rehabilitation 2005;86:1545-51. - PubMed Huang M-H, Lin Y-S, Yang R-C, Lee C-L. A comparison of various therapeutic exercises on the functional status of patients with knee osteoarthritis. Seminars in Arthritis and Rheumatism 2003;32:398-406. - PubMed
after_pilot	Cochrane_reviews/after_pilot/CD004376_exercise_knee_oa.pdf	CD004376_exercise_knee_oa	Huang 2005	published data only	16342083	.	.	.	16342083	.	1	0	yes	no	direct_pubmed_link	Preliminary results of integrated therapy for patients with knee osteoarthritis	.	Huang M-H, Yang R-C, Lee C-L, Chen T-W, Wang M-C. Preliminary results of integrated therapy for patients with knee osteoarthritis. Arthritis Care & Research 2005;53:812-20. - PubMed
after_pilot	Cochrane_reviews/after_pilot/CD004376_exercise_knee_oa.pdf	CD004376_exercise_knee_oa	Hurley 2007	published data only	21954131;17907147;17907207	10.1016/j.physio.2011.04.002	.	.	21954131;17907147;17907207	PMC2673355;PMC2675012	3	2	yes	yes	direct_pubmed_link	Sustained improvement in physical functioning following an integrated rehabilitation programme for chronic knee pain;Long-term outcomes and costs of an integrated rehabilitation program for chronic knee pain: a pragmatic, cluster randomized, controlled trial;Clinical effectiveness of a rehabilitation program integrating exercise, self-management, and active coping strategies for chronic knee pain: a cluster randomized trial;Economic evaluation of a rehabilitation program integrating exercise, self-management, and active coping strategies for chronic knee pain	title_search_no_match	Hurley M, Walsh N, Mitchell H. Sustained improvement in physical functioning following an integrated rehabilitation programme for chronic knee pain. Physiotherapy (United Kingdom) 2011;1:eS520. [DOI: 10.1016/j.physio.2011.04.002] - DOI Hurley MV, Walsh NE, Mitchell H, Nicholas J, Patel A. Long-term outcomes and costs of an integrated rehabilitation program for chronic knee pain: a pragmatic, cluster randomized, controlled trial. Arthritis Care & Research 2012;64(2):238-47. - PubMed Hurley MV, Walsh NE, Mitchell HL, Pimm TJ, Patel A, Williamson E, et al. Clinical effectiveness of a rehabilitati
after_pilot	Cochrane_reviews/after_pilot/CD004376_exercise_knee_oa.pdf	CD004376_exercise_knee_oa	Imoto 2012	published data only	24453599	10.1590/s1413-78522012000300008	.	.	24453599	PMC3718434	1	1	yes	yes	direct_pubmed_link	Quadriceps strengthening exercises are effective in improving pain, function and quality of life in patients with osteoarthritis of the knee	.	Imoto AM, Peccin MS, Trevisani VF. Quadriceps strengthening exercises are effective in improving pain, function and quality of life in patients with osteoarthritis of the knee. Acta Ortopedica Brasileira 2012;20(3):174-9. [DOI: 10.1590/S1413-78522012000300008] - DOI - PMC - PubMed
after_pilot	Cochrane_reviews/after_pilot/CD004376_exercise_knee_oa.pdf	CD004376_exercise_knee_oa	Jan 2008	published data only	18218827;18357655	.	.	.	18218827;18357655	.	2	0	yes	no	direct_pubmed_link	Investigation of clinical effects of high- and low-resistance training for patients with knee osteoarthritis: a randomized controlled trial;Efficacy of a target-matching foot-stepping exercise on proprioception and function in patients with knee osteoarthritis	.	Jan M, Lin J, Liau J, Lin Y, Lin D. Investigation of clinical effects of high- and low-resistance training for patients with knee osteoarthritis: a randomized controlled trial. Physical Therapy 2008;88(4):427-36. - PubMed Jan M, Tang P, Lin J, Teng S, Lin Y, Lin D. Efficacy of a target-matching foot-stepping exercise on proprioception and function in patients with knee osteoarthritis. Journal of Orthopaedic and Sports Physical Therapy 2008;38(1):19-25. - PubMed
after_pilot	Cochrane_reviews/after_pilot/CD004376_exercise_knee_oa.pdf	CD004376_exercise_knee_oa	Jan 2009	published data only	19480863	.	.	.	19480863	.	1	0	yes	no	direct_pubmed_link	Effects of weight-bearing versus nonweight-bearing exercise on function, walking speed, and position sense in participants with knee osteoarthritis: a randomized controlled trial	.	Jan M, Lin C, Lin Y, Lin J, Lin D. Effects of weight-bearing versus nonweight-bearing exercise on function, walking speed, and position sense in participants with knee osteoarthritis: a randomized controlled trial. Archives of Physical Medicine and Rehabilitation 2009;90(6):897-904. - PubMed
after_pilot	Cochrane_reviews/after_pilot/CD004376_exercise_knee_oa.pdf	CD004376_exercise_knee_oa	Janyacharoen 2018	published data only	30656170	10.12965/jer.1836392.196	.	.	30656170	PMC6323346	1	1	yes	yes	direct_pubmed_link	Effects of the applied ancient boxing exercise on leg strength and quality of life in patients with osteoarthritis	.	Janyacharoen T, Yonglitthipagon P, Nakmareong S, Katiyajan N, Auvichayapat P, Sawanyawisuth K. Effects of the applied ancient boxing exercise on leg strength and quality of life in patients with osteoarthritis. Journal of Exercise Rehabilitation 2018;14(6):1059-66. [DOI: 10.12965/jer.1836392.196] - DOI - PMC - PubMed
after_pilot	Cochrane_reviews/after_pilot/CD004376_exercise_knee_oa.pdf	CD004376_exercise_knee_oa	Jenkinson 2009	published data only	19690345	.	.	.	19690345	PMC2728801	1	1	yes	yes	direct_pubmed_link	Effects of dietary intervention and quadriceps strengthening exercises on pain and function in overweight people with knee pain: randomised controlled trial	.	Jenkinson CM, Doherty M, Avery AJ, Read A, Taylor MA, Sach TH, et al. Effects of dietary intervention and quadriceps strengthening exercises on pain and function in overweight people with knee pain: randomised controlled trial. BMJ (Clinical Research Ed.) 2009;339:b3170. - PMC - PubMed
after_pilot	Cochrane_reviews/after_pilot/CD004376_exercise_knee_oa.pdf	CD004376_exercise_knee_oa	Jorge 2015	published data only	24994768	10.1177/0269215514540920	.	.	24994768	.	1	0	yes	no	direct_pubmed_link	Progressive resistance exercise in women with osteoarthritis of the knee: a randomized controlled trial	.	Jorge RT, Souza MC, Chiari A, Jones A, Fernandes Ada R, Lombardi Junior I, et al. Progressive resistance exercise in women with osteoarthritis of the knee: a randomized controlled trial. Clinical Rehabilitation 2015;29(3):234-43. [DOI: 10.1177/0269215514540920] - DOI - PubMed
after_pilot	Cochrane_reviews/after_pilot/CD004376_exercise_knee_oa.pdf	CD004376_exercise_knee_oa	Joshi 2019	published data only	.	10.5958/0976-5506.2019.00288.2	.	.	.	.	0	0	no	no	.	Effect of retrowalking, a non-pharmacological treatment on pain, disability, balance and gait in knee osteoarthritis: a randomized controlled trial	title_search_no_match	Joshi S, Singh SK, Vij JS. Effect of retrowalking, a non-pharmacological treatment on pain, disability, balance and gait in knee osteoarthritis: a randomized controlled trial. Indian Journal of Public Health Research and Development 2019;10(2):214-9. [DOI: 10.5958/0976-5506.2019.00288.2] - DOI
after_pilot	Cochrane_reviews/after_pilot/CD004376_exercise_knee_oa.pdf	CD004376_exercise_knee_oa	Kang 2022	published data only	36600975	10.1016/j.smhs.2022.10.001	.	.	36600975	PMC9806703	1	1	yes	yes	direct_pubmed_link	Functional outcomes of Tai Chi exercise prescription in women with knee osteoarthritis	.	Kang N, Wang Y, Chen G, Guo C, Zhang Z, Mei D, et al. Functional outcomes of Tai Chi exercise prescription in women with knee osteoarthritis. Sports Medicine and Health Science 2022;4(4):239-44. [DOI: 10.1016/j.smhs.2022.10.001] - DOI - PMC - PubMed
after_pilot	Cochrane_reviews/after_pilot/CD004376_exercise_knee_oa.pdf	CD004376_exercise_knee_oa	Karadag 2019	published data only	31436359	10.1111/ijn.12772	.	.	31436359	.	1	0	yes	no	direct_pubmed_link	Application of heat and a home exercise program for pain and function levels in patients with knee osteoarthritis: A randomized controlled trial [Application of heat and a home exercise program for pain and function levels in patients with knee osteoarthritis: a randomized controlled trial]	.	Karadag S, Tasci S, Dogan N, Demir H, Kilic Z. Application of heat and a home exercise program for pain and function levels in patients with knee osteoarthritis: A randomized controlled trial [Application of heat and a home exercise program for pain and function levels in patients with knee osteoarthritis: a randomized controlled trial]. International Journal of Nursing Practice 2019;25(5):e12772. [DOI: 10.1111/ijn.12772] - DOI - PubMed
after_pilot	Cochrane_reviews/after_pilot/CD004376_exercise_knee_oa.pdf	CD004376_exercise_knee_oa	Keefe 2004	published data only	15288394	.	.	.	15288394	.	1	0	yes	no	direct_pubmed_link	Effects of spouse-assisted coping skills training and exercise training in patients with osteoarthritic knee pain: a randomized controlled study	.	Keefe FJ, Blumenthal J, Baucom D, Affleck G, Waugh R, Caldwell DS, et al. Effects of spouse-assisted coping skills training and exercise training in patients with osteoarthritic knee pain: a randomized controlled study. Pain 2004;110:539-49. - PubMed
after_pilot	Cochrane_reviews/after_pilot/CD004376_exercise_knee_oa.pdf	CD004376_exercise_knee_oa	Kholvadia 2019	published data only	36817986	10.17159/2078-516x/2019/v31i1a6058	.	.	36817986	PMC9924591	1	1	yes	yes	direct_pubmed_link	Exploring the efficacy of low-level laser therapy and exercise for knee osteoarthritis	.	Kholvadia A, Constantinou D, Gradidge PJ. Exploring the efficacy of low-level laser therapy and exercise for knee osteoarthritis. South African Journal of Sports Medicine 2019;31(1):v31i1a6058. [DOI: 10.17159/2078-516X/2019/v31i1a6058] - DOI - PMC - PubMed
after_pilot	Cochrane_reviews/after_pilot/CD004376_exercise_knee_oa.pdf	CD004376_exercise_knee_oa	Kilic 2020	published data only	32894239	10.1136/annrheumdis-2018-eular.6325; 10.3233/bmr-191712	.	.	32894239	.	1	0	yes	no	direct_pubmed_link	The effects of aerobic exercise training on pain and disability from osteoarthritis of the knee in postmenopausal women;The effect of aerobic exercise training on postmenopausal patients with knee osteoarthritis	title_search_no_match	Daskapan A, Kilic F, Keskin ED. The effects of aerobic exercise training on pain and disability from osteoarthritis of the knee in postmenopausal women. Annals of the Rheumatic Diseases 2018;77 Suppl 2:1846-7. [DOI: 10.1136/annrheumdis-2018-eular.6325] - DOI Kilic F, Demirguc A, Arslan SA, Keskin ED, Aras M. The effect of aerobic exercise training on postmenopausal patients with knee osteoarthritis. Journal of Back and Musculoskeletal Rehabilitation. 2020;26:794062. [DOI: 10.3233/BMR-191712] - DOI - PubMed
after_pilot	Cochrane_reviews/after_pilot/CD004376_exercise_knee_oa.pdf	CD004376_exercise_knee_oa	Kim 2013	published data only	23849900	.	.	.	23849900	.	1	0	yes	no	direct_pubmed_link	Effectiveness of exercise with or without thermal therapy for community-dwelling elderly Japanese women with non-specific knee pain: a randomized controlled trial	.	Kim H, Suzuki T, Saito K, Kim M, Kojima N, Ishizaki T, et al. Effectiveness of exercise with or without thermal therapy for community-dwelling elderly Japanese women with non-specific knee pain: a randomized controlled trial. Archives of Gerontology and Geriatrics 2013;57(3):352-9. - PubMed
after_pilot	Cochrane_reviews/after_pilot/CD004376_exercise_knee_oa.pdf	CD004376_exercise_knee_oa	Kim 2020	published data only	32376814	10.4040/jkan.2020.50.2.271	.	.	32376814	.	1	0	yes	no	direct_pubmed_link	Effect of a physical activity promoting program based on the IMB model on obese-metabolic health outcomes among obese older adults with knee osteoarthritis	.	Kim JS, Kim CJ. Effect of a physical activity promoting program based on the IMB model on obese-metabolic health outcomes among obese older adults with knee osteoarthritis. Journal of Korean Academy of Nursing 2020;50(2):271-85. [DOI: 10.4040/jkan.2020.50.2.271] - DOI - PubMed
after_pilot	Cochrane_reviews/after_pilot/CD004376_exercise_knee_oa.pdf	CD004376_exercise_knee_oa	Knoop 2013	published data only	23721797;25280604	10.1016/j.physio.2014.06.002	.	.	23721797;25280604	.	2	0	yes	no	direct_pubmed_link	Knee joint stabilization therapy in patients with osteoarthritis of the knee: a randomized, controlled trial;Improvement in upper leg muscle strength underlies beneficial effects of exercise therapy in knee osteoarthritis: Secondary analysis from a randomised controlled trial [Improvement in upper leg muscle strength underlies beneficial effects of exercise therapy in knee osteoarthritis: secondary analysis from a randomised controlled trial]	.	Knoop J, Dekker J, Van der Leeden M, Van der Esch M, Thorstensson CA, Gerritsen M, et al. Knee joint stabilization therapy in patients with osteoarthritis of the knee: a randomized, controlled trial. Osteoarthritis and Cartilage 2013;21(8):1025-34. - PubMed Knoop J, Steultjens MP, Roorda LD, Lems WF, Van der Esch M, Thorstensson CA, et al. Improvement in upper leg muscle strength underlies beneficial effects of exercise therapy in knee osteoarthritis: Secondary analysis from a randomised controlled trial [Improvement in upper leg muscle strength underlies beneficial effects of exercise therapy
after_pilot	Cochrane_reviews/after_pilot/CD004376_exercise_knee_oa.pdf	CD004376_exercise_knee_oa	Kovar 1992	published data only	1543305	.	.	.	1543305	.	1	0	yes	no	direct_pubmed_link	Supervised fitness walking in patients with osteoarthritis of the knee	.	Kovar PA, Allegrante JP, MacKenzie CR, Peterson MG, Gutin B, Charlson ME. Supervised fitness walking in patients with osteoarthritis of the knee. Annals of Internal Medicine 1992;116:529-34. - PubMed
after_pilot	Cochrane_reviews/after_pilot/CD004376_exercise_knee_oa.pdf	CD004376_exercise_knee_oa	Krishnan 2021	published data only	.	.	.	.	.	.	0	0	no	no	.	Comparison of the effect of aquatic and Thera-band exercise on pain and quality of life in obese people with knee osteoarthritis	title_search_no_match	Krishnan K, Abadi FH, Zainudin FF, Barati AH, Elumalai G. Comparison of the effect of aquatic and Thera-band exercise on pain and quality of life in obese people with knee osteoarthritis. Journal of Pain Management 2021;14(3):221-9.
after_pilot	Cochrane_reviews/after_pilot/CD004376_exercise_knee_oa.pdf	CD004376_exercise_knee_oa	Kumar 2013	published data only	.	.	.	.	.	.	0	0	no	no	.	Proprioceptive training as an adjunct in osteoarthritis of knee	title_search_no_match	Kumar S, Kumar A, Kumar R. Proprioceptive training as an adjunct in osteoarthritis of knee. Journal of Musculoskeletal Research 2013;16(1):(no pagination).
after_pilot	Cochrane_reviews/after_pilot/CD004376_exercise_knee_oa.pdf	CD004376_exercise_knee_oa	Kuntz 2018	published data only	29664955	10.1371/journal.pone.0195653	.	.	29664955	PMC5903657	1	1	yes	yes	direct_pubmed_link	Efficacy of a biomechanically-based yoga exercise program in knee osteoarthritis: a randomized controlled trial;Can a biomechanically-designed yoga exercise program yield superior clinical improvements than traditional exercise in women with knee osteoarthritis? Osteoarthritis and Cartilage 2016;1:S445-6.	title_search_no_match	Kuntz AB, Chopp-Hurley JN, Brenneman EC, Karampatos S, Wiebenga EG, Adachi JD, et al. Efficacy of a biomechanically-based yoga exercise program in knee osteoarthritis: a randomized controlled trial. PloS One 2018;13(4):(no pagination). [DOI: 10.1371/journal.pone.0195653] - DOI - PMC - PubMed Kuntz AB, Karampatos S, Brenneman E, Chopp-Hurley JN, Wiebenga E, Adachi J, et al. Can a biomechanically-designed yoga exercise program yield superior clinical improvements than traditional exercise in women with knee osteoarthritis? Osteoarthritis and Cartilage 2016;1:S445-6.
after_pilot	Cochrane_reviews/after_pilot/CD004376_exercise_knee_oa.pdf	CD004376_exercise_knee_oa	Lai 2021	published and unpublished data	28931439;33680003	10.1016/j.jesf.2021.01.003; 10.1186/s13063-017-2170-6	.	.	28931439;33680003	PMC5607567;PMC7895843	2	2	yes	yes	direct_pubmed_link	Effects of whole body vibration exercise on neuromuscular function for individuals with knee osteoarthritis;Comparison of whole-body vibration training and quadriceps strength training on physical function and neuromuscular function of individuals with knee osteoarthritis: a randomised clinical trial;Effects of whole body vibration exercise on neuromuscular function for individuals with knee osteoarthritis: study protocol for a randomized controlled trial	.	ChiCTR-IOR-16009234. Effects of whole body vibration exercise on neuromuscular function for individuals with knee osteoarthritis. ChiCTR-IOR-16009234 2016. - PMC - PubMed Lai Z, Lee S, Chen Y, Wang L. Comparison of whole-body vibration training and quadriceps strength training on physical function and neuromuscular function of individuals with knee osteoarthritis: a randomised clinical trial. Journal of Exercise Science and Fitness 2021;19(3):150-7. [DOI: 10.1016/j.jesf.2021.01.003] - DOI - PMC - PubMed Lai Z, Wang X, Lee S, Hou X, Wang L. Effects of whole body vibration exercise on neuromuscu
after_pilot	Cochrane_reviews/after_pilot/CD004376_exercise_knee_oa.pdf	CD004376_exercise_knee_oa	Lee 2009	published data only	19389743	.	.	.	19389743	.	1	0	yes	no	direct_pubmed_link	Tai Chi Qigong for the quality of life of patients with knee osteoarthritis: a pilot, randomized, waiting list controlled trial	.	Lee H, Park H, Chae Y, Kim S, Kim J, Yin C. Tai Chi Qigong for the quality of life of patients with knee osteoarthritis: a pilot, randomized, waiting list controlled trial. Clinical Rehabilitation 2009;23(6):504-11. - PubMed
after_pilot	Cochrane_reviews/after_pilot/CD004376_exercise_knee_oa.pdf	CD004376_exercise_knee_oa	Lee 2019	published data only	.	10.0000/cp.2019.18.1.16	.	.	.	.	0	0	no	no	.	Effect of dynamic balance exercise in elderly patients with unilateral knee osteoarthritis	title_search_no_match	Lee B-Y, Shin W-Y, An M-J, Choe Y, . Effect of dynamic balance exercise in elderly patients with unilateral knee osteoarthritis. Clinical Pain 2019;18(1):16-23. [DOI: 10.0000/cp.2019.18.1.16] - DOI
after_pilot	Cochrane_reviews/after_pilot/CD004376_exercise_knee_oa.pdf	CD004376_exercise_knee_oa	Lee 2023	published data only	37699531	10.1016/j.jamda.2023.08.013	.	.	37699531	.	1	0	yes	no	direct_pubmed_link	Home-based remote rehabilitation leads to superior outcomes for older women with knee osteoarthritis: a randomized controlled trial	.	Lee EL, Jang MH, Lee BJ, Han SH, Lee HM, Choi SU, et al. Home-based remote rehabilitation leads to superior outcomes for older women with knee osteoarthritis: a randomized controlled trial. Journal of the American Medical Directors Association 2023;24(10):1555-61. [DOI: 10.1016/j.jamda.2023.08.013] - DOI - PubMed
after_pilot	Cochrane_reviews/after_pilot/CD004376_exercise_knee_oa.pdf	CD004376_exercise_knee_oa	Li 2020	published data only	32618578	10.2196/19116	NCT02585323	NCT02585323	32618578	PMC7367519	1	1	yes	yes	direct_pubmed_link	Effects of a 12-week multifaceted wearable-based program for people with knee osteoarthritis: randomized controlled trial;Supra: using wearable activity trackers with a new application to improve physical activity in knee osteoarthritis [Supporting physical activity and reducing sedentary behavior in arthritis]. Nct02585323 2015.	.	Li LC, Feehan LM, Xie H, Lu N, Shaw CD, Gromala D, et al. Effects of a 12-week multifaceted wearable-based program for people with knee osteoarthritis: randomized controlled trial. JMIR MHealth and UHealth 2020;8(7):e19116. [DOI: 10.2196/19116] - DOI - PMC - PubMed Nct02585323. Supra: using wearable activity trackers with a new application to improve physical activity in knee osteoarthritis [Supporting physical activity and reducing sedentary behavior in arthritis]. Nct02585323 2015.
after_pilot	Cochrane_reviews/after_pilot/CD004376_exercise_knee_oa.pdf	CD004376_exercise_knee_oa	Lim 2008	published data only	29427725;28068520;18576289	10.1016/j.joca.2018.01.018; 10.1016/j.clinbiomech.2017.01.002	.	.	29427725;28068520;18576289	.	3	0	yes	no	direct_pubmed_link	Knee extensor strength gains mediate symptom improvement in knee osteoarthritis: secondary analysis of a randomised controlled trial;Impact loading following quadriceps strength training in individuals with medial knee osteoarthritis and varus alignment;Does knee malalignment mediate the effects of quadriceps strengthening on knee adduction moment, pain, and function in medial knee osteoarthritis? A randomized controlled trial	.	Hall M, Hinman RS, Wrigley TV, Kasza J, Lim BW, Bennell KL. Knee extensor strength gains mediate symptom improvement in knee osteoarthritis: secondary analysis of a randomised controlled trial. Osteoarthritis and Cartilage 2018;26(4):495-500. [DOI: 10.1016/j.joca.2018.01.018] - DOI - PubMed Kean CO, Hinman RS, Wrigley TV, Lim BW, Bennell KL. Impact loading following quadriceps strength training in individuals with medial knee osteoarthritis and varus alignment. Clinical Biomechanics (Bristol, Avon) 2017;42:20-4. [DOI: 10.1016/j.clinbiomech.2017.01.002] - DOI - PubMed Lim BW, Hinman RS, Wrigley
after_pilot	Cochrane_reviews/after_pilot/CD004376_exercise_knee_oa.pdf	CD004376_exercise_knee_oa	Lin 2009	published data only	19531879;16786252	.	.	.	19531879;16786252	.	2	0	yes	no	direct_pubmed_link	Efficacy of 2 non-weight-bearing interventions, proprioception training versus strength training, for patients with knee osteoarthritis: a randomized clinical trial;Comparison of proprioceptive functions between computerized proprioception facilitation exercise and closed kinetic chain exercise in patients with knee osteoarthritis	.	Lin D, Lin CJ, Lin Y, Jan M. Efficacy of 2 non-weight-bearing interventions, proprioception training versus strength training, for patients with knee osteoarthritis: a randomized clinical trial. Journal of Orthopaedic and Sports Physical Therapy 2009;39(6):450-7. - PubMed Lin DH, Lin YF, Chai HM, Han YC, Jan MH. Comparison of proprioceptive functions between computerized proprioception facilitation exercise and closed kinetic chain exercise in patients with knee osteoarthritis. Clinical Rheumatology 2007;26(4):520-8. - PubMed
after_pilot	Cochrane_reviews/after_pilot/CD004376_exercise_knee_oa.pdf	CD004376_exercise_knee_oa	Liu 2019	published data only	31395306	10.1016/j.bja.2019.06.017	.	.	31395306	.	1	0	yes	no	direct_pubmed_link	Explore Tai Chi exercise in improving knee osteoarthritis symptoms based on fMRI: a clinical study;Modulatory effects of different exercise modalities on the functional connectivity of the periaqueductal grey and ventral tegmental area in patients with knee osteoarthritis: a randomised multimodal magnetic resonance imaging study	title_search_no_match	ChiCTR-IOR-16009308. Explore Tai Chi exercise in improving knee osteoarthritis symptoms based on fMRI: a clinical study. ChiCTR-IOR-16009308 2016. Liu J, Chen L, Chen X, Hu K, Tu Y, Lin M, et al. Modulatory effects of different exercise modalities on the functional connectivity of the periaqueductal grey and ventral tegmental area in patients with knee osteoarthritis: a randomised multimodal magnetic resonance imaging study. British Journal of Anaesthesia 2019;123(4):506-18. [DOI: 10.1016/j.bja.2019.06.017] - DOI - PubMed
after_pilot	Cochrane_reviews/after_pilot/CD004376_exercise_knee_oa.pdf	CD004376_exercise_knee_oa	Lu 2017	published data only	28449910	10.1016/j.sleep.2016.12.024	.	.	28449910	.	1	0	yes	no	direct_pubmed_link	Effect of Tai Ji Quan training on self-reported sleep quality in elderly Chinese women with knee osteoarthritis: a randomized controlled trail	.	Lu J, Huang L, Wu X, Fu W, Liu Y. Effect of Tai Ji Quan training on self-reported sleep quality in elderly Chinese women with knee osteoarthritis: a randomized controlled trail. Sleep Medicine 2017;33:70-5. [DOI: 10.1016/j.sleep.2016.12.024] - DOI - PubMed
after_pilot	Cochrane_reviews/after_pilot/CD004376_exercise_knee_oa.pdf	CD004376_exercise_knee_oa	Lund 2008	published data only	18509579	.	.	.	18509579	.	1	0	yes	no	direct_pubmed_link	A randomized controlled trial of aquatic and land-based exercise in patients with knee osteoarthritis	.	Lund H, Weile U, Christensen R, Rostock B, Downey A, Bartels EM, et al. A randomized controlled trial of aquatic and land-based exercise in patients with knee osteoarthritis. Journal of Rehabilitation Medicine 2008;40(2):137-44. - PubMed
after_pilot	Cochrane_reviews/after_pilot/CD004376_exercise_knee_oa.pdf	CD004376_exercise_knee_oa	Marconcin 2018	published data only	28714343;27267755;34077602	10.1177/0269215517718892; 10.1186/s12891-016-1115-7; 10.1002/msc.1573	NCT02562833	NCT02562833	28714343;27267755;34077602	PMC4896008	3	1	yes	yes	direct_pubmed_link	A randomized controlled trial of a combined self-management and exercise intervention for elderly people with osteoarthritis of the knee: the PLE 2 NO program;The PLE2NO self-management and exercise program for knee osteoarthritis: study protocol for a randomized controlled trial;The effectiveness of a randomised clinical trial of PLE2 NO self-management and exercise programme for knee osteoarthritis to improve self-efficacy;The PLE2NO self-management and exercise program for knee osteoarthritis. https://clinicaltrials.gov/study/NCT02562833 (first posted 29 September 2015).	.	Marconcin P, Espanha M, Teles J, Bento P, Campos P, Andre R, et al. A randomized controlled trial of a combined self-management and exercise intervention for elderly people with osteoarthritis of the knee: the PLE 2 NO program. Clinical Rehabilitation 2018;32(2):223-32. [DOI: 10.1177/0269215517718892] - DOI - PubMed Marconcin P, Espanha M, Yazigi F, Campos P. The PLE2NO self-management and exercise program for knee osteoarthritis: study protocol for a randomized controlled trial. BMC Musculoskeletal Disorders 2016;17(1):(no pagination). [DOI: 10.1186/s12891-016-1115-7] - DOI - PMC - PubMed Mar
after_pilot	Cochrane_reviews/after_pilot/CD004376_exercise_knee_oa.pdf	CD004376_exercise_knee_oa	Maurer 1999	published data only	10527090	.	.	.	10527090	.	1	0	yes	no	direct_pubmed_link	Osteoarthritis of the knee: isokinetic quadriceps exercise versus an educational intervention	.	Maurer BT, Stern AG, Kinossian B, Cook KD, Schumacher HR. Osteoarthritis of the knee: isokinetic quadriceps exercise versus an educational intervention. Archives of Physical Medicine and Rehabilitation 1999;80:1293-9. - PubMed
after_pilot	Cochrane_reviews/after_pilot/CD004376_exercise_knee_oa.pdf	CD004376_exercise_knee_oa	Mazloum 2018	published data only	29108873	10.1016/j.ctcp.2017.10.008	.	.	29108873	.	1	0	yes	no	direct_pubmed_link	The comparison of the effectiveness of conventional therapeutic exercises and Pilates on pain and function in patients with knee osteoarthritis	.	Mazloum V, Rabiei P, Rahnama N, Sabzehparvar E. The comparison of the effectiveness of conventional therapeutic exercises and Pilates on pain and function in patients with knee osteoarthritis. Complementary Therapies in Clinical Practice 2018;31:343-8. [DOI: 10.1016/j.ctcp.2017.10.008] - DOI - PubMed
after_pilot	Cochrane_reviews/after_pilot/CD004376_exercise_knee_oa.pdf	CD004376_exercise_knee_oa	Mehwish 2023	published data only	37051976	10.47391/jpma.6223	.	.	37051976	.	1	0	yes	no	direct_pubmed_link	Effect of hip joint mobilisations and strength training on pain, physical function and dynamic balance in patients with knee osteoarthritis: a randomized controlled trial	.	Mehwish B, Ali SS, Mirza Baig AA. Effect of hip joint mobilisations and strength training on pain, physical function and dynamic balance in patients with knee osteoarthritis: a randomized controlled trial. Journal of Pakistan Medical Association 2023;73(4):749-54. [DOI: 10.47391/JPMA.6223] - DOI - PubMed
after_pilot	Cochrane_reviews/after_pilot/CD004376_exercise_knee_oa.pdf	CD004376_exercise_knee_oa	Messier 2004	published data only	15146420;22323353;15051595;19461553	.	.	.	15146420;22323353;15051595;19461553	.	4	0	yes	no	direct_pubmed_link	Exercise and dietary weight loss in overweight and obese older adults with knee osteoarthritis;Basal growth hormone concentration increased following a weight loss focused dietary intervention in older overweight and obese women;Diet-induced weight loss, exercise, and chronic inflammation in older, obese adults: a randomized controlled clinical trial;Cost-effectiveness of exercise and diet in overweight and obese adults with knee osteoarthritis	.	Messier SP, Loeser RF, Miller GD, Morgan TM, Rejeski WJ, Sevick MA, et al. Exercise and dietary weight loss in overweight and obese older adults with knee osteoarthritis. Arthritis and Rheumatism 2004;50:1501-10. - PubMed Miller GD, Nicklas BJ, Davis CC, Legault C, Messier SP. Basal growth hormone concentration increased following a weight loss focused dietary intervention in older overweight and obese women. Journal of Nutrition, Health & Aging 2012;16(2):169-74. - PubMed Nicklas BJ, Ambrosius W, Messier SP, Miller GD, Penninx BW, Loeser RF, et al. Diet-induced weight loss, exercise, and chro
after_pilot	Cochrane_reviews/after_pilot/CD004376_exercise_knee_oa.pdf	CD004376_exercise_knee_oa	Messier 2013	published data only	28756278;25450847;31732174	10.1016/j.joca.2021.02.220; 10.1016/j.joca.2014.11.005; 10.1016/j.jbiomech.2019.109477	.	.	28756278;25450847;31732174	PMC5650925;PMC4304884;PMC6949016	3	3	yes	yes	direct_pubmed_link	Effects of dietary weight loss with and without exercise on fibrosis biomarkers in adults with knee osteoarthritis;Effects of total and regional fat loss on plasma CRP and IL-6 in overweight and obese, older adults with knee osteoarthritis;Predicting knee joint loads in adults with knee osteoarthritis: the intensive diet and exercise for arthritis trial (IDEA);Does long-term intensive diet and exercise reduce the biomechanical burden in overweight and obese adults with knee osteoarthritis? The intensive diet and exercise for arthritis (IDEA) trial;The effects of intensive dietary weight loss and exercise on gait in overweight and obese adults with knee osteoarthritis	title_search_no_match	Bay-Jensen AC, Loeser R, Frederiksen P, Beaver D, Karsdal MA, Nicklas BJ, et al. Effects of dietary weight loss with and without exercise on fibrosis biomarkers in adults with knee osteoarthritis. Osteoarthritis and Cartilage 2021;29 Suppl 1:S157-8. [DOI: 10.1016/j.joca.2021.02.220] - DOI - PMC - PubMed Beavers KM, Beavers DP, Newman JJ, Anderson AM, Loeser RF, Nicklas BJ, et al. Effects of total and regional fat loss on plasma CRP and IL-6 in overweight and obese, older adults with knee osteoarthritis. Osteoarthritis and Cartilage 2015;23(2):249-56. [DOI: 10.1016/j.joca.2014.11.005] - DOI - P
after_pilot	Cochrane_reviews/after_pilot/CD004376_exercise_knee_oa.pdf	CD004376_exercise_knee_oa	Messier 2021	published data only	25887362;33591346;23855596	10.1016/j.joca.2015.03.034; 10.1002/art.41108; 10.1016/j.joca.2020.02.554; 10.1001/jama.2021.0411	.	.	25887362;33591346;23855596	PMC9178604;PMC7887656;PMC3722013	3	3	yes	yes	direct_pubmed_link	The Intensive Diet and Exercise for Arthritis (IDEA) trial: 18-month radiographic and MRI outcomes;Is long-term high-intensity strength training beneficial or harmful for knee osteoarthritis patients;Is long-term strength training more effective for knee osteoarthritis patients with low- versus high-baseline muscle strength? The strength training and arthritis trial (START);Effect of high-intensity strength training on knee pain and knee joint compressive forces among adults with knee osteoarthritis: the START randomized clinical trial;Strength training for arthritis trial (START): design and rationale	title_search_no_match	Hunter DJ, Beavers DP, Eckstein F, Guermazi A, Loeser RF, Nicklas BJ, et al. The Intensive Diet and Exercise for Arthritis (IDEA) trial: 18-month radiographic and MRI outcomes. Osteoarthritis and Cartilage 2015;23(7):1090-8. [DOI: 10.1016/j.joca.2015.03.034] - DOI - PMC - PubMed Messier S, Mihalko S, Beavers D, Nicklas B, DeVita P, Carr J, et al. Is long-term high-intensity strength training beneficial or harmful for knee osteoarthritis patients. The strength training and arthritis trial (START). Arthritis & Rheumatology 2019;71 Suppl 10:1573-4. [DOI: 10.1002/art.41108] - DOI Messier SP, Mihal
after_pilot	Cochrane_reviews/after_pilot/CD004376_exercise_knee_oa.pdf	CD004376_exercise_knee_oa	Mete 2022	published data only	35470534	10.1002/pri.1952	.	.	35470534	.	1	0	yes	no	direct_pubmed_link	The efficacy of exergaming in patients with knee osteoarthritis: A randomized controlled clinical trial	.	Mete E, Sari Z. The efficacy of exergaming in patients with knee osteoarthritis: A randomized controlled clinical trial. Physiotherapy Research International 2022;27(3):e1952. [DOI: 10.1002/pri.1952] - DOI - PubMed
after_pilot	Cochrane_reviews/after_pilot/CD004376_exercise_knee_oa.pdf	CD004376_exercise_knee_oa	Multanen 2014	published data only	25668399;23775755	10.1016/j.physio.2011.04.002; 10.1249/mss.0000000000000629	.	.	25668399;23775755	.	2	0	yes	no	direct_pubmed_link	Effects of high-impact training on femoral neck structure in postmenopausal women with mild osteoarthritis: 12-month randomized controlled exercise intervention;High-impact training to improve physical performance in postmenopausal women with early osteoarthritis;Effects of exercise on patellar cartilage in women with mild knee osteoarthritis;The effects of bone exercise on knee pain, stiffness and function among women with mild knee osteoarthritis: randomized, controlled trial;High-impact bone exercise does not have controversial effects on articular cartilage: a randomized controlled quantitative MRI study	title_search_no_match	Heinonen A, Janhunen E, Multanen J, Jamsa T, Kujala U, Nieminen M, et al. Effects of high-impact training on femoral neck structure in postmenopausal women with mild osteoarthritis: 12-month randomized controlled exercise intervention. Journal of Bone and Mineral Research. Conference 2012;27 Suppl 1:(no pagination). Heinonen A, Multanen J, Kujala U, Ojala R, Selanne H, Koli J, et al. High-impact training to improve physical performance in postmenopausal women with early osteoarthritis. Physiotherapy (United Kingdom) 2011;1:eS470-1. [DOI: 10.1016/j.physio.2011.04.002] - DOI Koli J, Multanen J,
after_pilot	Cochrane_reviews/after_pilot/CD004376_exercise_knee_oa.pdf	CD004376_exercise_knee_oa	Nahayatbin 2018	published data only	.	10.5812/ircmj.62600	.	.	.	.	0	0	no	no	.	Comparing the effect of Taichi [sic] and close kinetic chain exercise on the knee osteoarthritis;The effects of routine physiotherapy alone and in combination with either Tai Chi or closed kinetic chain exercises on knee osteoarthritis: a comparative clinical trial study	title_search_no_match	IRCT2014010215936N1. Comparing the effect of Taichi [sic] and close kinetic chain exercise on the knee osteoarthritis. https://irct.behdasht.gov.ir/trial/15046 (first registered 26 January 2014). Nahayatbin M, Ghasemi M, Rahimi A, Khademi-Kalantari K, Naimi SS, Tabatabaee SM, et al. The effects of routine physiotherapy alone and in combination with either Tai Chi or closed kinetic chain exercises on knee osteoarthritis: a comparative clinical trial study. Iranian Red Crescent Medical Journal 2018;20(4):(no pagination). [DOI: 10.5812/ircmj.62600] - DOI
after_pilot	Cochrane_reviews/after_pilot/CD004376_exercise_knee_oa.pdf	CD004376_exercise_knee_oa	Nelligan 2021	published data only	33843948;31351449;34714252	10.1111/imj.15302; 10.1186/s12891-019-2714-x; 10.1001/jamainternmed.2021.0991; 10.2196/30768	.	ACTRN12618001167257	33843948;31351449;34714252	PMC8042569;PMC6661079;PMC8590189	3	3	yes	yes	direct_pubmed_link	My Knee Exercise: a 6 month electronically delivered intervention to support self-management for people with knee osteoarthritis: a pragmatic randomised controlled trial;Effects of self-directed web-based strengthening exercise and physical activity supported by automated sms on pain and function in people with knee osteoarthritis: A randomised controlled trial;Effectiveness of internet-delivered education and home exercise supported by behaviour change SMS on pain and function for people with knee osteoarthritis: a randomised controlled trial protocol;Effects of a self-directed web-based strengthening exercise and physical activity program supported by automated text messages for people with knee osteoarthritis: a randomized clinical trial;Moderators of the effect of a self-directed digitally delivered exercise program for people with knee osteoarthritis: exploratory analysis of a randomized controlled trial	.	ACTRN12618001167257. My Knee Exercise: a 6 month electronically delivered intervention to support self-management for people with knee osteoarthritis: a pragmatic randomised controlled trial. https://www.anzctr.org.au/Trial/Registration/TrialReview.aspx?id=375219 (first registered 13 July 2018). Nelligan R, Hinman R, Kasza J, Crofts S, Bennel K. Effects of self-directed web-based strengthening exercise and physical activity supported by automated sms on pain and function in people with knee osteoarthritis: A randomised controlled trial. Internal Medicine Journal 2021;51(SUPPL 2):9-10. [DOI: 10
after_pilot	Cochrane_reviews/after_pilot/CD004376_exercise_knee_oa.pdf	CD004376_exercise_knee_oa	O'Reilly 1999	published data only	10343535	.	.	.	10343535	PMC1752761	1	1	yes	yes	direct_pubmed_link	Effectiveness of home exercise on pain and disability from osteoarthritis of the knee: a randomised controlled trial	.	O'Reilly SC, Muir KR, Doherty M. Effectiveness of home exercise on pain and disability from osteoarthritis of the knee: a randomised controlled trial. Annals of the Rheumatic Diseases 1999;58:15-9. - PMC - PubMed
after_pilot	Cochrane_reviews/after_pilot/CD004376_exercise_knee_oa.pdf	CD004376_exercise_knee_oa	Oh 2020	published data only	32020485	10.1007/s40520-020-01474-7	.	.	32020485	.	1	0	yes	no	direct_pubmed_link	Effects of rural community-based integrated exercise and health education programs on the mobility function of older adults with knee osteoarthritis	.	Oh SL, Kim DY, Bae JH, Lim JY. Effects of rural community-based integrated exercise and health education programs on the mobility function of older adults with knee osteoarthritis. Aging Clinical and Experimental Research. 2021;33(11):3005-14. [DOI: 10.1007/s40520-020-01474-7] - DOI - PubMed
after_pilot	Cochrane_reviews/after_pilot/CD004376_exercise_knee_oa.pdf	CD004376_exercise_knee_oa	Ozlu 2023	published data only	36603100	10.1089/g4h.2022.0130	.	.	36603100	.	1	0	yes	no	direct_pubmed_link	The effect of a virtual reality-mediated gamified rehabilitation program on pain, disability, function, and balance in knee osteoarthritis: a prospective randomized controlled study	.	Ozlu A, Unver G, Tuna HI, Menekseoglu AK. The effect of a virtual reality-mediated gamified rehabilitation program on pain, disability, function, and balance in knee osteoarthritis: a prospective randomized controlled study. Games for Health Journal 2023;12(2):118-24. [DOI: 10.1089/g4h.2022.0130] - DOI - PubMed
after_pilot	Cochrane_reviews/after_pilot/CD004376_exercise_knee_oa.pdf	CD004376_exercise_knee_oa	Pazit 2018	published data only	28821271;30317013	10.1186/s13063-017-2129-7; 10.1016/j.ptsp.2018.10.001	.	ACTRN12616001382460	28821271;30317013	PMC5563024	2	1	yes	yes	direct_pubmed_link	High speed resistance training and balance training for people with knee osteoarthritis to reduce falls risk;High-speed resistance training and balance training for people with knee osteoarthritis to reduce falls risk: study protocol for a pilot randomized controlled trial;Safety and feasibility of high speed resistance training with and without balance exercises for knee osteoarthritis: A pilot randomised controlled trial	.	ACTRN12616001382460. High speed resistance training and balance training for people with knee osteoarthritis to reduce falls risk. https://www.anzctr.org.au/Trial/Registration/TrialReview.aspx?id=371590&... (registered 6 October 2016). - PMC - PubMed Levinger P, Dunn J, Bifera N, Butson M, Elias G, Hill KD. High-speed resistance training and balance training for people with knee osteoarthritis to reduce falls risk: study protocol for a pilot randomized controlled trial. Trials 2017;18(1):(no pagination). [DOI: 10.1186/s13063-017-2129-7] - DOI - PMC - PubMed Pazit L, Dunn J, Nancy B, Butson M,
after_pilot	Cochrane_reviews/after_pilot/CD004376_exercise_knee_oa.pdf	CD004376_exercise_knee_oa	Peloquin 1999	published data only	19078371	.	.	.	19078371	.	1	0	yes	no	direct_pubmed_link	Effects of a cross-training exercise program in persons with osteoarthritis of the knee	.	Peloquin L, Bravo G, Gauthier P, Lacombe G, Billiard J-S. Effects of a cross-training exercise program in persons with osteoarthritis of the knee. A randomized controlled trial. Journal of Clinical Rheumatology 1999;5:126-36. - PubMed
after_pilot	Cochrane_reviews/after_pilot/CD004376_exercise_knee_oa.pdf	CD004376_exercise_knee_oa	Qiu 2023	published data only	37996958	10.1186/s13102-023-00772-7	.	.	37996958	PMC10668394	1	1	yes	yes	direct_pubmed_link	Effect of adding hip exercises to general rehabilitation treatment of knee osteoarthritis on patients' physical functions: a randomized clinical trial	.	Qiu J, Zhou T, Jin H, Pan Y, Qian T, Xue C, et al. Effect of adding hip exercises to general rehabilitation treatment of knee osteoarthritis on patients' physical functions: a randomized clinical trial. BMC Sports Science, Medicine and Rehabilitation 2023;15(1):158. [DOI: 10.1186/s13102-023-00772-7] - DOI - PMC - PubMed
after_pilot	Cochrane_reviews/after_pilot/CD004376_exercise_knee_oa.pdf	CD004376_exercise_knee_oa	Rafiq 2021a	published data only	34408430	10.2147/jmdh.s317896	.	.	34408430	PMC8364840	1	1	yes	yes	direct_pubmed_link	Effect of progressive resistance strength training on body mass index, quality of life and functional capacity in knee osteoarthritis: A randomized controlled trial	.	Rafiq MT, Hamid MS, Hafiz E. Effect of progressive resistance strength training on body mass index, quality of life and functional capacity in knee osteoarthritis: A randomized controlled trial. Journal of Multidisciplinary Healthcare 2021;14:2161-8. [DOI: 10.2147/JMDH.S317896] - DOI - PMC - PubMed
after_pilot	Cochrane_reviews/after_pilot/CD004376_exercise_knee_oa.pdf	CD004376_exercise_knee_oa	Rafiq 2021b	published data only	34689837	10.1186/s42358-021-00221-4	.	.	34689837	.	1	0	yes	no	direct_pubmed_link	Role of advising exercises using mobile health in treatment of knee osteoarthritis [Effectiveness of lower limb rehabilitation protocol using mobile health on physical disability and exercise adherence among knee osteoarthritis (OA) patients who are overweight];The effect of rehabilitation protocol using mobile health in overweight and obese patients with knee osteoarthritis: a clinical trial	title_search_no_match	Irct20191221045846n1. Role of advising exercises using mobile health in treatment of knee osteoarthritis [Effectiveness of lower limb rehabilitation protocol using mobile health on physical disability and exercise adherence among knee osteoarthritis (OA) patients who are overweight]. Irct20191221045846n1 2020. Rafiq MT, Abdul Hamid MS, Hafiz E. The effect of rehabilitation protocol using mobile health in overweight and obese patients with knee osteoarthritis: a clinical trial. Advances in Rheumatology 2021;61(1):(no pagination). [DOI: 10.1186/s42358-021-00221-4] - DOI - PubMed
after_pilot	Cochrane_reviews/after_pilot/CD004376_exercise_knee_oa.pdf	CD004376_exercise_knee_oa	Rafiq 2021c	published data only	34975349	10.1155/2021/6672274	.	.	34975349	PMC8716196	1	1	yes	yes	direct_pubmed_link	Short-term effects of strengthening exercises of the lower limb rehabilitation protocol on pain, stiffness, physical function, and body mass index among knee osteoarthritis participants who were overweight or obese: a clinical trial	.	Rafiq MT, Hamid MS, Hafiz E. Short-term effects of strengthening exercises of the lower limb rehabilitation protocol on pain, stiffness, physical function, and body mass index among knee osteoarthritis participants who were overweight or obese: a clinical trial. Scientific World Journal 2021;2021:(no pagination). [DOI: 10.1155/2021/6672274] - DOI - PMC - PubMed
after_pilot	Cochrane_reviews/after_pilot/CD004376_exercise_knee_oa.pdf	CD004376_exercise_knee_oa	Rakhshani 2022	published data only	36993038	10.4103/jfmpc.jfmpc_362_22	.	.	36993038	PMC10041283	1	1	yes	yes	direct_pubmed_link	Effect of proximal exercises of lower extremity on static balance parameters during quiet standing	.	Rakhshani M, Ashtiani AR, Payandeh A, Akbari A, Ghiasi F, Hosseinifar M, et al. Effect of proximal exercises of lower extremity on static balance parameters during quiet standing. Journal of Family Medicine and Primary Care 2022;11(11):6978-82. [DOI: 10.4103/jfmpc.jfmpc_362_22] - DOI - PMC - PubMed
after_pilot	Cochrane_reviews/after_pilot/CD004376_exercise_knee_oa.pdf	CD004376_exercise_knee_oa	Rego 2023	published data only	36775508	10.1016/j.jbmt.2022.02.007	.	.	36775508	.	1	0	yes	no	direct_pubmed_link	Effects of mat pilates on older adult women with knee osteoarthritis: a randomized controlled trial	.	Rego TA, Ferreira AP, Villela DW, Shirahige L, Xavier AB, Braz RR, et al. Effects of mat pilates on older adult women with knee osteoarthritis: a randomized controlled trial. Journal of Bodywork and Movement Therapies 2023;33:136-41. [DOI: 10.1016/j.jbmt.2022.02.007] - DOI - PubMed
after_pilot	Cochrane_reviews/after_pilot/CD004376_exercise_knee_oa.pdf	CD004376_exercise_knee_oa	Robbins 2022	published data only	26369333;34714175	10.1186/s12891-015-0709-9; 10.1177/02692155211047017	.	.	26369333;34714175	PMC4570668	2	1	yes	yes	direct_pubmed_link	Effect of low-level laser therapy (904 nm) and static stretching in patients with knee osteoarthritis: a protocol of randomised controlled trial;Stepped care approach for medial tibiofemoral osteoarthritis;Is knee range of motion related to pain? Osteoarthritis and Cartilage 2016;1:S447-8.;Low-level laser therapy and static stretching exercises for patients with knee osteoarthritis: a randomised controlled trial	title_search_no_match	Ferreira De Meneses SR, Hunter DJ, Young Docko E, Pasqual Marques A. Effect of low-level laser therapy (904 nm) and static stretching in patients with knee osteoarthritis: a protocol of randomised controlled trial. BMC Musculoskeletal Disorders 2015;16(1):(no pagination). [DOI: 10.1186/s12891-015-0709-9] - DOI - PMC - PubMed Melo L, De Meneses SF, Johnson VL, Deveza LA, Hunter DJ. Stepped care approach for medial tibiofemoral osteoarthritis. Osteoarthritis and Cartilage 2017;25 Suppl 1:S176. Meneses SF, Marques AP, Hunter DJ. Is knee range of motion related to pain? Osteoarthritis and Cartilag
after_pilot	Cochrane_reviews/after_pilot/CD004376_exercise_knee_oa.pdf	CD004376_exercise_knee_oa	Rogind 1998	published data only	9821904	.	.	.	9821904	.	1	0	yes	no	direct_pubmed_link	The effects of a physical training program on patients with osteoarthritis of the knees	.	Rogind H, Bibow-Nielsen B, Jensen B, Moller HC, Frimodt-Moller H, Bliddal H. The effects of a physical training program on patients with osteoarthritis of the knees. Archives of Physical Medicine and Rehabilitation 1998;79:1421-7. - PubMed
after_pilot	Cochrane_reviews/after_pilot/CD004376_exercise_knee_oa.pdf	CD004376_exercise_knee_oa	Rosadi 2023	published data only	.	10.1007/s40846-023-00778-z	.	Isrctn17933625	.	.	0	0	no	no	.	Effectiveness of a combined exercise and physiotherapy intervention in improving functional activity of patients with knee osteoarthritis in Muslim prayer movements. Isrctn17933625 2021.;Effectiveness of combined exercise and physiotherapy intervention in improving functional activity of patients with knee osteoarthritis in Muslim pray movements	title_search_no_match	Isrctn17933625. Effectiveness of a combined exercise and physiotherapy intervention in improving functional activity of patients with knee osteoarthritis in Muslim prayer movements. Isrctn17933625 2021. Rosadi R, Wu PT, You YL, Kuo LC, Lin CF. Effectiveness of combined exercise and physiotherapy intervention in improving functional activity of patients with knee osteoarthritis in Muslim pray movements. Journal of Medical and Biological Engineering 2023;98(7):560-70. [DOI: 10.1007/s40846-023-00778-z] - DOI
after_pilot	Cochrane_reviews/after_pilot/CD004376_exercise_knee_oa.pdf	CD004376_exercise_knee_oa	Rosedale 2014	published data only	24450370	10.2519/jospt.2014.4791	.	.	24450370	.	1	0	yes	no	direct_pubmed_link	Efficacy of exercise intervention as determined by the McKenzie System of Mechanical Diagnosis and Therapy for knee osteoarthritis: a randomized controlled trial	.	Rosedale R, Rastogi R, May S, Chesworth BM, Filice F, Willis S, et al. Efficacy of exercise intervention as determined by the McKenzie System of Mechanical Diagnosis and Therapy for knee osteoarthritis: a randomized controlled trial. Journal of Orthopaedic and Sports Physical Therapy 2014;44(3):173-81, A1-6. [DOI: 10.2519/jospt.2014.4791] - DOI - PubMed
after_pilot	Cochrane_reviews/after_pilot/CD004376_exercise_knee_oa.pdf	CD004376_exercise_knee_oa	Sadeghi 2023	published data only	37520861	10.22088/cjim.14.3.433	.	.	37520861	PMC10379804	1	1	yes	yes	direct_pubmed_link	Effectiveness of muscle strengthening exercises on the clinical outcomes of patients with knee osteoarthritis: a randomized four-arm controlled trial	.	Sadeghi A, Rostami M, Khanlari Z, Zeraatchi A, Jalili N, Karimi Moghaddam A, et al. Effectiveness of muscle strengthening exercises on the clinical outcomes of patients with knee osteoarthritis: a randomized four-arm controlled trial. Caspian Journal of Internal Medicine 2023;14(3):433-42. [DOI: 10.22088/cjim.14.3.433] - DOI - PMC - PubMed
after_pilot	Cochrane_reviews/after_pilot/CD004376_exercise_knee_oa.pdf	CD004376_exercise_knee_oa	Salacinski 2012	published data only	22951360	.	.	.	22951360	.	1	0	yes	no	direct_pubmed_link	The effects of group cycling on gait and pain-related disability in individuals with mild-to-moderate knee osteoarthritis: a randomized controlled trial	.	Salacinski AJ, Krohn K, Lewis SF, Holland ML, Ireland K, Marchetti G. The effects of group cycling on gait and pain-related disability in individuals with mild-to-moderate knee osteoarthritis: a randomized controlled trial. Journal of Orthopaedic and Sports Physical Therapy 2012;42(12):985-95. - PubMed
after_pilot	Cochrane_reviews/after_pilot/CD004376_exercise_knee_oa.pdf	CD004376_exercise_knee_oa	Salli 2010	published data only	.	.	.	.	.	.	0	0	no	no	.	The effect of two exercise programs on various functional outcome measures in patients with osteoarthritis of the knee: a randomized controlled clinical trial	title_search_no_match	Salli A, Sahin N, Baskent A, Ugurlu H. The effect of two exercise programs on various functional outcome measures in patients with osteoarthritis of the knee: a randomized controlled clinical trial. Isokinetics and Exercise Science 2010;18(4):201-9.
after_pilot	Cochrane_reviews/after_pilot/CD004376_exercise_knee_oa.pdf	CD004376_exercise_knee_oa	Samuel 2014	published data only	.	.	.	.	.	.	0	0	no	no	.	Effects of non weight bearing strength training for knee osteoarthritis	title_search_no_match	Samuel Sundar Doss D, Rekha K, Prathap S. Effects of non weight bearing strength training for knee osteoarthritis. International Journal of Research in Pharmaceutical Sciences 2014;5(3):188-92.
after_pilot	Cochrane_reviews/after_pilot/CD004376_exercise_knee_oa.pdf	CD004376_exercise_knee_oa	Samut 2015	published data only	25849853	10.3109/14397595.2015.1038425	.	.	25849853	.	1	0	yes	no	direct_pubmed_link	The effect of isokinetic and aerobic exercises on serum interleukin-6 and tumor necrosis factor alpha levels, pain, and functional activity in patients with knee osteoarthritis	.	Samut G, Dincer F, Ozdemir O. The effect of isokinetic and aerobic exercises on serum interleukin-6 and tumor necrosis factor alpha levels, pain, and functional activity in patients with knee osteoarthritis. Modern Rheumatology 2015;25(6):919-24. [DOI: 10.3109/14397595.2015.1038425] - DOI - PubMed
after_pilot	Cochrane_reviews/after_pilot/CD004376_exercise_knee_oa.pdf	CD004376_exercise_knee_oa	Santana 2022	published data only	35612617	10.1007/s00508-022-02037-8	.	.	35612617	.	1	0	yes	no	direct_pubmed_link	Comparison between exercise therapy and non-hydrolyzed collagen (UC-II) in functionality and quality of life in women with knee osteoarthritis: A randomized controlled clinical trial	.	Santana ET, Da Cunha Machado S, Brandao Lima VN, DeSantana Filho VJ, Dos Santos Maciel LY, De Farias Neto JP, et al. Comparison between exercise therapy and non-hydrolyzed collagen (UC-II) in functionality and quality of life in women with knee osteoarthritis: A randomized controlled clinical trial. Wiener Klinische Wochenschrift 2022;135:291-300. [DOI: 10.1007/s00508-022-02037-8] - DOI - PubMed
after_pilot	Cochrane_reviews/after_pilot/CD004376_exercise_knee_oa.pdf	CD004376_exercise_knee_oa	Schilke 1996	published data only	8604366	.	.	.	8604366	.	1	0	yes	no	direct_pubmed_link	Effects of muscle-strength training on the functional status of patients with osteoarthritis of the knee joint	.	Schilke JM, Johnson GO, Housh TJ, O'Dell JR. Effects of muscle-strength training on the functional status of patients with osteoarthritis of the knee joint. Nursing Research 1996;45:68-72. - PubMed
after_pilot	Cochrane_reviews/after_pilot/CD004376_exercise_knee_oa.pdf	CD004376_exercise_knee_oa	Schlenk 2020	published data only	32887850	10.1123/japa.2019-0498	.	.	32887850	PMC8450018	1	1	yes	yes	direct_pubmed_link	Promoting physical activity in older adults with knee osteoarthritis and hypertension: a randomized controlled trial	.	Schlenk EA, Fitzgerald GK, Rogers JC, Kwoh CK, Sereika SM. Promoting physical activity in older adults with knee osteoarthritis and hypertension: a randomized controlled trial. Journal of Aging and Physical Activity 2020;29(2):207-18. [DOI: 10.1123/japa.2019-0498] - DOI - PMC - PubMed
after_pilot	Cochrane_reviews/after_pilot/CD004376_exercise_knee_oa.pdf	CD004376_exercise_knee_oa	Sedaghatnezhad 2021	published data only	31868024	10.1080/09638288.2019.1703146	.	.	31868024	.	1	0	yes	no	direct_pubmed_link	The effect of uphill walking on knee osteoarthritis [The effect of uphill walking on pain, range of motion, stride length, walking speed and disability in patients with knee osteoarthritis];Uphill treadmill walking plus physical therapy versus physical therapy alone in the management of individuals with knee osteoarthritis: a randomized clinical trial	title_search_no_match	Irct20171115034920n1. The effect of uphill walking on knee osteoarthritis [The effect of uphill walking on pain, range of motion, stride length, walking speed and disability in patients with knee osteoarthritis]. Irct20171115034920n1 2017. Sedaghatnezhad P, Shams M, Karimi N, Rahnama L. Uphill treadmill walking plus physical therapy versus physical therapy alone in the management of individuals with knee osteoarthritis: a randomized clinical trial. Disability and Rehabilitation 2021;43(18):2541-9. [DOI: 10.1080/09638288.2019.1703146] - DOI - PubMed
after_pilot	Cochrane_reviews/after_pilot/CD004376_exercise_knee_oa.pdf	CD004376_exercise_knee_oa	Sekir 2005	published and unpublished data	24501572	.	.	.	24501572	PMC3899676	1	1	yes	yes	direct_pubmed_link	A multi-station proprioceptive exercise program in patients with bilateral knee osteoarthrosis: functional capacity, pain and sensoriomotor function	.	Sekir U, Gur H. A multi-station proprioceptive exercise program in patients with bilateral knee osteoarthrosis: functional capacity, pain and sensoriomotor function. A randomized controlled trial. Journal of Sports Science & Medicine 2005;4(4):590-603. - PMC - PubMed
after_pilot	Cochrane_reviews/after_pilot/CD004376_exercise_knee_oa.pdf	CD004376_exercise_knee_oa	Shabbir 2022	published data only	.	10.53350/pjmhs2216238	NCT04546659	NCT04546659	.	.	0	0	no	no	.	Retro-walking in knee osteoarthritis [Effects of retro-walking on pain, functional disability and performance in knee osteoarthritis]. https://clinicaltrials.gov/study/NCT04546659 (first posted 14 September 2020).;Effects of retro-walking on pain, functional disability and performance in knee osteoarthritis	title_search_no_match	NCT04546659. Retro-walking in knee osteoarthritis [Effects of retro-walking on pain, functional disability and performance in knee osteoarthritis]. https://clinicaltrials.gov/study/NCT04546659 (first posted 14 September 2020). Shabbir S, Hashim M, Sajjad R, Kayani MS, Syed FA, Ibrahim M, et al. Effects of retro-walking on pain, functional disability and performance in knee osteoarthritis. Pakistan Journal of Medical and Health Sciences 2022;16(2):38-41. [DOI: 10.53350/pjmhs2216238] - DOI
after_pilot	Cochrane_reviews/after_pilot/CD004376_exercise_knee_oa.pdf	CD004376_exercise_knee_oa	Shahine 2020	published data only	.	.	.	.	.	.	0	0	no	no	.	Effect of a pedometer based aerobic walking program on pain and function among elderly patients with knee osteoarthritis	title_search_no_match	Shahine NF, El Ashri NI, Senna MK, Abd Elhameed SH. Effect of a pedometer based aerobic walking program on pain and function among elderly patients with knee osteoarthritis. European Journal of Molecular and Clinical Medicine 2020;7(9):790-9.
after_pilot	Cochrane_reviews/after_pilot/CD004376_exercise_knee_oa.pdf	CD004376_exercise_knee_oa	Shen 2022	published data only	34686629	10.1097/phm.0000000000001906	.	.	34686629	.	1	0	yes	no	direct_pubmed_link	Proprioceptive neuromuscular facilitation improves symptoms among older adults with knee osteoarthritis during stair ascending: a randomized controlled trial	.	Shen P, Li L, Song Q, Sun W, Zhang C, Fong DT, et al. Proprioceptive neuromuscular facilitation improves symptoms among older adults with knee osteoarthritis during stair ascending: a randomized controlled trial. American Journal of Physical Medicine & Rehabilitation 2022;101(8):753-60. [DOI: 10.1097/PHM.0000000000001906] - DOI - PubMed
after_pilot	Cochrane_reviews/after_pilot/CD004376_exercise_knee_oa.pdf	CD004376_exercise_knee_oa	Shin 2017	published data only	29326901	10.12965/jer.1735064.532	.	.	29326901	PMC5747204	1	1	yes	yes	direct_pubmed_link	Short-term effects of Theracurmin dose and exercise type on pain, walking ability, and muscle function in patients with knee osteoarthritis	.	Shin YA, Suk MH, Jang HS, Choi HJ. Short-term effects of Theracurmin dose and exercise type on pain, walking ability, and muscle function in patients with knee osteoarthritis. Journal of Exercise Rehabilitation 2017;13(6):684-92. [DOI: 10.12965/jer.1735064.532] - DOI - PMC - PubMed
after_pilot	Cochrane_reviews/after_pilot/CD004376_exercise_knee_oa.pdf	CD004376_exercise_knee_oa	Simao 2012	published data only	22546535	.	.	.	22546535	.	1	0	yes	no	direct_pubmed_link	Functional performance and inflammatory cytokines after squat exercises and whole-body vibration in elderly individuals with knee osteoarthritis	.	Simao AP, Avelar NC, Tossige-Gomes R, Neves CD, Mendonca VA, Miranda AS, et al. Functional performance and inflammatory cytokines after squat exercises and whole-body vibration in elderly individuals with knee osteoarthritis. Archives of Physical Medicine and Rehabilitation 2012;93(10):1692-700. - PubMed
after_pilot	Cochrane_reviews/after_pilot/CD004376_exercise_knee_oa.pdf	CD004376_exercise_knee_oa	Song 2003	published data only	12966613	.	.	.	12966613	.	1	0	yes	no	direct_pubmed_link	Effects of Tai Chi exercise on pain, balance, muscle strength, and perceived difficulties in physical functioning in older women with osteoarthritis: a randomized clinical trial	.	Song R, Lee E-O, Lam P, Bae S-C. Effects of Tai Chi exercise on pain, balance, muscle strength, and perceived difficulties in physical functioning in older women with osteoarthritis: a randomized clinical trial. Journal of Rheumatology 2003;30:2039-44. - PubMed
after_pilot	Cochrane_reviews/after_pilot/CD004376_exercise_knee_oa.pdf	CD004376_exercise_knee_oa	Song 2020	published data only	32407583	10.1111/sms.13709	.	.	32407583	.	1	0	yes	no	direct_pubmed_link	Proprioceptive neuromuscular facilitation improves pain and descending mechanics among elderly with knee osteoarthritis	.	Song Q, Shen P, Mao M, Sun W, Zhang C, Li L. Proprioceptive neuromuscular facilitation improves pain and descending mechanics among elderly with knee osteoarthritis. Scandinavian Journal of Medicine & Science in Sports 2020;30(9):1655-63. [DOI: 10.1111/sms.13709] - DOI - PubMed
after_pilot	Cochrane_reviews/after_pilot/CD004376_exercise_knee_oa.pdf	CD004376_exercise_knee_oa	Takacs 2017	published data only	28279661	10.1016/j.apmr.2017.01.029	.	.	28279661	.	1	0	yes	no	direct_pubmed_link	Dynamic balance training improves physical function in individuals with knee osteoarthritis: a pilot randomized controlled trial	.	Takacs J, Krowchuk NM, Garland SJ, Carpenter MG, Hunt MA. Dynamic balance training improves physical function in individuals with knee osteoarthritis: a pilot randomized controlled trial. Archives of Physical Medicine and Rehabilitation 2017;98(8):1586-93. [DOI: 10.1016/j.apmr.2017.01.029] - DOI - PubMed
after_pilot	Cochrane_reviews/after_pilot/CD004376_exercise_knee_oa.pdf	CD004376_exercise_knee_oa	Talbot 2003	published data only	12588583	.	.	.	12588583	.	1	0	yes	no	direct_pubmed_link	A home-based pedometer-driven walking program to increase physical activity in older adults with osteoarthritis of the knee: a preliminary study	.	Talbot LA, Gaines JM, Huynh TN, Metter EJ. A home-based pedometer-driven walking program to increase physical activity in older adults with osteoarthritis of the knee: a preliminary study. Journal of the American Geriatric Society 2003;51:387-92. - PubMed
after_pilot	Cochrane_reviews/after_pilot/CD004376_exercise_knee_oa.pdf	CD004376_exercise_knee_oa	Thomas 2002	published data only	12364304	.	.	.	12364304	PMC128377	1	1	yes	yes	direct_pubmed_link	Home based exercise programme for knee pain and knee osteoarthritis: randomised controlled trial	.	Thomas KS, Muir KR, Doherty M, Jones AC, O'Reilly SC, Bassey EJ. Home based exercise programme for knee pain and knee osteoarthritis: randomised controlled trial. BMJ (Clinical Research Ed) 2002;325:752-7. - PMC - PubMed
after_pilot	Cochrane_reviews/after_pilot/CD004376_exercise_knee_oa.pdf	CD004376_exercise_knee_oa	Thorstensson 2005	published data only	15924620	.	.	.	15924620	PMC1187893	1	1	yes	yes	direct_pubmed_link	Six-week high-intensity exercise program for middle-aged patients with knee osteoarthritis: a randomized controlled trial	.	Thorstensson CA, Roos EM, Petersson IF, Ekdahl C. Six-week high-intensity exercise program for middle-aged patients with knee osteoarthritis: a randomized controlled trial. BMC Musculoskeletal Disorders 2005;6:27. - PMC - PubMed
after_pilot	Cochrane_reviews/after_pilot/CD004376_exercise_knee_oa.pdf	CD004376_exercise_knee_oa	Topp 2002	published data only	12235596	.	.	.	12235596	.	1	0	yes	no	direct_pubmed_link	The effect of dynamic versus isometric resistance training on pain and functioning among adults with osteoarthritis of the knee	.	Topp R, Woolley S, Horuyak J, Khuder S, Kahaleh B. The effect of dynamic versus isometric resistance training on pain and functioning among adults with osteoarthritis of the knee. Archives of Physical and Medical Rehabilitation 2002;83:1187-95. - PubMed
after_pilot	Cochrane_reviews/after_pilot/CD004376_exercise_knee_oa.pdf	CD004376_exercise_knee_oa	Tsai 2013	published data only	26275650;23017610	10.1016/j.ctim.2015.06.001; 10.1016/j.jpainsymman.2012.04.009	.	.	26275650;23017610	PMC4725717;PMC3543500	2	2	yes	yes	direct_pubmed_link	A supplemental report to a randomized cluster trial of a 20-week Sun-style Tai Chi for osteoarthritic knee pain in elders with cognitive impairment;A pilot cluster-randomized trial of a 20-week Tai Chi program in elders with cognitive impairment and osteoarthritic knee: effects on pain and other health outcomes	.	Tsai PF, Chang JY, Beck C, Kuo YF, Keefe FJ, Rosengren K. A supplemental report to a randomized cluster trial of a 20-week Sun-style Tai Chi for osteoarthritic knee pain in elders with cognitive impairment. Complementary Therapies in Medicine 2015;23(4):570-6. [DOI: 10.1016/j.ctim.2015.06.001] - DOI - PMC - PubMed Tsai PF, Chang JY, Beck C, Kuo YF, Keefe FJ. A pilot cluster-randomized trial of a 20-week Tai Chi program in elders with cognitive impairment and osteoarthritic knee: effects on pain and other health outcomes. Journal of Pain and Symptom Management 2013;45(4):660-9. [DOI: 10.1016/j.
after_pilot	Cochrane_reviews/after_pilot/CD004376_exercise_knee_oa.pdf	CD004376_exercise_knee_oa	Van Baar 1998	published data only	11709454;9858441	.	.	.	11709454;9858441	PMC1753453	2	1	yes	yes	direct_pubmed_link	Effectiveness of exercise in patients with osteoarthritis of hip or knee: nine months' follow up;The effectiveness of exercise therapy in patients with osteoarthritis of the hip or knee: a randomized clinical trial	.	Van Baar ME, Dekker J, Oostendorp RA, Bijl D, Voorn TB, Bijlsma JW. Effectiveness of exercise in patients with osteoarthritis of hip or knee: nine months' follow up. Annals of the Rheumatic Diseases 2001;60:1123-30. - PMC - PubMed Van Baar ME, Dekker J, Oostendorp RA, Bijl D, Voorn TB, Lemmens JA, et al. The effectiveness of exercise therapy in patients with osteoarthritis of the hip or knee: a randomized clinical trial. Journal of Rheumatology 1998;25:2432-9. - PubMed
after_pilot	Cochrane_reviews/after_pilot/CD004376_exercise_knee_oa.pdf	CD004376_exercise_knee_oa	Vassao 2021	published data only	34656170	10.1186/s42358-021-00220-5	.	.	34656170	.	1	0	yes	no	direct_pubmed_link	Effects of photobiomodulation and a physical exercise program on the expression of inflammatory and cartilage degradation biomarkers and functional capacity in women with knee osteoarthritis: a randomized blinded study	.	Vassao PG, De Souza AC, Da Silveira Campos RM, Garcia LA, Tucci HT, Renno AC. Effects of photobiomodulation and a physical exercise program on the expression of inflammatory and cartilage degradation biomarkers and functional capacity in women with knee osteoarthritis: a randomized blinded study. Advances in Rheumatology 2021;61(1):(no pagination). [DOI: 10.1186/s42358-021-00220-5] - DOI - PubMed
after_pilot	Cochrane_reviews/after_pilot/CD004376_exercise_knee_oa.pdf	CD004376_exercise_knee_oa	Vincent 2020	published data only	32324615	10.1097/phm.0000000000001450	.	.	32324615	.	1	0	yes	no	direct_pubmed_link	Comparative efficacy of eccentric and concentric-focused resistance exercise on pain, leg strength and walking endurance in knee osteoarthritis;Collagen biomarker responses and pain in obese and nonobese individuals with knee OA after resistance exercise training;Progressive enhanced eccentric or concentric resistance exercise training for knee osteoarthritis;Concentric and eccentric resistance training comparison on physical function and functional pain outcomes in knee osteoarthritis: a randomized controlled trial;Unanticipated pain relief effect with progressive resistance exercise in patients with knee OA and comorbid low back pain	title_search_no_match	Vincent HK, Vasilopoulos T, Vincent KR. Comparative efficacy of eccentric and concentric-focused resistance exercise on pain, leg strength and walking endurance in knee osteoarthritis. Osteoarthritis and Cartilage 2018;26 Suppl 1:S337. Vincent HK, Vincent KR. Collagen biomarker responses and pain in obese and nonobese individuals with knee OA after resistance exercise training. Osteoarthritis and Cartilage 2018;26 Suppl 1:S193-4. Vincent KR, Montero C, Vincent HK. Progressive enhanced eccentric or concentric resistance exercise training for knee osteoarthritis. Osteoarthritis and Cartilage 201
after_pilot	Cochrane_reviews/after_pilot/CD004376_exercise_knee_oa.pdf	CD004376_exercise_knee_oa	Wallis 2017	published data only	28011099	10.1016/j.joca.2016.12.017	.	ACTRN12615000015549	28011099	.	1	0	yes	no	direct_pubmed_link	Prescribing the maximum tolerated dose of walking for people with severe knee osteoarthritis: a phase II, randomised controlled trial;A walking program for people with severe knee osteoarthritis did not reduce pain but may have benefits for cardiovascular health: a phase II randomised controlled trial	.	ACTRN12615000015549. Prescribing the maximum tolerated dose of walking for people with severe knee osteoarthritis: a phase II, randomised controlled trial. https://www.anzctr.org.au/Trial/Registration/TrialReview.aspx?ACTRN=1261... (registered on 14 January 2015). Wallis JA, Webster KE, Levinger P, Singh PJ, Fong C, Taylor NF. A walking program for people with severe knee osteoarthritis did not reduce pain but may have benefits for cardiovascular health: a phase II randomised controlled trial. Osteoarthritis and Cartilage 2017;25(12):1969-79. [DOI: 10.1016/j.joca.2016.12.017] - DOI - PubMed
after_pilot	Cochrane_reviews/after_pilot/CD004376_exercise_knee_oa.pdf	CD004376_exercise_knee_oa	Wang 2011	published data only	21539629	.	.	.	21539629	.	1	0	yes	no	direct_pubmed_link	Comparing the efficacy of aquatic exercises and land-based exercises for patients with knee osteoarthritis	.	Wang TJ, Lee SC, Liang SY, Tung HH, Wu SF, Lin YP. Comparing the efficacy of aquatic exercises and land-based exercises for patients with knee osteoarthritis. Journal of Clinical Nursing 2011;20(17-18):2609-22. - PubMed
after_pilot	Cochrane_reviews/after_pilot/CD004376_exercise_knee_oa.pdf	CD004376_exercise_knee_oa	Wortley 2013	published data only	.	10.1016/j.jshs.2013.01.001	.	.	.	.	0	0	no	no	.	Effects of resistance and Tai Ji training on mobility and symptoms in knee osteoarthritis patients	title_search_no_match	Wortley M, Zhang S, Paquette M, Byrd E, Baumgartner L, Klipple G, et al. Effects of resistance and Tai Ji training on mobility and symptoms in knee osteoarthritis patients. Journal of Sport and Health Science 2013;2(4):209-14. [DOI: 10.1016/j.jshs.2013.01.001] - DOI
after_pilot	Cochrane_reviews/after_pilot/CD004376_exercise_knee_oa.pdf	CD004376_exercise_knee_oa	Xiao 2021	published data only	34306416	.	.	.	34306416	PMC8290749	1	1	yes	yes	direct_pubmed_link	The effect of Wuqinxi exercises on the balance function and subjective quality of life in elderly, female knee osteoarthritis patients	.	Xiao Z, Li G. The effect of Wuqinxi exercises on the balance function and subjective quality of life in elderly, female knee osteoarthritis patients. American Journal of Translational Research 2021;13(6):6710-6. - PMC - PubMed
after_pilot	Cochrane_reviews/after_pilot/CD004376_exercise_knee_oa.pdf	CD004376_exercise_knee_oa	Ye 2020	published data only	31998728	10.3389/fmed.2019.00307	.	.	31998728	PMC6966958	1	1	yes	yes	direct_pubmed_link	Biomechanics effects of Tai Chi in patients with knee osteoarthritis [Effect of qigong in elderly with knee osteoarthritis: a randomized controlled trial];The effects of Baduanjin Qigong on postural stability, proprioception, and symptoms of patients with knee osteoarthritis: a randomized controlled trial	title_search_no_match	ChiCTR-IOR-16010042. Biomechanics effects of Tai Chi in patients with knee osteoarthritis [Effect of qigong in elderly with knee osteoarthritis: a randomized controlled trial]. ChiCTR-IOR-16010042 2016. Ye J, Simpson MW, Liu Y, Lin W, Zhong W, Cai S, et al. The effects of Baduanjin Qigong on postural stability, proprioception, and symptoms of patients with knee osteoarthritis: a randomized controlled trial. Frontiers in Medicine 2020;6:(no pagination). [DOI: 10.3389/fmed.2019.00307] - DOI - PMC - PubMed
after_pilot	Cochrane_reviews/after_pilot/CD004376_exercise_knee_oa.pdf	CD004376_exercise_knee_oa	Øiestad 2023	published data only	37684597	10.1016/j.joca.2023.01.114; 10.1186/s12891-023-06831-x	.	.	37684597	PMC10485991	1	1	yes	yes	direct_pubmed_link	The effect of strength training or cycling on quality of life and knee function in patients with knee osteoarthritis;The efficacy of strength or aerobic exercise on quality of life and knee function in patients with knee osteoarthritis	title_search_no_match	Oiestad BE, Aaroen A, Rotterud J, Osteras N, Jarstad E, Risberg M. The effect of strength training or cycling on quality of life and knee function in patients with knee osteoarthritis. A randomised controlled trial. Osteoarthritis and Cartilage 2023;31 Suppl 1:S151. [DOI: 10.1016/j.joca.2023.01.114] - DOI Øiestad BE, Årøen A, Røtterud JH, Østerås N, Jarstad E, Grotle M, et al. The efficacy of strength or aerobic exercise on quality of life and knee function in patients with knee osteoarthritis. A multi-arm randomized controlled trial with 1-year follow-up. BMC Musculoskeletal Disorders 2023;24
after_pilot	Cochrane_reviews/after_pilot/CD012079_vaginal_prolapse_repair.pdf	CD012079_vaginal_prolapse_repair	Ahmed 2019	published data only	31375873	10.1007/s00192-019-04068-8	.	.	31375873	.	1	0	yes	no	direct_pubmed_link	Concomitant transobturator tape and anterior colporrhaphy versus transobturator subvesical mesh for cystocele-associated stress urinary incontinence	.	Ahmed AA, Abdellatif AH, El-Helaly HA, Tagreda IA, El-Feky MM, Agha MM, et al. Concomitant transobturator tape and anterior colporrhaphy versus transobturator subvesical mesh for cystocele-associated stress urinary incontinence. International Urogynecology Journal and Pelvic Floor Dysfunction 2019;31(8):1633-40. [DOI: 10.1007/s00192-019-04068-8] - DOI - PubMed
after_pilot	Cochrane_reviews/after_pilot/CD012079_vaginal_prolapse_repair.pdf	CD012079_vaginal_prolapse_repair	Allahdin 2008	published data only	18604681;21627429	.	.	.	18604681;21627429	.	2	0	yes	no	direct_pubmed_link	A randomised controlled trial evaluating the use of polyglactin mesh, polydioxanone and polyglactin sutures for pelvic organ prolapse surgery;A randomised controlled trial evaluating the use of polyglactin (Vicryl) mesh, polydioxanone (PDS) or polyglactin (Vicryl) sutures for pelvic organ prolapse surgery: outcomes at 2 years	.	Allahdin S, Glazener C, Bain C. A randomised controlled trial evaluating the use of polyglactin mesh, polydioxanone and polyglactin sutures for pelvic organ prolapse surgery. Journal of Obstetrics and Gynaecology 2008;28(4):427-31. - PubMed Madhuvrata P, Glazener C, Boachie C, Allahdin S, Bain C. A randomised controlled trial evaluating the use of polyglactin (Vicryl) mesh, polydioxanone (PDS) or polyglactin (Vicryl) sutures for pelvic organ prolapse surgery: outcomes at 2 years. Journal of Obstetrics and Gynaecology 2011;31(5):429-35. - PubMed
after_pilot	Cochrane_reviews/after_pilot/CD012079_vaginal_prolapse_repair.pdf	CD012079_vaginal_prolapse_repair	Al‐Nazer 2007	published data only	22648445	.	.	.	22648445	.	1	0	yes	no	direct_pubmed_link	Comparative study between anterior colporrhaphy versus vaginal wall repair with mesh for management of anterior vaginal wall prolapse (Abstract number 84);Anterior colporrhaphy versus repair with mesh for anterior vaginal wall prolapse: a comparative clinical study	title_search_no_match	Al-Nazer MA, Ismail WA, Gomaa IA. Comparative study between anterior colporrhaphy versus vaginal wall repair with mesh for management of anterior vaginal wall prolapse (Abstract number 84). International Urogynecology Journal and Pelvic Floor Dysfunction 2007;18 Suppl 1:49-50. El-Nazer M, Gomaa I, Ismail Madkour W, Swidan K, El-Etriby M. Anterior colporrhaphy versus repair with mesh for anterior vaginal wall prolapse: a comparative clinical study. Archives of Gynecology and Obstetrics 2012;286:965-72. - PubMed
after_pilot	Cochrane_reviews/after_pilot/CD012079_vaginal_prolapse_repair.pdf	CD012079_vaginal_prolapse_repair	Altman 2011	published data only	21561348;19731311	.	.	.	21561348;19731311	.	2	0	yes	no	direct_pubmed_link	Anterior colporrhaphy versus transvaginal mesh for pelvic-organ prolapse;Clinical efficacy of a trocar guided mesh kit for the repair of anterior lateral defects (Abstract number 556);Urodynamic assessment of anterior vaginal wall surgery: A randomized comparison between colporrhaphy and transvaginal mesh	title_search_no_match	Altman D, Väyrynen T, Engh ME, Axelsen S, Falconer C, for the Nordic Transvaginal Mesh Group. Anterior colporrhaphy versus transvaginal mesh for pelvic-organ prolapse. The New England Journal of Medicine 2011;364(19):1826-36. [41463] - PubMed Ek M, Altman D, Elmér C, Gunnarsson J, Falconer C, Tegerstedt G. Clinical efficacy of a trocar guided mesh kit for the repair of anterior lateral defects (Abstract number 556). In: Proceedings of the 41st Annual Meeting of the International Continence Society (ICS), 2011 Aug 29 to Sept 2, Glasgow, Scotland. 2011. Ek M, Tegerstedt G, Falconer C, Kjaeldgaar
after_pilot	Cochrane_reviews/after_pilot/CD012079_vaginal_prolapse_repair.pdf	CD012079_vaginal_prolapse_repair	Carey 2009	published data only	19583714	.	.	.	19583714	PMC2774153	1	1	yes	yes	direct_pubmed_link	Vaginal repair with mesh versus colporrhaphy for prolapse: a randomised controlled trial	.	Carey M, Higgs P, Goh J, Lim J, Leong A, Krause H, Cornish A. Vaginal repair with mesh versus colporrhaphy for prolapse: a randomised controlled trial. BJOG 2009;116(10):1380-6. [32066] - PMC - PubMed
after_pilot	Cochrane_reviews/after_pilot/CD012079_vaginal_prolapse_repair.pdf	CD012079_vaginal_prolapse_repair	Chen 2020	published data only	.	.	.	.	.	.	0	0	no	no	.	Efficacy and safety of self-cut titanium-coated polypropylene mesh versus mesh-kit for transvaginal treatment of severe pelvic organ prolapse: a multi-center randomized pilot study	title_search_no_match	Chen J, Zhu L. Efficacy and safety of self-cut titanium-coated polypropylene mesh versus mesh-kit for transvaginal treatment of severe pelvic organ prolapse: a multi-center randomized pilot study. International Urogynecology Journal 2020;31(Suppl 1):S115.
after_pilot	Cochrane_reviews/after_pilot/CD012079_vaginal_prolapse_repair.pdf	CD012079_vaginal_prolapse_repair	Chiang 2021	published data only	33925536	.	.	.	33925536	PMC8123832	1	1	yes	yes	direct_pubmed_link	The comparison of outcomes of transvaginal mesh surgery with and without midline fascial plication for the treatment of anterior vaginal prolapse: a randomized controlled trial	.	Chiang C H, Hsu C S, Ding D C. The comparison of outcomes of transvaginal mesh surgery with and without midline fascial plication for the treatment of anterior vaginal prolapse: a randomized controlled trial. Journal of Clinical Medicine 2021;10(9):1888. - PMC - PubMed
after_pilot	Cochrane_reviews/after_pilot/CD012079_vaginal_prolapse_repair.pdf	CD012079_vaginal_prolapse_repair	Dahlgren 2011	published data only	21895613	.	.	.	21895613	.	1	0	yes	no	direct_pubmed_link	Long-term outcome of porcine skin graft in surgical treatment of recurrent pelvic organ prolapse	.	Dahlgren E, Kjolhede P on behalf of the RPOP-PELVICOL Study Group. Long-term outcome of porcine skin graft in surgical treatment of recurrent pelvic organ prolapse. An open randomized controlled multicenter study. Acta Obstetricia Et Gynecologica Scandinavica 2011;90:1393-401. - PubMed
after_pilot	Cochrane_reviews/after_pilot/CD012079_vaginal_prolapse_repair.pdf	CD012079_vaginal_prolapse_repair	Damiani 2016	published data only	26492359	.	.	.	26492359	.	1	0	yes	no	direct_pubmed_link	Conventional fascial technique versus mesh repair for advanced pelvic organ prolapse: Analysis of recurrences in treated and untreated compartments	.	Damiani GR, Riva D, Pellegrino A, Gaetani M, Tafuri S, Turoli D, et al. Conventional fascial technique versus mesh repair for advanced pelvic organ prolapse: Analysis of recurrences in treated and untreated compartments. Journal of Obstetrics & Gynaecology 2016;36(3):410-5. - PubMed
after_pilot	Cochrane_reviews/after_pilot/CD012079_vaginal_prolapse_repair.pdf	CD012079_vaginal_prolapse_repair	da Silveira 2014	published data only	32106344;25199496	10.1002/nau.24323	.	.	32106344;25199496	.	2	0	yes	no	direct_pubmed_link	A multicenter, randomized trial comparing pelvic organ prolapse surgical treatment with native tissue and synthetic mesh: a 5-year follow-up study;Multicenter, randomized trial comparing native vaginal tissue repair and synthetic mesh repair for genital prolapse surgical treatment	.	da Silveira S, Auge, APF, Jarmy-Dibella ZIK, Margarido PFR, Carramao S, Alves Rodrigues C, et al. A multicenter, randomized trial comparing pelvic organ prolapse surgical treatment with native tissue and synthetic mesh: a 5-year follow-up study. Neurourology and urodynamics 2020;39(3):1002-11. [DOI: 10.1002/nau.24323] - DOI - PubMed dos Reis Brandão da Silveira S, Haddad JM, Jármy-Di Bella Z, Nastri F, Kawabata M, da Silva Carramão S, et al. Multicenter, randomized trial comparing native vaginal tissue repair and synthetic mesh repair for genital prolapse surgical treatment. International Urog
after_pilot	Cochrane_reviews/after_pilot/CD012079_vaginal_prolapse_repair.pdf	CD012079_vaginal_prolapse_repair	Delroy 2013	published data only	23632800;25820682	.	.	.	23632800;25820682	PMC3824218	2	1	yes	yes	direct_pubmed_link	The use of transvaginal synthetic mesh for anterior vaginal wall prolapse repair: a randomized controlled trial;Two-years results of native tissue versus vaginal mesh repair in the treatment of anterior prolapse according to different success criteria: A randomized controlled trial	.	Delroy CA, Castro Rde A, Dias MM, Feldner PC, Bortolini MA, Girao MS. The use of transvaginal synthetic mesh for anterior vaginal wall prolapse repair: a randomized controlled trial. International Urogynecology Journal 2013;24(11):1899-907. - PMC - PubMed Dias MM, De ACastro, Bortolini MA, Delroy CA, Martins PC, Girao MJ, et al. Two-years results of native tissue versus vaginal mesh repair in the treatment of anterior prolapse according to different success criteria: A randomized controlled trial. Neurourology & Urodynamics 2016;35(4):509-14. - PubMed
after_pilot	Cochrane_reviews/after_pilot/CD012079_vaginal_prolapse_repair.pdf	CD012079_vaginal_prolapse_repair	De Tayrac 2008	published data only	17900584	.	.	.	17900584	.	1	0	yes	no	direct_pubmed_link	Infracoccygeal sacropexy or sacrospinous suspension for uterine or vaginal vault prolapse	.	De Tayrac R, Mathe ML, Bader G, Deffieux X, Fazel A, Fernandez H. Infracoccygeal sacropexy or sacrospinous suspension for uterine or vaginal vault prolapse. International Journal of Gynaecology and Obstetrics 2008;100(2):154-9. - PubMed
after_pilot	Cochrane_reviews/after_pilot/CD012079_vaginal_prolapse_repair.pdf	CD012079_vaginal_prolapse_repair	De Tayrac 2013	published data only	31506808;23512113	.	.	.	31506808;23512113	.	2	0	yes	no	direct_pubmed_link	Long-term outcomes of a randomized controlled trial comparing trans-obturator vaginal mesh with native tissue repair in the treatment of anterior vaginal wall prolapse;Comparison between trans-obturator trans-vaginal mesh and traditional anterior colporrhaphy in the treatment of anterior vaginal wall prolapse: results of a French RCT	.	Allegre L, Callewaert G, Alonso S, Cornille A, Fernandez H, Eglin G, et al. Long-term outcomes of a randomized controlled trial comparing trans-obturator vaginal mesh with native tissue repair in the treatment of anterior vaginal wall prolapse. International Urogynecology Journal and Pelvic Floor Dysfunction 2020;31(4):745-53. - PubMed De Tayrac R, Cornille A, Eglin G, Guilbaud O, Mansoor A, Alonso S, et al. Comparison between trans-obturator trans-vaginal mesh and traditional anterior colporrhaphy in the treatment of anterior vaginal wall prolapse: results of a French RCT. International Urogy
after_pilot	Cochrane_reviews/after_pilot/CD012079_vaginal_prolapse_repair.pdf	CD012079_vaginal_prolapse_repair	Dietz 2020	published data only	.	.	.	.	.	.	0	0	no	no	.	Hiatal reduction with the 'puborectalis sling': a multicentre randomised controlled trial	title_search_no_match	Dietz H P, Korda A, Rosamilia A, Pardey J, Shek K L, Wong V, et al. Hiatal reduction with the 'puborectalis sling': a multicentre randomised controlled trial. International Urogynecology Journal 2020;31(Suppl 1):S3-4.
after_pilot	Cochrane_reviews/after_pilot/CD012079_vaginal_prolapse_repair.pdf	CD012079_vaginal_prolapse_repair	Feldner 2010	published data only	20428997	.	.	.	20428997	.	1	0	yes	no	direct_pubmed_link	Anterior vaginal wall prolapse: a randomized controlled trial of SIS graft versus traditional colporrhaphy;Surgical treatment of anterior vaginal wall prolapse: comparison of small intestine submucosa (SIS) graft and traditional repair (Abstract number 160)	title_search_no_match	Feldner PC Jr, Castro RA, Cipolotti LA, Delroy CA, Sartori MG, Girao MJ. Anterior vaginal wall prolapse: a randomized controlled trial of SIS graft versus traditional colporrhaphy. International Urogynecology Journal and Pelvic Floor Dysfunction 2010;21(9):1057-63. [40053] - PubMed Feldner PC Jr, Castro RA, Delroy CA, Dias MM, Sartori MG, Girao MJ. Surgical treatment of anterior vaginal wall prolapse: comparison of small intestine submucosa (SIS) graft and traditional repair (Abstract number 160). International Urogynecology Journal 2009;20 Suppl 2:S208-9. [39890]
after_pilot	Cochrane_reviews/after_pilot/CD012079_vaginal_prolapse_repair.pdf	CD012079_vaginal_prolapse_repair	Galad 2020	published data only	32990012	.	.	.	32990012	.	1	0	yes	no	direct_pubmed_link	Single incision mesh vs sacrospinous ligament fixation in post hysterectomy women at a three-year follow-up: a randomized trial	.	Galad J, Papcun P, Dudic R, Urdzik P. Single incision mesh vs sacrospinous ligament fixation in post hysterectomy women at a three-year follow-up: a randomized trial. Bratislavske Lekarske Listy 2020;121(9):640-7. - PubMed
after_pilot	Cochrane_reviews/after_pilot/CD012079_vaginal_prolapse_repair.pdf	CD012079_vaginal_prolapse_repair	Gandhi 2005	published data only	15902172	.	.	.	15902172	.	1	0	yes	no	direct_pubmed_link	A prospective randomized trial using solvent dehydrated fascia lata for the prevention of recurrent anterior vaginal wall prolapse;A randomized controlled trial of fascia lata for the prevention of recurrent anterior vaginal wall prolapse;Preliminary results of a prospective randomized trial of tutoplast processed fascia lata to prevent recurrent cystoceles and rectoceles	title_search_no_match	Gandhi S, Goldberg RP, Kwon C, Koduri S, Beaumont JL, Abramov Y, et al. A prospective randomized trial using solvent dehydrated fascia lata for the prevention of recurrent anterior vaginal wall prolapse. American Journal of Obstetrics and Gynecology 2005;192:1649-54. - PubMed Gandhi S, Kwon C, Goldberg RP, Abramov Y, Beaumont JL, Koduri S, et al. A randomized controlled trial of fascia lata for the prevention of recurrent anterior vaginal wall prolapse. Neurourology and Urodynamics 2004;23(5/6):558. Kwon C, Goldberg R, Evaston IL, Koduri S, Franklin WI, Gandhi S, et al. Preliminary results of
after_pilot	Cochrane_reviews/after_pilot/CD012079_vaginal_prolapse_repair.pdf	CD012079_vaginal_prolapse_repair	Glazener 2017	published data only	28010989	10.1016/s0140-6736(16)31596-3; 10.1016/s0140-6736(16	.	.	28010989	.	1	0	yes	no	direct_pubmed_link	Mesh, graft, or standard repair for women having primary transvaginal anterior or posterior compartment prolapse surgery: two parallel-group, multicentre, randomised, controlled trials (PROSPECT)	.	Glazener CM, Breeman S, Elders A, Hemming C, Cooper KG, Freeman RM, et al. Mesh, graft, or standard repair for women having primary transvaginal anterior or posterior compartment prolapse surgery: two parallel-group, multicentre, randomised, controlled trials (PROSPECT). Lancet 2017;389(10067):381-92. [DOI: 10.1016/S0140-6736(16)31596-3] - DOI - PubMed
after_pilot	Cochrane_reviews/after_pilot/CD012079_vaginal_prolapse_repair.pdf	CD012079_vaginal_prolapse_repair	Glazener 2020	published data only	32141709	.	.	.	32141709	.	1	0	yes	no	direct_pubmed_link	Mesh inlay, mesh kit or native tissue repair for women having repeat anterior or posterior prolapse surgery: randomised controlled trial (PROSPECT)	.	Glazener C, Breeman S, Elders A, Hemming C, Cooper K G, Freeman R M, et al. Mesh inlay, mesh kit or native tissue repair for women having repeat anterior or posterior prolapse surgery: randomised controlled trial (PROSPECT). BJOG 2020;127(8):1002-13. - PubMed
after_pilot	Cochrane_reviews/after_pilot/CD012079_vaginal_prolapse_repair.pdf	CD012079_vaginal_prolapse_repair	Guerette 2009	published data only	19546759	.	.	.	19546759	.	1	0	yes	no	direct_pubmed_link	Multi-center, randomized, prospective trial comparing anterior colporrhaphy alone to bovine pericardium collagen matrix graft reinforced anterior colporrhaphy: 12-month analysis (Abstract number 11);Anterior repair with or without collagen	title_search_no_match	Guerette NL, Aguirre O, VanDrie DM, Biller DH, Davila GW. Multi-center, randomized, prospective trial comparing anterior colporrhaphy alone to bovine pericardium collagen matrix graft reinforced anterior colporrhaphy: 12-month analysis (Abstract number 11). International Urogynecology Journal and Pelvic Floor Dysfunction 2006;17 Suppl 2:63-4. Guerette NL, Peterson TV, Aguirre OA, VanDrie DM, Biller DH, Davila GW. Anterior repair with or without collagen. Obstetrics and Gynecology 2009;114:59-65. - PubMed
after_pilot	Cochrane_reviews/after_pilot/CD012079_vaginal_prolapse_repair.pdf	CD012079_vaginal_prolapse_repair	Gupta 2014	published data only	.	.	.	.	.	.	0	0	no	no	.	Anterior vaginal prolapse repair: A randomised trial of traditional anterior colporrhaphy and self-tailored mesh repair	title_search_no_match	Gupta B, Vaid NB, Suneja A, Guleria K, Jain S. Anterior vaginal prolapse repair: A randomised trial of traditional anterior colporrhaphy and self-tailored mesh repair. South African Journal of Obstetrics and Gynaecology 2014;20(3):47-50.
after_pilot	Cochrane_reviews/after_pilot/CD012079_vaginal_prolapse_repair.pdf	CD012079_vaginal_prolapse_repair	Halaska 2012	published data only	23021692	.	.	.	23021692	.	1	0	yes	no	direct_pubmed_link	A multicentre randomized prospective controlled study comparing sacrospinous fixation and transvaginal mesh in the treatment of post-hysterectomy vaginal vault prolapse	.	Halaska M, Maxova K, Sottner O, Svabik K, Mlcoch M, Kolarik D, et al. A multicentre randomized prospective controlled study comparing sacrospinous fixation and transvaginal mesh in the treatment of post-hysterectomy vaginal vault prolapse. American Journal of Obstetrics and Gynecology 2012;207(301):e1-7. - PubMed
after_pilot	Cochrane_reviews/after_pilot/CD012079_vaginal_prolapse_repair.pdf	CD012079_vaginal_prolapse_repair	Hviid 2010	published data only	20165833	.	.	.	20165833	.	1	0	yes	no	direct_pubmed_link	Porcine skin collagen implants for anterior vaginal wall prolapse: a randomised prospective controlled study	.	Hviid U, Hviid TV, Rudnicki M. Porcine skin collagen implants for anterior vaginal wall prolapse: a randomised prospective controlled study. International Urogynecology Journal 2010;21(5):529-34. [39449] - PubMed
after_pilot	Cochrane_reviews/after_pilot/CD012079_vaginal_prolapse_repair.pdf	CD012079_vaginal_prolapse_repair	Iglesia 2010	published data only	24084533;20664388;21974992	10.1016/j.ajog.2011.08.003	NCT00475540	NCT00475540	24084533;20664388;21974992	.	3	0	yes	no	direct_pubmed_link	Three-year outcome of vaginal mesh for prolapse, a randomized controlled trial;Vaginal mesh for prolapse: a randomized controlled trial;One-year objective and functional outcomes of a randomized clinical trial of vaginal mesh for prolapse	.	Gutman R, Nosti P, Sokol A, Sokol E, Peterson J, Wang H, Iglesia C. Three-year outcome of vaginal mesh for prolapse, a randomized controlled trial. Obstetrics & Gynecology 2013;122(4):770-7. [ CLINICALTRIALS.GOV : NCT00475540] - PubMed Iglesia CB, Sokol AI, Sokol ER, Kudish BI. Vaginal mesh for prolapse: a randomized controlled trial. Obstetrics and Gynecology 2010;116(2 Pt 1):293-303. [39891] - PubMed Sokol AI, Iglesia CB, Kudish BI, Gutman RE, Shveiky D, Bercik R, et al. One-year objective and functional outcomes of a randomized clinical trial of vaginal mesh for prolapse. American Journal o
after_pilot	Cochrane_reviews/after_pilot/CD012079_vaginal_prolapse_repair.pdf	CD012079_vaginal_prolapse_repair	Iyer 2019	published data only	29300253	.	.	.	29300253	.	1	0	yes	no	direct_pubmed_link	Anterior colporrhaphy with and without dermal allograft: a randomized control trial with long-term follow-up	.	Iyer S, Seitz M, Tran A, Scalabrin Reis R, Botros C, Lozo S, et al. Anterior colporrhaphy with and without dermal allograft: a randomized control trial with long-term follow-up. Female Pelvic Medicine & Reconstructive Surgery 2019;25(3):206-12. - PubMed
after_pilot	Cochrane_reviews/after_pilot/CD012079_vaginal_prolapse_repair.pdf	CD012079_vaginal_prolapse_repair	Lamblin 2014	published data only	24573358	.	.	.	24573358	.	1	0	yes	no	direct_pubmed_link	A randomized controlled trial comparing anatomical and functional outcome between vaginal colposuspension and transvaginal mesh	.	Lamblin G, Van-Nieuwenhuyse A, Chabert P, Lebail-Carval K, Moret S, Mellier G. A randomized controlled trial comparing anatomical and functional outcome between vaginal colposuspension and transvaginal mesh. International Urogynecology Journal 2014;25:961–70. - PubMed
after_pilot	Cochrane_reviews/after_pilot/CD012079_vaginal_prolapse_repair.pdf	CD012079_vaginal_prolapse_repair	Menefee 2011	published data only	22067717	.	.	.	22067717	.	1	0	yes	no	direct_pubmed_link	The Optimal Anterior Repair Study (OARS): a triple arm randomized double blinded clinical trial of standard colporrhaphy, porcine dermis or polypropylene mesh augmented anterior vaginal wall repair (Abstract number 252);The Optimal Anterior Repair Study (OARS): a triple arm randomized double blinded clinical trial of standard colporrhaphy versus vaginal paravaginal repair with porcine dermis graft or polypropylene mesh (Abstract number 281);Colporrhaphy compared with mesh or graft-reinforced vaginal paravaginal repair for anterior vaginal wall prolapse: a randomized controlled trial	title_search_no_match	Dyer K, Nguyen J, Lukacz E, Simsiman A, Luber K, Menefee S. The Optimal Anterior Repair Study (OARS): a triple arm randomized double blinded clinical trial of standard colporrhaphy, porcine dermis or polypropylene mesh augmented anterior vaginal wall repair (Abstract number 252). Neurourology and Urodynamics 2009;28(7):894-5. [39346] Dyer K, Nguyen J, Simsiman A, Lukacz E, Luber K, Menefee S. The Optimal Anterior Repair Study (OARS): a triple arm randomized double blinded clinical trial of standard colporrhaphy versus vaginal paravaginal repair with porcine dermis graft or polypropylene mesh (
after_pilot	Cochrane_reviews/after_pilot/CD012079_vaginal_prolapse_repair.pdf	CD012079_vaginal_prolapse_repair	Meschia 2007	published and unpublished data	17162041	.	.	.	17162041	.	1	0	yes	no	direct_pubmed_link	A two years follow-up, prospective randomized study on cystocele repair with or without Pelvicol (trademark) implant (Abstract number 1374);Porcine skin collagen implants to prevent anterior vaginal wall prolapse recurrence: A multicentre, randomized study;Porcine skin collagen implants (Pelvicol) (trademark) to prevent anterior vaginal wall prolapse recurrence: a randomized study (Abstract)	title_search_no_match	Kocjancic E, Crivellaro S, Bernasconi F, Magatti F, Frea B, Meschia M. A two years follow-up, prospective randomized study on cystocele repair with or without Pelvicol (trademark) implant (Abstract number 1374). In: Proceedings of the Annual Meeting of the American Urological Association, 19-24 May 2007, Anaheim (CA). 2007. Meschia M, Pifarotti P, Bernasconi F, Magatti F, Riva D, Kojancic E. Porcine skin collagen implants to prevent anterior vaginal wall prolapse recurrence: A multicentre, randomized study. The Journal of Urology 2007;177:192-5. - PubMed Meschia M, Pifarotti P, Magatti F, Bern
after_pilot	Cochrane_reviews/after_pilot/CD012079_vaginal_prolapse_repair.pdf	CD012079_vaginal_prolapse_repair	Nager 2019	published data only	33716071;31529008	.	.	.	33716071;31529008	PMC8328912;PMC6749543	2	2	yes	yes	direct_pubmed_link	Effect of sacrospinous hysteropexy with graft vs vaginal hysterectomy with uterosacral ligament suspension on treatment failure in women with uterovaginal prolapse: 5-year results of a randomized clinical trial;Effect of vaginal mesh hysteropexy vs vaginal hysterectomy with uterosacral ligament suspension on treatment failure in women with uterovaginal prolapse: a randomized clinical trial [Erratum published in: Error in results section	.	Nager C W, Visco A G, Richter H E, Rardin C R, Komesu Y, Harvie H S, et al. Effect of sacrospinous hysteropexy with graft vs vaginal hysterectomy with uterosacral ligament suspension on treatment failure in women with uterovaginal prolapse: 5-year results of a randomized clinical trial. JAMA 2021;225(2):153.e1-153.e31. - PMC - PubMed Nager C W, Visco A G, Richter H E, Rardin C R, Rogers R G, Harvie H S, et al. Effect of vaginal mesh hysteropexy vs vaginal hysterectomy with uterosacral ligament suspension on treatment failure in women with uterovaginal prolapse: a randomized clinical trial [Err
after_pilot	Cochrane_reviews/after_pilot/CD012079_vaginal_prolapse_repair.pdf	CD012079_vaginal_prolapse_repair	Nguyen 2008	published and unpublished data	18378748	.	.	.	18378748	.	1	0	yes	no	direct_pubmed_link	Anatomy and visceral function after anterior vaginal prolapse repair: a randomized controlled trial (Abstract number 42);Outcome after anterior vaginal prolapse repair	title_search_no_match	Nguyen JN, Burchette RJ. Anatomy and visceral function after anterior vaginal prolapse repair: a randomized controlled trial (Abstract number 42). In: Proceedings of the 29th Annual Meeting of the American Urogynecologic Society (AUGS), Sept 4-6, Chicago. 2008. Nguyen JN, Burchette RJ. Outcome after anterior vaginal prolapse repair. Randomized controlled trial. Obstetrics and Gynecology 2008;111(4):891-8. - PubMed
after_pilot	Cochrane_reviews/after_pilot/CD012079_vaginal_prolapse_repair.pdf	CD012079_vaginal_prolapse_repair	Nieminen 2008	published data only	17666627;18716704;20494332	.	.	.	17666627;18716704;20494332	.	3	0	yes	no	direct_pubmed_link	Low-weight polypropylene mesh for anterior vaginal wall prolapse: a randomized controlled trial;Symptom resolution and sexual function after anterior vaginal wall repair with or without polypropylene mesh;Outcomes after anterior vaginal wall repair with mesh: a randomized, controlled trial with a 3 year follow-up	.	Hiltunen R, Nieminen K, Takala T, Heiskanen E, Merikari M, Niemi K, et al. Low-weight polypropylene mesh for anterior vaginal wall prolapse: a randomized controlled trial. Obstetrics and Gynecology 2007;110(2 pt 2):455-62. - PubMed Nieminen K, Hiltunen R, Heiskanen E, Takala T, Niemi K, Merikari M, et al. Symptom resolution and sexual function after anterior vaginal wall repair with or without polypropylene mesh. International Urogynecology Journal. 2008;19(12):1611-6. - PubMed Nieminen K, Hiltunen R, Takala T, Heiskanen E, Merikari M, Niemi K, et al. Outcomes after anterior vaginal wall repai
after_pilot	Cochrane_reviews/after_pilot/CD012079_vaginal_prolapse_repair.pdf	CD012079_vaginal_prolapse_repair	Ouyang 2020	published data only	32957403	.	.	.	32957403	PMC7505298	1	1	yes	yes	direct_pubmed_link	Safety and efficacy of a self-developed Chinese pelvic repair system and Avaulta repair system for the treatment of pelvic organ prolapse in women: a multicenter, prospective, randomized, parallel-group study	.	Ouyang Y, Chen R, Chu L, Liang J, Zhang X, Li L, et al. Safety and efficacy of a self-developed Chinese pelvic repair system and Avaulta repair system for the treatment of pelvic organ prolapse in women: a multicenter, prospective, randomized, parallel-group study. Medicine 2020;99(38):e22332. - PMC - PubMed
after_pilot	Cochrane_reviews/after_pilot/CD012079_vaginal_prolapse_repair.pdf	CD012079_vaginal_prolapse_repair	Paraiso 2006	published data only	17132479	.	.	.	17132479	.	1	0	yes	no	direct_pubmed_link	Rectocele repair: A randomized trial of three surgical techniques including graft augmentation	.	Paraiso M, Barber M, Muir T, Walters M. Rectocele repair: A randomized trial of three surgical techniques including graft augmentation. American Journal of Obstetrics and Gynecology 2006;195:1762-71. - PubMed
after_pilot	Cochrane_reviews/after_pilot/CD012079_vaginal_prolapse_repair.pdf	CD012079_vaginal_prolapse_repair	Qatawneh 2013	published data only	.	.	.	.	.	.	0	0	no	no	.	Transvaginal cystocele repair using tension-free polypropylene mesh at the time of sacrospinous colpopexy for advanced uterovaginal prolapse: a prospective randomised study	title_search_no_match	Qatawneh A, Al-Kazaleh F, Saleh S, Thekrallah F, Bata M, Sumreen I, et al. Transvaginal cystocele repair using tension-free polypropylene mesh at the time of sacrospinous colpopexy for advanced uterovaginal prolapse: a prospective randomised study. Gynecological Surgery 2013;10:79-85.
after_pilot	Cochrane_reviews/after_pilot/CD012079_vaginal_prolapse_repair.pdf	CD012079_vaginal_prolapse_repair	Robert 2014	published data only	24402595	.	.	.	24402595	.	1	0	yes	no	direct_pubmed_link	Absorbable mesh augmentation compared with no mesh for anterior prolapse: a randomized controlled trial	.	Robert M, Girard I, Brennand E, Tang S, Birch C, Murphy M, et al. Absorbable mesh augmentation compared with no mesh for anterior prolapse: a randomized controlled trial. Obstetrics and Gynecology 2014;123(2 Part 1):288-94. - PubMed
after_pilot	Cochrane_reviews/after_pilot/CD012079_vaginal_prolapse_repair.pdf	CD012079_vaginal_prolapse_repair	Rudnicki 2014	published data only	26420345;24118844	.	.	.	26420345;24118844	.	2	0	yes	no	direct_pubmed_link	A 3–year follow-up after anterior colporrhaphy compared with collagen-coated transvaginal mesh for anterior vaginal wall prolapse: a randomised controlled trial;Anterior colporrhaphy compared with collagen-coated transvaginal mesh for anterior vaginal wall prolapse: a randomised controlled trial	.	Rudnicki M, Laurikainen E, Pogosean R, Kinne I, Jakobsson U, Teleman P. A 3–year follow-up after anterior colporrhaphy compared with collagen-coated transvaginal mesh for anterior vaginal wall prolapse: a randomised controlled trial. BJOG 2015;published online:1-7. - PubMed Rudnicki M, Laurikainen E, Pogosean R, Kinne I, Jakobsson U, Teleman P. Anterior colporrhaphy compared with collagen-coated transvaginal mesh for anterior vaginal wall prolapse: a randomised controlled trial. BJOG 2014;121:102-11. - PubMed
after_pilot	Cochrane_reviews/after_pilot/CD012079_vaginal_prolapse_repair.pdf	CD012079_vaginal_prolapse_repair	Sand 2001	published data only	11408853	.	.	.	11408853	.	1	0	yes	no	direct_pubmed_link	Long-term effects of three different anti-incontinence procedures on the posterior compartment (Abstract);Prospective randomized trial of polyglactin 910 mesh to prevent recurrence of cystoceles and rectoceles	title_search_no_match	Goldberg RP, Koduri S, Lobel RW, Culligan PJ, Tomezsko JE, Winkler HA, et al. Long-term effects of three different anti-incontinence procedures on the posterior compartment (Abstract). In: Proceedings of the International Continence Society (ICS) 31st Annual Meeting; 2001 Sept 18-21; Seoul, Korea. 2001. Sand PK, Koduri S, Lobel RW, Winkler HA, Tomezsko J, Culligan PJ, et al. Prospective randomized trial of polyglactin 910 mesh to prevent recurrence of cystoceles and rectoceles. American Journal of Obstetrics and Gynecology 2001;184(7):1357-64. - PubMed
after_pilot	Cochrane_reviews/after_pilot/CD012079_vaginal_prolapse_repair.pdf	CD012079_vaginal_prolapse_repair	Shaher 2020	published data only	.	.	.	.	.	.	0	0	no	no	.	Surgeon tailored transobturator four arms mesh versus anterior colporrhaphy in the surgical management of cystocele accompanied by stress urinary incontinence (Abstract number 1083)	title_search_no_match	Shaher S H, Soliman Othman T. Surgeon tailored transobturator four arms mesh versus anterior colporrhaphy in the surgical management of cystocele accompanied by stress urinary incontinence (Abstract number 1083). European Urology 2020;19(Suppl 2):e1612.
after_pilot	Cochrane_reviews/after_pilot/CD012079_vaginal_prolapse_repair.pdf	CD012079_vaginal_prolapse_repair	Sivaslioglu 2008	published data only	17901910	.	.	.	17901910	.	1	0	yes	no	direct_pubmed_link	A randomized comparison of polypropylene mesh surgery with site-specific surgery in the treatment of cystocoele	.	Sivaslioglu AA, Unlubilgin E, Dolen I. A randomized comparison of polypropylene mesh surgery with site-specific surgery in the treatment of cystocoele. International Urogynecology Journal. 2008;19(4):467-71. - PubMed
after_pilot	Cochrane_reviews/after_pilot/CD012079_vaginal_prolapse_repair.pdf	CD012079_vaginal_prolapse_repair	Steures 2019	published data only	30159720	.	.	.	30159720	PMC6450832	1	1	yes	yes	direct_pubmed_link	Partially absorbable mesh or native tissue repair for pelvic organ prolapse: a randomized controlled trial	.	Steures P, Milani A L, Rumpt-van de Geest D A, Kluivers K B, Withagen M I J. Partially absorbable mesh or native tissue repair for pelvic organ prolapse: a randomized controlled trial. International Urogynecology Journal and Pelvic Floor Dysfunction 2019;30(4):565-73. - PMC - PubMed
after_pilot	Cochrane_reviews/after_pilot/CD012079_vaginal_prolapse_repair.pdf	CD012079_vaginal_prolapse_repair	Sung 2012	published data only	22183220	.	.	.	22183220	PMC3244827	1	1	yes	yes	direct_pubmed_link	Porcine subintestinal submucosal graft augmentation for rectocele repair: a randomized controlled trial	.	Sung VW, Rardin CR, Raker CA, Lasala CA, Myers DL. Porcine subintestinal submucosal graft augmentation for rectocele repair: a randomized controlled trial. Obstetrics and Gynecology 2012;119(1):125-33. [42876] - PMC - PubMed
after_pilot	Cochrane_reviews/after_pilot/CD012079_vaginal_prolapse_repair.pdf	CD012079_vaginal_prolapse_repair	Svabik 2014	published data only	24615948	.	.	.	24615948	.	1	0	yes	no	direct_pubmed_link	Comparison of vaginal mesh repair with sacrospinous vaginal colpopexy in the management of vaginal vault prolapse after hysterectomy in patients with levator ani avulsion: a randomized controlled trial	.	Svabik K, Martan A, Masata J, El-Haddad R, Hubka P. Comparison of vaginal mesh repair with sacrospinous vaginal colpopexy in the management of vaginal vault prolapse after hysterectomy in patients with levator ani avulsion: a randomized controlled trial. Ultrasound in Obstetrics and Gynecology 2014;43(4):365-71. - PubMed
after_pilot	Cochrane_reviews/after_pilot/CD012079_vaginal_prolapse_repair.pdf	CD012079_vaginal_prolapse_repair	Takeyama 2020	published data only	.	.	.	.	.	.	0	0	no	no	.	Is trans-vaginal mesh procedure using polytetrafluoroethylene(PTFE) mesh ORIHIMEÂ® feasible for the anterior vaginal prolapse repair?-comparative study between PTFE mesh and polypropylene mesh up to 1 year	title_search_no_match	Takeyama M, Kuwata T, Kashihara H, Kato C. Is trans-vaginal mesh procedure using polytetrafluoroethylene(PTFE) mesh ORIHIMEÂ® feasible for the anterior vaginal prolapse repair?-comparative study between PTFE mesh and polypropylene mesh up to 1 year. International Urogynecology Journal 2020;31(SUPPL 1):S171.
after_pilot	Cochrane_reviews/after_pilot/CD012079_vaginal_prolapse_repair.pdf	CD012079_vaginal_prolapse_repair	Tamanini 2014	published data only	32440838;25305357;24054380	.	.	.	32440838;25305357;24054380	.	3	0	yes	no	direct_pubmed_link	No mesh versus mesh in the treatment of anterior vaginal wall prolapse: prospective, randomised, controlled trial, long-term follow-up;A prospective, randomized and controlled trial for the treatment of anterior vaginal wall prolapse: medium-term follow-up;Treatment of anterior vaginal wall prolapse with and without polypropylene mesh: a prospective, randomized and controlled trial - Part I	.	Tamanini J T N, Reis L O, da Mota Tamanini M M, Aquino Castro R, Sartori M G F, Girao Mjbc. No mesh versus mesh in the treatment of anterior vaginal wall prolapse: prospective, randomised, controlled trial, long-term follow-up. International Urology and Nephrology 2020;52(10):1839-44. - PubMed Tamanini JTN, Oliveira Souza Castro RC, Tamanini JM, Castro RA, Sartori MGF, Girão MJBC. A prospective, randomized and controlled trial for the treatment of anterior vaginal wall prolapse: medium-term follow-up. The Journal of Urology 2015;193(4):1298-304. - PubMed Tamanini JTN, Oliveira Souza Castro RC,
after_pilot	Cochrane_reviews/after_pilot/CD012079_vaginal_prolapse_repair.pdf	CD012079_vaginal_prolapse_repair	Thijs 2010	published data only	.	.	.	.	.	.	0	0	no	no	.	A randomized controlled trial of anterior colporraphy and Perigee™ as a primary surgical correction of symptomatic cystocele (Abstract number 96)	title_search_no_match	Thijs S, Deprest J, De Ridder D, Claerhout F, Roovers J. A randomized controlled trial of anterior colporraphy and Perigee™ as a primary surgical correction of symptomatic cystocele (Abstract number 96). International Urogynecology Journal and Pelvic Floor Dysfunction 2010;21 Suppl 1:S142-3. [40133]
after_pilot	Cochrane_reviews/after_pilot/CD012079_vaginal_prolapse_repair.pdf	CD012079_vaginal_prolapse_repair	Turgal 2013	published data only	23916584	.	.	.	23916584	.	1	0	yes	no	direct_pubmed_link	Anatomical and functional assessment of anterior colporrhaphy versus polypropylene mesh surgery in cystocele treatment	.	Turgal M, Sivaslioglu A, Yildiz A, Dolen I. Anatomical and functional assessment of anterior colporrhaphy versus polypropylene mesh surgery in cystocele treatment. European Journal of Obstetrics and Gynecology and Reproductive Biology 2013;170(2):555-8. - PubMed
after_pilot	Cochrane_reviews/after_pilot/CD012079_vaginal_prolapse_repair.pdf	CD012079_vaginal_prolapse_repair	Vollebregt 2011	published data only	21864325	.	.	.	21864325	.	1	0	yes	no	direct_pubmed_link	Primary surgical repair of anterior vaginal prolapse: a randomised trial comparing anatomical and functional outcome between anterior colporrhaphy and trocar-guided transobturator anterior mesh;One year results of colporrhaphy anterior versus a trocar guided transobturator synthetic mesh in primary cystocele repair: a randomized controlled trial (Abstract number 51)	title_search_no_match	Vollebregt A, Fischer K, Gietelink D, Vaart CH. Primary surgical repair of anterior vaginal prolapse: a randomised trial comparing anatomical and functional outcome between anterior colporrhaphy and trocar-guided transobturator anterior mesh. British Journal of Obstetrics and Gynaecology 2011;118(12):1518-27. [42606] - PubMed Vollebregt A, Gietelink D, Fischer K, Vaart H. One year results of colporrhaphy anterior versus a trocar guided transobturator synthetic mesh in primary cystocele repair: a randomized controlled trial (Abstract number 51). Neurourology and Urodynamics 2010;29(6):880-2. [4
after_pilot	Cochrane_reviews/after_pilot/CD012079_vaginal_prolapse_repair.pdf	CD012079_vaginal_prolapse_repair	Weber 2001	published data only	11744900	.	.	.	11744900	.	1	0	yes	no	direct_pubmed_link	Anterior colporrhaphy: a randomized trial of three surgical techniques	.	Weber AM, Walters MD, Piedmonte MR, Ballard LA. Anterior colporrhaphy: a randomized trial of three surgical techniques. American Journal of Obstetrics and Gynecology 2001;185(6 Pt 1):1299-306. - PubMed
after_pilot	Cochrane_reviews/after_pilot/CD012079_vaginal_prolapse_repair.pdf	CD012079_vaginal_prolapse_repair	Wei 2019	published data only	31117092	.	.	.	31117092	.	1	0	yes	no	direct_pubmed_link	Evaluation of Clinical Outcome and Risk Factors for Recurrence after Pelvic Reconstruction of Pelvic Organ Prolapse with Implanted Mesh or Biological Grafts: A Single-Blind Randomized Trial	.	Wei A M, Fan Y, Zhang L, Shen Y F, Kou Q, Tan X M. Evaluation of Clinical Outcome and Risk Factors for Recurrence after Pelvic Reconstruction of Pelvic Organ Prolapse with Implanted Mesh or Biological Grafts: A Single-Blind Randomized Trial. Gynecologic and Obstetric Investigation 2019;84(5):503-11. - PubMed
after_pilot	Cochrane_reviews/after_pilot/CD012079_vaginal_prolapse_repair.pdf	CD012079_vaginal_prolapse_repair	Withagen 2011	published and unpublished data	29167974;21797984;21252735	.	.	.	29167974;21797984;21252735	PMC5948295	3	1	yes	yes	direct_pubmed_link	Long-term outcome of vaginal mesh or native tissue in recurrent prolapse: a randomized controlled trial;Sexual function following trocar-guided mesh or vaginal native tissue repair in recurrent prolapse: A randomized controlled trial;Tension free vaginal mesh compared to conventional vaginal prolapse surgery in recurrent prolapse; a randomized controlled trial (Abstract number 090);Trocar-guided mesh compared with conventional vaginal repair in recurrent prolapse: a randomized controlled trial	title_search_no_match	Milani A L, Damoiseaux A, IntHout J, Kluivers K B, Withagen M I J. Long-term outcome of vaginal mesh or native tissue in recurrent prolapse: a randomized controlled trial. International Urogynecology Journal and Pelvic Floor Dysfunction 2018;29(6):847-58. - PMC - PubMed Milani AL, Withagen MI, The HS, Nedelcu-Van der Wijk I, Vierhout ME. Sexual function following trocar-guided mesh or vaginal native tissue repair in recurrent prolapse: A randomized controlled trial. The Journal of Sexual Medicine 2011;8(10):2944-53. [42064] - PubMed Withagen MI, Milani AL, Boon Den J, Vervest HA, Vierhout ME.
after_pilot	Cochrane_reviews/after_pilot/CD012079_vaginal_prolapse_repair.pdf	CD012079_vaginal_prolapse_repair	Yang 2016	published data only	.	.	.	.	.	.	0	0	no	no	.	Prolift mesh versus polypropylene mesh in the whole pelvic floor reconstruction	title_search_no_match	Yang X-H, Zhao Z-Y. Prolift mesh versus polypropylene mesh in the whole pelvic floor reconstruction. Chinese Journal of Tissue Engineering Research 2016;20(34):5122-8.
after_pilot	Cochrane_reviews/after_pilot/CD013729_dash_cvd.pdf	CD013729_dash_cvd	Appel 2003	published data only	12709466;16585662;19349322;15249794;15385946	10.1001/jama.289.16.2083; 10.7326/0003-4819-144-7-200604040-00007; 10.1161/circulationaha.108.809491; 10.1111/j.1524-6175.2004.03147.x; 10.1038/sj.jhh.1001770	.	.	12709466;16585662;19349322;15249794;15385946	PMC2995494;PMC8109651	5	2	yes	yes	direct_pubmed_link	Effects of comprehensive lifestyle modification on blood pressure control: main results of the PREMIER clinical trial;Effects of comprehensive lifestyle modification on diet, weight, physical fitness, and blood pressure control: 18-month results of a randomized trial;Lifestyle interventions reduce coronary heart disease risk: results from the PREMIER Trial;Comprehensive lifestyle modification and blood pressure control: a review of the PREMIER trial;Effect of lifestyle modifications on blood pressure by race, sex, hypertension status, and age	.	Appel LJ, Champagne CM, Harsha DW, Cooper LS, Obarzanek E, Elmer PJ, et al. Effects of comprehensive lifestyle modification on blood pressure control: main results of the PREMIER clinical trial. JAMA 2003;289(16):2083–93. [DOI: 10.1001/jama.289.16.2083] - DOI - PubMed Elmer PJ, Obarzanek E, Vollmer WM, Simons-Morton D, Stevens VJ, Young DR, et al. Effects of comprehensive lifestyle modification on diet, weight, physical fitness, and blood pressure control: 18-month results of a randomized trial. Annals of Internal Medicine 2006;144(7):485-95. [DOI: 10.7326/0003-4819-144-7-200604040-00007] - DO
after_pilot	Cochrane_reviews/after_pilot/CD013729_dash_cvd.pdf	CD013729_dash_cvd	Blumenthal 2014	published data only	20101007;20212264;24084586	10.1001/archinternmed.2009.470; 10.1161/hypertensionaha.109.149153; 10.1093/ajh/hpt183	.	.	20101007;20212264;24084586	PMC3633078;PMC2874827;PMC3978946	3	3	yes	yes	direct_pubmed_link	Effects of the DASH diet alone and in combination with exercise and weight loss on blood pressure and cardiovascular biomarkers in men and women with high blood pressure: the ENCORE study;Effects of the dietary approaches to stop hypertension diet alone and in combination with exercise and caloric restriction on insulin sensitivity and lipids;The long-term effects of lifestyle change on blood pressure: one-year follow-up of the ENCORE study	.	Blumenthal JA, Babyak MA, Hinderliter A, Watkins LL, Craighead L, Lin PH, et al. Effects of the DASH diet alone and in combination with exercise and weight loss on blood pressure and cardiovascular biomarkers in men and women with high blood pressure: the ENCORE study. Archives of Internal Medicine 2010;170(2):126-35. [DOI: 10.1001/archinternmed.2009.470] - DOI - PMC - PubMed Blumenthal JA, Babyak MA, Sherwood A, Craighead L, Lin PH, Johnson J, et al. Effects of the dietary approaches to stop hypertension diet alone and in combination with exercise and caloric restriction on insulin sensitivit
after_pilot	Cochrane_reviews/after_pilot/CD013729_dash_cvd.pdf	CD013729_dash_cvd	Ma 2015	published data only	26653101;26493792;33871602	10.1017/s136898001500350x; 10.1183/13993003.00591-2015; 10.1093/ajcn/nqab063	.	.	26653101;26493792;33871602	PMC10270885;PMC5136475;PMC8578836	3	3	yes	yes	direct_pubmed_link	"Acceptability and feasibility of the 'DASH for Asthma' intervention in a randomized controlled trial pilot study;A45 ASTHMA EPIDEMIOLOGY: Process evaluation of the ""DASH for Asthma"" intervention in a randomized controlled trial pilot study;Pilot randomised trial of a healthy eating behavioural intervention in uncontrolled asthma;Randomized trial of healthy eating pattern in adults with uncontrolled asthma;Improved diet quality is associated with decreased concentrations of inflammatory markers in adults with uncontrolled asthma"	title_search_no_match	"Blonstein AC, Lv N, Camargo CA, Wilson SR, Buist AS, Rosas LG, et al. Acceptability and feasibility of the 'DASH for Asthma' intervention in a randomized controlled trial pilot study. Public Health Nutrition 2016;19(11):2049-59. [DOI: 10.1017/S136898001500350X] - DOI - PMC - PubMed Lv N, Blonstein AC, Camargo CA, Wilson SR, Buist S, Lavori P, et al. A45 ASTHMA EPIDEMIOLOGY: Process evaluation of the ""DASH for Asthma"" intervention in a randomized controlled trial pilot study. American Journal of Respiratory and Critical Care Medicine 2015;191:A1715. Ma J, Strub P, Lv N, Xiao L, Camargo CA Jr, B"
after_pilot	Cochrane_reviews/after_pilot/CD013729_dash_cvd.pdf	CD013729_dash_cvd	Makarewicz‐Wujec 2021	published data only	33341413;31558416	10.1016/j.jcmg.2020.10.019; 10.1093/eurheartj/ehz748.0998; 10.1093/ehjci/ehaa946.0185; 10.1016/j.numecd.2019.07.013	.	.	33341413;31558416	.	2	0	yes	no	direct_pubmed_link	High-risk coronary plaque regression after intensive lifestyle intervention in nonobstructive coronary disease: a randomized study;P2680 Changes in body fat distribution after intensive dietary intervention in patients with stable coronary artery disease;High-risk plaque regression after intensive dietary intervention in patients with non-obstructive coronary artery disease: a randomised computed tomography angiography study (DISCO-CT);DASH diet decreases CXCL4 plasma concentration in patients diagnosed with coronary atherosclerotic lesions	title_search_no_match	Henzel J, Kępka C, Kruk M, Makarewicz-Wujec M, Wardziak Ł, Trochimiuk P, et al. High-risk coronary plaque regression after intensive lifestyle intervention in nonobstructive coronary disease: a randomized study. JACC. Cardiovascular Imaging 2021;14(6):1192-202. [DOI: 10.1016/j.jcmg.2020.10.019] - DOI - PubMed Henzel J, Makarewicz-Wujec M, Wardziak L, Trochimiuk P, Kepka C, Kruk M, et al. P2680 Changes in body fat distribution after intensive dietary intervention in patients with stable coronary artery disease. European Heart Journal 2019;40(Suppl 1):ehz748.0998. [DOI: 10.1093/eurheartj/ehz748.
after_pilot	Cochrane_reviews/after_pilot/CD013729_dash_cvd.pdf	CD013729_dash_cvd	NCT02514889	published data only	31340800	10.1186/s12889-019-7294-z	NCT02514889	NCT02514889	31340800	PMC6651946	1	1	yes	yes	direct_pubmed_link	Comparative effectiveness trial comparing MyPlate to calorie counting for mostly low-income Latino primary care patients of a federally qualified community health center: study design, baseline characteristics;Is MyPlate approach to helping overweight patients lose weight more patient-centered?	.	Gelberg L, Rico MW, Herman DR, Belin TR, Chandler M, Ramirez E, et al. Comparative effectiveness trial comparing MyPlate to calorie counting for mostly low-income Latino primary care patients of a federally qualified community health center: study design, baseline characteristics. BMC Public Health 2019;19(1):990. [DOI: 10.1186/s12889-019-7294-z] - DOI - PMC - PubMed NCT02514889. Is MyPlate approach to helping overweight patients lose weight more patient-centered? clinicaltrials.gov/ct2/show/results/NCT02514889?view=results2 (first posted 20 November 2017).
after_pilot	Cochrane_reviews/after_pilot/CD014606_digital_cf_infections.pdf	CD014606_digital_cf_infections	eICE 2011	published data only	33715993	.	.	.	33715993	PMC8433261	1	1	yes	yes	direct_pubmed_link	Early intervention in pulmonary exacerbation;Health care costs related to home spirometry in the eICE randomized trial;Weekly adherence is high in an ongoing one year cystic fibrosis home monitoring trial in CF, the eICE study;Assessment of the effectiveness of home monitoring trial in CF to identify and treat acute pulmonary exacerbation: the eICE study results;Effect of home spirometry on cost of pulmonary exacerbation management among CF patients	title_search_no_match	Aitken ML, Caldwell E, Wilhelm E, Goss CH. Early intervention in pulmonary exacerbation. Pediatric Pulmonology 2011;46 Suppl 34:332. [ABSTRACT NO: 331] [CFGD: MH37a] Franz N, Rapp H, Hansen RN, Gold LS, Goss CH, Lechtzin N, et al. Health care costs related to home spirometry in the eICE randomized trial. Journal of Cystic Fibrosis 2022;21(1):61-9. [CFGD: MH37m] - PMC - PubMed Goss CH, West N, Allgood S, Wilhelm ED, Khan U, Hamblett N, et al, for the eICE Study Group. Weekly adherence is high in an ongoing one year cystic fibrosis home monitoring trial in CF, the eICE study. American Journal of
after_pilot	Cochrane_reviews/after_pilot/CD014606_digital_cf_infections.pdf	CD014606_digital_cf_infections	Nash 2022	published data only	28114922;35274585	.	.	.	28114922;35274585	PMC5256574;PMC8921750	2	2	yes	yes	direct_pubmed_link	A prospective pilot study of home monitoring in adults with cystic fibrosis (HOME-CF): protocol for a randomised controlled trial;A prospective randomised controlled mixed-methods pilot study of home monitoring in adults with cystic fibrosis (HOME-CF);A prospective randomised controlled mixed-methods pilot study of home monitoring in adults with cystic fibrosis	.	Choyce J, Shaw KL, Sitch AJ, Mistry H, Whitehouse JL, Nash EF. A prospective pilot study of home monitoring in adults with cystic fibrosis (HOME-CF): protocol for a randomised controlled trial. BMC Pulmonary Medicine 2017;17(1):22. [CFGD: MH61a] - PMC - PubMed Nash EF, Choyce J, Carrolan V, Justice E, Shaw KL, Sitch A, et al. A prospective randomised controlled mixed-methods pilot study of home monitoring in adults with cystic fibrosis (HOME-CF). Journal of Cystic Fibrosis 2020;19(Suppl):S67. [CFGD: MH61b] - PMC - PubMed Nash EF, Choyce J, Carrolan V, Justice E, Shaw KL, Sitch A, et al. A pros
after_pilot	Cochrane_reviews/after_pilot/CD014606_digital_cf_infections.pdf	CD014606_digital_cf_infections	Wood 2020	published data only	31678013;31522924;29680812	.	.	.	31678013;31522924;29680812	PMC5914721	3	1	yes	yes	direct_pubmed_link	"Regarding the article entitled ""A smartphone application for reporting symptoms in adults with cystic fibrosis improves the detection of exacerbations: results of a randomised controlled trial"";A smartphone application for reporting symptoms in adults with cystic fibrosis improves the detection of exacerbations: results of a randomised controlled trial;A smartphone application for reporting symptoms in adults with cystic fibrosis improves the detection of respiratory exacerbations;A smartphone application for reporting symptoms in adults with cystic fibrosis: a randomised controlled trial;A smartphone application for reporting symptoms in adults with cystic fibrosis: protocol of a randomised controlled trial"	title_search_no_match	"Hoo ZH, Wildman MJ. Regarding the article entitled ""A smartphone application for reporting symptoms in adults with cystic fibrosis improves the detection of exacerbations: results of a randomised controlled trial"". Journal of Cystic Fibrosis 2020;19(2):e9. [CFGD: MH68f] - PubMed Wood J, Jenkins S, Putrino D, Mulrennan S, Morey S, Cecins N, et al. A smartphone application for reporting symptoms in adults with cystic fibrosis improves the detection of exacerbations: results of a randomised controlled trial. Journal of Cystic Fibrosis 2020;19(2):271-6. [CFGD: MH68e] - PubMed Wood J, Jenkins S, Pu"
after_pilot	Cochrane_reviews/after_pilot/CD014861_home_iv_cancer_therapy.pdf	CD014861_home_iv_cancer_therapy	Borras 2001	published data only	11290635	10.1136/bmj.322.7290.826	.	.	11290635	PMC30558	1	1	yes	yes	direct_pubmed_link	Compliance, satisfaction, and quality of life of patients with colorectal cancer receiving home chemotherapy or outpatient treatment: a randomised controlled trial;Home chemotherapy in oncology: results from a phase III/IV clinical trial	title_search_no_match	Borras JM, Sanchez-Hernandez A, Navarro M, Martinez M, Mendez E, Ponton JL, et al. Compliance, satisfaction, and quality of life of patients with colorectal cancer receiving home chemotherapy or outpatient treatment: a randomised controlled trial. BMJ 2001;322(7290):826-8. [DOI: 10.1136/bmj.322.7290.826] - DOI - PMC - PubMed Navarro M, Sanchez A, Martinez M, Lopez I, Mendez E, Pontons JL, et al. Home chemotherapy in oncology: results from a phase III/IV clinical trial. Revista de Oncologia 1999;1 Suppl 1(Suppl 1):163.
after_pilot	Cochrane_reviews/after_pilot/CD014861_home_iv_cancer_therapy.pdf	CD014861_home_iv_cancer_therapy	Corrie 2013	published data only	23989945;22035502	10.1038/bjc.2013.414; 10.1186/1471-2407-11-467	.	.	23989945;22035502	PMC3776975;PMC3214181	2	2	yes	yes	direct_pubmed_link	Is community treatment best? A randomised trial comparing delivery of cancer treatment in the hospital, home and GP surgery;Protocol for the OUTREACH trial: a randomised trial comparing delivery of cancer systemic therapy in three different settings: patient's home, GP surgery and hospital day unit	.	Corrie PG, Moody AM, Armstrong G, Nolasco S, Lao-Sirieix SH, Bavister L, et al. Is community treatment best? A randomised trial comparing delivery of cancer treatment in the hospital, home and GP surgery. British Journal of Cancer 2013;109(6):1549-55. [DOI: 10.1038/bjc.2013.414] - DOI - PMC - PubMed Corrie PG, Moody M, Wood V, Bavister L, Prevost T, Parker RA, et al. Protocol for the OUTREACH trial: a randomised trial comparing delivery of cancer systemic therapy in three different settings: patient's home, GP surgery and hospital day unit. BMC Cancer 2011;11:467. [DOI: 10.1186/1471-2407-11-46
after_pilot	Cochrane_reviews/after_pilot/CD014861_home_iv_cancer_therapy.pdf	CD014861_home_iv_cancer_therapy	Hall 2008	published data only	.	.	.	.	.	.	0	0	no	no	.	Evaluating patients’ experiences of home and hospital chemotherapy	title_search_no_match	Hall M, Lloyd H. Evaluating patients’ experiences of home and hospital chemotherapy. Cancer Nursing Practice 2008;7(1):35-8.
after_pilot	Cochrane_reviews/after_pilot/CD014861_home_iv_cancer_therapy.pdf	CD014861_home_iv_cancer_therapy	King 2000	published data only	11109181	.	.	.	11109181	.	1	0	yes	no	direct_pubmed_link	Home or hospital? An evaluation of the costs, preferences, and outcomes of domiciliary chemotherapy	.	King MT, Hall J, Caleo S, Gurney HP, Harnett PR. Home or hospital? An evaluation of the costs, preferences, and outcomes of domiciliary chemotherapy. International Journal of Health Services 2000;30(3):557-79. - PubMed
after_pilot	Cochrane_reviews/after_pilot/CD014861_home_iv_cancer_therapy.pdf	CD014861_home_iv_cancer_therapy	Larsen 2018	published data only	29726319	10.1016/s0959-8049(11)71317-x; 10.1016/s0959-8049(11	.	.	29726319	.	1	0	yes	no	direct_pubmed_link	A randomised crossover trial to determine safety, quality of life and economic consequences of home-based chemotherapy;Safety and feasibility of home-based chemotherapy	title_search_no_match	Christiansen B, Rishoj A, Jensen BV, Larsen FO, Nielsen D. A randomised crossover trial to determine safety, quality of life and economic consequences of home-based chemotherapy. European Journal of Cancer 2011;47 Suppl 1:S294. [DOI: 10.1016/S0959-8049(11)71317-X] - DOI Larsen FO, Christiansen AB, Rishoj A, Nelausen KM, Nielsen DL. Safety and feasibility of home-based chemotherapy. Danish Medical Journal 2018;65(5):A5482. - PubMed
after_pilot	Cochrane_reviews/after_pilot/CD014861_home_iv_cancer_therapy.pdf	CD014861_home_iv_cancer_therapy	Remonnay 2002	published data only	14967997;12391944	.	.	.	14967997;12391944	.	2	0	yes	no	direct_pubmed_link	Developing home-care hospitalization: cost evaluation and assessment criteria;Economic evaluation of anti-neoplasic chemotherapy administered at home or in hospitals	.	Remonnay R, Devaux Y, Chauvin F, Dubost E, Carrere MO. Developing home-care hospitalization: cost evaluation and assessment criteria. The case of anticancer chemotherapy [Developper l'hospitalisation a domicile: a quels cout, selon quell cadre d'evaluation? Le cas des chimiotherapies antineoplasiques]. Revue d'Epidemiologie et de Sante Publique 2003;51(6):649-52. - PubMed Remonnay R, Devaux Y, Chauvin F, Dubost E, Carrère MO. Economic evaluation of anti-neoplasic chemotherapy administered at home or in hospitals. International Journal of Technology Assessment in Health Care 2002;18(3):508-19.
after_pilot	Cochrane_reviews/after_pilot/CD014861_home_iv_cancer_therapy.pdf	CD014861_home_iv_cancer_therapy	Rischin 2000	published data only	10979376	.	.	.	10979376	.	1	0	yes	no	direct_pubmed_link	A randomised crossover trial of chemotherapy in the home: patient preferences and cost analysis;A randomised crossover trial of chemotherapy administered in the hospital versus the home	title_search_no_match	Rischin D, White MA, Matthews JP, Toner GC, Watty K, Sulkowski AJ, et al. A randomised crossover trial of chemotherapy in the home: patient preferences and cost analysis. Medical Journal of Australia 2000;173(3):125-7. - PubMed White M, Rischin D, Matthews J, Watty K, Sulkowski A, Toner G, et al. A randomised crossover trial of chemotherapy administered in the hospital versus the home. In: Clinical Oncological Society of Australia (COSA), 26th Annual Scientific Meeting. 1999.
after_pilot	Cochrane_reviews/after_pilot/CD015148_steroid_carpal_tunnel.pdf	CD015148_steroid_carpal_tunnel	Armstrong 2004	published data only	14694502	10.1002/mus.10512	.	.	14694502	.	1	0	yes	no	direct_pubmed_link	Intracarpal steroid injection is safe and effective for short-term management of carpal tunnel syndrome	.	Armstrong T, Devor W, Borschel L, Contreras R. Intracarpal steroid injection is safe and effective for short-term management of carpal tunnel syndrome. Muscle & Nerve 2004;29(1):82-8. [DOI: 10.1002/mus.10512] - DOI - PubMed
after_pilot	Cochrane_reviews/after_pilot/CD015148_steroid_carpal_tunnel.pdf	CD015148_steroid_carpal_tunnel	Atroshi 2013	published data only	24026316;24490276	10.7326/0003-4819-159-5-201309030-00004; 10.1002/art.37735; 10.1016/j.jhsa.2016.07.083	.	EUCTR2008-001871-31-SE	24026316;24490276	.	2	0	yes	no	direct_pubmed_link	Methylprednisolone injections for the carpal tunnel syndrome: a randomized placebo-controlled trial;Randomized placebo-controlled trial of local steroid injection for moderately severe carpal tunnel syndrome;Randomized controlled trial of local steroid injection in carpal tunnel syndrome: 5 years follow-up;Methylprednisolone injections for the carpal tunnel syndrome;Local steroid injection in the treatment of idiopathic carpal tunnel syndrome: a randomized double-blind placebo-controlled trial among patients planned for surgical treatment – steroid injection treatment of CTS.	title_search_no_match	Atroshi I, Flondell M, Hofer M, Ranstam J. Methylprednisolone injections for the carpal tunnel syndrome: a randomized placebo-controlled trial. Annals of Internal Medicine 2013;159(5):309-17. [DOI: 10.7326/0003-4819-159-5-201309030-00004] - DOI - PubMed Atroshi I, Flondell M, Hofer M. Randomized placebo-controlled trial of local steroid injection for moderately severe carpal tunnel syndrome. Arthritis and Rheumatism 2012;64(Suppl 10):S1122. [DOI: 10.1002/art.37735] - DOI Atroshi I, Hofer M, Ranstam J. Randomized controlled trial of local steroid injection in carpal tunnel syndrome: 5 years fol
after_pilot	Cochrane_reviews/after_pilot/CD015148_steroid_carpal_tunnel.pdf	CD015148_steroid_carpal_tunnel	Dammers 1999	published data only	10506042	.	.	.	10506042	PMC28242	1	1	yes	yes	direct_pubmed_link	Injection with methylprednisolone proximal to the carpal tunnel: randomised double blind trial	.	Dammers JW, Veering MM, Vermeulen M. Injection with methylprednisolone proximal to the carpal tunnel: randomised double blind trial. BMJ 1999;319(7214):884-6. - PMC - PubMed
after_pilot	Cochrane_reviews/after_pilot/CD015148_steroid_carpal_tunnel.pdf	CD015148_steroid_carpal_tunnel	Dehghani 2012	published data only	.	.	.	.	.	.	0	0	no	no	.	The effects of topical corticosteroid injection on carpal tunnel syndrome	title_search_no_match	Dehghani M, Sohrabi F, Teimouri M. The effects of topical corticosteroid injection on carpal tunnel syndrome. Journal of Isfahan Medical School 2012;29(168):2521-6.
after_pilot	Cochrane_reviews/after_pilot/CD015148_steroid_carpal_tunnel.pdf	CD015148_steroid_carpal_tunnel	Elbaz 1994	published data only	.	.	.	.	.	.	0	0	no	no	.	Carpal tunnel syndrome: a double blind study on the effect of steroid injection	title_search_no_match	Elbaz A, Gagnon S, Beaumont P, Morcos R, Proulx S, Page JM, et al. Carpal tunnel syndrome: a double blind study on the effect of steroid injection. Journal of Bone and Joint Surgery (British Volume) 1994;76(SuppI):22.
after_pilot	Cochrane_reviews/after_pilot/CD015148_steroid_carpal_tunnel.pdf	CD015148_steroid_carpal_tunnel	Girlanda 1993	published data only	8482993	.	.	.	8482993	.	1	0	yes	no	direct_pubmed_link	Local steroid treatment in idiopathic carpal tunnel syndrome: short and long term efficacy	.	Girlanda P, Dattola R, Venuto C, Mangiapane R, Nicolosi C, Messina C. Local steroid treatment in idiopathic carpal tunnel syndrome: short and long term efficacy. Journal of Neurology 1993;240(3):187-90. - PubMed
after_pilot	Cochrane_reviews/after_pilot/CD015148_steroid_carpal_tunnel.pdf	CD015148_steroid_carpal_tunnel	Karadaş 2011	published data only	21273900	10.1097/phm.0b013e31820639ec	.	.	21273900	.	1	0	yes	no	direct_pubmed_link	The effectiveness of triamcinolone acetonide vs	.	Karadaş O, Tok F, Ulas UH, Otabasi IZ. The effectiveness of triamcinolone acetonide vs. procaine hydrochloride injection in the management of carpal tunnel syndrome. American Journal of Physical Medicine and Rehabilitation 2011;90:287-92. [DOI: 10.1097/PHM.0b013e31820639ec] - DOI - PubMed
after_pilot	Cochrane_reviews/after_pilot/CD015148_steroid_carpal_tunnel.pdf	CD015148_steroid_carpal_tunnel	Karadaş 2012	published data only	22674243	10.2340/16501977-0990	.	.	22674243	.	1	0	yes	no	direct_pubmed_link	Triamcinolone acetonide vs;Triamcinolone acetonide vs procaine hydrochloride injection in the management of carpal tunnel syndrome: randomized placebo-controlled study	title_search_no_match	Karadaş O, Tok F, Akarsu S, Balaban B. Triamcinolone acetonide vs. procaine hydrochloride injection in the management of carpal tunnel syndrome: the first double-blind randomized placebo-controlled study. European Journal of Neurology 2011;18(Suppl 2):317. Karadaş O, Tok F, Akarsu S, Tekin L, Balaban B. Triamcinolone acetonide vs procaine hydrochloride injection in the management of carpal tunnel syndrome: randomized placebo-controlled study. Journal of Rehabilitation Medicine 2012;44(7):601-4. [DOI: 10.2340/16501977-0990] - DOI - PubMed
after_pilot	Cochrane_reviews/after_pilot/CD015148_steroid_carpal_tunnel.pdf	CD015148_steroid_carpal_tunnel	Khosrawi 2016	published data only	26962518	10.4103/2277-9175.175902	.	.	26962518	PMC4770781	1	1	yes	yes	direct_pubmed_link	Effectiveness of splinting and local steroid injection in severe carpal tunnel syndrome;Effectiveness of splinting and splinting plus local steroid injection in severe carpal tunnel syndrome: a randomized control clinical trial	no_pubmed_queryable_identifier	IRCT2015050622130N1. Effectiveness of splinting and local steroid injection in severe carpal tunnel syndrome. trialsearch.who.int/Trial2.aspx?TrialID=IRCT2015050622130N1 (first received 19 July 2015). Khosrawi S, Emadi M, Mahmoodian AE. Effectiveness of splinting and splinting plus local steroid injection in severe carpal tunnel syndrome: a randomized control clinical trial. Advanced Biomedical Research 2016;5:16. [DOI: 10.4103/2277-9175.175902] - DOI - PMC - PubMed
after_pilot	Cochrane_reviews/after_pilot/CD015148_steroid_carpal_tunnel.pdf	CD015148_steroid_carpal_tunnel	O'Gradaigh 2000	published data only	11053073	.	.	.	11053073	PMC1753030	1	1	yes	yes	direct_pubmed_link	Corticosteroid injection for the treatment of carpal tunnel syndrome	.	O'Gradaigh D, Merry P. Corticosteroid injection for the treatment of carpal tunnel syndrome. Annals of the Rheumatic Diseases 2000;59(11):918-9. - PMC - PubMed
after_pilot	Cochrane_reviews/after_pilot/CD015148_steroid_carpal_tunnel.pdf	CD015148_steroid_carpal_tunnel	Peters‐Veluthamaningal 2010	published data only	20670438	10.1186/1471-2296-11-54	.	.	20670438	PMC2921105	1	1	yes	yes	direct_pubmed_link	Randomised controlled trial of local corticosteroid injections for carpal tunnel syndrome in general practice;How effective are injections of corticosteroids for hand and wrist pain? Huisarts en Wetenschap 2010;53(4):218-25.	title_search_no_match	Peters-Veluthamaningal C, Winters JC, Groenier KH, Meyboom-de Jong B. Randomised controlled trial of local corticosteroid injections for carpal tunnel syndrome in general practice. BMC Family Practice 2010;11:54. [DOI: 10.1186/1471-2296-11-54] - DOI - PMC - PubMed Peters-Veluthamaningal C. How effective are injections of corticosteroids for hand and wrist pain? Huisarts en Wetenschap 2010;53(4):218-25.
after_pilot	Cochrane_reviews/after_pilot/CD015148_steroid_carpal_tunnel.pdf	CD015148_steroid_carpal_tunnel	Salman Roghani 2018	published data only	29403268	10.2147/cia.s151290	.	.	29403268	PMC5779277	1	1	yes	yes	direct_pubmed_link	Therapeutic effect of ultrasound-guided local steroid injection with hydro-dissection in carpal tunnel syndrome;Different doses of steroid injection in elderly patients with carpal tunnel syndrome: a triple-blind, randomized, controlled trial;Different dose of steroid injection applying hydrodissection in elderly patients suffering carpal tunnel syndrome	no_pubmed_queryable_identifier;title_search_no_match	IRCT2014020416485N1. Therapeutic effect of ultrasound-guided local steroid injection with hydro-dissection in carpal tunnel syndrome. trialsearch.who.int/Trial2.aspx?TrialID=IRCT2014020416485N1 (first received 4 May 2014). Salman Roghani R, Holisaz MT, Tarkashvand M, Delbari A, Gohari F, Boon AJ, et al. Different doses of steroid injection in elderly patients with carpal tunnel syndrome: a triple-blind, randomized, controlled trial. Clinical Interventions in Aging 2018;13:117-24. [DOI: 10.2147/CIA.S151290] - DOI - PMC - PubMed Salman Roghani R, Lokk J. Different dose of steroid injection apply
after_pilot	Cochrane_reviews/after_pilot/CD015148_steroid_carpal_tunnel.pdf	CD015148_steroid_carpal_tunnel	Ucan 2006	published data only	16871409	.	.	.	16871409	.	1	0	yes	no	direct_pubmed_link	Comparison of splinting, splinting plus local steroid injection and open carpal tunnel release outcomes in idiopathic carpal tunnel syndrome	.	Ucan H, Yagci I, Yilmaz L, Yagmurlu F, Keskin D, Bodur H. Comparison of splinting, splinting plus local steroid injection and open carpal tunnel release outcomes in idiopathic carpal tunnel syndrome. Rheumatology International 2006;27:45-51. - PubMed
after_pilot	Cochrane_reviews/after_pilot/CD015148_steroid_carpal_tunnel.pdf	CD015148_steroid_carpal_tunnel	Wu 1991	published data only	1654183	.	.	.	1654183	.	1	0	yes	no	direct_pubmed_link	Electrodiagnostic evaluation of conservative treatment in carpal tunnel syndrome	.	Wu SF, Chan RC, Hsu TC. Electrodiagnostic evaluation of conservative treatment in carpal tunnel syndrome. Chung-Hua-I-Hsueh-Tsa-Chih-Taipei 1991;48(2):125-30. - PubMed
after_pilot	Cochrane_reviews/after_pilot/CD015332_cbt_schizophrenia.pdf	CD015332_cbt_schizophrenia	Francey 2020 – STAGES	published data only	30024100	10.1093/schizbullopen/sgaa015	.	ACTRN12607000608460	30024100	.	1	0	yes	no	direct_pubmed_link	A randomised placebo controlled trial of intensive psychosocial treatment plus or minus anti-psychotic medication for first episode psychosis with low-risk of self-harm or aggression to evaluate the impact on functioning and symptomatology;Antipsychotic medication in first-episode psychosis: An RCT to assess the risk-benefit ratio;A randomised placebo controlled trial of intensive psychosocial treatment plus or minus anti-psychotic medication for first episode psychosis with low-risk of self-harm or aggression;Should antipsychotic medication always be given for first episode psychosis? Early Intervention in Psychiatry 2012;6(S1):96.;Psychosocial intervention with or without antipsychotic medication for first-episode psychosis: a randomized noninferiority clinical trial	title_search_no_match	ACTRN12607000608460. A randomised placebo controlled trial of intensive psychosocial treatment plus or minus anti-psychotic medication for first episode psychosis with low-risk of self-harm or aggression to evaluate the impact on functioning and symptomatology. The STAGES Study: Staged Treatment and Acceptability Guidelines in Early Psychosis. www.anzctr.org.au/Trial/Registration/TrialReview.aspx?id=82439&isRev... (first received 26 November 2007). Francey S, Nelson B, Jessica G, Lara B, Yuen HP, O’Donoghue B, et al. Antipsychotic medication in first-episode psychosis: An RCT to assess the ris
after_pilot	Cochrane_reviews/after_pilot/CD015332_cbt_schizophrenia.pdf	CD015332_cbt_schizophrenia	Morrison 2014 – ACTION	published data only	24508319;30388270	10.1111/eip.12395; 10.1016/s0140-6736(13)62569-6; 10.1093/schbul/sby153; 10.1186/isrctn29607432; 10.1007/s00406-017-0824-8	.	ISRCTN29607432	24508319;30388270	PMC6293212	2	1	yes	yes	direct_pubmed_link	Management of psychosis without the use of antipsychotic medication;Cognitive therapy: at last an alternative to antipsychotics? Lancet 2014;383(9926):1364-1366.;Suicidal ideation in people with psychosis not taking antipsychotic medication: do negative appraisals and negative metacognitive beliefs mediate the effect of symptoms? Schizophrenia Bulletin 2019;45(1):37-47.;Cognitive behavioural therapy (CBT) for people with psychosis not taking antipsychotic medication: a randomised controlled trial. www.isrctn.com/ISRCTN29607432 2010.;Psychological interventions for promoting recovery	title_search_no_match	Conus P, Francey S, O’Donoghue B, Morrison AP. Management of psychosis without the use of antipsychotic medication. Early Intervention In Psychiatry 2016;10(S1):8. [DOI: 10.1111/eip.12395] - DOI Howes O. Cognitive therapy: at last an alternative to antipsychotics? Lancet 2014;383(9926):1364-1366. [DOI: 10.1016/ S0140-6736(13)62569-6] - PubMed Hutton P, Di Rienzo F, Turkington D, Spencer H, Taylor P. Suicidal ideation in people with psychosis not taking antipsychotic medication: do negative appraisals and negative metacognitive beliefs mediate the effect of symptoms? Schizophrenia Bulletin 2019
after_pilot	Cochrane_reviews/after_pilot/CD015332_cbt_schizophrenia.pdf	CD015332_cbt_schizophrenia	Morrison 2018 – COMPARE	published data only	29605186;29605187	10.1186/isrctn06022197; 10.1016/s2215-0366(18)30123-8; 10.1080/17522439.2017.1316302; 10.1007/s00406-017-0824-8; 10.1016/s2215-0366(18)30096-8; 10.1016/s2215-0366(18	.	ISRCTN06022197	29605186;29605187	PMC6048761	2	1	yes	yes	direct_pubmed_link	A trial of antipsychotic medication in comparison to cognitive behaviour therapy or a combination of both in adults with psychosis. https://www.isrctn.com/ISRCTN06022197 (first received 20 March 2014).;Cognitive behavioural therapy – a valid alternative to antipsychotics for psychosis? The Lancet Psychiatry 2018;5(5):381-383.;A pilot randomised controlled trial comparing antipsychotic medication, to cognitive behavioural therapy to a combination of both in people with psychosis: rationale, study design and baseline data of the COMPARE trial;Psychological interventions for promoting recovery;Antipsychotic drugs versus cognitive behavioural therapy versus a combination of both in people with psychosis: a randomised controlled pilot and feasibility study	title_search_no_match	ISRCTN06022197. A trial of antipsychotic medication in comparison to cognitive behaviour therapy or a combination of both in adults with psychosis. https://www.isrctn.com/ISRCTN06022197 (first received 20 March 2014). [DOI: 10.1186/ISRCTN06022197] - DOI Jauhar S. Cognitive behavioural therapy – a valid alternative to antipsychotics for psychosis? The Lancet Psychiatry 2018;5(5):381-383. [DOI: 10.1016/ S2215-0366(18)30123-8] - PubMed Law H, Carter L, Sellers R, Emsley R, Byrne R, Davies L, et al. A pilot randomised controlled trial comparing antipsychotic medication, to cognitive behavioural th
after_pilot	Cochrane_reviews/after_pilot/CD015332_cbt_schizophrenia.pdf	CD015332_cbt_schizophrenia	Morrison 2020 – MAPS	published data only	32775967;32775968;32649926;36866165	10.1016/j.eclinm.2020.100417; 10.1016/j.eclinm.2020.100421; 10.1186/isrctn80567433; 10.1016/s2215-0366(20)30296-0; 10.1080/17522439.2021.2001561	.	ISRCTN80567433	32775967;32775968;32649926;36866165	PMC7393652;PMC7393656;PMC9970186	4	3	yes	yes	direct_pubmed_link	Understanding young peoples' and family members' views of treatment for first episode psychosis in a randomised controlled trial (MAPS);Clinicians’ views of treatment types for first episode psychosis delivered in a randomised controlled trial (MAPS);Managing adolescent first episode psychosis: a feasibility study. www.isrctn.com/ISRCTN80567433 (first received 27 February 2017).;Psychosocial interventions versus antipsychotics for early-onset psychosis: can we fill the evidence gap? The Lancet Psychiatry 2020;7(9):726-728.;Adapting cognitive behavioural therapy for adolescents with psychosis: insights from the Managing Adolescent first episode in psychosis study (MAPS)	.	Byrne RE, Bird JC, Reeve S, Jones W, Shiers D, Morrison AP, et al. Understanding young peoples' and family members' views of treatment for first episode psychosis in a randomised controlled trial (MAPS). EClinical Medicine 2020;24(100417):1-6. [DOI: 10.1016/j.eclinm.2020.100417] - DOI - PMC - PubMed Byrne RE, Reeve S, Bird JC, Jones W, Shiers D, Morrison AP, et al. Clinicians’ views of treatment types for first episode psychosis delivered in a randomised controlled trial (MAPS). EClinical Medicine 2020;24(100421):1-7. [DOI: 10.1016/j.eclinm.2020.100421] - DOI - PMC - PubMed ISRCTN80567433. Man
first_pass	Cochrane_reviews/first_pass/CD004508_early_feeding_gyn_surgery.pdf	CD004508_early_feeding_gyn_surgery	Amatyakul 2001	unpublished data only	.	.	.	.	.	.	0	0	no	no	.	Length of hospital stay after major gynecologic operation: a comparison between traditional and early oral feeding	title_search_no_match	Amatyakul P, Suprasert P. Length of hospital stay after major gynecologic operation: a comparison between traditional and early oral feeding. Dissertation thesis for the diploma in Obstetrics and Gynecology, The Royal Thai College of Obstetricians and Gynecologists 2001.
first_pass	Cochrane_reviews/first_pass/CD004508_early_feeding_gyn_surgery.pdf	CD004508_early_feeding_gyn_surgery	Balayla 2015	published data only	26637080	.	.	.	26637080	.	1	0	yes	no	direct_pubmed_link	Early versus delayed postoperative feeding after major gynaecological surgery and its effects on clinical outcomes, patient satisfaction, and length of stay: a randomized controlled trial	.	Balayla J, Bujold E, Lapensée L, Mayrand MH, Sansregret A. Early versus delayed postoperative feeding after major gynaecological surgery and its effects on clinical outcomes, patient satisfaction, and length of stay: a randomized controlled trial. Journal of Obstetrics and Gynaecology Canada 2015;37(12):1079-85. - PubMed
first_pass	Cochrane_reviews/first_pass/CD004508_early_feeding_gyn_surgery.pdf	CD004508_early_feeding_gyn_surgery	MacMillan 2000	published data only	11004367	.	.	.	11004367	.	1	0	yes	no	direct_pubmed_link	Early feeding and the incidence of gastrointestinal symptoms after major gynecologic surgery	.	MacMillan SL, Kammerer-Doak D, Rogers RG, Parker KM. Early feeding and the incidence of gastrointestinal symptoms after major gynecologic surgery. Obstetrics and Gynecology 2000;96(4):604-8. - PubMed
first_pass	Cochrane_reviews/first_pass/CD004508_early_feeding_gyn_surgery.pdf	CD004508_early_feeding_gyn_surgery	Minig 2009a	published data only	19330379	.	.	.	19330379	.	1	0	yes	no	direct_pubmed_link	"Early oral versus ""traditional"" postoperative feeding in gynecologic oncology patients undergoing intestinal resection: a randomized controlled trial"	.	"Minig L, Biffi R, Zanagnolo V, Attanasio A, Beltrami C, Bocciolone L, et al. Early oral versus ""traditional"" postoperative feeding in gynecologic oncology patients undergoing intestinal resection: a randomized controlled trial. Annals of Surgical Oncology 2009;16(6):1660-8. - PubMed"
first_pass	Cochrane_reviews/first_pass/CD004508_early_feeding_gyn_surgery.pdf	CD004508_early_feeding_gyn_surgery	Minig 2009b	published data only	19760046	.	.	.	19760046	.	1	0	yes	no	direct_pubmed_link	Reduction of postoperative complication rate with the use of early oral feeding in gynecologic oncologic patients undergoing a major surgery: a randomized controlled trial	.	Minig L, Biffi R, Zanagnolo V, Attanasio A, Beltrami C, Bocciolone L, et al. Reduction of postoperative complication rate with the use of early oral feeding in gynecologic oncologic patients undergoing a major surgery: a randomized controlled trial. Annals of Surgical Oncology 2009;16(11):3101-10. - PubMed
first_pass	Cochrane_reviews/first_pass/CD004508_early_feeding_gyn_surgery.pdf	CD004508_early_feeding_gyn_surgery	Pearl 1998	published data only	9649101	.	.	.	9649101	.	1	0	yes	no	direct_pubmed_link	A randomized controlled trial of early postoperative feeding in gynecologic oncology patients undergoing intra-abdominal surgery	.	Pearl ML, Valea FA, Fischer M, Mahler L, Chalas E. A randomized controlled trial of early postoperative feeding in gynecologic oncology patients undergoing intra-abdominal surgery. Obstetrics and Gynecology 1998;92(1):94-7. - PubMed
first_pass	Cochrane_reviews/first_pass/CD004508_early_feeding_gyn_surgery.pdf	CD004508_early_feeding_gyn_surgery	Steed 2002	published data only	12015496	.	.	.	12015496	.	1	0	yes	no	direct_pubmed_link	"A randomized controlled trial of early versus ""traditional"" postoperative oral intake after major abdominal gynecologic surgery"	.	"Steed HL, Capstick V, Flood C, Schepansky A, Schulz J, Mayes DC. A randomized controlled trial of early versus ""traditional"" postoperative oral intake after major abdominal gynecologic surgery. American Journal of Obstetrics and Gynecology 2002;186(5):861-5. - PubMed"
first_pass	Cochrane_reviews/first_pass/CD007895_decongestants_bp.pdf	CD007895_decongestants_bp	Alger 1993	published data only	8424378	10.1093/ajcn/57.2.120	.	.	8424378	.	1	0	yes	no	direct_pubmed_link	Effect of phenylpropanolamine on energy expenditure and weight loss in overweight women	.	Alger S, Larson K, Boyce VL, Seagle H, Fontvieille AM, Ferraro RT, et al. Effect of phenylpropanolamine on energy expenditure and weight loss in overweight women. American Journal of Clinical Nutrition 1993;57(2):120-6. [DOI: 10.1093/ajcn/57.2.120] - DOI - PubMed
first_pass	Cochrane_reviews/first_pass/CD007895_decongestants_bp.pdf	CD007895_decongestants_bp	Astrup 1992	published data only	1318281	.	.	.	1318281	.	1	0	yes	no	direct_pubmed_link	The effect and safety of an ephedrine/caffeine compound compared to ephedrine, caffeine and placebo in obese subjects on an energy restricted diet	.	Astrup A, Breum L, Toubro S, Hein P, Quaade F. The effect and safety of an ephedrine/caffeine compound compared to ephedrine, caffeine and placebo in obese subjects on an energy restricted diet. A double blind trial. International Journal of Obesity and Related Metabolic Disorders 1992;16(4):269-77. [PMID: ] - PubMed
first_pass	Cochrane_reviews/first_pass/CD007895_decongestants_bp.pdf	CD007895_decongestants_bp	Gelotte 2019	unpublished data only	31274197	10.1002/jcph.1472	.	.	31274197	PMC6851811	1	1	yes	yes	direct_pubmed_link	A multicenter, randomized, placebo-controlled study of pseudoephedrine for the temporary relief of nasal congestion in children with the common cold	.	Gelotte CK, Albrecht HH, Hynson J, Gallagher V. A multicenter, randomized, placebo-controlled study of pseudoephedrine for the temporary relief of nasal congestion in children with the common cold. Journal of Clinical Pharmacology 2019;59(12):1573-83. [DOI: 10.1002/jcph.1472] - DOI - PMC - PubMed
first_pass	Cochrane_reviews/first_pass/CD007895_decongestants_bp.pdf	CD007895_decongestants_bp	Greenway 1989	published data only	2680083	.	.	.	2680083	.	1	0	yes	no	direct_pubmed_link	A double-blind clinical evaluation of the anorectic activity of phenylpropanolamine versus placebo	.	Greenway F. A double-blind clinical evaluation of the anorectic activity of phenylpropanolamine versus placebo. Clinical Therapeutics 1989;11(5):584-9. [PMID: ] - PubMed
first_pass	Cochrane_reviews/first_pass/CD007895_decongestants_bp.pdf	CD007895_decongestants_bp	Lehtonen 1986	published data only	3535621	.	.	.	3535621	.	1	0	yes	no	direct_pubmed_link	The effect of phenylpropanolamine on female stress urinary incontinence	.	Lehtonen T, Rannikko S, Lindell O, Talja M, Wuokko E, Lindskog M. The effect of phenylpropanolamine on female stress urinary incontinence. Annales Chirurgiae et Gynaecologiae 1986;75(4):236-41. [PMID: ] - PubMed
first_pass	Cochrane_reviews/first_pass/CD010441_hyaluronidase_perineal.pdf	CD010441_hyaluronidase_perineal	Chatfield 1966	published data only	5912630	.	.	.	5912630	.	1	0	yes	no	direct_pubmed_link	The effect of hyaluronidase on the perineum	.	Chatfield WR, Moir DD. The effect of hyaluronidase on the perineum. A controlled trial of 200 primigravid patients in labour. Journal of Obstetrics and Gynaecology of the British Commonwealth 1966;73:670-1. - PubMed
first_pass	Cochrane_reviews/first_pass/CD010441_hyaluronidase_perineal.pdf	CD010441_hyaluronidase_perineal	Colacioppo 2011	published data only	23181640	.	.	.	23181640	.	1	0	yes	no	direct_pubmed_link	Use of hyaluronidase to prevent perineal trauma during spontaneous births: a randomized, placebo-controlled, double-blind, clinical trial	.	Colacioppo PM, Gonzalez Riesco ML, Koiffman MD. Use of hyaluronidase to prevent perineal trauma during spontaneous births: a randomized, placebo-controlled, double-blind, clinical trial. Journal of Midwifery & Women's Health 2011;56(5):436-45. - PubMed
first_pass	Cochrane_reviews/first_pass/CD010441_hyaluronidase_perineal.pdf	CD010441_hyaluronidase_perineal	Kwon 2020	published data only	31887803	.	.	.	31887803	PMC6938784	1	1	yes	yes	direct_pubmed_link	Randomized, double-blind, placebo-controlled trial on the efficacy of hyaluronidase in preventing perineal trauma in nulliparous women	.	Kwon H, Park HS, Shim JY, Lee KW, Choi SJ, Choi GY. Randomized, double-blind, placebo-controlled trial on the efficacy of hyaluronidase in preventing perineal trauma in nulliparous women. Yonsei Medical Journal 2020;61(1):79-84. - PMC - PubMed
first_pass	Cochrane_reviews/first_pass/CD010441_hyaluronidase_perineal.pdf	CD010441_hyaluronidase_perineal	O'Leary 1965	published data only	.	.	.	.	.	.	0	0	no	no	.	Hyaluronidase as an adjuvant to episiotomy	title_search_no_match	O'Leary JA, Erez S. Hyaluronidase as an adjuvant to episiotomy. Obstetrics & Gynecology 1965;26(1):66-9.
first_pass	Cochrane_reviews/first_pass/CD010441_hyaluronidase_perineal.pdf	CD010441_hyaluronidase_perineal	Scarabotto 2008	published data only	18586189	.	.	.	18586189	.	1	0	yes	no	direct_pubmed_link	Use of hyaluronidase to prevent perineal trauma during spontaneous delivery: a pilot study	.	Scarabotto LB, Riesco ML. Use of hyaluronidase to prevent perineal trauma during spontaneous delivery: a pilot study. Journal of Midwifery & Women's Health 2008;53(4):353-61. - PubMed
first_pass	Cochrane_reviews/first_pass/CD012178_lutein_preterm.pdf	CD012178_lutein_preterm	Costa 2013	published data only	23480554	10.3109/14767058.2013.783801	.	.	23480554	.	1	0	yes	no	direct_pubmed_link	Effects of lutein supplementation on biological antioxidant status in preterm infants: a randomized clinical trial	.	Costa S, Giannantonio C, Romagnoli C, Vento G, Gervasoni J, Persichilli S, et al. Effects of lutein supplementation on biological antioxidant status in preterm infants: a randomized clinical trial. Journal of Maternal-Fetal & Neonatal Medicine 2013;26(13):1311-5. [DOI: 10.3109/14767058.2013.783801] [PMID: ] - DOI - PubMed
first_pass	Cochrane_reviews/first_pass/CD012178_lutein_preterm.pdf	CD012178_lutein_preterm	Dani 2012	published data only	22003960	10.3109/14767058.2011	.	.	22003960	.	1	0	yes	no	direct_pubmed_link	Lutein and zeaxanthin supplementation in preterm infants to prevent retinopathy of prematurity: a randomized controlled study	.	Dani C, Lori I, Favelli F, Frosini S, Messner H, Wanker P, et al. Lutein and zeaxanthin supplementation in preterm infants to prevent retinopathy of prematurity: a randomized controlled study. Journal of Maternal-Fetal and Neonatal Medicine 2012;25(5):523-7. [DOI: 10.3109/14767058.2011] [PMID: ] - DOI - PubMed
first_pass	Cochrane_reviews/first_pass/CD012178_lutein_preterm.pdf	CD012178_lutein_preterm	Manzoni 2013	published data only	22773282	10.1055/s-0032-1321494	.	.	22773282	.	1	0	yes	no	direct_pubmed_link	Lutein and zeaxanthin supplementation in preterm very low-birth-weight neonates in neonatal intensive care units: a multicenter randomized controlled trial	.	Manzoni P, Guardione R, Bonetti P, Priolo C, Maestri A, Mansoldo C, et al. Lutein and zeaxanthin supplementation in preterm very low-birth-weight neonates in neonatal intensive care units: a multicenter randomized controlled trial. American Journal of Perinatology 2013;30(1):25-32. [DOI: 10.1055/s-0032-1321494] [PMID: ] - DOI - PubMed
first_pass	Cochrane_reviews/first_pass/CD012178_lutein_preterm.pdf	CD012178_lutein_preterm	Romagnoli 2011	published data only	21942614	10.3109/14767058.2011.607618	.	.	21942614	.	1	0	yes	no	direct_pubmed_link	A prospective, randomized, double blind study comparing lutein to placebo for reducing occurrence and severity of retinopathy of prematurity	.	Romagnoli C, Giannantonio C, Cota F, Papacci, P, Vento G, Valente EP, et al. A prospective, randomized, double blind study comparing lutein to placebo for reducing occurrence and severity of retinopathy of prematurity. Journal of Maternal-Fetal & Neonatal Medicine 2011;24(Suppl 1):147-50. [DOI: 10.3109/14767058.2011.607618] [PMID: ] - DOI - PubMed
first_pass	Cochrane_reviews/first_pass/CD012178_lutein_preterm.pdf	CD012178_lutein_preterm	Rubin 2012	published data only	21760585	10.1038/jp.2011.87	.	.	21760585	.	1	0	yes	no	direct_pubmed_link	Effect of carotenoid supplementation on plasma carotenoids, inflammation and visual development in preterm infants	.	Rubin LP, Chan GM, Barrett-Reis BM, Fulton AB, Hansen RM, Ashmeade TL, et al. Effect of carotenoid supplementation on plasma carotenoids, inflammation and visual development in preterm infants. Journal of Perinatology 2012;32(6):418-24. [DOI: 10.1038/jp.2011.87] [PMID: ] - DOI - PubMed
first_pass	Cochrane_reviews/first_pass/CD012214_metformin_hyperplasia.pdf	CD012214_metformin_hyperplasia	Ravi 2021	published data only	33773565	10.31557/apjcp.2021.22.3.983	.	.	33773565	PMC8286694	1	1	yes	yes	direct_pubmed_link	A randomized clinical trial of levonorgestrel intrauterine system with or without metformin for treatment of endometrial hyperplasia without atypia in indian women	.	Ravi RD, Kalra J, Srinivasan R, Bagga R, Jain V, Suri V, et al. A randomized clinical trial of levonorgestrel intrauterine system with or without metformin for treatment of endometrial hyperplasia without atypia in indian women. Asian Pacific Journal of Cancer Prevention : APJCP 2021;22(3):983-9. [DOI: 10.31557/APJCP.2021.22.3.983] - DOI - PMC - PubMed
first_pass	Cochrane_reviews/first_pass/CD012214_metformin_hyperplasia.pdf	CD012214_metformin_hyperplasia	Sayyah Melli 2018	published data only	.	10.1002/ijgo.12583; 10.15296/ijwhr.2018.35	.	.	.	.	0	0	no	no	.	Comparison of metformin + megestrol acetate and megestrol alone on endometrial abnormal histology;The comparative effect of combination of metformin and megestrol acetate with megestrol acetate alone on endometrial growth disorders	title_search_no_match	Sayyah-Melli M, Mostafa-Gharabaghi P, Rahmani V. Comparison of metformin + megestrol acetate and megestrol alone on endometrial abnormal histology. International Journal of Obstetrics and Gynecology 2018;143(Supplement 3):739. [DOI: 10.1002/ijgo.12583] - DOI Sayyah-Melli M, Pourazad S, Gharebaghi PM, Ouladsahebmadarek E, Jafari-Shobeiri M, Rahmani V. The comparative effect of combination of metformin and megestrol acetate with megestrol acetate alone on endometrial growth disorders. International Journal of Women's Health and Reproduction Sciences 2018;6(2):211-5. [DOI: 10.15296/ijwhr.2018.35]
first_pass	Cochrane_reviews/first_pass/CD012214_metformin_hyperplasia.pdf	CD012214_metformin_hyperplasia	Shan 2014	published data only	25045434	10.1097/01.igc.0000457075.08973.89; 10.3802/jgo.2014.25.3.214	.	.	25045434	PMC4102740	1	1	yes	yes	direct_pubmed_link	Conservative therapy using metformin plus megestrol acetate for endometrial atypical hyperplasia: preliminary results of a pilot study;Conservative therapy with metformin plus megestrol acetate for endometrial atypical hyperplasia	title_search_no_match	Shan W, Wang C, Zhang Z, Gu C, Ning C, Luo X, et al. Conservative therapy using metformin plus megestrol acetate for endometrial atypical hyperplasia: preliminary results of a pilot study. International Journal of Gynecological Cancer 2014;24(9 Suppl 4):1306-7. [DOI: 10.1097/01.IGC.0000457075.08973.89] - DOI Shan W, Wang C, Zhang Z, Gu C, Ning C, Luo X, et al. Conservative therapy with metformin plus megestrol acetate for endometrial atypical hyperplasia. Journal of Gynecologic Oncology 2014;25(3):214-20. [DOI: 10.3802/jgo.2014.25.3.214] - DOI - PMC - PubMed
first_pass	Cochrane_reviews/first_pass/CD012214_metformin_hyperplasia.pdf	CD012214_metformin_hyperplasia	Sharifzadeh 2016	published data only	27690687	10.1080/09513590.2016.1223285	.	.	27690687	.	1	0	yes	no	direct_pubmed_link	A comparison between the effects of metformin and megestrol on simple endometrial hyperplasia	.	Sharifzadeh F, Aminimoghaddam S, Kashanian M, Fazaeli M, Sheikhansari N. A comparison between the effects of metformin and megestrol on simple endometrial hyperplasia. Gynecological Endocrinology 2016;33(2):1-4. - PubMed Sharifzadeh F, Aminimoghaddam S, Kashanian M, Fazaeli M, Sheikhansari N. A comparison between the effects of metformin and megestrol on simple endometrial hyperplasia. Gynecological Endocrinology 2017;33(2):152-5. [DOI: 10.1080/09513590.2016.1223285] - DOI - PubMed
first_pass	Cochrane_reviews/first_pass/CD012214_metformin_hyperplasia.pdf	CD012214_metformin_hyperplasia	Tabrizi 2014	published data only	25556427	.	.	.	25556427	.	1	0	yes	no	direct_pubmed_link	Antiproliferative effect of metformin on the endometrium − a clinical trial	.	Tabrizi AD, Melli MS, Foroughi M, Ghojazadeh M, Bidadi S. Antiproliferative effect of metformin on the endometrium − a clinical trial. Asian Pacific Journal of Cancer Prevention 2014;15(23):10067-70. - PubMed
first_pass	Cochrane_reviews/first_pass/CD012214_metformin_hyperplasia.pdf	CD012214_metformin_hyperplasia	Tehranian 2021	published data only	32652300	10.1016/j.jogoh.2020.101863	.	.	32652300	.	1	0	yes	no	direct_pubmed_link	The impact of adjunctive metformin to progesterone for the treatment of non-atypical endometrial hyperplasia in a randomized fashion, a placebo-controlled, double blind clinical trial	.	Tehranian A, Ghahghaei-Nezamabadi A, Arab M, Khalagi K, Aghajani R, Sadeghi S. The impact of adjunctive metformin to progesterone for the treatment of non-atypical endometrial hyperplasia in a randomized fashion, a placebo-controlled, double blind clinical trial. Journal of Gynecology Obstetrics and Human Reproduction 2021;50(6):101863. [DOI: 10.1016/j.jogoh.2020.101863] - DOI - PubMed
first_pass	Cochrane_reviews/first_pass/CD012214_metformin_hyperplasia.pdf	CD012214_metformin_hyperplasia	Yang 2020	published data only	31961463	10.1136/ijgc-2019-igcs.7; 10.1111/1471-0528.16108	.	.	31961463	.	1	0	yes	no	direct_pubmed_link	Effect of megestrol acetate plus metformin as fertility-sparing treatment for patients with atypical endometrial hyperplasia and well-differentiated endometrial cancer;Metformin plus megestrol acetate compared with megestrol acetate alone as fertility-sparing treatment in patients with atypical endometrial hyperplasia and well-differentiated endometrial cancer: a randomised controlled trial	title_search_no_match	Yang B, Yierfulati G, Guan J, Chen X. Effect of megestrol acetate plus metformin as fertility-sparing treatment for patients with atypical endometrial hyperplasia and well-differentiated endometrial cancer. A randomized controlled trial. International Journal of Gynecological Cancer 2019;29(Suppl 3):A4-5. [DOI: 10.1136/ijgc-2019-IGCS.7] - DOI Yang BY, Gulinazi Y, Du Y, Ning CC, Cheng YL, Shan WW, et al. Metformin plus megestrol acetate compared with megestrol acetate alone as fertility-sparing treatment in patients with atypical endometrial hyperplasia and well-differentiated endometrial cance
first_pass	Cochrane_reviews/first_pass/CD014762_nsaids_uti.pdf	CD014762_nsaids_uti	Bleidorn 2010	published data only	20504298;21457558	.	.	.	20504298;21457558	PMC2890534;PMC3080301	2	2	yes	yes	direct_pubmed_link	Symptomatic treatment (ibuprofen) or antibiotics (ciprofloxacin) for uncomplicated urinary tract infection?--results of a randomized controlled pilot trial;Practices, patients and (im)perfect data--feasibility of a randomised controlled clinical drug trial in German general practices	.	00470468 Bleidorn J, Gagyor I, Kochen MM, Wegscheider K, Hummers-Pradier E. Symptomatic treatment (ibuprofen) or antibiotics (ciprofloxacin) for uncomplicated urinary tract infection?--results of a randomized controlled pilot trial. BMC Medicine 2010;8:30. [MEDLINE: ] - PMC - PubMed Gagyor I, Bleidorn J, Wegscheider K, Hummers-Pradier E, Kochen MM. Practices, patients and (im)perfect data--feasibility of a randomised controlled clinical drug trial in German general practices. Trials [Electronic Resource] 2011;12:91. [MEDLINE: ] - PMC - PubMed
first_pass	Cochrane_reviews/first_pass/CD014762_nsaids_uti.pdf	CD014762_nsaids_uti	Gagyor 2012	published data only	26909012;26698878;22742538	.	.	.	26909012;26698878;22742538	PMC4749724;PMC4688879;PMC3412701	3	3	yes	yes	direct_pubmed_link	Recurrent urinary tract infections and complications after symptomatic versus antibiotic treatment: follow-up of a randomised controlled trial;Ibuprofen versus fosfomycin for uncomplicated urinary tract infection in women: randomised controlled trial;Immediate versus conditional treatment of uncomplicated urinary tract infection - a randomized-controlled comparative effectiveness study in general practices;Ibuprofen first and antibiotics if needed for women with uncomplicated UTI? A randomized, controlled comparative effectiveness study in German family practices [abstract]	title_search_no_match	Bleidorn J, Hummers-Pradier E, Schmiemann G, Wiese B, Gagyor I. Recurrent urinary tract infections and complications after symptomatic versus antibiotic treatment: follow-up of a randomised controlled trial. German Medical Science 2016;14:Doc01. [MEDLINE: ] - PMC - PubMed Gagyor I, Bleidorn J, Kochen MM, Schmiemann G, Wegscheider K, Hummers-Pradier E. Ibuprofen versus fosfomycin for uncomplicated urinary tract infection in women: randomised controlled trial. BMJ 2015;351:h6544. [MEDLINE: ] - PMC - PubMed Gagyor I, Hummers-Pradier E, Kochen MM, Schmiemann G, Wegscheider K, Bleidorn J. Immediate
first_pass	Cochrane_reviews/first_pass/CD014762_nsaids_uti.pdf	CD014762_nsaids_uti	Ko 2018	published data only	30221336	.	.	.	30221336	.	1	0	yes	no	direct_pubmed_link	Is a combination of antibiotics and non-steroidal anti-inflammatory drugs more beneficial than antibiotic monotherapy for the treatment of female acute uncomplicated cystitis? A randomized controlled pilot study	.	KCT0001876 Ko K, Lee WK, Oh CY, Lee SH, Cho ST, Bang WJ, et al. Is a combination of antibiotics and non-steroidal anti-inflammatory drugs more beneficial than antibiotic monotherapy for the treatment of female acute uncomplicated cystitis? A randomized controlled pilot study. Urology Journal 2018;15(6):365-9. [MEDLINE: ] - PubMed
first_pass	Cochrane_reviews/first_pass/CD014762_nsaids_uti.pdf	CD014762_nsaids_uti	Kronenberg 2017	published data only	29113968	10.1136/bmj.j5268	.	.	29113968	PMC5672899	1	1	yes	yes	direct_pubmed_link	Symptomatic treatment of uncomplicated lower urinary tract infections in the ambulatory setting: randomised, double blind trial [Erratum in: BMJ	.	Kronenberg A, Butikofer L, Odutayo A, Muhlemann K, da Costa BR, Battaglia M, et al. Symptomatic treatment of uncomplicated lower urinary tract infections in the ambulatory setting: randomised, double blind trial [Erratum in: BMJ. 2017 Nov 13;359:j5268. doi: 10.1136/bmj.j5268]. BMJ 2017;359:j4784. [MEDLINE: ] - PMC - PubMed
first_pass	Cochrane_reviews/first_pass/CD014762_nsaids_uti.pdf	CD014762_nsaids_uti	Moore 2019	published data only	30685500;28886751	.	.	.	30685500;28886751	PMC5591533	2	1	yes	yes	direct_pubmed_link	Uva-ursi extract and ibuprofen as alternative treatments for uncomplicated urinary tract infection in women (ATAFUTI): a factorial randomized trial;Uva-ursi extract and ibuprofen as alternative treatments of adult female urinary tract infection (ATAFUTI): study protocol for a randomised controlled trial	.	43397016 Moore M, Trill J, Simpson C, Webley F, Radford M, Stanton L, et al. Uva-ursi extract and ibuprofen as alternative treatments for uncomplicated urinary tract infection in women (ATAFUTI): a factorial randomized trial. Clinical Microbiology & Infection 2019;25(8):973-80. [MEDLINE: ] - PubMed Trill J, Simpson C, Webley F, Radford M, Stanton L, Maishman T, et al. Uva-ursi extract and ibuprofen as alternative treatments of adult female urinary tract infection (ATAFUTI): study protocol for a randomised controlled trial. Trials [Electronic Resource] 2017;18(1):421. [MEDLINE: ] - PMC - PubMed
first_pass	Cochrane_reviews/first_pass/CD014762_nsaids_uti.pdf	CD014762_nsaids_uti	Vik 2018	published data only	29763434;25516016;32868350	.	.	.	29763434;25516016;32868350	PMC5953442;PMC4273435;PMC7462246	3	3	yes	yes	direct_pubmed_link	Ibuprofen versus pivmecillinam for uncomplicated urinary tract infection in women-A double-blind, randomized non-inferiority trial;Ibuprofen versus mecillinam for uncomplicated cystitis--a randomized controlled trial study protocol;Predicting the use of antibiotics after initial symptomatic treatment of an uncomplicated urinary tract infection: analyses performed after a randomised controlled trial	.	2012‐002776‐14 Vik I, Bollestad M, Grude N, Baerheim A, Damsgaard E, Neumark T, et al. Ibuprofen versus pivmecillinam for uncomplicated urinary tract infection in women-A double-blind, randomized non-inferiority trial. PLoS Medicine / Public Library of Science 2018;15(5):e1002569. [MEDLINE: ] - PMC - PubMed Vik I, Bollestad M, Grude N, Baerheim A, Molstad S, Bjerrum L, et al. Ibuprofen versus mecillinam for uncomplicated cystitis--a randomized controlled trial study protocol. BMC Infectious Diseases 2014;14:693. [MEDLINE: ] - PMC - PubMed Vik I, Mdala I, Bollestad M, Cordoba GC, Bjerrum L, Neu
first_pass	Cochrane_reviews/first_pass/CD014811_loop_diuretics_hf.pdf	CD014811_loop_diuretics_hf	Allen 2010	published data only	20538132	10.1016/j.amjcard.2010.01.355	.	.	20538132	PMC3900281	1	1	yes	yes	direct_pubmed_link	Continuous versus bolus dosing of furosemide for patients hospitalized for heart failure	.	Allen LA, Turer AT, Dewald T, Stough WG, Cotter G, O'Connor CM. Continuous versus bolus dosing of furosemide for patients hospitalized for heart failure. American Journal of Cardiology 2010;105(12):1794-7. [DOI: 10.1016/j.amjcard.2010.01.355] - DOI - PMC - PubMed
first_pass	Cochrane_reviews/first_pass/CD014811_loop_diuretics_hf.pdf	CD014811_loop_diuretics_hf	Felker 2011	published data only	21366472	10.1056/nejmoa1005419	NCT00577135	NCT00577135	21366472	PMC3412356	1	1	yes	yes	direct_pubmed_link	Diuretic strategies in patients with acute decompensated heart failure;Determining optimal dose and duration of diuretic treatment in people with acute heart failure (the DOSE-AHF study).	.	Felker GM, Lee KL, Bull DA, Redfield MM, Stevenson LW, Goldsmith SR, et al. Diuretic strategies in patients with acute decompensated heart failure. New England Journal of Medicine 2011;364(9):797-805. [DOI: 10.1056/NEJMoa1005419] - DOI - PMC - PubMed NCT00577135. Determining optimal dose and duration of diuretic treatment in people with acute heart failure (the DOSE-AHF study). clinicaltrials.gov/show/NCT00577135 (first received 18 December 2007).
first_pass	Cochrane_reviews/first_pass/CD014811_loop_diuretics_hf.pdf	CD014811_loop_diuretics_hf	Llorens 2014	published data only	23793945	10.1136/emermed-2013-202526	.	EUCTR2008-004488-20-ES	23793945	.	1	0	yes	no	direct_pubmed_link	Multicentric, controlled, randomized phase IV clinical trial to evaluate clinical efficacy and safety of three different dosing schedules of furosemide in patients with moderate to severe descompensation of congestive heart failure [Ensayo clínico en fase IV, multicéntrico, controlado, aleatorizado, para evaluar la eficacia y seguridad de 3 pautas de administración de furosemida en pacientes con descompensación aguda moderada-severa de insuficiencia cardiaca crónica];Clinical effects and safety of different strategies for administering intravenous diuretics in acutely decompensated heart failure: a randomised clinical trial	.	EUCTR2008‐004488‐20‐ES EUCTR2008-004488-20-ES. Multicentric, controlled, randomized phase IV clinical trial to evaluate clinical efficacy and safety of three different dosing schedules of furosemide in patients with moderate to severe descompensation of congestive heart failure [Ensayo clínico en fase IV, multicéntrico, controlado, aleatorizado, para evaluar la eficacia y seguridad de 3 pautas de administración de furosemida en pacientes con descompensación aguda moderada-severa de insuficiencia cardiaca crónica]. trialsearch.who.int/Trial2.aspx?TrialID=EUCTR2008-004488-20-ES (first received 1
first_pass	Cochrane_reviews/first_pass/CD014811_loop_diuretics_hf.pdf	CD014811_loop_diuretics_hf	Sager 2020	published and unpublished data	32670365	10.11909/j.issn.1671-5411.2020.06.009	.	.	32670365	PMC7338932	1	1	yes	yes	direct_pubmed_link	Increased mortality in elderly heart failure patients receiving infusion of furosemide compared to elderly heart failure patients receiving bolus injection	.	Sager R, Lindstedt I, Edvinsson L, Edvinsson ML. Increased mortality in elderly heart failure patients receiving infusion of furosemide compared to elderly heart failure patients receiving bolus injection. Journal of Geriatric Cardiology 2020;17(6):359-64. [DOI: 10.11909/j.issn.1671-5411.2020.06.009] - DOI - PMC - PubMed
first_pass	Cochrane_reviews/first_pass/CD014811_loop_diuretics_hf.pdf	CD014811_loop_diuretics_hf	Shah 2014	published data only	24973836	10.1016/j.ihj.2014.03.006	.	.	24973836	PMC4121756	1	1	yes	yes	direct_pubmed_link	A prospective, randomized study to evaluate the efficacy of various diuretic strategies in acute decompensated heart failure	.	Shah RA, Subban V, Lakshmanan A, Narayanan S, Udhayakumaran K, Pakshirajan B, et al. A prospective, randomized study to evaluate the efficacy of various diuretic strategies in acute decompensated heart failure. Indian Heart Journal 2014;66(3):309-16. [DOI: 10.1016/j.ihj.2014.03.006] - DOI - PMC - PubMed
first_pass	Cochrane_reviews/first_pass/CD014811_loop_diuretics_hf.pdf	CD014811_loop_diuretics_hf	Yayla 2015	published data only	26135463	10.1007/s00059-015-4327-y; 10.1093/eurheartj/ehx502.p1471	.	.	26135463	.	1	0	yes	no	direct_pubmed_link	Comparison of three diuretic treatment strategies for patients with acute decompensated heart failure;Comparison of three different diuretic treatment strategies in acute decompensated heart failure patients	.	Yayla C, Akyel A, Canpolat U, Gayretli YK, Eyiol A, Akboga MK, et al. Comparison of three diuretic treatment strategies for patients with acute decompensated heart failure. Herz 2015;40(8):1115-20. [DOI: 10.1007/s00059-015-4327-y] - DOI - PubMed Yayla C, Akyel A, Canpolat U, Gayretli Yayla K, Eyiol A, Akboga M, et al. Comparison of three different diuretic treatment strategies in acute decompensated heart failure patients. European Heart Journal 2017;38:300. [DOI: 10.1093/eurheartj/ehx502.P1471] - DOI - PubMed
first_pass	Cochrane_reviews/first_pass/CD014811_loop_diuretics_hf.pdf	CD014811_loop_diuretics_hf	Zheng 2021	published data only	33689236	10.1002/ehf2.13286	.	.	33689236	PMC8120396	1	1	yes	yes	direct_pubmed_link	Continuous versus intermittent use of furosemide in patients with heart failure and moderate chronic renal dysfunction	.	Zheng Z, Jiang X, Chen J, He D, Xie X, Lu Y. Continuous versus intermittent use of furosemide in patients with heart failure and moderate chronic renal dysfunction. ESC Heart Failure 2021;8(3):2070-8. [DOI: 10.1002/ehf2.13286] - DOI - PMC - PubMed
first_pass	Cochrane_reviews/first_pass/CD014960_antibiotics_leptospirosis.pdf	CD014960_antibiotics_leptospirosis	Costa 2003	published data only	12870063	.	.	.	12870063	.	1	0	yes	no	direct_pubmed_link	Penicillin at the late stage of leptospirosis: a randomized controlled trial	.	Costa E, Lopes AA, Sacramento E, Costa YA, Matos ED, Baretto M, et al. Penicillin at the late stage of leptospirosis: a randomized controlled trial. Revista do Instituto de Medicina Tropical de Sao Paulo 2003;45(3):141-5. - PubMed
first_pass	Cochrane_reviews/first_pass/CD014960_antibiotics_leptospirosis.pdf	CD014960_antibiotics_leptospirosis	Daher 2000	published data only	11136519	.	.	.	11136519	.	1	0	yes	no	direct_pubmed_link	Evaluation of penicillin therapy in patients with leptospirosis and acute renal failure	.	Daher ED, Nogueira CB. Evaluation of penicillin therapy in patients with leptospirosis and acute renal failure. Revista do Instituto de Medicina Tropical de São Paulo 2000;42(6):327-32. - PubMed
first_pass	Cochrane_reviews/first_pass/CD014960_antibiotics_leptospirosis.pdf	CD014960_antibiotics_leptospirosis	Edwards 1988	published data only	3189700	.	.	.	3189700	.	1	0	yes	no	direct_pubmed_link	Penicillin therapy in icteric leptospirosis	.	Edwards CN, Nicholson GD, Hassell TA, Everard CO, Callender J. Penicillin therapy in icteric leptospirosis. American Journal of Tropical Medicine and Hygiene 1988;39(4):388-90. - PubMed
first_pass	Cochrane_reviews/first_pass/CD014960_antibiotics_leptospirosis.pdf	CD014960_antibiotics_leptospirosis	Fairburn 1956	published data only	13279151	.	.	.	13279151	.	1	0	yes	no	direct_pubmed_link	Chloramphenicol and penicillin in the treatment of leptospirosis among British troops in Malaya	.	Fairburn AC, Semple SJ. Chloramphenicol and penicillin in the treatment of leptospirosis among British troops in Malaya. Lancet 1956;270(6906):13-6. - PubMed
first_pass	Cochrane_reviews/first_pass/CD014960_antibiotics_leptospirosis.pdf	CD014960_antibiotics_leptospirosis	McClain 1984	published data only	6712032	.	.	.	6712032	.	1	0	yes	no	direct_pubmed_link	Doxcycyline therapy for leptospirosis	.	McClain BL, Ballou WR, Harrison SM, Steinweg DL. Doxcycyline therapy for leptospirosis. Annals of Internal Medicine 1984;100:696-8. - PubMed
first_pass	Cochrane_reviews/first_pass/CD014960_antibiotics_leptospirosis.pdf	CD014960_antibiotics_leptospirosis	Panaphut 2003	published data only	12802748	.	.	.	12802748	.	1	0	yes	no	direct_pubmed_link	Ceftriaxone compared with sodium penicillin for treatment of severe leptospirosis	.	Panaphut T, Domrongkitchaiporn S, Vibhagool A, Thinkamrop B, Susaengrat W. Ceftriaxone compared with sodium penicillin for treatment of severe leptospirosis. Clinical Infectious Diseases 2003;36:1507-13. - PubMed
first_pass	Cochrane_reviews/first_pass/CD014960_antibiotics_leptospirosis.pdf	CD014960_antibiotics_leptospirosis	Phimda 2007	published data only	17638700	.	.	.	17638700	PMC2043199	1	1	yes	yes	direct_pubmed_link	Doxycycline versus azithromycin for treatment of leptospirosis and scrub typhus	.	Phimda K, Hoontrakul S, Suttinont C, Chareonwat S, Losuwanaluk K, Chueasuwanchai S, et al. Doxycycline versus azithromycin for treatment of leptospirosis and scrub typhus. Antimicrobial Agents and Chemotherapy 2007;51(9):3259-63. - PMC - PubMed
first_pass	Cochrane_reviews/first_pass/CD014960_antibiotics_leptospirosis.pdf	CD014960_antibiotics_leptospirosis	Suputtamongkol 2004	published data only	15546074	.	.	.	15546074	.	1	0	yes	no	direct_pubmed_link	An open, randomized controlled trial of penicillin, doxycycline, and cefotaxime for patients with severe leptospirosis	.	Suputtamongkol Y, Niwattayakul K, Suttinont C, Losuwanaluk K, Limpaiboon R, Chierakul W, et al. An open, randomized controlled trial of penicillin, doxycycline, and cefotaxime for patients with severe leptospirosis. Clinical Infectious Diseases 2004;39:1417-24. - PubMed
first_pass	Cochrane_reviews/first_pass/CD014960_antibiotics_leptospirosis.pdf	CD014960_antibiotics_leptospirosis	Watt 1988	published data only	2893865	10.1016/s0140-6736(88)91230-5; 10.1016/s0140-6736(88	.	.	2893865	.	1	0	yes	no	direct_pubmed_link	Placebo-controlled trial of intravenous penicillin for severe and late leptospirosis	.	Watt G, Padre LP, Tuazon ML, Calubaquib C, Santiago E, Ranoa CP, et al. Placebo-controlled trial of intravenous penicillin for severe and late leptospirosis. Lancet 1988;1(8583):433-5. [DOI: 10.1016/s0140-6736(88)91230-5] - DOI - PubMed
first_pass	Cochrane_reviews/first_pass/CD015040_rtms_ptsd.pdf	CD015040_rtms_ptsd	Ahmadizadeh 2018	published and unpublished data	29883597	.	.	.	29883597	.	1	0	yes	no	direct_pubmed_link	Unilateral right and bilateral dorsolateral prefrontal cortex transcranial magnetic stimulation in treatment post-traumatic stress disorder: a randomized controlled study	.	Ahmadizadeh MJ, Rezaei M. Unilateral right and bilateral dorsolateral prefrontal cortex transcranial magnetic stimulation in treatment post-traumatic stress disorder: a randomized controlled study. Brain Research Bulletin 2018;140:334-40. - PubMed
first_pass	Cochrane_reviews/first_pass/CD015040_rtms_ptsd.pdf	CD015040_rtms_ptsd	Boggio 2010	published data only (unpublished sought but not used)	20051219	10.4088/jcp.08m04638blu	.	.	20051219	PMC3260527	1	1	yes	yes	direct_pubmed_link	Noninvasive brain stimulation with high-frequency and low-intensity repetitive transcranial magnetic stimulation treatment for posttraumatic stress disorder	.	Boggio PS, Rocha M, Oliveira MO, Fecteau S, Cohen RB, Campanhã C, et al. Noninvasive brain stimulation with high-frequency and low-intensity repetitive transcranial magnetic stimulation treatment for posttraumatic stress disorder. Journal of Clinical Psychiatry 2010;71(8):992-9. [DOI: 10.4088/JCP.08m04638blu] - DOI - PMC - PubMed
first_pass	Cochrane_reviews/first_pass/CD015040_rtms_ptsd.pdf	CD015040_rtms_ptsd	Cohen 2004	published data only (unpublished sought but not used)	14992978	10.1176/appi.ajp.161.3.515	.	.	14992978	.	1	0	yes	no	direct_pubmed_link	Repetitive transcranial magnetic stimulation of the right dorsolateral prefrontal cortex in posttraumatic stress disorder: a double-blind, placebo-controlled study;Right dorsolateral prefrontal rTMS in posttraumatic stress disorder: A double blind, placebo-controlled study	.	Cohen H, Kaplan Z, Kotler M, Kouperman I, Moisa R, Grisaru N. Repetitive transcranial magnetic stimulation of the right dorsolateral prefrontal cortex in posttraumatic stress disorder: a double-blind, placebo-controlled study. American Journal of Psychiatry 2004;161(3):515-24. [DOI: 10.1176/appi.ajp.161.3.515] - DOI - PubMed Kouperman I, Grisaru N, Regina M, Kaplan Z, Cohen H. Right dorsolateral prefrontal rTMS in posttraumatic stress disorder: A double blind, placebo-controlled study. European Neuropsychopharmacology 2002;12:339. - PubMed
first_pass	Cochrane_reviews/first_pass/CD015040_rtms_ptsd.pdf	CD015040_rtms_ptsd	Fryml 2019	published data only (unpublished sought but not used)	29952863	10.1097/yct.0000000000000505	.	.	29952863	.	1	0	yes	no	direct_pubmed_link	Exposure therapy and simultaneous repetitive transcranial magnetic stimulation: a controlled pilot trial for the treatment of posttraumatic stress disorder	.	Fryml LD, Pelic CG, Acierno R, Tuerk P, Yoder M, Borckardt JJ, et al. Exposure therapy and simultaneous repetitive transcranial magnetic stimulation: a controlled pilot trial for the treatment of posttraumatic stress disorder. Journal of ECT 2019;35(1):53-60. [DOI: 10.1097/YCT.0000000000000505] - DOI - PubMed
first_pass	Cochrane_reviews/first_pass/CD015040_rtms_ptsd.pdf	CD015040_rtms_ptsd	George 2014	published data only	24731434	10.1016/j.brs.2014.03.006	.	.	24731434	.	1	0	yes	no	direct_pubmed_link	A two-site pilot randomized 3 day trial of high dose left prefrontal repetitive transcranial magnetic stimulation (rTMS) for suicidal inpatients	.	George MS, Raman R, Benedek DM, Pelic CG, Grammer GG, Stokes KT, et al. A two-site pilot randomized 3 day trial of high dose left prefrontal repetitive transcranial magnetic stimulation (rTMS) for suicidal inpatients. Brain Stimulation 2014;7:421-31. [DOI: 10.1016/j.brs.2014.03.006] - DOI - PubMed
first_pass	Cochrane_reviews/first_pass/CD015040_rtms_ptsd.pdf	CD015040_rtms_ptsd	Isserles 2013	published data only (unpublished sought but not used)	22921765	10.1016/j.brs.2012.07.008	.	.	22921765	.	1	0	yes	no	direct_pubmed_link	Effectiveness of deep transcranial magnetic stimulation combined with a brief exposure procedure in post-traumatic stress disorder–a pilot study	.	Isserles M, Shalev AY, Roth Y, Peri T, Kutz I, Zlotnick E, et al. Effectiveness of deep transcranial magnetic stimulation combined with a brief exposure procedure in post-traumatic stress disorder–a pilot study. Brain Stimulation 2013;6(3):377-83. [DOI: 10.1016/j.brs.2012.07.008] - DOI - PubMed
first_pass	Cochrane_reviews/first_pass/CD015040_rtms_ptsd.pdf	CD015040_rtms_ptsd	Isserles 2021	published data only (unpublished sought but not used)	34274108	10.1016/j.biopsych.2021.04.019	NCT02479906	NCT02479906	34274108	.	1	0	yes	no	direct_pubmed_link	Deep transcranial magnetic stimulation combined with brief exposure for posttraumatic stress disorder: a prospective multisite randomized trial;A safety & efficacy study with deep transcranial magnetic stimulation for the treatment of post-traumatic stress disorder (PTSD).	.	Isserles M, Tendler A, Roth Y, Bystritsky A, Blumberger DM, Ward H, et al. Deep transcranial magnetic stimulation combined with brief exposure for posttraumatic stress disorder: a prospective multisite randomized trial. Biological Psychiatry 2021;90(10):721-8. [DOI: 10.1016/j.biopsych.2021.04.019] - DOI - PubMed NCT02479906. A safety & efficacy study with deep transcranial magnetic stimulation for the treatment of post-traumatic stress disorder (PTSD). clinicaltrials.gov/study/NCT02479906 (first received 24 June 2015).
first_pass	Cochrane_reviews/first_pass/CD015040_rtms_ptsd.pdf	CD015040_rtms_ptsd	Kozel 2018	published data only	29351885	.	NCT01391832	NCT01391832	29351885	.	1	0	yes	no	direct_pubmed_link	Augmenting cognitive processing therapy with RTMS in combat veterans of recent conflicts with PTSD;Repetitive TMS to augment cognitive processing therapy in combat veterans of recent conflicts with PTSD: a randomized clinical trial;Novel treatment of emotional dysfunction in post traumatic stress disorder (PTSD).	title_search_no_match	Kozel FA, Didehbani N, Motes MA, Jones P, Schraufnagel CD, DeLaRosa B, et al. Augmenting cognitive processing therapy with RTMS in combat veterans of recent conflicts with PTSD. Biological Psychiatry 2016;79(9):160S-1S. Kozel FA, Motes MA, Didehbani N, DeLaRosa B, Bass C, Schraufnagel CD, et al. Repetitive TMS to augment cognitive processing therapy in combat veterans of recent conflicts with PTSD: a randomized clinical trial. Journal of Affective Disorders 2018;229:506-14. - PubMed NCT01391832. Novel treatment of emotional dysfunction in post traumatic stress disorder (PTSD). clinicaltrials.g
first_pass	Cochrane_reviews/first_pass/CD015040_rtms_ptsd.pdf	CD015040_rtms_ptsd	Leong 2020	published data only (unpublished sought but not used)	32379487	10.1177/0706743720923064	NCT01806168	NCT01806168	32379487	PMC7564694	1	1	yes	yes	direct_pubmed_link	The role of fast or slow repetitive transcranial magnetic stimulation in civilian post-traumatic stress disorder: a randomized, sham-controlled trial;A randomized sham-controlled trial of 1-Hz and 10-Hz repetitive transcranial magnetic stimulation (rTMS) of the right dorsolateral prefrontal cortex in civilian post-traumatic stress disorder;The role of fast or slow repetitive transcranial magnetic stimulation as adjunct therapy in civilian post-traumatic stress disorder.	title_search_no_match	Chan P, Leong K, Ong L, Zwicker A, Cox D, Willan S, et al. The role of fast or slow repetitive transcranial magnetic stimulation in civilian post-traumatic stress disorder: a randomized, sham-controlled trial. Brain Stimulation: Basic, Translational, and Clinical Research in Neuromodulation 2019;12(4):e132. Leong K, Chan P, Ong L, Zwicker A, Willan S, Lam RW, et al. A randomized sham-controlled trial of 1-Hz and 10-Hz repetitive transcranial magnetic stimulation (rTMS) of the right dorsolateral prefrontal cortex in civilian post-traumatic stress disorder. Canadian Journal of Psychiatry 2020;65
first_pass	Cochrane_reviews/first_pass/CD015040_rtms_ptsd.pdf	CD015040_rtms_ptsd	Levasseur‐Moreau 2018	unpublished data only	.	.	.	.	.	.	0	0	no	no	.	Effects of a 5-day intermittent theta burst stimulation regimen over the right dorsolateral prefrontal cortex on clinical, cognitive and neurobiological aspects in military personnel with posttraumatic stress disorder [L'utilisation de la stimulation cérébrale non-invasive pour réduire les symptômes de stress-post traumatique chez les militaires; doctoral dissertation]	title_search_no_match	Levasseur-Moreau J, Mondino M, Renauld E, Leblond J, Hébert L, Beaulieu JM, et al. Effects of a 5-day intermittent theta burst stimulation regimen over the right dorsolateral prefrontal cortex on clinical, cognitive and neurobiological aspects in military personnel with posttraumatic stress disorder [L'utilisation de la stimulation cérébrale non-invasive pour réduire les symptômes de stress-post traumatique chez les militaires; doctoral dissertation]. Quebec City (Quebec): Université Laval, 2018.
first_pass	Cochrane_reviews/first_pass/CD015040_rtms_ptsd.pdf	CD015040_rtms_ptsd	Nam 2013	published data only (unpublished sought but not used)	24023554	10.9758/cpn.2013.11.2.96; 10.1016/s0924-977x(06)70623-x; 10.1016/s0924-977x(06	.	.	24023554	PMC3766761	1	1	yes	yes	direct_pubmed_link	Low-frequency, repetitive transcranial magnetic stimulation for the treatment of patients with posttraumatic stress disorder: a double-blind, sham-controlled study;Low frequency repetitive transcranial magnetic stimulation for the treatment of patients with posttraumatic stress disorder: a double-blind, sham-controlled study	.	Nam D-H, Pae C-U, Chae J-H. Low-frequency, repetitive transcranial magnetic stimulation for the treatment of patients with posttraumatic stress disorder: a double-blind, sham-controlled study. Clinical Psychopharmacology and Neuroscience 2013;11(2):96-102. [DOI: 10.9758/cpn.2013.11.2.96] - DOI - PMC - PubMed Song JM, Pae CU, Lee YJ, Bahk WM, Jun TY, Hahm W, et al. Low frequency repetitive transcranial magnetic stimulation for the treatment of patients with posttraumatic stress disorder: a double-blind, sham-controlled study. European Neuropsychopharmacology 2006;16:S470-1. [DOI: 10.1016/S0924-
first_pass	Cochrane_reviews/first_pass/CD015040_rtms_ptsd.pdf	CD015040_rtms_ptsd	Philip 2019a	published and unpublished data	34229284;35670065;31230462	10.1016/j.jad.2021.06.039; 10.1111/ner.13529; 10.1176/appi.ajp.2019.18101160	.	.	34229284;35670065;31230462	PMC8349789;PMC8957628;PMC6824981	3	3	yes	yes	direct_pubmed_link	Intermittent theta burst stimulation in veterans with mild alcohol use disorder;Heart rate variability features as predictors of intermittent theta-burst stimulation response in posttraumatic stress disorder;Theta-burst transcranial magnetic stimulation for posttraumatic stress disorder	.	Bozzay ML, Brigido S, van’t Wout-Frank M, Aiken E, Swift R, Philip NS. Intermittent theta burst stimulation in veterans with mild alcohol use disorder. Journal of Affective Disorders 2021;292:314-49. [DOI: 10.1016/j.jad.2021.06.039] - DOI - PMC - PubMed Cosmo C, Seligowski AV, Aiken EM, Van't Wout-Frank M, Philip NS. Heart rate variability features as predictors of intermittent theta-burst stimulation response in posttraumatic stress disorder. Neuromodulation: Technology at the Neural Interface 2022;25(4):588-95. [DOI: 10.1111/ner.13529] - DOI - PMC - PubMed Philip NS, Barredo J, Aiken E, Lars
first_pass	Cochrane_reviews/first_pass/CD015040_rtms_ptsd.pdf	CD015040_rtms_ptsd	Watts 2012	published and unpublished data	22264669	10.1016/j.brs.2011.02.002	NCT00134446	NCT00134446	22264669	.	1	0	yes	no	direct_pubmed_link	A prospective double blind randomized placebo controlled trial of repetitive transcranial magnetic stimulation for posttraumatic stress disorder.;A sham controlled study of repetitive transcranial magnetic stimulation for posttraumatic stress disorder	.	NCT00134446. A prospective double blind randomized placebo controlled trial of repetitive transcranial magnetic stimulation for posttraumatic stress disorder. clinicaltrials.gov/study/NCT00134446 (first received 24 August 2005). Watts BV, Landon B, Groft A, Young-Xu Y. A sham controlled study of repetitive transcranial magnetic stimulation for posttraumatic stress disorder. Brain Stimulation 2012;5(1):38-43. [DOI: 10.1016/j.brs.2011.02.002] - DOI - PubMed
first_pass	Cochrane_reviews/first_pass/CD015751_lubricating_drops_lens.pdf	CD015751_lubricating_drops_lens	Barabino 2005	published data only	15825529	.	.	.	15825529	.	1	0	yes	no	direct_pubmed_link	Effects of a 0.9% sodium chloride ophthalmic solution on the ocular surface of symptomatic contact lens wearers	.	Barabino S, Rolando M, Camicione P, Chen W, Calabria G. Effects of a 0.9% sodium chloride ophthalmic solution on the ocular surface of symptomatic contact lens wearers. Canadian Journal of Ophthalmology [Journal Canadien d'Ophtalmologie] 2005;40(1):45‐50. - PubMed
first_pass	Cochrane_reviews/first_pass/CD015751_lubricating_drops_lens.pdf	CD015751_lubricating_drops_lens	Keir 2006	published data only	.	.	.	.	.	.	0	0	no	no	.	The influence of a lubricant eye drop on contact lens discomfort in symptomatic hydrogel contact lens wearers;The influence of a guar-based lubricant eye drop on ocular discomfort in symptomatic hydrogel contact lens wearers;The influence of a lubricant eye drop on ocular discomfort in symptomatic hydrogel contact lens wearers	title_search_no_match	Dumbleton K, Jones L, Feng Y, Keir N, Woods CA, Simpson TL. The influence of a lubricant eye drop on contact lens discomfort in symptomatic hydrogel contact lens wearers. (unpublished manuscript). Feng Y, Dumbleton K, Keir N, Woods CA, Jones LW, Simpson TL, et al. The influence of a guar-based lubricant eye drop on ocular discomfort in symptomatic hydrogel contact lens wearers. Investigative Ophthalmology & Visual Science 2006;47:ARVO E‐abstract 2381. Keir NJ, Feng Y, Dumbleton K, Woods CA, Jones L, Simpson Tl, et al. The influence of a lubricant eye drop on ocular discomfort in symptomatic hy
first_pass	Cochrane_reviews/first_pass/CD015751_lubricating_drops_lens.pdf	CD015751_lubricating_drops_lens	Malet 2003	published data only	12769155	.	.	.	12769155	.	1	0	yes	no	direct_pubmed_link	Preservative-free ocular hydrating agents in symptomatic contact lens wearers: saline versus PVP solution	.	Malet F, Karsenti D, Pouliquen P. Preservative-free ocular hydrating agents in symptomatic contact lens wearers: saline versus PVP solution. Eye & Contact Lens 2003;29(1):38‐43. - PubMed
first_pass	Cochrane_reviews/first_pass/CD015751_lubricating_drops_lens.pdf	CD015751_lubricating_drops_lens	McDonald 2014	published data only	24552755	.	NCT01132287	NCT01132287	24552755	.	1	0	yes	no	direct_pubmed_link	Systane® Ultra lubricant eye drops for treatment of contact lens-related dryness;An evaluation of a marketed lubricated eye drop in soft contact lens wearers who experience ocular dryness.	.	McDonald M, Schachet JL, Lievens CW, Kern Jr. Systane® Ultra lubricant eye drops for treatment of contact lens-related dryness. Eye & Contact Lens 2014;40(2):106‐10. - PubMed NCT01132287. An evaluation of a marketed lubricated eye drop in soft contact lens wearers who experience ocular dryness. clinicaltrials.gov/show/NCT01132287 (first received 28 May 2010).
first_pass	Cochrane_reviews/first_pass/CD015751_lubricating_drops_lens.pdf	CD015751_lubricating_drops_lens	NCT02293538	published data only	.	.	NCT02293538	NCT02293538	.	.	0	0	no	no	.	Formula identification (FID) 114657 in contact lens wearers.	.	NCT02293538. Formula identification (FID) 114657 in contact lens wearers. clinicaltrials.gov/show/NCT02293538 (first received 5 August 2016).
first_pass	Cochrane_reviews/first_pass/CD015751_lubricating_drops_lens.pdf	CD015751_lubricating_drops_lens	Pucker 2020	published data only	31727514	.	NCT03682809	NCT03682809	31727514	.	1	0	yes	no	direct_pubmed_link	Evaluation of systane complete for the treatment of contact lens discomfort.;Evaluation of Systane® Complete for the treatment of contact lens discomfort	.	NCT03682809. Evaluation of systane complete for the treatment of contact lens discomfort. clinicalTrials.gov/show/NCT03682809 (first received by 6 April 2020). Pucker AD, McGwin G, Franklin QX, Nattis A, Lievens C. Evaluation of Systane® Complete for the treatment of contact lens discomfort. Contact Lens and Anterior Eye 2020;43(5):441‐7. - PubMed
first_pass	Cochrane_reviews/first_pass/CD015751_lubricating_drops_lens.pdf	CD015751_lubricating_drops_lens	Pucker 2021	published data only	33323320	.	NCT03848221	NCT03848221	33323320	.	1	0	yes	no	direct_pubmed_link	Use of Systane® Complete over contact lenses to alleviate lens discomfort;Direct application of systane complete to contact lenses.;Application of Systane® Complete for the treatment of contact lens discomfort	title_search_no_match	Brafford R, Lievens C, Pucker AD, Nattis A, McGwin G, Franklin Q, et al. Use of Systane® Complete over contact lenses to alleviate lens discomfort. Investigative Ophthalmology & Visual Science 2020;61(7):1487. NCT03848221. Direct application of systane complete to contact lenses. clinicaltrials.gov/show/NCT03848221 (first received 27 April 2020). Pucker AD, McGwin G, Franklin QX, Dubey J, Nattis A, Lievens C. Application of Systane® Complete for the treatment of contact lens discomfort. Contact Lens and Anterior eye 2021;44:101399. - PubMed
second_pass	Cochrane_reviews/second_pass/CD004661_magnesium_preterm_neuro.pdf	CD004661_magnesium_preterm_neuro	Crowther 2003	published and unpublished data	14645308;25226476	.	.	.	14645308;25226476	.	2	0	yes	no	direct_pubmed_link	Does prenatal magnesium sulphate reduce the risk of mortality and cerebral palsy in infants born at less than 30 weeks' gestation? - The ACTOMgS04 trial;Effect of magnesium sulfate given for neuroprotection before preterm birth;Is prenatal magnesium sulfate immediately prior to very preterm birth neuroprotective for babies? The ACTOMgSO4 trial: a randomized placebo-controlled trial;School-age outcomes of very preterm infants after antenatal treatment with magnesium sulfate vs placebo;The effect of antenatal magnesium sulphate on early systemic blood flow in very preterm infants	title_search_no_match	Crowther CA, Hiller JE, Doyle LW for the ACTOMgSO4 Collaborators Group. Does prenatal magnesium sulphate reduce the risk of mortality and cerebral palsy in infants born at less than 30 weeks' gestation? - The ACTOMgS04 trial. In: Perinatal Society of Australia and New Zealand 7th Annual Congress; 2003 March 9-12; Tasmania, Australia. 2003:A4. Crowther CA, Hiller JE, Doyle LW, Haslam RR for the Australasian Collaborative Trial of Magnesium Sulphate (ACTOMgSO4) Collaborative Group. Effect of magnesium sulfate given for neuroprotection before preterm birth. JAMA 2003;290(20):2669-76. - PubMed Cro
second_pass	Cochrane_reviews/second_pass/CD004661_magnesium_preterm_neuro.pdf	CD004661_magnesium_preterm_neuro	Crowther 2023	published data only	37581672;23570677;35331677	.	.	ACTRN12611000491965	37581672;23570677;35331677	PMC10427942;PMC3636106;PMC9043972	3	3	yes	yes	direct_pubmed_link	MAGENTA - Magnesium Sulphate at 30 to 34 weeks' gestational age: neuroprotection trial [Does antenatal magnesium sulphate given to women at risk of imminent preterm birth (defined as planned or definitely expected in the next 24 hours) between 30 and 34 weeks' gestation reduce the risk of death or cerebral palsy in their children at 2 years corrected age? - a randomised controlled trial];Prenatal intravenous magnesium at 30-34 weeks’ gestation and neurodevelopmental outcomes in offspring: the MAGENTA randomized clinical trial;Magnesium sulphate at 30 to 34 weeks' gestational age: neuroprotection trial (MAGENTA) - study protocol;Effect of antenatal magnesium sulphate on MRI biomarkers of white matter development at term equivalent age: the MagNUM Study	.	ACTRN12611000491965. MAGENTA - Magnesium Sulphate at 30 to 34 weeks' gestational age: neuroprotection trial [Does antenatal magnesium sulphate given to women at risk of imminent preterm birth (defined as planned or definitely expected in the next 24 hours) between 30 and 34 weeks' gestation reduce the risk of death or cerebral palsy in their children at 2 years corrected age? - a randomised controlled trial]. trialsearch.who.int/Trial2.aspx?TrialID=ACTRN12611000491965 (first received 11 May 2011). Crowther CA, Ashwood P, Middleton PF, McPhee A, Tran T, Hardine JE, et al. Prenatal intravenous m
second_pass	Cochrane_reviews/second_pass/CD004661_magnesium_preterm_neuro.pdf	CD004661_magnesium_preterm_neuro	Marret 2006	published and unpublished data	24837863;18166581;18337147	.	.	.	24837863;18166581;18337147	.	3	0	yes	no	direct_pubmed_link	School-age outcomes following a randomized controlled trial of magnesium sulfate for neuroprotection of preterm infants;Magnesium sulfate given before very-preterm birth to protect infant brain: the first long-term follow-up (PREMAG randomized trial);Prenatal magnesium sulfate (MgSO4) and follow up at two years of age in preterm infants: the randomised controlled PREMAG trial;Benefit of magnesium sulfate given before very preterm birth to protect infant brain;Effect of magnesium sulphate on mortality and neurologic morbidity of the very preterm newborn with two-year neurological outcome: results of the prospective PREMAG trial [Effet du sulfate de magnésium sur la mortalité et la morbidité neurologique chez le prématuré de moins de 33 semaines, avec recul è deux ans: résultats de l'essai prospectif multicentrique contre placebo PREMAG]	title_search_no_match	Chollat C, Enser M, Houivet E, Provost D, Benichou J, Marpeau L, et al. School-age outcomes following a randomized controlled trial of magnesium sulfate for neuroprotection of preterm infants. Journal of Pediatrics 2014;165(2):398-400. - PubMed Chollat C, Marret S. Magnesium sulfate given before very-preterm birth to protect infant brain: the first long-term follow-up (PREMAG randomized trial). In: Pediatric Academic Societies Annual Meeting; 2013 May 4-7; Washington DC, USA. 2013. Marret S, Marpeau L, Astruc D, Cambonie G, Follet C, Benichou J. Prenatal magnesium sulfate (MgSO4) and follow up
second_pass	Cochrane_reviews/second_pass/CD004661_magnesium_preterm_neuro.pdf	CD004661_magnesium_preterm_neuro	Mittendorf 2002	published data only	9388401;11430960	.	.	.	9388401;11430960	.	2	0	yes	no	direct_pubmed_link	Does exposure to antenatal magnesium sulfate prevent cerebral palsy? American Journal of Obstetrics and Gynecology 2000;182(1 Pt 2):S20.;Use of antenatal magnesium sulfate does not seem to prevent intraventricular hemorrhage;When used in circumstance of preterm labor, is there a paradoxical effect of varying exposures to magnesium sulfate (MGSO4) on the developing human brain? American Journal of Obstetrics and Gynecology 2005;193(6 Suppl):S65.;Is tocolytic magnesium sulphate associated with increased total paediatric mortality? Lancet 1997;350(9090):1517-8.;Umbilical cord serum ionized magnesium level and total pediatric mortality	title_search_no_match	Mittendorf R, Bentz L, Borg M, Roizen N. Does exposure to antenatal magnesium sulfate prevent cerebral palsy? American Journal of Obstetrics and Gynecology 2000;182(1 Pt 2):S20. Mittendorf R, Bentz L, Kohn J, Covert R. Use of antenatal magnesium sulfate does not seem to prevent intraventricular hemorrhage. American Journal of Obstetrics and Gynecology 2000;182(1 Pt 2):S34. Mittendorf R, Besinger R, Santillan M, Gianopoulos J. When used in circumstance of preterm labor, is there a paradoxical effect of varying exposures to magnesium sulfate (MGSO4) on the developing human brain? American Journa
second_pass	Cochrane_reviews/second_pass/CD004661_magnesium_preterm_neuro.pdf	CD004661_magnesium_preterm_neuro	Rouse 2008	published data only	31143877;21736934	.	.	.	31143877;21736934	PMC6510719;PMC3210377	2	2	yes	yes	direct_pubmed_link	Does magnesium sulfate exposure attenuate the effect of steroids administered for fetal lung maturation? In: Society for Obstetric Anesthesia and Perinatology (SOAP) 48th Annual Meeting; 2016 May 18-22; Boston USA;Cord blood haptoglobin, cerebral palsy and death in infants of women at risk for preterm birth: a secondary analysis of a randomised controlled trial;Umbilical cord blood biomarkers of neurologic injury and the risk of cerebral palsy or infant death;Cord blood biomarkers and the risk of cerebral palsy or death;Antenatal magnesium sulfate and ponderal index from birth to age 2 in preterm male and female infants	title_search_no_match	Brookfield KF, O'Malley K, Yeaton-Massey A, Butwick AJ. Does magnesium sulfate exposure attenuate the effect of steroids administered for fetal lung maturation? In: Society for Obstetric Anesthesia and Perinatology (SOAP) 48th Annual Meeting; 2016 May 18-22; Boston USA. 2016:SA-32. Buhimschi CS, Jablonski KA, Rouse DJ, Varner MW, Reddy UM, Mercer BM, et al. Cord blood haptoglobin, cerebral palsy and death in infants of women at risk for preterm birth: a secondary analysis of a randomised controlled trial. Eclinicalmedicine 2019;9:11-8. - PMC - PubMed Costantine MM, Weiner SJ, Rouse DJ, Hirtz D
second_pass	Cochrane_reviews/second_pass/CD004661_magnesium_preterm_neuro.pdf	CD004661_magnesium_preterm_neuro	Wolf 2020	published data only	23016563;32394601;32237024	.	NCT01492608	NCT01492608	23016563;32394601;32237024	.	3	0	yes	no	direct_pubmed_link	Does antenatal magnesium sulfate prevent cerebral palsy in preterm infants? the final trial? Acta Obstetricia et Gynecologica Scandinavica 2012;91(11):1346-7.;Re: antenatal magnesium sulphate for the prevention of cerebral palsy in infants born preterm: a double-blind, randomised, placebo-controlled, multi-centre trial: at which gestational ages should magnesium sulphate be given to women at risk of preterm birth? BJOG: an international journal of obstetrics and gynaecology 2020;127(10):1295-6.;Magnesium Sulphate for Preterm Birth (MASP Study) [Administration of Antenatal Magnesium Sulphate for Prevention of Cerebral Palsy in Preterm Infants (MASP-STUDY)].;Administration of antenatal magnesium sulphate for prevention of cerebral palsy and death in preterm infants-a double blind randomised placebo controlled parallel group multicentre trial;Antenatal magnesium sulphate for the prevention of cerebral palsy in infants born preterm: a double-blind, randomised, placebo-controlled, multi-centre trial	title_search_no_match	Huusom LD, Brok J, Hegaard HK, Pryds O, Secher NJ. Does antenatal magnesium sulfate prevent cerebral palsy in preterm infants? the final trial? Acta Obstetricia et Gynecologica Scandinavica 2012;91(11):1346-7. - PubMed Larsen ML, Krebs L, Rackauskaite G, Hoei-Hansen CE, Greisen G. Re: antenatal magnesium sulphate for the prevention of cerebral palsy in infants born preterm: a double-blind, randomised, placebo-controlled, multi-centre trial: at which gestational ages should magnesium sulphate be given to women at risk of preterm birth? BJOG: an international journal of obstetrics and gynaecolog
second_pass	Cochrane_reviews/second_pass/CD006586_drospirenone_pms.pdf	CD006586_drospirenone_pms	Eisenlohr‐Moul 2017	published data only (unpublished sought but not used)	28715852	.	.	.	28715852	PMC5629109	1	1	yes	yes	direct_pubmed_link	Treatment of premenstrual dysphoria with continuous versus intermittent dosing of oral contraceptives: results of a three-arm randomized controlled trial	.	Eisenlohr-Moul TA, Girdler SS, Johnson JL, Schmidt PJ, Rubinow DR. Treatment of premenstrual dysphoria with continuous versus intermittent dosing of oral contraceptives: results of a three-arm randomized controlled trial. Depression and Anxiety 2017;34(10):908-17. - PMC - PubMed
second_pass	Cochrane_reviews/second_pass/CD006586_drospirenone_pms.pdf	CD006586_drospirenone_pms	Freeman 2001	published data only (unpublished sought but not used)	11559453;12659404	.	.	.	11559453;12659404	.	2	0	yes	no	direct_pubmed_link	Evaluation of a unique oral contraceptive in the treatment of premenstrual dysphoric disorder;Evaluation of a unique oral contraceptive (Yasmin) in the management of premenstrual dysphoric disorder	.	Freeman EW, Kroll R, Rapkin A, Pearlstein T, Brown C, Parsey K, et al. Evaluation of a unique oral contraceptive in the treatment of premenstrual dysphoric disorder. Journal of Women's Health and Gender-Based Medicine 2001;10(6):561-9. - PubMed Freeman EW. Evaluation of a unique oral contraceptive (Yasmin) in the management of premenstrual dysphoric disorder. The European Journal of Contraception and Reproductive Health Care 2002;7(Suppl 3):27-34; discussion 42-3. - PubMed
second_pass	Cochrane_reviews/second_pass/CD006586_drospirenone_pms.pdf	CD006586_drospirenone_pms	Fu 2014	published data only	25327732	.	.	.	25327732	.	1	0	yes	no	direct_pubmed_link	Efficacy and safety of a combined oral contraceptive containing drospirenone 3 mg and ethinylestradiol 20 µg in the treatment of premenstrual dysphoric disorder: a randomized, double blind placebo-controlled study	.	Fu Y, Mi W, Li L, Zhang H, Wang J, Cheng W, et al. Efficacy and safety of a combined oral contraceptive containing drospirenone 3 mg and ethinylestradiol 20 µg in the treatment of premenstrual dysphoric disorder: a randomized, double blind placebo-controlled study. Zhonghua Fu Chan Ke Za Zhi 2014;49(7):506-9. - PubMed
second_pass	Cochrane_reviews/second_pass/CD006586_drospirenone_pms.pdf	CD006586_drospirenone_pms	Pearlstein 2005	published and unpublished data	16307962	.	.	.	16307962	.	1	0	yes	no	direct_pubmed_link	Determining clinically meaningful benefit in the treatment of premenstrual dysphoric disorder;Treatment of premenstrual dysphoric disorder with a new drospirenone-containing oral contraceptive formulation	title_search_no_match	Borenstein J, Wyrwich K, Niknian M, Marr J, Korner P, Yonkers K. Determining clinically meaningful benefit in the treatment of premenstrual dysphoric disorder. Obstetrics & Gynecology 2006;107(4):15S-6. Pearlstein TB, Bachmann GA, Zacur HA, Yonkers KA. Treatment of premenstrual dysphoric disorder with a new drospirenone-containing oral contraceptive formulation. Contraception 2005;72(6):414-21. - PubMed
second_pass	Cochrane_reviews/second_pass/CD006586_drospirenone_pms.pdf	CD006586_drospirenone_pms	Yonkers 2005	published and unpublished data	21338987;21664515;16135578	.	.	.	21338987;21664515;16135578	.	3	0	yes	no	direct_pubmed_link	Ethinylestradiol 20 mcg/drospirenone 3 mg combined oral contraceptive administered in a 24/4 regimen in the treatment of premenstrual dysphoric disorder-related symptoms and functional impairment: a randomized, multicenter, double-blind, parallel study;Ethinyl estradiol 20 μg/drospirenone 3 mg 24/4 oral contraceptive for the treatment of functional impairment in women with premenstrual dysphoric disorder;Premenstrual dysphoric disorder symptom cluster improvement by cycle with the combined oral contraceptive ethinylestradiol 20 mcg plus drospirenone 3 mg administered in a 24/4 regimen;Efficacy of a new low-dose oral contraceptive with drospirenone in premenstrual dysphoric disorder;Premenstrual dysphoric disorder symptom cluster improvement by cycle with an oral contraceptive (drospirenone 3 mg/ethinyl estradiol 20 micrograms 24/4)	title_search_no_match	Marr J, Dennerstein L. Ethinylestradiol 20 mcg/drospirenone 3 mg combined oral contraceptive administered in a 24/4 regimen in the treatment of premenstrual dysphoric disorder-related symptoms and functional impairment: a randomized, multicenter, double-blind, parallel study. International Journal of Gynecology and Obstetrics 2009;107(Suppl 2):619. Marr J, Heinemann K, Kunz M, Rapkin A. Ethinyl estradiol 20 μg/drospirenone 3 mg 24/4 oral contraceptive for the treatment of functional impairment in women with premenstrual dysphoric disorder. International Journal of Gynecology and Obstetrics 201
second_pass	Cochrane_reviews/second_pass/CD012664_calcium_vitd_bone.pdf	CD012664_calcium_vitd_bone	Andersen 2008	published data only	18208636	.	.	.	18208636	.	1	0	yes	no	direct_pubmed_link	Effect of vitamin D supplementation on bone and vitamin D status among Pakistani immigrants in Denmark: a randomised double-blinded placebo-controlled intervention study	.	Andersen R, Molgaard C, Skovgaard LT, Brot C, Cashman KD, Jakobsen J, et al. Effect of vitamin D supplementation on bone and vitamin D status among Pakistani immigrants in Denmark: a randomised double-blinded placebo-controlled intervention study. British Journal of Nutrition 2008;100:197-207. - PubMed
second_pass	Cochrane_reviews/second_pass/CD012664_calcium_vitd_bone.pdf	CD012664_calcium_vitd_bone	Barger‐Lux 2005	published data only	16177196	.	.	.	16177196	.	1	0	yes	no	direct_pubmed_link	Calcium supplementation does not augment bone gain in young women consuming diets moderately low in calcium	.	Barger-Lux MJ, Davies KM, Heaney RP. Calcium supplementation does not augment bone gain in young women consuming diets moderately low in calcium. Journal of Nutrition 2005;135(10):2362-6. - PubMed
second_pass	Cochrane_reviews/second_pass/CD012664_calcium_vitd_bone.pdf	CD012664_calcium_vitd_bone	Islam 2010	published data only	20193095	.	.	.	20193095	.	1	0	yes	no	direct_pubmed_link	Effect of vitamin D, calcium and multiple micronutrient supplementation on vitamin D and bone status in Bangladeshi premenopausal garment factory workers with hypovitaminosis D: a double-blinded, randomised, placebo-controlled 1-year intervention	.	Islam MZ, Shamim AA, Viljakainen HT, Akhtaruzzaman M, Jehan AH, Khan HU, et al. Effect of vitamin D, calcium and multiple micronutrient supplementation on vitamin D and bone status in Bangladeshi premenopausal garment factory workers with hypovitaminosis D: a double-blinded, randomised, placebo-controlled 1-year intervention. British Journal of Nutrition 2010;104(2):241-7. - PubMed
second_pass	Cochrane_reviews/second_pass/CD012664_calcium_vitd_bone.pdf	CD012664_calcium_vitd_bone	Rourke 1998	published data only	.	.	.	.	.	.	0	0	no	no	.	Effect of calcium supplementation on bone mineral density in female athletes	title_search_no_match	Rourke K, Bowering J, Turkki P, Buckenmeyer P, Keller B, Sforzo G. Effect of calcium supplementation on bone mineral density in female athletes. Nutrition Research 1998;18(5):775-83.
second_pass	Cochrane_reviews/second_pass/CD012664_calcium_vitd_bone.pdf	CD012664_calcium_vitd_bone	Shapses 2001	published data only	11450709	.	.	.	11450709	.	1	0	yes	no	direct_pubmed_link	Bone turnover and density in obese premenopausal women during moderate weight loss and calcium supplementation	.	Shapses SA, Thun LV, Heymsfield SB, Ricci TA, Ospina M, Pierson RN, et al. Bone turnover and density in obese premenopausal women during moderate weight loss and calcium supplementation. Journal of Bone and Mineral Research 2001;16(7):1329-36. - PubMed
second_pass	Cochrane_reviews/second_pass/CD012664_calcium_vitd_bone.pdf	CD012664_calcium_vitd_bone	Winters‐Stone 2004	published data only	15129926	.	.	.	15129926	.	1	0	yes	no	direct_pubmed_link	One year of oral calcium supplementation maintains cortical bone density in young adult female distance runners	.	Winters-Stone KM, Snow CM. One year of oral calcium supplementation maintains cortical bone density in young adult female distance runners. International Journal of Sport Nutrition & Exercise Metabolism 2004;14(1):7-17. - PubMed
second_pass	Cochrane_reviews/second_pass/CD012664_calcium_vitd_bone.pdf	CD012664_calcium_vitd_bone	Woo 2007	published data only	17627404	.	.	.	17627404	.	1	0	yes	no	direct_pubmed_link	Milk supplementation and bone health in young adult Chinese women	.	Woo J, Lau W, Xu L, Lam CW, Zhao X, Yu W, et al. Milk supplementation and bone health in young adult Chinese women. Journal of Women's Health 2007;16(5):692-702. [PMID: ] - PubMed
second_pass	Cochrane_reviews/second_pass/CD013476_aspirin_desensitisation.pdf	CD013476_aspirin_desensitisation	Arshi 2021	published data only	34134450	10.18502/ijaai.v20i3.6330	.	.	34134450	.	1	0	yes	no	direct_pubmed_link	The effect of aspirin on moderate to severe asthmatic patients with aspirin hypersensitivity, chronic rhinosinusitis, and nasal polyposis	.	Arshi S, Darougar S, Nabavi M, Bemanian MH, Fallahpour M, Shokri S, et al. The effect of aspirin on moderate to severe asthmatic patients with aspirin hypersensitivity, chronic rhinosinusitis, and nasal polyposis. Iranian Journal of Allergy, Asthma, and Immunology 2021;20(3):287-93. [DOI: 10.18502/ijaai.v20i3.6330] - DOI - PubMed
second_pass	Cochrane_reviews/second_pass/CD013476_aspirin_desensitisation.pdf	CD013476_aspirin_desensitisation	Esmaeilzadeh 2015	published data only	26083948	10.1016/j.clim.2015.05.012	.	.	26083948	.	1	0	yes	no	direct_pubmed_link	Aspirin desensitization for patients with aspirin-exacerbated respiratory disease: a randomized double-blind placebo-controlled trial;Clinical and Immunological Effects of Aspirin Desensitization in Patients with Aspirin Exacerbated Respiratory Diseases; A Randomized, Double Blind, Placebo Controlled Trial	.	Esmaeilzadeh H, Nabavi M, Aryan Z, Arshi S, Bemanian MH, Fallahpour M, et al. Aspirin desensitization for patients with aspirin-exacerbated respiratory disease: a randomized double-blind placebo-controlled trial. Clinical Immunology 2015;160(2):349-57. [DOI: 10.1016/j.clim.2015.05.012] - DOI - PubMed Hossein Esmaeilzadeh, Mohammad Nabavi, Saba Arshi, Mohammad Hassan Bemanian, Morteza Fallahpour, Zahra Aryan. Clinical and Immunological Effects of Aspirin Desensitization in Patients with Aspirin Exacerbated Respiratory Diseases; A Randomized, Double Blind, Placebo Controlled Trial. Journal of Al
second_pass	Cochrane_reviews/second_pass/CD013476_aspirin_desensitisation.pdf	CD013476_aspirin_desensitisation	Fruth 2013	published data only	23464577	10.1111/all.12131	.	EUCTR2005-004437-18-DE	23464577	.	1	0	yes	no	direct_pubmed_link	Placebo-controlled double-blind study about the effectiveness of longtime acetylsalicylic acid desactivation therapy as prevention of recurrens of poyposis nasi in case of acetylsalicylic acid intolerance;Low-dose aspirin desensitization in individuals with aspirin-exacerbated respiratory disease	.	EUCTR2005-004437-18-DE 2006. Placebo-controlled double-blind study about the effectiveness of longtime acetylsalicylic acid desactivation therapy as prevention of recurrens of poyposis nasi in case of acetylsalicylic acid intolerance. www.clinicaltrialsregister.eu/ctr-search/trial/2005-004437-18/DE (first received 19 May 2006). Fruth K, Pogorzelski B, Schmidtmann I, Springer J, Fennan N, Fraessdorf N, et al. Low-dose aspirin desensitization in individuals with aspirin-exacerbated respiratory disease. Allergy 2013;68(5):659-65. [DOI: 10.1111/all.12131.] - DOI - PubMed
second_pass	Cochrane_reviews/second_pass/CD013476_aspirin_desensitisation.pdf	CD013476_aspirin_desensitisation	Mortazavi 2017	published data only	29552073	.	.	.	29552073	PMC5843326	1	1	yes	yes	direct_pubmed_link	Clinical and immunological efficacy of aspirin desensitization in nasal polyp patients with aspirin-exacerbated respiratory disease	.	Mortazavi N, Esmaeilzadeh H, Abbasinazari M, Babaie D, Alyasin S, Nabavizadeh H, et al. Clinical and immunological efficacy of aspirin desensitization in nasal polyp patients with aspirin-exacerbated respiratory disease. Iranian Journal of Pharmaceutical Research 2017;16(4):1639‐47. [PMID: ] - PMC - PubMed
second_pass	Cochrane_reviews/second_pass/CD013476_aspirin_desensitisation.pdf	CD013476_aspirin_desensitisation	Świerczyńska‐Krępa 2014	published data only	24767875	10.1164/ajrccm-conference.2011.183.1_meetingabstracts.a1307; 10.1016/j.jaci.2014.02.041	.	.	24767875	.	1	0	yes	no	direct_pubmed_link	Chronic aspirin desensitization in aspirin-induced asthma: clinical effects and eicosanoid response;Aspirin desensitization in patients with aspirin-induced and aspirin-tolerant asthma: a double-blind study	title_search_no_match	Swierczynska-Krepa M, Nizankowska-Mogilnicka E, Gielicz A, Rybarczyk H, Szczeklik A. Chronic aspirin desensitization in aspirin-induced asthma: clinical effects and eicosanoid response. A double-blind study. American Journal of Respiratory and Critical Care Medicine 2011;183:A1307. [DOI: 10.1164/ajrccm-conference.2011.183.1_MeetingAbstracts.A1307] - DOI Świerczyńska-Krępa M, Sanak M, Bochenek G, Stręk P, Ćmiel A, Gielicz A, et al. Aspirin desensitization in patients with aspirin-induced and aspirin-tolerant asthma: a double-blind study. Journal of Allergy and Clinical Immunology 2014;134(4):88
second_pass	Cochrane_reviews/second_pass/CD013595_daratumumab_ndmm.pdf	CD013595_daratumumab_ndmm	ALCYONE	published data only	31620815	.	.	.	31620815	PMC6900260	1	1	yes	yes	direct_pubmed_link	Impact of baseline renal function on efficacy and safety of daratumumab plus bortezomib-melphalan-prednisone (vmp) in patients (pts) with newly diagnosed multiple myeloma (ndmm) ineligible for transplantation (alcyone);Daratumumab plus bortezomib-melphalanprednisone (vmp) in elderly (>=75 y) patients (pts) with newly diagnosed multiple myeloma (ndmm) ineligible for transplantation (alcyone);Daratumumab plus bortezomib-melphalan-prednisone (vmp) in elderly (>=75 y) patients (pts) with newly diagnosed multiple myeloma (ndmm) ineligible for transplantation (alcyone);Two randomized open-label studies of daratumumab (dara) plus standard of care treatment versus standard of care alone in patients with previously untreated multiple myeloma (mm) ineligible for high-dose therapy: 54767414MMY3007 (alcyone) and 54767414MMY3008 (maia);Daratumumab plus bortezomib, melphalan, and prednisone in East Asian patients with non-transplant multiple myeloma: subanalysis of the randomized phase 3 alcyone trial	title_search_no_match	https://www.clinicaltrialsregister.eu/ctr-search/search?query=eudract_number:2014-002272-88 Cavo M, Dimopoulos MA, San-Miguel J, Jakubowiak A, Suzuki K, Yoon SS, et al. Impact of baseline renal function on efficacy and safety of daratumumab plus bortezomib-melphalan-prednisone (vmp) in patients (pts) with newly diagnosed multiple myeloma (ndmm) ineligible for transplantation (alcyone). In: Oncology Research and Treatment. Vol. 41 (Supplement 4). 2018:182-3. Cavo M, Iida S, Blade J, Mateos MV, Garg JJLM, Hungria V, et al. Daratumumab plus bortezomib-melphalanprednisone (vmp) in elderly (>=75 y)
second_pass	Cochrane_reviews/second_pass/CD013595_daratumumab_ndmm.pdf	CD013595_daratumumab_ndmm	AMaRC 03‐16	published data only	.	.	.	ACTRN12617000202369	.	.	0	0	no	no	.	A randomized study of bortezomib, cyclophosphamide and dexamethasone induction (VCD) versus vcd and daratumumab induction followed by daratumumab maintenance (VCDD) for the initial treatment of transplant-ineligible patients with multiple myeloma (amarc 03-16);A randomized study of bortezomib, cyclophosphamide and dexamethasone induction (vcd) versus vcd and daratumumab induction followed by daratumumab maintenance (vcdd) for the initial treatment of transplant-ineligible patients with multiple myeloma (amarc 03-16)	title_search_no_match	https://anzctr.org.au/ACTRN12617000202369.aspx Mollee P, Reynolds J, Janowski W, Quach H, Campbell P, Gibbs SD, et al. A randomized study of bortezomib, cyclophosphamide and dexamethasone induction (VCD) versus vcd and daratumumab induction followed by daratumumab maintenance (VCDD) for the initial treatment of transplant-ineligible patients with multiple myeloma (amarc 03-16). In: Blood. Vol. 136. 2020:4-5. Mollee P, Reynolds J, Janowski W, Quach H, Campbell P, Gibbs SD, et al. A randomized study of bortezomib, cyclophosphamide and dexamethasone induction (vcd) versus vcd and daratumumab indu
second_pass	Cochrane_reviews/second_pass/CD013595_daratumumab_ndmm.pdf	CD013595_daratumumab_ndmm	MAIA	published data only	34974527	.	.	DRKS00007830	34974527	PMC8979809	1	1	yes	yes	direct_pubmed_link	Daratumumab (neu diagnostiziertes multiples myelom, stammzelltransplantation nicht geeignet) – nutzenbewertung gemäss § 35a sgb v;Daratumumab plus lenalidomide and dexamethasone (d-rd) versus lenalidomide and dexamethasone (rd) in patients with newly diagnosed multiple myeloma (ndmm) ineligible for transplant: updated analysis of maia;Daratumumab plus lenalidomide/ dexamethasone in transplant-ineligible patients with newly diagnosed multiple myeloma: maia update;Effectiveness of daratumumab in combination with lenalidomide and dexamethasone (drd) vs;Daratumumab plus lenalidomide and dexamethasone in transplant-ineligible newly diagnosed multiple myeloma: frailty subgroup analysis of maia	title_search_no_match	http://www.drks.de/DRKS00007830 https://www.clinicaltrialsregister.eu/ctr-search/search?query=eudract_number:2014-002273-11 Abbas S, Balg C, Hermanns T, Kerekes MF, Kobza S, Rüdig C, et al. Daratumumab (neu diagnostiziertes multiples myelom, stammzelltransplantation nicht geeignet) – nutzenbewertung gemäss § 35a sgb v. Available at: https://www.iqwig.de/de/projekte-ergebnisse/projekte/arzneimittelbewertu... 13.05.2020. Bahlis N, Facon T, Usmani SZ, Kumar SK, Plesner T, Orlowski RZ, et al. Daratumumab plus lenalidomide and dexamethasone (d-rd) versus lenalidomide and dexamethasone (rd) in patie
second_pass	Cochrane_reviews/second_pass/CD013595_daratumumab_ndmm.pdf	CD013595_daratumumab_ndmm	OCTANS	published data only	37024420	.	NCT03217812	NCT03217812	37024420	.	1	0	yes	no	direct_pubmed_link	Bortezomib, melphalan, and prednisone with or without daratumumab in transplant-ineligible Asian patients with newly diagnosed multiple myeloma: the phase 3 octans study;P-163: efficacy and safety of daratumumab, bortezomib, melphalan, and prednisone (d-vmp) versus bortezomib, melphalan, and prednisone (vmp) in Chinese patients with newly diagnosed multiple myeloma: octans;Phase 3 study of daratumumab, bortezomib, melphalan, and prednisone (d-vmp) versus bortezomib, melphalan, and prednisone (vmp) in Asian patients with newly diagnosed multiple myeloma (ndmm): octans;A study of velcade (bortezomib) melphalan-prednisone (vmp) compared to daratumumab in combination with vmp (d-vmp), in participants with previously untreated multiple myeloma who are ineligible for high-dose therapy (Asia Pacific region). https://clinicaltrials.gov/show/NCT03217812 2017.	title_search_no_match	Fu W, Bang S, Huang H, Kim K, Li W, An G, et al. Bortezomib, melphalan, and prednisone with or without daratumumab in transplant-ineligible Asian patients with newly diagnosed multiple myeloma: the phase 3 octans study. Clinical Lymphoma, Myeloma and Leukemia June 2023;23(6):446-55. - PubMed Fu W, Huang H, Li W, An G, Cai Z, Jin J, et al. P-163: efficacy and safety of daratumumab, bortezomib, melphalan, and prednisone (d-vmp) versus bortezomib, melphalan, and prednisone (vmp) in Chinese patients with newly diagnosed multiple myeloma: octans. In: Clinical Lymphoma, Myeloma and Leukemia. Vol. 21
second_pass	Cochrane_reviews/second_pass/CD013765_af_ablation_drugs.pdf	CD013765_af_ablation_drugs	Ad 2016	published data only	26253874	.	.	.	26253874	.	1	0	yes	no	direct_pubmed_link	Amiodarone after surgical ablation for atrial fibrillation: is it really necessary? A prospective randomized controlled trial	.	Ad N, Holmes SD, Shuman DJ, Pritchard G, Miller CE. Amiodarone after surgical ablation for atrial fibrillation: is it really necessary? A prospective randomized controlled trial. Journal of Thoracic and Cardiovascular Surgery 2015;151(3):798-803. - PubMed
second_pass	Cochrane_reviews/second_pass/CD013765_af_ablation_drugs.pdf	CD013765_af_ablation_drugs	Darkner 2014	published data only	25182250	.	.	.	25182250	.	1	0	yes	no	direct_pubmed_link	Recurrence of arrhythmia following short-term oral AMIOdarone after CATheter ablation for atrial fibrillation: a double-blind, randomized, placebo-controlled study (AMIO-CAT trial)	.	Darkner S, Chen X, Hansen J, Pehrson S, Johannessen A, Nielsen JB, et al. Recurrence of arrhythmia following short-term oral AMIOdarone after CATheter ablation for atrial fibrillation: a double-blind, randomized, placebo-controlled study (AMIO-CAT trial). European Heart Journal 2014;35(47):3356–64. - PubMed
second_pass	Cochrane_reviews/second_pass/CD013765_af_ablation_drugs.pdf	CD013765_af_ablation_drugs	Hayashi 2014	published data only	24706088	.	.	.	24706088	.	1	0	yes	no	direct_pubmed_link	Three-month lower-dose flecainide after catheter ablation of atrial fibrillation	.	Hayashi M, Miyauchi Y, Iwasaki Y, Yodogawa K, Tsuboi I, Uetake S, et al. Three-month lower-dose flecainide after catheter ablation of atrial fibrillation. Europace 2014;16(8):1160–7. - PubMed
second_pass	Cochrane_reviews/second_pass/CD013765_af_ablation_drugs.pdf	CD013765_af_ablation_drugs	Kaitani 2016	published data only	26417061	.	.	.	26417061	.	1	0	yes	no	direct_pubmed_link	Efficacy of antiarrhythmic drugs short-term use after catheter ablation for atrial fibrillation (EAST-AF) trial	.	Kaitani K, Inoue K, Kobori A, Nakazawa Y, Ozawa T, Kurotobi T, et al. Efficacy of antiarrhythmic drugs short-term use after catheter ablation for atrial fibrillation (EAST-AF) trial. European Heart Journal 2016;37(7):610-8. - PubMed
second_pass	Cochrane_reviews/second_pass/CD013765_af_ablation_drugs.pdf	CD013765_af_ablation_drugs	Lodziński 2014	published data only	24142681	.	.	.	24142681	.	1	0	yes	no	direct_pubmed_link	Does a blanking period after pulmonary vein isolation impact long-term results? Results after 55 months of follow-up	.	Lodzinski P, Kiliszek M, Kozluk E, Piatkowska A, Balsam P, Kochanowski J, et al. Does a blanking period after pulmonary vein isolation impact long-term results? Results after 55 months of follow-up. Cardiology Journal 2014;14(21):384-91. - PubMed
second_pass	Cochrane_reviews/second_pass/CD013765_af_ablation_drugs.pdf	CD013765_af_ablation_drugs	Mohanty 2015	published data only	25460855	.	.	.	25460855	.	1	0	yes	no	direct_pubmed_link	Effect of periprocedural amiodarone on procedure outcome in patients with longstanding persistent atrial fibrillation undergoing extended pulmonary vein antrum isolation: results from a randomized study (SPECULATE)	.	Mohanty S, Di Biase L, Mohanty P, Trivedi C, Santangeli P, Bai R, et al. Effect of periprocedural amiodarone on procedure outcome in patients with longstanding persistent atrial fibrillation undergoing extended pulmonary vein antrum isolation: results from a randomized study (SPECULATE). Heart Rhythm 2014;12(3):477-83. - PubMed
second_pass	Cochrane_reviews/second_pass/CD013765_af_ablation_drugs.pdf	CD013765_af_ablation_drugs	Roux 2009	published data only	19738139	.	.	.	19738139	.	1	0	yes	no	direct_pubmed_link	Antiarrhythmics after ablation of atrial fibrillation (5A Study)	.	Roux JF, Zado E, Callans DJ, Garcia F, Lin D, Marchlinski FE, et al. Antiarrhythmics after ablation of atrial fibrillation (5A Study). Circulation 2009;120(12):1036–40. - PubMed
second_pass	Cochrane_reviews/second_pass/CD013765_af_ablation_drugs.pdf	CD013765_af_ablation_drugs	Tarasov 2017	published data only	.	.	.	.	.	.	0	0	no	no	.	Comparison of effectiveness of antiarrhythmic therapies in postoperative period of pulmonary vein ostia catheter isolation for prevention of early recurrences of atrial tachyarrhythmias in the PROOF study	title_search_no_match	Tarasov AV, Davtyan KV, Martsevich SY. Comparison of effectiveness of antiarrhythmic therapies in postoperative period of pulmonary vein ostia catheter isolation for prevention of early recurrences of atrial tachyarrhythmias in the PROOF study. Rational Pharmacotherapy in Cardiology 2017;13(1):18-24.
second_pass	Cochrane_reviews/second_pass/CD013765_af_ablation_drugs.pdf	CD013765_af_ablation_drugs	Turco 2007	published data only	17302684	.	.	.	17302684	.	1	0	yes	no	direct_pubmed_link	Antiarrhythmic drug therapy after radiofrequency catheter ablation in patients with atrial fibrillation	.	Turco P, De Simone A, La Rocca V, Iuliano A, Capuano V, Astarita C, et al. Antiarrhythmic drug therapy after radiofrequency catheter ablation in patients with atrial fibrillation. Pacing and Clinical Electrophysiology 2007;30:S112-5. - PubMed
second_pass	Cochrane_reviews/second_pass/CD013823_b12_pregnancy.pdf	CD013823_b12_pregnancy	Duggan 2014	published and unpublished data	24598885;31296936;28402324;32470975	.	NCT00641862	NCT00641862	24598885;31296936;28402324;32470975	PMC3985831;PMC10122513;PMC8141370;PMC7330478	4	4	yes	yes	direct_pubmed_link	Vitamin B-12 supplementation during pregnancy and early lactation increases maternal, breast milk, and infant measures of vitamin B-12 status;Anaemia and iron deficiency in pregnancy and adverse perinatal outcomes in Southern India;Vitamin B12 status in pregnant women and their infants in South India;Randomized trial of vitamin B12 in pregnant Indian women.;Vitamin B-12 supplementation during pregnancy and early lactation does not affect neurophysiologic outcomes in children aged 6 years	.	Duggan C, Srinivasan K, Thomas T, Samuel T, Rajendran R, Muthayya S, et al. Vitamin B-12 supplementation during pregnancy and early lactation increases maternal, breast milk, and infant measures of vitamin B-12 status. Journal of Nutrition 2014;144(5):758-64. [CENTRAL: CN-00989010] [EMBASE: 2014273285] [PMID: ] - PMC - PubMed Finkelstein JL, Kurpad AV, Bose B, Thomas T, Srinivasan K, Duggan C. Anaemia and iron deficiency in pregnancy and adverse perinatal outcomes in Southern India. European Journal of Clinical Nutrition 2019;74(1):112-25. [CENTRAL: CN-01960913] [EMBASE: 628527912] [PMID: ] -
second_pass	Cochrane_reviews/second_pass/CD013823_b12_pregnancy.pdf	CD013823_b12_pregnancy	Edelstein 1968	published data only	5641006	.	.	.	5641006	.	1	0	yes	no	direct_pubmed_link	Folic acid and vitamin B12 supplementation during pregnancy in a population subsisting on a sub-optimal diet	.	Edelstein T, Stevens K, Baumslag N, Metz J. Folic acid and vitamin B12 supplementation during pregnancy in a population subsisting on a sub-optimal diet. Journal of Obstetrics and Gynaecology of the British Commonwealth 1968;75(2):133-7. [CENTRAL: CN-00231500] - PubMed
second_pass	Cochrane_reviews/second_pass/CD013823_b12_pregnancy.pdf	CD013823_b12_pregnancy	Metz 1965	published data only	14297280	.	.	.	14297280	.	1	0	yes	no	direct_pubmed_link	Effect of folic acid and vitamin B12 supplementation on tests of folate and vitamin B12 nutrition in pregnancy	.	Metz J, Festenstein H, Welch P. Effect of folic acid and vitamin B12 supplementation on tests of folate and vitamin B12 nutrition in pregnancy. American Journal of Clinical Nutrition 1965;16:472-9. [CENTRAL: CN-00233439] - PubMed
second_pass	Cochrane_reviews/second_pass/CD013823_b12_pregnancy.pdf	CD013823_b12_pregnancy	Siddiqua 2016	published data only (unpublished sought but not used)	25648738	.	NCT01795131	NCT01795131	25648738	.	1	0	yes	no	direct_pubmed_link	Vitamin B12 supplementation during pregnancy [Role of vitamin B12 supplementation during pregnancy and postpartum to reduce nutritional anemia and improve immunity in Bangladeshi women and their infants].;Vitamin B12 supplementation during pregnancy and postpartum increases maternal plasma anti-influenza IgA and ameliorates infant's plasma AGP response;Vitamin B12 supplementation of Bangladeshi women during pregnancy and lactation increases vitamin B12 in breast milk and improves infant status;Vitamin B12 supplementation during pregnancy and postpartum improves B12 status of both mothers and infants but vaccine response in mothers only: a randomized clinical trial in Bangladesh;Vitamin B12 supplementation during pregnancy and postpartum of Bangladeshi women: effects on oxidative stress, pro-inflammatory cytokines and global DNA methylation	title_search_no_match	NCT01795131. Vitamin B12 supplementation during pregnancy [Role of vitamin B12 supplementation during pregnancy and postpartum to reduce nutritional anemia and improve immunity in Bangladeshi women and their infants]. clinicaltrials.gov/show/NCT01795131 (first received 20 February 2013). [CENTRAL: CN-01579081] Siddiqua T, Ahsan K, Ahmed S, Allen L, Raqib R. Vitamin B12 supplementation during pregnancy and postpartum increases maternal plasma anti-influenza IgA and ameliorates infant's plasma AGP response. FASEB Journal 2014;28(1 Suppl 1):Abstract 392.8. [CENTRAL: CN-01060790] [EMBASE: 71420840
second_pass	Cochrane_reviews/second_pass/CD013823_b12_pregnancy.pdf	CD013823_b12_pregnancy	Zec 2020	published data only	32302504	.	NCT03522428	NCT03522428	32302504	.	1	0	yes	no	direct_pubmed_link	Vitamin B12 pregnancy supplementation [Vitamin B12 supplementation in addition to folic acid and iron improves hematological and biochemical markers in pregnancy: a randomized controlled trial].;Vitamin B12 supplementation in addition to folic acid and iron improves hematological and biochemical markers in pregnancy: a randomized controlled trial	.	NCT03522428. Vitamin B12 pregnancy supplementation [Vitamin B12 supplementation in addition to folic acid and iron improves hematological and biochemical markers in pregnancy: a randomized controlled trial]. clinicaltrials.gov/show/nct03522428 (first received 6 April 2018). [CENTRAL: CN-01599500] - PubMed Zec M, Roje D, Matovinovic M, Anticevic V, Librenjak Skare L, Jeroncic A, et al. Vitamin B12 supplementation in addition to folic acid and iron improves hematological and biochemical markers in pregnancy: a randomized controlled trial. Journal of Medicinal Food 2020;23(10):1054-9. [CENTRAL: C
second_pass	Cochrane_reviews/second_pass/CD014803_omega3_depression_youth.pdf	CD014803_omega3_depression_youth	Fristad 2019	published data only	28157380;33285389;27819485;26682997	10.1016/j.jaac.2016.07.404; 10.1016/j.jad.2020.11.115	.	.	28157380;33285389;27819485;26682997	PMC5397211;PMC7856236;PMC6066443;PMC4691654	4	4	yes	yes	direct_pubmed_link	Omega-3 fatty acid plasma levels before and after supplementation: correlations with mood and clinical outcomes in the omega-3 and therapy studies;Long-term naturalistic follow-up of youth with mood disorders following omega-3 treatment and psychotherapy;Moody kids years later: long-term outcomes of youth from the omega-3 and therapy (OATS) studies;Pilot randomized controlled trial of omega-3 and individual-family psychoeducational psychotherapy for children and adolescents with depression;A randomized controlled trial of individual family psychoeducational psychotherapy and omega-3 fatty acids in youth with subsyndromal bipolar disorder	title_search_no_match	Arnold LE, Young AS, Belury MA, Cole RM, Gracious B, Seidenfeld AM, et al. Omega-3 fatty acid plasma levels before and after supplementation: correlations with mood and clinical outcomes in the omega-3 and therapy studies. Journal of Child and Adolescent Psychopharmacology 2017;27(3):223-33. [PMID: ] - PMC - PubMed Fristad MA, Black SR, Arnold LE. Long-term naturalistic follow-up of youth with mood disorders following omega-3 treatment and psychotherapy. Journal of the American Academy of Child & Adolescent Psychiatry 2016;55(10 Suppl 1):S335. [DOI: 10.1016/j.jaac.2016.07.404] - DOI Fristad MA
second_pass	Cochrane_reviews/second_pass/CD014803_omega3_depression_youth.pdf	CD014803_omega3_depression_youth	Gabbay 2018	published data only	29985566	.	.	.	29985566	PMC6625364	1	1	yes	yes	direct_pubmed_link	A double-blind placebo-controlled trial of omega-3 fatty acids as a monotherapy for adolescent depression;Randomized control trial of omega-3 fatty acids in adolescents with major depressive disorder	title_search_no_match	Gabbay V, Freed RD, Alonso CM, Senger S, Stadterman J, Davison BA, et al. A double-blind placebo-controlled trial of omega-3 fatty acids as a monotherapy for adolescent depression. Journal of Clinical Psychiatry 2018;79(4):17m11596. - PMC - PubMed Stadterman J, Freed RD, Ostrover R, Gabbay V. Randomized control trial of omega-3 fatty acids in adolescents with major depressive disorder. Journal of the American Academy of Child & Adolescent Psychiatry 2016;55(10):S168-9.
second_pass	Cochrane_reviews/second_pass/CD014803_omega3_depression_youth.pdf	CD014803_omega3_depression_youth	McNamara 2020	published data only	24915543;34214231;32167792;24772386	10.1111/bdi.13110	.	.	24915543;34214231;32167792;24772386	PMC5206765;PMC8720319;PMC7310320;PMC3998067	4	4	yes	yes	direct_pubmed_link	Effects of fish oil supplementation on prefrontal metabolite concentrations in adolescents with major depressive disorder: a preliminary 1H MRS study;#6191 – McNamara 2021 Fish oil supplementation alters emotion-generated corticolimbic functional connectivity in depressed adolescents at high-risk for bipolar I disorder: a 12-week placebo-controlled fMRI trial;Effects of fish oil monotherapy on depression and prefrontal neurochemistry in adolescents at high risk for bipolar I disorder: a 12-week placebo-controlled proton magnetic resonance spectroscopy trial;Detection and treatment of long-chain omega-3 fatty acid deficiency in adolescents with SSRI-resistant major depressive disorder	.	McNamara RK, Jandacek R, Rider T, Tso P, Chu WJ, Weber WA, et al. Effects of fish oil supplementation on prefrontal metabolite concentrations in adolescents with major depressive disorder: a preliminary 1H MRS study. Nutritional Neuroscience 2016;19(4):145-55. - PMC - PubMed McNamara RK, Li W, Lei D, Tallman MJ, Welge JA, Strawn JR, et al. #6191 – McNamara 2021 Fish oil supplementation alters emotion-generated corticolimbic functional connectivity in depressed adolescents at high-risk for bipolar I disorder: a 12-week placebo-controlled fMRI trial. Bipolar Disorders 2021;24(2):1-19. [DOI: 10.1
second_pass	Cochrane_reviews/second_pass/CD014803_omega3_depression_youth.pdf	CD014803_omega3_depression_youth	Nemets 2006	published data only	16741212	.	.	.	16741212	.	1	0	yes	no	direct_pubmed_link	Omega-3 treatment of childhood depression: a controlled, double-blind pilot study	.	Nemets H, Nemets B, Apter A, Bracha Z, Belmaker RH. Omega-3 treatment of childhood depression: a controlled, double-blind pilot study. American Journal of Psychiatry 2006;163(6):1098-100. - PubMed
second_pass	Cochrane_reviews/second_pass/CD014803_omega3_depression_youth.pdf	CD014803_omega3_depression_youth	Trebaticka 2020	published data only	34439504;33050072;33801688;28690672;32179212	10.3390/antiox10081256	.	.	34439504;33050072;33801688;28690672;32179212	PMC8389273;PMC7650679;PMC8066966;PMC5497377	5	4	yes	yes	direct_pubmed_link	Oxidative stress markers and antioxidant enzymes in children and adolescents with depressive disorder and impact of omega-3 fatty acids in randomised clinical trial;Lipid profile, lipoprotein subfractions, and fluidity of membranes in children and adolescents with depressive disorder: effect of omega-3 fatty acids in a double-blind randomized controlled study;The effect of omega-3 fatty acids on thromboxane, brain-derived neurotrophic factor, homocysteine, and vitamin D in depressive children and adolescents: randomized controlled trial;Emulsified omega-3 fatty-acids modulate the symptoms of depressive disorder in children and adolescents: a pilot study;Omega-3 fatty-acids modulate symptoms of depressive disorder, serum levels of omega-3 fatty acids and omega-6/omega-3 ratio in children: a randomized, double-blind and controlled trial	.	Katrencikova B, Vavakova M, Paduchova Z, Nagyova Z, Garaiova I, Muchova J, et al. Oxidative stress markers and antioxidant enzymes in children and adolescents with depressive disorder and impact of omega-3 fatty acids in randomised clinical trial. Antioxidants 2021;10(8):1-16. [DOI: 10.3390/antiox10081256] - DOI - PMC - PubMed Katrencikova B, Vavakova M, Waczulikova I, Oravec S, Garaiova I, Nagyova Z, et al. Lipid profile, lipoprotein subfractions, and fluidity of membranes in children and adolescents with depressive disorder: effect of omega-3 fatty acids in a double-blind randomized controll
