Study,Year,Data source,ID: CRS,Char: Methods,Char: Participants,Char: Interventions,Char: Outcomes,Char: Notes,Cov: Duration of low back pain
Ali 2019,2019,PUB,27908330,<p><b>Study design:</b> RCT</p><p><b>Recruitment period:</b> not reported</p><p><b>Statistical analysis:</b> an intention-to-treat analysis was done using 2 2 mixed ANOVA to test for the main effect for time and group and interaction effect (time X group) on the outcome measures.</p><p><b>Sample size calculation:</b> '30 subjects were to be recruited for a 12% change in score on the Oswestry low back pain disability questionnaire (OLPDQ) at an alpha level of 0.05 and power of 0.80.'</p>,"<p><b>Sample size:</b> total: 33, IG: Maitland mobilisation 17, CG: Mulligan mobilisation 16&nbsp;</p>
<p><b>Method of recruitment:</b> participants were recruited from physiotherapy and rehabilitation clinic of the university where the study was conducted.</p>
<p><b>Setting:</b> physiotherapy and rehabilitation clinic of the university</p>
<p><b>Country:</b> India</p>
<p><b>Baseline characteristics</b></p>
<ul>
 <li>Age in years, mean (SD): IG: 35.4 (3.71); CG 35.3 (3.13)</li>
 <li>Sex, number (%) women: not reported</li>
</ul>
<p><b>Duration of LBP:</b> &nbsp;&gt; 12 weeks for the population, not further specified</p>
<p><b>Inclusion criteria</b></p>
<ul>
 <li>Males and females aged between 20 and 45 years</li>
 <li>Suffering from low back pain for more than 12 weeks, with or without leg pain above the knee,&nbsp;</li>
 <li>Pain on numeric pain rating scale (NPRS) &gt; 3/10&nbsp;</li>
 <li>Back pain elicited or increased by active lumbar flexion or extension movement, and pain elicited by application of PA force on one or more lumbar vertebra</li>
</ul>
<p><b>Exclusion criteria</b></p>
<ul>
 <li>Subjects with any previous surgery of the spine</li>
 <li>History of spondylosis</li>
 <li>Spondylolisthesis</li>
 <li>Spine tumors</li>
 <li>Cauda equina syndrome</li>
 <li>Signs of neurological deficit</li>
 <li>Slipped intervertebral discs</li>
 <li>Ankylosing spondylitis</li>
 <li>Spinal infection</li>
 <li>Pregnancy</li>
</ul>","<p><b>IG</b>: Maitland mobilisation&nbsp;</p><ul><li><i>Description: '</i>subjects in group 1 received Maitland mobilization with central and unilateral posteroanterior (PA) glide on the lumbar vertebra which was hypomobile depending on the clinical finding. During mobilization of the lumbar spine, the patient was in a prone position with their hands by their sides on the treatment table, and the head turned comfortably to one side. The grades used were based on severity and irritability of the condition at the discretion of the therapist.'&nbsp;</li><li><i>Non-SMT component</i>: 'general exercises for the spine, abdomen, lower limbs, specific and localized exercises for the spinal segments and pelvic girdle in each treatment session. The purpose was mainly to mobilize hypomobile areas or to stretch paravertebral muscle tissue. The exercises were performed by doing 2 or 3 sets of 10-15 repetitions for each exercise, with 30 sec to 1min rest between each set.'</li><li><i>Duration/dose: </i>3 cycles of 60 seconds were applied at the hypomobile intervertebral level with a 1 min rest period. 16 sessions on 4 weeks.</li><li><i>Treatment provider: </i>not reported</li></ul><p><b>CG:</b><i> </i>Mulligan mobilisation</p><ul><li><i>Description</i>: 'The subjects in group 2 received SNAGs applied either centrally or unilaterally, to the symptomatic spinal levels with active lumbar flexion.'</li><li><i>Non-SMT component</i>: 'general exercises for the spine, abdomen, lower limbs, specific and localized exercises for the spinal segments, and pelvic girdle in each treatment session. The purpose was mainly to mobilize hypomobile areas or to stretch paravertebral muscle tissue. The exercises were performed by doing 2 or 3 sets of 10-15 repetitions for each exercise, with 30 sec to 1min rest between each set.'</li><li><i>Duration/dose: </i>Each SNAG was sustained for few seconds at the end of range of flexion. 2 to 3 sets of 4-6 repetitions were performed</li><li><i>Treatment provider: </i>not reported</li></ul>","<p><b>Critical outcomes:</b>&nbsp;</p><p><b>Pain: </b>NPRS (0-10). Subjects were asked to rate their current level of pain, as well as their worst and least amounts of pain in the past 24 h. The average of the 3 ratings represented the level of pain of the subject at that time point.</p><p><b>Functional status: </b>ODI</p><p><b>Recovery</b>: not reported</p><p><b>Important outcomes:</b> lumbar flexion and extension range of motion and EMG at L3 and L5</p><p><b>Adverse events:</b><i> </i>not reported</p><p><b>Follow up</b>: 4 weeks</p>",<p><b>Authors' results and conclusion:</b> 'The study reveals that addition of either Maitland or Mulligan mobilization techniques of the spine does not show a difference in the improvement of symptoms associated with non-specific chronic low back pain.'</p><p><b>Funding source:</b> no funding was received</p><p><b>Declarations of interest:</b><i> </i>none to declare</p>,Chronic
Balthazard 2012,2012,PUB,27908332,"<p><b>Study design:</b> RCT</p>
<p><b>Recruitment period:</b> not reported</p>
<p><b>Statistical analysis:</b> effect of treatment was analysed using a linear mixed model.</p>
<p><b>Sample size calculation: </b>recruitment was not successful (<i>comment reviewers</i>: the trial authors calculated that they needed 52 patients per group based upon the ODI - recruitment was stopped prematurely for financial reasons; no mention of the sample size for pain, although listed as a primary outcome).</p>","<p><b>Sample size:</b> total: 42, IG: SMT plus active exercise 22, CG: &nbsp;detuned ultrasound plus active exercise 20</p><p><b>Method of recruitment</b>: those subjects presenting for care</p><p><b>Setting</b>: one rheumatology clinic at a university hospital</p><p><b>Country</b>: Switzerland</p><p><b>Baseline characteristics</b></p><ul><li>Age in years, mean (SD): IG 44 (12); CG 42 (12)</li><li>Sex, number (%) women: IG 36%; CG 30%</li></ul><p><b>Duration of LBP:</b> not reported, but &gt; 12 weeks for the population.</p><p><b>Inclusion criteria&nbsp;</b></p><ul><li>Non-specific LBP with or without symptoms in the lower extremity for a period of 12 to 26 weeks'</li><li>Age 20-65 years.</li></ul><p><b>Exclusion criteria</b></p><ul><li>Spinal fracture or surgery within the previous 6 months</li><li>Pregnancy</li><li>Neoplasia</li><li>Spinal infection</li><li>Spinal inflammatory arthritis</li><li>Low back pain of visceral origin</li><li>Severe sensitive and/or motor radicular deficit from nerve root origin of less than 6 months</li><li>Score of 3/5 or more on the Waddell Score</li><li>On sick leave from work for 6 months or more</li><li>Psychiatric disorders</li><li>Opioid medication</li><li>Patient unable to collaborate (linguistic barrier; cognitive impairments)</li><li>Radiologic abnormalities other than degenerative disease</li><li>Clinical neurogenic claudication.'</li></ul>","<p><b>IG:</b> SMT plus active exercise &nbsp;</p><ul><li data-list-item-id=""e5f9cd3f54818c724de2c439a08659ac7""><i>Description</i>: 'One (or more) of the following techniques was used: a.) Passive accessory intervertebral movements: a central or unilateral posteroanterior pressure applied on painful or stiffed vertebral segment(s) with the patient lying prone; b.) Muscle-energy techniques: a hold-relaxed technique performed on an ilium dysfunction with the patient side-lying; c.) high-velocity, low-amplitude dynamic thrust (manipulation): a rotational-lateral flexion thrust performed on a stiffed vertebral segment(s) with the patient side lying.</li><li data-list-item-id=""ee9089247c3c007f7f2feae6d0838dfa2""><i>Non-SMT component</i>: &nbsp;'Active exercise consisted of the following: 1.) Mobility exercises: to be performed throughout the 8 therapeutic sessions in order to improve the patient’s spinal range of motion and pain; 2.) Pelvic tilt and low back lateral flexion exercises; 3.) Passive stretching exercises given following the 2nd session; and 4.) Motor control exercises were given at the 4th session for active recruitment of stabilizing trunk muscles. The physiotherapy evaluation (45 minutes) included: a standard physiotherapy assessment for non-specific low back pain; 2) educational information on the low back anatomy and biomechanics, ways to protect the spine during activities of daily living and rest during episodes of pain (presented in a 6-page booklet); 3) 2 home mobility exercises (pelvic tilt and low back lateral flexion, in supine), to be performed twice a day, 2 sets of 10 repetitions. After the 3rd or 4th therapeutic session, the recommendation of home exercises changed to stretching and motor control exercises (see active exercises for dosage and progression). Home exercises were reviewed at the beginning of each therapeutic session and recorded daily by patients in a diary.'</li><li data-list-item-id=""e58a8e8daa60749b3daa5b1b027f3f2a2""><i>Duration/dose: '</i>The therapeutic sessions (30 minutes) consisted of 5 to 10 minutes of MT intervention followed by active exercises. Treatments consisted of a physiotherapy evaluation and 8 therapeutic sessions (1–2 sessions per week) over a period of 4 to 8 weeks.'</li><li data-list-item-id=""e34209da6dd6bc8e64cd5487710c4c137""><i>Treatment provider: </i>performed by a single physiotherapist with 15 years of experience</li></ul><p><b>CG</b>: detuned ultrasound plus active exercise</p><ul><li data-list-item-id=""e58c0a32f02889efc1f7620ce33af9b93""><i>Description</i>: 'relied on detuned ultrasound on the patient’s painful and/or inflammatory site. &nbsp;Active exercise consisted of the following: 1.) Mobility exercises: to be performed throughout the 8 therapeutic sessions in order to improve the patient’s spinal range of motion and pain; 2.) Pelvic tilt and low back lateral flexion exercises; 3.) Passive stretching exercises given following the 2nd session; and 4.) Motor control exercises were given at the 4th session for active recruitment of stabilizing trunk muscles. The physiotherapy evaluation (45 minutes) included: a standard physiotherapy assessment for non-specific low back pain; 2) educational information on the low back anatomy and biomechanics, ways to protect the spine during activities of daily living and rest during episodes of pain (presented in a 6-page booklet); 3) 2 home mobility exercises (pelvic tilt and low back lateral flexion, in supine), to be performed twice a day, 2 sets of 10 repetitions. After the 3rd or 4th therapeutic session, the recommendation of home exercises changed to stretching and motor control exercises (see active exercises for dosage and progression). Home exercises were reviewed at the beginning of each therapeutic session and recorded daily by patients in a diary.'</li><li data-list-item-id=""e37eb1e50e41193404e59ff0bfb35eea5""><i>Duration/dose: '</i>The therapeutic sessions (30 minutes) consisted of detuned ultrasound followed by active exercises. Treatments consisted of a physiotherapy evaluation and 8 therapeutic sessions (1–2 sessions per week) over a period of 4 to 8 weeks.'</li><li data-list-item-id=""eb385a42e4e72f56dcb48c4884840393a""><i>Treatment provider: </i>delivered by 2 physiotherapists with 5 and 25 years of working experience at the rheumatology unit.&nbsp;</li></ul>","<p><b>Critical outcomes:&nbsp;</b></p><p><b>Pain: </b>VAS (0-10). Subjects were asked to rate their average pain during the last 48 hours and current pain&nbsp;</p><p><b>Functional status</b>: ODI</p><p><b>Recovery</b>: not reported</p><p><b>Important outcomes:</b> &nbsp;FABQ (subscales: a four-item physical activity subscale (FABQ-pa) and seven-item work subscale (FABQ-wk), Sorensen test (evaluates the erector spinae muscles endurance) and Shirado test (assesses the abdominal muscles endurance).</p><p><b>Adverse events:</b> any adverse event</p><p><b>Follow up:</b> following the 8th therapeutic session, and at 3- and 6 months after the end of treatment</p>","<p><b>Authors' results and conclusion:</b> 'This study confirmed the immediate analgesic effect of manual therapy over sham therapy. Followed by specific active exercises, it reduces significantly functional disability and tends to induce a larger decrease in pain intensity compared to the control group.' '...This study provides insufficient evidence for an effect of manual therapy on FABQ-wk, FABQ-pa, or Sorensen scores.'</p><p><b>Funding source:</b> DO-RE Funds of the Swiss National Science Foundation (13DPD3-109903).</p><p><b>Declarations of interest: </b>none to declare.</p><p><b>Comments reviewer:</b> The population was smaller than estimated prior to the study. The authors calculated that 52 patients per group were needed (i.e. 104 in total), but only 42 were recruited. Additionally, patient recruitment was provided exclusively by one rheumatology clinic at a university hospital; therefore, the findings might be limited for non-specific LBP. The authors note, 'This may have contributed in selecting patients with more inflammatory signs and higher severity of disease; however, strict criteria of selection.... were used in order to exclude patients with a bad prognosis...'</p>",Chronic
Bialosky 2014,2014,PUB,27908334,<p><b>Study design:</b> RCT</p><p><b>Recruitment period:</b> not reported</p><p><b>Statistical analysis:</b> 'Separate mixed-model ANOVAs were used to test for treatment effect.'</p><p><b>Sample size calculation:</b> recruitment was successful ('28 subjects per treatment group were recruited to account for potential dropouts.')</p>,"<p><b>Sample size:</b> total: 110, IG: SMT 28, CG1: standard SMT placebo 27, CG2: enhanced SMT placebo group 27, CG3: no-treatment control 28</p>
<p><b>Setting</b>: University of Florida and Health Science Center</p>
<p><b>Method of recruitment</b>: advertisement</p>
<p><b>Country:</b> USA</p>
<p><b>Baseline Characteristics</b></p>
<ul>
 <li>Age in years, mean (SD): Overall: 31.68 (11.85); IG: 32.07 (10.98); CG1: 33.22 (13.29); CG2: 31.56 (11.85); CG3: 29.85 (12.09)</li>
 <li>Sex, number (%) women: Overall: 70%; IG: 75%; CG1: 63%; CG2: 74%; CG3: 68.0%</li>
</ul>
<p><b>Duration of LBP:</b> in weeks, median (interquartile range): Overall 16.03 (153); IG: 12 (164.50); CG1: 24 (100); CG2: 36 (543); CG3:(108)&nbsp;</p>
<p>Duration of LBP was not a consideration for inclusion/exclusion from the study because we wished to include a full range of individuals with LBP for ecological validity, whereas anticipating individuals with LBP more chronic in nature would predominate because of our recruitment strategy.&nbsp;</p>
<p><b>Inclusion criteria</b></p>
<ul>
 <li>Participants between the ages of 18 and 60</li>
 <li>Currently experiencing mechanical LBP ≥ 4/10 at its worst over the past 24 hours on a NPRS</li>
</ul>
<p><b>Exclusion criteria</b></p>
<ul>
 <li>Pain or paraesthesia below the knees</li>
 <li>Potential non-musculoskeletal causes of LBP as indicated by unexplained weight loss of greater than 10 pounds, fever corresponding to LBP, non-mechanical pain, and bowel or bladder dysfunction&nbsp;</li>
 <li>Surgery to the low back within the past 6 months</li>
 <li>Systemic illness known to affect sensation, that is, diabetes</li>
 <li>Chronic pain condition unrelated to LBP</li>
 <li>Fracture as the cause of LBP</li>
 <li>Pregnancy</li>
</ul>","<p>'All participants receiving the SMT were instructed through the informed consent process that they would receive either a studied SMT or a placebo intervention and were provided no additional information regarding which intervention they received.'</p><p><b>IG:</b><i> </i>SMT<i>&nbsp;</i></p><ul><li data-list-item-id=""e1a83b5a32bfc48ba788519c200d593ae""><i>Description:</i> 'The SMT group received an SMT previously shown to be effective in the treatment of some individuals experiencing LBP. The SMT was performed 2 times on each side.'</li><li data-list-item-id=""e996ab7961fe80e7f294210861e753086""><i>Non-SMT component: </i>none</li><li data-list-item-id=""e35343106535a573ed19249703842425a""><i>Duration/dose: </i>'Participants receiving the SMT and both placebo groups were scheduled for 5 additional sessions during the next 2 weeks to receive their assigned intervention.'</li><li data-list-item-id=""e1c99b500fb739ae850b9f43457b206f6""><i>Treatment provider: </i>two licensed physical therapists</li></ul><p><b>CG1:</b> standard SMT vs sham SMT, described as placebo SMT by trialists<i>&nbsp;</i></p><ul><li data-list-item-id=""ee01574761349286945548a7ac5162b53""><i>Description: '</i>The standard SMT placebo group received a placebo SMT. The novel placebo was intended to mimic the studied SMT; however, it differed biomechanically. A thrust of similar force to the studied SMT was then applied to the contralateral anterior superior iliac spine of the pelvis directly into the table. Additionally, the applied load was to a spine positioned vastly differently from typical clinical practice and not done with therapeutic intent. The placebo SMT was performed 2 times on each side.'</li><li data-list-item-id=""e68f058e97e3114ed4fd1fe79a878fdd6""><i>Non-SMT component: </i>none</li><li data-list-item-id=""ed49453f394a902383e0d24e301138a42""><i>Duration/dose: '</i>Participants receiving the SMT and both placebo groups were scheduled for 5 additional sessions during the next 2 weeks to receive their assigned intervention.'</li><li data-list-item-id=""e10fa77e8d19ec6906b22a2acb4018af3""><i>Treatment provider: </i>two licensed physical therapists</li></ul><p><b>CG2:</b><i><b> </b></i>Enhanced SMT vs sham SMT, described as placebo SMT by trialists</p><ul><li data-list-item-id=""ebfbf43ec4e706c735387759035a2eaa7""><i>Description: '</i>The enhanced SMT placebo group received the same placebo as the standard placebo group. They were told, 'The manual therapy technique you will receive has been shown to significantly reduce low back pain in some people' immediately prior to the first intervention and subsequent intervention sessions. The enhanced placebo SMT group received the placebo SMT 2 times on each side.'</li><li data-list-item-id=""e39a2edbc9399f316222268dc03a1ae92""><i>Non-SMT component: </i>none</li><li data-list-item-id=""e4e7baee41bdf33aedac5b212ebb813a4""><i>Duration/dose: </i>'Participants receiving the SMT and both placebo groups were scheduled for 5 additional sessions during the next 2 weeks to receive their assigned intervention.'</li><li data-list-item-id=""e7924456422e5f8663615ffe7e46675fc""><i>Treatment provider: </i>two licensed physical therapists</li></ul><p><b>CG3:</b> No treatment control</p><ul><li data-list-item-id=""e8988026e7e03173c193985b9a9717395""><i>Description: '</i>sat quietly for 5 minutes during the initial session.'</li><li data-list-item-id=""e8afa7bacedb604c1cda99de01d2eb039""><i>Duration/dose: </i>not applicable</li><li data-list-item-id=""eba0551a7cb35cbbbeeb15d3c9de1b96e""><i>Treatment provider: </i>not applicable</li></ul>","<p><b>Critical outcomes:&nbsp;</b></p><p><b>Pain:</b> &nbsp;NPRS (0-100) pain intensity ('usual pain over the past week')</p><p><b>Functional status:</b> ODI</p><p><b>Recovery</b>: not reported</p><p><b>Important outcomes:</b> participant satisfaction, believability of the placebo, and pain sensitivity was assessed in various manners immediately following treatment: mechanical pain sensitivity (quantified through a mechanical VAS 0-100), thermal pain sensitivity (using the Medoc Neurosensory Analyzer), suprathreshold heat response (quantified through a NRS 0-100), aftersensation, and flexion, extension, right and left range of motion.</p><p><b>Adverse events:</b> A written log of injuries/adverse events&nbsp;</p><p><b>Follow up: </b>immediately following treatment and at 2 weeks</p>",<p><b>Authors' results and conclusions:</b> 'Immediate attenuation of suprathreshold heat response was greatest following SMT (P = .05). Group-dependent differences were not observed for changes in pain intensity and disability at 2 weeks. Participant satisfaction was greatest following the enhanced placebo SMT...The results of this study indicate that attenuation of pain sensitivity is greater in response to SMT than the expectation of receiving SMT. These findings suggest a potential mechanism of SMT related to lessening of central sensitization and may indicate a pre-clinical effect beyond the expectations of receiving SMT.'</p><p><b>Funding source:</b> University of Florida Research Opportunity Fund.<br><b>Declarations of interest: </b>The authors acknowledge that they have no conflict of interest or financial involvement with any commercial organization that has a direct interest in any matter included in their manuscript. The principal author received support from the Rehabilitation Research Career Development Program and colleagues received support from the National Center for Complementary and Alternative Medicine (NCCAM).</p>,Subacute and chronic
Blanco-Giménez 2024,2024,PUB,27908336,"<p><b>Study design: </b>RCT</p><p><b>Recruitment period:</b> not reported</p><p><b>Statistical analysis:</b> repeated measurement analysis of covariance (ANCOVA)</p><p><b>Sample size calculation: '</b>the calculation was based on the primary outcome of ""Pain Perception"" and considered an effect size of Cohen’s d coefficient of 0.44, based on the findings from a previous study, a power of 0.90, an alpha error of 0.05, and three groups. A total of 45 participants (fifteen subjects per group) were needed during follow-up (15%)...., three more participants considering dropout (18 participants * group) were used with a total of 54 participants. The selected effect size fell within the small category (0.20–0.59).'</p>","<p><b>Sample size: </b>total: 55, IG: Manual therapy and exercise therapy 18, CG1: Exercise therapy 19&nbsp; CG2: Exercise therapy and Kinesiotaping 18&nbsp;<br><b>Setting:</b> general orthopaedic clinic</p><p><b>Method of recruitment</b>: Participants were recruited through advertisements for “a novel mind–body clinical study of CLBP” in flyers</p><p><b>Country</b>: Spain</p><p><b>Baseline characteristics</b></p><p>Age in years, mean (SD): total: 43.37 (15.10); IG: 45.18 (14.11); CG1: 41.75 (15.28); CG2: 49.18 (15.89)</p><p>Sex number (%) women: total: 56.25% ; IG: 56.25%; CG1: 52.94%; CG2: 60%</p><p><b>Duration of LBP:</b> chronic LBP, not further specified</p><p><b>Inclusion criteria</b></p><ul><li>Age between 18 and 65 years</li><li>Medical diagnosis of chronic LBP confirmed by an orthopaedic specialist</li><li>Maximum value of 20% (mild disability) by ODI.</li></ul><p><b>Exclusion criteria</b></p><ul><li>Previous or scheduled surgeries in the lower back and abdominal area</li><li>Presence of severe fractures or pathologies</li><li>Diagnosis of radiculopathy or neuropathy (with or without spinal canal stenosis)</li><li>Structural deformity in the spinal column</li></ul>","<p><b>IG:</b> Manual therapy and exercise therapy</p><ul><li><i>Description</i>: a single high-velocity manipulation using a side-lying position</li><li><i>Non-SMT component:</i> core stabilization exercise program, composed of three sets of specific lumbopelvic exercises</li><li><i>Duration/dose: </i>2 times a week for 12 weeks, 5 minutes of manual therapy, 60 minutes of exercises</li><li><i>Treatment provider:</i> physical specialist with eight years of experience</li></ul><p><b>CG1</b>:&nbsp;<i> </i>Exercise therapy</p><ul><li><i>Description: </i>core stabilization exercise program, composed of three sets of specific lumbopelvic exercises</li><li><i>Duration/Dose: </i>2 sets of 24 exercises( static exercise 30 seconds hold and dynamic exercise 10 repetitions) (60 min), 2 times a week for &nbsp;12 weeks&nbsp;</li><li><i>Treatment provider:</i> physiotherapist with 10 years of experience</li></ul><p><b>CG2</b>: &nbsp;Kinesiotaping and exercise therapy</p><ul><li><i>Description: </i>core stabilization exercise program, composed of three sets of specific lumbopelvic exercises. Elastic tape applied to the lower back at the beginning of the sessions and removed after completion of the training program</li><li><i>Duration/Dose: </i>2 sets of 24 exercises( static exercise 30 seconds hold and dynamic exercise 10 repetitions) (60 min), 2 times a week for 12 weeks&nbsp;</li><li><i>Treatment provider:</i> physiotherapist with 10 years of experience</li></ul>","<p><b>Major outcomes</b>:&nbsp;</p><p><b>Pain</b>: VAS (0-10)</p><p><b>Functional status:</b> Oswestry Disability Index (0-100)</p><p><b>Recovery</b>: not reported</p><p><b>Minour outcomes</b>: Tamp scale of kinesiophobia, Pain catrastrophizing scale, self-efficacy questionnaire (Graded chronic pain scale), pain sensitivity, surface EMG</p><p><b>Adverse events: </b>are reported but no description on how they were measured.<br><b>Follow-up:</b> at 3, 6 and 12 weeks</p>","<p><b>Authors' results and conclusions</b>: 'Based on the significant differences observed in ODI scores in the short, medium, and long term (3, 6, and 12 weeks, respectively), the Exerciser therapy + manual therapy approach may be a favorable option for improving disability in patients with CLBP (ODI &lt; 20%) compared to other modalities.' Although all therapies improved chronic lower back pain,&nbsp;it is unclear whether any of the three interventions provided clinical benefits in addition to the exercised isolated that was being obtained. Modest improvements&nbsp;were found in all groups, and these improvements were&nbsp;maintained up to the 12 weeks follow-up.'</p><p><b>Funding source:</b> This research did not receive any specific grant from funding agencies in the public, commercial, or not-for-profit sectors</p><p><b>Declarations of interest: </b>The authors declare no competing interests</p>",
Bond 2020,2020,PUB,27908340,"<p><b>Study design:</b> RCT</p><p><b>Recruitment period:</b> from January 2016 to April 2016</p><p><b>Statistical analysis: '</b>effect of treatment was analysed using a mixed analysis of variance to test for a group (SMT, sham SMT) × time (pre first intervention to 3 weeks) interaction for clinical outcomes (NPRS and ODI). If testing revealed a significant group × time interaction, they performed contrasts to determine within-group changes. es using a paired-samples t-test.'</p><p><b>Sample size calculation: '</b>assuming 80% statistical power and .05 alpha level, a sample size of 12 was required for each group in the study. Presuming a drop-out rate of 20%, the sample size needed was 30 subjects in total.'</p>","<p><b>Sample size:</b> total: 29, IG: SMT 15, CG: Sham SMT 14</p><p><b>Setting:</b> campuses of two universities</p><p><b>Method of recruitment:</b> not reported (only stated, 'We recruited persons from campuses of two universities.').</p><p><b>Country: </b>USA</p><p><b>Baseline Characteristics</b></p><ul><li data-list-item-id=""ef4673ffc17db018969296a212f14777e"">Age in years, (mean (SD)): IG 24.29 (7.33); CG 23.47 (3.94)</li><li data-list-item-id=""e7443de01f7f80c03a3b18964dd5840dc"">Sex, number (%) women: IG: 43%; CG: 33%</li></ul><p><b>Duration of LBP:</b> Overal in months, mean (SD): 44.00 (28.07)&nbsp;</p><p><b>Inclusion criteria</b></p><ul><li data-list-item-id=""ef790dd77af8f869e2b70c657cb37286c"">Chronic nonspecific low back pain (&gt; 12 weeks duration)</li><li data-list-item-id=""e2055ea648433f497a3a5ef6ad9cbe279"">Low back pain rated ≥ 3/10 at its worst over the past 24h on a NPRS</li><li data-list-item-id=""eda701b53625c09624e2c6b2001ba402c"">Male or female subjects between the ages of 18 and 60 years</li><li data-list-item-id=""e426ae5b1fd73b5bbe9647fdd7fa097b0"">Ability to read and understand English; currently not involved in litigation.</li></ul><p><b>Exclusion criteria</b></p><ul><li data-list-item-id=""e174b94413e5763f5bba530ef41a0481d"">Chronic low back pain patients were excluded if they reported any contraindications for SMT</li></ul>","<p><b>IG: </b>SMT</p><ul><li><i>Description</i>: 'SMT involved the patient lying supine with the spine in a position of lateral bending and rotation followed by a high-velocity, low-amplitude force applied to the lumbopelvic region. As reported in previous studies, each subject received two high-velocity low-amplitude thrusts to both sides of the pelvis, alternating between the left and right sides.'</li><li><i>Non-SMT component</i>: none</li><li><i>Duration/dose: '</i>Each participant received four high-velocity, low-amplitude thrusts (two left-sided and two right-sided) regardless of whether or not cavitation (‘popping’) occurred during the procedure. 3 treatments per week for 2 consecutive weeks (6 treatments).'</li><li><i>Treatment provider: </i>2 licensed clinicians (physical therapist and/ or chiropractor) with greater than 8 years of manual therapy experience.</li></ul><p><b>CG: </b>Sham SMT&nbsp;</p><ul><li><i>Description</i>: 'Sham SMT placed the patient in the supine position, but without accompanying lateral bending and rotation of the spine (neutral spine position) followed by a high-velocity low amplitude force applied to the table.'</li><li><i>Non-SMT component</i>: none</li><li><i>Duration/dose: '</i>Each participant received four high-velocity, low-amplitude thrusts (two left-sided and two right-sided) regardless of whether or not cavitation (‘popping’) occurred during the procedure. 3 treatments per week for 2 consecutive weeks (6 treatments).'</li><li><i>Treatment provider: </i>2 licensed clinicians (physical therapist and/ or chiropractor) with greater than 8 years of manual therapy experience</li></ul>","<p><b>Critical outcomes:</b></p><p><b>Pain: </b>NPRS (0-10)</p><p><b>Functional status:</b> ODI</p><p><b>Recovery</b>: not reported</p><p><b>Important outcomes:</b> pain sensitivity, change in medication, spinal joint cavitation, onset of new injuries/exacerbations, and believability of group assignment.</p><p><b>Adverse events:</b><i> </i>A single adverse event of transient (&lt; 48 h) local, mild joint discomfort was reported in the SMT group</p><p><b>Follow up:</b> at 3 weeks</p>","<p><b>Authors' results and conclusion: </b>'Following a 3-week course of SMT or sham SMT in CNSLBP patients, we found hypoalgesia at local and regional sites along with improved pain and low back-related disability. However, there was no difference between the two interventions in terms of PPT or clinical outcomes (NPRS and ODI), indicating that the method of SMT force application may not signify a fundamental influence on biological outcomes.'</p><p><b>Funding source:</b> National Chiropractic Mutual Insurance Company Foundation.</p><p><b>Declarations of interest:</b><i> </i>none to declare</p>",Chronic
Bronfort 2011,2011,PUB,3269093,"<p><b>Study design:</b> RCT</p><p><b>Recruitment period:</b> not described</p><p><b>Statistical analysis:</b> 'analysis of covariance (ANCOVA) was used to analyze for differences between the three groups in all patient rated outcomes at 4, 12, 26, and 52 weeks post-randomization.</p><p><b>Sample size calculation:</b> recruitment was successful (Trial authors calculated that they needed 85 individuals per group; based upon a drop-out rate of 15%, they calculated that they needed a total of 300 subjects (100 per group)).</p>","<p><b>Sample size: </b>total 301, IG: SMT 100, CG1: Supervised exercise therapy<i> </i>100, CG2: Home exercise and advice 101</p>
<p><b>Setting:</b> the Wolfe-Harris Center for Clinical Studies at the Northwestern Health Sciences University</p>
<p><b>Method of recruitment:</b> local newspaper advertisements, community posters, and postcard mailings</p>
<p><b>Country: </b>USA.</p>
<p><b>Baseline characteristics</b></p>
<ul>
 <li>Age in years, mean (SD): Overall: 45.1 (11.0); IG: 45.2 (10.8); CG1: 44.5 (11.8); CG2: 45.6 (10.3)</li>
 <li>Sex, number (%) women: Overall: 60.5%; IG: 66.0%; CG1: 57.0 %; CG2: 58.4%</li>
</ul>
<p><b>Duration of LBP</b>: Overall in years, median (range): 5.0 (0.0-51.0); IG: 5.0 (0.2-51.0); CG1: 4.8 (0.1-47.0); CG2: 5.0 (0.0-40.0)</p>
<p><b>Inclusion criteria</b></p>
<ul>
 <li>18 to 65 years of age who had a primary complaint of mechanical LBP of at least 6-week duration&nbsp;</li>
 <li>With or without radiating pain to the lower extremity&nbsp;</li>
</ul>
<p><b>Exclusion criteria</b></p>
<ul>
 <li>Previous lumbar spine fusion surgery</li>
 <li>Progressive neurological deficits</li>
 <li>Aortic or peripheral vascular disease</li>
 <li>Pain scores of less than 3 (0–10 scale)</li>
 <li>pending or current litigation</li>
 <li>ongoing treatment for back pain by other health care providers</li>
</ul>","<p><b>IG: </b>SMT&nbsp;</p><ul><li data-list-item-id=""ef07e63e287d3e44dadc44c39909fa2b1""><i>Description:</i> 'Spinal manipulative therapy was delivered by nine experienced chiropractors, each of whom determined the frequency and number of treatments for each participant. Visits typically occurred 1 to 2 times per week and lasted 15 to 30 minutes. Short-lever, low-amplitude, high-velocity SMT was applied to specific areas of the low back and sacroiliac regions, identified by assessment of joint motion restriction and pain provocation. Treatment decisions were based on participants’ response to care; treatment plans were modified if there was no change, a worsening of back pain, or dissatisfaction with care. Participants were discharged from care if the treating clinician felt that maximum clinical benefit was obtained.'</li><li data-list-item-id=""e35d6a2b98861d64ec6c44bc43e677e4b""><i>Non-SMT component:</i> 'Adjunct modalities, limited to a few minutes of soft-tissue massage, ice, or heat, were used to facilitate SMT at the discretion of the chiropractor.'</li><li data-list-item-id=""e0cea9f61236a538aec7fcf0e2ad613d9""><i>Duration/dose</i>: 'Participants were discharged from care if the treating clinician felt that maximum clinical benefit was obtained. ' Maximum of 12 weeks of care</li><li data-list-item-id=""e7791a65b09e5361f442a5ac5481dee07""><i>Treatment provider: </i>nine chiropractors</li></ul><p><b>CG1:</b><i> </i>Supervised exercise therapy<i>&nbsp;</i></p><ul><li data-list-item-id=""e9be1b7d0e8f3760467c81d90f3ed3b7e""><i>Description:</i> 'Exercises focused on the low back and abdominal musculature, and the program was individualized in terms of intensity (e.g., repetitions and difficulty) according to the patients’ abilities. The delivery method was one-on-one supervision and was considered high dose. The patients perform exercises emphasizing a high number of repetitions and progressive increase in muscle load. The patients performed a series of six static stretches focused on the lumbar, gluteal, and hamstring musculature before and after strengthening. The main focus of the program was dynamic trunk strengthening exercises (trunk extensions and leg extensions) and abdominal exercises using low-tech methods. Three sets of trunk extensions and leg extensions were performed on a stable bench (also known as a Roman chair). Three sets of two types of anterior abdominal exercises were performed: abdominal curl ups on the floor and on a gym ball.'</li><li data-list-item-id=""e6c69e5a1dee3095644f723ee5c71406c""><i>Duration/dose:</i> 'The patients were asked to attend 20, 1-hour sessions (approximately twice per week).' </li><li data-list-item-id=""ef482443fd7b535925350a73d61749e68""><i>Treatment provider: </i>15 exercise therapists under the supervision of study clinicians.</li></ul><p><b>CG2: </b>Home exercise and advice&nbsp;</p><ul><li data-list-item-id=""ec8d7780db56ff0f1335c9ba4c2206ad6""><i>Description:</i> 'Individualized sessions included advice and instruction on self-care measures, such as the use of ice and heat, ergonomic recommendations for home and work, and demonstration of good lifting techniques. Simple stretching and strengthening exercises, including lumbar extension, bridging, and abdominal crunches, were demonstrated and practiced with patient participation. Study participants were given a book and laminated cards describing these exercises and were encouraged to perform them at home on a daily basis. The patients were followed up in person 1 to 2 weeks later and then instructed to continue with the exercises on their own for the remainder of the intervention phase. We considered the program to be of low dose because of the simplicity of the exercises, time required to perform them (2–3 minutes per series), and low number of provider visits.'</li><li data-list-item-id=""e0dfee5db8967c1e4a229563fb1115c92""><i>Duration/dose:</i> two, 1-hour appointments</li><li data-list-item-id=""e43d1ef7136fb29da8aff27e46bff6aae""><i>Treatment provider: </i>11 chiropractors and exercise therapists</li></ul>","<p><b>Critical outcomes:</b></p><p><b>Pain:</b> NPRS (0-10)</p><p><b>Functional status:</b> modified RMDQ</p><p><b>Recovery</b>: patient-perceived global improvement (9-point ordinal scale)</p><p><b>Important outcomes:</b> general health: 36-Item Short Form Health Survey (Version 2), the frequency of pain medication use for their LBP over the past week, treatment satisfaction (7-point scale), trunk performance measures: lumbar dynamic motion (rotation, side bending, flexion-extension, and circumduction) was assessed with the CA 6000 Spine Motion Analyzer, isometric trunk flexion and extension strength was measured with a computerized digital myograph. Muscle endurance of trunk flexors and extensors: the length of time the patient was able to maintain an unsupported upper body in the prone and supine position recorded in seconds. Additional health care use by non-study providers was documented in the self-report questionnaires.</p><p><b>Adverse events</b><i>:</i> serious and non-serious events were recorded in the patient records, and classified according to pre-specified criteria based on US federal guidelines.<br><b>Follow-up:</b> Self-reported questionnaires: two baseline assessments and at 4, 12, 26, and 52 weeks post-randomization.Objective outcome assessments (including lumbar range of motion, strength, and endurance) at baseline and week 12.</p>","<p><b>Authors' results and conclusions:</b> 'For CLBP, supervised exercise was significantly better than chiropractic spinal manipulation and home exercise in terms of satisfaction with treatment and trunk muscle endurance and strength. Although the short- and long-term differences between groups in patient-rated pain, disability, improvement, general health status, and medication use consistently favoured the supervised exercise group, the differences were relatively small and not statistically significant for these individual outcomes.'</p><p><b>Funding source: </b>Northwestern Health Sciences University HRSA/Maternal and Child Health Bureau Berman Center for Outcomes and Clinical Research.</p><p><b>Declarations of interest: </b>The principal author has no conflicts of interest; a full disclosure is provided in the publication.</p>",Subacute and chronic
Bronfort 2014,2014,PUB,27908345,"<p><b>Study design:</b> RCT</p><p><b>Recruitment period:</b> between 2007 and 2010</p><p><b>Statistical analysis:</b> 'the primary outcome was modelled with mixed-effects regression over baseline (the average value obtained at the 2 baseline visits) and 3, 12, 26, and 52 weeks. After assuming that group means were the same at baseline, the additional terms in the model were time (as a categorical variable) and site-bygroup and time-by-group interactions. The site-by-group interaction was removed if it was not significant at the 0.05 level. Because they tested between-group differences at 2 primary endpoints, they used the Bonferroni method to control for 2 tests. The secondary outcome variables were analyzed with the same methods as the primary outcome but without controlling for multiple testing.'</p><p><b>Sample size calculation:</b> 'sample size was calculated to ensure 85% power to detect an 8–percentage point mean difference between groups in patient-rated leg pain; 8 to 11 percentage points have been recommended as a minimally important group difference in pain and disability for LBP studies. They assumed an SD of 17 percentage points and 17% loss to follow-up based on our latest pilot study and a 0.05 level of significance for a 2-tailed test at one endpoint to calculate a target sample size of 96 patients per group.'</p>","<p><b>Sample size: </b>total 192, IG: SMT plus home exercise and advice 96, CG: home exercise and advice 96</p>
<p><b>Setting: </b>general population</p>
<p><b>Method of recruitment: </b>patients were recruited through newspaper advertisements, direct mail, and community posters.</p>
<p><b>Country:</b> USA</p>
<p><b>Baseline characteristics</b></p>
<ul>
 <li>Age in years, mean (SD): IG: 57.10 (12.00); CG: 57.70 (11.90)</li>
 <li>Sex, number (%) women: IG: 59%; CG: 68%</li>
</ul>
<p><b>Duration of LBP:</b> Overall in weeks, mean: 104 weeks&nbsp;</p>
<p><b>Inclusion criteria</b></p>
<ul>
 <li>Age 21 years or older</li>
 <li>Back-related leg pain based on Quebec Task Force on Spinal Disorders classifications 2, 3, 4, or 6 (radiating pain into the proximal or distal part of the lower extremity, with or without neurologic signs)</li>
 <li>Severity of 3 or greater (scale of 0 to 10)</li>
 <li>A current episode of 4 weeks or more</li>
 <li>A stable prescription medication plan in the previous month</li>
</ul>
<p><b>Exclusion criteria</b></p>
<ul>
 <li>Quebec Task Force on Spinal Disorders classifications of 1, 5, 7, 8, 9, 10, and 11 (pain without radiation into the lower extremities</li>
 <li>Progressive neurologic deficits,&nbsp;</li>
 <li>Cauda equina syndrome</li>
 <li>Spinal fracture</li>
 <li>Spinal stenosis</li>
 <li>Surgical lumbar spine fusion</li>
 <li>Several incidents of lumbar spine surgery</li>
 <li>Chronic pain syndrome</li>
 <li>Visceral diseases</li>
 <li>Compression fractures&nbsp;</li>
 <li>Metastases</li>
 <li>Blood clotting disorders</li>
 <li>Severe osteoporosis</li>
 <li>Inflammatory or destructive tissue changes of the spine</li>
 <li>Patients could not be receiving ongoing treatment of leg pain or LBP</li>
 <li>Be pregnant or nursing</li>
 <li>Have current or pending litigation for worker’s compensation, disability, or personal injury</li>
 <li>Be unable to read or comprehend English</li>
 <li>Have evidence of substance abuse</li>
</ul>","<p><b>IG:</b> SMT + home exercise and advice</p><ul><li data-list-item-id=""e7dfe1b991d0dc760640b7fe3505667fb""><i>Description</i>: 'For SMT visits, the primary focus of treatment was on manual techniques (including high-velocity, low amplitude thrust procedures or low-velocity, variable amplitude mobilization maneuvers to the lumbar vertebral or sacroiliac joints). The specific spinal level treated and the number and frequency of SMT visits were determined by the clinician on the basis of patient-reported symptoms, palpation, and pain provocation tests.'</li><li data-list-item-id=""eadccfda9a01aa0915d292ae71713230a""><i>Non-SMT component</i>: '..attended 4 home exercise and advice visits (see below CG); Adjunct therapies to facilitate SMT were used as needed and included light soft-tissue techniques (that is, active and passive muscle stretching and ischemic compression of tender points) and hot or cold packs.'</li><li data-list-item-id=""ebe0bbb6fdaa9f4aec68207ccec5db8d7""><i>Duration/dose: </i>24 sessions (20 SMT + 4 home exercise and advice) over 12 weeks. As many as 20 SMT visits were allowed, each lasting 10 to 20 minutes.</li><li data-list-item-id=""e8ce091ec3dedf308de361d111907f621""><i>Treatment provider: </i>11 chiropractors with a minimum of 5 years of practice experience</li></ul><p><b>CG:</b> Home exercise and advice</p><ul><li data-list-item-id=""e15a3012853e69e68b439c8d309a3d183""><i>Description</i>: 'The main program goals were to provide patients with the tools to manage existing pain, prevent pain recurrences, and facilitate engagement in daily activities. Instruction and practice were provided for positioning and stabilization exercises to enhance mobility and increase trunk endurance. These were individualized to patients’ lifestyles, clinical characteristics (including positional sensitivities), and fitness levels. Positioning exercises included extension and flexion motion cycles (patients were encouraged to perform 25 repetitions 3 times per day in the lying, standing, or seated position). Stabilization exercises included pelvic tilt, quadruped, bridging, abdominal curl-ups, and side bridging with positional variations appropriate to patients’ tolerance and abilities. Patients were also instructed in methods for developing spine posture awareness related to their activities of daily living, such as lifting, pushing and pulling, sitting, and getting out of bed. Information about simple pain-management techniques, including cold, heat, and movement, was also provided. Printed materials were distributed to take home and review. They included instructions of exercises with photos and a modification of the Back in Action book, emphasizing movement and restoration of normal function and fitness.'</li><li data-list-item-id=""ee4e66f11cc5f81baa41f6d35e5ba0789""><i>Duration/dose: '</i>Treatments were delivered in four 1-hour, one-on-one visits during the 12-week intervention. Patients were instructed to do 8 to 12 repetitions of each stabilization exercise every other day.'</li><li data-list-item-id=""ece2af2650dc33690229e3428877381fc""><i>Treatment provider: </i>delivered by 13 providers (7 chiropractors, 5 exercise therapists, and 1 personal trainer)</li></ul>","<p><b>Critical outcomes:</b></p><p><b>Pain: </b>NPRS (0-10)</p><p><b>Functional status:</b> RMDQ</p><p><b>Recovery: </b>patients are asked to use the 9-point scale to compare their back-related leg pain condition to what it was before study treatment</p><p><b>Minor outcomes:</b> SF-36, &nbsp;patient satisfaction (0-7), EuroQol 5D, medication use, Pain Self-Efficacy Questionnaire, patient expectations, biomechanical, and clinical objective outcomes (straight leg raise and muscle endurance tests, three-dimensional lumbar motion, standing postural sway, sudden load response, self-reported fear avoidance, self-efficacy, and qualitative data about patient perceptions of care), fear avoidance FABQ.</p><p><b>Adverse events: </b>Expected adverse events were mild to moderate, self-limiting, and reported by 30% of patients in the SMT plus Home exercise and advice group and 42% in the home exercise and advice group.</p><p><b>Follow up: </b>at 3, 12, 26, and 52 weeks.</p>","<p><b>Authors' results and conclusion: '</b>For patients with subacute and chronic BRLP, SMT in addition to HEA is a safe and effective conservative treatment approach, resulting in better short-term outcomes than HEA alone.'</p><p><b>Funding source: </b>The Health Resources and Services Administration, U.S. Department of Health and Human Services (grant R18HP07638).</p><p><b>Declarations of interest: </b>Dr. Evans reports grants from US Health Resources and Services Administration, during the conduct of the study. Others have nothing to disclose.</p>",Subacute and chronic
Brønfort 1996,1996,PUB,3268906,"<p><b>Study design:</b> RCT<br><b>Recruitment period: &nbsp;</b>from September 1991 to May 1993.</p>
<p><b>Statistical analysis:</b> results are presented as the percentage of patients achieving a given percentage reduction in pain; return-to-work.</p>
<p><b>Sample size calculation</b>: not reported</p>","<p><b>Sample size: </b>total: 174, IG1: SMT + strengthening exercises 71, &nbsp;IG2: SMT + stretching exercises 51, CG: NSAIDs + strengthening exercises 52</p><p><b>Setting:</b> chiropractic outpatient clinic</p><p><b>Method of recruitment: </b>local advertisements in newspaper</p><p><b>Country:</b> USA.</p><p><b>Baseline characteristics</b></p><ul><li data-list-item-id=""e10618de188e9140a55c0f272874b5d72"">Age in years, mean (SD): Overall: 41.0 (9.7); IG1: 41.3 (10.5); IG2: 41.4 (9.3); CG: 40.3 (8.9); </li><li data-list-item-id=""e7a5f4228f9db53eac9d8f6e65f19ed5a"">Sex number (%) women: Overall: 47%; IG1: 54%; IG2: 39%CG: 44%;&nbsp;</li></ul><p><b>Duration of the LBP current episode: </b>Overall in years, range of median: 2 to 3 years&nbsp;</p><p><b>Inclusion criteria</b></p><ul><li data-list-item-id=""ef105851b21b875ab594dc30c8ccc1d36"">Subjects between 20 to 60 years of age with non-specific LBP of at least 6 weeks duration with or without radiating pain to one or both legs to the level of the knee</li></ul><p><b>Exclusion criteria:&nbsp;</b></p><ul><li data-list-item-id=""ed6367df5905a56c3f3b07cdfec61781c"">Subjects with LBP caused by specific identifiable pathology in the spine and lower extremities: organic diseases with referred pain to the lumbar spine</li><li data-list-item-id=""e9c88e8ab4ece02d4d9c5a472cda1606a"">Severe osteopenia</li><li data-list-item-id=""ebd23602dc87670eb6bafe5437ca21df6"">Previous back surgery</li><li data-list-item-id=""e257d3f5c4e617e1770a2695d64b1cf1c"">Severe arterial hypertension or existing cardiovascular diseases requiring medical treatment</li><li data-list-item-id=""e52c5551c997d26081611f8093d3643cc"">Poor general health</li><li data-list-item-id=""e3fd14a2a8ee2be1adecf030a9c409d94"">Obesity</li><li data-list-item-id=""e4cbb1f33b7187f9f30287d6e36f99cae"">History of duodenal or stomach ulcers</li><li data-list-item-id=""e8d6eb2e858dbb146c6fb28843ad3a1e3"">Previous hypersensitivity to NSAIDs</li><li data-list-item-id=""e5c410a2ae3ddf1df5359287590c10688"">Pregnancy</li><li data-list-item-id=""ea2cecf14bb8a7f4007eda4920f880185"">Pending litigation</li><li data-list-item-id=""e4812c2b5081cebf09f25a64313219819"">Difficulties with the English language</li></ul>","<p><b>IG1:</b><i> </i>SMT + strengthening exercises<i>&nbsp;</i></p><ul><li data-list-item-id=""e0460dc4af6ed1ffc0ff08634c957e131""><i>Description: </i>SMT: &nbsp;'The choice of treatment technique was at the discretion of the chiropractor. The thrusting technique was a high-velocity, low-amplitude thrust, most commonly by a short-lever technique.'</li><li data-list-item-id=""e01d12f82f62377569c5fd63e88c765e8""><i>Non-SMT component</i>: 'No adjunctive physiotherapy was allowed. The dynamic trunk strengthening protocol consisted of trunk and leg extensions as described by Manniche. At the completion of the study, all patients were encouraged to continue with their exercises.'</li><li data-list-item-id=""ea251dd595be7396ee5cc3193589ea865""><i>Duration/dose</i>: 'The 11-week treatment protocol for all 3 groups consisted of 5 weeks of combination therapy followed by 6 weeks of exercise therapy alone, totaling 20 1-hour sessions.' A total of 10 treatment sessions were provided, all during the first 5 wks of the trial, each lasting 5 to 10 min of SMT followed by 10 exercise sessions. For the subsequent 6 wks, patients came solely for the 10 supervised sessions.</li><li data-list-item-id=""eb8ddabe293d98e86e9aab1443aaad8ad""><i>Treatment provider:</i> 5 licensed chiropractors whose practice experience varied from 5 to 25 years. Research assistants specifically trained and certified by the principal investigator supervised all 20 exercise sessions.</li></ul><p><b>IG2:</b><i> </i>SMT + stretching exercises</p><ul><li data-list-item-id=""e64c449caa14fc5a4f114ea09fbacb87e""><i>Description: </i>SMT: 'The choice of treatment technique was at the discretion of the chiropractor. The thrusting technique was a high-velocity, low-amplitude thrust, most commonly by a short-lever technique.'</li><li data-list-item-id=""e794e90690c1688298c64ec01a06866cf""><i>Non-SMT component</i>: 'No adjunctive physiotherapy was allowed. The series of stretching exercises used in this study were previously used by Deyo. These exercises were designed to improve the flexibility of the spine, hips, and lower extremities. The individual stretching exercises were maintained for 1 min and the series of stretches were repeated twice during each 1-hr session. At the completion of the study, all patients were encouraged to continue with their exercises.'</li><li data-list-item-id=""e03b070731097ff59ca025c1ce5c4dbc3""><i>Duration/dose</i>: 'The 11-week treatment protocol for all 3 groups consisted of 5 weeks of combination therapy followed by 6 weeks of exercise therapy alone, totaling 20 1-hour sessions. A total of 10 treatment sessions were provided, all during the first 5 wks of the trial, each lasting 5 to 10 min of SMT followed by 10 exercise sessions. For the subsequent 6 wks, patients came solely for the 10 supervised sessions.'</li><li data-list-item-id=""e8dbae7f619e23e1444c696cbf7f39834""><i>Treatment provider:</i> 5 licensed chiropractors whose practice experience varied from 5 to 25 years. Research assistants specifically trained and certified by the principal investigator supervised all 20 exercise sessions.<i>&nbsp;</i></li></ul><p><b>CG: </b>NSAIDs + strengthening exercises&nbsp;</p><ul><li data-list-item-id=""e98d65dd49e03e32ad38f2a026ce2fb9e""><i>Description: '</i>Pharmaceutical therapy: Naproxen (500 mg), twice daily; no other prescription NSAIDs or analgesics were allowed.'</li><li data-list-item-id=""e1a5a691e02285b11974e54e37691a60a"">Exercise protocol: 'Research assistants specifically trained and certified by the principal investigator supervised all 20 exercise sessions. The dynamic trunk strengthening protocol consisted of trunk and leg extensions as described by Manniche. At the completion of the study, all patients were encouraged to continue with their exercises.'</li><li data-list-item-id=""e10b597ab477185cc7480d92d9957886d""><i>Duration/dose</i>: 'During the first 5 weeks of treatment, 10 exercise sessions were done in combination with the NSAID intervention. For the subsequent 6 weeks, patients came solely for the 10 supervised sessions totaling 20 1-hour sessions. </li><li data-list-item-id=""e4c74f1b5446ca6377658db153142e954""><i>Treatment provider:</i> 'Research assistants specifically trained and certified by the principal investigator supervised all 20 exercise sessions.'</li></ul><p>&nbsp;</p>","<p><b>Critical outocmes:</b></p><p><b>Pain:</b> NPRS (0-10)</p><p><b>Functional status: </b>RMDQ</p><p><b>Recovery</b>: not reported</p><p><b>Important outcomes: </b>Generic functional status: COOP-WONCA, depression: Community Epidemiologic Scale Depression (developed by the National Institutes of Health), trunk performance tests (trunk muscle strength, endurance, and range of motion as measured by a computerized digital myograph, Schober's test, straight leg raise test, and time the subjects were able to maintain their upper body horizontally unsupported).</p><p><b>Adverse events:</b> '2 subjects developed severe nausea &amp; vomiting but not gastrointestinal bleeding due to the NSAID use and subsequently discontinued the study; 8 subjects developed substantial nausea &amp; dyspepsia and 1 subject severe tinnitus following NSAID use; 1 subject discontinued exercise because she did not tolerate it well and 7 subjects developed muscle soreness &amp; stiffness, including neck pain following exercise - these symptoms gradually abated and did not prevent them from completing the study; 1 subject developed symptoms of a myocardial infarction unrelated to exercise.'</p><p><b>Follow-up:</b> at 5, 11 weeks and 1 year</p>","<p><b>Authors' results and conclusions: '</b>Individual group comparisons after 5 &amp; 11 weeks of intervention on all 3 main outcome measures did not reveal any clear clinically important or statistically significant differences. Continuance of exercise during the follow-up year, regardless of type, was associated with a better outcome. For the management of chronic LBP, trunk exercise in combination with SMT or NSAID therapy seemed to be beneficial and worthwhile.'</p><p><b>Funding source:</b> Foundation for Chiropractic Education and Research</p><p><b>Declarations of interest: </b>not reported</p>",Subacute and chronic
Carrasco-Martinez 2019,2019,PUB,27908347,"<p><b>Study design</b>: RCT</p><p><b>Recruitment period:</b> from<b> </b>May 2018 to July 2018</p><p><b>Statistical analysis: </b>'in order to analyze between-groups differences, we used analysis of covariance with the changing scores as the dependent variable and the baseline scores as a covariate. ETA squared was used to measure group effect size.'</p><p><b>Sample size calculation:</b> 'in order to find significant differences between the two groups in the VAS (at least 80% power), an alpha error of 0.05 was assumed. According to data provided by Gudavalli et al., 75 participants per group were required, for a total of 150 participants.' Finally, 171 participants were recruited to improve the power of the study.</p>","<p><b>Sample size: </b>total: 171, IG1: Modified flexion distraction technique 88, IG2: High-velocity low amplitude spinal manipulation (HVLA- SM) 83</p><p><b>Setting:</b> private physiotherapy clinic</p><p><b>Method of recruitment:</b> patients that visited the clinic (data from the author)</p><p><b>Country:</b> Spain</p><p><b>Baseline characteristics</b></p><ul><li>Age in years, mean (SD): IG1: 43.37 (12.93); IG2 42.89 (13.69)</li><li>Sex number (%) women: &nbsp;IG1: 46.7%; IG2: 58.7%</li></ul><p><b>Duration of LBP:</b> defined as lasting more than 3 months, further not reported</p><p><b>Inclusion criteria</b></p><ul><li>Presenting low-back pain for more than three months</li><li>Being over 18 years of age</li><li>Giving informed consent to receive treatment at a given physiotherapy clinic</li></ul><p><b>Exclusion criteria</b></p><ul><li>Presented acute low-back pain and/or were exposed to any pharmacological treatment or any treatment delivered by other specialists up to one month before the beginning of this study</li><li>Patients with prior spine or hip surgery</li><li>Those presenting neurological signs or symptoms</li><li>Those with any condition in which the use of HVLA-SM would be contraindicated&nbsp;</li></ul>","<p><b>IG1:</b> Flexion distraction<i>&nbsp;</i></p><ul><li><i>Description</i>: 'The flexion-distraction technique applied was modified from Cox’s protocol. Patients were placed in the decubitus prone position on the table, with their umbilicus placed between the dorsal zone of the table and the lumbar body. In this way, anterior superior iliac spines remain placed in the inferior zone of the table. A velcro strap was placed around the ankles. The therapist then used the heel of the hand to contact the upper spinal apophysis at the level to be treated. A modern table with an engine placed under the caudal body was used, which imparts a rhythmic up-and-down movement of the lower limbs in a pumping motion. In each downward movement, the therapist pressed on the L3 lumbar spine vertebra, following the direction towards the table and the patient’s head. In total, there were ten pumping movements, a one-minute pause, a repetition of the previous ten pumping movements, and then another pause, and so on until a total of five minutes were completed. This treatment was repeated during each patient’s visit.'</li><li><i>Non-SMT component</i>: 'a 90-second ischemic compression on the four trigger points of the lumbar quadrate muscle and on two trigger points of the iliacus-psoas muscle. Ischemic compression consisted of a digital manual pressure of approximately 90 s. This pressure was enough to leave the skin white but without causing unpleasant pain in patients. Pressure was maintained until relaxation of the trigger point occurred. At that moment, pressure was incremented until a new barrier was found. Then, pressure was maintained again.'</li><li><i>Duration/dose: </i>four therapy sessions for two weeks (two sessions per week). This dose has been shown to be effective in providing short-term positive effects. 10 min of therapy.</li><li><i>Treatment provider: </i>physiotherapist with a degree in osteopathy, ten years’ experience, and chiropractic training&nbsp;</li></ul><p><b>IG2: </b>HVLA-SMT</p><ul><li><i>Description</i>: 'High-velocity spinal manipulation at the low-back level was performed. This treatment was repeated during each patient’s visit. Patients were placed in the lateral decubitus position, keeping upper-level flexion and lumbar spine rotation until the L3-L4 level. The lower limb was passively placed in a triple flexion position. The foot rested on the popliteal space of the opposite inferior limb. In this position, spinal manipulation consisted of an HVLA-SM applied on the inferior level in an anterior and downward direction'</li><li><i>Non-SMT component</i>: &nbsp;'a 90-second ischemic compression on the four trigger points of the lumbar quadrate muscle, and also on two trigger points of the iliacus-psoas muscle. This pressure was enough to leave the skin white but without causing unpleasant pain in patients. Pressure was maintained until relaxation of the trigger point occurred. At that moment, pressure was incremented until a new barrier was found. Then, pressure was maintained again.'</li><li><i>Duration/dose: &nbsp;</i>four therapy sessions for two weeks (two sessions per week). This dose has been shown to be effective in providing short-term positive effects.</li><li><i>Treatment provider: </i>physiotherapist with a degree in osteopathy, ten years’ experience, and chiropractic training&nbsp;</li></ul>","<p><b>Critical outcomes</b><i>:&nbsp;</i></p><p><b>Pain: </b>VAS(0-100)</p><p><b>Functional status:</b> ODI</p><p><b>Recovery</b>: not reported</p><p><b>Important outcomes</b>: finger-floor distance test of motion, Schober's test, and pressure pain threshold</p><p><b>Adverse events:</b><i> </i>not reported. (In communication with the author, it was reported that no adverse events were observed.)</p><p><b>Follow up: </b>at<b> </b>4 weeks</p>","<p><b>Authors' results and conclusion:</b> 'In conclusion, participants allocated to the FD group experienced greater improvements in clinical and patient-reported outcomes of pain and functionality. The beneficial effects of the modified FD technique in comparison with HVLA-SM were clinically and statistically significant.'</p><p><b>Funding source</b>: not reported. (In communication with the author, it was reported that no funding was received.)</p><p><b>Declarations of interest:</b><i> </i>not reported. (In communication with the author, it was reported that the authors had no conflict of interest.)</p>",Chronic
Castro-Sanchez 2016,2016,PUB,27908349,<p><b>Study design:</b> RCT</p><p><b>Recruitment period: </b>from March 2013 to September 2013</p><p><b>Statistical analysi</b>s: 'analysis of covariance (ANCOVA) was used to analyze differences between the two groups in all patient-rated outcomes (RMDQ as primary outcome) at post treatment and the 1-month follow-up. Baseline values were used as covariates.' Interaction terms were also modelled.</p><p><b>Sample size calculation:</b> recruitment was successful (calculation was 'powered (80%) for the primary outcome (RMDQ); calculated to be 30 subjects per group'.)</p>,"<p><b>Sample size: </b>total: 62, IG: SMT 31, CG: functional technique 31</p><p><b>Setting:</b> physical therapy clinic in the Health Science School of the University of Almeria (Spain)</p><p><b>Method of recruitment:</b> those subjects presenting for physical therapy</p><p><b>Country:</b> Spain</p><p><b>Baseline characteristics</b></p><ul><li>Age in years, mean (SD): IG: 43 (9); CG: 47 (5)</li><li>Sex number (%) women: IG: 65%; CG: 62 %</li></ul><p><b>Duration of back pain:</b> in months, mean (SD): IG: 7.46 (3.09); CG: 8.07 (4.05)</p><p><b>Inclusion criteria</b></p><ul><li>LBP for 3 months or more</li><li>Age between 25 and 55 years</li><li>A score of 4 points or more on the Roland-Morris Disability Questionnaire (RMDQ)</li><li>Not currently receiving physical therapy</li><li>The inability to achieve lumbar muscle flexion-relaxation in trunk flexion</li></ul><p><b>Exclusion criteria</b></p><ul><li>The presence of lumbar stenosis</li><li>Any clinical signs of radiculopathy</li><li>Diagnosis of spondylolisthesis</li><li>Diagnosis of fibromyalgia</li><li>Treatment with corticosteroid or oral medication within the past 2 weeks</li><li>History of spinal surgery</li><li>Disease of the central or peripheral nervous system</li></ul><p><b>Comment reviewers:</b> 'After registration was completed, some changes were made to the eligibility criteria: (1) the age range of the participants was extended to between 18 and 65 because of limitations in the recruitment of the sample size; (2) two exclusion criteria were added: contraindication to spinal manipulative therapy and having previously undergone spinal manipulative therapy.'</p>","<p><b>IG:</b><i> </i>SMT&nbsp;</p><ul><li><i>Description:</i> 'clinicians chose which levels of the spine to manipulate based on the presence of hypomobility (abnormal end-feel and increased tissue resistance) and pain through provocative range of motion testing. The techniques used were: 1. Side-lying pelvic girdle manipulation: the therapist applied a high-velocity low-amplitude thrust intervention of the pelvis in an anterior direction; 2, Side-lying lumbar spine manipulation: the therapist applied a high-velocity low-amplitude thrust intervention of the pelvis in an anterior direction; 3. Thoracic manipulation: A distraction thoracic manipulation in an anterior to posterior direction was applied. In all spinal manipulations, if no popping sound was heard on the first attempt, the therapist repositioned the patient and performed a second manipulation. A maximum of two attempts were allowed at each intervention on each patient. The techniques took less than 5 minutes.'</li><li><i>Non-SMT component</i>: not reported</li><li><i>Duration/dose:</i> All participants attended a physical therapy clinic once a week for 3 weeks (three sessions)</li><li><i>Treatment provide</i>r: physical therapist (N=2) with a 5-year certification in spinal manipulative therapy after completion of their physical therapy degree and more than 10 years of clinical experience with patients.</li></ul><p><b>CG: </b>Functional Technique</p><ul><li><i>Description: '</i>a functional technique intervention targeted at the lumbosacral junction (L5–S1). 'Whereas in classic articular thrust techniques the bone segment is mostly passively corrected (without the patient’s participation), in the functional technique the chiropractor guides the segment through movements, taking into account the response of the tissues, and adapting his or her maneuvers to the tissues without ever forcing them, thereby providing a nontraumatic articular correction. The technique consists of compression of the iliac crests with one hand and caudal traction of the sacrum with the other one. During the technique, the patient performs normal breathing cycles of inspiration and expiration. The technique usually involves 9–10 breathing cycles.'</li><li><i>Non-SMT component:</i> not reported</li><li><i>Duration/dose:</i> All participants attended a physical therapy clinic once a week for 3 weeks (three sessions). The techniques took less than 5 minutes.</li><li><i>Treatment provider:</i> physical therapist (N=2) with a 5-year certification in spinal manipulative therapy after completion of their physical therapy degree and more than 10 years of clinical experience with patients.</li></ul>","<p><b>Critical outcomes:</b></p><p><b>Pain</b>: NPRS (0-10)</p><p><b>Functional status:</b> RMDQ, ODI</p><p><b>Recovery</b>: not reported</p><p><b>Important outcomes: </b>General health Short Form-36 (SF-36); Tampa Scale of Kinesiophobia (TSK); McQuade test to test isometric endurance of trunk flexor muscles; Lumbar mobility: finger to floor distance</p><p><b>Adverse events: </b>none were reported by any patient during the course of the study or at the time of the 1-month follow-up<br><b>Follow up: </b>following the 3-week intervention and at 1 month after the last treatment session</p>","<p><b>Authors' results and conclusions:</b> 'In comparison to functional technique, spinal manipulative therapy showed greater reduction in disability in patients with chronic LBP, but not in terms of pain, fear of movement, quality-of-life, isometric resistance of trunk flexors, or spinal mobility. However, differences in disability were not clinically meaningful; therefore, spinal manipulative therapy did not result in any clinically important short-term benefits over functional technique therapy. In addition, as neither group met the threshold for minimum clinically important difference following treatment, neither treatment resulted in a clinically meaningful benefit.'</p><p><b>Funding source:</b><i> '</i>supported by a grant from a university institution'</p><p><b>Declarations of interest:</b> none to declare</p>",Chronic
Castro-Sanchez 2021,2021,PUB,27908351,"<p><b>Study design:</b> RCT</p><p><b>Recruitment period:</b> not reported</p><p><b>Statistical analysis: </b>'analysis of covariance (ANCOVA) was used to analyze for differences between the two groups in all patient-rated outcomes (RMQ as primary outcome) at post-treatment and one month follow-up. Baseline values were used as covariates.'</p><p><b>Sample size calculation: '</b>the calculations were based on detecting differences of 2.5 points in the RMQ (MCID), assuming a standard deviation of 2.5 points, a 2-tailed test, an alpha level (a) of 0.05, and a desired power (b) of 85%. The estimated desired sample size was calculated to be 32 subjects per group.'</p>","<p><b>Sample size: </b>total: 64, IG: SMT 32, CG: Myofascial Release 32&nbsp;</p><p><b>Setting</b>: Healthcare (university clinical unit)</p><p><b>Method of recruitment:</b> 'Subjects were recruited at the clinical unit of the Faculty of Health Sciences of the University of ""XXX (XXX)"" (as it is reported in the original manuscript)</p><p><b>Country: </b>Spain</p><p><b>Baseline characteristics</b></p><ul><li data-list-item-id=""e7b50f767a69931e37555a8fbcaf03820"">Age in years, mean (SD): IG: 53 (8); CG: 50 (5)</li><li data-list-item-id=""e7c6d32c4fdd83929fc7d5de6a501ef81"">Sex number (%) women: IG: 65.6%; CG: 56.3%</li></ul><p><b>Duration of LBP:</b> in months, mean (SD): IG: 10.91 (4.28); CG: 11.91 (4.55).</p><p><b>Inclusion criteria</b></p><ul><li data-list-item-id=""e7abd878fa8537234c50b7b8c0212b772"">LBP for and/or over three months</li><li data-list-item-id=""e6fc3dcc607abf944f3d60e175a0c234b"">Age between 18 and 60 years</li><li data-list-item-id=""e940f8e7370a2bd252b0069b1ba495d62"">Subacute unilateral or bilateral SIJ syndrome ≥6 weeks</li><li data-list-item-id=""e1fedb9f64342458c059bf3302e953caf"">≥4 points on the Roland Morris Disability Questionnaire</li><li data-list-item-id=""e67e7089be41b432b0d64cf51a5ac6995"">Not currently receiving physical therapy.</li></ul><p><b>Exclusion criteria</b></p><ul><li data-list-item-id=""ebc526e6c617b7a9caaeacefd50ac8daf"">Presence of lumbar stenosis</li><li data-list-item-id=""ee2761e0fb9810aec6822c7f5f6cf54c7"">Diagnosis of spondylolisthesis</li><li data-list-item-id=""e61418f4ad4753e384bc80534cbf0addb"">Diagnosis of fibromyalgia</li><li data-list-item-id=""e0f4c446684acb1b060da364319ea82bc"">Treatment with corticosteroid or oral medication within the past two weeks</li><li data-list-item-id=""e8db29f818014d16d7cc06217f9eae046"">History of spinal surgery</li><li data-list-item-id=""e07fa7e2ae8cb79a5e65192ae8ca61f93"">Contraindications to manipulative therapy</li><li data-list-item-id=""e54efd4d8257b61c9cfe3b8bf802b9acd"">Having previously undergone manipulative therapy</li><li data-list-item-id=""e4b95ab57abb7340e1d6e29334e3c44d9"">Disease of the central or peripheral nervous system</li><li data-list-item-id=""e8a0204ea1fb481f5be024177082702a4"">Clinical signs of radiculopathy.</li></ul>","<p><b>IG:</b> SMT&nbsp;</p><ul><li data-list-item-id=""e23656fa0149e27f64c268007806f8797""><i>Description</i>: 'Manipulation was performed by an oblique force which was applied to the inferior lateral angle of the sacrum, taking less than 5 minutes per patient. The technique was carried out as follow: the technique began with the patient side lying with their feet together and their shoulders perpendicular to the stretcher, while the therapist standing at one side of the stretcher near the patient’s pelvis with a slight orientation toward the patient’s head. In that position, an extension and axial traction were made to patient’s lower and upper limbs in contact with the stretcher. A hip and knee flexions were done to the contralateral lower limb, and the therapist did a trunk rotation of the patient toward the ceiling, inducing a slight bend trunk to push posterior the sacral base. The therapist’s pisiform of the caudal hand pressed the patient’s inferior lateral angle (ILA) of the sacrum in contact with the stretcher, while the therapist’s cranial hand stabilized on the groove between the patient’s deltoid and pectoralis major. The barrier was engaged with the therapist's cranial hand contacting the patient's deltopectoral groove and the caudal hand contacting the ILA of the sacrum (the side situated on the stretcher), with the pisiform in the direction of the contralateral shoulder. The thrust was made by a body drop on the rotating pelvis, a mobilization with impulse thrust was provided in a scooping fashion with the caudal hand on the ILA of the sacrum in the direction of the resistant on the contralateral shoulder.'</li><li data-list-item-id=""e39077adf0f24a047549946625f2e820e""><i>Non-SMT component</i>: none</li><li data-list-item-id=""e73dd614677d7379c68d52c579e0652da""><i>Duration/dose: '</i>All patients received the sacral mobilization with manipulative impulse technique on the day of their initial examination.' 5 minutes per sessions, 12 sessions over 12 weeks.</li><li data-list-item-id=""ea69153dd7720f92e8ea33dcc82fbfe84""><i>Treatment provider: </i>two therapists with more than 10 years of clinical experience</li></ul><p><b>CG:</b> Myofascial Release<i>&nbsp;</i></p><ul><li data-list-item-id=""ee65b0919399f6b9aba55d22c9c2aaac7""><i>Description</i>: 'Patients in the myofascial group received a protocol which includes the following techniques: Lumbo-sacral decompression; Diaphragmatic release (transverse application); Lumbar square fascia release (phase A, relaxation); Lumbar square fascia release (phase B, elongation); Release of gluteus fascia; Deep release of pubic region; Release of deep fascia at psoas level; Pelvic floor release.'</li><li data-list-item-id=""e87fe16afe6d0d974e0bc421155cb1b3d""><i>Duration/dose: </i>mean session duration of 60 minutes. 12 sessions over 12 weeks.</li><li data-list-item-id=""e6c347941877294d51383603c86a03e37""><i>Treatment provider: </i>two therapists with more than 10 years of clinical experience</li></ul>","<p><b>Critical outcomes:</b></p><p><b>Pain: </b>NPRS (0-10)</p><p><b>Functional status: </b>RMDQ</p><p><b>Recovery</b>: not reported</p><p><b>Important outcomes:</b> &nbsp;TSK, SF-36, McQuade Test and finger-to-floor distance</p><p><b>Adverse events:</b><i> </i>no adverse events were reported by any patient during the course ofthe study or at the time of the one-month follow-up</p><p><b>Follow up:</b> &nbsp;at post-treatment (12 Weeks) and 1 month after post-treatment</p>","<p><b>Authors' results and conclusion</b>: 'Manipulative and myofascial release therapy in patients with clinically diagnosed SIJ syndrome resulted in a similar short-term benefits on patient reported disability. Both groups experienced similar decrease in the intensity of pain over time, although no clinically meaningful effects were demonstrated in either group. Only significant differences between groups were achieved for general health, social functioning, and finger-to-floor distance at one month follow-up.'</p><p><b>Funding source:</b> not reported</p><p><b>Declarations of interest:</b><i> </i>none to declare</p>",Chronic
Cecchi 2010,2010,MIX,3269095,"<p><b>Study design:</b> RCT</p><p><b>Recruitment period:</b> from April 2002 to October 2006</p><p><b>Statistical analysis:</b> 'changes in disability score and pain intensity from baseline to discharge and to follow-up were tested using the Wilcoxon rank test. Differences in Roland Morris Disability score and pain rating score on discharge and at the three follow-ups were analysed using the Kruskal–Wallis rank test.'</p><p><b>Sample size calculation:</b> 'recruitment was successful ('we estimated that a sample of around 60 patients per group would have been able to detect a difference among groups of at least 2 points in the disability score after the treatment. Accordingly, we enrolled 60 participants per group; however, because simple (non-restricted) randomization led to some imbalances in patient’s baseline characteristics, we decided to enlarge the sample and continued enrolment up to 70 patients per group). '</p>","<p><b>Sample size: </b>total: 210, IG: SMT 70, CG1: Back school 70, CG2: individualized physiotherapy 70</p>
<p><b>Setting:</b> outpatient rehabilitation clinic at a hospital</p>
<p><b>Method of recruitment:</b> those subjects presenting for care</p>
<p><b>Country:</b> Italy</p>
<p><b>Baseline characteristics</b></p>
<ul>
 <li>Age in years, mean (SD)): IG 58.1 (12.2); CG1 57.9 (15.1); CG2 60.5 (15.8)</li>
 <li>Sex number (%) women: CG1: 70%; CG2: 61%; IG: 69%</li>
</ul>
<p><b>Duration of LBP:</b> &nbsp;&gt; 6 months for the population</p>
<p><b>Inclusion criteria</b></p>
<ul>
 <li>&nbsp;Non-specific low back pain</li>
 <li>Reported ‘often’ to ‘always’ at least for the past six months.</li>
</ul>
<p><b>Exclusion criteria</b></p>
<ul>
 <li>Neurological signs or symptoms</li>
 <li>Spondylolisthesis &gt;second degree</li>
 <li>Spinal stenosis</li>
 <li>Lumbar scoliosis &gt;20 degrees</li>
 <li>Rheumatoid arthritis or spondylitis</li>
 <li>Previous vertebral fractures</li>
 <li>Psychiatric disease</li>
 <li>Cognitive impairment or pain-related litigation.</li>
</ul>","<p><b>IG:</b><i><b> </b></i>Spinal Manipulation&nbsp;</p><ul><li data-list-item-id=""e845c9cb7fcf74cb3349cf15c2c78bfa4""><i>Description: '</i>Spinal manipulation was performed according to the manual medicine approach described by Maigne. The whole spine was examined by static and dynamic assessment. Treatment was aimed at restoring the physiological movement in the dysfunctional vertebral segment(s) and consisted in vertebral direct and indirect mobilisation and manipulation, with associated soft tissue manipulation, as needed.'</li><li data-list-item-id=""e88f20a4f12f9a0f327f91e5bcdeb7035""><i>Non-SMT component</i>: 'All patients received a booklet with evidence-based, standardized educational information on basic back anatomy and biomechanics, optimal postures, ergonomics and the advice to stay active.'</li><li data-list-item-id=""ebd40d956db82547bed5fce9e0eebe686""><i>Duration/dose: </i>4–6 (as needed) weekly sessions of 20 minutes each for a total of 4–6 weeks of treatment (80–120 minutes of treatment altogether). 'Discharge was the physician’s clinical decision, when desired results were obtained or there was no indication of prosecute manipulation (i.e. no more dysfunctional vertebral segments to be manipulated).'</li><li data-list-item-id=""e0140caf95b5a52d71cd5dffeb5205988""><i>Treatment provider: '</i>Two physicians specializing in physical medicine and rehabilitation, who had received similar training and had been practising manual medicine for 9 and 12 years respectively, performed manipulations; the same physician delivered the whole cycle of treatment to the patient, once assigned. '</li></ul><p><b>CG1:</b><i> </i>Back school group<i>&nbsp;</i>&nbsp;</p><ul><li data-list-item-id=""e00481d726e212d3d9c06e7dacc8bc14a""><i>Description</i>: 'The back school protocol was designed referring to the original Swedish model to include 15 one-hour sessions, 5 days a week. The first five were devoted to information and group discussions on back physiology and pathology, with reassurance on the benign character of common low back pain, and with education in ergonomics at home and in different occupational settings by slides and demonstrations. The next 10 sessions included relaxation techniques, postural and respiratory group exercises, and individually tailored back exercises. Back school groups included eight patients each.'</li><li data-list-item-id=""ef8cbaf9a74d0d119d963f95168c6af40"">'All patients received a booklet with evidence-based, standardized educational information on basic back anatomy and biomechanics, optimal postures, ergonomics and the advice to stay active.'</li><li data-list-item-id=""e5e64026ae479e3e631799bc611f0fe37""><i>Duration/dose: </i>15 sessions lasting 60 minutes each, five times a week, for three consecutive weeks (15 hours of treatment altogether).</li><li data-list-item-id=""e53df9b426da269ba25b9eb2bcd3ad8f4""><i>Treatment provider: </i>two therapists together ran all 15 sessions for each group</li></ul><p><b>CG2:</b> Individual physiotherapy group&nbsp;</p><ul><li data-list-item-id=""eb0c1071732f4cdda29be667d94044088""><i>Description: '</i>Individual physiotherapy included passive and assisted mobilisation, active exercise, massage/ treatment of the soft tissues, and proprioceptive neuromuscular facilitation, with emphasis on patient education and active treatment. The protocol presented a range of exercises from which the therapists were allowed to select in order to adapt the interventions to specific patient characteristics.'</li><li data-list-item-id=""e31c719fb76793eac9f71693f041259db"">'All patients received a booklet with evidence-based, standardized educational information on basic back anatomy and biomechanics, optimal postures, ergonomics and the advice to stay active.'</li><li data-list-item-id=""e70215ea54d769edf4982fd77d02d3b2b""><i>Duration/dose: </i>15 sessions lasting 60 minutes each, five times a week, for three consecutive weeks (15 hours of treatment altogether).</li><li data-list-item-id=""e9586716d73c536e4fe476c956eb3032d""><i>Treatment provider: </i>physiotherapist</li></ul>","<p><b>Critical outcomes</b>:</p><p><b>Pain</b>: Roland Morris Pain Rating Scale (i.e. an ordinal scale ranging from 0 (no pain) to 6 (unbearable pain)).</p><p><b>Functional status:</b> RMDQ</p><p><b>Recovery</b>: not reported</p><p><b>Important outcomes:</b> working activity related to the LBP (i.e. retired, changed job or sent on to sick leave), LBP recurrences, LBP-related use of drugs, and request of further treatment for LBP</p><p><b>Adverse events: </b>None of those who completed treatment reported adverse events during the observation period</p><p><b>Follow up:</b> on discharge and at 3, 6, and 12 months following discharge</p>","<p><b>Authors' results and conclusions</b>: 'Spinal manipulation provided more functional improvement than either physiotherapy intervention, at discharge and all across follow-ups. Further, pain relief at follow-up was also significantly more relevant in spinal manipulation patients. Low back pain recurrences and reduction of pain-related use of drugs were also most striking for the spinal manipulation group. Patients who underwent spinal manipulation were more prone to receive further care in the follow-up, even in the case of rare recurrences of low back pain.'<br>&nbsp;</p><p><b>Funding source:</b><i> </i>the Fondazione Don Gnocchi Foundation, Scientific Institute.</p><p><b>Declarations of interest:</b><i> </i>none to declare</p><p><b>Comments reviewers: </b>There were some important protocol deviations: 'We enrolled 60 participants per group; however, because simple (non-restricted) randomization led to some imbalances in patient’s baseline characteristics, we decided to enlarge the sample and continued enrolment up to 70 patients per group.'</p>",Chronic
Chown 2008,2008,PUB,3268908,"<p><b>Study design: </b>RCT</p>
<p><b>Recruitment period:</b> not reported</p>
<p><b>Statistical analysis:</b> given the severe reduction in 'the number of participants with follow-up measurements at 6 weeks, the results of statistical analysis have been presented as key summary statistics with 95% confidence limits. There are concerns regarding the occurrence of Type II errors in this study, and therefore conventional statistical tests have not been applied to avoid problems of interpretation of non-significant findings.'</p>
<p><b>Sample size calculation:</b> recruitment was successful ('it was estimated that three treatment groups of approximately 110 subjects each would be required. This estimate assumed a standard deviation of 10 and a minimum difference in change in the Oswestry Disability Index (ODI) between treatment groups of four percentage points, with 80% power and 5% significance (with allowance for two planned comparisons)'.</p>","<p><b>Sample size: </b>total: 239, &nbsp;CG1: physiotherapy 80, IG: osteopathy 79, CG2: group exercise 80</p>
<p><b>Setting:</b> physiotherapy department at one hospital</p>
<p><b>Method of recruitment:</b> referred by the GP or hospital consultant</p>
<p><b>Country:</b> UK</p>
<p><b>Baseline characteristics</b></p>
<ul>
 <li>Age in years, mean (SD): IG 43.5 (12.3); CG1 44.3 (12.3); CG2 42.5 (11.9)</li>
 <li>Sex number (%) women: &nbsp;IG 57%; CG1 62%; CG2 55%</li>
</ul>
<p><b>Duration of LBP</b>: not stated, but &gt; 3 months for the population</p>
<p><b>Inclusion criteria</b></p>
<ul>
 <li>&nbsp;&gt; 3 months of 'simple' LBP of musculoskeletal origin</li>
 <li>Without sciatic symptoms</li>
 <li>18 to 65 years of age</li>
</ul>
<p><b>Exclusion criteria</b></p>
<ul>
 <li>&nbsp;&gt; 65 years</li>
 <li>Serious spinal disorders (e.g. malignancy, osteoporosis, ankylosing spondylitis)</li>
 <li>Main complaint of pain below the hip</li>
 <li>Previous spinal surgery</li>
 <li>Additional over-riding musculoskeletal disorder</li>
 <li>Attendance or referral to a specialised management clinic</li>
 <li>Medical condition (e.g. cardiovascular disease)</li>
 <li>Anticoagulant treatment</li>
 <li>Steroid medication</li>
 <li>Unable to get up from or down to the floor unaided</li>
 <li>Physical therapy (including. acupuncture) in the previous 3 months</li>
</ul>","<p><b>IG: &nbsp;</b>Osteopathy</p>
<ul>
 <li><i>Description: </i>consisting of soft-tissue massage; soft-tissue inhibition; soft-tissue stretch muscle energy; articulation; high-velocity thrust manipulation; functional corrections.</li>
 <li><i>Non-SMT component</i>: exercise advice; education; discussion of psychosocial issues; nutrition/dietary advice</li>
 <li><i>Duration/dose: </i>5 tx. sessions within a 3-month period. Each session was approximately 30 minutes in duration and the format of care was standardized as far as possible.</li>
 <li><i>Treatment provider: </i>one osteopath</li>
</ul>
<p><b>CG1: </b>Physiotherapy</p>
<ul>
 <li><i>Description</i>: consisting of education/advice; joint mobilisation; soft-tissue mobilisation; McKenzie therapy; neural tension; manual traction; muscle imbalance; postural correction; isometric stabilisation exercises; global exercise for mobility (<u>+</u> electrotherapy)</li>
 <li><i>Duration/dose: </i>5 tx. sessions within a 3-month period. Each session was approximately 30 minutes in duration and the format of care was standardized as far as possible.</li>
 <li><i>Treatment provider: </i>several physiotherapists</li>
</ul>
<p><b>CG2:</b> Group exercise with a physiotherapist</p>
<ul>
 <li><i>Description: </i>consisting of problem identification; basic pathophysiology, anatomy, mechanics; home stretching exercise programme; basic postural setting use of transversus/multifidus; question and answer session; re-assessment of subjective and objective markers.</li>
 <li><i>Duration/dose: </i>5 sessions within a 3-month period. Each session was approximately 30 minutes in duration and the format of care was standardized as far as possible.</li>
 <li><i>Treatment provider: </i>several physiotherapists</li>
</ul>","<p><b>Critical outcomes</b>:</p><p><b>Pain: </b>not reported</p><p><b>Functional status:</b> ODI</p><p><b>Recovery</b>: not reported</p><p><b>Important outcomes;</b> quality-of-life: EuroQol EQ-5D, shuttle walk test, satisfaction with the intervention received, satisfaction with life</p><p><b>Adverse events:</b> not reported</p><p><b>Follow-up:</b> at 6 weeks after discharge and 12 months</p>","<p><b>Authors' results and conclusions</b>: 'All 3 treatments indicated comparable reductions in mean functional status (Oswestry). Attendance rates were significantly lower among the group exercise patients. One-on-one therapies provide evidence of greater patient satisfaction. The study supports the use of a variety of approaches for treatment of chronic low-back pain, but particular attention needs to be given to problems associated with attracting enough participants for group sessions.'</p><p><b>Funding source:</b> funded by St. Albans and Hemel Hempstead NHS Trust Research and Development Consortium.</p><p><b>Declarations of interest:</b><i> </i>not<i> </i>reported</p><p><b>Comments reviewers: </b>Therapists were allowed to choose from the modalities listed above (identified in Table 1 of the article); Group therapy had the worst attendance - with only 40% of the patients completing all therapy sessions, as compared to 74% for the physiotherapy group and 80% for the osteopathy group; major limitations include problems with recruitment and retention of the sample.</p>",Chronic
Cook 2013,2013,MIX,27908356,"<p><b>Study design:</b> RCT</p><p><b>Recruitment period:</b> not reported</p><p><b>Statistical analysis:</b> 'a two-way mixed model MANCOVA was used to compare outcomes of ODI and NPRS, at baseline, after visit 2, and at discharge, while controlling for two variables (patient expectations and personal equipoise).'</p><p><b>Sample size calculation: </b>recruitment was successful (Trial authors 'estimated the need for 126 total subjects in this trial. To allow for a drop out percentage of 20%, we targeted 148 subjects for enrolment.')</p>","<p><b>Sample size: </b>total: 154, IG1: Thrust manipulation 77, IG2: Non-thrust manipulation 77</p>
<p><b>Setting:</b> 16 distinct outpatient physiotherapy practices</p>
<p><b>Method of recruitment: </b>those subjects presenting for care</p>
<p><b>Country:</b> USA</p>
<p><b>Baseline characteristics</b></p>
<ul>
 <li>Age in years, mean (SD): IG1: 46.1 (14.5); IG2 50.3 (15.1)</li>
 <li>Sex number (%) women: IG1: 46 %; IG2: 60%</li>
</ul>
<p><b>Duration of LBP</b>: in weeks, mean (SD): IG1: 30.2 (64.6); IG2: 37.7 (125.4)</p>
<p><b>Inclusion criteria</b></p>
<ul>
 <li>Patients needed to be &gt;18 years of age with mechanically producible LBP</li>
 <li>Required a within-session change (improvement in pain and/or range of motion) during the assessment phase of the clinical examination</li>
 <li>Specifically during passive accessory examination</li>
</ul>
<p><b>Exclusion criteria</b></p>
<ul>
 <li>Presence of red flags (i.e., tumor, metabolic diseases</li>
 <li>RA</li>
 <li>Osteoporosis</li>
 <li>Prolonged history of steroid use, etc.</li>
 <li>Signs consistent with nerve root compression (reproduction of LBP or leg pain with straight leg raise &lt;45</li>
 <li>Muscle weakness involving a major muscle group of the lower extremity</li>
 <li>Diminished lower extremity muscle stretch reflex</li>
 <li>Diminished or absent sensation to pinprick in any lower extremity dermatome)</li>
 <li>Included prior lumbar spine surgery or current pregnancy</li>
</ul>","<p><b>IG1:</b> Thrust manipulation</p><ul><li><i>Description:</i> 'Thrust manipulation consisted of a high-velocity, low-amplitude end range procedure, involving a short- or long-lever that was targeted to the comparable segment'</li><li><i>Non-SMT component: </i>'Patients in both treatment groups received a standardized home exercise program of hamstring/piriformis stretches, quadruped cat/camel, and prone press-ups for lumbar extension.'&nbsp;</li><li><i>Duration/dose: '</i>Treatment consisted of the clinically appropriate technique for group allocation and a standardized exercise program for the first two visits only. After completion of the first two visits, physiotherapists were allowed to perform any treatment procedure, in addition to manual therapy, that they felt would be beneficial for the patient. The physiotherapist discharged the patient when they attained their maximal improvement or if the patient self-discharged.' There were no restrictions on visits for each patient enrolled in the trial.</li><li><i>Treatment provider: '</i>All treating physiotherapists (N=17) participated in a 30-min standardized educational video/webinar that discussed the study purposes, techniques, and outcomes. In addition, all physiotherapists had undergone detailed clinical training on the patient response concept espoused by Maitland (1997) and were instructed to use this assessment method during the initial evaluation.'</li></ul><p><b>IG 2</b><i>: </i>Non-Thrust manipulation</p><ul><li><i>Description</i>: 'Non-thrust manipulation techniques were based on the original concepts outlined by Maitland (1997) and consisted of passive, low-velocity, oscillatory movements within the physiological range of the joint, applied to the patient’s comparable spinal level.'</li><li><i>Non-SMT component:</i> 'Patients in both treatment groups received a standardized home exercise program of hamstring/piriformis stretches, quadruped cat/camel, and prone press-ups for lumbar extension.'&nbsp;</li><li><i>Duration/dose:</i> 'Treatment consisted of the clinically appropriate technique for group allocation and a standardized exercise program for the first two visits only. After completion of the first two visits, physiotherapists were allowed to perform any treatment procedure, in addition to manual therapy, that they felt would be beneficial for the patient. The physiotherapist discharged the patient when they attained their maximal improvement or if the patient self-discharged.' There were no restrictions on visits for each patient enrolled in the trial.</li><li><i>Treatment provider: '</i>All treating physiotherapists (N=17) participated in a 30-min standardized educational video/webinar that discussed the study purposes, techniques, and outcomes. In addition, all physiotherapists had undergone detailed clinical training on the patient response concept espoused by Maitland (1997) and were instructed to use this assessment method during the initial evaluation.'</li></ul>","<p><b>Major outcomes:</b></p>
<p><b>Pain:&nbsp;</b> NPRS (0-10)</p>
<p><b>Functional status:</b> Oswestry Disability Index</p>
<p><b>Recovery</b>: self-report of recovery (0-100%)</p>
<p><b>Minor outcomes: </b>FABQ seven-item work subscale (FABQ-wk), total visits and days of care</p>
<p><b>Adverse events: </b>none reported</p>
<p><b>Follow up: </b>after two visits, and at discharge from therapy services (up to 4 months), with an expected average of 4 weeks, with the exception of the Fear Avoidance Beliefs Questionnaire work subscale (FABQ-w) which was captured at baseline and after two visits only.</p>","<p><b>Authors' results and conclusions: </b>'There were no significant differences between thrust manipulation and non-thrust manipulation at the second visit follow-up or at discharge with any of the outcomes categories. Personal equipoise of the clinician (comment: a reflection of the belief or preference of the clinician) was significantly associated with ODI and pain. The findings suggest that there is no difference between early use of thrust or non-thrust, and secondarily, that personal equipoise affects study outcome. Within-groups changes were significant for both groups.'</p><p><b>Funding source: </b>Walsh University, Ohio</p><p><b>Declarations of interest</b><i>: </i>not reported</p>",Subacute and chronic
De Oliveira 2020a,2020,PUB,27908360,"<p><b>Study design:</b> RCT</p><p><b>Recruitment period:</b> study conduct dates from August 2015 to May 2016</p><p><b>Statistical analysis: </b>'The hypothesis &nbsp;was tested using the two-way repeated measures ANOVA, with the first factor being the OMT and AC groups and the second factor pre and post measures of low back pain, functional incapacity, kinesiophobia and depression. In the case of F being significant, Tukey’s post-hoc test for unequal samples was used to identify significant differences.'</p><p><b>Sample size calculation: </b>it was made, taking into consideration the following parameters: test power of 0.80, value of α = 0.05, effect size f of 0.10, number of groups = 2, number of repeated measures = 2 and correlation between repeated measurements = 0.90. A sample of 42 individuals was estimated for the study.</p>","<p><b>Sample size: </b>total: 42, IG: Osteopathic manipulation treatment 20, &nbsp;CG: active control exercises 17</p>
<p><b>Setting</b>: One clinic at the Estácio de Sá University, located in the city of Rio de Janeiro, Brazil</p>
<p><b>Method of recruitment: </b>those subjects presenting for care</p>
<p><b>Country:</b> Brazil</p>
<p><b>Baseline characteristics</b></p>
<ul>
 <li>Age in years, mean (SD): IG: 46.0 (10.4); CG: 50.1 (9.3)</li>
 <li>Sex number (%) women: IG: 80%; CG: 67%</li>
</ul>
<p><b>Duration of LBP: </b>in months, mean (SD): IG: 58.8 (56.3); CG: 61.1 (57.7)</p>
<p><b>Inclusion criteria</b></p>
<ul>
 <li>Age between 30 and 59 years</li>
 <li>To have had constant or intermittent low back pain with intensity greater than 30 mm on the VAS for a duration of at least three months</li>
 <li>To have a medical diagnosis of chronic nonspecific low back pain</li>
</ul>
<p><b>Exclusion criteria</b></p>
<ul>
 <li>Fractures or dislocations of the spine</li>
 <li>Ligament ruptures</li>
 <li>Muscle ruptures</li>
 <li>Skin lacerations</li>
 <li>Sacroiliitis</li>
 <li>Vertebral osteomyelitis</li>
 <li>Infections</li>
 <li>Disc herniation with radicular symptoms</li>
 <li>Rheumatic disorders</li>
 <li>Cauda equina syndrome</li>
 <li>Tumors</li>
 <li>Visceral referred pain</li>
 <li>Red flags</li>
 <li>Lower limb discrepancy greater than 20 mm</li>
 <li>The participants were also excluded if they were absent for more than two weeks of activities in the trial for any reason and if they withdrew from the trial</li>
</ul>","<p><b>IG: </b>Osteopathic manual therapy<i>&nbsp;</i></p><ul><li data-list-item-id=""e3b42132bdb92aac8b22fbc80df5cc6c1""><i>Description</i>: 'The treatment protocol only included manual techniques that comprise part of the contemporary osteopathic treatment conduct: articulation and myofascial techniques. Sacroiliac articulation technique: Individual in the ventral position, the therapist standing beside the patient with one hand on the sacral region and the other on the front to stabilize the contact. The therapist will perform a slight compression toward the couch and a movement leading the sacral region in the cranial direction and then in the caudal region, seeking to gain the arc of motion of the nutation, counternutation, anteversion and retroversion movements. Thoracic articulation technique: Individual in the ventral position, therapist beside the couch, with hands placed so that the spinous processes are between them. The therapist performs a compression movement toward the couch, and reverse rotation of the hands during the patient’s exhalation cycles. Performed in all the thoracic vertebrae. Aimed at improving the movement range of the region. ' </li><li data-list-item-id=""ecc03d8ae139e60d29fb7b6f17d77252c""><i>Non-SMT component</i>: 'Stretching technique for lumbar paraspinal muscles: Individual in the dorsal position, with lower limbs in triple flexion. Therapist beside the couch, with one of the hands located under the sacral region of the patient and the other hand on the patient’s feet. The therapist performs rhythmic movements while simultaneously lifting the lower limbs in the cranial direction of the patient and lifting the sacrum in the caudal direction, aiming for relaxation of the lumbar paraspinal muscles. Lumbar myofascial technique: Participant in the ventral position, therapist beside the couch in direction perpendicular to the participant with one hand splayed on the lower back of the patient to the side of the spinous processes and perpendicular to the muscle fibers of the region, the other hand on the front to give stabilization. The therapist performs perpendicular slides in the direction of the muscle fibers. Performing 15 repetitions on each side, aiming for a generalized lumbar muscle relaxation.'</li><li data-list-item-id=""e8154be470f6197a90ec21dd8749878a4""><i>Duration/dose: </i>session lasted between 30-45 min. The osteopathic manipulation treatment was conducted once a week for a total of five weeks, with a total of 5 treatment sessions</li><li data-list-item-id=""efbdb2751629d8b5b2f26fcdd4904ee6c""><i>Treatment provider: </i>physical therapist with a graduate degree in Osteopathy</li></ul><p><b>CG</b>: active control exercises</p><ul><li data-list-item-id=""e95ef1999b1ac1556f426c1903a81587b""><i>Description</i>: 'The treatment protocol only included therapeutic exercises. Stabilization exercises and passive stretches.'</li><li data-list-item-id=""e059149b9f97e29019c3ca2de5d5cb2e0""><i>Duration/dose: </i>A total of 10 treatment sessions were conducted, after the pre-intervention assessment, with 2 per week for a total of 5 weeks</li><li data-list-item-id=""eec7e5b602854aeee92e05866a99ab8c0""><i>Treatment provider: 3</i> physical therapy students</li></ul>","<p><b>Critical outcomes:</b></p><p><b>Pain:</b> &nbsp;VAS (0-10)&nbsp;</p><p><b>Functional status:</b> ODI</p><p><b>Recovery</b>: not reported</p><p><b>Important outcomes:</b> TSK, Beck Depression Scale</p><p><b>Adverse events: </b>not reported</p><p><b>Follow up: </b>at 5 weeks after treatment</p>","<p><b>Authors' results and conclusion:</b> 'The present study demonstrated that the treatments performed in both groups were effective. However, for the outcomes of chronic nonspecific low back pain, functional incapacity, kinesiophobia and depression, the osteopathic manipulation treatment was superior to the therapeutic exercises used.'</p><p><b>Funding source: </b>not reported</p><p><b>Declarations of interest: </b>none to declare</p>",Chronic
De Oliviera 2020b,2020,PUB,27908362,"<p><b>Study design:</b> RCT</p><p><b>Recruitment period:</b> from February 2017 and December 2018</p><p><b>Statistical analysis:</b> 'the effects of treatment (ie, mean between-group differences) and 95% confidence intervals were calculated via mixed linear models using ‘time versus group’ interaction terms. These interaction terms are equivalent to the between-group differences. Missing data were handled using linear mixed models (ie, imputation methods were not needed). An estimation approach was used to interpret the findings rather than<br>using statistical significance.'</p><p><b>Sample size calculation:</b> the required sample size was calculated as 148 participants (74 per group), allowing for statistical power of 80%, an alpha of 5%, and a dropout rate of up to 15%. The current statistical tests have power to detect a between-group difference of 1 point for pain intensity (with an estimated standard deviation of 1.84 points) and 4 points for disability (with an estimated standard deviation of 4.9 points).&nbsp;</p>","<p><b>Sample size: </b>total: 148, IG1: directed vertebral manipulation 74, IG2: generic vertebral manipulation 74</p>
<p><b>Setting:</b> a public outpatient physiotherapy clinic in a rural city.</p>
<p><b>Method of recruitment:</b> those subjects presenting for care</p>
<p><b>Country:</b> Brazil.</p>
<p><b>Baseline characteristics</b></p>
<ul>
 <li>Age in years, mean (SD): IG1: 45 (13); IG2: 45 (14)</li>
 <li>Sex number(%) women: IG1: 77%; IG2: 78%</li>
</ul>
<p><b>Duration of LBP:</b> in months, median (IQR)): IG1: 6 (3-24); IG2: 6 (3-24)</p>
<p><b>Inclusion criteria</b></p>
<ul>
 <li>People of any gender were recruited consecutively if they were aged 18 to 80 years and were seeking care of non-specific chronic low back pain (duration &nbsp;12 weeks).&nbsp;</li>
 <li>They had to have a minimum level of pain intensity of 3 points on the 11-point Pain Numerical Rating Scale</li>
</ul>
<p><b>Exclusion criteria</b></p>
<ul>
 <li>Were pregnant</li>
 <li>Had spinal stenosis, vertebral fracture, cancer, advanced osteoporosis, or any haemorrhagic diseases</li>
</ul>","<p><b>IG1</b>: Directed vertebral manipulation</p><ul><li><i>Description</i>: 'Participants allocated to the experimental group received ‘directed manipulation’ (ie, a high-velocity thrust manipulation based on the vertebral level assessment made by the therapist).'</li><li><i>Non-SMT component</i>: not reported</li><li><i>Duration/dose: </i>4-week treatment program, comprising three sessions a week for the first 2 weeks and two sessions a week for the final 2 weeks, totaling 10 manipulation sessions</li><li><i>Treatment provider: </i>a physiotherapist (LLR) with 11 yearsof experience in clinical practice, intensive training in spinal manipulativetherapy and a degree in osteopathy</li></ul><p><b>IG2</b>: Generic vertebral manipulation</p><ul><li><i>Description</i>: 'Participants allocated to the control group received ‘generic manipulation’ (ie, the most symptomatic vertebral level was disregarded and the high-velocity thrust manipulation was instead applied to the midthoracicregion, close to the T5-T6 level).'</li><li><i>Non-SMT component</i>: not reported</li><li><i>Duration/dose: </i>4-week treatment program, comprising three sessions a week for the first 2 weeks and two sessions a week for the final 2 weeks, totaling 10 manipulation sessions</li><li><i>Treatment provider: </i>a physiotherapist (LLR) with 11 yearsof experience in clinical practice, intensive training in spinal manipulativetherapy and a degree in osteopath</li></ul>","<p><b>Crticial outcomes:</b></p><p><b>Pain:</b> NPRS (0-10)</p><p><b>Functional status: &nbsp;</b>RMDQ</p><p><b>Recovery</b>: global perceived effect scale</p><p><b>Important outcomes:</b> pressure pain threshold</p><p><b>Adverse events:</b><i> </i>not reported</p><p><b>Follow up:</b> at 4, 12 and 26 weeks&nbsp;</p>",<p><b>Authors' results and conclusion: </b>'No clinically important differences were observed between directed manipulation and generic manipulation in people with chronic low back pain.'</p><p><b>Funding source</b>: This study was partially funded by Coordenação de Aperfeiçoamento de Pessoal de Nível Superior (CAPES) - Brazil - Finance Code 001.</p><p><b>Declarations of interest:</b><i> </i>none to declare</p>,Chronic
Didehdar 2020,2020,PUB,27908364,"<p><b>Study design:</b> RCT</p><p><b>Recruitment period: </b>not reported</p><p><b>Statistical analysis:</b> 'Data are analyzed using non-parametric Mann-Whitney tests to compare the mean difference between the two groups.'</p><p><b>Sample size calculation:</b> The sample size was set to eight subjects in each group based on previous studies as well as NAA and Glx metabolite level in the brain, considering d = 0.06, α = 0.05, and β = 0.2. Given the possibility of withdrawal and 20% rejection rate, 10 subjects were enrolled in the treatment group, while with 45% possibility of rejection rate in the sham group, 15 subjects were recruited.</p>","<p><b>Sample size: </b>total: 25, IG: SMT 10, CG: Sham SMT 10</p>
<p><b>Setting:</b> clinics affiliated or non-affiliated to the university</p>
<p><b>Method of recruitment: </b>Public advertisement</p>
<p><b>Country: </b>Iran</p>
<p><b>Baseline characteristics</b></p>
<ul>
 <li>Age in years, mean (SD): IG 36.00 (8.61); CG 37.2 (7.01)</li>
 <li>Sex (%) women: IG: 40%; CG: 47%</li>
</ul>
<p><b>Duration of LBP: </b>not reported</p>
<p><b>Inclusion criteria</b></p>
<ul>
 <li>Pain intensity ranging from 3 to 7 units based on the Numerical Rating Scale (NRS)</li>
 <li>Those who were not treated within the last 3 months.</li>
</ul>
<p><b>Exclusion criteria:&nbsp;</b></p>
<ul>
 <li>Patients diagnosed with neurologic</li>
 <li>Rheumatoid</li>
 <li>Diabetic disorders</li>
 <li>The ones with fractures of the ribs, vertebras, and pelvis</li>
 <li>Abdominal aortic aneurysm</li>
 <li>Neoplasm</li>
 <li>Peripheral neuropathy and radiculopathy</li>
 <li>Osteoporosis</li>
 <li>Fibromyalgia</li>
 <li>Pain in other areas of the body</li>
 <li>Three or more positive results of clinical tests on the sacroiliac joint (distraction, compression, thigh thrust, Gaenslen’s sign, FABER, and sacral thrust tests)</li>
 <li>Surgical history in lumbopelvic region;</li>
 <li>Those who used analgesics.</li>
</ul>","<p><b>&nbsp;IG: </b>SMT</p><ul><li><i>Description</i>:&nbsp;'Sacroiliac joint manipulation: Patient is placed in a supine position on a treatment table, while the therapist is on the opposite side of the joint to be manipulated. While the patient interlocks their fingers behind their head, the therapist turns the patient’s upper trunk toward himself. He further puts another hand on the anterior superior iliac spine (ASIS) of the patient, which is far away from him and applies a high-velocity low-amplitude thrust, while the maximal rotation of the upper trunk is obtained. Manipulation of the lumbar spine: Patient is placed in a lateral position on the treatment table, while the therapist stands in front. The therapist bends the patient upper leg and places the patient’s ankle on the popliteal region of the lower leg. Then, the therapist takes the lower arm and shoulder of the patient and pulls it forward to make the upper side of the trunk rotate and bend. Next, the therapist puts one hand on the upper and anterior part of the patient’s chest while his other hand is on the patient pelvis to maintain patient’s position. In this situation, the therapist applies a high-velocity low-amplitude thrust to the patient’s pelvis in an anterior direction.'</li><li><i>Non-SMT component</i>: None</li><li><i>Duration/dose: 3</i> sessions (every other day) in 1 week.</li><li><i>Treatment provider: </i>not reported</li></ul><p><b>CG:</b> Sham SMT</p><ul><li><i>Description</i>:&nbsp;'Positioning similar to that of the manipulation therapy on lumbar and sacroiliac joints without applying the technique.'</li><li><i>Non-SMT component</i>: none</li><li><i>Duration/dose: 3</i> sessions (every other day) in 1 week.</li><li><i>Treatment provider: </i>not reported</li></ul>",<p><b>Critical outcomes:</b></p><p><b>Pain:</b> NPRS (0-10)</p><p><b>Functional status: </b>ODI</p><p><b>Recovery</b>: not reported</p><p><b>Important outcomes:</b> Level of N-acetyl aspartate (NAA) metabolites in the brain</p><p><b>Adverse events: </b>not reported</p><p><b>Follow-up:</b> at 5 weeks post-treatment</p>,"<p><b>Authors' results and conclusion</b>: 'Spinal manipulation with effect on CNS leads to change and increase metabolite concentrations in specific brain regions, thereby, relieving pain and disability following chronic low back pain.'</p><p><b>Funding source:</b> not reported</p><p><b>Declarations of interest:</b> none to declare</p>",Chronic
Dogan 2021,2021,PUB,27908366,"<p><b>Study design:</b> RCT</p><p><b>Recruitment period: </b>not reported</p><p><b>Statistical analysis:</b> 'Between-group comparisons were performed by Kruskal-Wallis test to find the difference between pre- and posttreatment of the first month.'</p><p><b>Sample size calculation:</b> 'Analysis was done with F test for parameters such as effect size, 0.3, significance 0.05; power level 85%; the number of groups is 2; the number of measurements is 4, and dropout rate is 10%.<br>We confirmed that this study would include a minimum of 64 subjects, with each group consisting of 32 subjects.'</p>","<p><b>Sample size: </b>total: 64, IG: SMT + home exercise program 32, CG: Home exercise program 32</p><p><b>Setting:</b> Department of physical medicine and rehabilitation?</p><p><b>Method of recruitment: </b>Not reported</p><p><b>Country: </b>Turkey</p><p><b>Baseline characteristics</b></p><ul><li>Age in years, mean (SD): IG 39.0 (11.3); CG 35.1 (13.9)</li><li>Sex (%) women: IG: 75%; CG: 61.3%</li></ul><p><b>Duration of LBP: </b>not reported, chronic LBP confirmed by the authors</p><p><b>Inclusion criteria</b></p><ul><li>Sacro iliac pain in the past month scored at least 3 points on visual analog scale&nbsp;</li><li>Aged between 18 and 60 years&nbsp;</li><li>Diagnosed with sacroiliac joint dysfunction syndrome according to the diagnostic criteria recommended by the International Association for the Study of Pain. The patients should also be tested positive in at least three of six validated and reliable Sacro iliac dysfunction provocation and motion palpation tests ( distraction, compression, Gaenslen,posterior friction test, sacral thrust, and FABER tests)</li></ul><p><b>Exclusion criteria&nbsp;</b></p><ul><li>Those with neurological deficits in the lower extremity</li><li>Findings of sacroiliitis at X-ray,&nbsp;</li><li>Spondylolisthesis</li><li>A prediagnosed disease of central nervous system or peripheral nervous system</li><li>Presence of haematological disease</li><li>Those who had major surgery of lower extremity and spine</li><li>Pregnant women</li></ul>","<p><b>&nbsp;IG: </b>SMT + home exercise group</p><ul><li data-list-item-id=""ec07fd2b6402fe6572599cca6bf4028b6""><i>Description</i>: 'Sacro iliac joint mobilization, mobilization techniques with anterior innominate, posterior innominate, maigne technique, selling technique, and Stoddart cross technique were applied.'</li><li data-list-item-id=""eb0da8277b2106a9ea9c9d826e31dff6b""><i>Non-SMT component</i>: Home exercise program consists of sacro iliac joint stretching and strengthening exercises. Stretching exercises: hamstring stretches, hip adductor stretch, piriformis stretch, quadriceps stretch, one knee to chest stretch, both knees-to-chest stretch, lower trunk rotation, and pelvic rotation stretch. Strengthening exercises: isometric hip abduction/adduction strengthening and prone position lumbar/hip strengthening exercises were given as strengthening exercises. Each exercise should be repeated five times, two sessions a day. </li><li data-list-item-id=""ecf1bd23573e75ad751441270f3546907""><i>Duration/dose: </i>three sessions; one session per week for 3 weeks</li><li data-list-item-id=""e44dde69feca6c1510b3c9e4aca9f8f7c""><i>Treatment provider: </i>physiatrist</li></ul><p><b>CG:</b> Home exercise program</p><ul><li data-list-item-id=""e50c878445e1b1e0700ee4ba667d39eff""><i>Description</i>: 'Home exercise program consists of sacro iliac joint stretching and strengthening exercises. Stretching exercises: hamstring stretches, hip adductor stretch, piriformis stretch, quadriceps stretch, one knee to chest stretch, both knees-to-chest stretch, lower trunk rotation, and pelvic rotation stretch. Strengthening exercises: isometric hip abduction/adduction strengthening and prone position lumbar/hip strengthening exercises were given as strengthening exercises.'</li><li data-list-item-id=""eea1b27717de40c1e1f0bd82dece74614""><i>Non-SMT component</i>: none</li><li data-list-item-id=""e3b3c2bde084fa17d64a3c36f13fe3f1d""><i>Duration/dose: </i>Each exercise should be repeated five times, two sessions a day for three weeks.</li><li data-list-item-id=""e70a23eb9b0288621b4bea0b0382a8fd5""><i>Treatment provider: </i>physiatrist</li></ul>","<p><b>Critical outcomes:</b></p><p><b>Pain:</b> VAS (0-10) at rest and with activity</p><p><b>Functional status: </b>not reported</p><p><b>Recovery</b>: not reported</p><p><b>Important outcomes:</b> SF-36, physical examination test</p><p><b>Adverse events: </b>not reported</p><p><b>Follow-up:</b> at 24 hours, 1 and 4 weeks</p>","<p><b>Authors' results and conclusion</b>: 'superiority between the two groups in terms of pain intensity, quality of life, and specific tests was not determined. '</p><p><b>Funding source:</b> none</p><p><b>Declarations of interest:</b> none to declare</p>",
Dougherty 2014a,2014,PUB,27908368,"<p><b>Study design: </b>RCT</p><p><b>Recruitment period:</b> between 2007 and 2010</p><p><b>Statistical analysis:</b> 'general linear model repeated measures procedure following a univariate analysis of covariance approach.'</p><p><b>Sample size calculation:</b> recruitment was successful (based upon the primary outcome (ODI) and secondary outcomes (pain and SF-35 pain sub-score); power was set at 80% and it was estimated that 112 patients were needed in a balanced design, or 28 patients in each group.</p>","<p><b>Sample size: </b>total: 181, IG1: SMT with negative mCPR, 32; IG2: SMT with positive mCPR 60; CG1: Active Exercise therapy with negative mCPR 28; CG2: Active Exercise therapy with positive mCPR 89.&nbsp;</p><p>Comment: additional patients were recruited than planned based upon the sample size calculation because there were difficulties recruiting sufficient subjects who were negative on the clinical prediction rule. All patients who were recruited were included in the analyses.</p><p><b>Setting: </b>Veterans administration outpatient chiropractic and physical therapy clinics and two civilian outpatient chiropractic clinics and two civilian outpatient physical therapy clinics</p><p><b>Method of recruitment:</b> radio ads, posters, and physician recruitment</p><p><b>Country:</b> USA</p><p><b>Baseline characteristics</b></p><ul><li>Age in years, mean (SD): IG1: 61.2 (16.2); IG2: 54.1 (16.0); CG1 60.0 (15.0); CG2 53.4 (18.2)</li><li>Sex (%) women: IG1: 25%; IG2: 38%; CG1: 24%; CG2: 36%.</li></ul><p><b>Duration of LBP:</b> in months: IG1: &nbsp;261.3 (237.9); IG2: 140.8 (196.3); CG1: 186.6 (188.6); CG2: 138.4 (152.1)</p><p><b>Inclusion criteria</b></p><ul><li>LBP for ≥12 weeks prior to enrolment</li><li>Pain upon deep palpation of the lumbar erector spinae</li><li>LBP from L1 to sacroiliac joint inclusive</li><li>Live within 50 miles of Rochester, NY</li><li>Have a baseline &gt;30 mm on the Visual Analogue Scale (VAS) and &gt;20% on the Oswestry Disability Index (ODI)</li><li>Patients had to be willing to undergo no new or different treatment during the study intervention and follow up period, although they were allowed to continue any medications</li></ul><p><b>Exclusion criteria</b></p><ul><li>Radiographic or clinical evidence of cauda equina syndrome</li><li>Spinal neoplasia or metastatic disease</li><li>Destructive joint pathology such as rheumatoid arthritis</li><li>Bowel/bladder dysfunction associated with the LBP</li><li>Peripheral neuropathy or progressive lumbosacral radiculopathy</li><li>Progressive myelopathy or neurogenic claudication and spinal surgery within the past six months</li><li>Patients were excluded if they had undergone a course of SMT or supervised AET within the six months prior to enrolment into the study and if they could not perform an exercise program based on a New York Heart Association Classification of grade III or IV</li></ul>","<p><b>IG1: </b>SMT with negative mCPR&nbsp;</p><ul><li data-list-item-id=""e941c9155ef17c56a139c28d57cfc0966""><i>Description:</i> high-velocity low-amplitude spinal manipulation (participants scored negative Clinical Prediction Rule, CPR)</li><li data-list-item-id=""e41ebd47887636bf15376d8b0bcc3b7c8""><i>Non-SMT component</i>: advice on heat and ice. 'The practitioner was allowed to give the patient one of two stretches to do at home, either “cat/camel stretch” or “knee to chest stretch.” '</li><li data-list-item-id=""eef8192343494360c84ece73150b1cc4e""><i>Duration/Dose:</i> twice a week for four weeks.</li><li data-list-item-id=""e0a964369ba201f1a97ef88a1c4f683d5""><i>Treatment provider:</i> &nbsp;3 chiropractors</li></ul><p><b>IG2:</b><i> </i>SMT with positive mCPR</p><ul><li data-list-item-id=""e3c9a2330b2eee031be302dcd937af002"">Description: included high-velocity low-amplitude spinal manipulation and/or flexion distraction therapy or mobilisation</li><li data-list-item-id=""eaffd9b037761f4831f92accd8da900c8""><i>Non-SMT component: </i>advise on heat/ice. 'The practitioner was allowed to give the patient one of two stretches to do at home, either “cat/camel stretch” or “knee to chest stretch"".'</li><li data-list-item-id=""e2505adda9fd5ae0981c81be54b2739af""><i>Duration/Dose:</i> twice a week for four weeks.</li><li data-list-item-id=""eef128599a27733d9de99c65fb42a22ab""><i>Treatment provider:&nbsp;</i> 3 chiropractors&nbsp;</li></ul><p><b>CG1:</b> Active Exercise therapy with negative mCPR</p><ul><li data-list-item-id=""edda21736f0122823e62ecff19ad83152"">Description: included negative mCPR &nbsp;+ directional preference exercises, lumbar stabilization, general flexibility, and specific training exercises. 'The therapists were given freedom to choose the active care exercise that they felt was best suited to the patient’s needs, but could only utilize those exercises that were included in the protocol and no specific limit was given on the number of exercises that could be prescribed. No passive stretching or modalities such as electric stimulation or ultrasound were allowed.'</li><li data-list-item-id=""ee4aaae3394322a12b9a52e63cfed1000""><i>Duration/Dose:</i> twice a week for four weeks.</li><li data-list-item-id=""e18133686b7bf1d8683d8d3e37878cf26""><i>Treatment provider:&nbsp;</i>licensed physical therapists&nbsp;</li></ul><p><b>CG2:</b><i> </i>Active Exercise therapy with positive mCPR</p><ul><li data-list-item-id=""ea858445fe330f456873863b2cfccd8d3"">Description: positive mCPR + included directional preference exercises, lumbar stabilization, general flexibility, and specific training exercises. 'The therapists were given freedom to choose the active care exercise that they felt was best suited to the patient’s needs, but could only utilize those exercises that were included in the protocol and no specific limit was given on the number of exercises that could be prescribed. No passive stretching or modalities such as electric stimulation or ultrasound were allowed.'</li><li data-list-item-id=""e114e3c0d3fb121b0d827bdca06055a61"">Duration/Dose: twice a week for four weeks.</li><li data-list-item-id=""ee7069bff730c9b4de8ea96998790833c"">Treatment provider: licensed physical therapists</li></ul><p><br>*Based on the response to the Fear Avoidance Belief Questionnaire (FABQ), subjective symptoms and the physical exam findings, patients were categorized in terms of whether they were positive or negative on the modified clinical prediction rule (CPR). Patients within each group were then randomized into either the SMT or AET treatments.'</p>","<p><b>Critical outcomes:</b>&nbsp;</p><p><b>Pain: &nbsp;</b>VAS (0-100)</p><p><b>Functional status:</b> ODI</p><p><b>Recovery</b>: not reported</p><p><b>Minor outcomes:</b> Physical Functional subscales of the SF-36; patient satisfaction.</p><p><b>Adverse events</b><i>: (severe) adverse events</i>: 'A total of 243 AEs were reported over the course of the study with 54.7% in the AET group and 45.3% in the SMT group. Of the 133 AEs reported in the AET group, the DSMB judged 16 as definitely or probably associated with the intervention.<br><i>Adverse events: </i>Of the 110 AEs reported in the SMT group, the DSMB judged 14 as definitely or probably associated with the intervention. The majority of AEs that were reported consisted of musculoskeletal soreness and resolved within the study period. During the study period there were 10 SAEs reported after the start of the treatments (5 in the AET group and 5 in the SMT group), the DSMB<mark class=""marker-yellow""> </mark>judged that none of the SAEs were associated with the study intervention.'<br><b>Follow up:</b> at<b> </b>4, 12 and 24-weeks</p>","<p><b>Authors' results and conclusions:</b> '....There were no differences in treatment outcomes between groups in response to the treatment, given the lack of significant treatment x time interactions. The mCPR x treatment x time interactions were not significant. The differences in outcomes between treatment groups were the same for positive and negative on the mCPR groups...We found no evidence that a modification of the original CPR can be used to discriminate chronic LBP patients that would benefit more from SMT.'</p><p><b>Funding source: </b>Department of Health and Human Services, Health Resources and Service Administration (HRSA) Chiropractic Demonstration grant. AWARD NO.: R18HP07641-03-03, GRANT NO.: R18HP07641.</p><p><b>Declarations of interest: </b>none to declare</p>",Chronic
Dougherty 2014b,2014,PUB,27908370,"<p><b>Study design:</b> RCT</p><p><b>Recruitment period:</b> began in 2008, and the last follow-up visit was completed in 2011</p><p><b>Statistical analysis:</b> 'a general linear model procedure following a univariate analysis of variance model approach with the treatment group as the between-patient factor.'</p><p><b>Sample size calculation:</b> 'assuming a power (1-b) of .80 and the usual a of P &lt; .05, we would have sufficient power to detect a difference of at least 20 on the VAS in improvement from baseline between the 2 groups with at least 60 patients per group.'</p>","<p><b>Sample size: </b>total: 136 subjects, IG: SMT 69, CG: Detuned ultrasound group (Sham intervention) 69</p><p><b>Setting</b>: 2 different Veteran Affairs Medical Centers</p><p><b>Method of recruitment</b>: not reported</p><p><b>Country:</b> USA</p><p><b>Baseline characteristics</b></p><ul><li data-list-item-id=""eef12ccfadb45ad16876921b8d6d92d81"">Age in years, mean (SD): CG: 76.99 (6.77); CG 77.04 (6.81)</li><li data-list-item-id=""ef79f566785f7ac96998957c32ba73d3d"">Sex (%) women: IG 1%; CG 1%</li></ul><p><b>Duration of LBP:</b> not reported</p><p><b>Inclusion criteria</b></p><ul><li data-list-item-id=""e18a799ed58ad1dd7c3b55741eccdf54a"">LBP pain 3 months in duration</li><li data-list-item-id=""ec74abb8935f9dd57e92eaeb052853789"">Localized pain to the lumbosacral and gluteal regions and no focal radicular symptoms</li><li data-list-item-id=""e50d0b4b26f84cd98884028e0ce1ea5f7"">Pain elicited upon deep palpation of the lumbar erector spinae musculature</li><li data-list-item-id=""e5badf1bc44578493d0acbe5e93f6d8e1"">Pain exacerbated or relieved by varying body position</li><li data-list-item-id=""ef218db6880759ae51dd3f0abe8ef8dd2"">They could never have undergone chiropractic care and they also agreed to refrain from any additionaltreatment for CLBP other than that provided in the treatment group for the 12-week duration of the study, unless urgent care was required.</li></ul><p><b>Exclusion criteria</b></p><ul><li data-list-item-id=""ee789ec33e60f037a10665e4d55862916"">Any radiographic or examination evidence of cauda equina syndrome</li><li data-list-item-id=""e513e1e1f90c0fd3938edbacc437a5908"">Spinal neoplasia or metastatic disease</li><li data-list-item-id=""e8dcbe183157d9f4bfba260ab7de60a53"">Destructive joint pathology such as rheumatoid arthritis</li><li data-list-item-id=""e1d21a546035c776fcd50cd3b7a95c48e"">Urinary retention/incontinence associated with caudaequine syndrome</li><li data-list-item-id=""e6ffb12b87b632e72dbd85e6bfe4c39c6"">Peripheral neuropathy or focal lumbosacral radiculopathy</li><li data-list-item-id=""e7f5b248b014acb65c55e0e4c322d64ce"">Progressive myelopathy or neurogenic claudication</li><li data-list-item-id=""e114f1f5de8cd14e1611a2c9419d71226"">Spinal surgery within the past 6 months</li><li data-list-item-id=""e4c8a58b2da5a2508e55992aecde7bbfc"">History of fragility fracture (defined as a fracture that resulted from a fall from a standing height or less) or radiographic evidence of lumbarcompression fracture, </li><li data-list-item-id=""ec511b807f2fc4e3aada24c003fedf3ca"">Any previous chiropractic care</li><li data-list-item-id=""e070e50888b83be99922060eb836140a4"">Moderately cognitively impaired older adults, as indicated by their previous medical history and MiniMental Status Examination scores of 22 or less.</li></ul>","<p><b>IG:</b> SMT</p><ul><li><i>Description</i>: 'The SMT included high-velocity, low-amplitude (HVLA) spinal manipulation and/or flexion distraction therapy and/or mobilization. The decision to use high-velocity, low-amplitude spinal manipulation or flexion-distraction therapy, alone or in combination, was based on the clinician’s judgment. The decision on management strategy was influenced by clinical examination, risk factors, and patient preference; however, there was no a specific algorithm that determined the specific strategy, improving the generalizability of the study.'</li><li><i>Non-SMT component</i>: 'The clinicians could make reference to the Arthritis Foundation brochure that contained stretching and strengthening exercises. The brochure was given to both groups.'</li><li><i>Duration/dose:</i> Treatment was performed 2 times per week for 4 weeks.</li><li><i>Treatment provider: </i>2 chiropractors with 7 and 17 years of experience</li></ul><p><b>CG:</b> Sham intervention</p><ul><li><i>Description</i>: 'The sham intervention consisted of a ‘‘detuned ultrasound’’ applied over the lumbar spine for 11 minutes. This type of intervention is chosen to purposefully simulate a treatment that is believable by the patient and one that minimizes patient bias. The patient lay prone on the treatment table. The clinician applied ultrasound gel over the patient’s lumbosacral region. The clinician then turned on the machine and set the intensity at ‘‘0’’ w/cm2, a timer started, and the fan of the machine was on. The clinician then utilized the ultrasound wand and gently ran the wand over the patient’s back for 11 minutes of intervention. The clinician asked the patient during this time whether there was any discomfort. At the end of the 11 minutes, the timer went off to let the patient know that the treatment was over, and the patient was queried as to how they felt after the treatment. The clinicians could make reference to the Arthritis Foundation brochure that contained stretching and strengthening exercises'</li><li><i>Duration/dose:</i> Treatment was performed 2 times per week for 4 weeks.</li><li><i>Treatment provider: </i>2 chiropractors with 7 and 17 years of experience</li></ul>","<p><b>Critical outcomes:</b></p><p><b>Pain:</b> VAS (0-10)</p><p><b>Functional status:</b> ODI</p><p><b>Recovery</b>: not reported</p><p><b>Minor outcomes:</b> SF 36 pain subscale, SF36 subscale, timed up and go test, patients expectations regarding the treatment to determine the credibility of the SHAM intervention, Borkovec and Nau scale: confidence in treatment, confidence in recommending the treatment to a friend, felt the treatment was logical, and felt the treatment would be successful in alleviating other complaints.</p><p><b>Adverse events:</b><i> </i>A total of 250 AEs were reported over the course of the study with 56% in the SMT group and 44% in the sham intervention group.</p><p><b>Follow up:</b> at 5 and 12 weeks</p>","<p><b>Authors' results and conclusion:</b> 'Our placebo-controlled trial utilizing a sham intervention did not demonstrate superiority of SMT over sham intervention in older veterans with CLBP in our primary outcome measures of pain. Although the SMT resulted in statistically greater improvement in CLBP-related disability, as measured by the ODI, than a sham intervention group at 12 week follow-up, it failed to reach the threshold of clinically significant improvement'</p><p><b>Funding source</b>: A Merit Review grant from the United States (U.S.) Department of Veterans Affairs Clinical Sciences Research and Development. Drs Dougherty, Dunn and Katz are VA employees and did not receive financial compensation for participation in the study. Dr. Karuza and Ms. Savino received compensation through salary support, but no direct compensation.</p><p><b>Declarations of interest: </b>The principal investigator is a full-time employee of the VA.</p>",Chronic
Evans 1978,1978,PUB,3268910,<p><b>Study design:</b> RCT; Crossover design - consisting of 2 three-week periods.</p><p><b>Recruitment period:</b> not reported</p><p><b>Statistical analysis:</b> 'Wilcoxon test for paired differences was used.'</p><p><b>Sample size calculation:</b> not reported</p>,"<p><b>Sample size: </b>total: 36, IG: SMT 15, CG: no treatment 17</p>
<p><b>Setting:</b> outpatient department?</p>
<p><b>Method of recruitment:</b> referred from rheumatological and orthopaedic colleagues</p>
<p><b>Country:</b> UK</p>
<p><b>Baseline characteristics</b></p>
<ul>
 <li>Age in years, median (range): Overall: 44.5 (25 to 63)&nbsp;</li>
 <li>Sex number (%) women: Overall: 53%&nbsp;</li>
</ul>
<p><b>Duration LBP:</b> in years, median (range): 4 (0.2 to 31), and the current attack 9 months (1 1/2 months to 156 months)&nbsp;</p>
<p><b>Inclusion criteria</b></p>
<ul>
 <li>Back pain &gt; 3 weeks</li>
 <li>Arising from the inferior angles of the scapulae to the lower sacrum</li>
 <li>Subjects with femoral or sciatic radiation were allowed</li>
 <li>Use of physiotherapy, surgical corsets, NSAIDs or similar interventions were allowed up to the screening examination (1 week prior to beginning the study), but the use of various analgesics (excluding NSAIDs?) was allowed up to entry into the trial (day 1).</li>
</ul>
<p><b>Exclusion criteria</b></p>
<ul>
 <li>Subjects with femoral or sciatic nerve root compression signs</li>
 <li>Use of NSAIDs in the previous 2 months</li>
 <li>Spondylitis</li>
 <li>Inflammatory polyarthritis and any overt chronic diseases or psychiatric conditions.</li>
</ul>","<p><b>IG:</b> Manipulation<i>&nbsp;</i></p>
<ul>
 <li><i>Description</i>: rotational thrust with distraction to both sides</li>
 <li><i>Non-SMT component</i>: (codeine phosphate (2 caps of 16 mg).</li>
 <li><i>Duration/dose:</i> 3 times on weekly intervals. The first treatment phase consisted of SMT + analgesic (codeine phosphate (2 caps of 16 mg.) <i>versus</i> codeine phosphate alone. After the three-week phase, the treatment groups were reversed. No other information was provided.</li>
 <li><i>Treatment provider: </i>delivered by an experienced medically qualified manipulator&nbsp;</li>
</ul>
<p><b>CG: </b>No treatment</p>
<ul>
 <li><i>Description</i>: analgesics.(Codeine phosphate (2 caps of 16 mg).&nbsp;</li>
 <li><i>Duration/dose:</i> Three weeks. The first treatment phase consisted of analgesic (codeine phosphate (2 caps of 16 mg.) <i>versus</i> &nbsp;SMT + codeine phosphate alone. After the three-week phase, the treatment groups were reversed.</li>
 <li><i>Treatment provider</i>: &nbsp;medically qualified manipulator?</li>
</ul>","<p><b>Critical outcomes:</b>&nbsp;</p><p><b>Pain: </b>4-point scale: none, mild, moderate, severe</p><p><b>Functional status</b>: not reported</p><p><b>Recovery</b>: global assessment (4-point scale: deteriorated, no change, slight improvement, marked improvement)</p><p><b>Important outcomes:</b> lumbar spine flexion (according to the method of Macrae and Wright), analgesic consumption (number of codeine capsules consumed), patient's assessment of efficacy at the end of the 3-week period (4-point scale: ineffective, equivocal, effective, highly effective), and patient's preference at the end of the trial</p><p><b>Adverse events:</b> 'There were no side-effects in the control or manipulative treatment periods except one patient who complained of constipation after having consumed 24 codeine phosphate capsules in the first 4 days.'<br><b>Follow-up:</b> up to 6 weeks</p>",<p><b>Authors' results and conclusions: </b>'Pain scores were reduced to a significant degree within 4 weeks of starting treatment in the group undergoing manipulation during the first treatment period.'</p><p><b>Funding source: </b>not reported</p><p><b>Declarations of interest: </b>not reported</p>,Subacute and chronic
Fatima 2021,2021,PUB,27908372,"<p><b>Study design:</b> RCT</p><p><b>Recruitment period: </b>not reported</p><p><b>Statistical analysis:</b> 'two-way analysis of covariance was used for between-group analysis, with pre-intervention ODI and NRS as covariates.'</p><p><b>Sample size calculation:</b> 'Cohen's d was used to established the effect size that was calculated as 0.96 for ODI from a previous study. The significance level was set at 0.05 with 80% power. The minimum sample size indicate 30 patients, randomized equally in two group, with 15 participants each.'</p>","<p><b>Sample size: </b>total: 30, IG: SMT 15, CG: Muscle energy techniques 15&nbsp;</p>
<p><b>Setting:</b> orthopaedic outpatient department of a tertiary care hospital</p>
<p><b>Method of recruitment</b>: All the patients were initially qualified from the orthopaedic outpatient department of a tertiary care hospital after screening for any lumbar pathology</p>
<p><b>Country</b>: India</p>
<p><b>Baseline characteristics</b></p>
<ul>
 <li>Age in years, mean (SD): IG: 30.47 (8.16); CG; 31.93 (6.83)</li>
 <li>Sex number (%) women: IG: 60%; CG: 60%</li>
</ul>
<p><b>Duration of LBP:</b> not reported.</p>
<p><b>Inclusion criteria</b></p>
<ul>
 <li>Age 20-40 years</li>
 <li>Chief complaint of reproducible pain below L5 and around the posterior superior iliac spine</li>
 <li>Chronic pain for previous 3-6 months</li>
 <li>Score &gt;20% in ODI</li>
 <li>Hypo-mobility in the pelvic girdle during motion testing or functional leg length discrepancy</li>
 <li>3 positive out of 5 tests for pain provocation</li>
</ul>
<p><b>Exclusion criteria</b></p>
<ul>
 <li>History of hip fractures</li>
 <li>Dislocations</li>
 <li>Surgery</li>
 <li>Peripheral neuropathy</li>
 <li>Nerve root improvement</li>
 <li>The NRS score was &lt; 2/10&nbsp;</li>
 <li>The history or examination revealed red flags&nbsp;</li>
 <li>Neurological examination was also performed to exclude the ineligible participants</li>
</ul>","<p><b>IG</b>: SMT</p><ul><li><i>Description</i>: 'The therapist identified the sacroiliac joint dysfunction and targeted the correction of the ilium by high-velocity thrust manipulation (HVTM). The following correction techniques were applied: HVTM for anterior ilium correction; HVTM for posterior ilium correction; HVTM for up slip ilium correction; HVTM for down slip ilium correction; HVTM for in flare ilium correction; HVTM for out flare ilium correction.'</li><li><i>Non-SMT component</i>: 'In addition to the treatment, the patients in each group also received moist heat pack for 10 minutes prior to intervention.'</li><li><i>Duration/dose: </i>2-week treatment with 3 sessions in a week</li><li><i>Treatment provider: </i>professional certified in osteopathy and advance postural biomechanical spine correction</li></ul><p><b>CG:</b> Muscle energy techniques&nbsp;</p><ul><li><i>Description</i>: 'The patient was instructed to apply 30% force against the therapist's force and hold the contraction for 10 seconds. After this, 5 seconds of rest were given while the patient exhaled. The following techniques were applied: MET for anterior ilium correction, MET for posterior ilium correction, MET for up slip ilium correction, MET for in-flare ilium correction,-MET for out-flare ilium correction. In addition to the treatment, the patients in each group also received a moist heat pack for 10 minutes prior to intervention.'</li><li><i>Duration/dose: </i>2-week treatment with 3 sessions in a week</li><li><i>Treatment provider: </i>professional certified in osteopathy and advanced postural biomechanical spine correction</li></ul>",<p><b>Critical outcomes:</b></p><p><b>Pain</b>: NPRS (0-10)</p><p><b>Functional status: </b>ODI</p><p><b>Recovery</b>: not reported</p><p><b>Minor outcomes:</b> not reported</p><p><b>Adverse events:</b><i> </i>not reported</p><p><b>Follow up:</b> not clearly reported. It can be only assumed it was after the intervention (which lasted 2 weeks).</p>,<p><b>Authors' results and conclusion</b>: 'The study reported that both HVTM and MET were effective and resulted in within-group significant improvement on disability and pain. No statistically significant differences were observed in pain and disability between the groups.'</p><p><b>Funding source: </b>no funding received</p><p><b>Declarations of interest: </b>none to declare</p>,Chronic
Ferreira 2007,2007,PUB,3268912,"<p><b>Study design: </b>RCT</p><p><b>Recruitment period:</b> from May 2002 to November 2003</p><p><b>Statistical analysis:</b> 'NOVA was used for the principal analyses, corrected for the baseline value of the outcome being assessed.</p><p><b>Sample size calculation: </b>recruitment was successful ('The sample size of 240 provided an 80% chance of detecting differences between pairs of groups of 1.5 points on an 11-point scale of global perceived effect or 3.5 points on the 28-point measure of function. These calculations assumed a worst-case loss to follow-up of 20%.')</p>","<p><b>Sample size: </b>total: 240, IG: SMT 80, CG1: general exercise 80, CG2: motor control exercise 80<br><b>Setting:</b> physical therapy departments at 3 teaching hospitals</p>
<p><b>Method of recruitment</b>: not explicitly stated but presumably those presented to care at these departments</p>
<p><b>Country</b>: Australia</p>
<p><b>Baseline characteristics</b></p>
<p>Age in years, mean (SD): IG: 54.0 (14.4); CG1: 54.8 (15.3); CG2: 51.9 (15.3);&nbsp;</p>
<p>Sex number (%) women: IG:70.0%; CG1: 70.0%; CG2: 66.3%</p>
<p><b>Duration of LBP:</b> majority of patients across all grps. had &gt; 3 yrs. of LBP.</p>
<p><b>Inclusion criteria</b></p>
<ul>
 <li>Non-specific LBP <u>&gt;</u> 3 months</li>
 <li>18 to 80 years of age</li>
 <li>Patients with osteoarthritis or disc lesions (prolapse, protrusion, or herniation without neurological compromise) were also eligible.</li>
</ul>
<p><b>Exclusion criteria</b></p>
<ul>
 <li>Neurological signs</li>
 <li>Specific spinal pathology (e.g. malignancy, or inflammatory joint or bone disease) or previous back surgery.</li>
</ul>","<p><b>IG:</b> SMT</p><ul><li data-list-item-id=""e11a466cc628f0fc25033197d36de7d77""><i>Description</i>: Maitland joint mobilisation or manipulation techniques</li><li data-list-item-id=""ea066e919d954e5709c82ce0002313f9b""><i>Non-SMT component:</i> participants were not given exercises or a home exercise program and were advised to avoid pain-aggravating activities.</li><li data-list-item-id=""e51ac8cb727f1d2ad57c25b3d3b7c8df0""><i>Duration/dose: </i>dose and techniques were at the discretion of the therapist. 12 treatment sessions over an 8-week period, except for the SMT group, who were allowed to discontinue if they recovered.</li><li data-list-item-id=""e0b42647809fc2ba0de2a56d96dce1555""><i>Treatment provider:</i> physical therapists</li></ul><p><b>CG1</b>: General exercise<i>&nbsp;</i></p><ul><li data-list-item-id=""e3df0fa4ffb5270e10412a958816c1fa0""><i>Description: '</i>The aim was to improve physical functioning and confidence in using the spine, and to teach participants to cope with their back problems. The class was modeled on the 'Back to fitness' program described by Klabber-Moffet and Frost.'</li><li data-list-item-id=""efc94e43023457ca44e6b4ce1d38cc690""><i>Duration/Dose:</i> exercises were performed in classes of up to 8 people. Each class lasts approximately 1 hour. The intensity of the exercises progressed over the 12 treatments</li><li data-list-item-id=""e85c543798ea2091bda37c906748982ba""><i>Treatment provider:</i> supervision of a physical therapist&nbsp;</li></ul><p><b>CG2</b><i>:</i> Motor control exercise</p><ul><li data-list-item-id=""eb6d4475078b5832087e1059c2cc844fa""><i>Description:</i> 'The aim was to improve the function of specific trunk muscles thought to control the movement of the spine and to recruit the deep muscles of the spine and reduce the activity of other muscles. Initially, participants were taught how to contract the transversus abdominis and multifidus muscles in isolation from the more superficial trunk muscles, but in conjunction with the pelvic floor muscles. Ultrasonography was used to provide feedback about muscle recruitment. Both exercise groups also received cognitive-behavioral therapy. This was designed to encourage skill acquisition by modeling, the use of pacing, setting progressive goals, self-monitoring of progress, and positive reinforcement of progress. Self-reliance was fostered by encouraging participants to engage in problem-solving to deal with difficulties rather than seeking reassurance and advice, by encouraging relevant activity goals, and by encouraging self-reinforcement.'</li><li data-list-item-id=""e2e385c9a3673754b2c43b619d9b86738""><i>Duration/dose: </i>12 treatment sessions over an 8-week period, except for the SMT group, who were allowed to discontinue if they recovered.</li><li data-list-item-id=""ed27c1f9e4374c0220457554259b736fb""><i>Treatment Provider:</i> Each participant was trained by a physical therapist</li></ul><p>As noted by the authors: Although all physical therapists were qualified to apply all three interventions, additional training was provided on the administration of general exercise, motor control exercise, and spinal manipulative therapy.</p>","<p><b>Major outcomes</b>:&nbsp;</p><p><b>Pain</b>: VAS (0-10)</p><p><b>Functional status:</b> Roland-Morris disability questionnaire, Patient-specific functional scale (PSFS)</p><p><b>Recovery</b>: Global perceived effect (0-10)&nbsp;</p><p><b>Minor outcomes</b>: not reported</p><p><b>Adverse events: </b>none reported<br><b>Follow-up:</b> at 8 weeks, 6 and 12 months</p>","<p><b>Authors' results and conclusions</b>: 'The motor control exercise group had slightly better outcomes than the general exercise group at 8 weeks as did the SMT group. All groups had similar outcomes at 6 &amp; 12 months. Motor control exercise and SMT produce slightly better short-term function and perceptions of effect than general exercise, but not better medium or long-term effects.'</p><p><b>Funding source:</b> Arthritis Foundation of New South Wales, the Motor Accidents Authority of New South Wales, and the University of Sydney</p><p><b>Declarations of interest: </b>not reported</p>",Chronic
Gevers-Montoro 2024,2024,PUB,27908376,"<p><b>Study design: </b>RCT</p><p><b>Recruitment period:</b> recruited between December 2021 and December 2022</p><p><b>Statistical analysis:</b> mixed analyses of variance</p><p><b>Sample size calculation: </b>For 2 groups and 2 repeated measures (baseline and 4 weeks) with an effect size of f = .175, an alpha of .05, and a power of .8, a sample of 34 patients per group (total of 68) was required to detect statistically significant changes in clinical pain intensity and disability. Based on this calculation and an attrition rate of 10%, 40 participants are sufficient to detect significant effects on the primary outcome variables. For the secondary outcomes they needed 50 patients &nbsp;per group.</p>","<p><b>Sample size: </b>total: 102, IG: SMT 51, CG:&nbsp;Placebo intervention 51, (a healthy control group was also included but not extracted here)<br><b>Setting:</b> Madrid College of Chiropractic teaching Clinic</p><p><b>Method of recruitment</b>: patients presented at the Madrid College of Chiropractic teaching Clinic &nbsp;and conducted by advertisement in San Lorenzo de El Escorial (Madrid, Spain), social media platforms, and by word of mouth</p><p><b>Country</b>: Spain</p><p><b>Baseline characteristics</b></p><p>Age in years, mean (SD): IG: 48.3 (13.0); CG: 48.3 (9.5)&nbsp;</p><p>Sex number (%) women: IG: 63.3 %; CG: 65.3%</p><p><b>Duration of LBP: </b>in months (range), IG: 118 (84–151); CG: 110 (71–148)</p><p><b>Inclusion criteria</b></p><ul><li>Men and women between 18 and 70 years of age</li><li>&nbsp;Symptoms compatible with chronic LBP for at least 3 months</li></ul><p><b>Exclusion criteria</b></p><ul><li>Evidence of a specific pathology causing LBP</li><li>Evidence of a predominant neuropathic origin of LBP</li><li>Diagnosis of mental health disorders (with the exception of anxiety and depression)</li><li>Pain of comparable or greater intensity affecting another body region</li><li>Use of corticosteroids, opioids or anticytokine medication</li><li>Pregnancy&nbsp;</li><li>Lumbar fusion surgery or recent laminectomy</li><li>Chiropractic SMT received within the previous 12 months</li></ul>","<p><b>IG:</b> SMT</p><ul><li data-list-item-id=""e14a842e78ff99b1991610ae99fe73dd1""><i>Description</i>: 'high- velocity low-amplitude spinal manipulation targeting the most painful vertebral segment, bilaterally in side posture with a force sufficient to generate joint cavitation. If the manipulation did not cause joint cavitation, the procedure was repeated once.'</li><li data-list-item-id=""ed7342b56b144acc8d50ff2c7708c1d8b""><i>Non-SMT component:</i> &nbsp;not reported</li><li data-list-item-id=""ed08652b2f6bfbed5bb6d09a8aaf6ad1d""><i>Duration/dose: </i>three times a week for four weeks</li><li data-list-item-id=""e052eaa5ec2469442a01695977b15b14c""><i>Treatment provider:</i> chiropractor (20 years of clinical experience)</li></ul><p><b>CG</b>:&nbsp;<i> </i>SMT vs sham SMT, described as placebo SMT by trialists</p><ul><li data-list-item-id=""efa8c5a06cd47225ce870ffa9cde4cfee""><i>Description: '</i>a validated placebo intervention: 'With the patient in a side posture, a force was then applied to the gluteal region, bilaterally. This simulates SMT, but the force is applied with lower velocity compared with SMT and produces no cavitation.'</li><li data-list-item-id=""e238208500db65bb7c5b859c25a33040f""><i>Duration/Dose: </i>three times a week for four weeks</li><li data-list-item-id=""e7d70472f78c3087634559021ff87b0e5""><i>Treatment provider:</i> chiropractor (20 years of clinical experience)</li></ul>","<p><b>Major outcomes</b>:&nbsp;</p><p><b>Pain</b>: NPRS (0-100) current, maximum, minimum, and average pain intensity&nbsp;</p><p><b>Functional status:</b> Oswestry Disability scale</p><p><b>Recovery</b>: not reported&nbsp;</p><p><b>Minor outcomes</b>: Quantitative sensory testing (pain pressure threshold), Pain catastrophizing scale and Central Sensitization Inventory, Beck Depression Inventory II, Generalized Anxiety Disorder scale</p><p><b>Adverse events: </b>reported by patients using an online questionnaire. the type of adverse event, the time of onset, the duration, and the severity of the adverse events</p><p><br><b>Follow-up:</b> 4, 8 and 16 weeks</p>","<p><b>Authors' results and conclusions</b>: 'In conclusion, the present study indicates that SMT produces greater reductions in clinical pain intensity pain catastrophizing, and segmental mechanical hyperalgesia compared with a control intervention.'</p><p><b>Funding source:</b> &nbsp;Fondation Chiropratique du Québec, Fonds de Recherche du Québec en Nature et Technologies (FRQNT), the Asociación Española de Quiropráctica (AEQ), and the European Centre for Chiropractic Research Excellence (ECCRE).&nbsp;</p><p><b>Declarations of interest: </b>The authors have no financial or other relationship that may lead to a conflict of<b> </b>interest<b>.</b></p>",
Ghroubi 2007,2007,PUB,3268914,"<p><b>Study design:</b> RCT</p>
<p><b>Recruitment period: </b>not reported</p>
<p><b>Statistical analysis:</b> Pearson Chi-Square and Student's t-test was used to test for differences between groups.</p>
<p><b>Sample size calculation: </b>not reported</p>","<p><b>Sample size: </b>total: 64, IG: SMT 32, CG: sham SMT 32</p>
<p><b>Setting: </b>university hospital (physical medicine rehabilitation department)</p>
<p><b>Method of recruitment:</b> patients referred for care at the hospital</p>
<p><b>Country</b>: Tunesia</p>
<p><b>Baseline characteristics</b></p>
<ul>
 <li>Age in years, mean (SD): Overall: 38.2 (9.4)</li>
 <li>Sex number (%) women: Overall: 80%</li>
</ul>
<p><b>Duration of LBP</b>: in months, range: 16 to 19</p>
<p><b>Inclusion criteria</b></p>
<ul>
 <li>18-55 years of age</li>
 <li>First episode of chronic low-back pain</li>
 <li>Presenting at time of palpatory examination with contracture of paravertebral muscles and/or minor intervertebral derangement</li>
 <li>Nature of radiating pain: without sciatica</li>
</ul>
<p><b>Exclusion criteria</b></p>
<ul>
 <li>If patient had tumour or inflammatory pathology</li>
 <li>Trauma in the 6 weeks preceding the study</li>
 <li>Fracture</li>
 <li>Osteoporosis</li>
 <li>Lumbosacral radiculopathy or pain radiation into the buttocks</li>
 <li>Spondylolisthesis</li>
 <li>Scoliosis</li>
 <li>Previous spinal surgery</li>
 <li>Pregnancy</li>
 <li>Severe psychiatric illness.</li>
</ul>","<p><b>IG:</b><i><b> </b></i>Spinal manipulation</p><ul><li data-list-item-id=""eaa8a6a347757dd2c2dc3d24ddc83f0c4""><i>Description:</i> 'the type of manipulation chosen was dictated by the nature of the initial clinical presentation.' No further description is given nor is the specific technique described.</li><li data-list-item-id=""ec84ea650667d147596e1fe9c8f01733c""><i>Non-SMT component: </i>No details provided</li><li data-list-item-id=""e2d10e9b77267375352ae963546c0c020""><i>Duration/dose:</i> 4 treatments (in total), weekly for 4 weeks by the same manipulator.</li><li data-list-item-id=""e7b6270b9dadbdcb13f23c292ecc06d02""><i>Treatment provider:</i> Probably just one clinician delivered the treatment for both groups (but this is unclear). No description of the training, or experience of the manipulator(s) (physical or manual therapist?) was provided</li></ul><p><b>CG:</b> Sham spinal manipulation</p><ul><li data-list-item-id=""e047ed8ae9fd4ea1226f5de4a4ff6fdf5""><i>Description</i>: 'Place tension on the spine without receiving a manipulative impulse or thrust.'</li><li data-list-item-id=""e43624cf317172128efefb06c2f4300ce""><i>Duration/dose</i>: 4 treatments (in total), weekly for 4 weeks by the same manipulator.</li><li data-list-item-id=""eed04a0830d944d880a4b10aa888acc87""><i>Treatment provider</i>: No details provided</li></ul>","<p><b>Major outcomes:</b></p>
<p><b>Pain</b>: VAS (0-10)</p>
<p><b>Functional status</b>: Oswestry Disability Index</p>
<p><b>Recovery</b>: not reported</p>
<p><b>Minor outcomes</b>: patient satisfaction (0 to 100-point scale, ranging from not satisfied to completely satisfied), Schober's test, palpatory tenderness with skin rolling, palpatory tenderness of the spinal processes, contracture of the paravertebral muscles</p>
<p><b>Adverse events</b><i>:</i> not reported</p>
<p><b>Follow-up: </b>at 1 and 2 months</p>","<p><b>Authors' results and conclusions:</b> 'Patients receiving true SMT showed significant improvement in pain relief and functional status, which persisted into the second month. Our study confirms the efficiency of short-term vertebral manipulation for treating chronic LBP.'</p><p><b>Funded source:</b> not reported</p><p><b>Declarations of interest:</b><i> </i>not reported</p><p><b>Comment reviewers:</b> published in French</p>",Chronic
Gibson 1985,1985,PUB,3268916,"<p><b>Study design: </b>RCT</p>
<p><b>Recruitment period: </b>not reported</p>
<p><b>Statistical analysis:</b> group differences were tested using a Wilcoxon signed rank test, Student's t-test, and Chi-square ('where appropriate').</p>
<p><b>Sample size calculation: </b>not reported</p>","<p><b>Sample size: </b>total: 109, IG: osteopathic SMT 41, CG1: short-wave diathermy 34, CG2: placebo diathermy 34</p>
<p><b>Setting: </b>hospital outpatient department</p>
<p><b>Method of recruitment:</b> patients referred for care at the hospital</p>
<p><b>Country:</b> UK</p>
<p><b>Baseline characteristics</b></p>
<ul>
 <li>Age in years, mean(SD): IG: 34 (14); CG1: 35 (16); CG2: 40 (16)</li>
 <li>Sex number (%) women: IG: 51%; CG1: 47%; CG2: 32%</li>
</ul>
<p><b>Duration &nbsp;of LBP</b>: range: 16 to 19 months.</p>
<p><b>Inclusion criteria</b></p>
<ul>
 <li>&nbsp;LBP greater than 2 months, but less than 12 months.</li>
</ul>
<p><b>Exclusion criteria</b></p>
<ul>
 <li>H/o numbness</li>
 <li>Paraesthesias</li>
 <li>Pain worsened by coughing</li>
 <li>Spondylolysis or -listhesis</li>
 <li>Treatment elsewhere (excluding use of analgesics)</li>
 <li>Demonstrable neurological deficit</li>
 <li>Specific spinal disease (inflammatory, metabolic, or neoplastic).</li>
</ul>","<p><b>IG</b>: Osteopathic manipulation and mobilisation</p><ul><li data-list-item-id=""e38f62dd58cbd93b2daa2283e3024b8df""><i>Description</i>: The osteopathic regimen included examination, soft-tissue manipulation, passive articulation of stiff spinal segments, and manipulation of the vertebral facet or sacroiliac joints using minimal rotation.</li><li data-list-item-id=""ea2eddea094e6ccc1320886a61937c075""><i>Non SMT component:</i> None described</li><li data-list-item-id=""e82c24e9991230adc138094624be00c16""><i>Duration/dose: </i>once weekly for 4 weeks ( 4 treatments in total).</li><li data-list-item-id=""eb8ccc1ea59a93bb3445649be49dffba6""><i>Treatment provider:</i> 'The osteopath was a qualified, non-medical practitioner whose attachment to Guy’s Hospital department of rheumatology for the study was without precedent.'</li></ul><p><b>CG1</b><i>:</i> Active short-wave diathermy</p><ul><li data-list-item-id=""e035c599d93a9cf922d3903a88c6b0589""><i>Description</i>: Standards use of an active Shaort-wave Diathermy.</li><li data-list-item-id=""e269e6c0acfcff830dbd8bf9f80502d35""><i>Duration/dose: </i>3 treatments per week for 4 weeks (total of 12 treatments)</li><li data-list-item-id=""ea0a5a3b89f540854dab746661bd5a6d5""><i>Treatment provider: </i>physiotherapist&nbsp;&nbsp;</li></ul><p><b>CG2</b>: Detuned short-wave diathermy</p><ul><li data-list-item-id=""ea2347c5e52b97e522a66da21f73debd2""><i>Description: '</i>the short-wave diathermy machine was switched on so that the electrical noise and display light gave the impression that the instrument was in use. The physiotherapist was equally attentive to patients receiving real and simulated short-wave diathermy.'</li><li data-list-item-id=""ee76bb51faf9b82babb6730733e24e07d""><i>Duration/dose</i>: 3 treatments per week for 4 weeks (total of 12 treatments)</li><li data-list-item-id=""ee98067faa3eec804a0ed47654c175ca9""><i>Treatment provider:</i> physiotherapist&nbsp;</li></ul>","<p><b>Major outcome:</b></p>
<p><b>Pain:</b> VAS (0-100- daytime and nocturnal scores)</p>
<p><b>Functional status</b>: not reported</p>
<p><b>Recovery</b>: recovery (% patients pain free)</p>
<p><b>Minor outcomes</b>: analgesic consumption (% patients), spinal tenderness (4-point scale, dichotomized to % patients with moderate or severe tenderness <i>versus</i> none or mild tenderness), lumbar spine flexion (using the method of Macrae and Wright), return-to-work or activities of daily living (% patients unable to work or carry out household tasks)</p>
<p><b>Adverse events:</b><i> </i>not reported</p>
<p><b>Follow-up:</b> at 2, 4, and 12 wks</p>",<p><b>Authors' results and conclusions:</b> More than half of the subjects in each of the 3 groups benefited immediately from therapy. Significant improvements were observed in the 3 groups at the end of 2 weeks treatments and these were still apparent at 12 weeks. Benefits obtained from osteopathy and SWD may have been achieved through a placebo effect.</p><p><b>Funded source:</b><i> </i>Arthritis and Rheumatism Council</p><p><b>Declarations of interest: </b>not reported</p>,Subacute and chronic
Goldby 2006,2006,PUB,3268918,"<p><b>Study design:</b> RCT</p><p><b>Recruitment period:</b> from March 1998 to November 1999.</p><p><b>Statistical analysis:</b> 'The continuous variables were analyzed using the Mann-Whitney and Kruskal-Wallis tests. The dichotomous variables were analyzed using the chi-square test and regressed to account for baseline variations. The Wilcoxon matched-pairs signed rank test was used to compare data collection stages'.</p><p><b>Sample size calculation: </b>recruitment was successful ('Numbers for the study were calculated based on a clinically relevant difference of 30% between groups at a power of 90%, for a level of significance of P&lt;0.05. This required 250 patients with 100 in each of the active groups and 50 in the control group.')</p>","<p><b>Sample size: </b>total: 323, IG: manual therapy 89, CG1: spinal stabilization 84, CG2: education 40</p>
<p><b>Setting:</b> 2 physical therapy departments in hospitals</p>
<p><b>Method of recruitment:</b> not explicitly stated but presumably patient referred by their GP or hospital consultant</p>
<p><b>Country</b>: UK</p>
<p><b>Baseline characteristics</b></p>
<ul>
 <li>Age in years, mean (SD): IG 43.4 (10.7); CG1: 41.0 (11.7); CG2: 41.5 ( 13.0)</li>
 <li>Sex number (%) women IG: 68%; CG1: 69.9%; CG2: 67.5%</li>
</ul>
<p><b>Duration of &nbsp;LBP</b> (mean (SD) in yrs.): overall 11.7 (9.9)</p>
<p><b>Inclusion criteria</b></p>
<ul>
 <li>LBP &gt; 12 weeks</li>
 <li>Age 18 to 65 years</li>
 <li>Understanding of English</li>
 <li>Radiation pattern of pain: with or without leg pain (beyond the knee)</li>
</ul>
<p><b>Exclusion criteria</b></p>
<ul>
 <li>Non-mechanical LBP</li>
 <li>Specific spinal condition (stenosis, spondylolisthesis grade III or IV, or recent fracture)</li>
 <li>Significant or worsening neurological deficit</li>
 <li>Inflammatory joint disease</li>
 <li>Lower limb pathology</li>
 <li>Present or past h/o metastatic disease</li>
 <li>Medically unsuitable for exercise class</li>
 <li>Chronic pain syndrome</li>
 <li>H/o <u>&gt;</u> 2 previous low-back surgeries</li>
 <li>H/o anxiety neurosis</li>
 <li>Pregnancy</li>
</ul>","<p><b>IG: </b>Manual therapy</p><ul><li data-list-item-id=""e9e0db14e493c5f0db4fc366432b3733d""><i>Description</i>: 'any form of exercise or manual therapy procedure within the remit of musculoskeletal physiotherapy; however, the therapists were not allowed to prescribe exercises for the abdominal muscles or pelvic floor, nor were they allowed to use electrophysical modalities.'</li><li data-list-item-id=""e07e6f012a149d1e7303f5121186c19b4"">Unclear what techniques were actually used in the manual therapy intervention (i.e. whether this consisted of mobilisation, manipulative or muscle energy techniques).</li><li data-list-item-id=""e03c758f5a2d9fb3aaf26d5bd1b75a9ec""><i>Non-SMT component:</i> 'All groups received Back School, which consisted of 1 group-specific 3-hour question and answer session. The class covered anatomy, biomechanics and lifting, pathologies, and advice on education, exercise, and general fitness.'</li><li data-list-item-id=""ecbbf0e2982bd8b70d5089b6f5318123f""><i>Duration/dose: </i>maximum of 10 sessions or prior discharge at the discretion of the physiotherapist </li><li data-list-item-id=""ea835a963555d03c13028d68cb19db303""><i>Treatment provider:</i> Physiotherapist&nbsp;</li></ul><p><b>CG1: </b>Spinal stabilization rehabilitation program</p><ul><li data-list-item-id=""e2326e8d7e5c1c00df2fac420e1392b8e""><i>Description</i>: 'the aim was to rehabilitate the neural control and active subsystems of the lumbar spine's stabilizing system.'</li><li data-list-item-id=""e2a2d2c13629382df61fd5c2b9b3fd49b""><i>Duration/dose: </i>ten one-hour classes were given; max. 12 patients per class.</li><li data-list-item-id=""e0f4a14ff5022a7708662b539fd31ad9b""><i>Treatment provider:</i> physiotherapist</li></ul><p><b>CG2:</b> Education (control) 'minimal intervention'</p><ul><li data-list-item-id=""e601aff3db0144c960f67b23fa1abde18""><i>Description</i>: educational booklet 'Back in Action. 'All groups received Back School, which consisted of 1 group-specific 3-hour question and answer session. The class covered anatomy, biomechanics and lifting, pathologies, and advice on education, exercise, and general fitness.'</li><li data-list-item-id=""e0e1c05dfdeadc2625b7040ebd87f0b68""><i>Duration/Dose:</i> not described</li><li data-list-item-id=""e5ed31c4d9052df8557bceae652bf2c21""><i>Treatment provider: </i>physiotherapist</li></ul>","<p><b>Major outcomes:</b></p>
<p><b>Pain</b>: NPRS (back pain, leg pain) (0-100)</p>
<p><b>Functional status:</b> Oswestry Disability Index</p>
<p><b>Recovery</b>: not reported</p>
<p><b>Minor outcomes: </b>Low-Back Outcome score, quality-of-life: Nottingham Health Profile, impairment: lumbar flexion (mm),timed walking test, medication use</p>
<p><b>Adverse events: </b>not reported</p>
<p><b>Follow-up:</b><i> </i>at<i> </i>3, 6, 12, and 24 months</p>",<p><b>Authors' results and conclusions:</b> 'Spinal stabilization is more effective than manually applied therapy or an education booklet in treating chronic LBP. Both manual therapy and spinal stabilization program were significantly effective in pain reduction as compared to an active control.'</p><p><b>Funding source: </b>'professional organizations'</p><p><b>Declarations of interest:</b><i><b> </b></i>not reported</p>,Chronic
Grande-Alonso 2019,2019,PUB,27908379,"<p><b>Study design: </b>RCT</p><p><b>Recruitment period:</b> from February 2017 to June 2018</p><p><b>Statistical analysis:</b> 'the analysis of variance (ANOVA) test for repeated measures was used to compare numerical variables. The factors analyzed were group and time (pre and postintervention). Tests of within-patient post hoc simple effects (i.e. changes in time for all variables for each group separately) were performed by post hoc Bonferroni corrections.'</p><p><b>Sample size calculation:</b> Calculations were based on a minimal detectable change of 15 mm on the VAS in patients with low back pain. Assuming a standard deviation of 16.18 mm, two-tailed tests, and an alpha level of 0.5, a sample size of 42 participants was generated for the study in order to have 90% power to identify an effect. Allowing for a dropout rate of 20%, we planned to recruit at least 49 patients.</p>","<p><b>Sample size: </b>total: 52, IG; orthopaedic manual physical therapy plus physiotherapy approach based on biobehavioral paradigm 27, CG: Physiotherapy approach based on biobehavioral paradigm alone 25</p>
<p><b>Setting:</b> University clinic</p>
<p><b>Method of recruitment:</b> from the La Salle University Centre for Advanced Studies</p>
<p><b>Country: </b>Spain</p>
<p><b>Baseline characteristics</b></p>
<ul>
 <li>Age in years, mean (SD): IG: 39.88 (13.20); CG 38.29 (13.10)</li>
 <li>Sex number (%) women: IG: 56%; BE: 56%</li>
</ul>
<p><b>Duration of LBP</b>: mean (SD) in months; IG: 71.46 (95.45); CG: 82.75 (102.51)</p>
<p><b>Inclusion criteria</b></p>
<ul>
 <li>LBP for at least the prior three months</li>
 <li>LBP of nonspecific nature</li>
 <li>Men and women aged 18 to 65 years</li>
 <li>LBP for at least 10 days per month</li>
 <li>Intensity of pain between 3 and 10 on the visual analogue scale</li>
</ul>
<p><b>Exclusion criteria</b></p>
<ul>
 <li>Presence of neurological signs</li>
 <li>Having undergone back surgery</li>
 <li>Specific spinal pathology</li>
 <li>Recent trauma</li>
 <li>Pregnant women</li>
 <li>Illiteracy</li>
 <li>Understanding or communication difficulties</li>
 <li>Insufficient language comprehension to follow measurement instructions.</li>
</ul>","<p><b>IG:</b> Osteopathic manipulative therapy + behavioural education</p><ul><li data-list-item-id=""e3a3ae4ec0bf0ddb6c00d2b9e8772a6d1""><i>Description</i>: 'The manual therapy protocol consisted of accessory mobilizations (posteroanterior), traction of the lumbar region, mobilization with movement in the coxofemoral joint, and global techniques of neural mobilization of the lumbar spine.'</li><li data-list-item-id=""e28b1900338c6d5e581dcbc4ec1a71a69""><i>Non-SMT component</i>: Biobehavioural Education strategies (see description of the CG).</li><li data-list-item-id=""efe3717835bb5de8e834176052cbb8a10""><i>Duration/dose: '</i>The duration of the orthopedic manual physical therapy was 20–25 minutes per session.<i> </i>All the patients received eight treatment sessions for one month (twice per week). Each session was one-on-one, and there was a rest period of 48 to 72 hours between sessions.'</li><li data-list-item-id=""e4712990da1a96af1297541295b056df9""><i>Treatment provider: </i>not reported (generic ""therapist"")</li></ul><p><b>CG: </b>Behavioural Education</p><ul><li data-list-item-id=""e9bd7ca32aad8a413a7e224e6ac8a4067""><i>Description</i>: 'The objectives of therpaeutic patients education were to act on the patient's maladaptive coping beliefs, to promote active strategies, and to increase self efficacy., Biobehavioral strategies were implemented within therapeutic patient education: experential motor restructuring, sensorial reinterpretation, progressive Jacobson relaxation, and a program of observed action and motor imagery. The control group also received a therapeutic exercise program, which was based on stabilization exercises of the lumbar region.'</li><li data-list-item-id=""ef3fc5c6133f1af78b869a85a6ceffd94""><i>Duration/dose: '</i>The patient education lasted for 20-25 minutes. All the patients received eight treatment sessions for one month (twice per week). Each session was one-on-one, and there was a rest period of 48 to 72 hours between sessions.'</li><li data-list-item-id=""eb6dce8bb569c4bf0483db638298351a6""><i>Treatment provider: </i>not reported (generic ""therapist"")</li></ul>","<p><b>Major outcomes:</b></p><p><b>Pain:</b> VAS (0-100)</p><p><b>Functional status:</b> Roland Morris Disability Questionnaire</p><p><b>Recovery</b>: global perception of change</p><p><b>Minor Outcomes:</b> Pain frequency (counting the days with pain during last month), intake and frequency of medication, temporal summation magnitude, two-point discrimination test, extensor endurance, motor control, TSK, PCS, and CPSS.</p><p><b>Adverse events: </b>not reported</p><p><b>Follow up: </b>at<b> </b>4 and 12 weeks</p>","<p><b>Authors' results and conclusion:</b> 'The results of this study suggest that orthopedic manual physical therapy does not increase the effects of a treatment based on biobehavioral therapy in the short or medium term, but these results should be interpreted with caution because they have not been evaluated in the long term.'</p><p><b>Funding source: </b>no funding received</p><p><b>Declarations of interest: </b>none to declare</p>",Chronic
Griswold 2019,2019,PUB,27908381,"<p><b>Study design:</b> RCT</p><p><b>Recruitment period:</b> between December 2014 and May 2018</p><p><b>Statistical analysis:</b> 'An intention-to-treat analysis included all patients in the analysis who were randomized. Between-group comparisons for the ODI, PSFS score, NPRS, and PPT were assessed using a two-way mixed model analysis of the variance (ANOVA) at baseline and visits two, four, and six or discharge. The fixed factor was the group variable and the visit served as the random factor. '</p><p><b>Sample size calculation:</b> 'An a priori sample size estimation was conducted selecting a two-way mixed model, ANOVA with two groups and four time points. A calculated sample size of 60 patients provided 80% power to detect a 20% between-group difference on the ODI with the α set at .'05.</p>","<p><b>Sample size: </b>total: 65, IG: non-thrust manipulation plus home exercise 35, CG: dry needling &nbsp;plus home exercise 30</p>
<p><b>Setting:</b> one rheumatology clinic at a university hospital</p>
<p><b>Method of recruitment</b>: those subjects presenting for care</p>
<p><b>Country: </b>Switzerland.</p>
<p><b>Baseline characteristics</b></p>
<ul>
 <li>Age in years, mean (SD): IG: 49.6 (13.8); CG: 45.0 (14.4)</li>
 <li>Sex number (%) women: IG: 33%; CG: &nbsp;60%</li>
</ul>
<p><b>Duration of LBP: </b>in<b> </b>days, mean(SD): IG: 114.4 (214.6); CG: 86.5 (223.4)</p>
<p><b>Inclusion criteria</b></p>
<ul>
 <li>18–70 years old</li>
 <li>With a chief complaint of reproducible LBP present for at least six weeks</li>
 <li>Scored ≥20% on the Oswestry disability index (ODI).</li>
</ul>
<p><b>Exclusion criteria</b></p>
<ul>
 <li>The examining clinician was unable to provoke patient’s symptoms along the lumbar paraspinal muscles and with passive accessory intervertebral movement (PAIVM) of the lumbar spine</li>
 <li>They reported &lt;2/10 on the numeric pain rating scale (NPRS) 24 h average</li>
 <li>Had any red flags revealed during the patient history (i.e. tumour, metabolic diseases, RA, osteoporosis, prolonged history of steroid use, prior lumbar surgery, current pregnancy) or examination (i.e. signs consistent with significant nerve root compression)</li>
 <li>Had a medical history of a transmittable blood disease</li>
 <li>Demonstrated signs of Chronic Regional Pain Syndrome</li>
 <li>Were seeking litigation for their pain</li>
 <li>Were unable to speak English</li>
 <li>Have been diagnosed with fibromyalgia</li>
</ul>","<p><b>IG: </b>Non Thrust Manipulation</p><ul><li data-list-item-id=""e991adfb85c935ec6c5f5ed1903c518e9""><i>Description</i>: 'Patients received a semi-standardised approach targeting the symptomatic level in the lumbar spine. The technique and grade of the NTM were at the clinician's discretion and based on the findings from the clinical examination. The number of bouts and duration of each bout for the NTM were standardised to include three bouts performed for 45 s with 45 s in between.'</li><li data-list-item-id=""e4cce26fbfceaeb694d8416f7817beae9""><i>Non-SMT component</i>: 'A standardized Home Exercise Programme (HEP) consisting of mobility and stabilization exercises of the lumbopelvic area was reviewed at their initial visit. Each participant was asked to complete the program one time per day during his or her participation in the trial. Adherence was monitored using an exercise log with a threshold set at 80% considered successful.'</li><li data-list-item-id=""e6cf8e5c58656732d5d029e7c88d57f7e""><i>Duration/dose: </i>two visits per week for three weeks totaling six visits</li><li data-list-item-id=""e69d7176ab6f6b948daade729d34fbd38""><i>Treatment provider: </i>physical therapist</li></ul><p><b>CG: </b>Dry needling</p><ul><li data-list-item-id=""e0c6fc00817be3ec679dbcc149884640a""><i>Description</i>: 'Fifty millimeters (mm)/.25 gauge Seirin J-type needles were inserted to the maximum or available depth at each location. Segmental DN involved needling the paraspinal levels and then distally into peripheral nerve innervation fields of the lower extremity. Two needles were placed along bilateral lumbar paraspinal muscles at the symptomatic level, a level above, and a level below. Needles were then inserted into both lower extremities targeting peripheral nerve distributions. Needling distal to the primary site of pain reduces neural sensitivity by attenuating the spinal reflex arc. Twenty-two needles were used each visit, and total treatment time ranged between 5 and 7 min depending on patient tolerance. See Figure 1. No needle manipulation was performed other than slight modifications needed to reach the 50 mm or maximum available depth. Once all needles were inserted, the therapist removed them. In addition, the patient performed the same HEP as in the intervention group. '</li><li data-list-item-id=""e8ee5c47877be44f493e99155fec84438""><i>Duration/dose: </i>two visits per week for three weeks totaling six visits.</li><li data-list-item-id=""ee10019e0f8c406b808980802706c8df3""><i>Treatment provider: </i>physical therapist</li></ul>","<p><b>Major outcomes:&nbsp;</b></p><p><b>Pain:</b> NPRS (0-10)</p><p><b>Functional status:</b> Modified Oswestry Disability Index</p><p><b>Recovery</b>: percent recovery</p><p><b>Minor outcomes:</b> PPT, the single assessment numeric evaluation (SANE)</p><p><b>Adverse events: </b>none reported</p><p><b>Follow-up:</b> The Oswestry Disability Index was collected at baseline, visit 2, visit 4, and visit 6. The exact follow-up time is not reported, but the treatment lasted 3 weeks.</p>","<p><b>Authors' results and conclusion:</b> 'Results of this RCT indicated no between-group differences between patients experiencing NSLBP who received a semi-standardized NTM or a segmental and distal DN approach without needle manipulation. Our results indicate both NTM and DN produce meaningful within group changes for pain, disability, and perceived recovery for patients with NSLBP. Either treatment could be considered for conservative management strategies for NSLBP.'</p><p><b>Funding source: </b>not reported</p><p><b>Declarations of interest</b><i>: </i>not reported</p>",Subacute and chronic
Gudavalli 2006,2006,SOUGHT,3268920,"<p><b>Study design:</b> RCT</p><p><b>Recruitment period: </b>not reported</p><p><b>Statistical analysis:</b> 'the primary outcomes were evaluated by ANCOVA. Bonferroni correction was applied for repeated testing in the primary measures, and the alpha level was therefore set to 0.01.'</p><p><b>Sample size calculation:</b> recruitment was successful ('The sample size was based on a prior randomized clinical trial of chronic low back pain patients comparing manipulation to a sham treatment and back school. Data from that investigation indicated that 200 patients would provide significance at alpha=0.05 and power= 0.80 for a change in perceived pain'.)</p>","<p><b>Sample size: </b>total: 235, IG: SMT (flexion-distraction) 123, CG: exercise 112</p>
<p><b>Setting: </b>two chiropractic and two orthopaedic clinics</p>
<p><b>Method of recruitment:</b> radio and newspaper advertisements, press releases, cable television advertisements, local posters, and local electronic sign advertisements</p>
<p><b>Country:</b> USA<br><b>Baseline characteristics</b></p>
<ul>
 <li>Age in years, mean (SD): IG: 42.2 (11.4); CG: 40.9 (12.8)</li>
 <li>Sex number (%) women: IG: 34.2%; CG: 41.1%</li>
</ul>
<p><b>Duration of LBP</b>: unclear</p>
<p><b>Inclusion criteria</b></p>
<ul>
 <li>Age &gt; 18 years</li>
 <li>Primary complaint of LBP (from L1 to SI joint)</li>
 <li>Radiation pattern of pain: with or without radiculopathy</li>
 <li>Duration longer than 3 months</li>
 <li>Palpatory tenderness over one or more lumbar zygapophyseal joints</li>
 <li>Willing to forego narcotic use during the treatment phase of the study as well as NSAID use and/or muscle relaxants for 24 h. prior to baseline or at time of outcome assessment</li>
</ul>
<p><b>Exclusion criteria</b></p>
<ul>
 <li>Evidence of central nervous system (CNS) disease</li>
 <li>Contraindications to manual therapy (e.g. severe osteoporosis, lumbar fracture, systemic disease, failed fusion surgery, inability to undergo physiotherapy or flexion-distraction for any other reason)</li>
 <li>Psychiatric illness</li>
 <li>Current or known substance abuse</li>
 <li>Not fluent and/or illiterate in the English language</li>
 <li>Morbidly obese</li>
 <li>Pregnant</li>
 <li>Currently receiving care elsewhere for LBP</li>
 <li>Treated by chiropractor or PT in the past 6 months</li>
 <li>Not willing to forego care elsewhere during the treatment phase</li>
 <li>Limitation or inability to carry out physical activity without discomfort</li>
</ul>","<p><b>IG: </b>Flexion-Distraction (traction and mobilisation)</p><ul><li data-list-item-id=""e2125fda4f9926049077b723e1cd9eafc""><i>Description</i>: 'performed on a specially constructed table with a moveable headpiece, stationary thoracolumbar piece, and a moveable lower extremity piece; the first component consisted of traction using the flexion ROM directed at a specific joint level; the second component was a series of mobilisation procedures.</li><li data-list-item-id=""e4b6516f71d8b5cafb152e043d94e9e46""><i>Non-SMT component: </i>Patients also received ultrasound and cryotherapy</li><li data-list-item-id=""ee1d9839bcb5d071cc542866d1167f418""><i>Duration/dose: </i>2 to 4 times per week at the discretion of the treatment provider, for a total of 4 weeks.</li><li data-list-item-id=""edaa3c55a2a0d3a4e128af47b92d7401f""><i>Treatment provider: </i>chiropractors with post-graduate certification in this technique.'</li></ul><p><b>CG:</b><i> </i>Exercise therapy</p><ul><li data-list-item-id=""e7b8e6b7e2640fd71075c31abd2c18e32""><i>Description</i>: flexion or extension exercise, weight training, flexibility exercises, and cardiovascular training. 'The aim of the program was to strengthen the muscles surrounding the spine and increase flexibility; methods used for the stabilizing exercises were consistent with those of O'Sullivan.'</li><li data-list-item-id=""e10bd994bbbe4870005de65707e32378e""><i>Duration/dose:</i> 2 to 4 times per week at the discretion of the treatment provider, for a total of 4 weeks.</li><li data-list-item-id=""e8fbd12e96c73e4a6a57b2db25dcde76a""><i>Treatment provider</i>: licensed physical therapists&nbsp;</li></ul>","<p><b>Major outcomes:</b></p>
<p><b>Pain: </b>VAS (0-100)</p>
<p><b>Functional status: </b>Roland-Morris Disability Questionnaire</p>
<p><b>Recovery</b>: not reported</p>
<p><b>Minor outcomes: </b>Generic general health (SF-36; 8 sub-scales presented individually as well as overall score), health care utilization, low-back biomechanics, patient satisfaction (3 questions: 'Overall, how much were you helped?'; 'In the future, would you return to this type of care?'; 'Would you recommend this type of care to family or friends?'</p>
<p><b>Adverse events:</b> no adverse events or side-effects were reported by subjects from either intervention'. Results presented separately with and without radiculopathy</p>
<p><b>Follow-up:</b> at 4 weeks, 3, 6, and 12 months</p>","<p><b>Authors' results and conclusions:</b> Flexion-distraction provided more pain relief than active exercise; however, these results varied based upon stratification of patients with and without radiculopathy and with and without recurrent symptoms.</p><p><b>Funding source: </b>Health Resources and Services Administration, National Chiropractic Mutual Insurance Company</p><p><b>Declarations of interest:</b><i> </i>not reported</p><p><b>Comment reviewers:</b> The authors were contacted regarding inconsistencies in the follow-up data for the 2 different reports (Gudavalli et al. European Spine J 2006; Cambron et al. J Alt Comp&nbsp;Medicine 2006).&nbsp;The data reported in Gudavalli (Table 8) is not consistent with the data reported in Cambron (Table 5). Here, the change scores are presented&nbsp;for the 2 interventions at the various follow-up periods. This cannot be explained&nbsp;by the number of subjects analysed because&nbsp;they were the same in both reports.&nbsp;No reply was received regarding further explanation.</p>",Chronic
Haas 2014,2014,PUB,27908383,<p><b>Study design:</b> RCT</p><p><b>Recruitment period: </b>from March 2007 to May 2010</p><p><b>Statistical analysis: '</b>The prespecified primary analysis consisted of regression models to identify the linear effect of SMT dose ... and to compare each SMT group to the no-SMT control group (adjusted mean differences).'</p><p><b>Sample size calculation:</b> recruitment was successful ('The sample size was determined a priori to have at least 80% power to detect a between-group effect of 10 of 100 points in the two primary outcomes using a two- tailed test. It took into consideration a 10% dropout rate.' It was calculated that 400 subjects were necessary.)</p>,"<p>&nbsp;<b>Sample size: </b>total: 400 patients, IG1: 18 SMT + 0 Light massage 100, IG2: 12 SMT + 6 Light massage 100), &nbsp;IG3: 6 SMT + 12 Light massage 100, CG: no SMT + 18 Light massage 100&nbsp;</p>
<p><b>Setting:</b> Care was provided in 9 Portland-area clinics, screening was conducted at university clinic</p>
<p><b>Method of recruitment:</b> online (craigslist), mailers, and local newspapers.</p>
<p><b>Country: </b>USA</p>
<p><b>Baseline characteristics</b></p>
<ul>
 <li>Age in years, mean (SD): IG1: 40.9 (14.1); &nbsp;IG2: 41.4 (14.8); &nbsp;IG3: 41.8 (14.0);CG: 41.2 (13.8)</li>
 <li>Sex number (%) women: IG1: 49%; IG2: 49%; &nbsp;IG3: 49%; CG4: 52%</li>
</ul>
<p><b>Duration of LBP:</b> (years): &nbsp;IG1: 11.6 (9.5); &nbsp;IG2: 11.2 (9.8); &nbsp;IG3: 11.7 (10.4); CG 12.5 (9.5)</p>
<p><b>Inclusion criteria</b></p>
<ul>
 <li>Participants were required to be at least 18 years old and have a current episode of chronic LBP of mechanical origin of at least 3 months duration</li>
 <li>They were further required to have had some LBP on 30 days in the previous 6 weeks and a minimum LBP index of 25 on a 100-point scale to prevent floor effects</li>
</ul>
<p><b>Exclusion criteria</b></p>
<ul>
 <li>If they received manual therapy within the previous 90 days</li>
 <li>Contraindications to study interventions</li>
 <li>Complicating conditions such as active cancer, spine pathology,inflammatory arthropathies, autoimmune disorders, anticoagulant conditions, neurodegenerative diseases, pain radiating below the knee, organic referred pain, pregnancy,and disability compensation.</li>
</ul>","<p><b>&nbsp;IG1:</b> 18 SMT sessions only</p><ul><li data-list-item-id=""ef3bddef748c3f03d395a9d7f93e3cd79""><i>Description</i>: '18 sessions of manual thrust (high-velocity, low-amplitude) spinal manipulation in the lumbar and transition thoracic regions, predominantly in the side-posture position. Specific manipulations to be performed were determined at each visit by the chiropractor through ongoing evaluation of the participants including patient progress, self-reported and provocative pain, spinal range of motion, and palpation of the spine and paraspinal soft tissue. Manipulation was not performed at a visit if the treating chiropractor failed to find any indication. Lighter thrust manipulation including the use of mechanical assistance of a spring-loaded table and segmental low-velocity mobilisation was permitted in the case of acute exacerbation of the lumbar spine pain.'</li><li data-list-item-id=""e12591c053c90bcf516e95bdff657c2de""><i>Non-SMT component: '</i>Participants received a hot pack for 5 minutes to relax spinal muscles followed by 5 minutes for the SMT or control intervention.' </li><li data-list-item-id=""ef8c0cea15824dc321d59c6801e5f7587""><i>Duration/dose:</i> &nbsp;3 SMT sessions per week for 6 weeks (total of 18 sessions of SMT). Each visit was 15 minutes long </li><li data-list-item-id=""eed4b7755157f6f61fe5ad146c14d39a6""><i>Treatment provider:</i> chiropractor</li></ul><p><b>&nbsp;IG 2:</b> 12 SMT + 6 Light massage</p><ul><li data-list-item-id=""eb0ea19964f6145a3f5811a9086f22fe4""><i>Description</i>: 12 sessions of manual thrust (high-velocity, low-amplitude) spinal manipulation in the lumbar and transition thoracic regions, predominantly in the side-posture position. &nbsp;</li><li data-list-item-id=""eef16cfd688f5c1923888bad31e6f3cfe""><i>Non-SMT component: '</i>6 sessions of light massage<i> </i>consisted of 5 minutes of gentle effleurage and pétrissage of the low back (lumbar and lower thoracic) paraspinal muscles, focused on the symptomatic areas. The massage used was gentler and of shorter duration than recommended for therapeutic massage practice. As such, it was a minimalist intervention to control touching the patient. Participants received a hot pack for 5 minutes to relax spinal muscles followed by 5 minutes for the SMT or control intervention.'</li><li data-list-item-id=""eb510ee18317617449c22291e8c69f7af""><i>Duration/dose</i>: 12 sessions of SMT and 6 sessions of light massage. Each visit was 15 minutes long </li><li data-list-item-id=""e748951c66ba7f910d416d48b150d6f71""><i>Treatment provider:</i> chiropractor</li></ul><p><b>&nbsp;IG3:</b> 6 SMT + 12 Light massage</p><ul><li data-list-item-id=""e3f957d0ad54184a5969ebe9b63d027cb""><i>Description</i>: 6 sessions of manual thrust (high-velocity, low-amplitude) spinal manipulation in the lumbar and transition thoracic regions, predominantly in the side-posture position. </li><li data-list-item-id=""e5f68e545eba8193a12b8554de3efbc65""><i>Non-SMT component: '</i>6 sessions of light massage<i> </i>consisted of 5 minutes of gentle effleurage and pétrissage of the low back (lumbar and lower thoracic) paraspinal muscles, focused on the symptomatic areas. The massage used was gentler and of shorter duration than recommended for therapeutic massage practice. As such, it was a minimalist intervention to control touching the patient. Participants received a hot pack for 5 minutes to relax spinal muscles followed by 5 minutes for the SMT or control intervention.'</li><li data-list-item-id=""ecfb9056a63dffafaf752e6c3b63905f7""><i>Duration/dose:</i> 6 sessions of SMT and 12 sessions of light massage. Each visit was 15 minutes long </li><li data-list-item-id=""ee1d25ed5f521fcc209ec3a659accb033""><i>Treatment provider:</i> chiropractor</li></ul><p><b>CG</b>: no SMT + 18 Light massage</p><ul><li data-list-item-id=""eabd8bda15403e5674456b89f56d6a217""><i>Description</i>: 'Light massage control<i> </i>consisted of 5 minutes of gentle effleurage and pétrissage of the low back (lumbar and lower thoracic) paraspinal muscles, focused on the symptomatic areas. The massage used was gentler and of shorter duration than recommended for therapeutic massage practice. As such, it was a minimalist intervention to control touching the patient; it was not a formal sham. Participants received a hot pack for 5 minutes to relax spinal muscles followed by 5 minutes for the SMT or control intervention. The visit was completed with 5 minutes of very low-dose pulsed ultrasound (20% duty cycle with 0.5 watts/ cm2). This was used as a quasi-sham to enhance treatment credibility and adherence to care.'</li><li data-list-item-id=""ed748522567faddf043d50870fe284ccd""><i>Duration/dose:</i> 18 sessions of light massage. Each visit was 15 minutes long </li><li data-list-item-id=""e6ba917fcb1cc379e3f7d156f96755b39""><i>Treatment provider</i>: chiropractor&nbsp;</li></ul>","<p><b>Major outcomes:</b></p><p><b>Pain:</b> self-reported modified Von Korff pain scales</p><p><b>Functional status: </b>self-reported modified Von Korff disability scales</p><p><b>Recovery</b>: perceived pain and disability improvement</p><p><b>Minor outcomes</b>: pain unpleasantness, physical and mental component summary scales of the short-form 12, health state VAS from EuroQol, and the number of the following in the previous 4 weeks: days with pain, disability and medication use.</p><p><b>Adverse events:</b><i> '</i>There were no notable adverse events. Three persons reported seeking care for symptomatic relief of LBP exacerbation related to the study. One ineligible person subsequently reported increase of pain after the screening examination. One participant in the 12-SMT group lost several days of work followed by complete resolution or the episode during the treatment phase. One participant in the 12-SMT group dropped out after an exacerbation associated with lifting a child.'</p><p><b>Follow-up: </b>at<b> </b>6, 12, 18, 24, 39, and 52 weeks after randomization</p>","<p><b>Authors' results and conclusions:</b> 'The number of spinal manipulation visits had modest effects on cLBP outcomes above those of 18 hands-on visits to a chiropractor. Overall, 12 visits yielded the most favourable results but was not well distinguished from other dose levels.'</p><p><b>Funding source: </b>National Center for Complementary and Alternative Medicine (NCCAM), National Institutes of Health (U01 AT001908).</p><p><b>Declarations of interest: </b>none to declare</p>",Chronic
Hemmila 2002,1997,PUB,3268924,"<p><b>Study design: </b>RCT</p><p><b>Recruitment period:</b> from February to June 1994</p><p><b>Statistical analysis:</b> 'the differences in the onset values or change scores among the 3 groups were tested with the non-parametric Kruskall-Wallis 1-way analysis of variance. The Mann-Whitney test was applied between paired groups if the Kruskall-Wallis test was significant. For categorical data, the chi-2 test was applied.'</p><p><b>Sample size calculation</b>: not reported</p>","<p><b>Sample size: </b>total: 132, IG: SMT (bone-setting) 45, CG: physiotherapy 34, home exercises 35</p>
<p><b>Setting: </b>primary care centre</p>
<p><b>Method of recruitment:</b> recruited by colleagues in a local health center or via articles and announcements in newspapers.</p>
<p><b>Country: </b>Finland</p>
<p><b>Baseline characteristics</b></p>
<ul>
 <li>Age in years, mean (range): Overall: 41.9 (17 to 64)</li>
 <li>Sex number (%) women: Overall: 43%</li>
</ul>
<p><b>Duration of LBP</b>: &nbsp;in years, mean (range): &nbsp;7.5 (60 days to 40 years)</p>
<p><b>Inclusion criteria</b></p>
<ul>
 <li>Subacute and chronic back pain (&gt; 7 weeks)&nbsp;</li>
 <li>With and without radiation below knee&nbsp;</li>
 <li>Pain between the shoulders and buttocks</li>
 <li>Have a minimum pain level of 25mm on a 100-mm visual analogue scale (VAS)</li>
</ul>
<p><b>Exclusion criteria</b></p>
<ul>
 <li>Retirement</li>
 <li>Pregnancy</li>
 <li>Malignancy&nbsp;</li>
 <li>Rheumatic diseases&nbsp;</li>
 <li>Severe osteoarthritis&nbsp;</li>
 <li>Cauda equina syndrome&nbsp;</li>
 <li>Back operation</li>
 <li>Vertebral fracture in the past 6 months&nbsp;</li>
 <li>Any condition that would prevent or contraindicate any of the therapies</li>
 <li>None of the study treatments were allowed during the previous month&nbsp;</li>
</ul>","<p><b>IG: </b>Bone-setting</p><ul><li data-list-item-id=""e1cc58681aef066482d0c3d96ca63266e""><i>Description</i>: 'The bone-setters were free to choose the methods from their repertoires. The method they most commonly applied was the gentle mobilisation of the spine. The patient sits on a stool with the therapist behind him. The therapist first uses his fingers to find out if the spinous processes are in line or “dislocated” up or down or on either side. If a vertebra is found to be “out of alignment,” the patient is asked to bend forward and slowly straighten up while the therapist holds his thumbs against the transverse processes of the next lower vertebra, thus presumably mobilizing the upper facet joints. Another common method is simply to rub the “misaligned” spinous processes gently from all sides to “negotiate” them into a “correct position.” The massage was applied occasionally. No direct and forceful, “chiropractic” manipulations were used. The 2002 report states that this therapy is consistent with chiropractic or osteopathy.' [Note: <i>Comment reviewers: </i>In the 1997 report, it explicitly states that no direct or forceful 'chiropractic' manipulations were used, while the 2002 report states that bone setting is consistent with chiropractic or osteopathy].</li><li data-list-item-id=""e76eecc890da86c3d84d80ec8cb34b86b""><i>Non-SMT component: </i>None</li><li data-list-item-id=""e4bb31ad3997f855431ab8105501513d0""><i>Duration/dose: </i>A maximum 10 1-hour sessions of each therapy was offered; 6-week treatment program. The mean number of treatments was 8.1 (2.7)</li><li data-list-item-id=""ef29fcad9296c9888592511bdc450dffe""><i>Treatment provider: </i>delivered by 4 folk healers aged 40 to 70 years with a practical experience of up to 30 years, but with no formal medical education</li></ul><p><b>CG1:</b><i> </i>Physiotherapy</p><ul><li data-list-item-id=""ee1be9514be3c9150557ff1884c639bc6""><i>Description</i>: 'a combination of manual, thermal, and electrotherapy. The therapist was free to choose a suitable method within these categories and to use the facilities at his disposal: hot/cold packs, infrared heat, ultrasound, shortwave diathermy, and transcutaneous electric nerve stimulation. In addition to massage, he also employed specific mobilisations and manual traction according to the GP’s prescription, but no manipulations with impulse. Individual auto-stretching exercises were added if indicated. The physiotherapy group. was allowed to perform specific mobilisations, but not manipulations with impulse.'</li><li data-list-item-id=""e0d9d7279f1ad75e1f3251a377836d920""><i>Duration/dose:</i> A maximum of 10 1-hour sessions of each therapy was offered; 6-week treatment program. The mean number of treatments was 9.9 (0.7)</li><li data-list-item-id=""eba4297987f2283ab0d1197eb0f329e2a""><i>Treatment provider:</i> physical therapist&nbsp;</li></ul><p><b>CG2</b>: Home exercises with individual instruction by physiotherapist <i>(N = 35):</i></p><ul><li data-list-item-id=""e17e4d45b210f939219ec132f0e5d89ba""><i>Description</i>: 'patients were taught a constant program: to bend their low back rhythmically from side to side and back and forth as well as to rotate from side to side, ten times in each direction every 1.5 minutes, whenever sitting, standing, or lying still (e.g., watching TV, driving a car) or at least before getting up in the morning and after lying down in the evening.' The program also included 10 sit-up, 10 arch-up, and 10 trunk rotation exercises twice a day.</li><li data-list-item-id=""e0abed6308df9bfdbade6b7b9e4413bf1""><i>Duration/dose:</i> A maximum 10 1-hour sessions of each therapy was offered; 6-week treatment program. The mean number of treatments was 4.5 (2.2)</li><li data-list-item-id=""ec6471cfcca3e2d86fadad14e35147ab0""><i>Treatment provider:</i> physical therapist</li></ul>","<p><b>Major outcomes:</b></p><p><b>Pain: </b>VAS (0-100)</p><p><b>Functional status</b>: Oswestry Disability Index</p><p><b>Recovery</b>: subjective improvement</p><p><b>Minor outcomes</b>: Spinal mobility (Schober), side bending (degrees), extension (degrees), straight leg raising (degrees), pressure pain threshold level (measured by a dolorimeter), pain provocation score (calculated from the reactions to 13 tests of spinal and lower limb mobility, piriformis provocation tests, and sacroiliac provocation tests), use of health resources (i.e. visit to health center's, sick-leave days, percentage of patients sick-listed - from the 2002 publication)</p><p><b>Adverse events: </b>not reported<br><b>Follow-up</b>: at 6 weeks, 3 and 6 months</p>","<p><b>Authors' results and conclusions: </b>Oswestry disability scores improved most in the bone-setting group. Traditional bone-setting seemed more effective than exercise or physiotherapy for back pain and disability, even one after therapy.</p><p><b>Funding source:</b> Finnish Slot Machine Association and conducted in the facilities at the Folk Medicine Centre of Kaustinen.</p><p><b>Declarations of interest:</b><i> </i>not reported</p><p><b>Comments reviewers</b>: 2002 publication is the long-term analysis with this data set</p>",Subacute and chronic
Hondras 2009,2009,MIX,3268927,"<p><b>Study design: </b>RCT</p><p><b>Recruitment period: </b>from July 2004 to September 2006</p><p><b>Statistical analysis:</b> mixed linear effects models were fit for each of the outcome variables over all end points adjusting for the respective baseline level of the outcome variables.</p><p><b>Sample size calculation:</b> recruitment was successful ('The sample size of 95 per SM group, assuming a standard deviation of 4.0 and 15% drop out, was selected a priori to detect differences of 2.2 points on the 24-item RMD questionnaire between the LVVA-SM and HVLA-SM groups at any of the end points adjusting for the baseline score with 93% power at the 0.05 level of significance. The 2:2:1 allocation ratio resulted in a sample size of 50 in the MCMC group; this provided 81% power to detect differences of 2.2 points between this and each of the SM groups'.)</p>","<p><b>Sample size: </b>total: 240 participants, IG1: high-velocity SMT 96, IG2: low-velocity SMT 95, CG: medical care 49<br><b>Setting:</b> chiropractic research clinic</p>
<p><b>Method of recruitment:</b> newspaper, radio, television, community magazines, flyers, direct mail postcards, health fairs, community-based focus groups, and word of mouth were sources of advertising and promotion. Specialty community publications targeted older adults.</p>
<p><b>Country:</b> USA<br>
 &nbsp;</p>
<p><b>Baseline characteristics</b></p>
<ul>
 <li>Age in years, mean (SD): Overall: 63.1(6.7); IG1: 63.8(7.6); IG2: 62.3(6.1); CG: 63.0(6.0)</li>
 <li>Sex number (%) women: Overall: 44%; IG1: 44.8%; IG2: 44.2%; CG: 40.8%</li>
</ul>
<p><b>Duration of LBP: &nbsp;</b>in years,<b> </b>mean (SD)): Overall: 12.7(14.5); IG 1: 11.9(13.4); IG2: 15.1(16.7); CG: 9.6(11.1)</p>
<p><b>Inclusion criteria</b></p>
<ul>
 <li>At least 55 years old</li>
 <li>Non-specific low-back pain of at least 4 weeks duration</li>
 <li>Met the following diagnostic classification: pain without radiation, radiation to extremity, proximally or radiation to extremity, distally according to the Quebec Task Force on Spinal Disorders. 85% of the population had LBP without radiation or LBP without radiation to proximal extremity</li>
</ul>
<p><b>Exclusion criteria</b></p>
<ul>
 <li>LBP associated with frank radiculopathy or neurological signs such as altered lower extremity reflex, dermatomal sensory deficit, progressive unilateral muscle weakness or motor loss</li>
 <li>Symptoms of cauda equina compression</li>
 <li>Computed tomography or magnetic resonance imaging evidence of anatomical pathology (e.g., abnormal disc, lateral or central stenosis)</li>
 <li>Comorbid conditions or general poor health that could significantly complicate the prognosis of LBP, including pregnancy, bleeding disorders, and clear evidence of narcotic or other drug abuse</li>
 <li>Major clinical depression defined as scores greater than 29 on the Beck Depression Inventory–Second Edition</li>
 <li>Bone or joint pathology that contraindicated SMT of the lumbar spine and pelvis, including spinal fractures, tumours, infections, arthropathies, and significant osteoporosis;</li>
 <li>Pacemaker because of safety issues</li>
 <li>Current or pending litigation related to this LBP episode</li>
 <li>Receiving disability for any health-related condition</li>
 <li>Received SMT for any reason within the past month</li>
 <li>Unwilling to postpone the use of manual therapies for LBP except those provided during the study</li>
 <li>Unable to comprehend English</li>
</ul>","<p><b>IG1: </b>High-velocity low-amplitude SMT<i>&nbsp;</i></p><ul><li data-list-item-id=""e85fba5d0c5a8c4af3de252ef7a9b775b""><i>Description</i>: 'side-lying diversified lumbar spine “adjustment” or maneuver. Participants were positioned in a lateral recumbent or side-lying position with the superior or free hip and knee flexed and adducted across the midline. The intent of the SMT was to isolate one or more vertebral segments. The impulse load was delivered by a quick, short, controlled movement of the shoulder, arm and hand combined with a slight body drop.'</li><li data-list-item-id=""e8278d190e8f941f3e8e4f727aa4dea3d""><i>Non-SMT component: '</i>During week 3, the chiropractor provider delivered 30 minutes of standardized instructions for a home exercise program to all participants enrolled in the trial. The exercise prescription guidelines were tailored to individual participant ability and instructed participants to begin an aerobic program as well as low-back stretching and strengthening exercises. Participants were given a handout with pictures of 7 low-back exercises, with the number of sets and repetitions tailored and delineated for each participant.'</li><li data-list-item-id=""e5e8b77cc29619761e6190ab9cf50b5aa""><i>Duration/dose: </i>12 visits (not to exceed 3 times per week for the first 2 weeks, 2 times per week for the third and fourth weeks, and once per week during weeks 5 and 6) </li><li data-list-item-id=""e970ceb56978384727a138870936da8ca""><i>Treatment provider:</i> 4 chiropractors and all had more than 6 years practice experience</li></ul><p><b>IG2</b>: Low-Velocity Variable Amplitude Spinal mobilisation</p><ul><li data-list-item-id=""e486980764bf4c0d9b621aafb6f07334f""><i>Description</i>: 'Flexion-distraction technique or Cox technique. Participants were positioned prone on a treatment table that was designed to allow free but controllable motion to the lower half of the participant's body. The distal section of the table also allowed the chiropractor to apply traction to the lumbar spine. During this maneuver, the intent was to stabilize a specific vertebra by applying anterior to posterior and cephalad pressure to the spinous process. Simultaneously, the chiropractor moved the lower mobile portion of the table through the ranges of motion normal to the human spine.'</li><li data-list-item-id=""e0df7a7039d596618f5daaf358a5756ec""><i>Non-SMT component: '</i>In addition, during week 3, the chiropractor delivered 30 minutes of standardized instructions for a home exercise program to all participants enrolled in the trial. The exercise prescription guidelines were tailored to individual participant ability and instructed participants to begin an aerobic program as well as low-back stretching and strengthening exercises. Participants were given a handout with pictures of 7 low-back exercises, with the number of sets and repetitions tailored and delineated for each participant.'</li><li data-list-item-id=""e4d548439ea18f60a7e12aa6b88970606""><i>Duration/dose: </i>12 visits (not to exceed 3 times per week for the first 2 weeks, 2 times per week for the third and fourth weeks, and once per week during weeks 5 and 6) </li><li data-list-item-id=""ea3f4226897de7364f3296399db932136""><i>Treatment provider:</i> &nbsp;4 chiropractors and all had more than 6 years practice experience</li></ul><p><b>CG</b>: Medical care</p><ul><li data-list-item-id=""ec8b928a9be7faa7726cc1ce7425120a8""><i>Description</i>: 'All participants were scheduled to attend visits at weeks 3 and 6 to be evaluated by the medical provider and complete questionnaires. Additional visits were scheduled at the discretion of the medical provider. The goal of pain management was improvement in pain and optimisation of activities of daily living. The first option was paracetamol (acetaminophen), followed by NSAIDs and muscle relaxants. In addition, during week 3, the medical physician delivered 30 minutes of standardized instructions for a home exercise program to all participants enrolled in the trial. The exercise prescription guidelines were tailored to individual participant ability and instructed participants to begin an aerobic program as well as low-back stretching and strengthening exercises. Participants were given a handout with pictures of 7 low-back exercises, with the number of sets and repetitions tailored and delineated for each participant.'</li><li data-list-item-id=""e477738d96d66911fc4b1592581822260""><i>Duration/dose:</i> 3 visits of medical care.</li><li data-list-item-id=""e42536e8a4b7adff6dfaa38aede432ff7""><i>Treatment provider:</i> &nbsp;1 medical physician board-certified in neurology and had more than 10 years practice experience</li></ul>","<p><b>Major outcomes:</b></p><p><b>Pain:</b> VAS(0-100)</p><p><b>Functional</b> <b>status</b>: Rolland Morris Disability Questionnaire</p><p><b>Recovery</b>: perceived recovery (0-10 verbal rating scale)</p><p><b>Minor outcomes:</b> Sub-scale of the FABQ, and SF-36 - physical function sub-scale</p><p><b>Adverse events:</b> A total of 21 side-effects were reported by 20 participants - all resolved within 6 days and none required referral for outside care, although one participant from the medical group was referred for slurred speech. Side-effects were similar in the 2 SMT groups and consisted mostly of LBP soreness and stiffness</p><p><b>Follow-up</b><i>:</i> at 3, 6, 12, and 24 weeks</p>","<p><b>Authors' results and conclusions: </b>Distinct forms of spinal manipulation did not lead to different outcomes in older LBP patients and both SMT procedures were associated with small yet clinically important changes in functional status by the end of treatment. Participants who received either form of SMT had improvements on average in functional status ranging from 1 to 2.2 points over those who received conservative medical care.</p><p><b>Funding source: </b>Bureau of Health Professions Health Resources and Services Administration, Rockville, MD, USA; and the work was conducted in a facility constructed with support from Research Facilities Improvement Program from the National Center for Research Resources, National Institutes of Health, Bethesda, MD, USA.</p><p><b>Declarations of interest</b><i>: </i>not reported</p>",Subacute and chronic
Hsieh 2002,2002,PUB,3268930,"<p><b>Study design:</b> RCT</p>
<p><b>Recruitment period:</b> from May 1996 to June 1998</p>
<p><b>Statistical analysis: </b>'the analyses were performed using one-way analysis of variance (ANOVA) on the four groups, with contrasts for comparisons of individual groups. In some cases, analyses were adjusted for multiple comparisons using the Tukey test.'</p>
<p><b>Sample size calculation:</b> recruitment was not successful ('recruitment goal was 300 patients').</p>","<p><b>Sample size: </b>total: 206, &nbsp;IG1: SMT 49, IG2: myofascial therapy + SMT 52, CG1: myofascial therapy 51, CG2: back school 48</p>
<p><b>Setting:</b> outpatient physical therapy clinic at the University of California Irvine Medical Center (UCIMC) and the Center for Research and Spinal Care at the Los Angeles College of Chiropractic (LACC).</p>
<p><b>Method of recruitment:</b> public announcements and advertisements in major local newspapers and local radio stations as well as distribution of study brochures.</p>
<p><b>Country:</b> USA</p>
<p><b>Baseline characteristics</b></p>
<ul>
 <li>Age in years, mean (SD): IG1: 47.9 (13.7); IG2: 48.4 (13.7); CG1: 49.0 (14.8); CG2: 47.4 (14.0)</li>
 <li>Sex number (%) women: IG1: 40%; IG2: 33%; CG1: 33%; CG2: 33%</li>
</ul>
<p><b>Duration of LBP: </b>in weeks, mean(SD<b>):</b> IG1: 11.8 (7.2); IG2: 11.5 (7.2); CG1: 11.8 (6.8); CG2: 10.7 (6.6) (comment reviewers: (in Table 1 under the heading 'Pain (wk)'; this was confirmed by an e-mail to the principal investigators)</p>
<p><b>Inclusion criteria</b></p>
<ul>
 <li>18 years of age or older</li>
 <li>LBP duration of more than 3 weeks and less than 6 months for the current episode or a pain-free period of at least 2 months in the preceding 8 months for recurrent LBP</li>
</ul>
<p><b>Exclusion criteria</b></p>
<ul>
 <li>Pregnancy</li>
 <li>Serious medical problems (e.g., advanced cancer, heart failure); definable neurologic abnormalities in the lower extremities (e.g., peripheral neuropathy, multiple sclerosis, hemiplegia, myelopathy); spine disorders with bony lesions (e.g., osteoporosis, fracture, unstable spondylolisthesis, multiple myeloma), with radiographs were taken as clinically indicated</li>
 <li>Significant mental disorders (e.g., psychosis, mania, major depression), as indicated by telephone inquiry and clinical interview</li>
 <li>Obesity (a Davenport body mass index exceeding 33 kg per meter of height1)</li>
 <li>Leg pain with positive nerve root tension test results</li>
 <li>Litigation</li>
 <li>Automobile injuries</li>
 <li>Work injuries</li>
 <li>Inappropriate illness behavior (positive Wadell’s sign)</li>
 <li>Anticoagulant therapy</li>
 <li>History of lumbar surgery</li>
 <li>&nbsp;Use of the study treatments for the current episode</li>
</ul>","<p><b>IG1</b>: SMT</p><ul><li data-list-item-id=""efc75f42ef9733841e6923cda05e32433""><i>Description: </i>Joint manipulation at both sites. 'The joint manipulations, consisting of high-velocity and short-amplitude specific thrusting manipulations (the “Diversified” technique), were performed in the lumbar and/or sacroiliac regions (i.e., the tender locations indicated by the examiner on the Assessment recommendations form or other levels clinically deemed by the chiropractor to need therapy). 'Side or sitting posture was allowed. Drop table techniques also were allowed. No flexion distraction or mobilisation was allowed.</li><li data-list-item-id=""e49da5363a92b328817e10914f85a01b5""><i>Non-SMT component:</i> &nbsp;Advice was given and patients also were discouraged from taking medication for pain</li><li data-list-item-id=""e678f7aedb38fac7696fdcc0d859edd4f""><i>Duration/dose:</i> three times per week for 3 weeks</li><li data-list-item-id=""e8ae2381ed4f088bd5998688497192086""><i>Treatment provider:</i> Experienced licensed chiropractors with a 5-year minimum of clinical experience</li></ul><p><b>IG2: </b>SMT and Myofascial therapy</p><ul><li data-list-item-id=""e59d3e22680de868833b245870602c335""><i>Description</i>: As outlined in IG1 and CG1</li><li data-list-item-id=""ecdcfe18a827a246205a87be92895ee25""><i>Duration/Dose</i>: As outlined in IG1 and CG1</li><li data-list-item-id=""ec987b0960dee6802461e33635dd313b9""><i>Treatment provider</i>: As outlined in IG1 and CG1</li></ul><p><b>CG1:</b> Myofascial therapy<i>&nbsp;</i></p><ul><li data-list-item-id=""e0cae4ecfd3dbb573088656956f68fed1""><i>Description</i>: 'The myofascial therapy program included intermittent Fluori-Methane sprays and 5 to 10 stretches after 3 to 5 seconds of each isometric contraction at 50 to 70% of their maximal effort, ischemic compressions using a massage finger, stripping massage along the orientation of the taut bands by the two thumbs for 3 to 5 strokes, and hot packs for 10 minutes at the completion of therapy. The involved lumbar paraspinal or gluteal muscles, as indicated by the examiner on the Assessment Recommendation form, were treated. Additional muscles also could be treated if clinically indicated. Advice was given and patients also were discouraged from taking medication for pain.'</li><li data-list-item-id=""ee4e9c80eea3d4607cd3a940ae6fcd4e6""><i>Duration/dose:</i> three times per week for 3 weeks</li><li data-list-item-id=""e2c97c4a8f685eea2bd5bdfb1206f7602""><i>Treatment provider: </i>Trained clinicians (physical therapists and chiropractors)&nbsp;&nbsp;</li></ul><p><b>CG2: </b>Back school</p><ul><li data-list-item-id=""e9a911ed7b08b56805ac6d0f1812ea712""><i>Description</i>: 'During the first treatment visit, the patient watched three videos about spine anatomy, common causes of LBP, and body mechanics for daily activities. Subsequently, the patients received individual instructions and supervised practice of their home program by experienced licensed physical therapists and trained experienced licensed chiropractors. These programs included recommended sitting and standing neutral postures, body mechanics, and home exercises (lumbar flexion, extension, stretching, and stabilization). Advice was given and patients also were discouraged from taking medication for pain.'</li><li data-list-item-id=""e7debaf37233a89f0b8e25bc19a49120b""><i>Duration/dose:</i> once per week for a total of 3 weeks</li><li data-list-item-id=""ed8c4d137bc212958bf644aa4be02ff1c""><i>Treatment provider:</i> experienced licensed physical therapists and trained experienced licensed chiropractors</li></ul>","<p><b>Major outcomes:</b></p><p><b>Pain: </b>VAS<b> </b>(0-10)</p><p><b>Functional status: </b>Roland Morris Disability Questionnaire</p><p><b>Recovery</b>: not reported</p><p><i><b>Minor outcomes</b></i><b>:</b> General health (36-Item Short-Form Health Survey), Minnesota Multiphasic Personality Inventory, confidence score and satisfaction, work or school lost days. Results for the secondary outcome measures showed no apparent pattern and produced scattered statistically significant effects (according to the authors) - These data were not available in the publications.</p><p><b>Adverse events:</b> 23 patients reported adverse effects from the treatments: 7 in the combined group, 6 in the joint manipulation group, 4 in the myofascial therapy group, and 6 in the back school group. These adverse effects were mostly transient exacerbations of symptoms, except for one case of constant tinnitus in the myofascial therapy group. Two of the patients claimed that treatment (joint manipulation) had aggravated their conditions. Both received conservative care at no charge after 3 weeks of therapy and were released when their pain became stabilized.</p><p><b>Follow-up: </b>at<b> </b>3 weeks and 6 months</p>","<p><b>Authors' results and conclusions:</b> All groups showed significant improvement in pain and functional status following 3 weeks of care, but did not show further improvement at 6 months. For subacute low-back pain, combined joint manipulation and myofascial therapy was as effective as joint manipulation or myofascial therapy alone. Additionally, back school was as effective as three manual treatments.</p><p><b>Funding source</b>: Human Resources and Service Administration, the Public Health Service, the Dept. of Health and Human Services, the Foundation for Chiropractic Education and Research, Leander Health Technologies (supplies chiropractic tables), and the Lloyd Table Company (also supplies chiropractic tables).</p><p><b>Declarations of interest:</b><i> </i>not reported</p>",Subacute and chronic
Hurwitz 2002,2006,PUB,3268932,<p><b>Study design</b>: RCT</p><p><b>Recruitment period: </b>from October 1995 to November 1998</p><p><b>Statistical analysis:</b> three analytic strategies were used to estimate treatment effects: 1) ordinary least squares regression models were used to estimate differences in mean change on each continuous outcome variable from baseline to each follow-up assessment; 2) logistic regression was used to estimate and test the effects of treatments on dichotomous outcomes; and 3) mixed effects linear models were used to show changes in each outcome over the 6-month follow-up period by treatment group.</p><p><b>Sample size calculation:</b> not reported</p>,"<p><b>Sample size: </b>total: 681, IG1: chiropractic care 169, IG2: chiropractic care with physical therapy 172, CG1: medical care: 170, CG2:medical care with physical therapy modalities 170</p>
<p><b>Setting:</b> health care network</p>
<p><b>Method of recruitment:</b> those patients presenting for care were approached.</p>
<p><b>Country: </b>USA</p>
<p><b>Baseline characteristics</b></p>
<ul>
 <li>Age in years, mean (SD): overall: 51.0 (16.7); IG1: 51.8(16.5); IG2: 53.4(16.8); CG1: 49.4(16.5); CG2: 49.3(16.7)</li>
 <li>Sex number (%) women: overall: 52%; IG1: 49.1; IG2: 57.6, CG1: 47.1; CG2: 54.1</li>
</ul>
<p><b>Duration LBP:</b> (total - for all 4 groups): 58.3% with symptoms longer than 3 months.</p>
<p><b>Inclusion criteria</b></p>
<ul>
 <li>&nbsp;Were health maintenance organization (HMO) members with the medical group chosen as their health care provider and sought care from a health care provider on staff at one of the three study sites during the intake period</li>
 <li>Presented with a complaint of low-back pain (defined as pain in the region of the lumbosacral spine and its surrounding musculature) with or without leg pain</li>
 <li>Had not received treatment for low-back pain within the previous month</li>
 <li>were at least 18 years old</li>
</ul>
<p><b>Exclusion criteria</b></p>
<ul>
 <li>Low-back pain resulting from fracture, tumour, infection, spondyloarthropathy, or other non-mechanical cause</li>
 <li>Had severe coexisting disease</li>
 <li>Were being treated by electrical devices (e.g., pacemaker)&nbsp;</li>
 <li>Had a blood coagulation disorder or were using corticosteroids or anticoagulant medications</li>
 <li>Had progressive, unilateral lower limb muscle weakness&nbsp;</li>
 <li>Had current symptoms or signs of cauda equina syndrome</li>
 <li>Had plans to move out of the area</li>
 <li>Were not easily accessible by telephone</li>
 <li>Lacked the ability to read English</li>
 <li>If their low-back pain involved third-party liability or workers’ compensation</li>
</ul>","<p><b>IG1: </b>Chiropractic care only</p>
<ul>
 <li><i>Description</i>: spinal manipulation or another spinal-adjusting technique (e.g., mobilisation), instruction in strengthening and flexibility exercises, and instruction in proper back care. Chiropractic practice at the study site is consistent with chiropractic philosophy and training throughout the USA. The chiropractors routinely used the diversified technique, which is the general type of spinal manipulation taught in most chiropractic schools and is the most frequently used form of manipulation.</li>
 <li><i>Non-SMT component:</i> instruction in strengthening and flexibility exercises, and instruction in proper back care</li>
 <li><i>Duration/dose:</i> Frequency of chiropractic visits were at the discretion of chiropractor assigned to the patient</li>
 <li><i>Treatment provider:</i> chiropractor</li>
</ul>
<p><b>IG2:</b> Chiropractic care with physical modalities<i>&nbsp;</i></p>
<ul>
 <li><i>Description</i>: chiropractic care as described above plus one or more of the following at the discretion of the chiropractor. Plus, heat or cold therapy, ultrasound, and EMS.</li>
 <li><i>Duration</i>/d<i>ose:</i> The frequency of chiropractic visits were at the discretion of chiropractor assigned to the patient</li>
 <li><i>Treatment provider:</i> chiropractor&nbsp;</li>
</ul>
<p><b>CG1: </b>Medical care only</p>
<ul>
 <li><i>Description</i>: consisted of one or more of the following at the discretion of the medical provider: instruction in proper back care and strengthening and flexibility exercises; prescriptions for pain killers, muscle relaxants, anti-inflammatory agents, and other medications used to reduce or eliminate pain or discomfort; and recommendations regarding bedrest, weight loss, and physical activities.</li>
 <li><i>Duration/dose:</i> The frequency of medical visits were at the discretion of the medical provider assigned to the patient</li>
 <li><i>Treatment provider</i>: a medical provider</li>
</ul>
<p><b>CG2</b>: Medical care with physical therapy</p>
<ul>
 <li><i>Description: </i>Patients assigned to this group received medical care as described above, instruction in proper back care from the physical therapist, plus one or more of the following at the discretion of the physical therapist: heat therapy, cold therapy, ultrasound, electrical muscle stimulation (EMS), soft-tissue and joint mobilisation, traction, supervised therapeutic exercise, and strengthening and flexibility exercises.&nbsp;</li>
 <li><i>Duration/dose:</i> Frequency of physical therapy visits was at the discretion of the supervising physical therapist</li>
 <li><i>Treatment provider: </i>physical therapist</li>
</ul>","<p><b>Major outcomes:</b></p>
<p><b>Pain</b>: NPRS, avgerage and most severe pain in the past week (0-10)&nbsp;</p>
<p><b>Functional status</b>: Roland Morris Disability Questionnaire</p>
<p><b>Recovery</b>: perceived recovery (0-3 scale - a lot better, a little better, the same and worse</p>
<p><b>Minor outcomes:</b> complete remission (defined as the first observation during follow-up in which the above outcome variables were zero (i.e. no low-back pain in the past week and no related disability), frequency of pain and disability days, and use of medication</p>
<p><b>Adverse events: </b>not reported</p>
<p><b>Follow-up:</b> at 2 and 6 weeks, and 6 months</p>","<p><b>Authors' results and conclusions:</b> The mean changes in LBP intensity and disability of participants in the medical and chiropractic care-only groups were similar at each follow-up assessment. Physical therapy yielded somewhat better 6-month disability outcomes than did medical care alone. After 6 months of follow-up, chiropractic care and medical care for LBP were comparable in their effectiveness. Physical therapy may be marginally more effective than medical care alone for reducing disability in some patients, but the possible benefit is small.</p><p><b>Funding source</b>: Agency for Healthcare Research and Quality (AHRQ) and the Southern California University of Health Sciences (Note: chiropractic college). The principal author was supported by a grant from the National Center for Complementary and Alternative Medicine (NCCAM).</p><p><b>Declarations of interest: </b>not reported</p>",Subacute and chronic
Ibrahim 2023,2023,PUB,27908387,"<p><b>Study design</b>: RCT</p><p><b>Recruitment period: </b>conducted from June 2020 to June 2021</p><p><b>Statistical analysis: </b>mixed MANOVA was performed to determine differences within and between groups</p><p><b>Sample size calculation:</b> 'G*Power (version 3.0.10) Based on F tests (MANOVA: effects and interactions), Type I error ( ) = 0.05, power (1- error probability) = 0.95, and an effect size = 0.50, with two groups and three response variables, fifty-four patients were an adequate sample size.'</p>","<p><b>Sample size: </b>total: 54, IG: Maitland mobilisation + selected exercise program 28, CG: selected exercise program 26</p><p><b>Setting:</b> at the physical therapy outpatient clinic of Cairo University</p><p><b>Method of recruitment:</b> those patients presenting for care&nbsp;</p><p><b>Country: </b>Egypte</p><p><b>Baseline characteristics</b></p><ul><li data-list-item-id=""e0896ba489596061847ff85d37dc85e38"">Age in years, mean (SD): overall: IG: 21.6 (3.2); CG: 22.3 (3.5)</li><li data-list-item-id=""e280ff92f43be50b94b7d381c2e4f9964"">Sex number (%) women: IG: 18; CG: 19</li></ul><p><b>Duration LBP:</b> interrupted or continuous LBP for 3 months</p><p><b>Inclusion criteria</b></p><ul><li data-list-item-id=""e12b385aedddac10c5126a807c1767fe0"">Aged 18–30 years</li><li data-list-item-id=""ee5a6117f053891618361e3ebdd6670b8"">Interrupted or continuous LBP symptoms for 3 months and could perform at least 40° of forward trunk flexion</li></ul><p><b>Exclusion criteria</b></p><ul><li data-list-item-id=""eaefc012ad875817508fcf1de49c82a81"">Those with specific LBP</li><li data-list-item-id=""ebd26719f31ee600b315f2b2204138ec2"">Those who were pregnant,</li><li data-list-item-id=""e85d1d73ae1a9cdb0ddf64171c4c61a01"">Those with neurological problems</li><li data-list-item-id=""ea766e89f9d3818a35945d9cae28ff26c"">Those who were obese </li><li data-list-item-id=""e8f62485ba34fba88aaba16460dc6cefa"">Those who were contraindicated to undergo physical or manual therapy</li></ul>","<p><b>IG: </b>Maitland mobilisation + selected exercise program</p><ul><li><i>Description</i>: Maitland lumbar posterior-anterior vertebral mobilisation to the hypomobile or painful spinous. Grade III mobilisation was applied four times, each with 60 s of oscillation and 20 s of rest in between them&nbsp;</li><li><i>Non-SMT component:</i> strengthening, stretching and lumbar stabilisation exercises. Passive manual stretching of the ilio-psoas, hamstrings and lower back extensors. Held for 30 sec and repeated 3 times. Abdominal and back extensor strengthening exercises (2 sets of 10 repititions). Lumbar stabilisation exercises (abdominal bracing, 10 repititions of 8 sec progressing to 30 sec.</li><li><i>Duration/dose:</i> 3 times per week for 4 weeks</li><li><i>Treatment provider:</i> not reported</li></ul><p><b>CG: </b>Selected exercise program</p><ul><li><i>Description</i>: strengthening, stretching and lumbar stabilisation exercises (same as the intervention group).</li><li><i>Duration/dose:</i> three times per week for 4 weeks</li><li><i>Treatment provider</i>: not reported</li></ul>",<p><b>Major outcomes:</b></p><p><b>Pain</b>: VAS (0-100)&nbsp;</p><p><b>Functional status</b>: Oswestry Disability Index</p><p><b>Recovery</b>: not reported</p><p><b>Minor outcomes:</b> Lumbar repositioning error</p><p><b>Adverse events: </b>not reported</p><p><b>Follow-up:</b> at 4 weeks</p>,"<p><b>Authors' results and conclusions:</b>&nbsp;</p><p>'Overall, Maitland mobilisation combined with a selected exercise program is more effective than exercises alone to augment lumbar proprioception, alleviate pain, and improve functional disability in patients with CNSLBP.</p><p>Note of the authors: The differences between the groups are small and not clinically relevant.</p><p><b>Funding source</b>: not reported</p><p><b>Declarations of interest:</b> No conflict of interest</p>",
Kamali 2019,2019,PUB,27908389,"<p><b>Study design:</b> RCT</p><p><b>Recruitment period:</b> from April 2009 to August 2009.</p><p><b>Statistical analysis</b>: 'to compare percentage changes in the outcome measures (VAS and ODI) between the two treatment groups, Student's t-test for independent samples was used.'</p><p><b>Sample size calculation:</b> 'for an 80% likelihood that a 10-point difference between the two groups in mean pain and functional disability scores would be significant (at the two-sided 5% level), 20 patients in each group (40 in total) were required. A standard deviation of 10 and a loss to follow-up of 20% were assumed.'</p>","<p><b>Sample size: </b>total: 40 subjects, IG: Manipulation 20, CG: stabilisation exercise 20</p>
<p><b>Setting</b>: orthopedic clinic of two hospitals</p>
<p><b>Method of recruitment:</b> All patients referred from the orthopedic clinic of two local hospitals to the physiotherapy clinic at Shiraz School of Rehabilitation.</p>
<p><b>Country:</b> Iran.</p>
<p><b>Baseline characteristics</b></p>
<ul>
 <li>Age in years, mean (SD): IG: 42.07 (14.03); &nbsp;CG: 40.02 (14.26)</li>
 <li>Sex number (%) women: IG: 73%; CG: 67%</li>
</ul>
<p><b>Duration of LBP:</b> in years, mean (SD): IG: 4.73 (3.07); CG: 4.63 (2.21)</p>
<p><b>Inclusion criteria</b></p>
<ul>
 <li>Had subacute or chronic LBP that had lasted at least 4 weeks and up to 11 years</li>
 <li>Men and women aged 20-60 years</li>
 <li>&nbsp;Pain localized in the SIJ region with or without radiation to the knee</li>
 <li>Pain intensity between 30 and 80 mm on a visual analogous scale (VAS)</li>
 <li>with a diagnosis of SJD. The diagnostic criteria for SJD were five clinical tests including compression, distraction, sacral thrust, thigh thrust and Gaenslen tests (provocation tests). Any set of three positive tests was indicative of SJD.</li>
</ul>
<p><b>Exclusion criteria</b></p>
<ul>
 <li>Patients with LBP lasting more than 1 year</li>
 <li>Prior stabilization training or manual therapy in the preceding 6 months</li>
 <li>Cervical and thoracic pain</li>
 <li>Spondylosis and spondylolisthesis</li>
 <li>Fracture</li>
 <li>Known lumbar disc hernia</li>
 <li>Neurological signs</li>
 <li>Spinal surgery</li>
 <li>Osteoporosis</li>
 <li>Scoliosis</li>
 <li>Pregnancy</li>
 <li>Malignancy</li>
</ul>","<p><b>IG</b>: Manipulation</p><ul><li data-list-item-id=""eced269893223c5c57ddc1039a2fd5a09""><i>Description</i>: Supine SIJ manipulation: 'The therapist stood opposite to the side of SIJ dysfunction and moved the patient onto his or her side, leaning toward the side of SIJ dysfunction. Then the therapist rotated the patient toward himself and delivered a quick posterolateral and inferior thrust through the anterior superior iliac spine. Side-lying SIJ manipulation (anterior rotation): The patient lay on his or her side with the dysfunction side up, and the therapist stood in front. The therapist applied flexion to the top of the lower extremity and rotated the trunk toward the opposite side (the trunk posteriorly and the pelvis anteriorly), until movement was felt at the lumbosacral junction. Then the top foot was placed in the lower popliteal space. While stabilizing the trunk and forearm in the ischial region, the therapist applied thrust to the pelvis. Side-lying SIJ manipulation (posterior rotation): As in the above technique, but the therapist stood near the patient's forearm posterior to the region of the iliac bone, and applied thrust to the pelvis.'</li><li data-list-item-id=""e0175e4e7411f1c30444ae76d3c9c43c6""><i>Non-SMT component</i>: In the first or second sessions in both treatment groups, medication was used under supervision of their physician if a patient had severe pain.</li><li data-list-item-id=""eb0641267fd48268ecf835a4a1509db6c""><i>Duration/dose:</i> three times a week for two weeks</li><li data-list-item-id=""eb63176fea22a492b1810401d4fb60a0f""><i>Treatment provider: p</i>hysiotherapist expert in manual therapy with six years' experience</li></ul><p><b>CG</b>: Stabilization exercise</p><ul><li data-list-item-id=""e751e4517df77c811808ecb83b06b00c1""><i>Description</i>: 'In the first session the patients were told how to find and maintain control of neutral spine alignment both in the lumbo- pelvic region and in relation to the thorax and hip joint. During the second and third sessions the patients were taught to consciously recruit tonic, low intensity isolated contractions (15%-20% of maximum voluntary contraction) of the local stabilizers of the lumbopelvic region to ensure segmental control in different posi- tions (e.g. supine, crook-lying, side-lying, prone, four-point kneeling, sitting and standing). &nbsp;The goal was co-contraction of the local muscles [transverse abdominis (TA) and deep fibers of multifidus (MF)] with normal breathing patterns. Contraction of the TA and MF was monitored by palpating just medial and inferior to the anterior superior iliac spines, and lateral to the spinous process of the lumbar spine or sacrum bilaterally, respectively. The exercises were gradually intensified in subsequent sessions by applying low loads to the muscles through the upper and lower limbs and thoracopelvic movement in different positions, and then based on proprioceptive neuromuscular facilitation patterns with an elastic resistance band. In the two final stages the patients were trained in how to move from the neutral spine position to other positions, which is essential for stability during many functional activities (e.g. sitting up, rotating the pelvis or upper trunk). The patients were also taught how to use the contraction of local muscles during daily activities.'</li><li data-list-item-id=""eea0dd7f53630fefab9ceffd9fc8a29b4""><i>Duration/dose: </i>All patients exercised for 20 min three times a week, for four weeks. In this group the maximum number of sessions that could be completed was 12 sessions. However, the actual number of completed sessions was from 8 to 12, depending on when complete improvement was observed. Exercises in each position were performed in 10 repetitions</li><li data-list-item-id=""e4aa59198ba2772ce702ebe3d6d283fce""><i>Treatment provider: </i>physiotherapist with expertise in the training of stabilization exercises and seven years’ experience</li></ul>","<p><b>Major outcomes:</b></p>
<p><b>Pain:</b> VAS<b> </b>(0-100), the mean level of pain at the moment, the worst pain in the previous week, and mean pain during the previous week</p>
<p><b>Functional status:</b> Oswestry Disability Index</p>
<p><b>Recovery</b>: not reported</p>
<p><b>Minor outcomes:</b> not reported</p>
<p><b>Adverse events: </b>There were no adverse or side effects in either group.</p>
<p><b>Follow up: </b>Before and immediately after the treatment period (within 2 days after the last treatment session). The treatment period was 2 weeks for SMT group and 4 weeks for SE group.</p>","<p><b>Authors' results and conclusion</b>: 'Although this study shows that both manipulation and stabilization exercise therapy can effectively improve pain and disability in patients with sacroiliac joint dysfunction, neither treatment was superior.'</p><p><b>Funding source:</b> Shiraz University of Medical Sciences, Vice Chancellory for Research Affairs, grant no 88-4755.</p><p><b>Declarations of interest: </b>None to declare</p><p><b>Comments reviewer:</b> The baseline values are reported only for the participants who completed the treatment period and not for all randomized patients.</p>",Subacute and chronic
Koes 1992,1992,PUB,3268942,"<p><b>Study design:</b> RCT</p>
<p><b>Recruitment period:</b> from January 1988 to December 1989.</p>
<p><b>Statistical analysis:</b> ANOVA was used for each outcome measure; linear regression was used for continuous outcomes and corrected for the most important prognostic factors.</p>
<p><b>Sample size</b> <b>calculation: </b>not reported</p>","<p><b>Sample size: </b>total: 256, IG: SMT 65, CG1: physical therapy 66, CG2: placebo 64, CG3: standard GP care 61</p>
<p><b>Setting</b>: private clinics of treating therapists and clinic of participating general practitioners</p>
<p><b>Method of recruitment: </b>advertisement and those presenting to the GP</p>
<p><b>Country</b>: Netherlands</p>
<p><b>Baseline characteristics</b></p>
<ul>
 <li>Age in years, mean: overall: 43; IG: 43, CG1:42; CG2; 43, CG3: 43</li>
 <li>Sex number (%) women: overall: 48%; IG: 54; CG1; 48; CG2: 52, CG3: 38</li>
</ul>
<p><b>Duration of LBP: </b>in years (median): Overall: 1 (present episode LBP)</p>
<p><b>Inclusion criteria</b></p>
<ul>
 <li>Participants with non-specific back and neck pain for at least 6 weeks</li>
 <li>No physiotherapy or manipulative therapy had been received in the past two years for back and neck complaints&nbsp;</li>
 <li>&nbsp;The complaint could be reproduced by active or passive physical examination</li>
 <li>No radiation below knee</li>
</ul>
<p><b>Exclusion criteria:&nbsp;</b></p>
<ul>
 <li>Suspicion of underlying pathology (e.g. metastasis, osteoporosis, herniated disc)</li>
 <li>Received physiotherapy or manual therapy for their back or neck complaints in the 2 yrs. prior</li>
 <li>Pregnancy</li>
 <li>Were unable to speak and read Dutch</li>
 <li>The complaints could not be reproduced by active or passive movements during the physical examination.</li>
</ul>","<p><b>IG:</b> SMT Manipulation and mobilisation&nbsp;</p>
<ul>
 <li><i>Description:</i> Conducted according to directives of the Dutch Society for Manual Therapy, that is, physiotherapists trained in manipulative techniques. After 6 wks, the patients returned to the GP with a written report from the MT or PT in order to discuss the results and to decide whether the treatment should be continued or altered. All treatments were given for a maximum of 3 months.</li>
 <li><i>Non-SMT component: </i>not reported</li>
 <li><i>Duration/dose: </i>average 5.4 treatments, mean duration tx: 8.9 weeks</li>
 <li><i>Treatment provider:</i> 7 manual therapists were involved</li>
</ul>
<p><b>CG1</b>: Physiotherapy</p>
<ul>
 <li><i>Description</i>: exercises, massage, heat and electrotherapy; the majority of patients received exercise and massage. After 6 wks, the patients returned to the GP with a written report from the MT or PT in order to discuss the results and to decide whether the treatment should be continued or altered. All treatments were given for a maximum of 3 months.</li>
 <li><i>Duration/dose: </i>average of 14.7 treatments, mean duration of treatment was 7.8 weeks</li>
 <li><i>Treatment provider</i>: 8 physiotherapists involved&nbsp;</li>
</ul>
<p><b>CG2</b>: Placebo</p>
<ul>
 <li><i>Description</i>: detuned short-wave diathermy and detuned ultrasound. After 6 wks, the patients returned to the GP with a written report from the MT or PT in order to discuss the results and to decide whether the treatment should be continued or altered. All treatments were given for a maximum of 3 months.</li>
 <li><i>Duration/dose:</i> average of 11.1 treatments, mean duration of treatment was 5.8 weeks</li>
 <li><i>Treatment provider:</i> 8 physiotherapists involved</li>
</ul>
<p><b>CG3:</b> Standard GP care<i>&nbsp;</i></p>
<ul>
 <li><i>Description</i>: advice about posture, analgesics, exercises, participation in sports, bed rest</li>
 <li><i>Duration/dose:</i> 1 session</li>
 <li><i>Treatment provider:</i> general medical practitioner (40 GPs involved)</li>
</ul>","<p><b>Major outcomes:</b></p>
<p><b>Pain:</b> West Haven-Yale Multidimensional Pain Inventory (6 point sub-scale)</p>
<p><b>Functional status:</b> generic functional status (Sickness Impact Profile)</p>
<p><b>Recovery</b>: global perceived effect (0-6 as a continuous outcome)</p>
<p><b>Minor outcomes: </b>severity of the complaint (0-10, measured by a blinded research assistant and consisted of scored based upon the anamnese and physical exam), spinal mobility and physical functioning (degrees).</p>
<p><b>Adverse events:</b> not reported</p>
<p><b>Follow-up: </b>at<b> </b>3, 6, 12, 26 and 52 weeks</p>","<p><b>Authors' results and conclusions:</b> Both physiotherapy and manual therapy decreased the severity of complaints more and had a higher global perceived effect compared to continued treatment by the GP. Differences in the effectiveness between physiotherapy and manual therapy could not be shown.</p><p><b>Funding source: </b>Dutch Ministry of Welfare, Health and Cultural Affairs</p><p><b>Declarations of interest: </b>not reported</p>",Subacute and chronic
Krekoukias 2017,2017,PUB,27908391,"<p><b>Study design:</b> RCT</p>
<p><b>Recruitment period:</b> between January 2013 and September 2014</p>
<p><b>Statistical analysis: </b>The differences between groups regarding the percentage of change were evaluated with the analysis of variance (one-way ANOVA).</p>
<p><b>Sample size calculation:</b> recruitment was successful ('To estimate the number of subjects, a statistical power software (G* Power, version 3.1.9.2) was used, which showed that for a large effect size (f = 0.4), with α = 0.05 and statistical power of 80%, the study required a total sample of 73 subjects.').</p>","<p><b>Sample size: </b>total: 75, IG: manual therapy 25, CG1: sham treatment 25, CG2: conventional therapy 25</p>
<p><b>Setting:</b> Biomechanics laboratory of Physiotherapy Department of the Technological Educational Institute</p>
<p><b>Method of recruitment:</b> referred to the clinic by orthopaedic physician</p>
<p><b>Country: </b>Greece</p>
<p><b>Baseline characteristics</b></p>
<ul>
 <li>Age in years, mean (SD): IG: 47 (16), CG1: 50 (13), CG2: 45 (15)</li>
 <li>Sex number (%) women: IG: 52, &nbsp;CG1: 44, CG2: 36</li>
</ul>
<p><b>Duration of LBP</b>: not reported but all patients had chronic low back pain</p>
<p><b>Inclusion criteria</b></p>
<ul>
 <li>&nbsp;Pain in the lumbar spine for a period longer than 3 months&nbsp;</li>
 <li>Recent MRI (within 12 months) in the lumbar region so that the treating physician could evaluate the grade of the intervertebral disk degeneration according to the modified Pfirrmann scale.</li>
</ul>
<p><b>Exclusion criteria</b></p>
<ul>
 <li>&nbsp;History of spinal surgery</li>
 <li>History of autoimmune disease (ankylosing spondylitis, rheumatoid arthritis, or other)</li>
 <li>History of spondylolysis or spondylolisthesis</li>
 <li>Spinal fractures</li>
 <li>Pregnancy</li>
 <li>Respiratory and/or cardiac pathology</li>
 <li>History of stroke</li>
 <li>Cauda equina syndrome</li>
 <li>Continuous use of pain medications</li>
 <li>Spinal inflammation</li>
 <li>Spinal tumor</li>
 <li>Subjects receiving immunosuppressant medication</li>
 <li>Corticosteroid medication use in the last month</li>
 <li>Osteoporosis.</li>
</ul>","<p><b>IG</b>: Manual therapy&nbsp;</p><ul><li data-list-item-id=""ec8d53a47b42a5c46870b93d2859d10d0""><i>Description</i>: The MT group was treated using MT techniques (spinal mobilisation: passive accessory intervertebral movements and passive physiological intervertebral movements0. Therapy was focused on to the vertebral levels that showed intervertebral disc degeneration.</li><li data-list-item-id=""ed74dd681e37e8f40c72b71c7e22cd8e4""><i>Non-SMT component</i>: None</li><li data-list-item-id=""ede6020d143d3c640a474099969bb1bef""><i>Duration/dose:</i> five sessions lasting 10 min each, one session per week for 5 weeks</li><li data-list-item-id=""ee590c2f2c59d9511d87a25486072b52c""><i>Treatment provider:</i> physiotherapist with 17 years of experience in physiotherapy, 12 of which in the application of MT techniques.</li></ul><p><b>CG1:</b><i> </i>Sham manual therapy</p><ul><li data-list-item-id=""e0bfbe0c2f92a512c1e2821fc2d98e79d""><i>Description</i>: the physical therapist held their hand in a static position gently touching the skin overlying the lumbar spine for 10 min and did not make any other intervention</li><li data-list-item-id=""e20c0227f01a0a1071ab29332d391c458""><i>Duration/dose:</i> one session per week for 5 weeks</li><li data-list-item-id=""eed5f297c9b56bafc12b4859f545118fc""><i>Treatment provider: </i>physical therapist</li></ul><p><b>CG2</b>: Conventional physiotherapy&nbsp;</p><ul><li data-list-item-id=""eeba9917671826078286e7d1dd024d615""><i>Description</i>: exercise (static stretching of the hamstring muscles of both lower limbs for 5 min – 5 sets × 1 min each), TENS in the lumbar area (two channels, biphasic pulse, frequency 90 Hz, pulse width 100 ms, duration 20 min, intensity according to the sensation of the patient) and Swedish type massage (effleurage, pétrissage, kneading, rhythmic pressures, and rolling in the lumbar area) for 15 min. &nbsp;Subjects did not receive any home exercise program or advice so as to standardize the procedure.</li><li data-list-item-id=""e0fa3706b3874a6be44fe26590192dbdc""><i>Duration/dose:</i> five sessions (one session per week)</li><li data-list-item-id=""ed35ca703b9984e8202a8b48481a35110""><i>Treatment provider: </i>physical therapist</li></ul>","<p><b>Major outcomes:</b></p>
<p><b>Pain</b>: NPRS (0-10)</p>
<p><b>Functional status:</b> Oswestry Disability Index and Roland Morris Disability Questionnaire</p>
<p><b>Recovery</b>: not reported</p>
<p><b>Minor outcomes</b>: change in the 3 Dimensional gait characteristics reported in the protocol</p>
<p><b>Adverse events:</b> not reported</p>
<p><b>Follow-up: </b>5 weeks</p>
<p>In addition, for exploratory purposes, all subjects were contacted (by GK) 6 months after their final physiotherapy session, so as to evaluate which subjects sought further help from a health care practitioner.</p>","<p><b>Authors' results and conclusions: </b>'Taking into account that education, regular exercise, and movement are typically included in a rehabilitation program, it could be more beneficial to combine MT with education and exercise.'</p><p><b>Funding source:</b> not reported</p><p><b>Declarations of interest:</b><i><b> </b></i>no potential conflict of interest was reported by the authors</p>",Chronic
Licciardone 2003,2003,MIX,3268947,"<p><b>Study design:</b> RCT</p><p><b>Recruitment period:</b> from January 2000 to February 2001</p><p><b>Statistical analysis:</b> 'Analysis of variance was used to test for differences among the groups in continuous variables, and the chi-2 test was used for dichotomous or categorical variables.'</p><p><b>Sample size calculation:</b> not clear if recruitment was successful because it wasn't explicitly stated ('The numbers of subjects receiving OMT and not receiving OMT (the latter including the sham manipulation subjects and the no-intervention control subjects combined) to be included in the trial to achieve a power of approximately 80% in detecting moderate to large differences between groups were determined using the SF-36 scales. The latter were used because they comprised the majority of primary outcomes...').</p>","<p><b>Sample size: </b>total: 91, IG: Osteopathic manual herapy 48, CG1: sham manipulation 23, CG2: no intervention control 20</p>
<p><b>Setting:</b> university-based osteopathic clinic.</p>
<p><b>Method of recruitment: </b>local newspapers and referrals from university-based clinics and from other local physicians.</p>
<p><b>Country:</b> USA</p>
<p><b>Baseline characteristics</b></p>
<ul>
 <li>Age in years, mean (SD):&nbsp;IG: 49 (12); CG1: 52 (12); CG2: 49 (12)</li>
 <li>Sex number (%) women: IG: 69; CG1: 57; CG2: 65</li>
</ul>
<p><b>Duration of LBP</b>: all patients had more than 3 months LBP; duration of LBP&gt;1 year: IG: 52%; CG1: 39%; CG2: 63%</p>
<p><b>Inclusion criteria</b></p>
<ul>
 <li>Constant or intermittent, non-specific low-back pain for at least 3 months</li>
 <li>Between 21-69 years of age</li>
 <li>Ssubjects with sciatica were included only if they tested negative for all of the following: 1) ankle dorsiflexion weakness; 2) great toe extensor weakness; 3) impaired ankle reflexes; 4) loss of light touch sensation in the medial, dorsal, and lateral aspects of the foot; 5) ipsilateral straight-leg-raising test (positive result: leg pain at 60°); 6) crossed straight-leg raising test (positive result: reproduction of contralateral pain).</li>
</ul>
<p><b>Exclusion criteria</b></p>
<ul>
 <li>Specific causes of LBP (e.g. fracture, herniated disc, cauda equina, spinal osteomyelitis)</li>
 <li>Surgery on the low-back within the preceding 3 months</li>
 <li>Receiving workers' compensation or involved in litigation related to the low-back</li>
 <li>Pregnant</li>
 <li>Former patient or employee of the trial clinic site</li>
 <li>Undergone spinal manipulation in the preceding 3 months or on more than three occasions in the preceding year.</li>
</ul>","<p><b>IG</b>: Osteopathic therapy</p><ul><li data-list-item-id=""ee1584c34122cdec493a723d03686ed87""><i>Description</i>: high-velocity low-amplitude thrusts. SMT techniques included one or a combination of the following: myofascial release, strain–counter strain, muscle energy, soft tissue, and cranial–sacral. The OMT was aimed at somatic dysfunction in the low back or adjacent areas.</li><li data-list-item-id=""e5124fff4b44541f8f5b1827fe1420c54""><i>Non-SMT component:</i> &nbsp;None allowed</li><li data-list-item-id=""ebaaaf59142fc0a0cb24bc04a648ad03f""><i>Duration/dose: </i>each session lasted 15 to 30 minutes. Osteopathic participants were treated for a total of seven visits over 5 months, including visits at 1 week, 2 weeks, and 1 month after baseline assessment, and then monthly thereafter.</li><li data-list-item-id=""e92c8911d1893b4dee4bfbea96112cecc""><i>Treatment provider:</i> pre-doctoral osteopathic manipulative medicine fellows</li></ul><p><b>CG1</b>: Sham manipulation</p><ul><li data-list-item-id=""e1206b0d06d1602fab973342280772fe6"">Description: Treatment included range of motion (ROM) activities, light touch, and simulated OMT techniques. This latter consisted of manually applied forces of diminished magnitude aimed purposely to avoid treatable areas of somatic dysfunction and to provide the minimal likelihood of a therapeutic effect.</li><li data-list-item-id=""eb879a8b47e13b60d9c24c40f0bc2de11""><i>Non-SMT component:</i> allowed to receive usual or other low-back care to complement the trial interventions</li><li data-list-item-id=""e0bbcc98ae5ff36cd9053437116b45c15""><i>Duration/dose: </i>subjects received treatments according to the same protocol and timetable as OMT group. Sham manipulation participants were treated for a total of seven visits over 5 months, including visits at 1 week, 2 weeks, and 1 month after baseline assessment, and then monthly thereafter.</li><li data-list-item-id=""e209aa3f7cce72340ed30e9bf69bf1aa8""><i>Treatment provider:</i> pre-doctoral osteopathic manipulative medicine fellows&nbsp;</li></ul><p><b>CG2</b>: no-intervention control<i>&nbsp;</i></p><ul><li data-list-item-id=""eb9261c3cdb77753c4c2561bec13c56db""><i>Description</i>: participants were allowed to receive usual care (Comment: There was no personal interaction with the no-intervention control group after the baseline assessment, data collection, and randomisation (personal communication with the primary author)</li><li data-list-item-id=""eace6aeaca74bdb26e08e3e8d4b08c181""><i>Duration/dose:</i> not specified </li><li data-list-item-id=""ed4398e1a49a5ac2df764c9b30aab253e""><i>Treatment provider: </i>not specified</li></ul><p>Comments reviewer : All participants, regardless of group allocation were allowed to receive usual or other low-back care to complement the trial interventions, with the exception of other OMT or chiropractic manipulation.</p>","<p><b>Major outcomes:</b></p>
<p><b>Pain</b>: VAS (0 to 10)</p>
<p><b>Functional status:</b> Roland-Morris Disability Questionnarie</p>
<p><b>Recovery</b>: not reported</p>
<p><b>Minor outcomes:</b> generic health status: SF-36( 8 of the sub-scales from the SF-36(e.g. physical functioning, bodily pain, general health, vitality, etc), lost work or lost school days due to LBP, number of co-treatments, current back-pain specific medication use, and global satisfaction with the care</p>
<p><b>Adverse</b><i> </i><b>events</b>: not reported</p>
<p><b>Follow-up:</b> at 1, 3, and 6 months</p>",<p><b>Authors' results and conclusions: </b>OMT and sham manipulation both appear to provide some benefits when used in addition to usual care for treatment of chronic nonspecific LBP. It remains unclear whether the benefits of OMT can be attributed to the treatment techniques or other aspects of the treatment.</p><p><b>Funding source: </b>American Osteopathic Association</p><p><b>Declarations of interest:</b><i> </i>not reported</p><p><b>Comment reviewers</b>: Primary author was contacted for data on VAS and RMDQ at the various follow-up measurements that was not clearly reported in the article - this data was received. Pre-doctoral fellows may not have had sufficient practical experience to provide OMT w/ the same efficacy as more seasoned practitioners or to provide non-therapeutic sham manipulation; low baseline RMDQ scores</p>,Chronic
Licciardone 2013,2013,MIX,27908394,"<p><b>Study design:</b> RCT</p>
<p><b>Recruitment period:</b> &nbsp;from August 2006 to September 2010</p>
<p><b>Statistical analysis:</b> Kaplan-Meier analysis and response curves were used to assess differences between treatment groups.</p>
<p><b>Sample size calculation:</b> recruitment was successful ( '244 subjects assigned to receive OMT (in either Group A or Group C) and 244 subjects assigned to receive sham OMT based upon a statistical power of 82%.').</p>","<p><b>Sample size: </b>total: 455 patients were allocated to 4 treatment groups: IG1: osteopathic manual treatment (OMT) and ultrasound physical therapy (UPT) 115, IG2: OMT + Sham UPT 115, CG1: Sham OMT + UPT 118, Sham OMT + Sham UPT 107</p>
<p><b>Setting: </b>medical clinics including those affiliated with the group practice of the University of North Texas Health Science Center, but excluding clinics that provided OMT specialty services; care providers included faculty physicians, fellows and residents of the osteopathic college.</p>
<p><b>Method of recruitment: </b>newspaper advertisements, community agencies, and medical clinics</p>
<p><b>Country: </b>USA</p>
<p><b>Baseline characteristics</b></p>
<ul>
 <li>Age in years, median (IQR): IG1: 43 (23); IG2: 40 (22); CG1: 42 (22); CG2: 39 (20)</li>
 <li>Sex number (%) women: IG1: 58%; IG2: 61%; CG1: 53%; &nbsp;CG2: 65%)</li>
</ul>
<p><b>Duration of LBP</b>: LBP &gt;1 year, range: &nbsp;49% to 51% (AFM publication, Table 1)</p>
<p><b>Inclusion criteria</b></p>
<ul>
 <li>Between 21 and 69 years of age</li>
 <li>Give a positive response to the screening item, 'Have you had low back pain constantly or on most days for the last three months?'</li>
 <li>Identify low back as the primary site of pain</li>
 <li>Agree to forego any type of extra-trial manipulation (either chiropractic or osteopathic) or physical therapy</li>
 <li>Understand and complete trial questionnaires in English, or, if available, with appropriate translation services for other languages</li>
 <li>Give written informed consent for clinical screening and, if selected, for trial participation</li>
 <li>Not be pregnant or plan to become pregnant during the course of the trial</li>
</ul>
<p><b>Exclusion criteria</b></p>
<ul>
 <li>History of any of the following conditions which may be underlying causes of low back symptoms: (a) cancer; (b) spinal osteomyelitis; (c) spinal fracture; (d) herniated disc; (e) ankylosing spondylitis; (f) cauda equina syndrome</li>
 <li>History of surgery involving the low back within the past year or planned low back surgery in the future;&nbsp;</li>
 <li>History of receiving Worker's Compensation benefits within the past three months</li>
 <li>Involvement in current litigation relating to back problems</li>
 <li>Current pregnancy or plan to become pregnant during the course of the trial</li>
 <li>Any of the following that may limit a treatment provider's choice of OMT techniques or hamper a subject's compliance with the trial protocol: (a) angina or congestive heart failure symptoms that occur at rest or with minimal activity; or (b) history of a stroke or transient ischemic attack within the past year</li>
 <li>Any of the following that may represent potential contraindications to receiving UPT: (a) implantation of a cardiac pacemaker; (b) implantation of artificial joints or other biomedical devices; (c) active bleeding or infection in the low back; or (d) pregnancy</li>
 <li>Use of intravenous, intramuscular, or oral corticosteroids within the past month</li>
 <li>History of chiropractic manipulation, OMT, or UPT within the past three months or on more than three occasions during the past year</li>
 <li>Being an osteopathic physician, allopathic physician, chiropractor, or physical therapist (or student of any of these professions)</li>
</ul>","<p><b>IG1</b>: OMT and UPT</p><ul><li data-list-item-id=""e15d46fda624d2caa0e998be628be1052""><i>Description</i>: 'consisted of high-velocity, low-amplitude thrusts; moderate velocity, moderate-amplitude thrusts; soft tissue stretching, kneading, and pressure; myofascial stretching and release; positional treatment of myofascial tender points; and muscle energy techniques.'</li><li data-list-item-id=""eeba5154b2d1a2c938ad6454cdf914be9""><i>Non-SMT component: </i>Ultrasound physical therapy:<i> </i>used normally in physical medicine and rehabilitation programs for musculoskeletal disorders. Aside from the assigned active or sham OMT intervention (and acquiescence to avoid any other forms of manual therapy), patients could use any LBP self-care modalities and receive any other LBP co-treatments from practitioners of their choice. </li><li data-list-item-id=""e3becbeae0d79b0880fa9227b566ca8c2""><i>Duration/dose:</i> six treatment sessions were provided at weeks 0, 1, 2, 4, 6, and 8, and an exit visit at week 12</li><li data-list-item-id=""e2445eb89352ac899839f65e566b56a2b""><i>Treatment provider</i>: osteopath</li></ul><p><b>IG2</b><i>:</i> OMT + Sham UPT</p><ul><li data-list-item-id=""ee9b12bf487aadba0ec05aed4bb4dfffe""><i>Description</i>: OMT as described above</li><li data-list-item-id=""e36d2a764ea8963ad9429592ab82e7b23""><i>Non-SMT component:</i> Sham ultrasound (UPT): Sub-therapeutic ultrasound will be provided by setting the ultrasound unit to 0.1 W/cm<sup>2 </sup>intensity at 1 MHz; however, the applicator head will be applied directly to the subject's skin in the low back using ultrasonic conductivity gel to simulate in all other respects the actual UPT maneuvers described above. Aside from the assigned active or sham OMT intervention (and acquiescence to avoid any other forms of manual therapy), patients could use any LBP self-care modalities and receive any other LBP co-treatments from practitioners of their choice. </li><li data-list-item-id=""e231b96fb68f8e20dea8472e3c85169f9""><i>Duration/dose:</i> six treatment sessions were provided at weeks 0, 1, 2, 4, 6, and 8, and an exit visit at week 12</li><li data-list-item-id=""e62d3c8c578d5547bae78362c73f7e0ce""><i>Treatment provider: </i>osteopath&nbsp;</li></ul><p><b>CG1</b>: Sham OMT + UPT</p><ul><li data-list-item-id=""e07513c23b3e3c78b1a7b3d34a2d6766a""><i>Description</i>: &nbsp;simulated these techniques, but with improper patient positioning, purposely misdirected movements, and diminished treatment provider force. It also provided an active and passive range of motion.</li><li data-list-item-id=""ee5f2ae72e7a61d9c15f3d358ff39a193""><i>Non-SMT component: </i>UPT as described above. Aside from the assigned active or sham OMT intervention (and acquiescence to avoid any other forms of manual therapy), patients could use any LBP self-care modalities and receive any other LBP co-treatments from practitioners of their choice. </li><li data-list-item-id=""ecea5cfea8fd326624a050d2a416a78f7""><i>Duration/dose:</i> six treatment sessions were provided at weeks 0, 1, 2, 4, 6, and 8, and an exit visit at week 12</li><li data-list-item-id=""e4efdc6998bfea325f438183737cc5231""><i>Treatment provider:</i> osteopath</li></ul><p><b>CG2</b>: Sham OMT + Sham UPT</p><ul><li data-list-item-id=""e26236aea7998bbbfdb728d1c24e89dcc""><i>Description</i>: Sham OMT as described and Sham UPT as described. Aside from the assigned active or sham OMT intervention (and acquiescence to avoid any other forms of manual therapy), patients could use any LBP self-care modalities and receive any other LBP co-treatments from practitioners of their choice. </li><li data-list-item-id=""ea984d8e0d0c7058be29b58a74b8df067""><i>Duration/dose:</i> six treatment sessions were provided at weeks 0, 1, 2, 4, 6, and 8, and an exit visit at week 12</li><li data-list-item-id=""e011666c79db01c572339e77e5c139e95""><i>Treatment provider: </i>osteopath</li></ul>","<p><b>Major outcomes:</b></p>
<p><b>Pain: </b>VAS (0-100) - 50% pain reduction was considered the threshold for a 'substantial improvement' in LBP compared to baseline. This threshold was used to assess the clinical response at 1, 2, 4, 6, 8 and 12 weeks post-baseline.</p>
<p><b>Functional status:</b> Roland Morris Disability Questionnaire</p>
<p><b>Recovery</b>: not reported</p>
<p><b>Minor outcomes</b>: SF 36, measures of work disability, and patient satisfaction.</p>
<p><b>Adverse events: </b>There were 27 (6%) patients with adverse events (Supplemental Figure 1) (<i>Manual Therapy 2014</i>). Nine (2%) patients had a serious adverse event, none of which was definitely or probably related to a study intervention. There were no significant differences between the main effects groups in the frequency of adverse events or serious adverse events.</p>
<p><b>Follow-up: </b>at<b> </b>4, 8 and 12 weeks</p>","<p><b>Authors' results and conclusions</b>: 'The large effect size for OMT in providing substantial pain reduction in patients with chronic LBP of high severity was associated with clinically important improvement in back-specific functioning.' <i>Comment review authors: </i>subsequent publications with these data suggested significant and clinically- relevant measures for chronic LBP for the various outcome measures examined.</p><p><b>Funding source:</b> National Institutes of Health - National Center for Complementary and Alternative Medicine (K24-AT002422) and the Osteopathic Heritage Foundation.</p><p><b>Declarations of interest: </b>not reported</p><p><b>Comment reviewers:</b> Ultrasound demonstrated no effect in this factorial design and subjects were stratified in the analyses by low and high levels of baseline pain. For our analyses, we combined those groups (Grp.1 and 2, and Grp.3 and 4) and extracted the data for the subgroups based upon high and low severity pain.</p><p><b>Comments reviewer:</b><i> </i>Data for the meta-analyses were provided by the principle author (JL).</p>",Chronic
Lizis 2021,2021,PUB,27908401,"<p><b>Study design: </b>RCT</p><p><b>Recruitment period:</b> from October 2019 to March 2020</p><p><b>Statistical analysis: '</b>to compare the differences in the therapies’ effects postintervention between groups, the Mann-Whitney U test was used.'</p><p><b>Sample size calculation: '</b>an a priori sample size was determined in the study, giving an anticipated Cohen’s d effect size of 0.7, a probability level of 0.05, and a test power of 80%; therefore, the study needed a minimum of 34 participants in each group.'</p>","<p><b>Sample size: </b>total: 68, IG: Osteopathic manual treatment, 34 IG2: Kaltenborn-Evjenth orthopedic manual therapy 34</p>
<p><b>Setting: </b>Medita Health Center in Warsaw</p>
<p><b>Method of recruitment: </b>from the local community with the help of advertisements in newspapers and electronic newsletters at the Physiotherapy Center of the Motion System</p>
<p><b>Country: </b>Poland</p>
<p><b>Baseline characteristics</b></p>
<ul>
 <li>Age in years, mean (SD): IG1: 50.6(4.8); IG2: 49.1 (4.5)</li>
 <li>Sex number (%) women: IG1: 26%; IG2: 41%</li>
</ul>
<p><b>Duration of LBP:</b> &nbsp;&gt; 3 months</p>
<p><b>Inclusion criteria</b></p>
<ul>
 <li>40-60 years old patients reporting having LBP during most of the days during the past three months</li>
 <li>If they have a severe disability ranging from 41 to 60% in Oswestry Disability Index</li>
 <li>If they agree to be treated with osteopathic manual treatment or Kaltenborn-Evjenth orthopedic manual therapy</li>
 <li>&nbsp;If they are permanently employed and motivated to continue their professional activity</li>
</ul>
<p><b>Exclusion criteria</b></p>
<ul>
 <li>If participants reported “red flags” suggesting serious underlying conditions as the cause of LBP</li>
 <li>If they confess such cases as: cancer; an unexplained weight loss; immune suppression; a urinary infection; intravenous drugs taking; prolonged use of corticosteroids; a spinal fracture or a significant trauma; aurinary retention or overflow incontinence; a loss of anal sphincter tone or fecal incontinence; saddle anesthesia; a global or progressive motor weakness in the lower extremities</li>
 <li>If they reported: a recent low back surgery; a receipt of worker’s compensation benefits ts or ongoing litigation involving back problems; medical conditions that might impede osteopathic manual treatment or Kaltenborn- Evjenth Ortopedic Manual Therapy protocol implementation; corticosteroid taking during the past month; taking a manual therapy during the past three months or more than three times during the past year</li>
 <li>If females are pregnant or plan pregnancy during the course of the trial</li>
 <li>If any of the following signs of lumbar radiculopathy are observed duringthe clinical screening: ankle dorsiflexion weakness; great toe extensor weakness; impaired ankle reflexes; loss of light touch sensation in the medial, dorsal, and lateral aspects of the foot; shooting posterior leg pain or foot pain upon ipsilateral or contralateral straight leg raising</li>
</ul>","<p><b>IG1</b>: Osteopathic manual treatment</p><ul><li data-list-item-id=""e3af7d65f8b4d44156c4a1c95944e90cf""><i>Description</i>: Osteopathic manual treatment techniques. HVLA impulse. 'The position for lumbar spine manipulation is very similar to that used during sacroiliac joint techniques. The patient is placed in a lateral recumbent position, and the therapist tries to isolate the area to be manipulated by stabilization of the spinous process of the lumbar vertebra. The joint is then stressed to its end range of motion with the therapist’s forearm placed over the ischial tuberosity. At that point, a high-velocity, low-amplitude impulse is applied. An alternate technique is to place the hypothenar eminence on the paraspinal tissues and again stress the joint to its end range of motion. A high-velocity, low-amplitude impulse is then applied as in the first type of application.'</li><li data-list-item-id=""e7d07a7219717f1e2bc2e252d4de9ddef""><i>Non-SMT component</i>: Strain counter strain myofascial release and visceral mobilisation techniques. </li><li data-list-item-id=""eaa2f58d89ad5c960045a8bacba4a8598""><i>Duration/dose: </i>All participants received two treatments weekly for five weeks. No session in either group exceeded 30 minutes. During each session, osteopathic manual treatment and Kaltenborn-Evjenth orthopedic manual therapy techniques were repeated 3 times.</li><li data-list-item-id=""e9699574f6d4f352fe05b85bf79633c98""><i>Treatment provider: </i>physical therapist</li></ul><p><b>IG2</b>: Kaltenborn-Evjenth orthopedic manual therapy</p><ul><li data-list-item-id=""ed5238fb5c5205051ee8a38f6f7859e12""><i>Description</i>: Lumbar segmental traction. 'The patient is in the right, lateral, recumbent position with his or her knees flexed above the level of the abdomen. The physician’s fingers hook over the proximal transverse processes or in the soft tissues of the proximal paravertebral area. Then the physician’s fingers pull the surface in the opposite directions while applying counterpressure using his or her thigh or thighs against the patient’s knees.Lumbar segmental flexion mobilization. The patient is lying on his or her side on a bed, with bent hip joints and knee joints. While facing the patient, the therapist places his or her right hand (fixed hand) on the patient’s lumbar vertebrae, with fingers fixed on the vertebra’s transverse or spinous process.The therapist’s left hand (moving hand) is placed on the patient’s sacral vertebrae, with fingers placed on the vertebra’s transverse or spinous process. The therapist’s chest is put into tight contact with the patient’s two knee joints to move the patient’s pelvis in a caudal or ventral direction.'</li><li data-list-item-id=""e14c42b04abb94f869ba4a2e58d6f9cb7""><i>Non-SMT component</i>: not reported</li><li data-list-item-id=""e50b4bd5aba0722344e99017448529164""><i>Duration/dose: </i>All participants received two treatments weekly for five weeks. No session in either group exceeded 30 minutes. During each session, osteopathic manual treatment and Kaltenborn-Evjenth orthopedic manual therapy techniques were repeated 3 times.</li><li data-list-item-id=""e5cd466375cd9e47b491fee6feae7df63""><i>Treatment provider: </i>physical therapist</li></ul>","<p><b>Major outcomes:</b></p>
<p><b>Pain: </b>NPRS (0-10) &nbsp;</p>
<p><b>Functional status:</b> Oswestry Disability Index</p>
<p><b>Recovery</b>: not reported</p>
<p><b>Minor outcomes:</b> not reported</p>
<p><b>Adverse events: </b>no adverse events were reported</p>
<p><b>Follow-up:</b> at 6 weeks</p>",<p><b>Authors' results and conclusion:</b> 'The study showed that OMT was better at reducing pain and improving quality of life because it reduced functional disability more than Kaltenborn-Evjenth orthopedic manual therapy for patients with chronic LBP.'</p><p><b>Funding source:</b> not reported</p><p><b>Declarations of interest: </b>not reported</p>,Chronic
McCarthy 2019,2019,PUB,27908404,"<p><b>Study design: </b>RCT</p><p><b>Recruitment period:</b> not reported</p><p><b>Statistical analysis</b>: 'a repeated measure analysis of covariance (baseline scores as a covariate) was conducted to evaluate the differences in, change of pain and disability and differences between the magnitude of the EMG reflex response for the two groups.'</p><p><b>Sample size calculation:</b> 'We used an analgesic effect size of measures using self-reported pain (η2=0.25), a two-tailed null hypothesis, and an alpha of 0.05 to generate a conservative estimate of power. Thirty participants per treatment group were determined to provide greater than 95% power to detect a group × time interaction in the proposed analysis of variance (ANOVA) model, based on pilot study point estimates of group difference and pooled SD.'</p>","<p><b>Sample size: </b>total: 60, IG1: targeted manipulative thrust 31, IG2: general manipulative thrust 29</p>
<p><b>Setting:</b> a clinical research facility, sited within a university teaching hospital.</p>
<p><b>Method of recruitment:</b> not reported but presumably those presented to care</p>
<p><b>Country: </b>United Kingdom</p>
<p><b>Baseline characteristics</b></p>
<ul>
 <li>Age in years, mean (SD): IG1: 37.9 (12.31); IG2: 35.66 (10.68)</li>
 <li>Sex number (%) women: not reported</li>
</ul>
<p><b>Duration of LBP: </b>at least 3 weeks, confirmed by the author that 65% had chronic LBP</p>
<p><b>Inclusion criteria</b></p>
<ul>
 <li>Being between 20 and 60 years of age</li>
 <li>Having suffered pain for at least 3 weeks</li>
 <li>Having a Roland Morris Disability Questionnaire score of 4 or above</li>
</ul>
<p><b>Exclusion criteria</b></p>
<ul>
 <li>Having any previous history of significant illness, bony pathology, or any other contraindications to manipulation (ie, red flags)</li>
</ul>","<p><b>IG1</b>: Targeted manipulative thrust</p><ul><li data-list-item-id=""e9d510b8be3913f8a153292662c3bb6a6""><i>Description</i>: 'participants received a single high-velocity low-amplitudethrust delivered to the subject positioned in a side-lying position. The joint targeted for manipulative thrust was the spinal location deemed to be most symptomatic during the clinical examination, using active movement observation, passive movement assessment of resistance to movement, andpain provocation tests. The process of identifying the spinal level is considered clinically relevant, and thus the target for the manipulative thrust technique was investigated in a reliability study prior to the initiation of this work. This work established the intra-rater reliability of this judgement to be Intraclass Correlation Coefficient (ICC)2,1=0.96 (95% CI 0.87 to 0.99).'</li><li data-list-item-id=""ec30da40aec6e1899b225bc32fea27630""><i>Non-SMT component</i>: not reported </li><li data-list-item-id=""ee4afbbc6ae8819285b22f0ebb1c8487b""><i>Duration/dose: </i>Subjects attended for three replicate sessions, with a minimum of 7 days and a maximum of 9 days interval between visits</li><li data-list-item-id=""ecfe0c2613c20f933361a026665b9d75d""><i>Treatment provider: </i>osteopath with 13 years of clinical experience</li></ul><p><b>IG2:</b> Generalized manipulative thrust</p><ul><li data-list-item-id=""ed87201f6bfc37e1621d9bf668efa95f3""><i>Description</i>: 'received a high-velocity movement with the subject in the same position as the targeted manipulation, but the force of the thrust was not directed toward a specific lumbar level.'</li><li data-list-item-id=""eade40885d024d55d5d83d8fed8a5aeae""><i>Non-SMT component</i>: not reported</li><li data-list-item-id=""e2f601058dfa6a75d6b76c10cec44ea3a""><i>Duration/dose: </i>Subjects attended for three replicate sessions, with a minimum of 7 days and a maximum of 9 days interval between visits</li><li data-list-item-id=""edbd4f445ad9d93a42ea37cba6d6bf68a""><i>Treatment provider: </i>osteopath with 13 years of clinical experience</li></ul>","<p><b>Major outcomes:</b></p>
<p><b>Pain</b>: VAS (0-100)</p>
<p><b>Functional status:</b> Roland Morris Disability Questionnaire</p>
<p><b>Recovery</b>: not reported</p>
<p><b>Minor outcomes:</b> pressure pain threshold, EMG reflex iliocostalis, and EMG reflex multifidus</p>
<p><b>Adverse events: </b>not reported</p>
<p><b>Follow-up: </b>at<b> </b>4 and &nbsp;7-9 days</p>","<p><b>Authors' results and conclusion</b>: 'The impact of selecting and targeting a manipulative thrust technique, to a clinician-defined ‘symptomatic’ level on pain and disability was no greater than that achieved by a general thrust of the lumbar spine.'</p><p><b>Funding source:</b> not reported</p><p><b>Declarations of interest</b><i>: </i>not reported</p>",Subacute and chronic
Mohseni-Bandpei 2006,2006,PUB,3268949,"<p><b>Study design: </b>RCT</p><p><b>Recruitment period:</b> not reported</p><p><b>Statistical analysis:</b> 'differences between the two groups were assessed using an independent sample t-test. ANOVA and appropriate post hoc tests were used to assess the changes in different subgroups.;&nbsp;</p><p><b>Sample size calculation: </b>recruitment was successful ('One hundred and twenty patients were recruited and randomised into two groups of 60. This sample size was estimated on the basis of: (1) the power of the study 1−β = 80%; (2) to detect the effect size of d = 0.5; (3) a significance level of α &lt; 0.05; and (4) a 95% confidence interval that gave 50 participants for each group. Allowing for 20% loss to follow-up, 60 participants were included in each group.')</p>","<p><b>Sample size: </b>total: 120, IG: SMT + exercise 60, CG ultrasound + exercise 60</p>
<p><b>Setting: </b>outpatient physical therapy department</p>
<p><b>Method of recruitment</b>: not explicitly stated but presumably those presented to care</p>
<p><b>Country: </b>UK</p>
<p><b>Baseline characteristics</b></p>
<ul>
 <li>Age in years, mean (SD): IG: 34.8 (10.6); CG: 37.2 (10.2)</li>
 <li>Sex number (%) women: IG: 61%; CG: 57%</li>
</ul>
<p><b>Duration of LBP:</b> in months, mean (SD): IG: 35.9 (48.3); CG: 50.8 (62.9)</p>
<p><b>Inclusion criteria</b></p>
<ul>
 <li>Between 18 and 55 years with LBP between L1 and L5 and the sacroiliac joints</li>
 <li>LBP &gt;3 months duration</li>
 <li>Signs and symptoms that were interpreted as referred from the lumbar spine and not other organs</li>
 <li>Good self-reported general health</li>
 <li>Were literate in the English language</li>
</ul>
<p><b>Exclusion criteria</b></p>
<ul>
 <li>Underlying disease, such as malignancy; obvious disc herniation, osteoporosis, viscerogenic causes, infection or systemic disease of the musculoskeletal system</li>
 <li>Previous SMT or ultrasound treatment</li>
 <li>Neurologic or sciatic nerve root compression, radicular pain, sensory disturbances, loss of strength and reflexes</li>
 <li>Previous back surgery</li>
 <li>Evidence of previous vertebral fractures or major structural abnormalities</li>
 <li>Tumour of the spine</li>
 <li>Pregnancy</li>
 <li>Devices such as heart pacemakers</li>
 <li>Registered disabled&nbsp; or receiving benefits because of LBP</li>
</ul>","<p><b>IG</b>: SMT + exercise<i>&nbsp;</i></p>
<ul>
 <li><i>Description</i>: Maitland technique; high-velocity low-amplitude thrust on lumbar spine and SI joint</li>
 <li><i>Non-SMT component</i>: Exercise as recommended by Schneiders et al. Patients were given a written set of exercises generated by PhysioTools computer package, which is available in most physiotherapy departments in the UK. The physiotherapist chose exercises most appropriate for each individual patient's condition.</li>
 <li><i>Duration/dose: </i>On average each patient was treated for 4 sessions (range 2 to 7 sessions), once or twice per week. The first session comprised assessment and treatment and lasted for approximately 40 minutes. Subsequent treatment sessions lasted for approximately 20 minutes.</li>
 <li><i>Treatment provider: </i>one qualified manipulative therapist</li>
</ul>
<p><b>CG</b>: Ultrasound + exercise&nbsp;</p>
<ul>
 <li><i>Description</i>: 1 MHz; exercise as described above.</li>
 <li><i>Duration/dose: </i>On average each patient was treated for 6 sessions (range 3 to 11 sessions), once or twice per week. The first session comprised assessment and treatment and lasted for approximately 40 minutes. Subsequent treatment sessions lasted for approximately 20 minutes.</li>
 <li><i>Treatment provider: </i>one physiotherapist</li>
</ul>","<p><b>Major outcomes:</b></p><p><b>Pain:</b> VAS (0-100)</p><p><b>Functional status:</b> Oswestry Disabiltiy Index</p><p><b>Recovery</b>: not reported</p><p><b>Minor outcomes:</b> lumbar range of motion, surface EMG, muscle endurance</p><p><b>Adverse events:</b> not reported</p><p><b>Follow-up:</b> at post-treatment (6 weeks), 6 months</p><p><b>Comment reviewer</b>: mean group differences presented only</p>","<p><b>Authors' results and conclusions</b>: Although improvements were recorded in both interventions, patients receiving manipulation + exercise showed greater improvement compared with those receiving ultrasound + exercise at both the end of treatment and at six months follow-up.</p><p><b>Funding source: </b>Islamic Republic of Iran Ministry of Health and Medical Education (Mazandaran University of Medical Sciences).</p><p><b>Declarations of interest:</b><i> </i>not reported</p>",Chronic
Muller 2005,2005,PUB,3268951,"<p><b>Study design: </b>RCT</p><p><b>Recruitment period:</b> from February 1999 to October 2001.</p><p><b>Statistical analysis:</b> 'for comparisons between the 3 treatment groups at inception, an exact version of the Mann-Whitney U test was used. All tests relating to categorical variables were assessed with exact chi-2-type tests. Additional checks for potential confounders (including sex, age, socioeconomic status,.....) and possible interactions of these confounders were performed by multiple regression models and logistic regression approaches.'</p><p><b>Sample size calculation:</b> not reported</p>","<p><b>Sample size: </b>total: 115, IG: SMT 36, CG1: acupuncture 36, CG2: medication 43</p>
<p><b>Setting: </b>multidisciplinary spinal pain unit of a general hospital</p>
<p><b>Method of recruitment: </b>patients referred for care at the hospital</p>
<p><b>Country</b>: Australia</p>
<p><b>Baseline characteristics</b></p>
<ul>
 <li>Age in years, median (IQR): overall 39 (29-46); IG: 39 (29-53); CG1: 38 (27-47); CG2: 39 (26-43)</li>
 <li>Sex number (%) women: Overall: 46.8%; IG: 52.2%; CG1: 45%; CG2: 42.1%</li>
</ul>
<p><b>Duration of &nbsp;LBP: </b>median (IQR): IG: 4 to 12 months (range: 4 mos. to 45 yrs); CG1: 4 to 12 months (range: 4 mos. to 20 yrs); CG2:1 to 5 years (range: 4 mos. to 30 yrs)</p>
<p>Inclusion criteria</p>
<ul>
 <li>Uncomplicated mechanical spinal pain <u>&gt;</u> 13 weeks</li>
 <li>&gt; 17 years of age</li>
</ul>
<p><b>Exclusion criteria</b></p>
<ul>
 <li>Nerve root involvement</li>
 <li>Spinal anomalies other than sacralisation or lumbarisation</li>
 <li>Pathological conditions other than mild-moderate osteoarthrosis</li>
 <li>&gt; grade 1 spondylolisthesis of L5 on S1</li>
 <li>Previous spinal surgery</li>
 <li>Leg length inequality of &gt; 9mm&nbsp;</li>
</ul>","<p><b>IG</b>: SMT&nbsp;</p><ul><li><i>Description</i>: 'High-velocity low-amplitude spinal manipulative thrust to a joint was performed as judged safe and usual treatment by the treating chiropractor for the spinal level of involvement to mobilize the spinal joints at that level.'</li><li><i>Non-SMT component</i>: none</li><li><i>Duration/dose: </i>standardized for SMT and acupuncture in order to account for potential placebo effects originating from different lengths of exposure to the treating clinician, namely two 20-minute office visits per week until patients became asymptomatic or achieved acceptable pain relief.</li><li><i>Treatment provider: </i>chiropractor</li></ul><p><b>CG1</b>:<i> </i>Acupuncture</p><ul><li><i>Description</i>: 'Acupuncture was performed using sterile HWATO Chinese Acupuncture Guide Tube Needles (50 mm long; 0.25-mm gauge) for 20-minute appointments. For each patient, 8 to 10 needles were placed in local paraspinal intramuscular maximum pain areas, and approximately 5 needles were placed in distal acupuncture point meridians (upper limb, lower limb, or scalp). Once patients could satisfactorily tolerate the needles, needle agitation was performed by turning or 'flicking' the needles at approximately 5-minute intervals. Needles were placed in local paraspinal pain areas and in distal acupuncture point meridians.'</li><li><i>Duration/dose: </i>treatment frequency was the same as defined above for SMT.</li><li><i>Treatment provider: </i>four medical acupuncturists</li></ul><p><b>CG2</b>: Medication (NSAIDs or paracetamol)<i> (N = 43)</i></p><ul><li><i>Description</i>: 'Celecoxib (Celebrex) (200 to 400 mg/d; 27 patients) unless celecoxib had previously been tried; the next drug of choice was rofecoxib (Vioxx) (12.5 to 25 mg/d; 11 patients), followed by acetaminophen (paracetamol) (500 mg tablets 2 to 6 per day; 5 patients). Dosage followed pharmaceutical guidelines.'</li><li><i>Duration/dose: &nbsp;</i>treatment frequency where same as defined above for SMT, medication was given for 3-4 weeks</li><li><i>Treatment provider: </i>practitioner at outpatient spinal pain unit?</li></ul>","<p><b>Major outcomes:</b></p><p><b>Pain</b>: VAS (0-10)</p><p><b>Functional status:</b> Oswestry Disability Index&nbsp;</p><p><b>Recovery:</b> not reported</p><p><b>Minor outcomes</b>: generic health status: SF-36, straight-leg raising, active range of motion for the lumbar and cervical spines,</p><p><b>Adverse events: </b>6% in the medication group had an adverse reaction; presumably none in the manipulation group, but this is not clearly stated by the authors.</p><p><b>Follow-up:</b> at 4 and 9 weeks, and 12 months</p>","<p><b>Authors' results and conclusions: </b>In patients with chronic spinal pain syndromes, spinal manipulation may be the only treatment modality of the assessed regimens that provides both broad and significant long-term benefit.</p><p><b>Funding source: </b>Queensland State Government Health Dept., and supported by the Townsville Hospital.</p><p><b>Declarations of interest: </b>not reported</p><p><b>Comments reviewers:</b><i> </i>Unclear what proportion of patients with low-back pain; possibly biased by high and differential rates of drop-out between the groups and crossover contamination; results presented in median and IQR; earlier publications Giles 1999, Giles 2003. The neck was also examined in this study and outcomes relating to this area were also measured. Four week data reported in Giles 1999.</p><p>Considered to have a fatal flaw due to the differential and large proportion of drop-outs, especially for the acupuncture group at the short-term and medication group at the long-term measurement.</p>",Chronic
Nambi 2018,2018,PUB,27908406,"<p><b>Study design:</b> RCT</p><p><b>Recruitment period:</b> from January 2011 to December 2014</p><p><b>Statistical analysis:</b> 'ANOVA was used to find any significant improvement occurring within and between each group. The Bonferroni test was used post hoc to determine which group differed from the other two groups if the inter-group analysis showed a significant difference.'</p><p><b>Sample size calculation:</b> VAS scores were found to have a mean difference of delta of 0.67±1.69 in the pilot study (30 partcipants) (significance set at P=0.05 by two-tailed analysis and statistical power of 80%) between groups at four weeks. To allow for the 10% predicted dropout, the sample size was calculated at 110 in each group, with a total sample of 330.</p>","<p><b>Sample size: </b>total: 330, IG1: SMT plus Laser therapy and conventional exercise 110, CG1: laser therapy plus conventional exercise 110, CG2: conventional exercise 110</p>
<p><b>Setting: </b>Medical college (C.U. Shah Physiotherapy College (Gujarat, India))</p>
<p><b>Method of recruitment: </b>Subjects were recruited by sending pamphlets to the various departments of the local medical college, hospitals and clinics</p>
<p><b>Country:</b> India</p>
<p><b>Baseline characteristics</b></p>
<ul>
 <li>Age in years, range: IG: 21-60; CG1: 21-60; CG2 21-60.</li>
 <li>Sex number (%) women: IG: 63%;CG1: 58%; CG2: 61%</li>
</ul>
<p><b>Duration of LBP</b>: not reported</p>
<p><b>Inclusion criteria</b></p>
<ul>
 <li>&nbsp;Older than 18 years of both genders who were untreated lbp for 3-month (or longer) localized pain in L4-L5 vertebra, with uncomplicated chronic lbp and lumbago, sciatica (proximal to knee joint)</li>
 <li>&nbsp;Pain rating on the Visual analog scale (Vas) &gt;3 and &lt;8, and with functional disability on the RMDQ &gt;20% and &lt;80%</li>
</ul>
<p><b>Exclusion criteria</b>&nbsp;</p>
<ul>
 <li>Patients with spondylolisthesis, spondylolysis, spondylitis, spondylosis, spinal stenosis, joint instability, acute fractures, scoliosis ≥20 degrees, pain referred from pelvic structures, neurological deficit, cauda equina syndrome, straight leg raising &lt;30°, weight loss, history of cancer, hiV, steroid use, lumbar spine surgery, rheumatoid arthritis, ankylosing spondylitis, osteomyelitis, tuberculosis, osteoporosis, gout, paget’s disease, osteoarthritis, hypertension, pregnancy, psychiatric disease, or any other systemic diseases,&nbsp;</li>
 <li>Patients with contraindications to spinal manipulation and laser therapy</li>
</ul>","<p><b>IG: </b>SMT plus Laser therapy and conventional exercise&nbsp;</p><ul><li><i>Description</i>: 'the intervention was started with the patient on the left side, lying near the edge of the couch. The patient’s right hip and knee were flexed with the dorsum of the foot resting behind the left knee. The straight leg was put into light hip flexion, enough to place the particular intervertebral joint midway between flexion and extension. The patient’s right arm was then extended at the shoulder and flexed at the elbow to allow the forearm to rest on his/her side. The patient’s left arm was then placed in an abducted, laterally rotated position with the hand under his/her head, and the spine was “locked” in extension. The therapist’s right thumb pressed downwards against the right side of the spinous process of the upper vertebra, and the left middle finger pulled upwards against the left side of the spinous process of the lower vertebra. Patients also underwent basic range-of-motion exercise. Maximum rotary stretch was applied by rocking the patient back and forth with the forearms, gradually increasing the stretch and pressure against the spinous process. the manipulation consists of increasing the push through both forearms and sharply increasing the pressure against the spinous process. Greater leverage can be achieved by allowing the patient’s top leg to unhook from behind the opposite knee and relax straight over the edge of the couch. The therapist’s arm and body were used to apply a high-velocity, low-amplitude thrust of the pelvis in an anterior direction. After the first manipulation, note whether click was heard or felt by the therapist or subject. If a click was noted, the therapist instructed the patient for a range-of-motion exercise. if no click was noted, the patient was repositioned and manipulated again; on failing a second time, the opposite side was manipulated, and a maximum of two attempts per side was permitted.'</li><li><i>Non-SMT component</i>: Laser Therapy and conventional exercise (See below for description)</li><li><i>Duration/dose:</i> 3 times a week for 4 weeks (12 sessions)</li><li><i>Treatment provider: </i>physical therapist was certified in manual therapy having eight years of professional experience</li></ul><p><b>CG1:</b> Laser therapy and conventional exercise</p><ul><li><i>Description</i>: 'Laser therapy plus conventional exercise. Laser therapy (830 nm, 120 mW, 0-5000 Hz with continuous mode) was applied in the form of GaAIAs and infrared laser. During the first phase, eight points in the lower back were irradiated (four points on each side). Exercises included strengthening and stretching of the abdominal and back muscles, depending on the clinical findings. They were instructed to refrain from performing exercises other than those assigned for the study and performing strenuous activities of daily living. &nbsp;All exercises were performed within a limited range of motion, respecting each patient’s pain limits. After each session, 10 minutes of stretching of the trained muscle groups were performed using static stretching for 30 seconds 12 times (cooldown). The exercise program was performed 3 days a week with 5 repetitions in 3 sets with 30-second pauses per set to begin with, and repetitions were gradually increased until they reached 15.'</li><li><i>Duration/dose: </i>3 times a week for 4 weeks (12 sessions)</li><li><i>Treatment provider:</i> not reported</li></ul><p><b>CG2:</b> Conventional exercise</p><ul><li><i>Description</i>: Only conventional exercise (see CG1)</li><li><i>Duration/dose: </i>3 times a week for 4 weeks (12 sessions)</li><li><i>Treatment provider:</i> not reported</li></ul>","<p><b>Major outcomes:</b></p>
<p><b>Pain: </b>VAS (0-10)</p>
<p><b>Functional status</b>: Roland Morris Disability Questionnaire</p>
<p><b>Recovery</b>: not reported</p>
<p><b>Minor outcomes:</b> Modified Modified Schober Test, Depression: PHQ-9, and quality of life: CDC HRQOL-4</p>
<p><b>Adverse events:</b><i> </i>there were no serious or severe adverse events reported</p>
<p><b>Follow up: </b>at<b> </b>4 weeks, 6 and 12 months</p>","<p><b>Authors' results and conclusion:</b> 'In conclusion, spinal manipulation combined with laser therapy and exercise seems effective in decreasing pain, increasing flexion range of motion, reducing functional disability, and depression level and improving the quality of life in cnlbp compared with laser therapy and exercise alone. Hence, we emphasize that spinal manipulation combined with laser therapy is an adjuvant intervention and it should be applied with appropriate exercises.'</p><p><b>Funding source: </b>The authors are thankful to the C.U. Shah Physiotherapy College for funding this study (grant no. CUSPC/Ethical/146-A/09).</p><p><b>Declarations of interest: n</b>one to declare</p><p><b>Comments reviewers:</b> The authors also included sciatica patients (inclusion criteria), but they did not report how many participants suffered from sciatica or leg pain.</p>",Chronic
Nejati 2019,2019,PUB,27908408,"<p><b>Study design:</b> RCT</p><p><b>Recruitment period:</b> from December 2013 to February 2016</p><p><b>Statistical analysis:</b> 'Repeated-measures analysis was used for evaluating the time effect in the follow-ups. To determine the treatment effect, the data were analyzed using either a random-effects mixed model or a generalized estimating equations model, as appropriate. The Tukey’s test was used for pairwise comparisons of the study groups.'</p><p><b>Sample size calculation:</b> not reported</p>","<p><b>Sample size: </b>total: 56, IG1: manual therapy 18, IG2: manual therapy plus exercise 19, CG: exercise 19</p>
<p><b>Setting: </b>Sports Medicine Department at the hospital</p>
<p><b>Method of recruitment: </b>Patients with LBP were recruited from the musculoskeletal clinics of Rasoul Akram Hospital</p>
<p><b>Country: </b>Iran</p>
<p><b>Baseline characteristics</b></p>
<ul>
 <li>Age in years, mean (range): Overall: 46.8 (23-60 )</li>
 <li>Sex number (%) women: 57.6%</li>
</ul>
<p><b>Duration of LBP:</b> not reported.</p>
<p><b>Inclusion criteria</b></p>
<ul>
 <li>LBP or buttock pain lasting for at least 3 months</li>
 <li>Age over 20 years</li>
 <li>No history of spine and hip surgery in the year before the study</li>
 <li>No pregnancy</li>
 <li>No osteoporosis (T-score &lt; 2.5 in bone densitometry) or bone fractures</li>
 <li>No pain radiating below the knees</li>
 <li>Not receiving physical therapy in the lower back and buttocks over the preceding 3 months</li>
 <li>Non-injection of corticosteroids or anaesthetics in the SIJ during the previous month</li>
 <li>Absence of sacroiliitis or sacroiliac infection</li>
 <li>Testing positive in at least 3 of the following: Gaenslen’s test, standing forward bending test, Patrick’s Test, Gillet test, &nbsp;Yeoman’s test, thigh trust test and other sacroiliac tests</li>
</ul>
<p><b>Exclusion criteria</b></p>
<ul>
 <li>If they had intensified pain</li>
 <li>Were involved in other treatments for pain relief&nbsp;</li>
 <li>Discontinued the intervention protocol for any reason</li>
</ul>","<p><b>IG1</b>: manual therapy</p><ul><li><i>Description</i>: 'Posterior innominate mobilization and SIJ manipulation. It is to be noted that the former is low-velocity and low-amplitude, while the latter is high- velocity and low-amplitude. Immediately afterward, the Standing Forward Bending Test and Gillet Test were administered, with the negative results indicating the effectiveness of the manipulation for rotating innominate posteriorly. In the case of positive results, both maneuvers were repeated immediately, and then the aforementioned tests were administered again. If the test results were still positive, the respective patients were excluded. The patients testing negative were asked to refer back to the therapist at the designated follow-up times. In the case of positive results, both maneuvers were repeated immediately, and then the aforementioned tests were administered again. If the test results were still positive, the respective patients were excluded. The patients testing negative were asked to refer back to the therapist at the designated follow-up times.'</li><li><i>Non-SMT component</i>: None</li><li><i>Duration/dose: </i>1 session</li><li><i>Treatment provider: </i>sports medicine specialist with 8 years of experience in manipulation</li></ul><p><b>IG2: </b>manual therapy plus exercise&nbsp;<i>&nbsp;</i></p><ul><li><i>Description</i>: 'First the manipulation maneuvers were performed. If these maneuvers proved effective, the exercises for the exercise group were taught to the patients, who were asked to do the prescribed exercises at home on a daily basis.'</li><li><i>Duration/dose: </i>1 session of manipulation + 1 session a week for 12 weeks of exercise</li><li><i>Treatment provider: </i>sports medicine specialist with 8 years of experience in manipulation (manipulation)</li></ul><p><b>CG: </b>exercise</p><ul><li><i>Description</i>: 'The patients in the exercise group were instructed by a sports medicine specialist how to perform the exercises at home on a daily basis. They were also asked to visit the hospital once a week until week 12 for supervised exercises. After that, they did not perform exercises until week 24. The exercises were posterior innominate self-mobilization, sacroiliac joint stretching, and spinal stabilization.'</li><li><i>Duration/dose: </i>1 session of manipulation + 1 session a week for 12 weeks of exercise</li><li><i>Treatment provider: a </i>sports medicine specialist</li></ul>","<p><b>Major outcomes:</b></p>
<p><b>Pain:</b> VAS (0- 10)&nbsp;</p>
<p><b>Functional status</b>: Oswestry Disability Index</p>
<p><b>Recovery</b>: not reported</p>
<p><b>Minor outcomes</b>: not reported</p>
<p><b>Adverse events: </b>not reported</p>
<p><b>Follow up: </b>at 6, 12, and 24 weeks</p>","<p><b>Authors' results and conclusion:</b> 'All 3 treatment options succeeded in relieving pain and improving functionality for a period of 24 weeks. Furthermore, the therapeutic effect of MT appeared more quickly (at week 6), but ET proved more effective in improving functionality at week 12. In addition, no significant difference was observed between ET, MT, and EMT after 6 weeks. Overall, it can be concluded that manipulation can be an effective approach to reducing pain in the sacroliliac joint pain.'</p><p><b>Funding source: </b>no funding received</p><p><b>Declarations of interest: </b>none to declare</p>",Chronic
Nim 2020,2020,PUB,27908410,"<p><b>Study design:</b> RCT</p><p><b>Recruitment period:</b> from November 2017 to January 2019</p><p><b>Statistical analysis</b>: 'linear mixed models for the different outcome measures were used for the analyses, with group and time as fixed interacting effects, and subject as a random intercept using an unstructured variance–covariance all models.'</p><p><b>Sample size calculation:</b> 'power calculation based on a 10% mean group difference in patient-reported low back pain intensity (numerical scale from 0 to 10) between the stiff and the pain group with an 80% beta and a 5% alpha level indicated group sizes of 62. The 10% group difference was chosen a-priori as we did not expect a large between-group mean difference.'</p>","<p><b>Sample size: </b>total: 132, IG1: stiffest segment SMT 66, IG2: lowest pain threshold SMT 66</p>
<p><b>Setting</b>: Spine Centre</p>
<p><b>Method of recruitment:</b> from the Spine Centre of Southern Denmark, a regional hospital that specializes in spinal pain syndromes referred by general medical practitioners, chiropractors, consultant rheumatologists, and other in-house clinicians</p>
<p><b>Country: </b>Denmark</p>
<p><b>Baseline characteristics</b></p>
<ul>
 <li>Age in years, mean (SD): IG1: 46.74 (8.66); IG2: &nbsp;43.47 (10.046)</li>
 <li>Sex number (%) women: IG1: &nbsp;39%; IG2: 52%</li>
</ul>
<p><b>Duration of LBP:</b> in months (SD): IG1: 14.10 (67.10); IG2 :17.50 (49.35)&nbsp;</p>
<p><b>Inclusion criteria</b></p>
<ul>
 <li>Persistent LBP for more than 3 months</li>
 <li>Without prior spinal surgery</li>
 <li>LBP of benign origin e.g. no malignancy or axial spondyloarthropathy&nbsp;</li>
 <li>Between 18 and 60 years of age</li>
</ul>
<p><b>Exclusion criteria</b></p>
<ul>
 <li>Indications for surgical evaluation due to low back pain with/without leg pain</li>
 <li>History of SMT in the preceding 4 weeks</li>
 <li>Opioid use exceeding 40 mg of morphine or equivalent(oral intake) at the time of inclusion;&nbsp;</li>
 <li>Comorbid conditions that could interfere with project methodology (e.g. BMI exceeding 35 and pregnancy)</li>
 <li>Exclusion for analysis were defined as: failure to complete a minimum of 75% of the allocated intervention; received SMT or mobilization techniques to the lower back in other settings during the study; changes in pain medication during the study.&nbsp;</li>
</ul>","<p><b>IG1: </b>Stiffest segment SMT</p><ul><li><i>Description:</i> 'The SMT was provided in a standardized manner where the participant was placed in a side-lying position and the subsequent SMT was delivered with a high velocity, low amplitude technique targeting the randomized segment using a contact point at the spine process. The direction of the SMT was applied in a posterior to anterior direction. Up to 3 SMT attempts were allowed for a successful treatment. Whether the treatment was successful was determined by the chiropractor and independent of the common cavitation sounds that can accompany SMT.'</li><li><i>Non-SMT component: </i>not reported</li><li><i>Duration/dose: </i>4 sessions over 14 days</li><li><i>Treatment provider: 2</i> chiropractors each with more than 12 years of clinical experience</li></ul><p><b>IG2: </b>Lowest pain threshold SMT<i>&nbsp;</i></p><ul><li><i>Description:</i> 'The SMT was provided in a standardized manner where the participant was placed in a side-lying position and the subsequent SMT was delivered with a high velocity, low amplitude technique targeting the randomized segment using a contact point at the spine process. The direction of the SMT was applied in a posterior to anterior direction. Up to 3 SMT attempts were allowed for a successful treatment. Whether the treatment was successful was determined by the chiropractor and independent of the common cavitation sounds that can accompany SMT.'</li><li><i>Non-SMT component:</i> not reported</li><li><i>Duration/dose: </i>4 sessions over 14 days</li><li><i>Treatment provider: 2</i> chiropractors each with more than 12 years of clinical experience</li></ul>","<p><b>Major ourcome:</b></p>
<p><b>Pain</b>: NRS (0-10) of current LBP, average and worst LBP during the last 14 days</p>
<p><b>Functional status: </b>not reported</p>
<p><b>Recovery</b>: not reported</p>
<p><b>Minor outcomes: </b>pain pressure threshold; lumbar stiffness</p>
<p><b>Adverse events:</b> Any adverse events that occurred were recorded for each SMT session</p>
<p><b>Follow-up: </b>at<b> </b>14 days</p>","<p><b>Authors' results and conclusions:</b> 'No difference between SMT applied to the most stiff vertebra or the most painful vertebra was found to improve the primary outcome, patient-reported low back pain intensity, or the secondary outcome, spinal stiffness. However, a large difference in the secondary outcome, pressure pain threshold was observed post-SMT.<br>This suggests that in the patient population studied, SMT appears to impact pain sensitivity in a specific segmental fashion and the effect is mediated by a neurological reflectory system. By comparison, the mechanical measure of spinal stiffness was not affected by the application site.'</p><p><b>Funding source: </b>Danish Chiropractic Fund for Research and Post Graduate Research, Hospital Lillebaelt Research counsel, and The Danish Rheumatism Association.&nbsp;</p><p><b>Declarations of interest:</b><i> </i>none to declare</p>",Chronic
Özcan 2022,2022,PUB,27908414,<p><b>Study design:</b> RCT</p><p><b>Recruitment period:</b> not reported</p><p><b>Statistical analysis</b>: Mann Whitney U test was used for between-group comparisons</p><p><b>Sample size calculation:</b> &nbsp;not reported</p>,"<p><b>Sample size: </b>total: 40, IG1: Chiropractic &nbsp;manipulation SMT 20, IG2: Maitland mobilization 20</p><p><b>Setting</b>: Department of physical therapy and rehabilitation at the Acibadem Atakent hospital</p><p><b>Method of recruitment:</b> healthcare workers from physical therapy and rehabilitation clinic at the private Acibadem Atakent hospital</p><p><b>Country: </b>Turkey</p><p><b>Baseline characteristics</b></p><ul><li>Age in years, mean (SD): IG1: 31.15 (8.15); IG2: &nbsp;27.7(6.57)</li><li>Sex number (%) women: IG1: 55%; IG2: 85%</li></ul><p><b>Duration of LBP:</b> chronic LBP not further specified</p><p><b>Inclusion criteria</b></p><ul><li>being a healthcare worker</li><li>Between 20 and 50 years of age</li><li>diagnosis of &nbsp;chronic LBP &nbsp;</li></ul><p><b>Exclusion criteria</b></p><ul><li>History of surgery, injection</li><li>Treatment for the LBP in the last three months</li><li>Following a treatment or medication protocol</li><li>Participants who are active in sports</li><li>Pregnancy</li><li>Those with cardiopulmonary, neurologic, orthopaedic or psychological disease&nbsp;</li></ul>",<p><b>IG1: </b>Chiropractic manipulation</p><ul><li><i>Description:</i>&nbsp;<b> </b>Chiropractic manipulation</li><li><i>Non-SMT component: </i>no extra treatment was applied to the participants and participants were advised not to engage in any other additional activity</li><li><i>Duration/dose: </i>2 treatments per week for 4 weeks</li><li><i>Treatment provider: </i>1<i> </i>expert physiotherapist who completed his master's degree in Chiropractic and has a certificate of performing Mulligan Mobilisation techniques.</li></ul><p><b>IG2: </b>Mulligan Mobilization<i>&nbsp;</i></p><ul><li><i>Description:</i> Mulligan mobilisation</li><li><i>Non-SMT component:</i> no extra treatment was applied to the participants and participants were advised not to engage in any other additional activity</li><li><i>Duration/dose:</i> 2 treatments per week for 4</li><li><i>Treatment provider: </i>1 expert physiotherapist who completed his master's degree in Chiropractic and has a certificate of performing Mulligan Mobilisation techniques.</li></ul>,<p><b>Major ourcome:</b></p><p><b>Pain</b>: NPRS (0-10)&nbsp;</p><p><b>Functional status: </b>Oswestry Disability questionnaire</p><p><b>Recovery</b>: not reported</p><p><b>Minor outcomes: </b>range of motion of the hip and low back</p><p><b>Adverse events:</b> not reported</p><p><b>Follow-up: </b>at<b> </b>4 weeks</p>,"<p><b>Authors' results and conclusions:</b> 'no superiority was found between the two treatment methods in terms of reduction in pain, range of motion and increase in activities of daily life.'</p><p><b>Funding source: </b>not reported</p><p><b>Declarations of interest:</b><i> </i>none to declare</p>",
Paatelma 2008,2008,SOUGHT,3268955,"<p><b>Study design:</b> RCT</p>
<p><b>Recruitment period: </b>not reported</p>
<p><b>Statistical analysis:</b> ANOVA was used to test for the main treatment effects.</p>
<p><b>Sample size calculation:</b> not reported, but recruitment was not (entirely) successful. The authors state that the aim was to recruit 180 subjects.</p>","<p><b>Sample size: </b>total: 134, IG1: orthopedic manual therapy 45, CG1: McKenzie 52, CG2: advice-only 37</p>
<p><b>Setting: </b>4 occupational health care centres</p>
<p><b>Method of recruitment:</b> patients presented to occupational health care centres</p>
<p><b>Country:</b> Finland</p>
<p><b>Baseline characteristics</b></p>
<ul>
 <li>Age in years, mean (SD): IG: 44 (10); CG1: 44 (9); CG2: 44 (15)</li>
 <li>Sex number (%) women: IG: 42%; CG1: 29%; CG2: 35%</li>
</ul>
<p><b>Duration of LBP:</b> Personal communication with the primary author: Slightly more than 50% were defined as chronic by the authors.</p>
<p><b>Inclusion criteria</b></p>
<ul>
 <li>18 to 65 years of age, employed</li>
 <li>With current non-specific LBP with or without radiating pain to one or both lower legs</li>
 <li>No restrictions on duration or recurrence of the LBP</li>
</ul>
<p><b>Exclusion criteria</b></p>
<ul>
 <li>Pregnancy</li>
 <li>Low-back surgery less than 2 months previously</li>
 <li>Red flag indicating serious spinal pathology</li>
</ul>","<p><b>IG</b>: orthopedic manual therapy</p><ul><li><i>Description</i>: includes spinal manipulation, specific mobilisation, and muscle-stretching techniques; high-velocity, low-force techniques were used, including prone or side-lying manipulation to L1 to L5 and sacroiliac manipulation or mobilisation.&nbsp;</li><li><i>Non-SMT component</i>: Patients were taught to perform self-mobilisation, stretching and exercises at home daily</li><li><i>Duration/dose: </i>7 treatments in ? weeks<i>. </i>The number of visits for the ranged from 3 to 7 (mean: 6 tx's per group)</li><li><i>Treatment provider: </i>physiotherapist with 20 years of clinical experience in this field</li></ul><p><b>CG1</b><i>:</i> McKenzie</p><ul><li><i>Description</i>: 'subjects were assessed and classified into the various mechanical syndromes, which was subsequently selected as the treatment strategy; this consisted of education supported by the book 'Treat your own back', and an active therapy component (exercises to be repeated several times per day, every 1 to 2 hours, on a regular basis).'</li><li><i>Duration/dose:&nbsp;</i> 7 treatments in ? weeks<i>. </i>The number of visits ranged from 3 to 7 (mean: 6 tx's per group).</li><li><i>Treatment provider: </i>physiotherapist with 10 years of experience in this therapy method</li></ul><p><b>CG2:</b><i> </i>Advice-only</p><ul><li><i>Description:</i> '45 to 60 min. counselling from a physiotherapist concerning the good prognosis of LBP and concerning pain tolerance, medication usage, and return-to-work. Patients were told to avoid bed rest, and advised to continue their routine as actively as possible, incl. exercise activities. They were also instructed to contact their physician if their condition worsened. A 2-page educational booklet ('The Back Book' - translated into Finnish from Burton et al. 1999) was also supplied; note: this is a booklet that was proven to be effective as compared to a traditional generic booklet.'</li><li><i>Duration/dose: </i>one visit</li><li><i>Treatment provider:</i> physiotherapist (RS) with 5 years of clinical experience</li></ul>","<p><b>Major outcomes:</b></p>
<p><b>Pain:</b> VAS (0-100)</p>
<p><b>Functional status:</b> Roland Morris DIsability Questionnaire</p>
<p><b>Recovery</b>: not reported</p>
<p><b>Minor outcomes: </b>not reported</p>
<p><b>Adverse events: </b>not reported</p>
<p><b>Follow-up: </b>at 3, 6 and 12 months</p>",<p><b>Authors' results and conclusions:</b> No differences emerged between the orthopaedic manual therapy and McKenzie method group for pain or functional status at any follow-up measurement. OMT and McKenzie seem to be only marginally more effective than one session of assessment and advice only.</p><p><b>Funding source: </b>not reported</p><p><b>Declarations of interest:</b><i> </i>not reported</p>,Subacute and chronic
Petersen 2011,2011,MIX,3269098,"<p><b>Study design</b>: RCT</p><p><b>Recruitment period: </b>from September 2003 to May 2007</p><p><b>Statistical analysis:</b> 'Multivariate analyses were performed to examine the main treatment effects, corrected for by many of the baseline covariates. A secondary analysis was conducted by means of repeated measures analysis of variance (ANOVA) wherein the follow-up measures are combined.'</p><p><b>Sample size calculation:</b> recruitment was successful. 'We calculated that 169 participants per group would be required to detect a between-group difference of 15% ( P<sub>0</sub> = 35%) in proportions of patients reporting success on the main outcome variable with 80% power and a 5% risk of type 1 error, or in total 380 patients allowing for 10% loss to follow-up.'</p>","<p><b>Sample size: </b>total: 350, IG: SMT 175, CG: McKenzie 175</p>
<p><b>Setting:</b> a primary care specialist center</p>
<p><b>Method of recruitment:</b> not explicitly stated, but presumably those presenting for care</p>
<p><b>Country: </b>Denmark</p>
<p><b>Baseline characteristics</b></p>
<ul>
 <li>Age in years, mean (SD): IG: 37 (9.4); CG: 38 (10.4)</li>
 <li>Sex number (%) women: IG: 53%; CG: 59%</li>
</ul>
<p><b>Duration of LBP: </b>in<b> </b>week, mean (SD): &nbsp;IG: 94 (181); CG: 97 (230)</p>
<p><b>Inclusion criteria</b></p>
<ul>
 <li>Between 18 and 60 years of age</li>
 <li>&nbsp;Suffering from LBP with or without leg pain for a period of more than 6 weeks</li>
 <li>Able to speak and understand the Danish language</li>
 <li>With a presentation of clinical signs of disc-related symptoms</li>
 <li>Signs of disc-related symptoms were identified during initial screening if the patient fulfilled the clinical criteria for centralization or peripheralization of symptoms with or without signs of nerve root involvement as defined by the Petersen/Laslett classification. Centralization is defined as the abolition of symptoms in the most distal body area and peripheralization is defined as the production of symptoms in a more distal body area</li>
</ul>
<p><b>Exclusion criteria</b></p>
<ul>
 <li>Free of symptoms at the day of inclusion</li>
 <li>Demonstrated positive non-organic signs</li>
 <li>If serious pathology was suspected based on physical examination and/or magnetic resonance imaging, that is, severe nerve root involvement (disabling back or leg pain in combination with progressive disturbances in sensibility, muscle strength, or reflexes), osteoporosis, severe spondylolisthesis, fracture, inflammatory arthritis, cancer, or referred pain from the viscera</li>
 <li>Application for disability pension</li>
 <li>Pending litigation</li>
 <li>Pregnancy</li>
 <li>Comorbidity</li>
 <li>Recent back surgery</li>
 <li>Language problems</li>
 <li>Problems with communication including abuse of drugs or alcohol</li>
</ul>","<p><b>IG</b>: SMT</p><ul><li><i>Description</i>: 'In the spinal manipulation treatment, all types of manual techniques including vertebral mobilisation and high-velocity thrust, as well as myofascial trigger-point massage, were used. The choice of technique, or combination of techniques, was at the discretion of the chiropractor dependent of the results of their pretreatment physical assessment. General mobilizing exercises, that is, self-manipulation, alternating lumbar flexion/extension movements, and stretching, were allowed but not specific exercises in the directional preference. An inclined wedged pillow for correction of the seated position was available to the patients if the chiropractor believed this to be indicated.'</li><li><i>Non-SMT component</i>: 'In both treatment groups, patients were informed thoroughly of the results of the physical assessment, the benign course of back pain, and the importance of remaining physically active. Guidance on proper back care was also given. In addition, all patients were provided with a Danish version of “The Back Book,” which previously has been shown to have beneficial effect on patients’ beliefs about back pain. If considered necessary by the treating clinician, instruction in stabilizing and strengthening home exercises was provided at the end of the treatment period. All patients were educated in an individual program of self-administered mobilizing, stretching, stabilizing, and/or strengthening exercises chosen by their physical therapist or chiropractor depended on the treatment goals. Patients were instructed to continue the exercises at home or at a gym for a minimum of 2 months after completion of the treatment at the back center.'</li><li><i>Duration/dose: </i>A maximum of 15 treatments for a period of 12 weeks</li><li><i>Treatment provider: </i>chiropractors with several years of clinical experience</li></ul><p><b>CG</b>: McKenzie</p><ul><li><i>Description</i>: 'The McKenzie treatment was planned individually after the therapist’s pretreatment physical assessment. Manual vertebral mobilisation techniques including high-velocity thrust were not allowed. An educational booklet describing self care or a “lumbar roll” for correction of the seated position was sometimes provided to the patient at the discretion of the therapist. In both treatment groups, patients were informed thoroughly of the results of the physical assessment, the benign course of back pain, and the importance of remaining physically active. Guidance on proper back care was also given. In addition, all patients were provided with a Danish version of “The Back Book,” which previously has been shown to have beneficial effect on patients’ beliefs about back pain. If considered necessary by the treating clinician, instruction in stabilizing and strengthening home exercises was provided at the end of the treatment period. All patients were educated in an individual program of self-administered mobilizing, stretching, stabilizing, and/or strengthening exercises chosen by their physical therapist or chiropractor depended on the treatment goals. Patients were instructed to continue the exercises at home or at a gym for a minimum of 2 months after completion of the treatment at the back center.'</li><li><i>Duration/dose: </i>A maximum of 15 treatments for a period of 12 weeks</li><li><i>Treatment provider: </i>three therapists performing the treatment had passed a credential examination in the McKenzie method</li></ul>","<p><b>Major outcomes:</b></p>
<p><b>Pain: </b>modified Von Korf pain scale (0-30)</p>
<p><b>Functional status: </b>Roland Morris Disability Questionnaire</p>
<p><b>Recovery</b>: global perceived effect</p>
<p><b>Minor outcomes: </b>proportion of patients reporting success at 2 months follow-up of at least 5 points or an absolute score below 5 points on the RMDQ, quality of life: SF-36, days with reduced activity, return-to-work, satisfaction with treatment, and use of health care after the completion of treatment</p>
<p><b>Adverse events:</b><i> </i>not reported</p>
<p><b>Follow-up:</b> at post-treatment, 2- and 12 months post-treatment</p>","<p><b>Authors' results and conclusions: </b>'In patients with low back pain for more than 6 weeks presenting with centralization or peripheralization of symptoms, we found the McKenzie method to be slightly more effective than manipulation when used adjunctive to information and advice.'</p><p><b>Funding source:</b><i> </i>Sponsored by Back and Rehabilitation Center, Copenhagen</p><p><b>Declarations of interest: </b>The authors report that <i>'</i>No benefits in any form have been or will be received from a commercial party related directly or indirectly to the subject of this manuscript.'</p><p><b>Reviewer comment: </b>'there was a large difference between groups in the number of patients withdrawing or already excluded after the first visit (16 patients in the manipulation group vs. 1 patient in the McKenzie group).' 'Unfortunately, the enrolment of patients had to be stopped before the planned sample size was reached due to a change in overall patient care politics by decision of the management of the Back Center Copenhagen. Although the study was slightly underpowered at long-term follow-up, the narrowness of confidence intervals suggests that type II error is unlikely'.</p>",Subacute and chronic
Pope 1994,1994,PUB,3268957,"<p><b>Study design:</b> RCT</p>
<p><b>Recruitment period:</b> not reported</p>
<p><b>Statistical analysis:</b> one-way ANOVA was used to examine the main treatment effects</p>
<p><b>Sample size calculation:</b> not reported</p>","<p><b>Sample size: </b>total: 164, IG: chiropractic SMT 70, CG1: massage 37, CG2: corset 29, &nbsp;CG3: transcutaneous muscle stimulation 28</p>
<p><b>Setting: </b>chiropractic college (Whittier Health Center at the Los Angeles College of Chiropractic)</p>
<p><b>Method of recruitment:</b> the chiropractic college as well as advertising (e.g. radio, newspaper, flyers)</p>
<p><b>Country: </b>USA</p>
<p><b>Baseline characteristics</b></p>
<ul>
 <li>Age in years, median: Overall: 32, 72% were under 40 years of age, 8% were ≥ 50 years of age</li>
 <li>Sex number (%) women: Overall: 38%&nbsp;</li>
</ul>
<p><b>Duration of LBP</b>: 29% &lt; 6months, 35% between 6 months &amp; 2 years, 36% longer than 2 years.</p>
<p><b>Inclusion criteria</b></p>
<ul>
 <li>18 to 55 years of age</li>
 <li>Current LBP between 3 weeks to 6 months duration and preceded by a period of 3 weeks without LBP</li>
 <li>Generally good health (self-reported)</li>
 <li>Not pregnant</li>
 <li>No sciatica (defined by pain below the knee, a positive straight leg raising test, and neurologic deficit, including subjects with buttock and upper thigh pain)</li>
 <li>No neurological deficits, such as loss of sensation, strength and reflex</li>
 <li>No previous vertebral fracture, tumour, infection or spondyloarthropathy</li>
 <li>No previous back surgery</li>
 <li>Davenport weight index not greater than 33 (wt/ht², units kg and m)</li>
 <li>No previous manipulative therapy for this episode</li>
 <li>No conditions potentially aggravated by electrical devices (i.e. heart pacemaker)</li>
 <li>No workmen's compensation or disability insurance issues</li>
 <li>Willing to travel to the facility for treatment and to be randomised.</li>
</ul>
<p><b>Exclusion criteria</b>: not defined.</p>","<p><b>IG</b>: Spinal manipulation</p><ul><li><i>Description</i>: 'subject was placed in side-lying position with the side of the manipulable lesion most superior from the table surface. Once the end of the physiologic range of motion was achieved, a dynamic short-lever high-velocity low-amplitude thrust was applied exerting a force on the lumbar spine and/or sacroiliac joint. This maneuver was performed unilaterally or bilaterally at each treatment session as determined by the treating physician.'</li><li><i>Non-SMT component</i>: none reported</li><li><i>Duration/dose: </i>3 times per week for 3 weeks. Full-compliance was defined as receiving 3 or more sessions per week, with partial compliance defined as 1-2 sessions per week, and no compliance defined if subjects received no sessions.&nbsp;</li><li><i>Treatment provider: </i>5 licensed chiropractors delivered the manipulations to the patients. No statement provided on level of experience</li></ul><p><b>CG1</b><i>: </i>Soft-tissue massage</p><ul><li><i>Description</i>: 'effleurage was provided with the patient in the prone position on a chiropractic table; smooth non-forceful motions were used; the skin of the back from the buttocks to the shoulders was rubbed in a rhythmic fashion.'</li><li><i>Duration/dose: </i>time for treatment did not exceed 15minutesand the number of treatment sessions for the 3-week period was the same as for spinal manipulation (as listed above).&nbsp;</li><li><i>Treatment provider: </i>2 licensed massage therapists, delivered by chiropractic interns, provided these treatments</li></ul><p><b>CG2</b>: Corset&nbsp;</p><ul><li><i>Description: '</i>patients were measured and fitted for a Freeman Lumbosacral Corset by a trained clinician. The corset is a canvas corset with metal stays in the back. The patient was instructed to wear the corset during waking hours, except when bathing.'</li><li><i>Duration/dose: </i>the patient was allowed to remove the corset for a maximum of 10 min. at a time, up to three times per day</li><li><i>Treatment provider</i>: A chiropractor instructed and monitored the use of the corset&nbsp;</li></ul><p><b>CG2</b><i>: </i>Transcutaneous muscle stimulation (TMS)</p><ul><li><i>Description:</i> 'patients were fitted with the Myocare PLUS muscle stimulating unit that was programmed for continuous use. A biphasic pulse rate was used and the amplitude was set at a maximum of 91mA. Four TMS electrodes were placed on the back in the area around the pain. Placement of the electrodes was linear.'</li><li>&nbsp;<i>Duration/dose: </i>Patients were instructed to wear the TMS unit for a cumulative total of at least 8 hrs./day for a minimum of 1 hour at a time. Full compliance was a minimum of 7 hrs./day on average, partial compliance was a minimum of 4 to 7 hrs./day and no compliance was &lt; 4 hrs./day</li><li><i>Treatment provider</i>: A chiropractor instructed and monitored the use of the corset and TMS units. Compliance was measured by a diary maintained by the subject with the same hourly usage figures as for TMS</li></ul>","<p><b>Major outcomes:</b></p><p><b>Pain</b>: VAS (0-10)</p><p><b>Functional status:</b> not reported</p><p><b>Recovery: </b>not reported</p><p><b>Minor outcomes: </b>range of motion (Schober's test), maximum voluntary extension effort, Sorensen Fatigue Test (via EMG monitoring).</p><p><b>Adverse events:</b> not reported</p><p><b>Follow-up:</b> at 1, 2 and 3 weeks</p>","<p><b>Authors' results and conclusions:</b> After three weeks, the manipulation group scored the greatest improvements in flexion and pain while the massage group had the best extension effort and fatigue time, and the muscle stimulation group the best extension. Non of the changes in physical outcome measures (ROM, pain, fatigue, strength) were significantly different between any of the groups.</p><p><b>Funding source:</b> Foundation for Chiropractic Education and Research</p><p><b>Declarations of interest: </b>not reported</p>",Subacute and chronic
Postacchini 1988,1988,PUB,3268960,"<p><b>Study design: </b>RCT</p>
<p><b>Recruitment period:</b> from January 1985 to October 1986</p>
<p><b>Statistical analysis:</b> not stated, but appears a simple test for mean differences between groups.</p>
<p><b>Sample size calculation: </b>not reported</p>","<p><b>Sample size: </b>total: 459, IG: SMT 87 (at follow-up), CG:1. medication 81 (at follow-up), physiotherapy 78 (at follow-up), bed rest 29 (at follow-up), back school 50 (at follow-up), placebo gel 73 (at follow-up)&nbsp;</p>
<p>Two principal groups: grp.1: LBP only; grp. 2 - LBP radiating to the buttocks and/or thighs and no neurological changes.</p>
<p>Subgroups were defined as: A - LBP &lt; 4 weeks duration and no LBP in the preceding 6 months; B - continuous or almost continuous LBP lasting more than 2 months; C - chronic LBP with an episode of acute pain at the time of clinical observation</p>
<p>Grp.1B: 77 and grp.2B: 80. All other groups are not relevant for this report.</p>
<p><b>Setting: </b>2 low-back pain clinics (university orthopaedic clinic and a 'Static Center' of Rome); hospital outpatient department</p>
<p><b>Method of recruitment: </b>not explicitly stated, but presumably those presenting for care</p>
<p><b>Country:</b> Italy</p>
<p><b>Baseline characteristics</b></p>
<ul>
 <li>Age in years, mean: Overall: grp.1B: 38.4; grp. 2B:39.5</li>
 <li>Sex number (%) women grp.1B: 51%; grp. 2B: 49%&nbsp;</li>
</ul>
<p><b>Duration of LBP: </b>in weeks, mean: grp. 1B: 13 months; grp. 2B: 9 months&nbsp;</p>
<p><b>Inclusion criteria</b></p>
<ul>
 <li>Low-back pain</li>
 <li>Aged 17 to 58 years&nbsp;</li>
 <li>Pattern of pain radiation: with and without radiation below knee</li>
 <li>2 groups - acute (&lt; 4 weeks) and chronic (&gt; 9 weeks) LBP</li>
</ul>
<p><b>Exclusion criteria</b></p>
<ul>
 <li>Pregnancy or nursing women</li>
 <li>Serious general diseases</li>
 <li>Psychiatric disturbances</li>
 <li>Medico-legal litigation</li>
</ul>","<p><b>IG</b>:<i> </i>Manipulation</p><ul><li><i>Description</i>: standard chiropractic technique</li><li><i>Non-SMT component</i>: Not reported</li><li><i>Duration/dose: </i>chronic patients: 12 treatments; at a rate of 2 tx per week</li><li><i>Treatment provider: </i>trained chiropractor<i>&nbsp;</i></li></ul><p><b>CG1</b>: Diclofenac 'full dose'</p><ul><li><i>Description</i>: &nbsp;full dose non-steriodal anti-inflammatory drug (Diclofenac)&nbsp;</li><li><i>Duration/dose: </i>duration of treatment = 2-3 weeks for chronic LBP</li><li><i>Treatment provider: ?</i></li></ul><p><b>CG2</b>:<i> </i>Physiotherapy</p><ul><li><i>Description</i>: light massage, analgesic currents and diathermy; patients who still had pain at the end of the treatment period received an additional 2 weeks of therapy .&nbsp;</li><li><i>Duration/dose: </i>15 treatments daily for 3 weeks<i>&nbsp;</i></li><li><i>Treatment provider: ?</i></li></ul><p><b>CG3:</b> Bed rest</p><ul><li><i>Description</i>: patients were advised to stay in bed for 20 to 24 hours for the first 4 to 6 days and 15 to 20 hours a day for a further two days;&nbsp;</li><li><i>Duration/dose: </i>duration of treatment = 6 to 8 days</li><li><i>Treatment provider: ?</i></li></ul><p><b>CG4</b>: Back school</p><ul><li><i>Description</i>: &nbsp; based on the model of the 'Canadian Back Education Unit'- treatment; patients were encouraged to perform the muscle exercises each day for at least two months and were invited to return after three weeks to check that the exercises were being performed correctly.</li><li><i>Duration/dose: </i>4 one-hour sessions held in a one-week period</li><li><i>Treatment provider: ?</i></li></ul><p><b>CG5</b>: Placebo gel&nbsp;</p><ul><li><i>Description</i>: anti-oedema gel to be spread on the lumbar region twice a day</li><li><i>Duration/dose: </i>duration of treatment = &nbsp;1-2 weeks</li><li><i>Treatment provider: ?</i></li></ul>","<p><b>Major outcomes:</b></p><p><b>Pain: </b>scale (0-4: ranging from none to most severe pain imaginable)</p><p><b>Functional status: </b>scale (0-4): extremely, moderately, slightly or not limited)</p><p><b>Recovery:</b> not reported</p><p><b>Minor outcomes: </b>spinal mobility (forward flexion: fingertip to floor distance), and abdominal muscle strength (assessed by the leg-lowering test, and isometric endurance)</p><p><b>Adverse events:</b> not reported.</p><p><b>Follow-up:</b> 3 weeks, 2, and 6 months</p>","<p><b>Authors' results and conclusions: </b>In subgrp.1B, the best results were obtained with physiotherapy at short-term and low-back school at the long-term. For subgrp.2B, physiotherapy gave the best results at both short- and long-term follow-up.</p><p><b>Funding source: </b>grant from the Centro Studi di Patologia Vertebrale, Rome</p><p><b>Declarations of interest:</b><i> </i>not reported</p><p><b>Comment reviewers:</b><i> </i>Unequal numbers for the intervention grps. because not all interventions applied to the various groups (acute - chronic)</p>",Subacute and chronic
Rasmussen 2008,2008,PUB,3268962,"<p><b>Study design:</b> RCT</p>
<p><b>Recruitment period:</b> 'one year'</p>
<p><b>Statistical analysis:</b> the outcomes were not normally distributed; non-parametric tests were used to determine the main treatment effects.</p>
<p><b>Sample size calculation: </b>not reported</p>","<p><b>Sample size: </b>total: 72, IG: SMT + exercise 35, CG: exercise alone 37</p>
<p><b>Setting:</b> rheumatology department</p>
<p><b>Method of recruitment:</b> patients were referred from general practitioners</p>
<p><b>Country: </b>Denmark</p>
<p><b>Baseline characteristics</b></p>
<ul>
 <li>Age, in years (range): IG: 38 (26-57); CG: 42 (27-65)</li>
 <li>Sex number (%) women: IG: 49%; CG: 57%</li>
</ul>
<p><b>Duration of LBP: </b>in months, median (quartiles): IG: 17 (6-47); CG: 8 (4-41)</p>
<p><b>Inclusion criteria</b></p>
<ul>
 <li>Patients of 18-60 years of age with LBP in more than 3 months</li>
</ul>
<p><b>Exclusion criteria</b></p>
<ul>
 <li>Ongoing insurance claim</li>
 <li>Unsettled social pension claim</li>
 <li>LBP caused by major accident</li>
 <li>Pain extension below knee</li>
 <li>Excessive distribution of pain according to a pain drawing</li>
 <li>Neurological diseases including known disc herniation</li>
 <li>Significant medical diseases including cancer, inflammation</li>
 <li>Language problems</li>
 <li>Suspected non-compliance</li>
 <li>Planned other treatment in the first 4 weeks</li>
</ul>","<p><b>IG</b>: SMT + exercise</p><ul><li data-list-item-id=""e123a156c0334418271131e6bea66db6e""><i>Description</i>: 'performed with a specific thrust (high-velocity, low-amplitude) at the level of reduced movement, called dysfunction'</li><li data-list-item-id=""e9896e6fbb6d40fa6027e1325152ef431""><i>Non-SMT component</i>: 'All patients were instructed in 2 simple extension exercises (extension-in-lying, and repeated extension-in-standing). The exercises were to be performed 3 to 5 times with a gradual increase of the extension. After a short break the procedure was to be repeated 4 to 6 times. The patients were instructed to perform these exercises as often as possible during the day and at least once per hour.'</li><li data-list-item-id=""e834647fc911f645bfca5f331816da1f7""><i>Duration/dose: </i>three office visits were conducted over a period of 4 weeks </li><li data-list-item-id=""ed695d0c42f415875a33a5de749750149""><i>Treatment provider: </i>the type of manipulator not clear nor is the training. Medical manipulator?</li></ul><p><b>CG</b>: Exercise alone</p><ul><li data-list-item-id=""e3766d98e2395eea9ed8290f95de78669""><i>Description</i>: 'All patients were instructed in 2 simple extension exercises (extension-in-lying, and repeated extension-in-standing). The exercises were to be performed 3 to 5 times with a gradual increase of the extension. After a short break the procedure was to be repeated 4 to 6 times. The patients were instructed to perform these exercises as often as possible during the day and at least once per hour.'</li><li data-list-item-id=""e91362714ed1e6a6294c705795233c51b""><i>Duration/dose: </i>Three office visits were conducted over a period of 4 weeks</li><li data-list-item-id=""ef5a1725d77ae95a5e439a0e80c86491c""><i>Treatment provider:</i> medical manipulator?</li></ul>","<p><b>Major outcomes:</b></p><p><b>Pain</b>: NPRS (0-10) for worst pain within the last 48 hours for both low-back and leg pain&nbsp;</p><p><b>Functional status:</b> not reported</p><p><b>Recovery</b>: not reported</p><p><b>Minor outcomes: </b>manual medical examination: number of segments with reduced movement</p><p><b>Adverse events:</b> 4 patients in the SMT + exercise group reported worsening of the LBP versus 3 patients in the no SMT + exercise group; no patient was hospitalised due to LBP or disc herniation.</p><p><b>Follow-up: </b>at<b> </b>2 and 4 weeks, and 1 year</p>",<p><b>Authors' results and conclusions: &nbsp;</b>Pain in both back and legs decreased without differences between the grps. No additional effect was demonstrated of manipulation when extension exercises were used as a basic therapy.</p><p><b>Funding source: </b>the Oak Foundation</p><p><b>Declarations of interest: </b>not<b> </b>reported</p>,Chronic
Rasmussen-Barr 2003,2003,PUB,3268964,"<p><b>Study design:</b> RCT</p>
<p><b>Recruitment period:</b> from 1999 to 2000</p>
<p><b>Statistical analysis:</b> ANOVA was used to assess the principal treatment effects between groups at follow-up.</p>
<p><b>Sample size calculation:</b> not reported</p>","<p><b>Sample size: </b>total: 47, &nbsp;IG: SMT 23, &nbsp;CG: stabilizing training 24</p>
<p><b>Setting:</b> physiotherapy clinic</p>
<p><b>Method of recruitment: </b>those patients seeking care</p>
<p><b>Country:</b> Sweden</p>
<p><b>Baseline characteristics</b></p>
<ul>
 <li>Age in years, mean (SD): &nbsp;IG: 37 (10); CG: 39 (12)</li>
 <li>Sex number (%) women: &nbsp;IG: 78%; CG: 71%</li>
</ul>
<p><b>Duration of LBP: %</b> &gt; 3 months): IG: 91%, CG: 88%</p>
<p><b>Inclusion criteria</b></p>
<ul>
 <li>Men and women aged 18 to 60 years with LBP (pain &gt; 6 weeks) with or without radiation to the knee</li>
 <li>&nbsp;Pain provoked by provocation tests of lower lumbar segments</li>
 <li>&nbsp;With subacute, chronic or recurrent low-back pain.</li>
</ul>
<p><b>Exclusion criteria</b></p>
<ul>
 <li>Prior segmental stabilizing training, manual treatment in the previous 3 months</li>
 <li>P rior spinal surgery, radiation to the leg or legs with overt neurological signs, pregnancy, known lumbar disc hernia, diagnosed inflammatory joint disease, known severe osteoporosis, or known malignant disease.</li>
</ul>","<p><b>IG</b>: SMT</p><ul><li><i>Description</i>: 'Manual techniques were used, based on findings from the physical examination. They could include a combination of muscle stretching, segmental traction, and soft tissue mobilisationand, if needed mobilisationof stiff thoracic and upper lumbar segments. No manipulation was done. '</li><li><i>Non-SMT component</i>: 'The patients were encouraged to go on with their usual activities or exercises (not controlled). None of these exercises included specific stabilizing exercises. The patients were also taught basic ergonomics.'</li><li><i>Duration/dose: </i>1x week for 45 min for 6 weeks&nbsp;</li><li><i>Treatment provider: </i>physiotherapist</li></ul><p><b>CG</b>: Stabilizing training</p><ul><li><i>Description</i>: 'The patients were told how to activate and control their deep abdominal and lumbar multifidus muscles. The first phase was cognitive and the patients were taught how these muscles act as stabilizers for the lumbar spine. The importance of re-learning motor control of these muscles was underlined. The patients were taught how to activate the deep abdominal muscles together with relaxed breathing in different positions (e.g. supine crooked-lying, four-point kneeling, prone, sitting and standing). The activation of MF together with the deep abdominal muscles was also trained. The physiotherapist monitored the patient by palpating the lower abdominal quadrant for deep tensioning of the abdominal muscles and by palpating the MF at the painful level. A biopressure unit was used in the learning process. The patients were encouraged to perform the exercises daily at home.'</li><li><i>Duration/dose:&nbsp;</i> 1x week for 45 min &nbsp;for 6 weeks &nbsp;</li><li><i>Treatment provider:</i> physiotherapist&nbsp;</li></ul>","<p><b>Major outcomes:</b></p><p><b>Pain</b>: VAS (0-10)</p><p><b>Functional status:</b> Oswestry Disability Index</p><p><b>Recovery</b>: not reported</p><p><b>Minor outcomes: </b>general health status: VAS (0-10), satisfaction: VAS (0-10), patients were also queried at 3 &amp; 12 months regarding whether they had sought additional physiotherapy following the last therapy session<br><b>Adverse events: </b>not reported</p><p><b>Follow-up:</b><i> </i>at 6 weeks (post-treatment), 3 and 12 months</p>","<p><b>Authors' results and conclusions:</b> Following the treatment period, there was a significant difference between the groups. in assessed function. More individuals in the Stabilizing group had improved than the SMT-group. At 3 months, the Stabilizing group performed significantly better in terms of pain, functional status, and general health. In the long-term, participants in the SMT-group reported more recurrent periods.</p><p><b>Funding source: </b>the Anne-Marie and Ragnar Hemborg Foundation</p><p><b>Declarations of interest:</b><i> </i>not reported</p>",Subacute and chronic
Samir 2016,2016,PUB,27908416,"<p><b>Study design:</b> RCT</p>
<p><b>Recruitment period:</b> not reported</p>
<p><b>Statistical analysis:</b> 2×2 Mixed design MANOVA was used to compare the tested variables of interest at different tested groups and training periods.</p>
<p><b>Sample size calculation: </b>not reported</p>","<p><b>Sample size: </b>total: 30, IG: Maitland postero-anterior mobilisation and conventional physical exercise therapy program 15, CG: Mulligan mobilisation with movement and conventional physical exercise therapy program 15</p>
<p><b>Setting:</b> outpatient clinic of Bolak Eldakror hospital</p>
<p><b>Method of recruitment:</b> patients referred by orthopedic surgeon</p>
<p><b>Country:</b> Egypte</p>
<p><b>Baseline characteristics</b></p>
<ul>
 <li>Age in years, mean (SD): &nbsp;IG: 40 (5), CG: 43 (7)&nbsp;</li>
 <li>Sex number (%) women: not reported</li>
</ul>
<p><b>Duration of LBP:</b> &gt; 3 months</p>
<p><b>Inclusion criteria</b></p>
<ul>
 <li>Age between 30 to 50 years old</li>
 <li>Suffering from chronic LBP based on referral from orthopedic surgeon</li>
 <li>Duration of illness more than three months</li>
</ul>
<p><b>Exclusion criteria</b></p>
<ul>
 <li>Patients with any previous back surgery</li>
 <li>Neurologic deficit</li>
 <li>Patients with congenital musculoskeletal deformity</li>
 <li>Cardiopulmonary disease with decreased activity tolerance</li>
</ul>","<p><b>IG</b>: Maitland mobilisation with conventional physical exercise therapy</p><ul><li><i>Description</i>: patients received postero-anterior mobilisation technique.&nbsp;</li><li><i>Non-SMT component</i>: 'conventional physical therapy exercise program in the form of (stretching ex. for lower back muscles ""by knee to chest"" and stretching hamstring muscles) and strengthening exercises for back muscles by bridging and active back extension and strengthening exercises for abdominal muscles by sit up exercise, and posterior pelvic tilt'</li><li><i>Duration/dose: Duration/dose: </i>12 sessions three/week every other day for 4 weeks</li><li><i>Treatment provider:</i> physiotherapist</li></ul><p><b>CG</b>: Mulligan with movement with conventional physical exercise therapy</p><ul><li><i>Description</i>: 'patients received Mulligan with movement technique and conventional physical therapy exercise program in the form of (stretching ex. for lower back muscles ""by knee to chest"" and stretching hamstring muscles) and strengthening exercises for back muscles by bridging and active back extension and strengthening exercises for abdominal muscles by sit up exercise, and posterior pelvic tilt.'</li><li><i>Duration/dose: </i>12 sessions three/week every other day for 4 weeks</li><li><i>Treatment provider: </i>physiotherapist</li></ul>","<p><b>Major outcomes:</b></p>
<p><b>Pain</b>: VAS (0 to 10)</p>
<p><b>Functional status:</b> not reported</p>
<p><b>Recovery</b>: not reported</p>
<p><b>Minor outcomes</b>: Range of motion assessment: Modified Schober test used in measuring lumbar flexion, extension and side bending to the right and the left.<br><b>Adverse events:</b> not reported</p>
<p><b>Follow-up: </b>at 4 weeks (post-treatment)</p>",<p><b>Authors' results and conclusions:</b> 'These findings suggested the acceptance of the null hypothesis that stated that there was no significant difference between Mulligan MWM technique and Maitland P-A mobilisation technique on reduction of pain severity.'</p><p><b>Funding source:</b> not reported</p><p><b>Declarations of interest:</b><i> </i>not reported</p>,Chronic
Saracoglu 2022,2022,PUB,27908418,"<p><b>Study design:</b> RCT</p><p><b>Recruitment period:</b> Data collection was performed between February and October 2018</p><p><b>Statistical analysis:</b> 'mixed-model repeated measures ANOVA was used to analyze changes in primary outcomes in the treatment and control groups.'</p><p><b>Sample size calculation: '</b>The effect size of the NPRS was estimated to be moderate (effect size = 0.25) for the group × time interaction. For statistical power of 0.80 and an α level of 0.05, it was estimated that a sample size of 39 participants (13 participants in each group) was necessary. The enrollment goal was set at 45 participants to account for possible loss to follow-up of 15%.'</p>","<p><b>Sample size: </b>total: 69, IG1: Manual therapy, pain neuroscience education and home exercise program 23, IG2: Manual therapy and home exercise program &nbsp;23, CG: Home exercise program</p><p><b>Setting:</b> Department of physiotherapy of Kutahya Health<br>Sciences University Hospital</p><p><b>Method of recruitment:</b> patients presented to the physiotherapy department</p><p><b>Country:</b> Turkey</p><p><b>Baseline characteristics</b></p><ul><li>Age in years, mean (SD): IG1: 39.7 (13.7), IG2: 41.4 (12.7), CG: 40.25 (9.70)</li><li>Sex number (%) women: IG1: 60%, IG2: 53%, CG: 56%</li></ul><p><b>Duration of LBP:</b> in months, mean (SD): IG1: 28 (17), IG2: 35 (15), CG: 32 (14)</p><p><b>Inclusion criteria</b></p><ul><li>18–65 years of age</li><li>Complaints of LBP for at least 6 months and reported pain intensity of 5 or greater, according to the NPRS</li></ul><p><b>Exclusion criteria</b></p><ul><li>Previous spine or lower extremity surgery</li><li>Severe osteoporosis, spondylo-arthropathy, spondylolisthesis</li><li>Systemic inflammatory disease other than LBP</li><li>Those who were illiterate</li></ul>","<p><b>IG1</b>: Manual therapy, pain neuroscience and education and home exercise program</p><ul><li><i>Description</i>: Joint mobilization: 'low velocity, midrange, posterior-to-anterior force to the lower lumbar spine in a prone position, low velocity, mid-range, right or left rotational force to the lower lumbar spine on the upper lumbar spine in a right or left side-lying, right or left lower thoracic lumbar side-bent position and mobilization with movement techniques for lumbar spine.'</li><li><i>Non-SMT component</i>: &nbsp;Home exercise program see below. PowerPoint presentation on different aspects of pain (4 sessions of 40-45 minutes, once per week for 4 weeks). (figure 2)</li><li><i>Duration/dose: Duration/dose: </i>8 sessions of 30 minutes, two sessions per week for 4 weeks</li><li><i>Treatment provider:</i> physiotherapist with 10 years experience in manual therapy</li></ul><p><b>IG2</b>: Manual therapy and home exercise program</p><ul><li><i>Description</i>: Joint mobilization: 'low velocity, midrange, posterior-to-anterior force to the lower lumbar spine in a prone position, low velocity, mid-range, right or left rotational force to the lower lumbar spine on the upper lumbar spine in a right or left side-lying, right or left lower thoracic lumbar side-bent position and mobilization with movement techniques for lumbar spine.'</li><li><i>Non-SMT component</i>: Home exercise program see below.</li><li><i>Duration/dose: </i>8 sessions of 30 minutes, two sessions per week for 4 weeks</li><li><i>Treatment provider: </i>physiotherapist with pain neuroscience education training</li></ul><p><b>CG2</b>: Home exercise program</p><ul><li><i>Description</i>: 'The program begins with lumbar and pelvic stretching and warm-up exercises, followed by strengthening exercises developed by Koumantakis, Watson, and Oldham (2005). All exercises were explained once and performed under the supervision of the physiotherapist. The participants were then asked to perform all of the exercises with 10 repetitions of each exercise 3 times a day for 4 weeks.'</li><li><i>Duration/dose: </i>1 session at the start and 1 session at 4 weeks</li><li><i>Treatment provider: </i>physiotherapist</li></ul>","<p><b>Major outcomes:</b></p><p><b>Pain</b>: NPRS (0 to 10)</p><p><b>Functional status:</b> ODI, Back performance scale (BPS) (0-15)</p><p><b>Recovery</b>: not reported</p><p><b>Minor outcomes</b>: Tampa Scale for Kinesiophobia<br><b>Adverse events:</b> not reported</p><p><b>Follow-up: </b>at 4 weeks (post-treatment) and 12 weeks</p>","<p><b>Authors' results and conclusions:</b> 'Our results suggest that a multimodal program including PNE, MT, and HEP significantly improves pain level, disability, low back performance, and kinesiophobia at both 4 weeks and 12 weeks of follow-up.'</p><p><b>Funding source:</b> not reported</p><p><b>Declarations of interest:</b><i> </i>No conflict of interest is declared by the authors</p>",Chronic
Sarker 2017,2016,PUB,27908420,"<p><b>Study design:</b> RCT</p><p><b>Recruitment period:</b> from May 2015 to February 2016</p><p><b>Statistical analysis:</b> 'unpaired t test for inter to determine significant of differences in average speed of oscillations, numeric pain rating scale and pressure pain threshold scores.'</p><p><b>Sample size calculation:</b> not reported</p>","<p><b>Sample size: </b>total: 100?, SMT 35?, CG1: core stability exercise 35?, CG2: supervised exercise and ergonomic advice &nbsp;30<br><b>Setting: </b>Out Patient Department, Department of Physiotherapy, Lovely Professional University campus, Phagwara, Punjab</p>
<p><b>Method of recruitment: </b>those presenting for care</p>
<p><b>Country:</b> India</p>
<p><b>Baseline characteristics</b></p>
<ul>
 <li>Age in years, mean (SD): IG: 23.7 (6.4); CG1: 25.1 (7.5) CG2: 24.93 (8.46)</li>
 <li>Sex number (%) women: not reported</li>
</ul>
<p><b>Duration of LBP</b>: not reported</p>
<p><b>Inclusion criteria</b></p>
<ul>
 <li>&nbsp;At least less than 3 months duration</li>
 <li>Rated 4/10 on NPRS</li>
</ul>
<p><b>Exclusion criteria</b></p>
<ul>
 <li>History of injury or surgery of spine</li>
 <li>Congenital spinal deformity (e.g. Spina bifida, Scoliosis, ankylosing spondylitis etc )</li>
 <li>Lumbar radiculopathy or presenting neurological deficit</li>
 <li>Contraindication to manipulations (vertebral malignancy, vertebral-basilar insufficiency, bone infections, fracture)</li>
 <li>Pregnancy</li>
 <li>Patients aging between 20 and 60 years with chronic non-specific LBP (that lasted for at least 6 months)</li>
</ul>","<p><b>IG</b>: SMT<i>&nbsp;</i></p><ul><li><i>Description</i>: high-velocity low-amplitude thrust (HVLA) to the lumbar region of the spine between L1 and L5 vertebrae</li><li><i>Non-SMT component</i>: all groups received postural correction and ergonomic advices along with treatment under study for 15 days.</li><li><i>Duration/dose: </i>after<i> </i>15 days of treatment, frequency of treatment is not reported.</li><li><i>Treatment provider: </i>physiotherapist (n=?)</li></ul><p><b>CG1</b>: Core stability exercise</p><ul><li><i>Description</i>: sets of core stability exercises 1. Plank: Hold for 1 minute. 3 repetitions at a time. 2. Oblique Plank: Hold for 1 minute then repeat on other side. 3 repetitions at a time. 3. “Superman” : Balance on the floor on hands and knees. Back should be flat and hips parallel to the floor. Raise right arm out in front of subjects and raise left leg out behind subjects, keeping it straight. Hold for 30 seconds and then repeat on the other side. 3 repetitions at a time.</li><li><i>Duration/dose: </i>after<i> </i>15 days of treatment, frequency of treatment is not reported. Duration of session was 45 min.</li><li><i>Treatment provider: </i>physiotherapist (n=?)</li></ul><p><b>CG2</b>: Supervised exercise and ergonomic advice</p><ul><li><i>Description:&nbsp;</i> 'Individualised sessions included advice and instruction on self-care measures, careful ergonomic recommendations for home and work, and demonstration of good lifting techniques. Simple stretching and strengthening exercises, including lumbar extension, bridging, and abdominal crunches, were demonstrated and practised. Participants were given a book and laminated cards describing these exercises and were encouraged to perform them at home on a daily basis. The patients were followed-up in person two weeks later and then instructed to continue with the exercises on their own for the remainder of the intervention phase.'</li><li><i>Duration/dose: </i>after<i> </i>15 days of treatment, frequency of treatment is two session?Duration of session was 45 min.</li><li><i>Treatment provider: </i>physiotherapist (n=?)</li></ul>","<p><b>Major outcome:</b></p>
<p><b>Pain</b>: NPRS (0-10)</p>
<p><b>Functional status:</b> not reported</p>
<p><b>Recovery</b>: not reported</p>
<p><b>Minor outcomes</b>: &nbsp;EuroQol questionnaire (EQ-5D-5L), average speed of oscillations for postural instability, and pressure pain threshold for pain sensitivity</p>
<p><b>Adverse events:</b> not reported</p>
<p><b><i>Follow-up: </i></b>at 2 weeks</p>","<p><b>Authors' results and conclusions</b>: 'spinal manipulation (HVLA thrust) was more effective in reducing postural instability, pain intensity and improving pressure pain threshold in subjects with non-specific low back pain'</p><p><b>Funding source:</b> not reported</p><p><b>Declarations of interest</b><i>: </i>not stated</p>",Chronic
Schulz 2019,2019,PUB,27908422,"<p><b>Study design</b>: RCT</p><p><b>Recruitment period:</b> from 2004 to 2006</p><p><b>Statistical analysis:</b> 'linear mixed effect models including fixed effects for time, treatment, and a time-by-treatment interaction, and a random intercept to account for within-subject correlation. The model included the baseline outcome as a covariate.'&nbsp;</p><p><b>Sample size calculation</b>: 'to detect a difference of 8 percentage points in the primary outcome measure of patient self-rated pain between the highest and lowest group means. With an alpha level of 0.05, 70 participants per group provided power of 0.88 to detect this difference. To allow for a drop-out rate of 15%, 240 participants (80 participants per group) were required.'</p>","<p><b>Sample size: </b>total: 241, SMT plus home exercise program 81, CG1: supervised exercise plus home exercise 80, CG2: home exercise alone 80</p>
<p><b>Setting: </b>Northwestern Health Sciences University (Minneapolis)</p>
<p><b>Method of recruitment:</b> Participants were recruited through newspaper advertisements, direct mail, and community posters. Interested individuals were initially screened by telephone interview, followed by two in-person baseline evaluation visits</p>
<p><b>Country: </b>USA</p>
<p><b>Baseline characteristics</b></p>
<ul>
 <li>Age in years, mean (SD): IG: 72.5(5.6); CG1: 73.6(5.3); CG2: 74.7(5.6)</li>
 <li>Sex number (%) women: IG: 57.8%; CG1: 47.5% ; CG2: 50%&nbsp;</li>
</ul>
<p><b>Duration of LBP:</b> in years, mean(SD)): IG: 13.7(15.7); CG1: 12.1(15.1); CG2: 12.9(15.8)</p>
<p><b>Inclusion criteria</b></p>
<ul>
 <li>Age 65 years or older</li>
 <li>Independently ambulatory</li>
 <li>Community-dwelling</li>
 <li>On a stable pain medication plan (if taken)</li>
 <li>Score of a minimum of 20 points on the Folstein Mini-Mental State Examination</li>
 <li>Primary complaint of sub-acute or chronic mechanical low back pain (≥ 6weeks duration) with no identifiable etiology, but reproduced by movement or provocation tests</li>
 <li>Self-reported LBP baseline pain intensity rating ≥ 3 on a 0 to 10 numerical rating scale</li>
 <li>Clinical presentation of LBP meeting Quebec Task Force categories of 1, 2, 3, or 4, which includes individuals with back pain, stiffness or tenderness, with or without radiation or neurological signs</li>
</ul>
<p><b>Exclusion criteria</b></p>
<ul>
 <li>Referred back pain from an extremity joint or viscera</li>
 <li>Suffered from significant infectious disease</li>
 <li>Currently receiving ongoing treatment for LBP</li>
 <li>Had any contraindications to exercise or SMT</li>
</ul>","<p><b>IG</b>: SMT + home exercise program</p><ul><li><i>Description</i>: 'Manual treatment based on physical condition and tolerance.High velocity, low amplitude SMT when possible.Other manual therapies if needed (low velocity, low amplitude SMT or mobilization, flexion-distraction manipulation, drop-table assisted SMT). '</li><li><i>Non-SMT component</i>: 'Home exercise programme (see group 3 for description). Up to 4 min of adjunct therapies to facilitate SMT (light soft tissue massage, active and passive stretching, ischemic compression of tender points, ice, and heat</li><li><i>Duration/dose:</i> number of visits, spinal levels treated, SMT and manual therapy technique used, and adjunct therapies determined by the provider according to patient needs and tolerance. Up to 20 sessions (based on the discretion of the provider and patient preferences). 10 to 20 min per session. Maximum frequency: 2 times/week</li><li><i>Treatment provider: </i>licensed chiropractor</li></ul><p><b>CG1</b>: Supervised exercise program + home exercise program</p><ul><li><i>Description</i>: 'Information and instructions for selfcare for pain (postural adjustments during activities of daily living; use of ice, heat, medications; importance of movement and staying active). Light aerobic warm up on stationary equipment. Instructions, monitoring and encouragement in low load exercise with graded progressions, with an emphasis on high repetitions (up to 20) to increase endurance, strength and balance. Stretching, strength and balance exercises as described for HEP, with the addition of neck flexion, quadruped, lunges, side bridging, and trunk extension exercises on an adjustable angle roman chair.'</li><li><i>Duration/dose:</i> Tailored to individual ability. 20 sessions (60 min per session). Maximum frequency: 1 times/week</li><li><i>Treatment provider: </i>physiotherapist</li></ul><p><b>CG2</b>: home exercise program</p><ul><li><i>Description</i>: 'Information and instructions for selfcare for pain (postural adjustments during activities of daily living; use of ice, heat, medications; importance of movement and staying active). Instructions in low load exercises with graded progressions, to be done at home to improve balance and coordination, trunk strength and endurance. Stretching exercises (seated or standing lumbar flexion, full spine flexion/extension motion cycles, quadriceps stretch, hamstring stretch, hip stretch, head retraction, and chest expansion). Muscle strength and endurance exercises: chair squats, abdominal curls, seated back extension (isometric or using resistance tubing), seated upright rows (using resistance tubing), and push-ups. Balance exercises: standing knee lifts, standing straight-leg hip flexion and extension.'</li><li><i>Duration/dose:</i> Tailored to individual ability. 4 sessions (45-60 min per session). Maximum frequency: 1 times/week</li><li><i>Treatment provider: </i>physiotherapist</li></ul>","<p><b>Major outcomes:</b></p>
<p><b>Pain:</b> NRS (0-10) typical level of back pain over the last week</p>
<p><b>Functional status: </b>Roland Morris DIsability Questionnaire</p>
<p><b>Recovery:</b> &nbsp;Global improvement (-4 - 4)</p>
<p><b>Minor outcomes:</b> SF-36, Satisfaction (0-6), health care utilization, medication use (weekly frequency of non-prescription and prescription medication (0- 5), lumbar and spine dynamic motion, isometric muscle strength in flexion and extension, static muscle endurance and timed up and go test.</p>
<p><b>Adverse events: </b>Six serious adverse events occurred during the trial, all were determined to be unrelated to study interventions. These include: one hospitalization for cholecystectomy and one death due to lung cancer in the CG2; one hospitalization for acute cardiac symptoms, one new diagnosis of prostate cancer, one injury attending a hockey game, and one transient ischemic attack during follow up phase (not actively in intervention) in the IG; and none in the CG1: group.</p>
<p><b>Follow-up: </b>at 4, 12, 26, and 52 weeks</p>","<p><b>Authors' results and conclusion:</b> 'Adding spinal manipulation or supervised rehabilitative exercise to home exercise alone does not appear to improve pain or disability outcomes in either the short- or long-term in older adults with chronic LBP, but did enhance satisfaction with care.'</p><p><b>Funding source: </b>Research reported in this publication was supported by the Department of Health and Human Services (HHS), Health Resources and Services Administration (HRSA), Bureau of Health Professions (BHPr), Division of Medicine and Dentistry (DMD) under the award number R18HP01425 and the National Center For Complementary &amp; Integrative Health of the National Institutes of Health (NIH) under Award Number K01AT008965.</p><p><b>Declarations of interest: </b>none to declare</p>",Subacute and chronic
Senna 2011,2011,PUB,27908424,"<p><b>Study design: </b>RCT</p>
<p><b>Recruitment period:</b> not reported</p>
<p><b>Statistical analysis:</b> the pooled data were analyzed using standard procedures (mean, standard error of mean, and the Student t test).</p>
<p><b>Sample size calculation:</b> not reported</p>","<p><b>Sample size: </b>total: 93, IG1: No maintained SMT 27, IG2: Maintained SMT 26, CG: Sham SMT 40</p>
<p><b>Setting:</b> Outpatient Clinics of Rheumatology and Rehabilitation Department in Mansoura University Hospital</p>
<p><b>Method of recruitment:</b> those presenting for care</p>
<p><b>Country:</b> Egypt</p>
<p><b>Baseline characteristics</b></p>
<ul>
 <li>Age in years, mean (SD): IG1: 40.3 (11.7); IG2: 41.6 (11.0); CG: 42.4 (9.7)</li>
 <li>Sex number (%) women: IG1: 26.9%; IG2: 24.0%; CG: 24.3%</li>
</ul>
<p><b>Duration of LBP:</b> in months,<b> </b>mean (SD): IG1: 18.4 (4.7); IG2: 18.4 (4.8); CG: 18.8 (4.8)</p>
<p><b>Inclusion criteria:</b></p>
<ul>
 <li>Aging between 20 and 60 years with chronic non-specific LBP (that lasted for at least 6 months)</li>
</ul>
<p><b>Exclusion criteria</b></p>
<ul>
 <li>Patients with “red flags” for a serious spinal condition ( e.g. , tumor, compression fracture, infection)</li>
 <li>Signs consistent with nerve root compression ( i.e., positive straight leg raise &gt;45 ° , or diminished reflexes, sensation, or lower extremity strength)</li>
 <li>Structural deformity</li>
 <li>Spondylolithesis</li>
 <li>Spinal stenosis</li>
 <li>Ankylosing spondylitis</li>
 <li>Osteoporosis</li>
 <li>Prior surgery to the lumbar spine or buttock</li>
 <li>Obvious psychiatric disorders</li>
 <li>Referred pain to the back</li>
 <li>Widespread pain ( e.g., fibromyalgia)</li>
 <li>Obese patients</li>
 <li>Current pregnancy</li>
 <li>Patients older than 60 years or younger than 20 years</li>
 <li>Patients who had previous experience with SMT.'</li>
</ul>","<p><b>CG</b><i>: Sham</i> SMT&nbsp;</p><ul><li><i>Description</i>: Sham manipulation included SM techniques, which consisted of manually applied forces of diminished magnitude, aimed purposely to avoid treatable areas of the spine and to provide minimal likelihood of therapeutic effect.'</li><li><i>Non-SMT component</i>: 'Patients in all treatment groups will be instructed in a pelvic tilt ROM exercise after manipulation (or sham manipulation). Subjects will be instructed to perform 10 repetitions after each manipulation and 10 repetitions 3 times daily on the days they did not attend the session. Pelvic tilt aimed to increase the flexibility of the lower back and pelvis.'</li><li><i>Duration/dose: &nbsp;</i>received 12 treatments consisting of sham SM using minimal force over a 1-month period (control group), but no treatments for the subsequent 9 months</li><li><i>Treatment provider: </i>physician (n =?)</li></ul><p><b>IG1: </b>Non-maintained SMT</p><ul><li><i>Description</i>: 'Subjects in second and third groups received the same manipulation technique. SM is defined as a high-velocity thrust to a joint beyond its restricted range of movement.'</li><li><i>Non-SMT component</i>: 'Patients in all treatment groups will be instructed in a pelvic tilt ROM exercise after manipulation (or sham manipulation). Subjects will be instructed to perform 10 repetitions after each manipulation and 10 repetitions 3 times daily on the days they did not attend the session. Pelvic tilt aimed to increase the flexibility of the lower back and pelvis.'</li><li><i>Duration/dose: </i>received 12 treatments consisting of standardized SM three times weekly over a 1-month period, but no treatments for the subsequent 9 months&nbsp;</li><li><i>Treatment provider: </i>physician (n =?)</li></ul><p><b>IG2:</b><i> </i>Maintained SMT</p><ul><li><i>Description</i>: 'Subjects in second and third groups received the same manipulation technique. SM is defined as a high-velocity thrust to a joint beyond its restricted range of movement.'</li><li><i>Non-SMT component</i>: 'Patients in all treatment groups will be instructed in a pelvic tilt ROM exercise after manipulation (or sham manipulation). Subjects will be instructed to perform 10 repetitions after each manipulation and 10 repetitions 3 times daily on the days they did not attend the session. Pelvic tilt aimed to increase the flexibility of the lower back and pelvis.'</li><li><i>Duration/dose:</i> received same intensive treatment of non maintened SMT group over a 1-month period “initial intensive SMT,” along with “maintenance SMT” every 2 weeks for the next 9 months (maintained SMT group)</li><li><i>Treatment provider: </i>physician (n =?)</li></ul>","<p><b>Major outcomes:&nbsp;</b></p><p><b>Pain</b>: VAS (0-100)</p><p><b>Functional status:</b> Oswestry Disability Index</p><p><b>Recovery</b>: current back-related health status with their baseline status (0-5)</p><p><b>Minor outcomes:</b> Low-Back Outcome score, quality-of-life: SF36, Global assessment of current back related health status, objective measures: Modified Schober test and lateral bending</p><p><b>Adverse events:</b> 'three (15%) patients in the maintained SMT reported worse outcome (scores 4 and 5) compared to six (30%) and nine (45%) patients in the non-maintained SMT group and control groups, respectively. The most common adverse effects reported in this study were local discomfort and tiredness but no serious complications were noted. Most adverse effects were transient and began with 24 hours after treatment and were of mild to moderate severity.'<br><b>Follow-up:</b> at 1, 4, 7, and 12 months</p>","<p><b>Authors' results and conclusions:</b> 'SMT is effective for the treatment of chronic nonspecific LBP. To obtain long-term benefit, this study suggests that maintenance SM after the initial intensive manipulative may be beneficial.The major limitation of the current study is the missing data from patients who declined to follow-up at different intervals of the study.'</p><p><b>Funding source:</b> none received</p><p><b>Declarations of interest: </b>The authors report that <i>'</i>No benefits in any form have been or will be received from a commercial party related directly or indirectly to the subject of this manuscript.'</p>",Chronic
Skillgate 2007,2007,MIX,3268966,"<p><b>Study design:</b> RCT</p>
<p><b>Recruitment period:</b> from March to September 2005</p>
<p><b>Statistical analysis:</b> differences in changes between groups were calculated by unpaired t test.</p>
<p><b>Sample size calculation:</b> recruitment was successful ('Power analyses based on the primary outcomes were performed in advance to determine the sample size. A total of 400 patients indicated a power of &gt;80% to detect a relative risk (RR) of 1.2 to 1.3 for a clinically important improvement in pain and disability.')</p>","<p><b>Sample size: </b>total: 409, IG: SMT (naprapathy) 206, CG: standard medical care 203</p>
<p><b>Setting: </b>private clinics</p>
<p><b>Method of recruitment: </b>advertising from employees at 2 large public companies (about 40,000, mainly women in the healthcare sector, schools, and in the postal service)</p>
<p><b>Country: </b>Sweden</p>
<p><b>Baseline characteristics</b></p>
<ul>
 <li>Age in years, mean (SD): &nbsp;IG: 46(11); CG: 48(10)</li>
 <li>Sex number (%) women: IG: 74%; CG: 68%</li>
</ul>
<p><b>Duration of LBP:</b> IG: 78% &gt; 3 months; CG: 72% &gt; 3 months</p>
<p><b>Inclusion criteria</b></p>
<ul>
 <li>Presence of back and neck pain of the kind that brought about marked dysfunction at work or in leisure time, for at least 2 weeks</li>
</ul>
<p><b>Exclusion criteria</b></p>
<ul>
 <li>Symptoms too mild as determined by an administrator</li>
 <li>Pregnancy</li>
 <li>Specific diagnoses such as acute slipped disc or spinal stenosis</li>
 <li>Inability to understand Swedish</li>
 <li>Visits to a naprapath in the preceding 2 months or another manual therapist in the preceding month with the exception of massage</li>
 <li>An experienced physician further excluded patients based upon the following: too mild symptoms (the physicians’ subjective opinion based on the estimated pain and disability in the questionnaires filled in before the examination, and the results of the anamnesis and physical examination), evidence-based advice during the past month, surgery in the painful area, acute prolapsed disc, spondylolisthesis, stenosis, or ‘‘red flags’’ (older than 55 when the pain debut for the first time, recent trauma in the area, constant pain or pain getting worse in the night, cancer in the past or at present, consumption steroids now or recently, drug abuser, HIV, very bad general health, significant weight loss, very bad disability, intensified pain at the smallest movement, obvious structural deformity of the spine, saddle anaesthesia/ sphincter disturbance, extended muscle weakness, inflammatory or rheumatic diseases, marked morning stiffness, long-lasting severe disability, or peripheral joints affected).</li>
</ul>","<p><b>IG: </b>Naprapathy</p><ul><li><i>Description</i>: a combination of naprapathic manual techniques (such as spinal manipulation/mobilisation, massage, and stretching) was given adapted to the patient’s condition.&nbsp;</li><li><i>Non-SMT component</i>: Preventive and rehabilitating advices on physical activity and ergonomics were often given</li><li><i>Duration/dose: </i>A maximum of 6 treatments were given within 6 weeks in the naprapath’s own clinic. Each appointment lasted for about 45 minutes</li><li><i>Treatment provider: </i>delivered by 1 of 8 experienced Naprapaths</li></ul><p><b>CG</b>: Standard care or 'evidence-based' care&nbsp;</p><ul><li><i>Description</i>: &nbsp;'Evidence-based care defined as support and advice on staying active and on pain coping strategies including locus of control, according to guidelines, and evidence-based reviews. The evidence-based care was given in direct conjunction with the medical examination (an additional 15 min). The care involved advice and support according to the best scientific evidence available, aiming to empower the patient with an understanding of the importance of staying active and living as normal a life as possible, including work and physical activities. The care also aimed to improve the pain coping strategies. Advice on exercises was general and adapted to the patient’s condition. A booklet with examples of exercises and general information on back and neck pain was provided.'</li><li><i>Duration/dose: </i>1</li><li><i>Treatment provider: </i>provided by physician</li></ul>","<p><b>Major outcomes:</b>&nbsp;</p>
<p><b>Pain: </b>modified version of the Chronic Pain Questionnaire by von Korff (0-30)&nbsp;</p>
<p><b>Functional status:</b> modified version of the Chronic Pain Questionnaire by von Korff (0-30)&nbsp;</p>
<p><b>Recovery</b>: based upon an scale 0-10and subsequently dichotomized</p>
<p><b>Minor outcomes</b>: Neck pain was measured by the Whiplash Disability Questionnaire</p>
<p><b>Adverse events:</b> none were serious; limited to minor short-term reactions such as muscle soreness, tiredness, and increased pain, typically following the first 2 treatments</p>
<p><b>Follow-up:</b><i> </i>at 3, 7 and 12 weeks</p>","<p><b>Authors' results and conclusions:</b> At 7 and 12 weeks, statistically significant differences were found between the groups for all outcomes favouring naprapathy; separate analyses for neck and back pain showed similar results. This trial suggests that combined manual therapy, like naprapathy, might be an alternative to consider for back and neck pain patients.</p><p><b>Funding source: </b>Swedish Research Council, the Stockholm County Council, the Uppsala County Council, Capio; the Swedish Naprapathic Association and Health Care Science Post-Graduate School at Karolinska Institute.</p><p><b>Declarations of interest: </b>not reported</p>",Subacute and chronic
Sturion 2020,2020,PUB,27908428,"<p><b>Study design:</b> crossover RCT&nbsp;</p><p><b>Recruitment period:</b> not reported</p><p><b>Statistical analysis:</b> 'a multivariate analysis of variance was used for each dependent variable to explore its influence on the groups, time of measurement, and the interaction between these factors. A Tukey's post hoc test local the significant differences between the times pre-, post-, and post-intervention 15 days. The study analysed all dependent variables for both techniques and computed the detectable clinical differences between the pre-and post-intervention 15 days measures. The effect size was used to determine the magnitude of the changes and improvements. '</p><p><b>Sample size calculation:</b> 'a power analysis was performed, and a sample of 10 participants was determined to detect a 12-mm change on a 100-mm visual analogue scale for pain as an immediate effect, assuming a power of 80% and an alpha value of 0.05.'</p>","<p><b>Sample size: </b>total: 10, IG: SMT 5, &nbsp;CG: muscle energy techniques 5</p>
<p><b>Setting: </b>Physiotherapy clinic at the university</p>
<p><b>Method of recruitment:</b> A convenience cohort of 12 volunteers was recruited from a local community of active workers</p>
<p><b>Country: </b>Brazil</p>
<p><b>Baseline characteristics</b></p>
<ul>
 <li>Age in years, mean: IG: 44 ; CG: 44</li>
 <li>Sex number (%) women: not reported</li>
</ul>
<p><b>Duration of LBP:</b> 50% duration for 24-36 months (both groups)</p>
<p><b>Inclusion criteria</b></p>
<ul>
 <li>Workers aged between 25 and 55 years</li>
 <li>History of lumbar or lumbosacral pain, without proximal radicular pain</li>
 <li>Presence of chronic pain defined as daily or almost daily pain for a minimum of 3 months</li>
 <li>Current lumbar pain of unknown mechanical origin</li>
 <li>Not participating in rehabilitation programs</li>
 <li>Not having practised regular physical activity in the last 3 months</li>
</ul>
<p><b>Exclusion criteria&nbsp;</b></p>
<ul>
 <li>Presenting 'red flags' signs to manual therapy</li>
 <li>Having a history of lumbar or locomotor surgery</li>
 <li>Presenting any type of neurological</li>
 <li>Cardiorespiratory and/or orthopaedic disease of high severity</li>
 <li>Presenting psychiatric disorder and/or attention and speech disorders</li>
</ul>","<p><b>IG</b>: SMT<i>&nbsp;</i></p><ul><li><i>Description</i>: 'Two specialized physiotherapists, osteopaths, following the osteopathic model, evaluated the lumbar spine (L1-L5), searching for dysfunction (low mobility). The dysfunction of vertebral segments received the correspondent technique application according to the respective intervention group. One specialized therapist performed the HLVA thrust manipulation following these steps with the patient in side-lying knees flexed, 1) flexed the hip until motion is detected at the target segment, 2) rotated the upper trunk backwards until the motion was detected at the target segment, 3) rolls the patient towards him/her and stretches the segment to its end range, 4) applies an HLVA thrust. '</li><li><i>Non-SMT component</i>: none</li><li><i>Duration/dose: </i>once per week for 3 weeks</li><li><i>Treatment provider: </i>One specialized physiotherapist, osteopath</li></ul><p><b>CG</b><i>:</i> Muscle energy technique (MET)</p><ul><li><i>Description</i>: 'The specialised therapist applied MET with the patient on the side lying with knees bent (restriction side down), whilst the therapist: (1) palpated the target segment and extended the patient’s legs until the motion was detected at the target segment; (2) flexed patient’s trunk superiorly until the motion was detected at the target segment; (3) flexed trunk inferiorly until the motion was detected at the target segment; (4) rotated patient’s trunk until the motion was detected at the target segment; and (5) side-bent patient’s trunk until motion was detected at the target segment. Upon command, the patient pushed his/her legs down into the examiner’s hand for a 5-s isometric contraction.<i> </i>This process was repeated three times for each.'</li><li><i>Duration/dose:</i> once per week intervention for 3 weeks</li><li><i>Treatment provider: </i>One specialized physiotherapist, osteopath</li></ul>","<p><b>Major outcomes:&nbsp;</b></p>
<p><b>Pain: </b>NPRS (0-10) and McGill Pain Questionnaire</p>
<p><b>Functional status:</b> Roland Morris Disability Questionnaire</p>
<p><b>Recovery</b>: not reported</p>
<p><b>Minor outcomes: </b>FABQ, Modified Schober Test, EMG to measure trunk neuromuscular activation patterns, Force Platform to measure static postural balance</p>
<p><b>Adverse events: </b>not reported</p>
<p><b>Follow-up:</b> at 15 days</p>","<p><b>Authors' results and conclusion: </b>'Significant improvement was found only for pain in both techniques, with effect sizes of a 1.8 reduction for the HVLA group, and 2.8 for the MET group. No effect of the intervention was found for postural control and muscular activation variables, although non-significant changes were observed (positive increase of trunk activation after intervention).'</p><p><b>Funding source: </b>CAPES (foundation affiliated with the Ministry of Education of Brazil).</p><p><b>Declarations of interest</b><i>: </i>None to declare</p><p><b>Comments reviewer:</b><i> </i>This is a cross-over trial. The intervention lasted 3 weeks, but the follow-up was after 15 days (including the wash-out period).</p>",Chronic
Tavares 2017,2017,PUB,27908430,"<p><b>Study design:</b> RCT</p><p><b>Recruitment period: </b>not reported</p><p><b>Statistical analysis:</b> 'A model of mixed effects was used for statistical analysis to observe the effects of interventions among different groups and the interaction among treatment subgroups versus time. Terms were created for intervention and the factor time. In addition, moderator effect of catastrophizing on studies out- comes (difference before and after treatment) was observed. It was also observed the effect of interactions between terms and the co-variable catastrophizing on dependent variables pain intensity and incapacity. Bonferroni post hoc test was used to minimize the effect of multiple comparisons.'</p><p><b>Sample size calculation: '</b>POST HOC sample calculation was performed considering the difference between groups in mean post-treatment pain intensity (Control Group - CG: 4±1.53; Mobilization Group – MG: 0.25±0.79 and Sham Group – SG: 1.65±1.76) (Power 95%, α=0.05). It was observed a power of 97% with effect size of 1.13 and the need for 18 participants per group.'</p>","<p><b>Sample size: </b>total: 60, IG: Mobilization 20, CG1: Sham Mobilization 20, CG2: no intervention 20</p>
<p><b>Setting</b>: Clinica Escola de Fisioterapia da União das Faculdades dos Grandes Lagos, São José do Rio Preto.</p>
<p><b>Method of recruitment: </b>not reported</p>
<p><b>Country:</b> Brazil</p>
<p><b>Baseline characteristics</b></p>
<ul>
 <li>Age in years, mean (SD): IG: 39.15 (11.45); CG1: 37.10 (12.57); CG2: 30.60 (8.97)</li>
 <li>Sex number (%) women: IG: 75%;CG1: 90%; CG2:90%</li>
</ul>
<p><b>Duration of LBP: </b>not reported, but &gt; 3 months for the population</p>
<p><b>Inclusion criteria</b></p>
<ul>
 <li>Age between 18 and 55 years</li>
 <li>With nonspecific, continuous, and recurrent CLBP with a minimum duration of three months</li>
</ul>
<p><b>Exclusion criteria</b></p>
<ul>
 <li>Pregnancy&nbsp;</li>
 <li>Red flag signs (neoplasia, spinal fracture, spinal osteomyelitis, infection or cauda equina syndrome, rheumatic diseases, diseases impairing cognition)</li>
 <li>Females in luteal phase were rescheduled</li>
</ul>","<p><b>lG</b><i>:</i> Mobilization</p><ul><li><i>Description</i>: 'participants received central posterior-to-anterior pressure technique from L5 to L1, using level II joint mobilization. Therapy was performed with therapist’s caudal hand keeping 2nd and 3rd fingers abducted, being the 3rd finger with flexion of interphalangeals to standardize the length of all fingers. By means of a lumbrical clamp of the 1st and 2nd fingers of the cephalad hand. First and second fingers of the other hand were adducted to perform smooth pressure. So, caudal hand was placed in relaxed position to help palpation, with spinous processes between its fingers, and cephalad hand directed to perform palpation. The same technique was performed for remaining vertebral levels from L5 to L1. During application of the techniques, patient would remain in prone position.'</li><li><i>Non-SMT component</i>: None</li><li><i>Duration/dose: </i>central posterior-to-anterior pressure technique for 30 seconds with mean of 30 repetitions in each lumbar vertebra. The procedure was repeated once for each segment. 10 sessions over 5 weeks.</li><li><i>Treatment provider: </i>not reported</li></ul><p><b>CG1</b><i>:</i> Sham mobilization</p><ul><li><i>Description</i>: 'participants received the sham mobilization technique, reproducing the same positioning of hands used for the MG group, however without rhythmic oscillations, just with the hands at rest.'</li><li><i>Duration/dose:</i> central posterior-to-anterior pressure technique for 30 seconds. The procedure was repeated once for each segment. 10 sessions over 5 weeks.</li><li><i>Treatment provider:</i> not reported</li></ul><p><b>CG2</b>: Control group</p><ul><li><i>Description</i>: participants received no intervention</li></ul>",<p><b>Major outcomes:&nbsp;</b></p><p><b>Pain: </b>NPRS (0-10)</p><p><b>Functional status:</b> Oswestry Disability Index&nbsp;</p><p><b>Recovery</b>: not reported</p><p><b>Minor outcomes</b>: Pain Catastrophizing Scale&nbsp;</p><p><b>Adverse events:</b><i> </i>not reported</p><p><b>Follow up:</b> following the 10th therapeutic session (5 weeks).</p>,"<p><b>Authors' results and conclusion:</b> 'Our results have shown that joint mobilization was effective to improve incapacity, pain intensity and catastrophizing before and after intervention. However, when comparing the effects among intervention groups, there has been significant pain intensity decrease just in mobilization and sham groups as compared to control group. So, we suggest a sham/placebo effect associated to the application of 10 level II mobilization sessions.'</p><p><b>Funding source: </b>no funding received</p><p><b>Declarations of interest:</b><i> </i>none to declare</p>",Chronic
Teixiera 2016,2016,PUB,27908432,"<p><b>Study design:</b> RCT Crossover</p>
<p><b>Recruitment period:</b> from October to December 2015</p>
<p><b>Statistical analysis:</b> for the comparison of the effect of the groups, the MANOVA test was applied for repeated measures, using as factor the groups of patients submitted to manipulative and conventional physiotherapy.</p>
<p><b>Sample size calculation: </b>not reported</p>","<p><b>Sample size: </b>total: 14, IG: SMT 8, CG: stretching and exercise therapy 6</p>
<p><b>Setting:</b> Center for Rehabilitation and Physical Rehabilitation of the Hospital Getúlio Vargas (HGV)</p>
<p><b>Method of recruitment</b>: not reported</p>
<p><b>Country:</b> Brazil</p>
<p><b>Baseline characteristics</b></p>
<ul>
 <li>Age in years, mean (SD): Overall: 51 (9)</li>
 <li>Sex number (%) women: Overall: 50%</li>
</ul>
<p><b>Duration of LBP:</b> not reported, but &gt; 12 weeks for the population</p>
<p><b>Inclusion criteria</b></p>
<ul>
 <li>Patients of both gender</li>
 <li>Age from 30 to 59 years</li>
 <li>Diagnosis of low back pain present for more than 3 months</li>
 <li>Sedentary than those without prior physical therapy history to at least 3 months</li>
</ul>
<p><b>Exclusion criteria</b></p>
<ul>
 <li>&nbsp;Cognitive deficiency, auditory or visual impairment which compromises the response to the questionnaires used in the study</li>
 <li>Presence of root symptoms or changes in the neuromuscular‑skeletal apparatus which prevent the performance of exercises and/or manipulation</li>
 <li>History of previous surgeries in the spine</li>
 <li>Degenerative bone-muscular diseases or any other disease affecting the spine, other than those that develop with low back pain</li>
 <li>Tumours</li>
 <li>Infectious diseases</li>
 <li>Prosthetics</li>
 <li>Respiratory diseases</li>
 <li>Umbilical hernia</li>
 <li>Lower limb discrepancy</li>
 <li>Pregnant&nbsp;</li>
 <li>Any other contraindication to manipulative physical therapy</li>
</ul>","<p><b>IG</b>: SMT</p><ul><li><i>Description</i>: 'patients were rehabilitated by manipulation of the thoracic region, an osteopathic technique known as “Dog Technic”, in which the patient is placed in the supine position on the stretcher with arms folded over his or her own body, hugging itself, afterwards the researcher places the dominant hand in the thoracic region involving the patient against its thoracic, ending the technique with the manipulation through the “body drop”. The sacroiliac region was manipulated by the “lumbar roll” technique, which the patient lies in lateral decubitus position with the leg that is in contact with the stretcher, stretched and the leg that is above, in hip and knee flexion, after that the researcher rotates the upper extremity of the patient towards the lower limb which is above, then the investigator places the forearm in the region which he intends to manipulate the sacrum by leveraging the lower limb which is previously flexed.'</li><li><i>Non-SMT component: </i>not reported</li><li><i>Duration/dose: </i>the program had duration of 5 weeks of treatment, 2 weeks for each intervention and 1 week of wash-out, with two weekly sessions, with an average duration of 30 minutes each</li><li><i>Treatment provider: </i>not reported</li></ul><p><b>CG</b>: Stretching and exercise therapy</p><ul><li><i>Description</i>: 'patients underwent a therapeutic program of self-passive stretching for lumbar spine with a total duration of 5 minutes and active exercises of flexion-extension, abduction-adduction and extension for lower limbs in open kinetic chain (3 sets of 12 repetitions each), performed in the supine position, in lateral decubitus and pronated respectively, in a stretcher.</li><li><i>Duration/dose:</i> the program had duration of 5 weeks of treatment, 2 weeks for each intervention and 1 week of wash-out, with two weekly sessions, with an average duration of 30 minutes each'</li><li><i>Treatment provider: </i>not reported</li></ul>",<p><b>Major outcomes:</b></p><p><b>Pain: </b>VAS (0-10)</p><p><b>Functional status</b>: Roland Morris Disability Questionnaire</p><p><b>Recovery</b>: not reported</p><p><b>Adverse events</b><i>: </i>not reported</p><p><b>Follow up:</b> at 2 weeks of manual therapy followed by 2 weeks of physio with one week wash out</p>,"<p><b>Authors' results and conclusion: </b>'Through this study, it can be demonstrated that patients with Chronic LBP present functional capacity improvement, by reducing pain symptoms through the use of manipulative physiotherapy and physical therapy, and the results presented by manipulative physiotherapy treatment were more significant.'</p><p><b>Funding source</b>: no funding received</p><p><b>Declarations of interest: </b>none to declare</p>",Chronic
Thomas 2020,2020,PUB,27908434,"<p><b>Study design:</b> RCT</p><p><b>Recruitment period:</b> from June 2013 to August 2017</p><p><b>Statistical analysis:</b> 'linear mixed-effects regression analyses served as the main analytic framework. All regression models incorporated random intercept terms to accommodate the within-subject variance associated with longitudinal experimental designs and fixed-factor parameters for the main effects of group (sham-laser control as reference), main effect for time (baseline as reference), and the simple interaction terms of group by time (relative to control and baseline). Biological sex was included in each of the models. Additional a priori contrasts comparing changes from baseline between the 2 intervention groups (ie, simple interaction contrasts) were also performed, with Holm alpha adjustments to preserve the familywise error rates to 0.05.'</p><p><b>Sample size calculation:</b> 'based on extant studies of spinal manipulation, we used a Cohen d effect size of 0.5 for simulation studies that indicated 54 subjects per treatment group would be sufficient to achieve power of 0.8 to detect a clinically meaningful treatment effect for coprimary outcomes (ie, change in Numerical Pain Rating Scale [NPRS] score &gt;2 and disability &gt;3) at our primary end point. Sample size calculations also assumed a 10% attrition rate.'</p>","<p><b>Sample size: </b>total: 162, IG1: Spinal manipulation 54, IG2: spinal mobilisation 54, CG: sham laser 54</p>
<p><b>Setting: </b>general population</p>
<p><b>Method of recruitment:</b> print and media advertisements, including mass mailing campaigns</p>
<p><b>Country:</b> USA</p>
<p><b>Baseline characteristics</b></p>
<ul>
 <li>Age in years, mean (SD): IG1: 26.8 (7.2); IG2: 24.3 (5.4); CG: 24.4 (5.9)</li>
 <li>Sex number (%) women: IG1: 59%; IG2: 58%; CG: 58%</li>
</ul>
<p><b>Duration of LBP</b> :(year; meand(SD)): IG1: 6.7 (5.6); IG2: 6.5 (5.6); CG: 5.4 (4.1)</p>
<p>Inclusion criteria</p>
<ul>
 <li>Between 18 and 45 years of age</li>
 <li>Answer yes to the following questions: have you had low back pain constantly or on most days for the last 3 months? Has your back pain caused you to seek care or consultation from a healthcare provider?</li>
 <li>Average pain intensity assessed using the Numerical Pain Rating Scale over the past week &gt;= 2 on a 0-10 numerical pain scale</li>
 <li>Roland-Morris Disability Questionnaire score &gt;= 4</li>
 <li>Exhibit at least 3 of the following findings reported in the clinical prediction rules for spinal manipulation: no symptoms distal to the knee, Fear Avoidance Beliefs Questionnaire work subscale score &lt;19</li>
 <li>At least 1 hypomobile lumbar spinal segment</li>
 <li>At least 1 hip with &gt;35 degrees internal rotation range of motion</li>
</ul>
<p><b>Exclusion criteria</b></p>
<ul>
 <li>Have a personal history of the following neurological disorders: Alzheimer's disease, amyotrophic lateral sclerosis, multiple sclerosis, Parkinson's disease, or stroke</li>
 <li>Have a history of congestive heart failure or heart attack in the past 24 months</li>
 <li>Have a body mass index greater than 35 kg/m2</li>
 <li>Have used narcotics or muscle relaxants within 30 days prior to study enrollment</li>
 <li>Have clinical depression (ie, score 24 or higher on the Center for Epidemiology Depression Scale)</li>
 <li>Report having pending litigation related to an episode of low back pain or are receiving any type of disability services related to low back pain</li>
 <li>Have active cancer</li>
 <li>Are blind</li>
 <li>Report being pregnant, lactating, or that they anticipate becoming pregnant in the next 3months</li>
 <li>Current drug or alcohol use or dependence that, in the opinion of the primary investigators, would interfere with adherence to study requirements.</li>
</ul>","<p><b>IG1</b>: Spinal manipulation&nbsp;</p><ul><li><i>Description</i>: 'The participant was placed in a side-lying position facing the clinician with the more painful side facing upward. The clinician passively flexed the participant’s hips and knees to induce lumbar spine flexion until they felt the spinous process of the affected lumbar vertebrae begin to move. Next, the clinician passively rotated the participant’s torso opposite to the side they were lying on until they felt rotation in the vertebra above the suspected lesion. The clinician applied a rapid thrust to the shoulder (anterior to posterior force) and pelvis (posterior to anterior force) resulting in a rotation force couple on the hypomobile segment. If a cavitation (ie, an audible pop) occurred, the treatment was considered complete. If no cavitation was produced, the participant was repositioned and the manipulation was attempted again. A maximum of 2 attempts per side was permitted. If no cavitation was produced after the 4 attempts (ie, 2 per side), the treatment was considered complete.'</li><li><i>Non SMT component: </i>not reported</li><li><i>Duration/dose: </i>2 times per week for 3 weeks</li><li><i>Treatment provider: </i>Licensed clinicians (either a doctor of osteopathic medicine or physical therapist), with at least 3 years of clinical experience using manipulative therapies provided all treatments</li></ul><p><b>IG2</b>: Spinal mobilisation</p><ul><li><i>Description</i>: 'The participant was positioned using the same technique as described above. The clinician then placed 1 hand on the anterior shoulder and 1 hand on the posterior pelvis. The participant was asked to try to gently push the shoulder and pelvis into the clinician’s hands. Thus, they performed an isometric rotation of the torso resulting in a rotation force couple on the hypomobile segment. The clinician had the participant hold the contraction for a minimum of 7 seconds and a maximum of 60 seconds if the patient could comfortably tolerate the stretch. If a cavitation occurred or the clinician assessed a release in tissue tension, the treatment was considered complete. Otherwise, the clinician repositioned the patient as needed and repeated the treatment for up to 10 minutes.'</li><li><i>Duration/dose: </i>2 times per week for 3 weeks</li><li><i>Treatment provider: </i>See above</li></ul><p><b>CG</b>: Sham laser</p><ul><li><i>Description</i>: The laser manufacturer (MedX Health Corp) provided a MedX 1100 system that did not deliver any significant amount of light energy or heat but otherwise appeared operational to participants and clinicians. The sham laser was delivered over the painful region with the study participant positioned as described for spinal manipulation and spinal mobilization treatments.</li><li><i>Non SMT component: </i>not reported</li><li><i>Duration/dose: </i>2 times per week for 3 weeks</li><li><i>Treatment provider: </i>See above</li></ul>","<p><b>Major outcomes:</b></p>
<p><b>Pain</b>: NPRS (0-10)</p>
<p><b>Functional status: </b>Roland Morris Disability Questionnaire</p>
<p><b>Recovery</b>: not reported</p>
<p><b>Minor outcomes:</b> Prior to the second treatment intervention, participant expectations for treatment success were assessed using a credibility and expectancy questionnaire.&nbsp;</p>
<p><b>Adverse events: </b>Planned among outcome measures but not reported.</p>
<p><b>Follow-up: </b>after completing 3 weeks of treatment and at 4 weeks after treatment completion</p>","<p><b>Authors' results and conclusion:</b> 'Our findings indicated that spinal manipulation and spinal mobilization were no more effective than a well-chosen placebo in reducing pain and disability in patients with chronic low back pain. We conclude that these manipulative therapy techniques do not appear to be effective for chronic low back pain, at least among relatively young individuals with mild to moderate back pain.'</p><p><b>Funding source:</b> Research reported in this publication was supported by the National Center for Complementary and Integrative Health of the NIH under award number R01AT006978 (Drs Thomas and Clark).</p><p><b>Declarations of interest:</b><i> </i>Dr Thomas reported receiving grants from the National Institutes of Health (NIH) during the conduct of this study. Dr Clark reported receiving grants from the NIH during the conduct of the study and grants from the Osteopathic Heritage Foundations and the American Osteopathic Association outside the submitted work. Dr Russ reported receiving grants from the NIH during the conduct of the study. Dr France reported receiving grants from the NIH during the conduct of the study. Dr Ploutz-Snyder reported receiving grants from the NIH, the Department of Justice, NASA, the Merk Foundation, and the Ethel and James Flinn Foundation for effort as a biostatistician during the conduct of the study. No other disclosures were reported.</p>",Chronic
UK BEAM Trial 2004,2004,MIX,3268968,"<p><b>Study design:</b> RCT</p>
<p><b>Recruitment period:</b> not reported</p>
<p><b>Statistical analysis:</b> an ANCOVA was used and correct for baseline RMDQ and treatment centres. Multilevel modelling was used to account for clustering of participants. The effects of treatment for the different interventions was conducted in a stepwise fashion, and stratified for private and public care centres.</p>
<p><b>Sample size calculation: </b>recruitment was successful ('To yield 80% power of detecting this difference between private and NHS treatment at a 1% significance level requires data on about 130 participants per group. To allow for clustering effects by manipulator, we sought data from 450 participants randomised to manipulation. Allowing for 67% follow up at 12 months, we sought to recruit 1350 participants in all.')</p>","<p><b>Sample size: </b>total: 1334, IG1: Best care plus private manipulation alone 180, IG2:Best care plus NHS manipulation alone 173, IG3: Best care plus private manipulation plus exercise 172, IG4: Best care plus NHS manipulation plus exercise 161, CG1: Best care in general practice 338, CG2: Best care plus exercise alone 310</p>
<p><b>Setting: </b>private and public health care facilities (medical doctors, physiotherapists, chiropractors)</p>
<p><b>Method of recruitment:</b> 181 general practices (in 14 centres) from the General Practice Research Framework</p>
<p><b>Country:</b> UK</p>
<p><b>Baseline characteristics</b></p>
<ul>
 <li>Age in years, mean (SD): Overall: 43.1 (11.2)&nbsp;</li>
 <li>Sex number (%) women: Overall: 56.1 %</li>
</ul>
<p><b>Duration of LBP</b> &gt; 3 months: 58.7% for all groups.</p>
<p><b>Inclusion criteria</b></p>
<ul>
 <li>18 and 65 years</li>
 <li>Were registered for medical care with a participating practice</li>
 <li>Had consulted with simple low-back pain—pain of musculoskeletal origin in the area bounded by the lowest palpable ribs, the gluteal folds, and the posterior axillary lines, including pain referred into the legs provided it was mainly above the knee</li>
 <li>Had a score of four or more on the Roland Morris disability questionnaire at randomisation</li>
 <li>Had experienced pain every day for the 28 days before randomisation or for 21 out of the 28 days before randomisation and 21 out of the 28 days before that</li>
 <li>Agreed to avoid physical treatments, other than trial treatments, for three months</li>
</ul>
<p><b>Exclusion criteria</b></p>
<ul>
 <li>They were aged 65 or over, because the spinal manipulation package could be more hazardous in older people with osteoporosis</li>
 <li>There was a possibility of serious spinal disorder, including malignancy, osteoporosis, ankylosing spondylitis, cauda equina compression, and infection</li>
 <li>Complained mainly of pain below the knee, as clinical outcome was likely to be different</li>
 <li>Had previously had spinal surgery, as clinical outcome was likely to be very different</li>
 <li>Had another musculoskeletal disorder that was more troublesome than their back pain</li>
 <li>Had previously attended, or been referred to, a specialised pain management clinic</li>
 <li>Had a severe psychiatric or psychological disorder</li>
 <li>Had another medical condition, such as cardiovascular disease, that could interfere with therapy</li>
 <li>Had moderate to severe hypertension (systolic blood pressure &gt; 180 mm Hg or diastolic blood pressure &gt; 105 mm Hg, on at least two separate occasions</li>
 <li>Were taking anticoagulant treatment</li>
 <li>Were taking long term steroids, which might lead to osteoporosis</li>
 <li>Could not walk 100 m when free of back pain, because exercise would be difficult</li>
 <li>Could not get up from and down to the floor unaided</li>
 <li>Had received physical therapy (including acupuncture) in the previous three months</li>
 <li>Had a Roland Morris disability questionnaire score of three or less on the day of randomisation</li>
 <li>Could not read and write fluently in English</li>
</ul>","<p><b>CG1</b>: Best care in general practice</p><ul><li><i>Description: '</i>based upon the UK national acute back pain guidelines, which advise continuing normal activities and avoiding rest. &nbsp;Copies of 'The Back Book' were provided as well as the corresponding patient booklet.'</li><li><i>Duration/dose:</i> 1 assessment session</li><li><i>Treatment provider</i>: clinical and support staff from the participating practices were invited to training sessions on the 'active management' of back pain.</li></ul><p><b>CG2: </b>Best care plus exercise alone</p><ul><li><i>Description: </i>Best care see CG1. Exercise programme = developed (“back to fitness”) from previous trials. It comprises initial individual assessment followed by group classes incorporating cognitive behavioural principles. &nbsp;Classes ran in local community facilities. Up to 10 people took part in each session.</li><li><i>Duration/dose:</i> &nbsp;We invited participants to attend up to eight 60-minute sessions over four to eight weeks &nbsp;and a “refresher” class 12 weeks after randomisation</li><li><i>Treatment provider</i>: physiotherapists with at least two years experience since qualification</li></ul><p><b>IG1</b><i>: </i>Best care plus private manipulation alone</p><ul><li><i>Description: &nbsp;'</i>A multidisciplinary group developed a package of techniques representative of those used by the UK chiropractic, osteopathic, and physiotherapy professions. The three professional associations agreed to the use of this package in this trial. Similar numbers of qualified manipulators from each of these professions treated participants. They all had a minimum of two years’ clinical experience and were skilled in a range of manipulative techniques, including high-velocity thrusts. Participants randomised to private manipulation received treatment in manipulators’ own consultation rooms. &nbsp;Following initial assessment, manipulators chose from the agreed manual and non-manual treatment options. They agreed to do high-velocity thrusts on most patients at least once. '</li><li><i>Non-SMT component</i>: Best care see CG1</li><li><i>Duration/dose:</i> We invited participants to attend up to eight 20-minute sessions, if necessary, over 12 weeks</li><li><i>Treatment provider</i>: chiropractors, osteopaths, and physiotherapists (N = 84)</li></ul><p><b>IG2</b><i>: </i>Best care plus NHS manipulation</p><ul><li><i>Description: </i>see IG1. Those randomised to NHS manipulation saw the same manipulators in NHS premises.</li><li><i>Non-SMT component</i>: &nbsp;Best care see CG1</li><li><i>Duration/dose:</i> &nbsp;We invited participants to attend up to eight 20-minute sessions, if necessary, over 12 weeks</li><li><i>Treatment provider</i>: chiropractors, osteopaths, and physiotherapists (N = 84)</li></ul><p><b>IG3</b><i>: </i>Best care plus private manipulation plus exercise</p><ul><li><i>Description: </i>see IG1</li><li><i>Non-SMT component</i>: Best care see CG1. Exercise see CG2. Other aspects of treatment were identical to those in the manipulation-only or exercise-only groups.<i>&nbsp;</i></li><li><i>Duration/dose:</i> &nbsp;We invited participants to attend eight sessions of manipulation over six weeks, eight sessions of exercise in the next six weeks, and a refresher class at 12 weeks</li><li><i>Treatment provider</i>: chiropractors, osteopaths, and physiotherapists ((N = 84) and for exercise program, physiotherapists with at least two years experience since qualification</li></ul><p><b>IG4</b><i>: </i><b>Best care plus NHS manipulation plus exercise</b></p><ul><li><i>Description: </i>see IG1</li><li><i>Non-SMT component</i>: Best care see CG1. Exercise see CG2.</li><li><i>Duration/dose:</i> We invited participants to attend eight sessions of manipulation over six weeks, eight sessions of exercise in the next six weeks, and a refresher class at 12 weeks. Other aspects of treatment were identical to those in the manipulation-only or exercise-only groups.<i>&nbsp;</i></li><li><i>Treatment provider</i>: chiropractors, osteopaths, and physiotherapists (N = 84), and for exercise program, physiotherapists with at least two years experience since qualification</li></ul>","<p><b>Major outcomes:</b></p>
<p><b>Pain</b>: Modified von Korff scale (composite scale of pain and disability)</p>
<p><b>Functional status:</b> Roland-Morris Disability Questionnaire and Modified von Korff scale (composite scale of pain and disability)</p>
<p><b>Recovery</b>: not reported</p>
<p><b>Minor outcomes:</b> Beliefs: Back Beliefs Questionnaire (BBQ) and FABQ, General health: SF-36 and EuroQol, specific health transition, troublesomeness, and Distress and Risk Assessment Method (DRAM) and cost-effectiveness</p>
<p><b>Adverse events:</b><i> </i>(serious adverse events - defined as an event leading to hospitalisation or death within one week of treatment): no serious adverse events were reported</p>
<p><b>Follow-up: </b>at 3 and 12 months</p>","<p><b>Authors' results and conclusions</b><i>:</i> All groups improved with time. Relative to 'best care' in general practice, manipulation followed by exercise achieved a moderate benefit at three months and a small benefit at 12 months; spinal manipulation achieved a small to moderate benefit at three months and a small benefit at 12 months; and exercise achieved a small benefit at three months, but not 12 months.</p><p><b>Funding sources: </b>Medical Research Council; National Health Service in England, Northern Ireland, Scotland and Wales.</p><p><b>Declaration of conflicts:</b> LL, JM, MU, MV, and KW have received salaries from the MRC. MU has received fees for speaking from Menarini Pharmaceuticals, the manufacturers of dexketoprofen and ketoprofen, and Pfizer, the manufacturers of celecoxib and valde coxib. The other 12 authors have nothing to declare.<br>&nbsp;&nbsp;</p><p><b>Comments reviewers:</b> &nbsp;The differences in change scores for exercise and manipulation, either in combination with one another or alone, were not clinically relevant compared to 'best care' for the principal outcome measure, functional status; however, an economic evaluation with this data set suggests (according to the authors) that spinal manipulation is a cost-effective addition to 'best care' for back pain in general practice. Manipulation alone probably gives better value for money than manipulation followed by exercise.</p>",Subacute and chronic
Ulger 2017,2017,PUB,27908436,"<p><b>Study design:</b> RCT</p>
<p><b>Recruitment period:</b> not reported</p>
<p><b>Statistical analysis:</b> Mann Whitney U test was conducted to identify the difference between groups.</p>
<p><b>Sample size calculation:</b> we required 112 patients in a balanced design, or 32 patients in each group assuming an a level of 0.05, two tailed test , and a power of 0.80.</p>","<p><b>Sample size: </b>total: 113, IG: Manual therapy 57, CG: spinal stabilization exercise 56</p><p><b>Setting:</b> Low Back and Neck Heath Unit of the Hacettepe University, Health Science Faculty, Physiotherapy and Rehabilitation Department</p><p><b>Method of recruitment:</b> those presenting for care</p><p><b>Country:</b> Turkey</p><p><b>Baseline characteristics</b></p><ul><li>Age in years, mean (SD): IG: 41.6 (12.9); CG: 43.1 (14.3)</li><li>Sex number (%) women: IG: 61; CG: 57</li></ul><p><b>Duration of LBP</b>: not stated, but inclusion criteria: 'chronic low back pain patients, ongoing pain for at least 3 months' for the population</p><p><b>Inclusion criteria</b></p><ul><li>Diagnosed with chronic low back pain</li><li>Pain severity of &gt; 3 as per VAS</li><li>Ongoing pain for at least 3 months&nbsp;</li></ul><p><b>Exclusion criteria</b></p><ul><li>Undergone spine surgery or failed back surgery</li><li>Having scoliosis</li><li>Having spinal neoplasm or metastatic disease</li><li>Having progressive neuropathy or progressive lumbosacral radiculopathy</li><li>Having rheumatoid arthritis with advanced joint involvement</li><li>Ongoing pharmaceutical medication</li><li>Having neurologic disease in addition to CLBP</li><li>Having systematic disease and bladder disinfection</li></ul>","<p><b>IG</b><i>: </i>Manual therapy</p>
<ul>
 <li><i>Description: '</i>consisted of soft tissue mobilisation, muscle-energy techniques, joint mobilisation and or manipulation.'</li>
 <li><i>Non-SMT component</i>: not reported</li>
 <li><i>Duration/dose:</i> 18 sessions three sessions a week for six weeks. 'One therapy session lasted almost sixty minutes'</li>
 <li><i>Treatment provider</i>: Physiotherapist (N=?)</li>
</ul>
<p><b>CG</b>: Spinal stabilisation&nbsp;</p>
<ul>
 <li><i>Description: </i>'The program started with basic level exercise which included diaphragm respiration and co-contraction of the transverse abdominus and core muscles.and moved on to intermediate and advanced level exercises (additional extremity movements with the contraction of transverse abdominus and multifidus muscles, trunk stabilisation and maintaining balance over a ball, maintaining balance while standing etc.'</li>
 <li><i>Duration/dose:</i> 18 sessions three sessions a week for six weeks. 'One therapy session lasted almost sixty minutes'</li>
 <li><i>Treatment provider: Physiotherapist (N=?)</i></li>
</ul>",<p><b>Major outcomes:&nbsp;</b></p><p><b>Pain</b>: VAS( 0-10)</p><p><b>Functional status:</b> Oswestry Disability Index</p><p><b>Recovery</b>: not reported</p><p><b>Minor outcomes: </b>quality-of-life (SF36 Turkish version)</p><p><b>Adverse events</b><i>: </i>not reported<br><b>Follow-up:</b> after treatment period (6 weeks)</p>,"<p><b>Authors' results and conclusions: </b><i>'</i>recommendations and exercises intended for low back health as well as spinal stabilization exercises and manual treatment methods commonly practiced have the same effect on pain, function and life quality. On the other hand, manual treatment is found to be more effective particularly in terms of pain and functionality parameters.</p><p><b>Funding sources:</b> Hacettepe University</p><p><b>Declaration of conflicts:</b><i> </i>no conflicts of interest present</p>",Chronic
Verma 2013,2013,PUB,27908438,"<p><b>Study design:</b> RCT</p><p><b>Recruitment period: </b>not reported</p><p><b>Statistical analysis:</b> 'repeated measures ANOVA was used to compare within group values and the unpaired t test was used for between group comparisons.'</p><p><b>Sample size calculation:</b> not conducted and therefore, not possible to determine if recruitment was successful ('Power analysis for the estimation of adequate sample size was not done').</p>","<p><b>Sample size: </b>total: 30, IG: SMT + Short wave diathermy + exercise 15, CG: Short wave diathermy + exercise 15</p>
<p><b>Setting:</b> Maharishi Markandeshwar Institute of Medical Sciences and Research, Mullana, Ambala</p>
<p><b>Method of recruitment:</b> not explicitly stated, but presumably those presenting for care.</p>
<p><b>Country:</b> India</p>
<p><b>Baseline characteristics</b></p>
<ul>
 <li>Age in years, mean (SD): &nbsp;IG: 34 (5.4); CG: 34 (6.4)</li>
 <li>Sex number (%) women: IG: 47%; CG: 40% (comment reviewers: not stated in article but received from the author)</li>
</ul>
<p><b>Duration of LBP</b>: not stated, but the patient had to have back pain of &gt; 3 months duration</p>
<p><b>Inclusion criteria</b></p>
<ul>
 <li>Age between 20 to 50 years</li>
 <li>Both males and females are included</li>
 <li>Pain scores &lt;” 4 (VAS)</li>
 <li>Body mass index (BMI) &gt; 24kg/m2</li>
 <li>Back pain of &gt; 3 months (chronic) duration</li>
</ul>
<p><b>Exclusion criteria</b></p>
<ul>
 <li>Spinal surgery</li>
 <li>Osteoporosis</li>
 <li>Neurologic deficits</li>
 <li>Pregnancy</li>
 <li>Fracture of spine</li>
 <li>Malignancy</li>
 <li>Spinal instabilities</li>
 <li>Prolapsed intervertebral disc (extrusion)</li>
 <li>Structural, inflammatory disease of spine and thorax like scoliosis, kyphosis, pectus excavatum, pectus carinatum, ankylosing spondylitis</li>
</ul>","<p><b>IG</b>: SMT + Short wave diathermy<i> + </i>exercise</p><ul><li><i>Description: '</i>includes the same treatment as group 1 with the addition of joint mobilisation. 'Mobilisation was done with patients in prone position. The direction of applied force was downwards and oscillations for 30 seconds were given for each lumbar vertebrae mobilisation.'&nbsp;</li><li><i>Non-SMT component</i>: Short wave diathermy and advice see CG</li><li><i>Duration/dose:</i> 2 times per week for 4 weeks</li><li><i>Treatment provider: </i>Physiotherapist (n=?)</li></ul><p><b>CG</b><i>: </i>Short wave diathermy + exercise</p><ul><li><i>Description: '</i>Short wave diathermy<i> </i>for 15 minutes by condenser method, at 27.12MHz, in supine position. Lumbar extension exercises which included alternate knee to chest, pelvic bridging, pelvic rolling, alternate arm leg extension in quadruped.Back care instructions in activities of daily living were given which includes sitting posture, standing posture, alternating body position, recognizing limitations of back, slowing down and taking the objects easily, using correct lifting technique adjusting height of table/desk, getting in/out of bed, choosing good chair.'</li><li><i>Duration/dose:</i> &nbsp;5 times a week for 4 weeks and 3 sets of 15 repetitions of each exercise&nbsp;</li><li><i>Treatment provider</i>: Physiotherapist (n=?)</li></ul>","<p><b>Major outcomes:</b></p>
<p><b>Pain</b>: VAS (0-100)</p>
<p><b>Functional status: </b>not reported</p>
<p><b>Recovery</b>: not reported</p>
<p><b>Minor outcomes</b>: objective measures: Modified Schober test and Muscle strength using back leg chest Dynamometer.</p>
<p><b>Adverse events</b><i>: </i>not reported</p>
<p><b>Follow-up</b><i>:</i> at 2 and 4 weeks&nbsp;</p>","<p><b>Authors' results and conclusion:</b> '....the present study provides an evidence to support the use of lumbar mobilisationalong with the exercises for the management of patients with chronic mechanical low back pain, who responded favourably to the intervention. Clinically and statistically relevant improvements were observed which was significant at both 2 weeks and 4 weeks'.</p><p><b>Funding source: </b>not reported</p><p><b>Declarations of interest:</b><i> </i>not reported</p>",Chronic
Vismara 2012,2012,PUB,27908440,"<p><b>Study design:</b> RCT</p>
<p><b>Recruitment period:</b> &nbsp;from January to June 2011; comment: this was not reported in the publication, but sent to the reviewers in a personal communication.</p>
<p><b>Statistical analysis:</b> non-parametric test for differences (Wilcoxon paired test); extracted data are raw/uncorrected data.</p>
<p><b>Sample size calculation:</b> not reported</p>","<p><b>Sample size: </b>total: 21, IG:&nbsp;<i> </i>osteopathic manipulative treatment and specific exercise 10, CG: &nbsp;specific exercise 11</p><p><b>Setting:</b> orthopaedic rehabilitation unit and clinical lab for gait analysis and posture.</p><p><b>Method of recruitment: </b>those presenting for care</p><p><b>Country:</b> Italy</p><p><b>Baseline characteristics</b></p><ul><li>Age in years, mean (SD): IG: 42.6 (12.0); CG: 44.7 (8.4)</li><li>Sex number (%) women: overall - 100%</li></ul><p><b>Duration of LBP</b>: not stated, but inclusion criteria &gt; 6 months for the population</p><p><b>Inclusion criteria</b></p><ul><li>Obese females (BMI &gt; 30 kg/m2) complaining of cLBP with symptoms lasting for more than six months</li><li>The absence of medical treatment</li></ul><p><b>Exclusion criteria</b></p><ul><li>Secondary LBP</li><li>Osteoporosis</li><li>Osteoarthritis&nbsp;</li><li>Neurological conditions precluding physical exercise</li><li>Cardiovascular'(diagnosed after treadmill stress tests)</li><li>Respiratory conditions&nbsp;</li><li>Psychiatric disorders</li></ul>","<p><b>IG:</b><i> </i>Osteopathic manipulative treatment and specific exercise</p><ul><li data-list-item-id=""e072ac64c3c22ee79301311e62f36f395""><i>Description: '</i>in addition to specific exercises, patients underwent an additional 45-min individual session provided by an experienced skilled osteopath. The techniques used were high-velocity, low-amplitude thrust in thoracic spine, cranial techniques and myofascial release. The application of such techniques was based on the methodological and conceptual theory of osteopathic dysfunction, i.e., “damaged or altered function of the somatic components: skeletal structure, joint, myofascial in relation to the vascular system, lymphatic and nervous.'</li><li data-list-item-id=""eec4024f481c13c4fd95c5407ca816536""><i>Non-SMT component</i>: 'the protocol consisted of a combined back school (Heymans et al., 2004) and cognitive behavioural approach (Henschke et al., 2010) aimed at reinforcing and stretching the abdominal and back muscles, mobilising the spine, and providing the patients with correct ergonomic knowledge for the safe use of the spine. All patients underwent ten 45-min sessions, which included: 1) An introductory talk intended to educate the patient about the changes in spinal physiology, pain and posture as related to obesity and other risk factors. The patients received practical information about the duration and aims of their rehabilitative programs. 2) Active exercises, with four levels of consideration: 1st level: Active exercises in supine posture, specific breathing techniques for warm-up and muscle relaxation. 2nd level: Exercises in supine posture, focusing on posture, proprioception and motor control. 3rd level: Exercises in the supine, prone, sitting and standing positions to increase the mobility of the pelvis and spine. 4th level: Progressive trunk extensor muscle strengthening, stretching and spinal mobilisation. 3) Education: Three meetings were held to teach patients the ergonomics of movement during the activities of daily living in order to enhance effectiveness of the rehabilitative program and prevent future relapses of LBP.'</li><li data-list-item-id=""e1fb4240ceb86449fbca46ae56d99b32d""><i>Duration/dose:</i> one 45 min. session; Exercise: ten 45 min. sessions</li><li data-list-item-id=""ec6d2ae399fd87eb453b1b3796e48ba55""><i>Treatment provider</i>: 1 osteopath</li></ul><p><b>CG</b>: Specific Exercise</p><ul><li data-list-item-id=""e625cb9c51739ce8083607d8e30213a9f""><i>Description: '</i>the protocol consisted of a combined back school (Heymans et al., 2004) and cognitive behavioural approach (Henschke et al., 2010) aimed at reinforcing and stretching the abdominal and back muscles, mobilising the spine, and providing the patients with correct ergonomic knowledge for the safe use of the spine. All patients underwent ten 45-min sessions, which included: 1) An introductory talk intended to educate the patient about the changes in spinal physiology, pain and posture as related to obesity and other risk factors. The patients received practical information about the duration and aims of their rehabilitative programs. 2) Active exercises, with four levels of consideration: 1st level: Active exercises in supine posture, specific breathing techniques for warm-up and muscle relaxation. 2nd level: Exercises in supine posture, focusing on posture, proprioception and motor control. 3rd level: Exercises in the supine, prone, sitting and standing positions to increase the mobility of the pelvis and spine. 4th level: Progressive trunk extensor muscle strengthening, stretching and spinal mobilisation. 3) Education: Three meetings were held to teach patients the ergonomics of movement during the activities of daily living in order to enhance effectiveness of the rehabilitative program and prevent future relapses of LBP.'</li><li data-list-item-id=""e839ec34e4b0309dce3dd148370bb7b3c""><i>Duration/dose:</i> ten 45 min. sessions</li><li data-list-item-id=""edb72d678b896731c31bf75a3020bf0fe""><i>Treatment provider:</i> 1 osteopath?</li></ul>","<p><b>Major outcomes:</b></p>
<p><b>Pain:</b> VAS<b> </b>(0-100)</p>
<p><b>Functional status: </b>Roland Morris Disability Questionnaire and Oswestry Disability Index</p>
<p><b>Recovery</b>: not reported</p>
<p><b>Minor outcomes:</b><i> </i>related to kinematics: flexion angles.</p>
<p><b>Adverse events:</b><i> </i>not reported<br><b>Follow-up</b><i>:</i> after 10 sessions (according to the authors via personal communication: Between the first and second evaluation was 18-20 days</p>","<p><b>Authors' results and conclusions:</b> 'Combined rehabilitation treatment including Osteopathic Manipulative Treatment (OMT and SE) showed to be effective in improving biomechanical parameters of the thoracic spine in obese patients with cLBP. Such results are to be attributed to OMT, since they were not evident in the SE group.We also observed a reduction of disability and pain. The clinical results should be considered preliminary due to the small sample size.'</p><p><b>Funding source: </b>not reported</p><p><b>Declarations of interest: </b>not reported&nbsp;</p>",Chronic
Waagen 1986,1986,PUB,3268982,"<p><b>Study design</b>: RCT</p>
<p><b>Recruitment period:</b> two month period.</p>
<p><b>Statistical analysis: </b>a t-test used was to determine the principal effects of treatment between the groups.</p>
<p><b>Sample size calculation:</b> not reported</p>","<p><b>Sample size: </b>total: 29, IG: SMT 11, CG: sham SMT 18</p>
<p><b>Setting:</b> chiropractic college clinic</p>
<p><b>Method of recruitment:</b> not explicitly stated, but presumably those presenting for care</p>
<p><b>Country:</b> USA</p>
<p><b>Baseline characteristics</b></p>
<ul>
 <li>Age in years, mean: CG: 25.2; CG: 24.3</li>
 <li>Sex number (%) women: IG: 46%; CG: 61%&nbsp;</li>
</ul>
<p><b>Duration of &nbsp;LBP</b>: overall: 2.5 to 2.8 years</p>
<p><b>Inclusion criteria</b></p>
<ul>
 <li>18 to 65 years of age</li>
 <li>Chief complaint of LBP</li>
 <li>Patient was naive to chiropractic treatment (note: presumably refers to a new patient who had never undergone chiropractic care)</li>
</ul>
<p><b>Exclusion criteria</b></p>
<ul>
 <li>Pregnancy</li>
 <li>Malingering</li>
 <li>Patient who is not ambulatory or receiving Worker's Compensation for a back problem</li>
 <li>Obesity&nbsp;</li>
 <li>Radiographic evidence of osseous fractures, osteoporosis, or spondylolisthesis</li>
 <li>LBP due to visceral (e.g. kidney, liver, urinary bladder) disorder</li>
 <li>Disc herniation</li>
 <li>Severe concurrent infectious&nbsp;</li>
 <li>Other systemic disease process</li>
 <li>Neurologic deficits indicated by leg pain, numbness or weakness.</li>
</ul>","<p><b>IG</b><i>: &nbsp;</i>Manipulation</p><ul><li data-list-item-id=""e0fbec8164c8be0925093a0735c9db871""><i>Description: </i>treated exclusively with spinal adjustive therapy; &nbsp;'therapy consisted of full-spine adjustments in order to correct all chiropractic lesions (i.e. subluxations); the location of the adjustments were determined by palpation, inspection and consultation with the patient.</li><li data-list-item-id=""e25ce3677b9f4c06f5e2c842170a191da""><i>Non-SMT component</i>: no adjunctive or concurrent therapy, either chiropractic or medical, was given during the trial period</li><li data-list-item-id=""e364fb604374cac2fd3cb8a65c32f40a7""><i>Duration/dose:</i> All patients were treated 2 to 3 times weekly for 2 weeks (total 4 to 6 tx's).</li><li data-list-item-id=""e6fe3c1d366fb45e60fb2e89c020f2344""><i>Treatment provider</i>: experienced chiropractors from the college faculty</li></ul><p><b>CG</b>: Sham manipulation</p><ul><li data-list-item-id=""e176428c53c255874a6cc7f2f09c0d442""><i>Description: '</i>consisted of an adjustment using minimal force for a generalized manipulation; the lumbar drop-piece on a standard chiropractic adjusting table was set to minimal tension; an adjustment was simulated by applying gentle pressure over both posterior superior iliac spines such that the lumbar section fell; soft-tissue massage was also provided.'</li><li data-list-item-id=""e8c9144c3832eed165138515fa4b1bf4a""><i>Duration/dose:</i> &nbsp;All patients were treated 2 to 3 times weekly for 2 weeks (total 4 to 6 tx's) by experienced chiropractors from the college faculty.</li><li data-list-item-id=""e7a34f77d10c7290c8a8307cdd910476a""><i>Treatment provider: </i>experienced chiropractors from the college faculty.</li></ul>","<p><b>Major outcomes:</b></p>
<p><b>Pain</b>: VAS(0-10)</p>
<p>&nbsp;<b>Functional status:</b> not reported</p>
<p><b>&nbsp;Recovery: </b>not reported</p>
<p><b>Minor outcomes:</b> spinal mobility (consisting of active and passive SLR to both sides, lumbar flexion, extension and lateral bending - in total 8 measures and a 'global index' is presented which gives an overall change for these measures)</p>
<p><b>Adverse events: </b>not reported.</p>
<p><b>Follow-up:</b> at 2 weeks</p>","<p><b>Authors' results and conclusions: </b>'Experimental patients had significantly more relief from pain as well as global change in spinal mobility than the controls. Given the small sample size, the results reported must be considered preliminary.'</p><p><b>Funding source:</b> Palmer College of Chiropractic</p><p><b>Declarations of interest: </b>not reported</p>",Subacute and chronic
Walker 2013,2013,MIX,27908443,"<p><b>Study design:</b> RCT</p><p><b>Recruitment period: </b>from August to October 2012.</p><p><b>Statistical analysis: </b>'treatment effects were estimated using separate, random-intercept linear mixed models for the outcomes of pain intensity and physical function. The proportions of participants reporting global improvement, achieving a minimal acceptable outcome (MAO) and experiencing treatment satisfaction were compared using logistic regression.'</p><p><b>Sample size calculation:</b> recruitment was successful ('180 participants to achieve 80% power').</p>","<p><b>Sample size: </b>total: 183, IG: Usual chiropractic care group 92, CG: Sham group 91</p><p><b>Setting:</b> 12 Western Australian metropolitan chiropractic clinics</p><p><b>Method of recruitment:</b> newspaper advertisements</p><p><b>Country: </b>Australia</p><p><b>Baseline characteristics</b></p><ul><li>Age in years, mean (SD): IG: 53.0 (14.3) ; CG: 56.9 (14.6)</li><li>Sex number (%) women: ; IG: 30.8%; CG &nbsp;42.2%</li></ul><p><b>Duration of &nbsp;LBP:</b> 'At baseline, the overwhelming majority of patients (98%) had experienced spinal pain for more than 3 months. Three-quarters (75%) had experienced spinal pain for more than 5 years...'</p><p><b>Inclusion criteria</b></p><ul><li>18 years or older</li><li>English literate</li><li>Had current spinal pain (neck, mid back, or low back pain) of at least 1-week duration</li><li>Scored at least 3 out of a maximum 10 on the Numerical Rating Scale for pain, and 12 out of a maximum 40 on the Functional Rating Index</li></ul><p><b>Exclusion criteria</b></p><ul><li>They thought they would be unable to tolerate any intervention potentially provided in usual chiropractic care including: manipulative therapy, mobilisation, traction, massage, ultrasound, and physical modalities</li><li>Had spinal pain related to cancer or infection</li><li>Spinal fracture</li><li>Spondyloarthropathy</li><li>Known osteoporosis</li><li>Progressive upper or lower limb weakness</li><li>Symptoms of cauda equina syndrome or other significant neurological condition</li><li>Recent disc herniation</li><li>Known severe cardiovascular disease, uncontrolled hypertension, cognitive impairment, blood coagulation disorder</li><li>Previous spinal surgery in the past year</li><li>Previous history of stroke or transient ischemic attacks</li><li>Pacemaker or other electrical device implanted</li><li>Substance abuse issues&nbsp;</li><li>Pregnancy</li><li>A current compensation claim</li></ul>","<p><b>IG</b><i>: </i>Usual Chiropractic Care</p><ul><li data-list-item-id=""e9242f1fcfad3ab20bae337842aac7869""><i>Description: '</i>Eight chiropractors in this group administered individualized chiropractic care in line with their usual treatment approach. All chiropractors were asked to adhere to Australian evidence-based guidelines for acute musculoskeletal pain regarding the use of imaging.'</li><li data-list-item-id=""e28fb38035cfba532a0c055873b87cb52""><i>Non-SMT component</i>: not reported</li><li data-list-item-id=""e90d14db3a92c6cdf6f6e6710e44a7e8d""><i>Duration/dose:</i>&nbsp;<i> </i>2 treatments were provided with approximately 1-week between treatments.</li><li data-list-item-id=""e205427173dc07e8ae3fff0ef7b80b846""><i>Treatment provider:</i> Eight chiropractors&nbsp;</li></ul><p><b>CG</b><i>: &nbsp;</i>Sham&nbsp;</p><ul><li data-list-item-id=""edfc8f80255d5fa9c99eca3a73bfa79b0""><i>Description: &nbsp;'</i>Four chiropractors in this group delivered the following procedures at each visit (1) detuned ultrasound; (2) an Activator instrument (Activator Methods International, Ltd., Phoenix, AZ), a hand held device that delivers a low impulse thrust, but was delivered at its lowest output and randomly administered on or around the spine through a tongue depressor to disperse any remaining force; and (3) a randomly placed hand on the spine while the detuned ultrasound head was placed on the participant’s back/neck to give a “hands on” experience. As part of their training, the 4 chiropractors were instructed to show equal enthusiasm for the sham therapy as they would for usual care.'</li><li data-list-item-id=""effceee4ea537d537710e7ccf02535bf2""><i>Duration/dose:</i> 2 treatments were provided with approximately 1-week between treatments.</li><li data-list-item-id=""ee39183060ca3a8cab23d3f52eda64d27""><i>Treatment provider</i>: four chiropractors</li></ul>","<p><b>Major outcomes:</b></p>
<p><b>Pain</b>: NRS (0-10) &nbsp;averaging current, best, and worst pain intensity in the preceding 48 hours</p>
<p><b>Functional status: </b>Functional rating index</p>
<p><b>Recovery</b>: not reported</p>
<p><b>Minor outcomes: </b>treatment satisfaction (5 response options ranging from very dissatisfied to very satisfied); Global perceived change (ranging from −5 to 5); minimal acceptable outcome .</p>
<p>Participants’ ability to determine which group they had been allocated to was assessed by the Bang Blinding Index.</p>
<p><b>Adverse reactions: </b><i>'</i>There were no serious adverse events. Common adverse events were increased pain (sham group, 29%; usual care group, 36%), muscle stiffness (sham group, 29%; usual care group, 37%), and headache (sham group, 17%; usual care group, 9%).'</p>
<p><b>Follow-up<i>: </i></b>at<b><i> </i></b>2-weeks</p>","<p><b>Authors' results and conclusion: </b>'Short-term chiropractic treatment was superior to sham; however, treatment effects were not clinically important. Awareness of treatment assignment and clinically important reductions in pain were associated with chiropractic treatment satisfaction. Comment: 'Offering only 2 treatments may not reflect typical chiropractic practice and recommendations from clinical guidelines.'<br><b>Funding sources: </b>Chiropractors Registration Board of Victoria</p><p><b>Declarations of interest: </b>The authors report the following relevant financial activities outside the submitted work: board membership, grants, consultancy, payment for development of educational presentations; principal authors are all chiropractors.</p>",Subacute and chronic
Wang 2019,2019,PUB,27908446,"<p><b>Study design:</b> RCT</p><p><b>Recruitment period:</b> from March 2014 to October 2014.</p><p><b>Statistical analysis:</b> 'the t-test was performed for obeyed normal distribution, and the rank-sum test was used for non-normal distribution. The correlation test adopted a bivariate correlation analysis. If two variables had measurement data and conformed to the normal distribution, Pearson’s rank correlation coefficient was used for the description. Measurement data and ranked data that could not conform to the normal distribution were described using Spearman’s and Kendall’s rank correlation coefficient.'</p><p>S<b>ample size calculation:</b> not reported</p>","<p><b>Sample size: </b>total: 60, IG: SMT plus sling-exercise-therapy 30, CG: sling-exercise-therapy 30</p>
<p><b>Setting:</b> not reported</p>
<p><b>Method of recruitment</b>: not reported</p>
<p><b>Country:</b> China.</p>
<p><b>Baseline characteristics</b></p>
<ul>
 <li>Age in years, mean (SD): IG: 30.45 (5.55); CG: 32.01 (4.59)</li>
 <li>Sex number (%) women: IG: 37%; CG: 33%</li>
</ul>
<p><b>Duration of LBP</b>: not reported, but &gt; 12 weeks for the population</p>
<p><b>Inclusion criteria</b></p>
<ul>
 <li>Main symptoms include pain and discomfort that continuously persists for ≥3 months in the low back, lumbosacral portion and hip</li>
 <li>No pain or numbness discomfort was observed in the lateral or bilateral lower extremities (below the knee joints), and no intermittent claudication was observed</li>
 <li>Physical examination indicates that sensorimotor function in both lower extremities was normal, and the straight-leg-raising test was negative</li>
 <li>X-ray examination of the lumbar vertebrae indicated that the sequence of the vertebral body was normal. No significant abnormalities were observed in the lumbar spinal vertebrae and sclerotin of the annexes. No significant abnormalities were identified in the shape and width of all intervertebral spaces. No remarkable abnormalities were found in the size and shape of each intervertebral foramen. Spinal fracture, deformation, osteoporosis, as well as spondylolysis, were excluded</li>
 <li>Computed tomography (CT) did not indicate any significant abnormality in the intervertebral discs, and no obvious oppression was found in the nerve roots</li>
 <li>Magnetic resonance imaging (MRI) did not reveal any significant abnormality in the paravertebral soft tissues, no stenosis was found in the spinal canal, and no abnormalities were identified in signals of the spinal canal and bone marrow</li>
 <li>Patients aged 18-65 years old patients received other manipulation or rehabilitation therapies, and they would go through a washout period of &gt;5 days.</li>
</ul>
<p><b>Exclusion criteria:</b></p>
<ul>
 <li>Imaging examination indicating significant abnormalities, including compression fracture of the lumbar vertebra, lumbar disc herniation, lumbar spinal stenosis, lumbar spondylolisthesis, spinal tumour, infection, and tuberculosis</li>
 <li>Patients suspected of spinal injuries in addition to spinal cord injury; patients with severe cardiac, pulmonary, cerebral, and blood system diseases, as well as diabetes mellitus, ankylosing spondylitis, rheumatoid arthritis, and severe osteoporosis</li>
 <li>Patients with severe skin injuries or skin disease in the treatment areas</li>
 <li>Patients who received lumbar surgery and patients with lumbar deformation.</li>
</ul>","<p><b>IG</b>: SMT plus sling-exercise-therapy&nbsp;</p><ul><li><i>Description</i>: &nbsp;'Pulling technique: In the lateral position, the patient bends the hip and knees of the lower limb upwards, and naturally extends the lower limb downwards. The physician stands by the bedside to support the patient’s front shoulder with one elbow or hand and support the hip with the other elbow or hand. Either elbows or hands were used to apply force in opposite directions to turn around the waist until obvious resistance was identified. With a stable touch, a sudden and large-scale pulling motion was applied, and “Kata” sounds were heard. After successfully performing this technique, the same method was conducted for the opposite side. '</li><li><i>Non-SMT component</i>: Sling-exercise-therapy (see below). Relaxation manipulation: Massage, roll or push pain points in the lumbar and surrounding regions for 5-15 minutes to fully relax the spastic muscles.</li><li><i>Duration/dose: &nbsp;</i>Lumbar oblique-pulling manipulation was performed every week for 20 minutes.<i> </i>4 sessions over 4 weeks</li><li><i>Treatment provider: </i>physician</li></ul><p><b>CG</b>: sling-exercise-therapy&nbsp;</p><ul><li><i>Description</i>: 'Bilateral training in the spinal position: Inelastic slings were used to hang both legs, and elastic slings were added at the waist and pelvis for assistance when appropriate. Patients were advised to tighten the abdomen and contract the anus, elevate the pelvis and maintain the posture, or repeat the actions. (2) Unilateral intensive training in the spinal position: Elastic and inelastic slings were used to hang both lower limbs, respectively, and elastic slings were added at the waist and pelvis for assistance when appropriate. Patients were advised to make the above actions. (3) Training in the spinal position: Inelastic slings were used to hang both legs, and elastic slings were added at the waist and pelvis for assistance when appropriate. With the upper arms propped up on the bed, and patients were advised to tighten the abdomen and contract the anus, elevate the pelvis and trunk and maintain the posture, or make curling-up actions.'</li><li><i>Duration/dose: &nbsp;</i>Sling-exercise-therapy training was carried out every other day for 20 minutes, three times a week</li><li><i>Treatment provider: </i>physician</li></ul>","<p><b>Major outcomes:</b></p>
<p><b>Pain:</b> VAS (0-10)&nbsp;</p>
<p><b>Functional status:</b> Oswestry Disability Index</p>
<p><b>Recovery</b>: not reported</p>
<p><b>Minor outcomes: </b>maximum muscle strength value of the low back muscle</p>
<p><b>Adverse events:</b><i> </i>not reported</p>
<p><b>Follow up<i>:</i></b> at 2, 3, and 4 weeks</p>","<p><b>Authors' results and conclusion:</b> 'Through the comparison of ODI efficacy, VAS scores, and maximum bucking strength between the two groups, lumbar oblique-pulling manipulation, in combination with SET, is significantly superior to SET alone.'</p><p><b>Funding source: </b>National Science Foundation of China (No.81674005, No.81804120). Key project at central government level: The ability establishment of sustainable use for valuable Chinese medicine resources(2060302); The Fundamental Research Funds for the Central public welfare research institutes (ZZ10-015); Construction of Rehabilitation Evaluation System of Traditional Chinese Medicine (4) --Standardized Training of Clinical Rehabilitation for Knee Osteoarthritis, Consciousness Disorder after Craniocerebral Injury and Limb Spasm after Stroke (NO:GZT-KJS-2017-10); International Cooperation Base Project of Rehabilitation Medicine of Traditional Chinese Medicine (No.GZYYGJ2018032). The application of traditional Chinese medicine technology in sports of the State General Administration of Physical Education (No: HXKT2017001); Standardized construction project of rehabilitation service ability and technical platform of TCM Department of orthopedics in Beijing(No.110019); Scientific Research Project of Wangjing Hospital, Chinese Academy of Traditional Chinese Medicine(No.WJYY2018-07).</p><p><b>Declarations of interest: </b>not reported</p>",Chronic
Wilkey 2008,2008,MIX,3268984,"<p><b>Study design: </b>RCT</p><p><b>Recruitment period:</b> not reported</p><p><b>Statistical analysis:</b> 'The mean differences between week 0 and week 8 in both perceived pain and disability were compared across the two treatment groups using Student’s t-tests.'</p><p><b>Sample size calculation: </b>not reported and therefore, not possible to determine if recruitment was successful ('The sample size was based on previous studies and was appropriate to the level of analysis performed, based on an level of 0.05.')</p>","<p><b>Sample size: </b>total: 30, SMT 18, hospital pain 12</p><p><b>Setting:</b> National Health Services hospital outpatient clinic or chiropractic clinic</p><p><b>Method of recruitment:</b> those presenting to the clinics for care</p><p><b>Country:</b> UK</p><p><b>Baseline characteristics</b></p><ul><li>Age in years, mean (range): IG: 48.5 (31 to 61); CG: 39.8 (26 to 64)</li><li>Sex number (%) women: &nbsp;IG: 50%; CG: 64%</li></ul><p><b>Duration of LBP: </b>in<b> </b>years, mean (range): IG: 7.3 (0.5 to 20): CG: 4.0 (0.5 to 10)</p><p><b>Inclusion criteria</b></p><ul><li>LBP &gt; 12 weeks with or without radiation into the legs</li><li>18 to 65 years</li></ul><p><b>Exclusion criteria</b></p><ul><li>Neurologic disease</li><li>Neurological deficit due to prolapsed HNP</li><li>Spinal stenosis</li><li>Acute fracture</li><li>History of spinal surgery</li><li>History of carcinoma</li><li>Gross anatomical abnormality</li><li>High comorbidity due to other diseases.</li></ul>","<p><b>IG</b><i>: c</i>hiropractic treatment</p><ul><li><i>Description: '</i>All techniques that were employed are recognized within the chiropractic profession as methods used for the treatment of LBP, e.g. side-posture diversified manipulation to the lumbar spine and pelvis; flexion-distraction; trigger point therapy using a large variety of techniques; soft-tissue massage; home exercises were prescribed and advice was given regarding posture and activities of daily living.'</li><li><i>Non-SMT component</i>: 'Trigger points were treated using stretching techniques, ischemic compression, dry needling, and Post-isometric Relaxation stretching. Soft tissue massage and other resistance stretching techniques were also utilized to help reduce chronic muscle shortening. Home exercises were prescribed, and advice regarding posture and activities of daily living were given where appropriate.'</li><li><i>Duration/dose:</i> 8 weeks with a maximum of 16 treatment sessions.&nbsp;</li><li><i>Treatment provider: </i>chiropractors</li></ul><p><b>CG</b><i>: </i>Hospital pain clinic</p><ul><li><i>Description: </i>consisted of standard pharmaceutical therapy (NSAIDs, analgesics, gabapentin), facet joint and soft-tissue injections, and/or TENS. These modalities could be used in isolation or in combination with any of the other modalities.</li><li><i>Duration/dose:</i> normal treatment protocols established within the pain clinic at the discretion of the treating consultant</li><li><i>Treatment provider: </i>pain clinic consultant</li></ul>","<p><b>Major outcomes:</b></p>
<p><b>Pain</b>: NRS (0-10)</p>
<p><b>Functional status:</b> Roland Morris Disability Questionnaire</p>
<p><b>Recovery:</b> not reported</p>
<p><b>Minor outcomes:</b> not reported</p>
<p><b>Adverse events: </b>not reported</p>
<p><b>Follow-up: </b>at<b> </b>2, 4, 6 and 8 weeks</p>","<p><b>Authors' results and conclusions</b>: 'At 8 weeks, the mean improvement in RMDQ was 5.5 points greater for the chiropractic group (decrease in disability by 5.9) than for the pain-clinic group (0.36). Reduction in mean pain intensity at week 8 was 1.8 points greater for the chiropractic group than for the pain-clinic group. This study suggests that chiropractic management administered in an NHS setting may be effective for reducing levels of disability and perceived pain during the period of treatment for a subpopulation with chronic LBP.'</p><p><b>Funding source: </b>National Health Services</p><p><b>Declarations of interest:</b><i> </i>not reported</p><p><b>Comment reviewers:</b><i> </i>A pragmatic study (i.e. examined 'chiropractic management' rather than SMT alone); data is poorly reported - the figures do not present any measure of variation. Data was requested from the authors for pain and functional status and was received.</p>",Chronic
Xia 2016,2015,PUB,27908448,"<p><b>Study design:</b> RCT</p><p><b>Recruitment period:</b> from July 2004 to April 2006</p><p><b>Statistical analysis: </b>'an analysis of covariance model was performed for each outcome variable at week 3 with terms in the model for the variables in the minimization algorithm, the respective outcome variable at baseline and treatment group.'</p><p><b>Sample size calculation:</b> unclear if treatment was successful because it is unclear if the sample size calculation was determined following inclusion of all the subjects ('A sample size of 72 in each of the SM groups, assuming a standard deviation of 4.0, provided 81% power to detect a difference of 2.2 points between the thrust and nonthrust SM groups for the RMDQ. The 3:3:2 allocation ratio resulted in a sample size of 48 in the wait list control group; this provided 71% power to detect differences of 2.2 between this group and each of the SM groups.').</p>","<p><b>Sample size: </b>total: 192, IG1: Thrust SMT 72, IG2: Non-Thrust SMT 72, &nbsp;CG: 48</p>
<p><b>Setting:</b> chiropractic research clinic</p>
<p><b>Method of recruitment: </b>newspaper, radio, television, community magazines, flyers, direct mail postcards, health fairs, community-based focus groups, and word of mouth were sources of advertising and promotion.</p>
<p><b>Country:</b> USA</p>
<p><b>Baseline characteristics</b></p>
<ul>
 <li>Age in years, mean (SD): IG1: 40.5 (10.0); IG2 39.3 (8.8); CG: &nbsp;40.3 (9.5)</li>
 <li>Sex number (%) women: IG1: 53%; IG2: 54%; CG: 54%</li>
</ul>
<p><b>Duration of LBP: </b>&gt;3 months: IG1: 90%; IG2: 99%; CG: 94%</p>
<p><b>Inclusion criteria</b></p>
<ul>
 <li>21 to 54 years old,</li>
 <li>Presented with LBP of at least 4 weeks duration</li>
 <li>Scored 6 or above on the Roland-Morris Disability Questionnaire</li>
 <li>Had musculoskeletal LBP without radiation, or with radiation to either the proximal or distal extremity</li>
</ul>
<p><b>Exclusion criteria</b></p>
<ul>
 <li>Had LBP associated with confirmed nerve root compression, neurological signs, lumbar spine stenosis</li>
 <li>History of back surgery</li>
 <li>Chronic pain syndrome</li>
 <li>LBP from fracture, infection, or visceral disease</li>
 <li>had comorbid conditions that could complicate the prognosis of LBP, including pregnancy, or clear evidence of narcotic or other drug abuse</li>
 <li>Had major clinical depression defined as scores greater than 29 on the Beck Depression Inventory—Second Edition</li>
 <li>Had pathology that contraindicated SM of the lumbar spine and pelvis such as cauda equina syndrome</li>
 <li>&nbsp;Had inflammatory arthropathies involving the spine, bleeding disorders, and significant osteoporosis</li>
 <li>Were involved with current or pending litigation related to this LBP episode&nbsp;</li>
 <li>Were receiving disability for any health-related condition</li>
 <li>Had received SM for any reason within the past month</li>
 <li>Were unwilling to postpone the use of manual therapies for LBP for the duration of the study period</li>
 <li>Were unable to read or verbally comprehend English.</li>
</ul>","<p><b>IG1</b><i>: </i>Thrust SMT&nbsp;</p><ul><li><i>Description: '</i>performed with the participant in a side-lying position with the superior or free hip and knee flexed and adducted across the midline. The thrust was delivered toward the target joint complex by a quick, short, controlled movement of the hand, often combined with a slight body drop (to generate the necessary force). Typically, this maneuver results in local joint gapping, or cavitation.'</li><li><i>Non-SMT component</i>: Not reported</li><li><i>Duration/dose:</i> 2 treatments a week for 2 weeks.</li><li><i>Treatment provider: </i>chiropractors</li></ul><p><b>IG2</b>: Non-thrust SMT</p><ul><li><i>Description:' </i>‘‘flexion-distraction’’ or Cox technique. Participants receiving nonthrust SM were positioned prone on a treatment table designed to allow free and controlled motion of the lower extremities by the clinician. Movement of the distal section of the table was controlled manually by the clinician. During treatment, a specific vertebra was manually stabilized (held) by the clinician who applied anterior and cephalad pressure to the spinous process. The distal table section was capable of maneuvering the lower extremities in flexion, lateral flexion, and circumduction motion while maintaining a traction force on the lumbar spine. A single nonthrust SM session typically included the application of up to 15 slowly applied traction cycles, each lasting approximately 1 to 3 seconds.'</li><li><i>Non-SMT component</i>: Not reported</li><li><i>Duration/dose:</i> 2 treatments a week for 2 weeks.</li><li><i>Treatment provider: </i>chiropractors</li></ul><p>&nbsp;<b>CG: </b>control</p><ul><li><i>Description: </i>Participants assigned to the wait list control group were assessed at baseline and the 2-week follow-up period but did not receive SMT.</li><li><i>Duration/dose:</i> NA</li><li><i>Treatment provider: </i>NA</li></ul>","<p><b>Major outcomes:&nbsp;</b></p>
<p><b>Pain: </b>VAS (0-100)</p>
<p><b>Functional status:</b> Roland Morris Disability Questionnaire</p>
<p><b>Recovery</b>: not reported</p>
<p><b>Minor outcomes:</b> Sub-scale of the FABQ; SF-36 &nbsp;physical function sub-scale</p>
<p><b>Adverse events</b><i>: </i>'There were no serious adverse events reported.'</p>
<p><b>Follow-up:</b> at 3 weeks</p>","<p><b>Authors' results and conclusions</b><i>: </i>'Thrust and nonthrust SM procedures with distinctly different joint loading characteristics demonstrated similar effects in short-term LBP improvement and both were superior to a wait list control.'</p><p><b>Funding source:</b> National Center for Research Resources, National Institutes of Health.</p><p><b>Declarations of interest: </b>the authors report the following financial activities outside the submitted work: board membership, consultancy, employment, grants/stocks, payment for lectures; all authors work at a chiropractic institution.</p>",Subacute and chronic
Zaidi 2020,2020,PUB,27908450,"<p><b>Study design: </b>RCT</p>
<p><b>Recruitment period:</b> from January 2015 to June 2015</p>
<p><b>Statistical analysis:</b> an independent t-test was used for inter-group analysis of VAS and MODI readings.</p>
<p><b>Sample size calculation: </b>not reported</p>","<p><b>Sample size: </b>total: 60, IG: Maitland mobilisation 30, CG muscle energy techniques 30</p><p><b>Setting:</b> physical therapy departments of Khyber Teaching Hospital, Lady Reading Hospital and Rehab Polyclinic, Peshawar Pakistan</p><p><b>Method of recruitment: </b>not reported</p><p><b>Country:</b> Pakistan.</p><p><b>Baseline characteristics</b></p><ul><li>Age in years, mean (SD): IG: 37.00 (8.23); CG: 36.53 (7.06)</li><li>Sex number (%) women: not reported</li></ul><p><b>Duration of LBP:</b> not reported</p><p><b>Inclusion criteria</b></p><ul><li>Unilateral back pain emerging around or close to the sacral sulcus</li><li>Positive muscle length tests i.e. piriformis, iliopsoas and quadratus lumborum</li><li>Weakness in ipsilateral gluteus maximus, contralateral latissimus dorsi and abdominals with an abnormality in SIJ integrity</li></ul><p><b>Exclusion criteria</b></p><ul><li>Pain radiation,&nbsp;</li><li>Lumbar disc prolapse &nbsp;</li><li>Spinal deformity.</li></ul>","<p><b>IG: </b>Maitland mobilisation</p><ul><li data-list-item-id=""e38e621670cd4ecc779ef09da66411660""><i>Description</i>: Authors only reported 'SIJ mobilisations; 30 oscillations/set, 3 sets/one side.'</li><li data-list-item-id=""e633d44d50bfdea4c244e3b902a4b6dd4""><i>Non-SMT component</i>: Lumbopelvic stability exercises were given to both groups, which were targeted to the ipsilateral gluteus maximus, contralateral latissimus dorsi and abdominals in 3 sets of 10 reps with 10 sec hold.</li><li data-list-item-id=""e3e91dadc0b4d2132aaee1960a2b3d802""><i>Duration/dose:</i> 12 sessions over 4 weeks.</li><li data-list-item-id=""e8eb036d928d356ea936a3aabfa552bd6""><i>Treatment provider: </i>Not reported.</li></ul><p><b>CG: </b>Muscle energy techniques</p><ul><li data-list-item-id=""e3e91b626b01e6b838337d6a1e9cd2e3e""><i>Description</i>: Authors only reported 'participants was treated with MET that was applied on quadratus lumborum, illiopsoas and piriformis muscles of the affected side for 1 set of 5 repetitions with 10 sec hold.' Lumbopelvic stability exercises were given to both groups, which were targeted to the ipsilateral gluteus maximus, contralateral latissimus dorsi and abdominals in 3 sets of 10 reps with 10 sec hold.</li><li data-list-item-id=""ef3c83354df0c7d29e9d6fb50517ec4d1""><i>Duration/dose:</i> 12 sessions over 4 weeks.</li><li data-list-item-id=""e6c8d05538fc0703d70fa3c6ba1732fdb""><i>Treatment provider: </i>Not reported.</li></ul>","<p><b>Major outcomes:</b></p>
<p><b>Pain:</b> VAS (0-10)</p>
<p><b>Functional status:</b> Modified Oswestry Disability Index</p>
<p><b>Recovery</b>: not reported</p>
<p><b>Minor outcomes:</b> not reported</p>
<p><b>Adverse events: </b>not repoorted</p>
<p><b>Follow up:</b> at 4 weeks</p>",<p><b>Authors' results and conclusion: </b>'MET and Maitland mobilisations were both effective in treating the chronic SIJD in terms of decreasing pain and disability when using lumbopelvic stability exercises as an adjunct therapy.'</p><p><b>Funding source: </b>no funding received</p><p><b>Declarations of interest:</b><i> </i>none to declare</p>,Subacute and chronic
Zaproudina 2009,2009,MIX,3268986,"<p><b>Study design: </b>RCT</p>
<p><b>Recruitment period:</b> from April 2003 to December 2005</p>
<p><b>Statistical analysis</b>: repeated measures ANOVA was used to test for the main treatment effects between groups.</p>
<p><b>Sample size calculation:</b> not reported</p>","<p><b>Sample size: </b>total: 131, IG: SMT 66, &nbsp;CG: physical therapy 65</p>
<p><b>Setting:</b> private clinics?</p>
<p><b>Method of recruitment:</b> newspaper advertisement</p>
<p><b>Country:</b> Finland</p>
<p><b>Baseline characteristics</b></p>
<ul>
 <li>Age in years, mean (SD): &nbsp;IG:<b> </b>40.7 (5.3); CG: 41.7 (5.8)</li>
 <li>Sex number (%) women: &nbsp;IG: 53%; CG: 49%</li>
</ul>
<p><b>Duration of LBP</b>: in years, mean: 10.6 (personal communication with primary author)</p>
<p><b>Inclusion criteria</b></p>
<ul>
 <li>Chronic LBP</li>
 <li>With or without referred leg pain</li>
 <li>With a minimal VAS of 30 (0 to 100) and/or an ODI of at least 16%</li>
 <li>From Ritvanen 2007, the following is also to be found: between 20 and 60 years old, had LBP that restricted functioning (referred pain not distal to the knee), and had LBP present on at least half of the days in a 12-month period in a single episode or in multiple episodes</li>
</ul>
<p><b>Exclusion criteria</b></p>
<ul>
 <li>Specific pathology (e.g. infection, tumour, osteoporosis, fracture, structural deformity, inflammatory disorder (e.g. ankylosing spondylitis), radicular syndrome or cauda equina syndrome) (personal communication)</li>
</ul>","<p><b>&nbsp;IG: </b>Traditional bone setting<i>&nbsp;</i></p><ul><li><i>Description:</i> 'is based on manual whole body treatment. A bone setter begins the treatment from the toes and feet up to the hands and head and mobilizes tissues and malocclusions. The aims of TBS treatment are usually to abolish malpositions, to relax the muscles, and to remove excessive muscle contraction and body asymmetry.'</li><li><i>Non SMT component: </i>not reported</li><li><i>Duration/Dose: </i>5 treatments with 2-week intervals</li><li><i>Treatment provider: </i>experienced bone setters</li></ul><p><b>&nbsp;IG:</b><i> </i>Physical therapy</p><ul><li><i>Description:</i> included massage, therapeutic stretching, trunk stabilization exercise, and exercise therapy.</li><li><i>Duration/Dose:</i> an average of 5 treatments (usually weekly - personal communication) and also got instructions for home training</li><li><i>Treatment provider:</i>&nbsp;<i> </i>a fitness center specialist</li></ul>","<p><b>Major outcomes:</b></p><p><b>Pain: </b>VAS (0-100)</p><p><b>Functional status:</b> Oswestry Disability Index</p><p><b>Recovery</b>: perceived recovery (0-10)</p><p><b>Minor outcomes: </b>health-related quality-of-life: 15D, depression: Rimon's Brief Depression Questionnaire, spinal mobility (finger-floor distance, side-bending, passive straight leg raise)</p><p><b>Adverse events:</b> not reported, but reported patients that worsened due to the treatment</p><p><b>Follow-up: </b>at 1, 6, and 12 months post-treatment, which corresponds approximately to 3, 9, and 15 months post-baseline</p>","<p><b>Authors' results and conclusions:</b> Pain levels as well as spinal mobility did not differ between the groups; however, functional status, perceived recovery and QoL scores tended to favour the TBS group. Long-term results did not differ between the groups.</p><p><b>Funding source:</b> Finland's Slot Machine Association and in collaboration with the Folk Healing Association.</p><p><b>Declarations of interest:</b> none to declare</p><p><b>Comments reviewers: </b>This publication is the long-term follow-up to the study by Ritvanen 2007, although short-term outcomes are also reported in this publication. The first part of the study was conducted in 2003 and continued in 2005 with an additional 60 LBP patients. The extension was performed with the same protocol; Health-related quality-of-life-measurements were, however, added in 2005, while the focus of the earlier publication was on electromyographic (EMG) responses to treatment.</p><p>The primary author was contacted regarding missing information and the following is her response. 'Low-back pain was defined by European guidelines for the management of chronic non-specific low-back pain as pain and discomfort, localised below the costal margin and above the inferior gluteal folds, with or without referred leg pain, persisting for at least 12 weeks; chronic “non-specific” i.e. low-back pain that is not attributable to a recognisable, known specific pathology (e.g. infection, tumour, osteoporosis, fracture, structural deformity, inflammatory disorder (e.g. ankylosing spondylitis), radicular syndrome or cauda equina syndrome).'</p>",Chronic
