Study,Year,Data source,ID: CRS,Char: Patient sampling,Char: Patient characteristics and setting,Char: Index test,Char: Target condition and reference standard(s),Char: Flow and timing,Char: Comparative,Char: Notes,Cov: Year,Cov: Continent,Cov: Type of study report,Cov: Study design,Cov: Randomized/non-randomized,Cov: Total number of patients,Cov: Patients analyzed,Cov: Exclusion criteria,Cov: Age,Cov: % male,Cov: Race,Cov: % cirrhosis,Cov: % HCV,Cov: % HBV,Cov: % alcoholic aetiology,Cov: % NAFLD,Cov: MELD,Cov: % Child Pugh A,Cov: % Child Pugh B,Cov: % Child Pugh C,Cov: % Child Pugh B+C,Cov: % CSPH,Cov: % SPH,Cov: Operator,Cov: Index test 1,Cov: Index test 2,Cov: Combination,Cov: Blinding the operators (HVPG),Cov: Blinding the operators (LSM/SSM),Cov: Time interval LSM/SSM-HVPG,Cov: Type of probe used,Cov: % oesophageal varices,Cov: Viral (HBV+HCV),Cov: Viral aetiology more than 80%,Cov: CSPH more than 50%,Cov: SPH more than 25%,Cov: Child Pugh A more than 75%,Cov: SSM VCTE only - LSM 50Hz vs SSM 100Hz,Cov: SSM VCTE only (LSM 50Hz) - M probe vs XL probe,Cov: Unsuccessful or indeterminate results more than 20%,Cov: Index test 3,Cov: Index test 4
Attia 2015,2015,PUB,26589916,"<p>""94 consecutive patients with known progressive chronic liver disease and laboratory and sonographic evidence of portal hypertension underwent ARFI examination, then HVPG. A total of 78 patients were enrolled in the study (mean age: 53 ± 13 years; 62 % male). &nbsp;Liver cirrhosis was histologically confirmed in 67 patients (86 %). The majority of patients suffered from alcoholic liver disease (40 %) and Child-Pugh A was present in 22 patients (27%). &nbsp;70/78 of patients had CSPH, and 62/78 had SPH. Patients with an unsuccessful HVPG measurement, insufficient liver biopsy specimen (biopsy size &lt; 15 mm, 6 – 8 portal tracts), idiopathic portal hypertension, portal vein thrombosis, Budd-Chiari syndrome, heart congestion, hepatocellular carcinoma, obstructive cholestasis, acute liver failure or acute on chronic liver disease were excluded from the study.""</p>","<p>""Patients with chronic liver disease presented at Endoscopy Unit of the Gastroenterology, Hepatology and Endocrinology Department, Hannover Medical School, Germany, between August 2011 and August 2013. The inclusion criteria were patients with laboratory and sonographic evidence of portal hypertension.""</p>",<p>LSM and SSM by pSWE (ARFI). The cut-off value was not pre-specified. The investigators were blinded for the results of index tests and reference standard.</p>,"<p>Target conditions: CSPH and SPH, reference standard: HVPG. The investigators were blinded for the results of index tests and reference standard.</p>",<p>Both index tests and reference standard was perfomed on the same day.</p>,,<p>No report of conflict of interests and funding.</p>,2015.0,Europe,Full-text,Prospective,Non-randomized,94.0,78.0,No exclusion criteria met,53.0,62.0,No data,86.0,,,40.0,,14.0,27.0,59.0,14.0,73.0,70.0,62.0,Experienced physicians,LSM by pSWE,SSM by pSWE,None,Yes,Yes,< one week,Not VCTE,76.0,15.0,No,Yes,Yes,No,No SSM analysis,No SSM analysis,No,None,None
Augustin 2015,2015,PUB,26589918,"<p>""All patients coming to the clinics were visited with a recent (less than 1 month old) routine blood analysis and abdominal ultrasonography (US) ordered by either the community referring physician or by the usual treating doctor from our Unit. Liver surface was assessed using high-frequency (5–10 MHz) broadband linear array transducers. Spleen size was determined as spleen bipolar diameter (across the spleen hilium), using multifrequency (1–8 MHz) convex probes. Splenomegaly was defined as spleen diameter over 12 cm. The consistency of ultrasound parameters was further verified independently by 2 of the investigators (SA, JG), who reviewed all the patient’s US images at the moment of the first visit.""</p><p>""At baseline (the moment of the first visit), all patients underwent a regular consultation (review of medical history, current symptoms and physical examination). Exclusion criteria to enter the study were: (1) past or present episode of clinical decompensation (ascites, variceal hemorrhage or hepatic encephalopathy); (2) known esophageal varices; (3) known hepatocellular carcinoma; and/ or (4) evident collateral circulation on previous imaging studies. If none of these criteria were met, the patient was asked to be included in the study cohort and to undergo a liver stiffness (LS) measurement through TE (Fibroscan, Echosens, Paris, France) performed by a single operator with experience in more than 500 procedures (LM). Only those Patients with LS P13.6 kPa entered the diagnostic study and were further evaluated by upper endoscopy and HVPG measurement. Both procedures were performed according to the standard of practice in our center as described previously and in accordance with the recommended standards.""</p>","<p>""A prospective, longitudinal, single-center observational study was performed to evaluate the feasibility and accuracy of a systematic strategy based on simple routine parameters and LS measurements, with the specific aim of identifying patients with portal hypertension in an early phase (i.e., without high-risk varices) among a large cohort of all consecutive patients with asymptomatic chronic liver disease in an outpatient clinical setting. For this purpose, we considered all consecutive patients with chronic liver disease coming to our outpatient clinics between January 2010 and April 2012. Our outpatient clinics are part of a specialized Liver Unit in a tertiary university hospital in downtown Barcelona, Spain, that serves as the reference center for chronic liver disease (including cirrhosis and its complications) for an area with a population of approximately 450,000 people.""</p>",<p>LSM by VCTE. The cut-off value was pre-specified. There is no data on blinding of the investigators of the results of index test and reference standard.</p>,"<p>Target condition: CSPH, reference standard: HVPG. There is no data on blinding of the investigators of the results of index test and reference standard.</p>",<p>HVPG measurements were performed in a fasted state also within 1 month from the initial consultation with the patient.</p>,,"<p>""The authors who have taken part in this study declared that they do not have anything to disclose regarding funding or conflict of interest with respect to this manuscript.""</p><p>""Salvador Augustin was a recipient of a Río Hortega fellowship grant from the Instituto de Salud Carlos III and a Juan Rodés grant from the Asociación Española para el Estudio del Hígado during the study period. The study was partially funded by grant SAF2009-08354 from Ministerio de Ciencia e Innovación and PI12/01759 from Instituto de Salud Carlos III. CIBERehd is supported by Instituto de Salud Carlos III.""</p>",2015.0,Europe,Full-text,Prospective,Non-randomized,250.0,40.0,No exclusion criteria met,,,No data,,,,,,,,,,,65.0,,Experienced physicians,LSM by VCTE,None,None,No data,No data,> one week,Non-specified,,,No data on viral aetiology prevalence,Yes,No SPH analysis,No data on Child Pugh classification,No SSM analysis,No SSM analysis,No data,None,None
Banini 2022,2022,PUB,26589920,"<p>""A single-center retrospective cohort study of consecutive adults (age 18 y and above) with chronic liver disease referred for transjugular liver biopsy (TJLB) at Virginia Commonwealth University was performed. Patients in the derivation cohort were referred for TJLB between October 2016 and March 2019. Patients without VCTE and FIB-4 data were excluded. Other exclusion criteria were: history of liver transplant, liver cancer, interquartile range/median &gt; 30%, infiltrative disease on liver biopsy, pregnant women, patients with cardiac failure, and/or significant valvular disease.""</p><p>""A total of 142 consecutive adult patients met inclusion criteria and were analyzed. The majority (61.3%) were female, with mean age 55.3 ± 11.3 years. The most common etiology of chronic liver disease was NAFLD (64.8%). HVPG identified 11.3% of patients as having CSPH.""</p>","<p>""Adults (age 18 y and above) with chronic liver disease referred for transjugular liver biopsy (TJLB) at Virginia Commonwealth University.""</p><p>""A total of 142 consecutive adult patients met inclusion criteria and were analyzed. The majority (61.3%) were female, with mean age 55.3 ± 11.3 years. The most common etiology of chronic liver disease was NAFLD (64.8%). HVPG identified 11.3% of patients as having CSPH."" A total of 2.1% of participants had PBC.""</p>",<p>LSM and SSM by VCTE. The cut-off values were not pre-specified. The investigators were blinded for the results of index tests and reference standard.</p>,"<p>Target condition: CSPH, reference standard: HVPG. The investigators were blinded for the results of index tests and reference standard.</p>",<p>No information on interval between index test and reference standard.</p>,,<p>Authors declared no conflicts of interest.</p>,2022.0,Other,Full-text,Retrospective,Non-randomized,232.0,142.0,Cholestatic liver disease,55.0,38.7,No data,42.3,16.2,1.4,1.4,64.8,,,,,,11.3,,Experienced physicians,LSM by VCTE,None,None,Yes,Yes,< one week,LSM@50Hz probe M-XL,,17.6,No,No,No SPH analysis,No data on Child Pugh classification,No SSM analysis,No SSM analysis,No data,None,None
Borghi 2012,2012,PUB,26589922,"<p>""40 consecutive patients with liver cirrhosis (74% males, mean age 62 y, mean Child-Purgh score A6, 19 HCV+, 9 with ascites, mostly mild) underwent ARFI stiffness measurement (10 measurements in the right liver lobe and 20 measurements in the spleen, half in the upper and half in the lower regions) and HPVG measurement, blindly to each other. There is no data on exclusion criteria for participant's selection.""</p>","<p>""40 consecutive patients with liver cirrhosis (74% males, mean age 62 y, mean Child-Purgh score A6, 19 HCV+, 9 with ascites, mostly mild) underwent ARFI stiffness measurement (10 measurements in the right liver lobe and 20 measurements in the spleen, half in the upper and half in the lower regions) and HPVG measurement, blindly to each other. There is no data on exclusion criteria for participant's selection.""</p>",<p>SSM by pSWE. The cut-off value was not pre-specified. The investigators were blinded for the results of index tests and reference standard.</p>,"<p>Target condition: CSPH, reference standard: HVPG. The investigators were blinded for the results of index tests and reference standard.</p>",<p>No information on interval between index test and reference standard.</p>,,<p>No report of conflict of interests and funding.</p>,2012.0,Europe,Abstract,Retrospective,Randomized,40.0,40.0,No data,62.0,74.0,No data,100.0,47.5,,,,,,,,,70.0,,No data,SSM by pSWE,None,None,Yes,Yes,No data,Not VCTE,,,No,Yes,No SPH analysis,No data on Child Pugh classification,No SSM analysis,No SSM analysis,No,None,None
Bureau 2008,2008,PUB,26589924,"<p>""All patients with liver biopsy because of chronic liver abnormalities were considered for inclusion. Only patients with portal vein thrombosis or Budd–Chiari syndrome were excluded from this study.""</p><p>""One hundred and fifty consecutive patients were included. HVPG was higher than 10 mmHg in 76 patients (51%). Cirrhosis was diagnosed in 89 patients (59%) of whom 68 (77%) had compensated cirrhosis. LS could be measured in 144 ⁄ 150 (96%). Aetiologies of chronic liver disease include: alcohol (34%), viral hepatitis (31%), mixed (alcohol + virus (5%), NASH (7%), autoimmune hepatitis (7%), cholestatic disease (4%), miscellaneous (12%).""</p>","<p>""Between 15 November 2005 and 15 October 2006, liver stiffness was prospectively measured by Fibroscan in all patients who underwent a trans-jugular liver biopsy with haemodynamic measurements.""</p><p>""One hundred and fifty consecutive patients were included. HVPG was higher than 10 mmHg in 76 patients (51%). Cirrhosis was diagnosed in 89 patients (59%) of whom 68 (77%) had compensated cirrhosis. LS could be measured in 144 ⁄ 150 (96%). Aetiologies of chronic liver disease include: alcohol (34%), viral hepatitis (31%), mixed (alcohol + virus (5%), NASH (7%), autoimmune hepatitis (7%), cholestatic disease (4%), miscellaneous (12%).""</p>",<p>LSM by VCTE. The cut-off values were not pre-specified. The investigators were blinded for the results of index tests and reference standard.</p>,"<p>Target condition: CSPH, reference standard: HVPG. The investigators were blinded for the results of index tests and reference standard.</p>","<p>Liver stiffness, hemodynamic measurement (HVPG) and liver biopsy were performed on the same day.</p>",,"<p>""Declaration of personal interests: None. Declaration of funding interests: This work was funded by CHU de Toulouse’, a grant from ‘‘Programme Activite´s Nouvelles.’’""</p>",2008.0,Europe,Full-text,Prospective,Non-randomized,150.0,144.0,Cholestatic liver disease,55.0,60.0,No data,59.0,,,34.0,7.0,,30.0,38.0,21.0,59.0,51.0,,No data,LSM by VCTE,None,None,Yes,Yes,< one week,Non-specified,72.0,31.0,No,Yes,No SPH analysis,No,No SSM analysis,No SSM analysis,No,None,None
Chandan 2012,2012,PUB,26589926,"<p>""TE was performed in consecutive patients of portal hypertension undergoing liver biopsy and HVPG.""</p><p>""Total 108 patients were included. The etiology of liver disease was cryptogenic in 40 (37%), viral in 32 (30%), alcohol in 6 (6%), and rest had other etiologies. Liver biopsy was available in 107 patients. In them, 64 (69%) patients had stage-4 fibrosis.""</p><p>There was no data on exclusion criteria for participant's selection.</p>","<p>""Total 108 patients were included. The etiology of liver disease was cryptogenic in 40 (37%), viral in 32 (30%), alcohol in 6 (6%), and rest had other etiologies. Liver biopsy was available in 107 patients. In them, 64 (69%) patients had stage-4 fibrosis.""</p>",<p>LSM by VCTE. The cut-off values were not pre-specified. There is no data on blinding of the investigators of the results of index test and reference standard.</p>,"<p>Target condition: SPH, reference standard: HVPG. There is no data on blinding of the investigators of the results of index test and reference standard.</p>",<p>No information on interval between index test and reference standard.</p>,,<p>No report of conflict of interests and funding.</p>,2012.0,Other,Abstract,Retrospective,Non-randomized,108.0,108.0,No data,,,No data,69.0,,,6.0,,,,,,,,62.0,No data,LSM by VCTE,None,None,No data,No data,No data,Non-specified,,30.0,No,No CSPH analysis,Yes,No data on Child Pugh classification,No SSM analysis,No SSM analysis,No data,None,None
Colecchia 2012,2012,PUB,26589928,"<p>""A total of 141 newly diagnosed patients with HCV-related chronic liver disease were consecutively considered for inclusion in the study. Of these, 11 were excluded because of the presence of complications (2 hepatocellular carcinoma, 1 portal vein thrombosis, 5 moderate-severe ascites, 3 esophageal bleeding) and 17 were excluded because the diagnosis of cirrhosis was not confirmed at histopathologic examination. Therefore, a total of 113 patients with HCV-related cirrhosis without clinically evident complications, mainly the presence of significant ascites known to limit the performance of TE, were finally enrolled. Patients were accurately selected using clinical, biochemical (platelet count, international normalized ratio, prothrombin time, aspartate aminotransferase [AST], alanine aminotransferase [ALT], albumin, bilirubin, pseudocholinesterase, total cholesterol), and US parameters (ie, liver margins; size of left, right, and caudate lobes; spleen bipolar diameter; anteroposterior diameter of the portal trunk; portal vein flow; hepatic vein flow; and resistance index). Liver biopsy was necessary in 22 cases (19.5%) to confirm the diagnosis of cirrhosis. No patient enrolled in the study had significant ascites at clinical examination, acute liver disease, coinfection with hepatitis B virus or human immunodeficiency virus, metabolic liver disease, autoimmune hepatitis, or biliary tract disorders. Furthermore, no patient was under treatment with antivirals, beta-blockers, or diuretics at the time of the study. The presence of alcohol abuse within the 6 months preceding the study was excluded in all patients. In addition, clinical conditions potentially affecting TE (eg, cardiac failure) or in which this technique is contraindicated (eg, pregnancy) were also excluded.""</p>","<p>""The study was performed in a tertiary center: the Department of Clinical Medicine of the University of Bologna (Italy), between September 2009 and February 2011. Participants with HCV-related cirrhosis were considered for study.""</p>",<p>LSM and SSM by VCTE. The cut-off values were not pre-specified. The investigators were blinded for the results of index tests and reference standard. The investigators provided results other than reported.</p>,"<p>Target condition: CSPH and SPH, reference standard: HVPG. The investigators were blinded for the results of index tests and reference standard.</p>","<p>""Each patient was studied according to a 3-day protocol as follows: day 1 included clinical and biochemical evaluation, complete abdominal US, and measurement of LS and SS by TE; day 2 included measurement of HVPG; and day 3 included upper digestive endoscopy. The study protocol was completed within 1 week in all patients. All operators worked independently and were blinded to the patients’ other instrumental, clinical, and laboratory data.""</p>",,<p>Authors declared no conflicts of interest.</p>,2012.0,Europe,Full-text,Prospective,Non-randomized,141.0,100.0,No exclusion criteria met,54.0,71.0,No data,100.0,100.0,0.0,0.0,0.0,,68.0,32.0,0.0,32.0,65.0,54.0,Experienced physicians,LSM by VCTE,SSM by VCTE,None,Yes,Yes,< one week,LSM@50Hz probe M-XL,53.0,100.0,Yes,Yes,No SPH analysis,No,No SSM analysis,No SSM analysis,No,None,None
Corina 2018,2018,PUB,26589930,"<p>""81 consecutive patients with advanced liver disease referred to HVPG measurement and concomitant LSM by 2D-SWE. GE and TE were included. CSPH was found in 57 (70%) of patients.""</p><p>There is no data on exclusion criteria of participant's selection.</p>","<p>""81 consecutive patients with advanced liver disease referred to HVPG measurement and concomitant LSM by 2D-SWE. GE and TE were included. CSPH was found in 57 (70%) of patients.""</p>",<p>LSM by 2D-SWE. The cut-off value was not pre-specified. There is no data on blinding of the investigators of the results of index test and reference standard.</p>,"<p>Target condition: CSPH, reference standard: HVPG. There is no data on blinding of the investigators of the results of index test and reference standard.</p>",<p>No information on interval between index test and reference standard.</p>,,"<p>""Study was supported by a national grant (PN-II-RU-TE-2014-4- 0356).""</p>",2018.0,Europe,Abstract,Retrospective,Non-randomized,81.0,81.0,No data,,,No data,,,,,,,,,,,70.0,,No data,LSM by 2D-SWE,None,None,No data,No data,No data,Not VCTE,42.0,,No data on viral aetiology prevalence,Yes,No SPH analysis,No data on Child Pugh classification,No SSM analysis,No SSM analysis,No data,None,None
Dajti 2022,2022,PUB,26589932,"<p>""A total of 317 patients, both derivation and validation cohort, had paired measurements of HVPG, SSM and LSM during the study period. A total of 195 patients were included. Most of the patients were male (68.7%), and the median age of 59 (49-70) years. The most common etiologies were viral (55.9%) and metabolic dysfunction associated fatty liver disease (MAFLD) (35.4%). The median HVPG was 11 (9-14) mmHg, and 122 (62.5%) patients had CSPH; the median time interval between the HVPG and TE evaluation was 1.8 (1-3.9) months. Exclusion criteria were a previous episode of hepatic decompensation, an interval between HVPG and TE &gt;6 months and ongoing treatment with NSBB at the time of diagnostic workup.""</p>","<p>""This is a retrospective study in patients with cACLD (defined by LSM ≥10 kPa), and paired measurements available with HVPG, LSM and SSM, as measured by transient elastography (TE) referred to our tertiary centres. The derivation cohort was enrolled in 2013-2018 in the Gastroenterology Unit, University of Bologna (Italy) and the validation cohort was enrolled in the Gastroenterology Unit, University of Verona (Italy) in 2017-2019.""</p>",<p>LSM by VCTE. There is no data on blinding of the investigators of the results of index test and reference standard.</p>,"<p>Target condition: CSPH, reference standard: HVPG. There is no data on blinding of the investigators of the results of index test and reference standard.</p>","<p>""The median time interval between the HVPG and VCTE evaluation was 1.8 (1-3.9) months.""</p>",,<p>The authors declare that they have no conflict of interest. No grants or other financial support.</p>,2022.0,Europe,Full-text,Retrospective,Non-randomized,317.0,195.0,No exclusion criteria met,59.0,68.7,No data,100.0,,,17.9,35.4,8.0,100.0,0.0,0.0,0.0,62.5,,Experienced physicians,LSM by VCTE,None,None,No data,No data,> one week,LSM@50Hz probe M,50.8,55.9,No,Yes,No SPH analysis,Yes,No SSM analysis,No SSM analysis,No data,None,None
Gomez-Escolar 2013,2013,PUB,26589934,"<p>""Liver stiffness was measured by TE in fifty-eight chronic liver disease patients who underwent a haemodynamic measurements. In 51 patients, 87% have clinically significant portal hypertension (HVPG&gt;10 mmHg). There is no data on exclusion criteria of participant's selection.""</p>","<p>""Liver stiffness was measured by TE in fifty-eight chronic liver disease patients who underwent a haemodynamic measurements.""</p>",<p>LSM by VCTE. There is no data on blinding of the investigators of the results of index test and reference standard.</p>,"<p>Target condition: CSPH, reference standard: HVPG. There is no data on blinding of the investigators of the results of index test and reference standard.</p>","<p>No information on interval between index test and reference standard. 58 participants were screened, 51 were included without explanation.</p>",,<p>No report of conflict of interests and funding.</p>,2013.0,Europe,Abstract,Prospective,Non-randomized,58.0,51.0,No data,,,No data,,,,,,,,,,,87.0,,No data,LSM by VCTE,None,None,No data,No data,No data,Non-specified,,,No data on viral aetiology prevalence,Yes,No SPH analysis,No data on Child Pugh classification,No SSM analysis,No SSM analysis,No data,None,None
Grgurević 2016,2016,PUB,26589936,"<p>""All patients had been scanned by transabdominal ultrasound prior to HVPG measurement including elastographic assessment of liver and spleen stiffness (LS and SS) by 2 different methods (Transient elastography (TE; Fibroscan, Echosense) and Real-time 2-dimensional shear wave elastography (RT-2D-SWE; Aixplorer US system, Supersonic imagine).""&nbsp;</p><p>""Twenty (20) patients (14 male; median age 62 (34-74) years; 8 Non Alcoholic Fatty Liver Disease, 6 Alcoholic Liver Disease, 6 other aetiologies; median fibrosis stage 6 (0-6), mean 4.75+/-1.7 according to Ishak) consecutively underwent HVPG measurement (median value 10.25mmHg (1.5-22.4)). No major adverse event occurred in relation to HVPG procedure. Liver cirrhosis was histologically confirmed in 14/20 (70%) patients, and clinically significant portal hypertension (CSPH&gt;=10 mmHg) in 11/20 (55%). TE used M probe in 55% and XL probe in 45% of patients.""</p><p>There is no data on exclusion criteria for participant's selection.</p>","<p>""Twenty (20) patients (14 male; median age 62 (34-74) years; 8 Non Alcoholic Fatty Liver Disease, 6 Alcoholic Liver Disease, 6 other aetiologies; median fibrosis stage 6 (0-6), mean 4.75+/-1.7 according to Ishak) consecutively underwent HVPG measurement (median value 10.25mmHg (1.5-22.4)). No major adverse event occurred in relation to HVPG procedure. Liver cirrhosis was histologically confirmed in 14/20 (70%) patients, and clinically significant portal hypertension (CSPH&gt;=10 mmHg) in 11/20 (55%).""</p>",<p>LSM and SSM by VCTE. The cut-off values were not pre-specified. There is no data on blinding of the investigators of the results of index test and reference standard.</p>,"<p>Target condition: CSPH, reference standard: HVPG. There is no data on blinding of the investigators of the results of index test and reference standard.</p>",<p>No information on interval between index test and reference standard.</p>,,<p>No report of conflict of interests and funding.</p>,2016.0,Europe,Abstract,Retrospective,Non-randomized,20.0,20.0,No data,62.0,70.0,No data,70.0,,,30.0,40.0,,,,,,55.0,,No data,LSM by VCTE,SSM by VCTE,None,No data,No data,No data,LSM@50Hz probe M-XL,,,No data on viral aetiology prevalence,Yes,No SPH analysis,No data on Child Pugh classification,LSM 50Hz,No data on probe used,No data,LSM by 2D-SWE,SSM by 2D-SWE
Grgurević 2022,2022,PUB,26589938,"<p>""Eligible for inclusion was consecutive adults (age &gt; 18 years) meeting the following criteria: (a) presence of compensated chronic liver disease and suspected of having cACLD based on LSM ≥ 10 kPa by TE, or based on morphological signs suggestive of cACLD on ultrasound (US) examination (coarse liver parenchyma with irregular liver surface or irregular interface of the hepatic veins, but no overt signs of CSPH such as presence of portosystemic collaterals, or signs of decompensation presence of ascites, not otherwise visible by physical examination); (b) provided signed informed consent. Patients with congestive liver disease due to right-sided heart failure, portal vein thrombosis, extrahepatic biliary obstruction, liver tumours and ALT &gt; 5x ULN were excluded.""</p><p>""Patients underwent a standardised clinical work-up to define the aetiology of liver disease including an interview on their alcohol consumption (AUDIT-C), medication history, presence of metabolic syndrome components (central obesity, arterial hypertension, dyslipidaemia and decreased glucose tolerance or presence of diabetes), screening for viral and autoimmune liver disease, haemochromatosis and Wilson's disease. Included patients underwent HVPG measurement and transjugular liver biopsy (in the same procedure), as well as LSM and SSM by 2DSWE and TE on the same day. Elastographic measurements preceded HVPG measurements.""</p><p>""Seventy-six patients were included: 40 (52.6%) with HVPG ≥ 10 mmHg (CSPH). The number of valid LSM and SSM measurements was 74 and 63 for 2DSWE, and 76 and 61 for TE respectively. 2DSWE and TE values appeared correlated, but the agreement was poor: LSM and SSM by 2DSWE were on average 2.7 and 4.3 kPa, respectively, lower than the values measured by TE.""</p>","<p>""A cross-sectional study was conducted between 1 January 2017 and 31 December 2019 at University hospital Dubrava, Zagreb.""</p><p>""Seventy-six patients were included: 40 (52.6%) with HVPG ≥ 10 mmHg (CSPH), 13 (17.1%) with HVPG 6–9 mmHg and 23 (30.3%) with HVPG &lt; 6 mmHg. Male gender prevailed, and alcohol was overall the most prevalent cACLD cause, particularly among patients with CSPH. Sixty-five patients were considered to have cACLD based on LSM ≥ 10 kPa by TE, and 59 were histologically confirmed as such, that is TE correctly classified 59/65 patients (90.8%). In addition, 11 patients were included based on morphological criteria alone, and cACLD was confirmed by histology in only 2 of them; that is, correct classification by morphological criteria was achieved in 2/11 (18.2%).""</p>",<p>LSM and SSM by VCTE. The cut-off values were not pre-specified. There is no data on blinding of the investigators of the results of index test and reference standard.</p>,"<p>Target condition: CSPH, reference standard: HVPG. There is no data on blinding of the investigators of the results of index test and reference standard.</p>","<p>""Included patients underwent HVPG measurement and transjugular liver biopsy (in the same procedure), as well as LSM and SSM by 2DSWE and TE on the same day. Elastographic measurements preceded HVPG measurements. The number of valid LSM and SSM measurements was 74 and 63 for 2DSWE, and 76 and 61 for TE respectively. 2DSWE and TE values appeared correlated, but the agreement was poor: LSM and SSM by 2DSWE were on average 2.7 and 4.3 kPa, respectively, lower than the values measured by TE.""</p>",,"<p>""This study was in a part supported by Research Grant from The Adris Foundation, Knowledge and Discovery Programme, awarded to the first author at 6th October 2018.""&nbsp;</p><p>""Ivica Grgurevic received lecture fees from Echosens, Ferring, Gilead, travel grants from AbbVie and served as the advisory board member for General electric. Ivana Mikolasevic received grant No B174 from Echosens for a scientific research project. James O’Beirne has received speaker fees and served in advisory boards for BMS, Gilead, Roche, GORE and Norgine. Massimo Pinzani is co-founder and shareholder of Engitix Therapeutics Ltd., London, United Kingdom, and served in Advisory Boards for Industry in the past 12 months (Astra Zeneca, AbbVie, Resolution Therapeutics, Limma Biotech and ChemoMab). Other authors have nothing to disclose.""</p>",2022.0,Europe,Full-text,Prospective,Non-randomized,76.0,76.0,No exclusion criteria met,62.0,78.9,No data,69.7,,,36.8,30.3,,,,,,52.6,,Experienced physicians,LSM by VCTE,SSM by VCTE,None,No data,No data,< one week,LSM@50Hz probe M-XL,42.9,14.5,No,Yes,No SPH analysis,No data on Child Pugh classification,No SSM analysis,No SSM analysis,No,LSM by 2D-SWE,SSM by 2D-SWE
He 2022,2022,PUB,26589940,"<p>""This is a prospective multi-center study (NCT05251272). Patients with well-characterized compensated cirrhosis undergoing a 100 Hz specific FibroScan® to evaluate SSM and LSM were consecutively enrolled between August 2021 and March 2022.""</p><p>There is no data on exclusion criteria for participant's selection.</p>","<p>""A total of 101 patients (71 male) with a mean age of 52 ± 9 years were recruited from 5 university centers, and 50 (49.5%) patients had CSPH.""</p>",<p>LSM by VCTE. The cut-off value was pre-specified. There is no data on blinding of the investigators of the results of index test and reference standard.</p>,"<p>Target condition: CSPH, reference standard: HVPG. There is no data on blinding of the investigators of the results of index test and reference standard.</p>",<p>No information on interval between index test and reference standard.</p>,,<p>No report of conflict of interests and funding.</p>,2022.0,Other,Abstract,Prospective,Non-randomized,101.0,101.0,No data,52.0,70.0,No data,100.0,,,,,,,,,,49.5,,No data,LSM by VCTE,None,LSM + SSM (VCTE),No data,No data,No data,LSM@100Hz,,,No data on viral aetiology prevalence,No,No SPH analysis,No data on Child Pugh classification,No SSM analysis,No SSM analysis,No data,None,None
Hirooka 2022,2022,PUB,26589942,"<p>""This cross‐sectional study included patients diagnosed with chronic liver disease who underwent both ultrasonographic examinations of the spleen and EGD between September 2018 and December 2021. The inclusion criteria were as follows: (i) aged 20–90 years, (ii) Eastern Cooperative Oncology Group performance status of 0–2, (iii) the ability to follow instructions to control breathing, and (iv) no history of treatment with EGV. Notably, sex was not a consideration in the selection process. The exclusion criteria were as follows: (i) a history of splenectomy (n = 2), (ii) refractory ascites in which the spleen stiffness could not be measured by ultrasound (n = 6), (iii) absence of EGD data (n = 11), and (iv) spleen width &lt;4 cm (n = 5). Moreover, five patients were excluded because of unreliable measurements. Hence, a total of 187 patients were enrolled in this study (Figure 1). Of these, 81 consecutive patients were enrolled in the pilot set wherein the HVPG was measured to evaluate the diagnostic accuracy of elastography for HVPG at 12 mmHg or EGV and to determine the cut‐off level for screening HREGV.""</p>","<p>""This cross‐sectional study included patients diagnosed with chronic liver disease who underwent both ultrasonographic examinations of the spleen and EGD between September 2018 and December 2021.""</p>","<p>LSM and SSM by 2D-SWE (SWS; shear wave speed), and LSM and SSM by VCTE. The cut-off values were not pre-specified. There is no data on blinding of the investigators of the results of index test and reference standard.</p>","<p>Target condition: SPH, reference standard: HVPG. There is no data on blinding of the investigators of the results of index test and reference standard.</p>",<p>Gastroscopy and HVPG were performed within one week of elastography techniques. Five patients were excluded because of unreliable measurements.&nbsp;</p>,,"<p>The authors declare that they have no conflict of interest.</p><p>""This work was supported in part by the Japan Society for the Promotion of Science KAKENHI (Grant Numbers 21K07701 and 21K08008 to Masashi Hirooka and Yoichi Hiasa, respectively), and from AMED (Grant Number JP22fk0210113 to Yoichi Hiasa.""</p>",2022.0,Other,Full-text,Retrospective,Non-randomized,216.0,81.0,No exclusion criteria met,71.0,74.1,No data,,38.3,13.6,,,,80.25,17.3,2.5,19.8,,38.3,Experienced physicians,LSM by VCTE,SSM by VCTE,None,No data,No data,< one week,LSM@50Hz probe M,55.55,51.9,No,No CSPH analysis,Yes,Yes,LSM 50Hz,M probe,No,LSM by 2D-SWE,SSM by 2D-SWE
Hong 2013,2013,PUB,26589944,"<p>""Fifty-nine consecutive patients with cirrhosis (48 men and 11 women, mean age 49.5±8.9; age range 29-69 years) underwent HVPG measurement between February 1, 2009 and February 1, 2010 upon referral to the hemodynamic laboratory of our institution. All patients had previous histopathological confirmation of cirrhosis (METAVIR F4) or a diagnosis of cirrhosis suspected on the basis of standard clinical, ultrasonographic, and biochemical parameters. Exclusion criteria were an age younger than 19 or older than 75 years, shock status requiring a vasopressor, active infection (e.g., spontaneous bacterial peritonitis), acute renal failure of any cause, hepatocellular carcinoma or a history of another primary malignancy within 3 years, clinically relevant coronary artery disease (NYHA functional angina classification III/IV), congestive heart failure NYHA III/IV, clinically relevant cardiomyopathy, history of myocardial infarction in the past 1 year, poorly controlled hypertension (blood pressure &gt;150/100) mmHg, transaminases above tenfold the upper limit of normal, ongoing antiviral therapy, the use of vasoactive drugs, including beta-blockers, diuretics, and anti-inflammatory drugs, pregnancy or lactation, involvement in another study within 90 days, and medical or psychological conditions that would not permit the subject to complete the study or sign informed consent.""</p>","<p>""Fifty-nine consecutive patients with cirrhosis (48 men and 11 women, mean age 49.5±8.9; age range 29-69 years) underwent HVPG measurement between February 1, 2009 and February 1, 2010 upon referral to the hemodynamic laboratory of our institution. The characteristics of the patients are summarized in Table 1. The etiology of cirrhosis was classified as alcohol (36, 61.0%), hepatitis B virus (13, 22.0%), alcohol with hepatitis B virus (5, 8.5%), alcohol with hepatitis C virus (2, 3.4%), and cryptogenic cirrhosis (3, 5.1%). The mean Child-Pugh and MELD scores were 6.5±1.8 and 9.6±3.7 (range 6-21), respectively.""</p>",<p>LSM by VCTE. The cut-off value was not pre-specified. There is no data on blinding of the investigators of the results of index test and reference standard.</p>,"<p>Target condition: CSPH, reference standard: HVPG. There is no data on blinding of the investigators of the results of index test and reference standard.</p>",<p>No information on interval between index test and reference standard.</p>,,"<p>The authors have no conflicts to disclose.</p><p>""This study was supported by a grant of the Korea Healthcare technology R&amp;D Project, Ministry of Health and Welfare, (HI10C2020).""</p>",2013.0,Other,Full-text,Retrospective,Non-randomized,59.0,59.0,No exclusion criteria met,49.5,81.0,No data,100.0,3.4,30.5,61.0,,9.6,,,,,61.0,52.5,Experienced physicians,LSM by VCTE,None,None,No data,No data,No data,LSM@50Hz probe M,,33.9,No,Yes,Yes,No data on Child Pugh classification,No SSM analysis,No SSM analysis,No data,None,None
Jachs 2022,2022,PUB,26589946,"<p>""This retrospective analysis of prospectively collected data investigated consecutive patients who underwent HVPG measurement at the Vienna Hepatic Hemodynamic Lab (Division of Gastroenterology and Hepatology, Medical University of Vienna) between 2004 and 2021 under standardized conditions. We only included clinically stable outpatients with cACLD (defined by LSM ≥ 10 kPa, absence of previous hepatic decompensation, and Child-Pugh stage A in whom data on LSM, PLT, and VWF was available).""</p>","<p>""In total, 302 patients with cACLD were included in the study. The cohort building process is depicted in Supplementary Figure 1. The median age was 54.3 years and 69.2% of included patients were male. The predominant etiology was viral hepatitis (50.7%), followed by alcoholic liver disease (15.2%), and nonalcoholic steatohepatitis (13.2%).""</p>",<p>LSM by VCTE. The cut-off value was pre-specified. The investigators were blinded for the results of index tests and reference standard.</p>,"<p>Target condition: CSPH, reference standard: HVPG. The investigators were blinded for the results of index tests and reference standard.</p>","<p>""LSM as well as HVPG measurements were conducted at the same day and after a fasting period of at least 4 hours.""</p>",,<p>The authors disclose no conflicts.</p>,2022.0,Europe,Full-text,Retrospective,Non-randomized,302.0,302.0,No exclusion criteria met,54.0,69.2,No data,100.0,,,15.2,13.2,9.0,100.0,0.0,0.0,0.0,62.3,,No data,LSM by VCTE,None,None,Yes,Yes,< one week,Non-specified,43.0,50.7,No,Yes,No SPH analysis,Yes,No SSM analysis,No SSM analysis,No data,None,None
Jachs 2023,2023,PUB,26589948,"<p>""All HBV/HDV-coinfected, i.e., anti-HDV seropositive, cACLD (LSM ≥10 kPa and/or METAVIR F3/4 fibrosis on histology) patients without previous hepatic decompensation who underwent prospective characterization by paired HVPG and non-invasive test (NIT) assessment at the Vienna Hepatic Hemodynamic Lab of the Medical University of Vienna or at Hannover Medical School between 2013 and 2023 were retrospectively included in the main cohort and analyzed. Only patients who were not currently undergoing HDV-targeted antiviral treatment were included. If patients underwent more than one measurement during the study period, only the first measurement was considered for this analysis. Patients were excluded if HVPG measurements were deemed technically unreliable, or if they were on NSBB treatment and showed HVPG values below 10 mmHg. Patients who were on NSBB at the time of HVPG measurement but exhibited HVPG ≥10 mmHg and had varices were included. The 20 included Hanoverian patients underwent HVPG and NIT assessment as part of the prospective, observational IMPRHOVE-D study. The 31 included Viennese patients were identified by manual search of the local Viennese HVPG database. SSM was conducted and available in all Viennese patients who underwent prospective characterization after 2019 (n=20).""</p>","<p>""All HBV/HDV-coinfected, i.e., anti-HDV seropositive, cACLD (LSM ≥10 kPa and/or METAVIR F3/4 fibrosis on histology) patients without previous hepatic decompensation who underwent prospective characterization by paired HVPG and non-invasive test (NIT) assessment at the Vienna Hepatic Hemodynamic Lab of the Medical University of Vienna or at Hannover Medical School between 2013 and 2023 were retrospectively included in the main cohort and analyzed. Fifty-three HBV/HDV-cACLD patients were screened for inclusion in the main cohort. One patient was excluded owing to unreliable HVPG results due to vein-vein communications. Another patient was excluded because of ongoing NSBB treatment and HVPG levels below 10 mmHg. Ultimately, the final study cohort comprised 51 patients (n=31 from Vienna, n=20 from Hannover). The median age was 49.0 (41.5-56.3) years, and 51.0% of patients were male. HDV-RNA was detectable in 90.2% of patients. The prevalence of CSPH was 62.7%. The median PLT was 100 (58-150) G/L, and many patients had varices (42.2%) or splenomegaly (64.7%).""</p>","<p>""LSM was assessed by VCTE (FibroScan, Echosens, Paris, France) according to international recommendations that were followed in both centers. SSM was assessed applying 2D shear-wave elastography (Aixplorer, SuperSonic Imagine, Aixen-Provence, France) in Viennese patients according to a local SOP on the same day as HVPG measurement.""</p>","<p>""HVPG measurements were conducted in fasting condition according to international recommendations. Briefly, upon punction of the right internal jugular vein under local anesthesia, free and wedged hepatic venous pressure were measured in triplicate. HVPG was obtained by subtracting the free hepatic venous pressure from wedged hepatic venous pressure, and the mean of three measurements represented the final value. CSPH was defined as HVPG ≥10 mmHg.""</p>","<p>""All NIT were evaluated on the same day as HVPG measurement in Vienna. In Hannover, HVPG measurements were performed after a maximum of three months following NIT assessment.""</p>",,"<p>The authors declare no conflict of interest regarding this study.</p><p>""No specific funding was received for this study. Lisa Sandmann received partial funding by PRACTIS – Clinician Scientist Program of Hannover Medical School, funded by the German Research Foundation (DFG, ME 3696/3-1, RAW).""</p>",2023.0,Europe,Full-text,Retrospective,Non-randomized,53.0,51.0,NSBB,49.0,51.0,No data,,11.8,100.0,,,9.0,,,,,62.7,,No data,LSM by VCTE,SSM by 2D-SWE,None,No data,No data,> one week,Non-specified,42.2,100.0,Yes,Yes,No SPH analysis,No data on Child Pugh classification,No data on probe used,No data on probe used,No,None,None
Jansen 2017,2017,PUB,26589950,"<p>""This prospective multicenter study included 158 patients of which 106 patients had CSPH. Patients were enrolled between September 2013 and May 2015 in the Department of Internal Medicine I, University of Bonn, Bonn, Germany, in the Department of Gastroenterology and Hepatology, Odense University Hospital, Odense, Denmark and in the Department of Gastroenterology and Hepatology, University Hospital Antwerp, Antwerp, Belgium. Inclusion criteria were liver cirrhosis, indication for portal pressure gradient measurement, SWE measurements within 48 hours before or after pressure gradient measurement. Patients with cardiac failure were not included into this study. Exclusion criteria were absence of indication for pressure gradient measurement, not accurate SWE measurement (see below), time span between SWE measurement and pressure gradient measurement longer than 48 hour. Healthy subjects were not included in the study. Liver stiffness by SWE was measured in 155 patients, spleen stiffness in 112 patients, and 109 patients received both L -SWE and S -SWE (Figure 1). Reasons for the missing S -SWE values were technical failure in 18.8% of the cases (n=24) and missing S -SWE data from one center (n=19).""</p>","<p>""The patients included in the study were predominantly male (61.4%) with a mean age of 56 years and a range of 18 – 80 years. The etiology of chronic liver disease was alcohol in the majority of the patients (56%), non -alcoholic steatohepatitis (NASH) in 27 patients (17%), chronic viral hepatitis in 12 patients (8%) and other etiologies in the rest of patients (19%). Mean Child-Pugh score was 7 with a majority of patients in Child -Pugh class A (62.7%), 45 patients with Child B and 14 with Child C liver cirrhosis.""</p>",<p>LSM and SSM by 2D-SWE. The cut-off values were not pre-specified. There is no data on blinding of the investigators of the results of index test and reference standard.</p>,"<p>Target condition: CSPH, reference standard: HVPG. There is no data on blinding of the investigators of the results of index test and reference standard.</p><p>""In 109 patients, HVPG data were acquired as formerly described 4,15. The right internal jugular was punctured under local anesthesia and ultrasound guidance. Under continuous radiological control, a balloon catheter was placed in a major hepatic vein. To calculate HVPG, three repeated measurements of free and wedged hepatic venous pressure were performed.""</p><p>""In 49 patients pressure measurements were performed during insertion of a transjugular intrahepatic portosystemic shunt. A pressure transducer system (Combitrans, Braun Melsung, Germany) and a multichannel monitor (Sirecust, Siemens, Germany) were used to measure portal and hepatic venous pressure invasively, and three repeated measurements were performed. The difference between these pressures was defined as the portal systemic pressure gradient. Arterial pressure and heart rate were monitored non-invasively. To simplify understanding, we used the term pressure gradient for HVPG and portal systemic pressure gradient.""</p>","<p>""SWE measurements were performed within 48 hours before or after pressure gradient measurement. Liver stiffness by SWE was measured in 155 patients, spleen stiffness in 112 patients, and 109 patients received both L -SWE and S -SWE (Figure 1). Reasons for the missing S -SWE values were technical failure in 18.8% of the cases (n=24) and missing S -SWE data from one center (n=19).""</p>",,"<p>All authors have nothing to disclosure.</p><p>""Grant support: This study was supported by grants from the Deutsche Forschungsgemeinschaft (SFB TRR57 to P18), the H. J. &amp; W. Hector Stiftung (M60.2), Ernst -Bertha -Grimmke -Stiftung (6/15) and European Union’s Horizon 2020 research and innovation programme (No 668031). The funders had no role in study design, data collection and analysis, decision to publish, or preparation of the manuscript.""</p>",2017.0,Europe,Full-text,Prospective,Non-randomized,158.0,155.0,No exclusion criteria met,56.0,61.4,No data,,,,56.0,17.0,10.0,62.7,28.5,8.9,37.4,67.1,,Experienced physicians,LSM by 2D-SWE,SSM by 2D-SWE,LSM + SSM (2D-SWE),No data,No data,< one week,Not VCTE,,8.0,No,Yes,No SPH analysis,No,No SSM analysis,No SSM analysis,No,None,None
Jindal 2022,2022,PUB,26589952,"<p>""This was a retrospective analysis of a prospectively maintained database of patients with cACLD of diferent etiologies with available baseline clinical, anthropometric, biochemical, hepatic hemodynamic parameters, and valid measurements of LSM attending Institute of Liver and Biliary Sciences, New Delhi, India from a period of 2010–2019. Patients with compensated cirrhosis with liver stifness measurement (LSM) more than 10 kPa with all these available parameters were screened from the database. Those with (a) LSM less than 10 kPa, (b) past clinical decompensations like variceal bleeding, ascites, acute kidney injury, and hepatic encephalopathy, (c) invalid measurements of LSM and HVPG at baseline, (d) serum bilirubin more than 5 mg/dl, (e) presence of portal vein thrombosis and additional extrahepatic causes of portal hypertension, hepatocellular carcinoma at baseline, and (f) acute on chronic liver failure were excluded from the study. None of the included patients were maintained on beta-blockers at the time of LSM or HVPG measurements to avoid underestimation of portal pressures.""</p>","<p>""A total of 626 patients of cACLD with available paired HVPG/ LSM measurements, documented LSM &gt; 10 kPa, and no prior decompensations were included. Patients had a mean (±SD) age of 50.8±12.4 years, with male predominance (161 females: 25.7%). The most common etiology of liver disease was ALD (n=190, 30.3%), followed by NASH (n=165, 26.4%), HCV (n=102, 16.6%), and HBV (n=62, 10.2%). One hundred and seven patients had other etiologies like autoimmune hepatitis and cryptogenic cirrhosis. None of the patients had non-cirrhotic portal fibrosis or portosinusoidal vascular disease. All patients with NASH had cirrhosis on biopsy. Four hundred eighty patients (76.6%) had HVPG ≥10 mmHg, consistent with the diagnosis of CSPH.""</p>",<p>LSM by VCTE. The cut-off value was pre-specified. There is no data on blinding of the investigators of the results of index test and reference standard.</p>,"<p>Target condition: CSPH, reference standard: HVPG. There is no data on blinding of the investigators of the results of index test and reference standard.</p>",<p>No information on interval between index test and reference standard.</p>,,"<p>None of the authors had any conficts of interests.</p>
<p>No funding support.</p>",202.0,Other,Full-text,Retrospective,Non-randomized,626.0,626.0,No exclusion criteria met,50.8,74.3,No data,,16.6,10.2,30.3,26.4,,,,,,76.7,,Experienced physicians,LSM by VCTE,None,None,No data,No data,No data,Non-specified,,26.8,No,Yes,No SPH analysis,No data on Child Pugh classification,No SSM analysis,No SSM analysis,No data,None,None
Kennedy 2022,2022,PUB,26589954,"<p>""This HIPAA-compliant prospective single-center study was approved by our local Institutional Review Board. Between March 2018 and January 2020, signed informed consent was obtained from 37 patients. Inclusion criteria were adult patients with liver disease scheduled for clinically indicated HVPG measurement and transjugular liver biopsy or transjugular intrahepatic portosystemic shunt (TIPS) placement within 6 months of research MRI and ultrasound (US) elastography. Exclusion criteria were history of liver transplant; initiation of beta-blocker therapy within 6 months of MRI (which may cause hemodynamic variation owing to fluctuating dosage); portal vein thrombosis; and contraindications to MRI. One patient was excluded from the study due to an interval &gt; 6 months between HVPG measurement and imaging. The indications for HVPG and transjugular liver biopsy were characterization of abnormal liver function tests (n = 23), confirmation of PH (n = 10), TIPS placement (n = 2, due to refractory ascites), and ascites (n = 1).""</p>","<p>""The final cohort consisted of 36 patients (mean age 54.8 ± 13.8 years, M/F 22/14). Patient characteristics are summarized in Table 1. Mean HVPG was 7.2 ± 5.0 mmHg (range 0–18 mmHg). Normal HVPG (no PH) was observed in 14 patients (39%), while 22 patients (61%) were classified as having PH (HVPG &gt; 5 mmHg), including 10 with CSPH (28% of the total cohort).""</p>",<p>SSM by 2D-SWE and MRE. The cut-off values were not pre-specified. The investigators were blinded for the results of index test and reference standard.</p>,"<p>Target condition: CSPH, reference standard: HVPG. The investigators were blinded for the results of index test and reference standard.</p>","<p>""The interval between imaging and HVPG measurement was 24.7 ± 22.8 days (range 0–102 days). Immediately before/after the MRI, patients underwent an SWE exam.""</p>",,"<p>""The authors of this manuscript declare relationships with the following companies: Bradley D. Bolster is an employee of Siemens Medical Solutions Inc. USA.""</p><p>""This study has received funding from NIDDK grant 1R01DK113272.""</p>",2022.0,Other,Full-text,Prospective,Non-randomized,36.0,33.0,Multiple,,,No data,,,,,,,,,,,30.3,,Experienced physicians,SSM by 2D-SWE,SSM by MRE,None,Yes,Yes,> one week,Not VCTE,,,No data on viral aetiology prevalence,No,No SPH analysis,No data on Child Pugh classification,No SSM analysis,No SSM analysis,No,None,None
Kim 2015,2015,PUB,26589956,"<p>""All patients had previous histological confirmation of cirrhosis or a diagnosis of cirrhosis suspected on the basis of standard clinical, imaging and biochemical parameters. Enrolled patients were in the non-critically ill condition, which mean stable haemodynamic parameters, no uncontrolled infection, no acute bleeding less than 1 month and were no active drinkers. Patients in the following states were excluded: use of vasoactive drugs (n = 5), presence of hepatocellular carcinoma beyond the Milan criteria (n = 1), bilirubin levels above 10 mg (n = 7) or pregnancy. Two patients with failed measurement of LS because of non-cooperation were also excluded, resulting in LSM failure rate of 1.7% (2/115). Eight patients with incorrect HVPG measurement because of a veno-venous shunt (n = 3), inferior vena cava (IVC) stenosis (n = 1), or eccentric wedging of the catheter (n = 4) were excluded. In total, the data of 92 patients were eligible for analysis.""</p>","<p>""Clinical data of 115 cirrhotic patients admitted for haemodynamic measurement were consecutively collected between December 2010 and December 2012. Laboratory parameters and LS measurements using SWE were obtained on the same day of HVPG measurement. HVPG measurement was performed in patients with previous history of variceal bleeding or impending sign of variceal bleeding to evaluate the presence of PH and to assess the clinical course of PH. All patients had previous histological confirmation of cirrhosis or a diagnosis of cirrhosis suspected on the basis of standard clinical, imaging and biochemical parameters.""</p><p>""The baseline characteristics of 92 consecutively enrolled patients (63 male, mean age 53 ± 11.9 years) at the time of HVPG measurement and LSM by SWE are summarized in Table 1. The main causes of cirrhosis were alcohol (n = 52, 56.5%), hepatitis B or C virus (n = 26, 28.3%) and mixed (n = 4, 4.3%). The median Child-Turcott–Pugh (CTP) and model for the end-stage liver disease (MELD) score were 7 (IQR, 6–8) and 9 (IQR, 7-14) respectively. The median HVPG and LS values were 15.1 (IQR 11.2–18.2) mmHg and 26.7 (IQR 14.9–37.6) kPa respectively. CSPH and SPH were found in 77 (83.7%) and in 66 (71.5%) among 92 patients.""</p>",<p>LSM by 2D-SWE. The cut-off values were not pre-specified. The investigators were blinded for the results of index test and reference standard.</p>,"<p>Target conditions: CSPH and SPH, reference standard: HVPG. The investigators were blinded for the results of index test and reference standard.</p>","<p>""Laboratory parameters and LS measurements using SWE were obtained on the same day of HVPG measurement.""</p>",,"<p>""The authors do not have any disclosures to report.""</p><p>""This study was partly supported by the research fund of the Hanyang University (HY-2010-G).""</p>",2015.0,Other,Full-text,Prospective,Non-randomized,115.0,92.0,No exclusion criteria met,52.0,68.5,No data,100.0,7.6,20.7,56.5,,9.0,48.9,39.1,12.0,51.1,83.7,71.7,Experienced physicians,LSM by 2D-SWE,None,None,Yes,Yes,< one week,Not VCTE,77.8,28.3,No,Yes,Yes,No,No SSM analysis,No SSM analysis,No,None,None
Kumar 2017,2017,PUB,26589958,"<p>""Consecutive patients with cirrhosis greater than 15 years of age who underwent HVPG and TE were included in the study. Both these procedures should have been performed within an interval of one week. The following patients were excluded from the study: (1) patients with non-cirrhotic cause of portal hypertension; (2) patients with acute-on-chronic liver failure; (3) patients with an invalid reading of TE or whose HVPG was not possible due to technical reasons; (4) patients who received beta blocker therapy in the past two weeks; and (5) concomitant extrahepatic malignancy.""</p><p>""From January 2014 to June 2016, three hundred and seventy-nine patients were screened for enrolment in the study. Of these, 326 patients were included in the study, and the remaining 53 were excluded due to following reasons: (1) patients with non-cirrhotic cause of portal hypertension (n = 16); (2) patients with acute-on-chronic liver failure (n= 27); (3) patients with invalid TE reading or whose HVPG was not possible due to technical reasons (n = 5); (4) patients who received beta blocker therapy in the past two weeks (n = 3); and (5) concomitant extrahepatic malignancy (n = 2).""</p>","<p>""The study was conducted at the Institute of Liver, Gastroenterology, and Pancreatico-Biliary Sciences, Sir Ganga Ram Hospital, New Delhi, on patients who underwent HVPG and TE from July 2011 to May 2016.""</p><p>""The median age was 52 years (range 16-90 years), and the majority (81%) were males. The most common etiology of cirrhosis was cryptogenic (45%) followed by alcohol (34%). Ascites was present in 51% of patients. Sixty-four percent of patients were non-bleeders, whereas the remaining had bled from varices in the past. The median CTP score was 7 (range 5-12), and the median MELD score was 12 (range 6-37). The median liver stiffness was 36 kPa with a range of 3 to 75 kPa. Eighty-five percent of patients had clinically significant portal hypertension (HVPG ≥ 10 mmHg). Seventy-six percent patients had HVPG greater than 12 mmHg (severe portal hypertension, SPH), which is the threshold for variceal bleeding.""</p>",<p>LSM by VCTE. The cut-off value was not pre-specified. There is no data on blinding of the investigators of the results of index test and reference standard.</p>,"<p>Target condition: CSPH, reference standard: HVPG. There is no data on blinding of the investigators of the results of index test and reference standard.</p>","<p>""Consecutive patients with cirrhosis greater than 15 years of age who underwent HVPG and TE were included in the study. Both these procedures should have been performed within an interval of one week.""</p><p>""From January 2014 to June 2016, three hundred and seventy-nine patients were screened for enrolment in the study. Of these, 326 patients were included in the study, and the remaining 53 were excluded due to following reasons: (1) patients with non-cirrhotic cause of portal hypertension (n = 16); (2) patients with acute-on-chronic liver failure (n= 27); (3) patients with invalid TE reading or whose HVPG was not possible due to technical reasons (n = 5); (4) patients who received beta blocker therapy in the past two weeks (n = 3); and (5) concomitant extrahepatic malignancy (n = 2).""</p>",,"<p>""We have no financial relationships to disclose.""</p>",2017.0,Other,Full-text,Retrospective,Non-randomized,379.0,326.0,No exclusion criteria met,52.0,81.0,No data,100.0,,,34.0,45.0,12.0,,,,,85.0,76.0,Physicians,LSM by VCTE,None,None,No data,No data,< one week,Non-specified,86.0,15.0,No,Yes,Yes,No data on Child Pugh classification,No SSM analysis,No SSM analysis,No,None,None
Lemoine 2008 (alcoholic aetiology),2008,PUB,26589960,"<p>""We recorded data from a well-defined population of patients who, the same day, underwent transjugular liver biopsy and LSM (Fibroscan) in our liver unit. Between January 2004 and September 2006, 806 transjugular biopsies have been performed in our department. In this cohort of patients, we selected patients who had LSM and transjugular biopsy with HVPG measurement the same day and who fulfilled the following criteria: (i) histologically proven cirrhosis either because of HCV infection (positive HCV antibodies) or alcohol abuse (‡50 g ⁄ day during at least 10 years); (ii) patients scored Child-Pugh class A; and (iii) available hemodynamic data. The exclusion criteria were: (i) other causes of liver disease, in particular, HBV infection and mixed aetiologies (alcohol and HCV, HIV coinfection); (ii) presence of portal vein thrombosis; (iii) ongoing treatment by beta-blockers; (iv) ongoing or recent treatment &lt;6 months by anti-viral therapy; (v) recent gastro-intestinal bleeding or endotherapy; (vi) liver cancer; and (vii) cardiac failure. No patients were liver transplanted or had previous portosystemic shunt.""</p>","<p>""We recorded data from a well-defined population of patients who, the same day, underwent transjugular liver biopsy and LSM (Fibroscan) in our liver unit. Between January 2004 and September 2006, 806 transjugular biopsies have been performed in our department. 92 patients were eligible. All patients had compensated cirrhosis and were scored Child-Pugh class A.""</p>",<p>LSM by VCTE. The cut-off values were not pre-specified. The investigators were blinded for the results of index test and reference standard.</p>,"<p>Target condition: CSPH, reference standard: HVPG. The investigators were blinded for the results of index test and reference standard.</p>","<p>""We recorded data from a well-defined population of patients who, the same day, underwent transjugular liver biopsy and LSM (Fibroscan) in our liver unit.""</p>",,"<p>""Declaration of personal and funding interests: None.""</p>",2008.0,Europe,Full-text,Retrospective,Non-randomized,92.0,48.0,No exclusion criteria met,54.0,83.3,No data,100.0,0.0,0.0,100.0,0.0,,100.0,0.0,0.0,0.0,83.3,,Experienced physicians,LSM by VCTE,None,None,Yes,Yes,< one week,Non-specified,,0.0,No,Yes,No SPH analysis,Yes,No SSM analysis,No SSM analysis,No,None,None
Lemoine 2008 (viral aetiology),2008,PUB,26589962,"<p>""We recorded data from a well-defined population of patients who, the same day, underwent transjugular liver biopsy and LSM (Fibroscan) in our liver unit. Between January 2004 and September 2006, 806 transjugular biopsies have been performed in our department. In this cohort of patients, we selected patients who had LSM and transjugular biopsy with HVPG measurement the same day and who fulfilled the following criteria: (i) histologically proven cirrhosis either because of HCV infection (positive HCV antibodies) or alcohol abuse (‡50 g ⁄ day during at least 10 years); (ii) patients scored Child-Pugh class A; and (iii) available hemodynamic data. The exclusion criteria were: (i) other causes of liver disease, in particular, HBV infection and mixed aetiologies (alcohol and HCV, HIV coinfection); (ii) presence of portal vein thrombosis; (iii) ongoing treatment by beta-blockers; (iv) ongoing or recent treatment &lt;6 months by anti-viral therapy; (v) recent gastro-intestinal bleeding or endotherapy; (vi) liver cancer; and (vii) cardiac failure. No patients were liver transplanted or had previous portosystemic shunt.""</p>","<p>""We recorded data from a well-defined population of patients who, the same day, underwent transjugular liver biopsy and LSM (Fibroscan) in our liver unit. Between January 2004 and September 2006, 806 transjugular biopsies have been performed in our department. 92 patients were eligible. All patients had compensated cirrhosis and were scored Child-Pugh class A.""</p>",<p>LSM by VCTE. The cut-off values were not pre-specified. The investigators were blinded for the results of index test and reference standard.</p>,"<p>Target condition: CSPH, reference standard: HVPG. The investigators were blinded for the results of index test and reference standard.</p>","<p>""We recorded data from a well-defined population of patients who, the same day, underwent transjugular liver biopsy and LSM (Fibroscan) in our liver unit.""</p>",,"<p>""Declaration of personal and funding interests: None.""</p>",2008.0,Europe,Full-text,Retrospective,Non-randomized,92.0,44.0,No exclusion criteria met,57.0,54.5,No data,100.0,100.0,0.0,0.0,0.0,,100.0,0.0,0.0,0.0,77.3,,Experienced physicians,LSM by VCTE,None,None,Yes,Yes,< one week,Non-specified,,100.0,Yes,Yes,No SPH analysis,Yes,No SSM analysis,No SSM analysis,No,None,None
Levick 2019,2019,MIX,26589964,"<p>""Eligible patients were aged 16 years or over who were referred for liver biopsy for suspected cirrhosis with/ without portal pressure measurement. Patients were excluded if they had contraindications to MR scanning, or if the HVPG could not be computed from the available pressure measurements. Patients attended a single study visit for MR scanning and liver transient elastography using Fibroscan (Echosens, France). MR scans and other non-invasive scores were analysed blinded from the liver biopsy and HVPG results.""</p>","<p>""This was a prospective, proof of concept study. Patients were recruited consecutively from the John Radcliffe Hospital (Oxford, UK) between August 2013 and April 2015. Eligible patients were aged 16 years or over who were referred for liver biopsy for suspected cirrhosis with/ without portal pressure measurement.""</p>",<p>LSM by VCTE. The cut-off values were not pre-specified. The investigators were blinded for the results of index test and reference standard.</p>,"<p>Target condition: CSPH, reference standard: HVPG. The investigators were blinded for the results of index test and reference standard.</p>",<p>No information on interval between index test and reference standard.</p>,,"<p>""Competing interests: I have read the journal’s policy and the authors of this manuscript have the following competing interests: MP, RB, MDR, SN and EB are shareholders in Perspectum Diagnostics (PD). RB, MDR and SN are on the board of directors of PD. RB and MDR are employed by PD. MP, RB, MDR, SKP, SN and EB have filed patent applications, in the field of liver disease assessment using magnetic resonance techniques, including “Medical Imaging” patent with priority application number GB1406304.4, filed on 8th April 2014. This does not alter our adherence to PLOS ONE policies on sharing data and materials.""</p><p>""Funding: CL was supported by a doctoral training research fellowship (study (DRF_2015-08-065) from the National Institute of Health Research (NIHR) (https://www.nihr.ac.uk/our-research-community/NIHR-academy/nihr-training-programmes/fellowship-programme/nihr-doctoral-fellowship.htm). JPH, JC, RB, LMW, MDR received no specific funding for this work. JFC, SKP, SN, EB and MP were supported by the Oxford NIHR Biomedical Research Centre (https://oxfordbrc. nihr.ac.uk/). MP was supported by the Oxfordshire Health Services Research Committee (https://www. ouh.nhs.uk/researchers/grants/default.aspx). EB was supported by the Medical Research Council UK (https://mrc.ukri.org). The funders had no role in study design, data collection and analysis, decision to publish, or preparation of the manuscript.""</p>",2019.0,Europe,Full-text,Prospective,Non-randomized,19.0,13.0,No exclusion criteria met,,,No data,,,,,,,,,,,30.8,,No data,LSM by VCTE,None,None,Yes,Yes,No data,Non-specified,,,No data on viral aetiology prevalence,No,No SPH analysis,No data on Child Pugh classification,No SSM analysis,No SSM analysis,Yes,None,None
Maruyama 2016,2016,PUB,26589966,"<p>""The potential participants of the study were patients who were tentatively diagnosed with chronic hepatitis or cirrhosis in the outpatient clinic of our department. The subjects were recruited when no focal hepatic lesion was detected by routine US and when: i) patients were scheduled for liver biopsy, ii) patients were diagnosed as chronic hepatitis or cirrhosis by a laboratory test combined with two different imaging modalities, US and computed tomography/magnetic resonance imaging. When the subjects decided to participate in this study, elastography with both 2D-SWE and TE were scheduled on the same day, and blood samples were obtained at the time of elastography. Additionally, all patients who were diagnosed with cirrhosis underwent upper gastrointestinal endoscopy to screen the gastroesophageal varices. The study excluded pregnant patients.""</p><p>""The study comprised of two phases; phase I performed in first 40 patients with histological diagnosis of fibrosis grade to propose the reliability criterion using the quality of propagation and phase II performed in 95 patients based on clinical diagnosis with/without histological results to compare the diagnostic abilities for chronic hepatitis/cirrhosis and severity of portal hypertension between 2D-SWE and TE. The phase II included control subjects recruited from those who received abdominal US screening in our hospital. The elastography was performed on the participants who showed no abnormal findings and volunteered.""</p><p>""Hepatic venous catheterization was performed in 25 patients, and with the technical success and reliability criteria for the elastography, 22 patients were eligible for the comparison of the diagnostics (median, 4 days between elastography and hepatic venous catheterization, range 2–170 days).""</p>","<p>""This prospective study was performed from November 2014 through December 2015 in our department after obtaining informed written consent from all participants. There were 95 subjects, and the technical success rate was 100% (95/95) using 2D-SWE and 94.7% (90/95, P = 0.023) using TE. The BMI (kg/m2 ) was significantly higher in the failure group (32.3 ± 4.1) than in the success group (21.5 ± 3.2, P &lt; 0.001). Finally, 70 patients were eligible for the study (Table 2); 14 controls, 13 patients with chronic hepatitis, and 43 patients with cirrhosis.""</p>",<p>LSM by VCTE. The cut-off values were not pre-specified. There is no data on blinding of the investigators of the results of index test and reference standard.</p>,"<p>Target conditions: CSPH and SPH, reference standard: HVPG. There is no data on blinding of the investigators of the results of index test and reference standard.</p>","<p>""The median between elastography and hepatic venous catheterization was 4 days, range 2–170 days. Elastography with both 2D-SWE and TE were scheduled on the same day.""</p>",,<p>No data on conflicts of interest or funding.</p>,2016.0,Other,Full-text,Prospective,Non-randomized,70.0,25.0,No exclusion criteria met,,,No data,,,,,,,,,,,72.7,68.2,No data,LSM by VCTE,LSM by 2D-SWE,None,No data,No data,> one week,Non-specified,,,No data on viral aetiology prevalence,Yes,Yes,No data on Child Pugh classification,No SSM analysis,No SSM analysis,No,None,None
Odriozola 2023,2023,PUB,26589968,"<p>""We conducted a retrospective cross-sectional study in the Marques de Valdecilla University Hospital (Santander, Cantabria, Spain), an urban, academic tertiary care centre. Patients aged 18 years or older with paired measurements of HVPG and LSM/SSM within 1 year were included. Patients with any of the following criteria were excluded: liver transplants recipients, patients with decompensated cirrhosis or any intervention that may affect portal pressure between LSM/SSM and HVPG measurements, non-cirrhotic portal hypertension, acute or chronic portal vein thrombosis of any extent, hepatocellular carcinoma outside the Milan criteria, transjugular intrahepatic portosystemic shunts and no abdominal imaging available or time interval between abdominal imaging and VCTE evaluation &gt;6 months. The main demographic, clinical, biochemical, radiological, histological and endoscopic data were collected for each patient at the time of VCTE measurement. The most frequent imaging test was abdominal ultrasound (n = 74, 87.1%), with 42 patients (49.4%) having a computed tomography scan or magnetic resonance imaging. A liver biopsy within 12 months of LSM/SSM was available in 65 patients (76.5%).""</p><p>""One MAFLD patient (1.2%) did not fulfil LSM reliability criteria and in another 11 (12.9%, 10 MAFLD and one non-MAFLD) SSM was not feasible (i.e., no valid measurement).""</p>","<p>""We conducted a retrospective cross-sectional study in the Marques de Valdecilla University Hospital (Santander, Cantabria, Spain), an urban, academic tertiary care centre. Patients aged 18 years or older with paired measurements of HVPG and LSM/SSM within 1 year were included.""</p><p>""A total of 160 patients had paired measurements of HVPG, SSM and LSM during the study period (January 2020–October 2022), of whom 75 patients presented exclusion criteria. Therefore, a total of 85 patients were included, 60 (70.6%) MAFLD and 25 (29.4%) with a non-MAFLD aetiology. Most of the patients were male (56, 65.9%) and the median age was 59.3 (54.0–64.8) years. Three patients (two MAFLD and one non-MAFLD) were on a stable dose of NSBB at both HVPG measurement and VCTE. The median HVPG was 6.5 (4.0–11.3) mmHg, and 29 (34.1%) patients had CSPH.""</p>",<p>LSM and SSM by VCTE. The cut-off values were not pre-specified. There is no data on blinding of the investigators of the results of index test and reference standard.</p>,"<p>Target condition: CSPH, reference standard: HVPG. There is no data on blinding of the investigators of the results of index test and reference standard.</p>","<p>""LSM and SSM were performed the same day by VCTE (Fibroscan® Expert 630, Echosens™) after overnight fasting and an abdominal ultrasound examination. The median time interval between the HVPG and TE evaluation was 7.4 (0.4–14.5) weeks and did not differ between groups (p = .276). Both procedures were performed on the same day in 22 patients (25.9%).""</p>",,"<p>The authors declare no conflict of interest.</p><p>""José Ignacio Fortea was supported by grants from the Carlos III Health Institute (PI20/01258) and the Spanish Association for Study of the Liver (AEEH, Juan Cordoba grant).""</p>",2023.0,Europe,Full-text,Retrospective,Non-randomized,160.0,84.0,Multiple,59.0,66.0,No data,,,,15.3,70.6,8.0,97.6,2.4,0.0,2.4,34.5,,No data,LSM by VCTE,SSM by VCTE,None,No data,No data,> one week,LSM@100Hz,,7.1,No,No,No SPH analysis,Yes,SSM 100Hz,No data on probe used,No,None,None
Podrug 2022,2022,PUB,26589970,"<p>""Consecutive patients with available results of HVPG measurements and liver biopsy performed due to suspicion of cACLD over a period of three years were included in this retrospective study approved by the Institutional Ethics Committee. Suspicion of cACLD was based on LSM≥10 kPa by TE or results of liver imaging (ultrasound, computerized tomography or magnetic resonance that revealed coarse liver parenchyma with irregular liver surface or irregular interface of the hepatic veins,), without overt signs of CSPH (presence of portosystemic collaterals or signs of decompensation—presence of ascites, not otherwise detectable by physical examination). All patients underwent standardized clinical workup in order to defne etiology and clinical stage of liver disease. Only patients over 18 years of age, with available results of LSM by TE performed within 1-month period before HVPG measurement, and no previous episodes of liver decompensation (ascites, variceal bleeding, portal encephalopathy, jaundice) were included. Patients with conditions known to afect results of LSM (ALT&gt;5×ULN, liver congestion, extrahepatic biliary obstruction, infltrative liver neoplasms) were excluded.""</p>","<p>""Consecutive patients with available results of HVPG measurements and liver biopsy performed due to suspicion of cACLD over a period of three years were included in this retrospective study approved by the Institutional Ethics Committee.""</p><p>""The majority of 76 included patients sufered from alcoholic (36.8%) or nonalcoholic fatty (30.3%) liver disease (Table 1), 40 (52.6%) had HVPG ≥10 mmHg, 56.6% had platelet counts ≥150× 109 /L and 30.3% were obese (body mass index, BMI&gt;30 kg/m2 ). LSM ≥10 kPa was detected in 65/76 (85.5%) patients, and 59 (90.8%) of them had bridging fbrosis or cirrhosis (cACLD) on histopathology examination.""</p>",<p>LSM by VCTE. The cut-off value was pre-specified. There is no data on blinding of the investigators of the results of index test and reference standard.</p>,"<p>Target condition: CSPH, reference standard: HVPG. There is no data on blinding of the investigators of the results of index test and reference standard.</p>","<p>""Only patients over 18 years of age, with available results of LSM by TE performed within 1-month period before HVPG measurement. All participants had reliable LSM and HVPG results.""</p>",,"<p>""The authors declare that they have no confict of interest. Each author has approved the final draft submitted.""</p><p>""This research did not receive any specifc grant from funding agencies in the public, commercial or not-for-proft sectors.""</p>",2022.0,Europe,Full-text,Retrospective,Non-randomized,89.0,76.0,No data,62.0,79.0,No data,80.3,,,36.8,30.3,,,,,,52.6,,No data,LSM by VCTE,None,None,No data,No data,> one week,Non-specified,22.4,14.5,No,Yes,No SPH analysis,No data on Child Pugh classification,No SSM analysis,No SSM analysis,No,None,None
Procopet 2015a,2015,PUB,28522017,"<p>""One hundred twelve consecutive patients referred to Hepatic Hemodynamic Lab in Barcelona for HVPG measurement (alone or combined with transjugular liver biopsy) from February 20th to June 20th 2014 were screened. Patients in whom HVPG measurement for the assessment of portal hypertension was not the primary aim of the hemodynamic study were excluded. This occurred in 24 patients that had the the hemodynamic study was to obtain a transjugular liver biopsy for the histological evaluation of acute hepatitis (n=8), suspected rejection of the graft in previous liver transplantation (n=5), throughout assessment of non-cirrhotic ascites (n=5), suspected post-chemotherapy sinusoidal obstruction syndrome (n=4), suspected hepatic infiltrative lymphoma (n=1) and HIV associated portal hypertension (n=1).""</p>","<p>""One hundred twelve consecutive patients referred to Hepatic Hemodynamic Lab in Barcelona for HVPG measurement (alone or combined with transjugular liver biopsy) from February 20th to June 20th 2014 were screened. The included population (n=88) was composed by patients within the following clinical scenarios: compensated long-lasting chronic hepatitis (CLD) or cirrhosis (n=55; 4 with severe liver fibrosis, 51 with cirrhosis) in whom HVPG was required to assess the presence/absence of CSPH; decompensated cirrhosis (n=24; 20 with ascites) in whom HVPG was indicated before starting NSBB (n=6) or before TIPS insertion (n=4), or within the 7 evaluation of newly appeared ascites (n=14; post-transplantation recurrence of cirrhosis in one case); and control group to check for normality range (n=9): patients without any chronic liver disease but having one or two liver metastases from extrahepatic cancer in whom HVPG and liver biopsy were performed to rule-out PH due to previous chemotherapy. In all these patients liver resection surgery for the metastases was performed and pathological examination of the hepatic parenchyma excluded any liver disease. We included only 55 patients with compensated long-lasting chronic hepatitis or cirrhosis.""</p>",<p>LSM by 2D-SWE. The cut-off values were not pre-specified. The investigators were blinded for the results of index test and reference standard.</p>,"<p>Target condition: CSPH, reference standard: HVPG. The investigators were blinded for the results of index test and reference standard.</p>","<p>""All RT-SWE measurements were done in the Hepatic Hemodynamic Laboratory in fasting state few minutes before HVPG measurement by two physicians experienced in abdominal ultrasound; therefore in all cases operators were blinded to the results of HVPG measurement.""</p>",,"<p>The authors have no conflict of interest to disclose.</p><p>""The Aixplorer ultrasound equipment was kindly provided by Supersonic Imagine, France for the period of the present study. This work is supported in part by grants from Instituto de Salud Carlos III (ISCiii, PI13/00341, FEDER). CIBERehd is funded by Instituto de Salud Carlos III. Dr. Procopet is Marie Curie Fellow within the CLEVER project which is funded by the European Commission under the Seventh Framework Programme (FP7-PEOPLE-2013-IAPP Grant agreement 612273).""</p>",2015.0,Europe,Full-text,Prospective,Non-randomized,88.0,55.0,No exclusion criteria met,59.0,72.0,No data,93.0,45.5,11.0,14.5,,,,,,,51.0,,Experienced physicians,LSM by 2D-SWE,None,None,Yes,Yes,< one week,Not VCTE,,56.5,No,Yes,No SPH analysis,No data on Child Pugh classification,No SSM analysis,No SSM analysis,No,None,None
Procopet 2015b (training group),2015,PUB,28522019,"<p>""Patients were included in this prospective diagnostic study if they had compensated long-lasting chronic liver diseases with suspicion of cirrhosis and portal hypertension based on clinical and laboratory data. Exclusion criteria were: previous decompensation of liver disease, hepatocellular carcinoma, Child–Pugh score over 9 points and presence of acute hepatitis (transaminases higher than 10-fold the upper limit of normal) since this is a well-known cause of increase liver stiffness independently of liver fibrosis. In order to build the ANNs and validate their performance, the included population was arbitrarily split using a random integer set generator into two groups: a training group including more than 75% of the population (N = 158) and a validation set (N = 44).""</p>","<p>""All consecutive patients observed in a single tertiary reference centre in France for transjugular liver biopsy and HVPG measurement for the diagnosis of cirrhosis and portal hypertension over a period two years were screened.""</p><p>""Among the 236 patients observed, 21 were excluded due to previous decompensation (9%), 7 due to acute severe hepatitis (3%) and 6 due to a Child–Pugh score greater than 9 (2.5%).""</p><p>""By combining histological, clinical, and haemodynamic data, cirrhosis was found in 111 patients (55.4%); 69 had EV (61%) and 73 had clinically significant PH (65%), and 100 patients had F4 on histology (49.5%).""</p>",<p>LSM by VCTE. The cut-off values were pre-specified. The investigators were blinded for the results of index test and reference standard.</p>,"<p>Target condition: CSPH, reference standard: HVPG. The investigators were blinded for the results of index test and reference standard.</p>","<p>""Serological tests and liver stiffness measurement were performed on the day of HVPG measurement.""</p>",,"<p>Authors declared no conflicts of interest.</p><p>""At the time of submission Dr. Bogdan Procopet and Dr. Horia Stefanescu are Marie Curie fellows within the CLEVER project, which isvfundedvby the European Commission under the Seventh Framework Programme (FP7-PEOPLE-2013-IAPP; Grant Agreement 612273).""</p>",2015.0,Europe,Full-text,Prospective,Non-randomized,236.0,154.0,No exclusion criteria met,58.0,65.0,No data,58.0,,,35.0,,,,,0.0,,37.0,,No data,LSM by VCTE,None,None,Yes,Yes,< one week,LSM@50Hz probe M,35.0,29.0,No,No,No SPH analysis,No data on Child Pugh classification,No SSM analysis,No SSM analysis,No,None,None
Procopet 2015b (validation group),2015,PUB,28522021,"<p>""Patients were included in this prospective diagnostic study if they had compensated long-lasting chronic liver diseases with suspicion of cirrhosis and portal hypertension based on clinical and laboratory data. Exclusion criteria were: previous decompensation of liver disease, hepatocellular carcinoma, Child–Pugh score over 9 points and presence of acute hepatitis (transaminases higher than 10-fold the upper limit of normal) since this is a well-known cause of increase liver stiffness independently of liver fibrosis. In order to build the ANNs and validate their performance, the included population was arbitrarily split using a random integer set generator into two groups: a training group including more than 75% of the population (N = 158) and a validation set (N = 44).""</p>","<p>""All consecutive patients observed in a single tertiary reference centre in France for transjugular liver biopsy and HVPG measurement for the diagnosis of cirrhosis and portal hypertension over a period two years were screened.""</p><p>""Among the 236 patients observed, 21 were excluded due to previous decompensation (9%), 7 due to acute severe hepatitis (3%) and 6 due to a Child–Pugh score greater than 9 (2.5%).""</p><p>""By combining histological, clinical, and haemodynamic data, cirrhosis was found in 111 patients (55.4%); 69 had EV (61%) and 73 had clinically significant PH (65%), and 100 patients had F4 on histology (49.5%).""</p>",<p>LSM by VCTE. The cut-off values were pre-specified. The investigators were blinded for the results of index test and reference standard.</p>,"<p>Target condition: CSPH, reference standard: HVPG. The investigators were blinded for the results of index test and reference standard.</p>","<p>""Serological tests and liver stiffness measurement were performed on the day of HVPG measurement.""</p>",,"<p>Authors declared no conflicts of interest.</p><p>""At the time of submission Dr. Bogdan Procopet and Dr. Horia Stefanescu are Marie Curie fellows within the CLEVER project, which isvfundedvby the European Commission under the Seventh Framework Programme (FP7-PEOPLE-2013-IAPP; Grant Agreement 612273).""</p>",2015.0,Europe,Full-text,Prospective,Non-randomized,236.0,44.0,No exclusion criteria met,54.0,66.0,No data,46.0,,,23.0,,,,,0.0,,34.0,,No data,LSM by VCTE,None,None,Yes,Yes,< one week,LSM@50Hz probe M,32.0,50.0,No,No,No SPH analysis,No data on Child Pugh classification,No SSM analysis,No SSM analysis,No,None,None
Reiberger 2012,2012,PUB,26589978,"<p>""Data on TE measurements were collected prospectively from patients with chronic liver disease managed by the hepatic hemodynamic laboratory of the Medical University of Vienna. Exclusion criteria were presence of pre and posthepatic causes of portal hypertension, elevated aminotransferases &gt;10× upper limit of normal, average daily alcohol intake &gt;50 g within the last 2 months, and active bacterial infections. Data of portal pressure were recorded, if HVPG was measured simultaneously. No vasoactive drugs were allowed.""</p><p>""695 patients were included in the analysis. Among those 695 patients, 502 patients underwent measurement of HVPG (HVPG-cohort), since portal hypertension was suspected by laboratory parameters or radiologic imaging.""</p>","<p>""Data on TE measurements were collected prospectively from patients with chronic liver disease managed by the hepatic hemodynamic laboratory of the Medical University of Vienna.""</p><p>""Among 794 patients undergoing measurement of liver stiffness within the study period, 67 measurements (8 %) showed unreliable results of TE mainly due to obesity or ascites. Twenty patients (3 %) were excluded due to pre or posthepatic causes of portal hypertension and levels of aminotransferases were &gt;10× upper limit of normal in 12 (2 %) patients. Thus, 695 patients were included in the analysis. Among those 695 patients, 502 patients underwent measurement of HVPG (HVPG-cohort), since portal hypertension was suspected by laboratory parameters or radiologic imaging.""</p>",<p>LSM by VCTE. The cut-off value was not pre-specified. There is no data on blinding of the investigators of the results of index test and reference standard.</p>,"<p>Target condition: CSPH, reference standard: HVPG. There is no data on blinding of the investigators of the results of index test and reference standard.</p>","<p>""Liver samples were obtained by transjugular or percutaneous liver biopsy mostly on the same day but at least within 3 days of transient elastography and of HVPG measurement by standard techniques.""</p><p>""695 patients were included in the analysis. Among those 695 patients, 502 patients underwent measurement of HVPG (HVPG-cohort), since portal hypertension was suspected by laboratory parameters or radiologic imaging.""</p>",,<p>The authors do not have conflicts of interest to disclose.</p>,2012.0,Europe,Full-text,Prospective,Non-randomized,695.0,502.0,No exclusion criteria met,,,No data,,,,,,,,,,,55.0,,No data,LSM by VCTE,None,None,No data,No data,< one week,Non-specified,,,No data on viral aetiology prevalence,Yes,No SPH analysis,No data on Child Pugh classification,No SSM analysis,No SSM analysis,No data,None,None
Roselli 2017,2017,PUB,26589980,"<p>""70 patients with CLD attending the Royal Free Hospital who underwent HVPG measurements for clinical purposes were enrolled in the study. The population was heterogeneous in terms of age (59 ± 11), gender (M 78%, F 22%) and aetiology (HCV 17.1%, HBV 8.6%, NASH 31.4%, ALD 5.7%, Other 37.2%).""</p>","<p>""70 patients with CLD attending the Royal Free Hospital who underwent HVPG measurements for clinical purposes were enrolled in the study. The population was heterogeneous in terms of age (59 ± 11), gender (M 78%, F 22%) and aetiology (HCV 17.1%, HBV 8.6%, NASH 31.4%, ALD 5.7%, Other 37.2%).""&nbsp;</p>",<p>SSM by pSWE. The cut-off value was not pre-specified. There is no data on blinding of the investigators of the results of index test and reference standard.</p>,"<p>Target condition: CSPH, reference standard: HVPG. There is no data on blinding of the investigators of the results of index test and reference standard.</p>","<p>""Elastography was measured with ElastPQ (Affiniti 70 G Philips Healthcare) just before the hemodynamic assessment.""</p>",,<p>No data on authors conflicts of interest or funding.</p>,2017.0,Europe,Abstract,Retrospective,Non-randomized,70.0,70.0,No data,59.0,78.0,No data,,17.1,8.6,5.7,31.4,,,,,,37.1,,No data,SSM by pSWE,None,None,No data,No data,< one week,Not VCTE,,,No,No,No SPH analysis,No data on Child Pugh classification,No SSM analysis,No SSM analysis,No data,None,None
Salzl 2014,2014,PUB,26589982,"<p>""ARFI measurements were performed consecutively in patients scheduled for HVPG measurement. The inclusion criteria were: patients with liver cirrhosis with HVPG, TE and ARFI measurements. The exclusion criteria were the presence of pre- and post-hepatic causes of PH, previous liver transplantation, treatment with beta blocker therapy. During the study period 145 HVPG measurements were performed. For this study only baseline HVPG measurements without beta blocker therapy (n = 119) in patients with liver cirrhosis were considered. 13 patients with out liver cirrhosis were excluded. 4 patients were excluded due to portal vein thrombosis and 2 patients because of a previous liver transplantation. Furthermore, 12 patients without liver histology and without evident signs of liver cirrhosis were excluded. Therefore, 88 patients with liver cirrhosis were included in the study. Measurement of HVPG was not possible in 6 patients (9 %) due to failure to place the catheter (n = 3), patient non-compliance (n = 2), or collateral vessel formation (n = 1). Liver stiffness could not be measured by TE in 22 (25 %) patients and by means of ARFI in one (1 %) patient. &nbsp;In 59 patients (67.1 % of all patients) a complete dataset was available. All further calculations are based on patients with a complete dataset.""</p>","<p>""Data were prospectively collected from patients scheduled for HVPG measurement in the Hepatic Hemodynamic Laboratory at the Medical University Hospital of Vienna between February 2009 and April 2010 after informed consent had been obtained. ARFI measurements were performed consecutively in patients scheduled for HVPG measurement.""</p><p>""From February 2009 to April 2010, 88 consecutive patients with liver cirrhosis underwent measurements of LS via ARFI and TE (using the standard M-probe) prior to HVPG measurement. The etiology of liver cirrhosis was alcoholic liver disease (ALD) in 43 patients (49 %), viral hepatitis in 28 patients (32 %), a combination of ALD and viral hepatitis in 6 patients (7 %), non-alcoholic steatohepatitis in 3 patients (3 %), and other rare causes in 8 patients (9 %). At the time of HVPG measurement, 28 patients (31.8 %) presented with ascites. EV were endoscopically detected in 61 patients (69 %). Splenomegaly was present in 45 out of 66 patients (68.2 %) in whom information on spleen size was available. 15 patients were Child-Pugh class A (17 %) 58 patients Child-Pugh class B (66 %), and 15 patients Child-Pugh class C (17 %). &nbsp;In 59 patients (67.1 % of all patients) a complete dataset was available. All further calculations are based on patients with a complete dataset. In total 17 patients (28.8 %) had HVPG values below 10 mmHg, and 42 patients (71.2 %) were diagnosed with CSPH (HVPG ≥ 10 mmHg).""</p>",<p>LSM by VCTE. The cut-off value was not pre-specified. There is no data on blinding of the investigators of the results of index test and reference standard.</p>,"<p>Target condition: CSPH, reference standard: HVPG. There is no data on blinding of the investigators of the results of index test and reference standard.</p>","<p>No information on interval between index test and reference standard.&nbsp;</p><p>""88 patients with liver cirrhosis were included in the study. Measurement of HVPG was not possible in 6 patients (9 %) due to failure to place the catheter (n = 3), patient non-compliance (n = 2), or collateral vessel formation (n = 1). Liver stiffness could not be measured by TE in 22 (25 %) patients and by means of ARFI in one (1 %) patient. In 59 patients (67.1 % of all patients) a complete dataset was available. All further calculations are based on patients with a complete dataset.""</p>",,<p>No report of conflict of interests and funding.</p>,2014.0,Europe,Full-text,Prospective,Non-randomized,88.0,59.0,No exclusion criteria met,,,No data,100.0,,,49.0,3.0,,,,,,71.2,,No data,LSM by VCTE,LSM by pSWE,None,No data,No data,No data,LSM@50Hz probe M,69.0,32.0,No,Yes,No SPH analysis,No data on Child Pugh classification,No SSM analysis,No SSM analysis,Yes,None,None
Schonemier 2013,2013,PUB,26589984,"<p>""Liver stiffness was prospectively measured by ARFI in 45 consecutive patients (female/male 14/31; mean age: 50.4 +/- 13 years) with different chronic liver diseases (10 x viral, 10 x toxic, 8 x autoimmune, 3 x cholestatic, 14 x others) who underwent transjugular liver biopsy with measurement of HVPG. Additionally, hematological parameters and liver biochemistry were obtained. Significant PHT was defined as a HVPG &gt;10 mmHg. Results: Hepatic venous pressure gradient was found to be &gt;10 mmHg in 26 patients (58%). Cirrhosis was diagnosed in 19 patients (42%), and severe fibrosis in 9 patients (20%).""</p>","<p>""Liver stiffness was prospectively measured by ARFI in 45 consecutive patients (female/male 14/31; mean age: 50.4 +/- 13 years) with different chronic liver diseases (10 x viral, 10 x toxic, 8 x autoimmune, 3 x cholestatic, 14 x others) who underwent transjugular liver biopsy with measurement of HVPG. Additionally, hematological parameters and liver biochemistry were obtained. Significant PHT was defined as a HVPG &gt;10 mmHg. Results: Hepatic venous pressure gradient was found to be &gt;10 mmHg in 26 patients (58%). Cirrhosis was diagnosed in 19 patients (42%), and severe fibrosis in 9 patients (20%).""</p>",<p>LSM by pSWE. The cut-off value was not pre-specified. There is no data on blinding of the investigators of the results of index test and reference standard.</p>,"<p>Target condition: CSPH, reference standard: HVPG. There is no data on blinding of the investigators of the results of index test and reference standard.</p>",<p>No information on interval between index test and reference standard.</p>,,<p>No report of conflict of interests and funding.</p>,2013.0,Europe,Abstract,Prospective,Non-randomized,45.0,45.0,Cholestatic liver disease,50.4,68.9,No data,42.0,,,,,,,,,,58.0,,No data,LSM by pSWE,None,None,No data,No data,No data,Not VCTE,,22.2,No,Yes,No SPH analysis,No data on Child Pugh classification,No SSM analysis,No SSM analysis,No data,None,None
Schwabl 2015,2015,PUB,26589986,"<p>""Patients with CLD referred to the Vienna Hepatic Hemodynamic Laboratory were included in this retrospective study if: (i) age &gt;18 years; (ii) simultaneous measurement of LS by TE and HVPG were performed and (iii) data on LB within a time frame of 3 months was available. A total of 278 patients with CLD with available data on LB, TE and HVPG were identified. Twenty patients were excluded because of unreliable LB specimen and 32 patients were excluded because LB reports were not complete. Thus, the final data set included 226 patients. According to traditional TE criteria, 162 (71.6%) patients had reliable LS measurements.""</p>","<p>""Patients with CLD referred to the Vienna Hepatic Hemodynamic Laboratory were included in this retrospective study if: (i) age &gt;18 years; (ii) simultaneous measurement of LS by TE and HVPG were performed and (iii) data on LB within a time frame of 3 months was available.""</p>",<p>LSM by VCTE. The cut-off value was not pre-specified. There is no data on blinding of the investigators of the results of index test and reference standard.</p>,"<p>Target condition: CSPH, reference standard: HVPG. There is no data on blinding of the investigators of the results of index test and reference standard.</p>","<p>""Simultaneous measurements of LS by TE and HVPG were performed.""</p><p>""A total of 278 patients with CLD with available data on LB, TE and HVPG were identified. Twenty patients were excluded because of unreliable LB specimen and 32 patients were excluded because LB reports were not complete. Thus, the final data set included 226 patients. According to traditional TE criteria, 162 (71.6%) patients had reliable LS measurements.""</p>",,"<p>""The authors do not have any disclosures to report.""</p><p>""PS work was supported by the Joseph-Skoda Projektforderungspreis of the Austrian € Society of Internal Medicine to TR. MM and BAP work was supported by an unrestricted grant of Roche Austria to MPR. The FibroScan device was supported by a grant of MSD Austria to MPR.""</p>",2015.0,Europe,Full-text,Retrospective,Non-randomized,226.0,162.0,No exclusion criteria met,47.2,69.7,No data,53.7,,,12.3,,7.0,,,,,29.1,,Experienced physicians,LSM by VCTE,None,None,No data,No data,< one week,Non-specified,,79.1,No,No,No SPH analysis,No data on Child Pugh classification,No SSM analysis,No SSM analysis,Yes,None,None
Sohn 2011,2011,PUB,26589988,"<p>""Subjects of the study were drawn from consecutive series of 32 cirrhotic patients (male 23, mean age 50.8 ± 14.07 years).""</p>","<p>""Subjects of the study were drawn from consecutive series of 32 cirrhotic patients (male 23, mean age 50.8 ± 14.07 years). Twenty (62.5%) of 32 patients (viral 6, alcohol 17, virus + alcohol 4, others 5) had severe PHT.""</p>",<p>LSM by 2D-SWE. The cut-off value was not pre-specified. There is no data on blinding of the investigators of the results of index test and reference standard.</p>,"<p>Target condition: SPH, reference standard: HVPG. There is no data on blinding of the investigators of the results of index test and reference standard.</p>","<p>""The measurements of HVPG, LS by SWE and DI by DUS were performed on the same day.""</p>",,<p>Authors have nothing to disclose.</p>,2011.0,Other,Abstract,Retrospective,Non-randomized,32.0,32.0,No data,50.8,72.0,No data,100.0,,,53.0,,,,,,,,62.5,No data,LSM by 2D-SWE,None,None,No data,No data,< one week,Not VCTE,,,No,No CSPH analysis,Yes,No data on Child Pugh classification,No SSM analysis,No SSM analysis,No data,None,None
Stefanescu 2013,2013,PUB,26589990,"<p>""We included 37 cirrhotics (mean age 55.08 years, 7 (18.9 % ) had LEV and 14 (37.3 % ) had hepatic venous pressure gradient &gt; 10 mm Hg (clinical significant portal hypertension, CSPH)).""</p>","<p>""We conducted a small bicentric study. In a training lot (Toulouse, France) we included 37 cirrhotics (mean age 55.08 years, 7 (18.9 % ) had LEV and 14 (37.3 % ) had hepatic venous pressure gradient &gt; 10 mm Hg (clinical significant portal hypertension, CSPH)).""</p>",<p>SSM by VCTE. The cut-off value was not pre-specified. There is no data on blinding of the investigators of the results of index test and reference standard.</p>,"<p>Target condition: SPH, reference standard: HVPG. There is no data on blinding of the investigators of the results of index test and reference standard.</p>",<p>No information on interval between index test and reference standard.</p>,,<p>The authors declare no conflict of interest.</p>,2013.0,Europe,Other,Retrospective,Non-randomized,37.0,37.0,No exclusion criteria met,55.0,,No data,100.0,,,,,,,,,,37.3,,No data,SSM by VCTE,None,None,No data,No data,No data,Non-specified,18.9,,No data on viral aetiology prevalence,No,No SPH analysis,No data on Child Pugh classification,No data on probe used,No data on probe used,No data,None,None
Takuma 2016,2016,PUB,26589992,"<p>""Eighty patients with liver cirrhosis underwent assessment of portal pressure and endoscopic findings before starting prophylactic treatment with a beta-blocker or endoscopic treatment; these patients were considered for inclusion in the study between February 2012 and August 2013 on being referred to the Kurashiki Central Hospital. Of these 80 patients, 18 were excluded for the following reasons: episodes of recent (&lt;6 months) gastrointestinal bleeding (n = 8), a history of splenectomy (n = 2), a history of partial splenic embolization (n = 2), a history of b-blocker therapy (n = 4), and the presence of portal thrombosis (n = 2). A diagnosis of cirrhosis was determined as described previously on the basis of the results of histologic examination of liver tissue or combined physical, laboratory, and radiologic findings. Among the 62 patients who satisfied the inclusion criteria, two had an inconclusive SS measurement because the spleen was poorly visualized secondary to obesity or gastrointestinal gas. In total, there were 60 patients in the final analysis group.""</p>","<p>""Eighty patients with liver cirrhosis underwent assessment of portal pressure and endoscopic findings before starting prophylactic treatment with a beta-blocker or endoscopic treatment; these patients were considered for inclusion in the study between February 2012 and August 2013 on being referred to the Kurashiki Central Hospital.""</p><p>""The mean age was 70.8 years, 34 patients (56.7%) were male, and 36 patients (60.0%) had histologically proven cirrhosis. A total of 34 patients (56.7%) had clinically important portal hypertension, 29 (48.3%) had severe portal hypertension, 24 (40.0%) had EVs, and 16 (26.7%) had high-risk EVs.""</p>",<p>SSM by pSWE. The cut-off values were not pre-specified. The investigators were blinded for the results of index test and reference standard.</p>,"<p>Target condition: CSPH, reference standard: HVPG. The investigators were blinded for the results of index test and reference standard.</p>","<p>""Within 1 week (mean, 2.3 days; range, 1–6 days) after the measurement of LS and SS, HVPG measurements were performed.""</p>",,"<p>""Authors disclosed no relevant relationships.""</p>",2016.0,Other,Full-text,Prospective,Non-randomized,80.0,60.0,No exclusion criteria met,71.0,56.7,No data,60.0,13.3,58.3,10.0,,,68.3,30.0,1.7,31.7,56.7,48.3,Experienced physicians,SSM by pSWE,None,None,Yes,Yes,< one week,Not VCTE,40.0,71.6,No,Yes,Yes,No,No SSM analysis,No SSM analysis,No,None,None
Taru 2023,2023,PUB,26589994,"<p>""Seventy-six consecutive patients with biopsy-proven NAFLD/NASH were included.""</p>","<p>""Seventy-six consecutive patients with biopsy-proven NAFLD/NASH were included.""</p><p>""The median HVPG was 7 (4-13) mmHg, and 27 (35.5%) patients had CSPH. The liver histology fibrosis scoring identified 1 (1.3%), 10 (13.2%), 18 (23.7%), 15 (19.7%) respectively 32 (42.1%) patients as F0, F1, F2, F3, respectively F4.""</p>",<p>LSM by VCTE. The cut-off value was pre-specified. There is no data on blinding of the investigators of the results of index test and reference standard.</p>,"<p>Target condition: CSPH, reference standard: HVPG. There is no data on blinding of the investigators of the results of index test and reference standard.</p>",<p>No information on interval between index test and reference standard.</p>,,<p>There is no data on disclosures and study funding.</p>,2023.0,Europe,Abstract,Retrospective,Non-randomized,76.0,62.0,No data,,,No data,,,,,,,,,,,39.0,,No data,LSM by VCTE,None,None,No data,No data,No data,Non-specified,,,No data on viral aetiology prevalence,No,No SPH analysis,No data on Child Pugh classification,No SSM analysis,No SSM analysis,Yes,None,None
Tseng 2018,2018,PUB,26589996,"<p>""Between July 2014 and June 2016, a total of 125 cirrhotic patients with large EV (18-80 years) were consecutively enrolled in the present study. Diagnosis of cirrhosis was based on clinical, biochemical, imaging (ultrasound and computed tomography) studies, while the diagnosis of large EV was based on upper gastrointestinal endoscopy. Patients were excluded if they have previously received endoscopic treatment for varices or were treated with nonselective beta-blockers (NSBB), has moderate to severe ascites, active alcohol intake within 4 weeks, or has an acute or chronic liver failure according to the Asian Pacific Association for the Study of the Liver guidelines,20 concurrent hepatocellular carcinoma, had a prior history of splenectomy, concurrent portal vein thrombosis, biliary obstruction, and cardiac failure, or unwillingness to participate in the study. Of the 125 patients, 15 were excluded (endoscopic treatment of varices, n = 1; NSBB treatment, n = 2; moderate to severe ascites, n = 1; hepatocellular carcinoma, n = 2; splenectomy, n = 3; portal vein thrombosis, n = 5; active alcohol intake, n = 1). Therefore, a total of 110 cirrhotic patients with large EV were finally enrolled.""</p><p>""Of the 110 patients included in the present study, 11 (10%) had an inconclusive SS and/or LS measurement (defined as failure [no valid measurement] and unreliable results [valid measurement &lt;10 or interquartile range &gt;30% of median value, or success rate &lt;60%]), and were excluded from the study (Figure 1). Of these 11 patients, 2 patients had failed measurements for both LS and SS due to a high body mass index with a median of 28 kg/m2 . SS was not measurable (no valid measurements obtained) in 7 patients because the spleen was not enlarged or the interposition of the lung or colonic gas. SS could be measured in the 2 remaining patients due to high interquartile range (&gt;30%).""</p>","<p>""Between July 2014 and June 2016, a total of 125 cirrhotic patients with large EV (18-80 years) were consecutively enrolled in the present study.""</p><p>""Of the 99 patients, etiology of cirrhosis included hepatitis B (n = 68, 68.6%), alcohol (n = 5, 5.1%), primary biliary cirrhosis (n = 8, 8.1%), autoimmune hepatitis (n = 5, 5.1%), hepatitis C (n = 3, 3.0%), nonalcoholic fatty hepatitis (n = 2, 2.0%), and cryptogenic cirrhosis (n = 8, 8.1%). All patients had large EV confirmed via upper gastrointestinal endoscopy. Almost all the patients finally enrolled (n = 96) were classified as CSPH, except for 3 patients(HVPG = 9 mm Hg).""</p>",<p>LSM and SSM by VCTE. The cut-off values were not pre-specified. The investigators were blinded for the results of index test and reference standard.</p>,"<p>Target condition: SPH, reference standard: HVPG. The investigators were blinded for the results of index test and reference standard.</p>","<p>""Index test were performed on the day prior to HVPG measurement.""</p>",,"<p>The authors state no conflict of interest.</p><p>""The study has been supported by the National Natural Science Foundation of China (81500457).""</p>",2018.0,Other,Full-text,Prospective,Non-randomized,110.0,99.0,Cholestatic liver disease,57.0,68.7,No data,100.0,3.0,68.6,5.1,2.0,,,,,,97.0,86.9,Experienced physicians,LSM by VCTE,SSM by VCTE,None,Yes,Yes,< one week,LSM@50Hz probe M,100.0,71.6,No,Yes,Yes,No data on Child Pugh classification,LSM 50Hz,M probe,No,None,None
Vizzutti 2007,2007,PUB,26589998,"<p>""All patients had previous histopathological evidence of cirrhosis (METAVIR F4) or a diagnosis of cirrhosis suspected on the basis of standard clinical, ultrasonographic, and biochemical parameters. These patients were subjected to the hemodynamic study to obtain a basal assessment of portal pressure before starting a prophylactic treatment with beta-blockers (primary prophylaxis, n=31) or to confirm the diagnosis of cirrhosis (n=30). In this latter group of patients, a transjugular liver biopsy was performed. All specimens were characterized by a length &gt; 2.5 cm and included more that 11 portal tracts. Histopathological analysis confirmed the diagnosis of cirrhosis in 16 patients (METAVIR F4) and revealed the presence of advanced fibrosis in 14 patients (METAVIR F3). Exclusion criteria were a body mass index &gt; 35, the presence of ascites at clinical or ultrasound examinations, the presence of other overt complications of cirrhosis including cardiopulmonary and renal involvement, hepatocellular carcinoma, transaminases &gt; 10 upper limit of normal, ongoing antiviral therapy, co-infection with HBV and/or human immunodeficiency virus, active infectious diseases other than HCV, any alcohol intake within the 6 months preceding the study, previous derivative treatments for portal hypertension, concomitant pre-sinusoidal and extrahepatic causes of portal hypertension, use of vasoactive drugs including beta-blockers, diuretics, and anti-inflammatory drugs, age younger than 18 or older than 75 years, and pregnancy. In each patient, all experimental procedures were performed on the same study day.""</p>","<p>""Sixty-one consecutive patients (39 men and 22 women, mean age 55.6) with chronic HCV infection underwent HVPG measurement between March 1, 2005 and July 1, 2006 upon referral to the Hemodynamic Laboratory of our Institution. All patients had previous histopathological evidence of cirrhosis (METAVIR F4) or a diagnosis of cirrhosis suspected on the basis of standard clinical, ultrasonographic, and biochemical parameters.""</p><p>""Among the 47 patients with previous or confirmed diagnosis of cirrhosis, 28 (59.57%) were classified as Child-Pugh class A, 14 (29.79%) as Child-Pugh class B, and 5 (10.64%) as Child-Pugh class C. Considering the whole population, six patients (9.83%) had no portal hypertension (i.e., HVPG &lt; 5 mm Hg), 8 patients (13.11%) had a pre-clinical portal hypertension (i.e., HVPG more than 5 but less than 10 mm Hg), 47 patients (77.05%) had a clinically significant portal hypertension (i.e., HVPG &gt; 10 mm Hg), of whom 35 (57.38%) had severe portal hypertension (i.e., HVPG &gt; 12 mm Hg). Twelve patients were listed in the HVPG range &gt; 10 &lt; 12 mm Hg (19.67%). Esophageal varices were present in 30 of 47 patients with cirrhosis.""</p><p>""At the time of the study no patient with cirrhosis showed clinical features of clinical decompensation (encephalopathy, recent gastrointestinal bleeding, ascites, or peripheral edema), or ultrasonographic evidence of HCC and portal vein thrombosis.""</p>",<p>LSM by VCTE. The cut-off values were not pre-specified. The investigators were blinded for the results of index test and reference standard.</p>,"<p>Target condition: CSPH, reference standard: HVPG. The investigators were blinded for the results of index test and reference standard.</p>","<p>""In each patient, all experimental procedures were performed on the same study day. Immediately after undergoing LSM, the patients were transferred to the Hepatic Hemodynamic Laboratory.""</p>",,"<p>""Authors have no disclosures to report.""</p><p>""Supported by grants from the Italian MIUR, the University of Florence and the Italian Liver Foundation.""</p>",2007.0,Europe,Full-text,Prospective,Non-randomized,61.0,61.0,No exclusion criteria met,55.6,64.0,No data,77.0,100.0,0.0,0.0,0.0,0.0,45.9,23.0,8.2,31.2,77.0,57.4,Experienced physicians,LSM by VCTE,None,None,Yes,Yes,< one week,Non-specified,73.8,100.0,Yes,Yes,Yes,No,No SSM analysis,No SSM analysis,No data,None,None
Wang 2020,2020,PUB,26590000,"<p>""The patients with chronic liver disease who underwent hepatic vein pressure gradient (HVPG) measurements were consecutively enrolled in this study from November 2017 to October 2019 in Beijing Friendship Hospital, Capital Medical University.""</p>","<p>""The patients with chronic liver disease who underwent hepatic vein pressure gradient (HVPG) measurements were consecutively enrolled in this study from November 2017 to October 2019 in Beijing Friendship Hospital, Capital Medical University.""</p><p>""A total of 27 patients were included eventually (mean age: 53.3, 66.6% male). The main liver disease etiologies of the patients included in the study were Hepatitis B virus infection (25.9%) and alcohol (25.9%). There were five patients with HVPG &lt; 12 mmHg and nine patients with HVPG &gt;= 20 mmHg. MRE measurements of the liver and spleen stiffness was successfully performed on all patients.""</p>",<p>SSM by MRE. The cut-off value was not pre-specified. There is no data on blinding of the investigators of the results of index test and reference standard.</p>,"<p>Target condition: CSPH, reference standard: HVPG. There is no data on blinding of the investigators of the results of index test and reference standard.</p>","<p>""Liver stiffness and spleen stiffness were calculated by MRE within 1 week prior or inferior to HVPG measurement.""</p>",,<p>No data on conflicts of interests or funding.</p>,2020.0,Other,Abstract,Retrospective,Non-randomized,27.0,27.0,No exclusion criteria met,53.3,66.6,No data,,,25.9,25.9,,,,,,,,81.5,No data,SSM by MRE,None,None,No data,No data,< one week,Not VCTE,,,No,No CSPH analysis,Yes,No data on Child Pugh classification,No SSM analysis,No SSM analysis,No,None,None
Yoo 2018,2018,PUB,26590002,"<p>""Between January 2015 and October 2017, 111 patients with advanced chronic liver disease who measured HVPG and liver stiffness by 2D-SWE consecutively within 6 months (183 days) were enrolled. 9 patients were excluded for the reasons as follows: 7 for concurrent hepatocellular carcinoma and 1 for post-transplantation state. Among them, 74 patients who received TE simultaneously were involved in the comparison analysis.""</p>","<p>""Between January 2015 and October 2017, 111 patients with advanced chronic liver disease who measured HVPG and liver stiffness by 2D-SWE consecutively within 6 months (183 days) were enrolled.""</p><p>""Total 103 patients were eligible for the analysis. The mean age was 54.1±9.7 years and 72.8% was male. Mean Child-Pugh score was 7.36±1.80. 82 patients (79.6%) were proved to have CSPH and 75 patients (72.8%) were proved to have SPH.""</p>",<p>LSM by 2D-SWE. The cut-off values were not pre-specified. There is no data on blinding of the investigators of the results of index test and reference standard.</p>,"<p>Target conditions: CSPH and SPH, reference standard: HVPG. There is no data on blinding of the investigators of the results of index test and reference standard.</p>","<p>""Between January 2015 and October 2017, 111 patients with advanced chronic liver disease who measured HVPG and liver stiffness by 2D-SWE consecutively within 6 months (183 days) were enrolled.""</p>",,<p>No data on conflicts of interests or funding.</p>,2018.0,Other,Abstract,Retrospective,Non-randomized,111.0,103.0,No exclusion criteria met,54.1,72.8,No data,,,,,,,,,,,79.6,72.8,No data,LSM by 2D-SWE,None,None,No data,No data,> one week,Not VCTE,,,No data on viral aetiology prevalence,Yes,Yes,No data on Child Pugh classification,No SSM analysis,No SSM analysis,No data,None,None
Zhang 2022,2022,PUB,26590004,"<p>""At first, 689 consecutive patients who had undergone HVPG examination were collected in the electronic medical record at our medical center and in which 173 patients who had undergone ultrasound elastography examination at the same time were found. Patients who did not meet the criteria were excluded according to the exclusion criteria and fnally, 137 patients were included. Serological examinations, liver elastography, ultrasound, or CT were performed within a week prior to HVPG measurements. Non-conforming patients were excluded according to the following criteria: 1. Patients who have previously received invasive examinations such as transjugular intrahepatic portosystemic shunt (TIPS), splenectomy, partial splenic embolization, balloon occlusion retrograde transvenous occlusion, endoscopic therapy, or liver transplantation. 2. The measurement of HVPG value was performed before the LS measurement, and the time interval was more than 15 days. 3. The patient had gastrointestinal bleeding within half a year.""</p>","<p>""This retrospective study was approved by the institutional review board (Decision date Oct 27, 2015. Decision number 2015146D) with waiver of informed consent. The subjects were clinical or pathologically diagnosed cirrhosis patients older than 18 years old and younger than 80 years old who underwent HVPG and TE examinations from July 2013 to October 2015.""</p><p>""A total of 137 patients were included in this study. The mean age of the whole cohort was 47.87±10.94 years old (range 18–79 years old), the mean BMI index was 23.05 (21.22–24.57), and there were 94 male patients (68.6%). There were 93 patients with hepatitis B (67.9%), and the etiology of 44 patients in non-hepatitis B group were hepatitis C (9 patients), alcoholic cirrhosis (13 patients), primary biliary cholangitis (10 patients), and others (12 patient). 64 patients (46.7%) had ascites. The median Child–Pugh score was 6 (IQR 5–7), 82 patients (59.9%) for Child–Pugh A, and 55 (40.1%) for Child–Pugh B. The mean value of HVPG was 15.08 ± 5.72 mmHg (range 4 patients (2.9%) had no portal hypertension (HVPG ≤ 5 mmHg), 107 patients (78.1%) had CSPH (HVPG ≥ 10 mmHg), 95 patients (69.3%) had SPH (HVPG ≥12 mmHg), and 61 patients (44.5%) had VSPH (HVPG ≥16 mmHg). The LS median value was 17.20 kPa (IQR 12.25–23.75 kPa).""</p>",<p>LSM by VCTE. The cut-off value was not pre-specified. There is no data on blinding of the investigators of the results of index test and reference standard.</p>,"<p>Target condition: CSPH, reference standard: HVPG. There is no data on blinding of the investigators of the results of index test and reference standard.</p>","<p>""Serological examinations, liver elastography, ultrasound, or CT were performed within a week prior to HVPG measurements.""</p>",,"<p>The authors have no confict of interest to declare.</p>
<p>The authors declared that this study has received no financial support.</p>",2022.0,Other,Full-text,Retrospective,Non-randomized,173.0,137.0,Cholestatic liver disease,48.0,68.6,No data,100.0,6.5,67.9,9.5,,8.0,59.9,40.1,0.0,40.1,78.1,69.3,No data,LSM by VCTE,None,None,No data,No data,< one week,Non-specified,,73.4,No,Yes,Yes,No,No SSM analysis,No SSM analysis,No data,None,None
Zhu 2019,2019,PUB,26590006,"<p>""The diagnosis of cirrhosis was confirmed either by histologic examination of liver tissue or combined laboratory and radiologic findings. Hepatitis B-related cirrhosis was defined as cirrhosis patients with chronic viral hepatitis B, verified with serologic testing. Patients for whom the main etiology for chronic liver disease was not hepatitis B virus or who ingested alcohol in excess of 30 g/day for more than 5 years were excluded. All patients underwent HVPG measurement before starting an endoscopic treatment or before placement of transjugular intrahepatic portosystemic shunts. Routine blood tests were carried out within 24 h before HVPG measurement. Ultrasound examinations and contrast material-enhanced computed tomography (CT) were also required.""</p><p>""Of all 155 patients, 51 were excluded for the following reasons: episodes of recent (&lt;6 months) gastrointestinal bleeding (n = 5); history of partial splenic embolization (n = 2); history of splenectomy (n = 4); presence of thrombosis of the portal vein (diagnosed by US or CT) (n = 3); ongoing treatment by β-blockers (n = 2); presence of hepatocellular carcinoma (n = 1); and patients who could not get satisfactory 2-D SWE values (n = 34).""</p><p>""Of all 155 cirrhosis patients, 138 underwent 2-D SWE measurements. It was successful for L-SWE in 137 patients and all were considered reliable (99.3%). However, for S-SWE, it was successful in 104 patients (75.4%); the measurements failed in 23 patients (16.7%) and 11 patients were considered unreliable (8.0%). As the only patient who failed to obtain L-SWE also failed in S-SWE, 104 patients had applicable L-SWE and S-SWE measurements.""</p>","<p>""From March 2016 to May 2017, 155 patients with hepatitis B-related cirrhosis were collected. The diagnosis of cirrhosis was confirmed either by histologic examination of liver tissue or combined laboratory and radiologic findings. Hepatitis B-related cirrhosis was defined as cirrhosis patients with chronic viral hepatitis B, verified with serologic testing. Patients for whom the main etiology for chronic liver disease was not hepatitis B virus or who ingested alcohol in excess of 30 g/day for more than 5 years were excluded. All patients underwent HVPG measurement before starting an endoscopic treatment or before placement of transjugular intrahepatic portosystemic shunts. Routine blood tests were carried out within 24 h before HVPG measurement. Ultrasound examinations and contrast material-enhanced computed tomography (CT) were also required.""</p><p>""104 patients were included. As shown, the patients of our study were predominantly men (62.5%) with a mean age of 54.8 years. All patients had hepatitis B-virus related cirrhosis. The mean BMI was 20.9. The mean Child–Pugh score was 7 with a majority of patients in Child–Pugh class A (62.5%). Ascites was detected by US in 42 patients (40.4%) and most of the patients with ascites were not in a serious condition. Clinically significant PH and SPH were found in 84 patients (80.7%) and in 74 patients (71.2%), respectively.""</p>",<p>LSM and SSM by 2D-SWE. The cut-off values were not pre-specified. The investigators were blinded for the results of index test and reference standard.</p>,"<p>Target conditions: CSPH and SPH, reference standard: HVPG. The investigators were blinded for the results of index test and reference standard.</p>","<p>""The HVPG measurement was done by an interventional radiologist within 1 week after US examinations.""</p><p>""Of all 155 cirrhosis patients, 138 underwent 2-D SWE measurements. It was successful for L-SWE in 137 patients and all were considered reliable (99.3%). However, for S-SWE, it was successful in 104 patients (75.4%); the measurements failed in 23 patients (16.7%) and 11 patients were considered unreliable (8.0%). As the only patient who failed to obtain L-SWE also failed in S-SWE, 104 patients had applicable L-SWE and S-SWE measurements.""</p>",,"<p>The authors have no conflict of interest.</p><p>""The research was supported by National Natural Science Foundation of China (Nos. 81571675 and 81873897).""</p>",2019.0,Other,Full-text,Retrospective,Non-randomized,138.0,104.0,No exclusion criteria met,54.8,62.5,No data,100.0,0.0,100.0,0.0,0.0,10.35,62.5,27.9,9.6,37.5,80.7,71.2,Experienced physicians,LSM by 2D-SWE,SSM by 2D-SWE,LSM + SSM (2D-SWE),Yes,Yes,< one week,Not VCTE,,100.0,Yes,Yes,Yes,No,No SSM analysis,No SSM analysis,Yes,None,None
Zhu 2020,2020,PUB,26590008,"<p>""Inclusion criteria: Patients with chronic hepatitis B with clinically significant portal hypertension, i.e. gastroscopy showed esophageal and gastric varices or imaging examination showed signs of portal hypertension, and serological examination showed positive HBV antigen &gt; 6 months, surface antigen and (or ) Hepatitis B virus gene is still positive.""</p><p>""Exclusion criteria: Except those suffering from malignant tumors, portal vein thrombosis, portal vein cavernous degeneration, severe hypertension and other circulatory system diseases, and those with portal hypertension caused by diseases other than hepatitis B.""</p>","<p>""From September 2017 to April 2018, 58 primary prevention patients with hepatitis B cirrhosis and portal hypertension who underwent HVPG detection in Department of Gastroenterology, Zhongshan Hospital Affiliated to Fudan University were retrospectively analyzed.""</p><p>""This study included 58 patients with chronic hepatitis B cirrhosis, including 37 males and 21 females, with an average age of (55±12) years, L-SWE value of (18.6±7.4) kPa (8.5-39.3 kPa), S-SWE The value is (38.3±8.3) kPa (21.9~57.9 kPa), the HVPG value is 6~26 (15±5) mmHg, the ALT value is (42±46) U/L, and the AST value is (51±45) U/L L, PLT value (102±78)×10 <sup>9</sup> /L. The success rates of liver and spleen shear wave elasticity measurements were 100% (58/58) and 86.2% (50/58), and the ICCs were 0.89 and 0.79, both &gt;0.75. According to the measured value of HVPG, 47 cases of patients in this group were diagnosed as CSPH, and 34 cases were diagnosed as SPH.""</p>",<p>LSM by 2D-SWE. The cut-off values were not pre-specified. The investigators were blinded for the results of index test and reference standard.</p>,"<p>Target conditions: CSPH and SPH, reference standard: HVPG. The investigators were blinded for the results of index test and reference standard.</p>","<p>""Ultrasound elasticity testing and blood testing, including alanine aminotransferase (ALT), aspartate aminotransferase (AST), and platelets (PLT), were accepted within 1 week before HVPG testing.""</p>",,<p>All authors declare no conflict of interest.</p>,2020.0,Other,Full-text,Retrospective,Non-randomized,58.0,58.0,No exclusion criteria met,55.0,63.8,No data,100.0,0.0,100.0,0.0,0.0,,,,,,81.0,58.6,No data,LSM by 2D-SWE,None,None,Yes,Yes,< one week,Not VCTE,,100.0,Yes,Yes,Yes,No data on Child Pugh classification,No SSM analysis,No SSM analysis,No,None,None
Zocco 2022,2022,PUB,26590010,"<p>""Patients with liver cirrhosis were enrolled. Additional inclusion criteria were age &gt; 18 years and consent to HVPG measurement. Patients were excluded if they had a history of decompensated liver disease (Child Pugh C or Child Pugh B with actual or previous detection of variceal bleeding, ascites, or overt hepatic encephalopathy), malignant liver tumor, portal vein thrombosis, cerebrovascular disease, sepsis, transjugular intrahepatic portosystemic shunt, liver transplantation, and treatment with vasoactive drugs within 2 weeks before enrollment.""</p><p>""During the enrollment period, 63 patients with liver cirrhosis underwent HVPG measurement. Among them, 15 participants did not enter the study because of ongoing treatment with vasoactive drugs (5 patients), portal vein thrombosis (2 patients), ascites (6 patients), and a previous episode of gastrointestinal bleeding (2 patients). Two patients were not included in the final evaluation due to inadequate visualization of right liver lobe.""</p>","<p>""Between January 2017 and February 2019, all consecutive patients with liver cirrhosis who were scheduled for HVPG measurements in our Department of Internal Medicine and Gastroenterology were enrolled in this prospective study. According to international guidelines, the indication for HVPG measurement was suspected advanced liver disease based on imaging and biochemical data.""</p>",<p>LSM by pSWE. The cut-off values were not pre-specified. The investigators were blinded for the results of index test and reference standard.</p>,"<p>Target conditions: CSPH and SPH, reference standard: HVPG. The investigators were blinded for the results of index test and reference standard.</p>","<p>""The enrolled patients underwent Doppler ultrasound, LS measurement, and D-CEUS on the same day of HVPG measurement.""</p>",,<p>The authors declare that they have no conflict of interest.</p>,2022.0,Europe,Full-text,Prospective,Non-randomized,63.0,46.0,No exclusion criteria met,57.3,67.4,No data,100.0,,,19.6,23.9,9.8,80.4,19.6,0.0,19.6,52.0,45.7,Experienced physicians,LSM by pSWE,None,None,Yes,Yes,< one week,Not VCTE,32.6,47.8,No,Yes,Yes,Yes,No SSM analysis,No SSM analysis,No data,None,None
Zykus 2015,2015,PUB,26590012,"<p>""Patients with different chronic liver diseases, who were referred for HVPG measurement or/and transjugular liver biopsy, were included in the study. As HPVG is an independent prognostic indicator in patients with chronic liver disease, patients were included irrespective of their liver biopsy status. Exclusion criteria was acute hepatitis, multiple focal liver lesions, cholestatic liver disease, biliary obstruction, failure to carry out liver transient elastography or patient’s refusal to participate in this study. Spleen elastography was performed only if liver elastography was successful.""</p>","<p>""We performed a single center prospective study in the Gastroenterology Department at the Hospital of Lithuanian University of Health Sciences (Kaunas, Lithuania). Patients with different chronic liver diseases, who were referred for HVPG measurement or/and transjugular liver biopsy, were included in the study.""</p><p>""Patients mean age was 52.3 years, with similar gender distribution. HCV related chronic liver disease was predominant and most patients had compensated liver disease (Child Pugh grade A).""</p>",<p>LSM and SSM by VCTE. The cut-off values were not pre-specified. The investigators were blinded for the results of index test and reference standard.</p>,"<p>Target conditions: CSPH and SPH, reference standard: HVPG. The investigators were blinded for the results of index test and reference standard.</p>","<p>""Liver stiffness using FIBROSCAN (Echosens, Paris, France) device was measured on the same day before HVPG measurement.""</p>",,"<p>The authors state no conflict of interest.</p><p>""The authors declare that the manuscript has not been supported by any sources of support, including sponsorship and any sources of material.""</p>",2015.0,Europe,Full-text,Prospective,Non-randomized,117.0,107.0,No exclusion criteria met,52.3,53.3,No data,,63.6,,15.8,,,62.5,29.9,0.9,30.8,72.9,62.6,No data,LSM by VCTE,SSM by VCTE,None,Yes,Yes,< one week,Non-specified,,,No,Yes,Yes,No,No data on probe used,No data on probe used,No,None,None
