Analysis group,Analysis number,Analysis name,Subgroup,Subgroup number,Applicability,Study,Study year,GIV Mean,GIV SE,Experimental mean,Experimental SD,Experimental cases,Experimental N,Control mean,Control SD,Control cases,Control N,O-E,Variance,Weight,Mean,CI start,CI end,Footnotes
1,1,Reduction in depressive symptoms post-treatment,,,SUBGROUP_AND_OVERALL,Abdollahi 2017,2017,,,9.68,2.91,,25,14.48,2.16,,29,,,1.963788,-1.866866,-2.51482,-1.218913,
1,1,Reduction in depressive symptoms post-treatment,,,SUBGROUP_AND_OVERALL,Bademli 2023,2023,,,10.63,4.63,,31,18.36,4.63,,31,,,2.118131,-1.64859,-2.22975,-1.067429,
1,1,Reduction in depressive symptoms post-treatment,,,SUBGROUP_AND_OVERALL,Barclay 2014,2014,,,6.8,6.7,,5,26.2,13.2,,6,,,0.776742,-1.641546,-3.104982,-0.178111,
1,1,Reduction in depressive symptoms post-treatment,,,SUBGROUP_AND_OVERALL,Belvederi Murri 2015,2015,,,7.1,4.2,,42,11.7,5.9,,42,,,2.434697,-0.890015,-1.339382,-0.440648,
1,1,Reduction in depressive symptoms post-treatment,,,SUBGROUP_AND_OVERALL,Blumenthal 1999,1999,,,8.73,6.86,,55,7.81,6.49,,48,,,2.58155,0.136487,-0.251116,0.524091,
1,1,Reduction in depressive symptoms post-treatment,,,SUBGROUP_AND_OVERALL,Blumenthal 2007,2007,,,9.2,6.1,,51,11.1,7.0,,49,,,2.566168,-0.287575,-0.68175,0.106599,
1,1,Reduction in depressive symptoms post-treatment,,,SUBGROUP_AND_OVERALL,Blumenthal 2012a,2013,,,6.4,5.28,,35,10.0,5.26,,21,,,2.177205,-0.673248,-1.22949,-0.117006,
1,1,Reduction in depressive symptoms post-treatment,,,SUBGROUP_AND_OVERALL,Bonnet 2005,2005,,,24.46,10.9,,5,10.5,5.8,,6,,,0.808887,1.509505,0.085269,2.933741,
1,1,Reduction in depressive symptoms post-treatment,,,SUBGROUP_AND_OVERALL,Brenes 2007,2007,,,7.8,4.3,,14,10.9,5.8,,12,,,1.660826,-0.595279,-1.386079,0.195521,
1,1,Reduction in depressive symptoms post-treatment,,,SUBGROUP_AND_OVERALL,Brush 2022,2022,,,9.83,7.32,,35,13.97,5.61,,31,,,2.322914,-0.62234,-1.117981,-0.126698,
1,1,Reduction in depressive symptoms post-treatment,,,SUBGROUP_AND_OVERALL,Cheung 2018,2018,,,9.8,5.6,,17,14.5,5.3,,17,,,1.837612,-0.841695,-1.546822,-0.136568,
1,1,Reduction in depressive symptoms post-treatment,,,SUBGROUP_AND_OVERALL,Chu 2008,2008,,,5.8,3.38,,15,10.58,5.66,,12,,,1.614558,-1.0239,-1.83848,-0.20932,
1,1,Reduction in depressive symptoms post-treatment,,,SUBGROUP_AND_OVERALL,De Groot 2019,2019,,,11.76,7.64,,30,18.04,11.63,,28,,,2.243143,-0.634179,-1.162887,-0.10547,
1,1,Reduction in depressive symptoms post-treatment,,,SUBGROUP_AND_OVERALL,Doose 2015,2015,,,4.57,5.92,,30,13.6,6.38,,16,,,1.88743,-1.459562,-2.141782,-0.777342,
1,1,Reduction in depressive symptoms post-treatment,,,SUBGROUP_AND_OVERALL,Doyne 1987,1987,,,8.18,5.27,,14,15.25,6.3,,11,,,1.515638,-1.190981,-2.058725,-0.323238,
1,1,Reduction in depressive symptoms post-treatment,,,SUBGROUP_AND_OVERALL,Dunn 2005,2005,,,10.0,5.5,,16,14.0,4.9,,13,,,1.722385,-0.741699,-1.501799,0.018401,
1,1,Reduction in depressive symptoms post-treatment,,,SUBGROUP_AND_OVERALL,Epstein 1986,1986,,,9.0,10.94,,7,16.3,7.44,,10,,,1.28127,-0.769462,-1.779413,0.240489,
1,1,Reduction in depressive symptoms post-treatment,,,SUBGROUP_AND_OVERALL,Foley 2008,2008,,,10.8,9.25,,8,13.62,10.22,,5,,,1.122494,-0.272856,-1.397248,0.851536,
1,1,Reduction in depressive symptoms post-treatment,,,SUBGROUP_AND_OVERALL,Fremont 1987,1987,,,10.0,9.8,,18,8.0,7.1,,16,,,1.901469,0.226011,-0.449836,0.901859,
1,1,Reduction in depressive symptoms post-treatment,,,SUBGROUP_AND_OVERALL,Gary 2010,2010,,,8.4,5.6,,20,9.3,4.9,,15,,,1.912821,-0.165476,-0.836195,0.505243,
1,1,Reduction in depressive symptoms post-treatment,,,SUBGROUP_AND_OVERALL,Heinzel 2022,2022,,,9.59,5.18,,22,11.09,4.96,,23,,,2.102354,-0.290746,-0.878611,0.29712,
1,1,Reduction in depressive symptoms post-treatment,,,SUBGROUP_AND_OVERALL,Heissel 2015,2015,,,8.5,6.5,,6,7.2,2.5,,6,,,1.105456,0.243683,-0.894138,1.381504,
1,1,Reduction in depressive symptoms post-treatment,,,SUBGROUP_AND_OVERALL,Hemat-Far 2012,2012,,,16.6,6.9,,10,22.8,4.9,,10,,,1.389016,-0.992293,-1.933597,-0.05099,
1,1,Reduction in depressive symptoms post-treatment,,,SUBGROUP_AND_OVERALL,Hess-Homeier 1981,1981,,,9.8,6.93,,5,16.2,8.42,,6,,,0.975223,-0.750854,-2.000621,0.498912,
1,1,Reduction in depressive symptoms post-treatment,,,SUBGROUP_AND_OVERALL,Ho 2014,2014,,,9.15,7.27,,19,14.08,9.04,,21,,,1.992901,-0.58577,-1.220896,0.049356,
1,1,Reduction in depressive symptoms post-treatment,,,SUBGROUP_AND_OVERALL,Hoffman 2010,2010,,,16.4,10.2,,37,21.2,12.0,,39,,,2.420786,-0.425709,-0.880849,0.029431,
1,1,Reduction in depressive symptoms post-treatment,,,SUBGROUP_AND_OVERALL,Huang 2015,2015,,,4.63,5.92,,19,5.2,6.38,,20,,,2.008606,-0.090637,-0.718892,0.537619,
1,1,Reduction in depressive symptoms post-treatment,,,SUBGROUP_AND_OVERALL,Khoshnab 2017,2017,,,27.27,6.51,,15,30.0,4.37,,15,,,1.79017,-0.479095,-1.206496,0.248305,
1,1,Reduction in depressive symptoms post-treatment,,,SUBGROUP_AND_OVERALL,Klein 1985,1985,,,1.03,0.94,,14,0.83,0.51,,8,,,1.50788,0.235876,-0.636185,1.107936,
1,1,Reduction in depressive symptoms post-treatment,,,SUBGROUP_AND_OVERALL,Knubben 2007,2007,,,11.2,4.0,,20,15.5,6.1,,18,,,1.92273,-0.825357,-1.491617,-0.159096,
1,1,Reduction in depressive symptoms post-treatment,,,SUBGROUP_AND_OVERALL,Krogh 2009,2009,,,12.1,6.4,,48,10.6,5.6,,42,,,2.515195,0.246203,-0.169546,0.661951,
1,1,Reduction in depressive symptoms post-treatment,,,SUBGROUP_AND_OVERALL,Kruisdijk 2018,2017,,,17.1,6.6,,12,22.3,8.3,,7,,,1.352681,-0.685534,-1.649297,0.278229,
1,1,Reduction in depressive symptoms post-treatment,,,SUBGROUP_AND_OVERALL,La Rocque 2021,2021,,,6.75,6.05,,20,16.33,5.84,,15,,,1.692264,-1.570095,-2.345089,-0.7951,
1,1,Reduction in depressive symptoms post-treatment,,,SUBGROUP_AND_OVERALL,Legrand 2014,2014,,,12.8,4.38,,15,19.67,8.17,,12,,,1.608886,-1.051844,-1.869384,-0.234304,
1,1,Reduction in depressive symptoms post-treatment,,,SUBGROUP_AND_OVERALL,Legrand 2016,2016,,,18.92,6.11,,14,29.29,12.57,,10,,,1.498931,-1.07531,-1.952379,-0.198241,
1,1,Reduction in depressive symptoms post-treatment,,,SUBGROUP_AND_OVERALL,McNeil 1991,1991,,,11.1,3.0,,10,14.7,3.7,,10,,,1.382455,-1.023648,-1.968959,-0.078338,
1,1,Reduction in depressive symptoms post-treatment,,,SUBGROUP_AND_OVERALL,Mota-Pereira 2011,2011,,,12.48,1.74,,19,13.6,1.34,,10,,,1.666241,-0.672932,-1.46099,0.115126,
1,1,Reduction in depressive symptoms post-treatment,,,SUBGROUP_AND_OVERALL,Mutrie 1988,1988,,,9.46,4.28,,9,21.4,5.26,,7,,,0.85375,-2.389171,-3.76202,-1.016323,
1,1,Reduction in depressive symptoms post-treatment,,,SUBGROUP_AND_OVERALL,Nabkasorn 2005,2005,,,14.4,4.12,,21,17.5,4.23,,28,,,2.107971,-0.729111,-1.314586,-0.143635,
1,1,Reduction in depressive symptoms post-treatment,,,SUBGROUP_AND_OVERALL,Olson 2017,2017,,,10.1,11.5,,15,18.5,11.9,,15,,,1.763014,-0.698443,-1.438814,0.041928,
1,1,Reduction in depressive symptoms post-treatment,,,SUBGROUP_AND_OVERALL,Orth 1979,1979,,,7.0,6.6,,3,16.5,2.12,,2,,,0.328244,-1.250258,-3.706607,1.206091,
1,1,Reduction in depressive symptoms post-treatment,,,SUBGROUP_AND_OVERALL,Pilu 2007,2007,,,8.1,5.2,,10,16.7,9.1,,20,,,1.623786,-1.038797,-1.848583,-0.229011,
1,1,Reduction in depressive symptoms post-treatment,,,SUBGROUP_AND_OVERALL,Prakhinkit 2014,2014,,,15.5,3.24,,13,18.6,2.16,,13,,,1.578892,-1.090299,-1.923663,-0.256934,
1,1,Reduction in depressive symptoms post-treatment,,,SUBGROUP_AND_OVERALL,Reuter 1984,1984,,,5.1,4.75,,9,18.56,7.7,,9,,,1.049089,-2.003802,-3.187937,-0.819667,
1,1,Reduction in depressive symptoms post-treatment,,,SUBGROUP_AND_OVERALL,Roy 2018,2018,,,15.0,4.93,,20,13.85,3.16,,20,,,2.020736,0.272214,-0.350757,0.895185,
1,1,Reduction in depressive symptoms post-treatment,,,SUBGROUP_AND_OVERALL,Salehi 2016,2016,,,10.4,8.93,,20,16.3,4.66,,20,,,1.964811,-0.811901,-1.459402,-0.164401,
1,1,Reduction in depressive symptoms post-treatment,,,SUBGROUP_AND_OVERALL,Schuch 2015,2015,,,7.42,4.555,,23,11.12,4.475,,24,,,2.081657,-0.805883,-1.402582,-0.209184,
1,1,Reduction in depressive symptoms post-treatment,,,SUBGROUP_AND_OVERALL,Setaro 1985,1985,,,62.0,6.51,,25,69.88,3.96,,25,,,2.010384,-1.43953,-2.06701,-0.812051,
1,1,Reduction in depressive symptoms post-treatment,,,SUBGROUP_AND_OVERALL,Shahidi 2011,2011,,,11.1,6.2,,20,15.2,6.1,,20,,,1.986636,-0.6534,-1.291276,-0.015524,
1,1,Reduction in depressive symptoms post-treatment,,,SUBGROUP_AND_OVERALL,Sims 2009,2009,,,15.13,8.49,,23,20.62,11.79,,22,,,2.084458,-0.526962,-1.122464,0.068539,
1,1,Reduction in depressive symptoms post-treatment,,,SUBGROUP_AND_OVERALL,Singh 2005,2005,,,8.5,5.5,,18,14.4,6.0,,19,,,1.873883,-1.001752,-1.690155,-0.313349,
1,1,Reduction in depressive symptoms post-treatment,,,SUBGROUP_AND_OVERALL,Siqueira 2016,2016,,,11.38,3.94,,29,12.64,5.74,,28,,,2.260451,-0.253266,-0.774784,0.268252,
1,1,Reduction in depressive symptoms post-treatment,,,SUBGROUP_AND_OVERALL,Taheri 2018,2018,,,14.7,1.7,,8,16.3,1.7,,8,,,1.233778,-0.88984,-1.93218,0.1525,
1,1,Reduction in depressive symptoms post-treatment,,,SUBGROUP_AND_OVERALL,Veale 1992,1992,,,13.94,12.78,,36,17.79,10.18,,29,,,2.330652,-0.325238,-0.817679,0.167204,
1,1,Reduction in depressive symptoms post-treatment,,,SUBGROUP_AND_OVERALL,Wang 2022,2022,,,31.0,2.45,,30,32.0,3.1,,31,,,2.297605,-0.352655,-0.858771,0.153461,
1,1,Reduction in depressive symptoms post-treatment,,,SUBGROUP_AND_OVERALL,Williams 2008,2008,,,8.37,5.78,,17,11.75,8.1,,12,,,1.741204,-0.481627,-1.232539,0.269285,
1,1,Reduction in depressive symptoms post-treatment,,,SUBGROUP_AND_OVERALL,Yu 2023,2023,,,15.0,10.49,,10,24.0,11.29,,10,,,1.427491,-0.790993,-1.709208,0.127223,
1,2,Reduction in depressive symptoms follow-up,,,SUBGROUP_AND_OVERALL,Blumenthal 1999,1999,,,10.6,0.75,,29,11.0,0.81,,29,,,11.769654,-0.505548,-1.029006,0.017911,
1,2,Reduction in depressive symptoms follow-up,,,SUBGROUP_AND_OVERALL,Fremont 1987,1987,,,7.5,5.4,,13,9.9,7.7,,13,,,10.583347,-0.349495,-1.125143,0.426152,
1,2,Reduction in depressive symptoms follow-up,,,SUBGROUP_AND_OVERALL,Gary 2010,2010,,,8.3,5.2,,17,8.2,5.4,,14,,,10.923606,0.018408,-0.688969,0.725785,
1,2,Reduction in depressive symptoms follow-up,,,SUBGROUP_AND_OVERALL,Heinzel 2022,2022,,,7.23,6.02,,22,6.78,4.95,,23,,,11.50234,0.080403,-0.504349,0.665154,
1,2,Reduction in depressive symptoms follow-up,,,SUBGROUP_AND_OVERALL,Huang 2015,2015,,,4.79,4.43,,19,5.1,5.01,,20,,,11.303736,-0.064111,-0.692187,0.563966,
1,2,Reduction in depressive symptoms follow-up,,,SUBGROUP_AND_OVERALL,Klein 1985,1985,,,1.02,0.67,,8,1.47,0.8,,10,,,9.667851,-0.574556,-1.528193,0.379082,
1,2,Reduction in depressive symptoms follow-up,,,SUBGROUP_AND_OVERALL,Krogh 2009,2009,,,11.9,6.5,,46,10.0,5.6,,37,,,12.119519,0.307756,-0.127714,0.743227,
1,2,Reduction in depressive symptoms follow-up,,,SUBGROUP_AND_OVERALL,Sims 2009,2009,,,13.78,8.02,,23,22.7,11.17,,22,,,11.358097,-0.904649,-1.521021,-0.288276,
1,2,Reduction in depressive symptoms follow-up,,,SUBGROUP_AND_OVERALL,Wang 2022,2022,,,8.0,4.15,,30,20.0,4.01,,30,,,10.771849,-2.902552,-3.640623,-2.164482,
1,3,Completed intervention or control,,,SUBGROUP_AND_OVERALL,Abdollahi 2017,2017,,,,,25,35,,,29,35,,,0.837833,0.862069,0.66597,1.11591,
1,3,Completed intervention or control,,,SUBGROUP_AND_OVERALL,Bademli 2023,2023,,,,,31,31,,,31,31,,,14.644167,1.0,0.940134,1.063678,
1,3,Completed intervention or control,,,SUBGROUP_AND_OVERALL,Barclay 2014,2014,,,,,5,5,,,6,6,,,0.555763,1.0,0.728413,1.372848,
1,3,Completed intervention or control,,,SUBGROUP_AND_OVERALL,Belvederi Murri 2015,2015,,,,,38,42,,,36,42,,,2.243864,1.055556,0.90155,1.235869,
1,3,Completed intervention or control,,,SUBGROUP_AND_OVERALL,Blumenthal 1999,1999,,,,,44,55,,,41,48,,,1.79305,0.936585,0.785106,1.117292,
1,3,Completed intervention or control,,,SUBGROUP_AND_OVERALL,Blumenthal 2007,2007,,,,,45,51,,,42,49,,,2.414989,1.029412,0.884237,1.198421,
1,3,Completed intervention or control,,,SUBGROUP_AND_OVERALL,Blumenthal 2012a,2013,,,,,36,37,,,23,24,,,5.669784,1.015276,0.919383,1.121171,
1,3,Completed intervention or control,,,SUBGROUP_AND_OVERALL,Bonnet 2005,2005,,,,,3,5,,,4,6,,,0.067052,0.9,0.361435,2.241069,
1,3,Completed intervention or control,,,SUBGROUP_AND_OVERALL,Brush 2022,2022,,,,,26,35,,,25,31,,,0.823951,0.921143,0.710067,1.194963,
1,3,Completed intervention or control,,,SUBGROUP_AND_OVERALL,Cheung 2018,2018,,,,,17,17,,,15,17,,,1.377334,1.129032,0.923178,1.380789,
1,3,Completed intervention or control,,,SUBGROUP_AND_OVERALL,Chu 2008,2008,,,,,15,18,,,12,18,,,0.373576,1.25,0.84928,1.839794,
1,3,Completed intervention or control,,,SUBGROUP_AND_OVERALL,De Groot 2019,2019,,,,,30,34,,,28,36,,,1.225152,1.134454,0.916422,1.404359,
1,3,Completed intervention or control,,,SUBGROUP_AND_OVERALL,Doose 2015,2015,,,,,23,30,,,12,16,,,0.468972,1.022222,0.723983,1.443319,
1,3,Completed intervention or control,,,SUBGROUP_AND_OVERALL,Dunn 2005,2005,,,,,15,16,,,9,13,,,0.378779,1.354167,0.922507,1.987808,
1,3,Completed intervention or control,,,SUBGROUP_AND_OVERALL,Foley 2008,2008,,,,,8,10,,,5,13,,,0.098111,2.08,0.978396,4.421933,
1,3,Completed intervention or control,,,SUBGROUP_AND_OVERALL,Fremont 1987,1987,,,,,18,21,,,31,40,,,0.956127,1.105991,0.868614,1.408238,
1,3,Completed intervention or control,,,SUBGROUP_AND_OVERALL,Gary 2010,2010,,,,,20,20,,,15,17,,,1.435282,1.133641,0.93076,1.380744,
1,3,Completed intervention or control,,,SUBGROUP_AND_OVERALL,Haller 2018,2018,,,,,11,14,,,6,6,,,0.464465,0.825641,0.58378,1.167706,
1,3,Completed intervention or control,,,SUBGROUP_AND_OVERALL,Heinzel 2022,2022,,,,,22,45,,,23,30,,,0.435265,0.637681,0.445753,0.912249,
1,3,Completed intervention or control,,,SUBGROUP_AND_OVERALL,Heissel 2015,2015,,,,,6,7,,,6,7,,,0.305087,1.0,0.652008,1.533725,
1,3,Completed intervention or control,,,SUBGROUP_AND_OVERALL,Hemat-Far 2012,2012,,,,,10,10,,,10,10,,,1.677977,1.0,0.833292,1.20006,
1,3,Completed intervention or control,,,SUBGROUP_AND_OVERALL,Ho 2014,2014,,,,,19,26,,,21,26,,,0.622781,0.904762,0.670698,1.22051,
1,3,Completed intervention or control,,,SUBGROUP_AND_OVERALL,Hoffman 2010,2010,,,,,37,40,,,39,40,,,5.445149,0.948718,0.857373,1.049795,
1,3,Completed intervention or control,,,SUBGROUP_AND_OVERALL,Huang 2015,2015,,,,,19,19,,,20,20,,,5.945567,1.0,0.907661,1.101733,
1,3,Completed intervention or control,,,SUBGROUP_AND_OVERALL,Khoshnab 2017,2017,,,,,15,15,,,15,15,,,3.60293,1.0,0.882975,1.132534,
1,3,Completed intervention or control,,,SUBGROUP_AND_OVERALL,Klein 1985,1985,,,,,15,27,,,16,24,,,0.287893,0.833333,0.536544,1.294292,
1,3,Completed intervention or control,,,SUBGROUP_AND_OVERALL,Knubben 2007,2007,,,,,19,20,,,16,18,,,1.517116,1.06875,0.882226,1.294709,
1,3,Completed intervention or control,,,SUBGROUP_AND_OVERALL,Krogh 2009,2009,,,,,48,55,,,42,55,,,1.754748,1.142857,0.956183,1.365976,
1,3,Completed intervention or control,,,SUBGROUP_AND_OVERALL,Kruisdijk 2018,2017,,,,,11,25,,,7,23,,,0.096667,1.445714,0.676234,3.090777,
1,3,Completed intervention or control,,,SUBGROUP_AND_OVERALL,La Rocque 2021,2021,,,,,15,20,,,12,15,,,0.435838,0.9375,0.655487,1.340845,
1,3,Completed intervention or control,,,SUBGROUP_AND_OVERALL,Legrand 2014,2014,,,,,15,22,,,12,22,,,0.245857,1.25,0.776238,2.012915,
1,3,Completed intervention or control,,,SUBGROUP_AND_OVERALL,Legrand 2016,2016,,,,,13,14,,,9,10,,,0.874881,1.031746,0.801465,1.328192,
1,3,Completed intervention or control,,,SUBGROUP_AND_OVERALL,McNeil 1991,1991,,,,,10,10,,,10,10,,,1.677977,1.0,0.833292,1.20006,
1,3,Completed intervention or control,,,SUBGROUP_AND_OVERALL,Mota-Pereira 2011,2011,,,,,19,22,,,10,11,,,0.893041,0.95,0.739872,1.219806,
1,3,Completed intervention or control,,,SUBGROUP_AND_OVERALL,Mutrie 1988,1988,,,,,9,9,,,7,7,,,1.068507,1.0,0.795695,1.256763,
1,3,Completed intervention or control,,,SUBGROUP_AND_OVERALL,Nabkasorn 2005,2005,,,,,21,28,,,28,31,,,0.945769,0.830357,0.65128,1.058674,
1,3,Completed intervention or control,,,SUBGROUP_AND_OVERALL,Olson 2017,2017,,,,,15,25,,,15,25,,,0.272399,1.0,0.635951,1.572449,
1,3,Completed intervention or control,,,SUBGROUP_AND_OVERALL,Orth 1979,1979,,,,,3,3,,,2,2,,,0.141901,1.0,0.534122,1.87223,
1,3,Completed intervention or control,,,SUBGROUP_AND_OVERALL,Pilu 2007,2007,,,,,10,10,,,20,20,,,2.646041,1.0,0.864825,1.156304,
1,3,Completed intervention or control,,,SUBGROUP_AND_OVERALL,Prakhinkit 2014,2014,,,,,13,15,,,13,15,,,0.708237,1.0,0.755246,1.324072,
1,3,Completed intervention or control,,,SUBGROUP_AND_OVERALL,Roy 2018,2018,,,,,20,23,,,20,23,,,1.113809,1.0,0.79944,1.250875,
1,3,Completed intervention or control,,,SUBGROUP_AND_OVERALL,Salehi 2016,2016,,,,,20,20,,,20,20,,,6.25428,1.0,0.909861,1.099068,
1,3,Completed intervention or control,,,SUBGROUP_AND_OVERALL,Schuch 2015,2015,,,,,23,25,,,24,25,,,2.823741,0.958333,0.832648,1.10299,
1,3,Completed intervention or control,,,SUBGROUP_AND_OVERALL,Shahidi 2011,2011,,,,,20,23,,,20,24,,,0.977979,1.043478,0.821746,1.32504,
1,3,Completed intervention or control,,,SUBGROUP_AND_OVERALL,Sims 2009,2009,,,,,21,23,,,22,22,,,2.500014,0.915741,0.788651,1.063311,
1,3,Completed intervention or control,,,SUBGROUP_AND_OVERALL,Singh 2005,2005,,,,,18,20,,,19,20,,,1.774484,0.947368,0.793414,1.131196,
1,3,Completed intervention or control,,,SUBGROUP_AND_OVERALL,Siqueira 2016,2016,,,,,29,29,,,28,28,,,12.417763,1.0,0.935159,1.069337,
1,3,Completed intervention or control,,,SUBGROUP_AND_OVERALL,Taheri 2018,2018,,,,,8,8,,,8,8,,,1.111388,1.0,0.799245,1.25118,
1,3,Completed intervention or control,,,SUBGROUP_AND_OVERALL,Veale 1992,1992,,,,,36,48,,,29,35,,,1.130071,0.905172,0.724802,1.130429,
1,3,Completed intervention or control,,,SUBGROUP_AND_OVERALL,Williams 2008,2008,,,,,15,16,,,20,22,,,1.667555,1.03125,0.858843,1.238266,
1,3,Completed intervention or control,,,SUBGROUP_AND_OVERALL,Yu 2023,2023,,,,,10,11,,,10,11,,,0.799037,1.0,0.767757,1.302495,
1,4,Quality of life,Mental,1,SUBGROUP_AND_OVERALL,Brenes 2007,2007,,,31.3,13.5,,14,50.7,25.0,,12,,,30.744438,-0.957273,-1.77843,-0.136116,
1,4,Quality of life,Mental,1,SUBGROUP_AND_OVERALL,Gary 2010,2010,,,18.56,11.49,,18,15.13,13.4,,15,,,33.983574,0.270104,-0.418615,0.958823,
1,4,Quality of life,Mental,1,SUBGROUP_AND_OVERALL,Huang 2015,2015,,,78.03,18.54,,19,69.48,19.25,,20,,,35.271988,0.442963,-0.193437,1.079363,
1,4,Quality of life,Psychological,2,SUBGROUP_AND_OVERALL,Pilu 2007,2007,,,11.1,1.8,,10,12.0,1.9,,20,,,48.820302,-0.468667,-1.238347,0.301014,
1,4,Quality of life,Psychological,2,SUBGROUP_AND_OVERALL,Schuch 2015,2015,,,61.16,17.5,,25,41.06,17.5,,25,,,51.179698,1.130531,0.530019,1.731043,
1,4,Quality of life,Social,3,SUBGROUP_AND_OVERALL,Pilu 2007,2007,,,11.0,3.9,,10,10.9,3.7,,20,,,39.980383,0.02584,-0.733284,0.784963,
1,4,Quality of life,Social,3,SUBGROUP_AND_OVERALL,Schuch 2015,2015,,,63.62,20.5,,25,51.12,20.5,,25,,,60.019617,0.600179,0.032431,1.167927,
1,4,Quality of life,Environment,4,SUBGROUP_AND_OVERALL,Pilu 2007,2007,,,11.5,2.0,,10,10.1,2.5,,20,,,34.48848,0.579419,-0.195799,1.354637,
1,4,Quality of life,Environment,4,SUBGROUP_AND_OVERALL,Schuch 2015,2015,,,54.7,15.5,,25,47.36,15.5,,25,,,65.51152,0.46611,-0.096363,1.028584,
1,4,Quality of life,Physical,5,SUBGROUP_AND_OVERALL,Brenes 2007,2007,,,38.9,22.8,,14,44.3,17.6,,12,,,17.592086,-0.2541,-1.028782,0.520583,
1,4,Quality of life,Physical,5,SUBGROUP_AND_OVERALL,Gary 2010,2010,,,15.56,10.35,,18,10.0,10.72,,15,,,19.896522,0.51569,-0.182228,1.213607,
1,4,Quality of life,Physical,5,SUBGROUP_AND_OVERALL,Huang 2015,2015,,,74.21,16.58,,19,63.21,21.24,,20,,,21.802033,0.563708,-0.077902,1.205318,
1,4,Quality of life,Physical,5,SUBGROUP_AND_OVERALL,Pilu 2007,2007,,,12.9,1.8,,10,10.5,3.2,,20,,,17.129023,0.826111,0.034582,1.617641,
1,4,Quality of life,Physical,5,SUBGROUP_AND_OVERALL,Schuch 2015,2015,,,63.18,15.5,,25,46.83,15.5,,25,,,23.580337,1.038271,0.444747,1.631794,
1,4,Quality of life,Quality-of-life,6,SUBGROUP_AND_OVERALL,Huang 2015,2015,,,76.12,15.41,,19,66.34,18.67,,20,,,100.0,0.558247,-0.083101,1.199596,
2,1,Reduction in depressive symptoms post-treatment,,,SUBGROUP_AND_OVERALL,De Groot 2019,2019,,,11.76,7.64,,30,11.35,9.17,,24,,,13.020299,0.048382,-0.48846,0.585224,
2,1,Reduction in depressive symptoms post-treatment,,,SUBGROUP_AND_OVERALL,Epstein 1986,1986,,,9.0,10.94,,7,17.22,8.45,,9,,,3.474291,-0.809834,-1.849093,0.229425,
2,1,Reduction in depressive symptoms post-treatment,,,SUBGROUP_AND_OVERALL,Fetsch 1979,1979,,,13.63,7.95,,8,11.63,5.5,,8,,,3.858345,0.276624,-0.709556,1.262805,
2,1,Reduction in depressive symptoms post-treatment,,,SUBGROUP_AND_OVERALL,Fremont 1987,1987,,,6.1,6.6,,15,8.0,7.1,,16,,,7.484697,-0.269618,-0.977678,0.438441,
2,1,Reduction in depressive symptoms post-treatment,,,SUBGROUP_AND_OVERALL,Gary 2010,2010,,,8.4,5.6,,20,8.2,6.3,,17,,,8.974888,0.032997,-0.613612,0.679607,
2,1,Reduction in depressive symptoms post-treatment,,,SUBGROUP_AND_OVERALL,Hess-Homeier 1981,1981,,,9.8,6.93,,5,7.2,5.03,,6,,,2.584392,0.399531,-0.805443,1.604505,
2,1,Reduction in depressive symptoms post-treatment,,,SUBGROUP_AND_OVERALL,Huang 2015,2015,,,4.63,5.92,,19,4.28,5.63,,18,,,9.024621,0.059237,-0.585589,0.704063,
2,1,Reduction in depressive symptoms post-treatment,,,SUBGROUP_AND_OVERALL,Karg 2020,2020,,,19.2,10.9,,69,18.05,10.36,,65,,,32.64604,0.107451,-0.231581,0.446484,
2,1,Reduction in depressive symptoms post-treatment,,,SUBGROUP_AND_OVERALL,Klein 1985,1985,,,1.03,0.94,,14,1.23,0.84,,14,,,6.790913,-0.21783,-0.961179,0.525519,
2,1,Reduction in depressive symptoms post-treatment,,,SUBGROUP_AND_OVERALL,Setaro 1985,1985,,,62.0,6.51,,25,60.68,6.2,,25,,,12.141512,0.204387,-0.351543,0.760318,
2,2,Reduction in depressive symptoms follow-up,,,SUBGROUP_AND_OVERALL,Fremont 1987,1987,,,6.8,7.1,,13,9.9,7.7,,13,,,22.670537,-0.405357,-1.183367,0.372654,
2,2,Reduction in depressive symptoms follow-up,,,SUBGROUP_AND_OVERALL,Gary 2010,2010,,,8.3,5.2,,17,7.1,4.9,,16,,,29.221534,0.231504,-0.453771,0.916779,
2,2,Reduction in depressive symptoms follow-up,,,SUBGROUP_AND_OVERALL,Huang 2015,2015,,,4.79,4.32,,19,4.78,4.47,,18,,,33.018744,0.002227,-0.642441,0.646895,
2,2,Reduction in depressive symptoms follow-up,,,SUBGROUP_AND_OVERALL,Klein 1985,1985,,,1.02,0.67,,8,1.47,0.8,,10,,,15.089185,-0.574556,-1.528193,0.379082,
2,3,Completed exercise or pyschological therapies,,,SUBGROUP_AND_OVERALL,De Groot 2019,2019,,,,,30,34,,,24,36,,,6.414762,1.323529,1.01891,1.71922,
2,3,Completed exercise or pyschological therapies,,,SUBGROUP_AND_OVERALL,Fetsch 1979,1979,,,,,8,10,,,8,11,,,1.94715,1.1,0.683089,1.771365,
2,3,Completed exercise or pyschological therapies,,,SUBGROUP_AND_OVERALL,Fremont 1987,1987,,,,,18,21,,,31,40,,,7.506116,1.105991,0.868614,1.408238,
2,3,Completed exercise or pyschological therapies,,,SUBGROUP_AND_OVERALL,Gary 2010,2010,,,,,20,20,,,17,19,,,13.601207,1.115646,0.933165,1.333812,
2,3,Completed exercise or pyschological therapies,,,SUBGROUP_AND_OVERALL,Huang 2015,2015,,,,,19,19,,,18,18,,,39.995452,1.0,0.903095,1.107304,
2,3,Completed exercise or pyschological therapies,,,SUBGROUP_AND_OVERALL,Karg 2020,2020,,,,,69,77,,,65,77,,,28.256436,1.061538,0.939194,1.19982,
2,3,Completed exercise or pyschological therapies,,,SUBGROUP_AND_OVERALL,Klein 1985,1985,,,,,15,27,,,16,24,,,2.278876,0.833333,0.536544,1.294292,
2,4,Quality of life,Physical,1,SUBGROUP_AND_OVERALL,Gary 2010,2010,,,15.56,10.35,,18,15.41,12.3,,17,,,49.412133,0.012928,-0.64994,0.675795,
2,4,Quality of life,Physical,1,SUBGROUP_AND_OVERALL,Huang 2015,2015,,,74.21,16.58,,19,65.58,18.35,,18,,,50.587867,0.483546,-0.171573,1.138665,
2,4,Quality of life,Mental,2,SUBGROUP_AND_OVERALL,Gary 2010,2010,,,18.56,11.49,,18,18.65,16.36,,17,,,48.650855,-0.006253,-0.669114,0.656608,
2,4,Quality of life,Mental,2,SUBGROUP_AND_OVERALL,Huang 2015,2015,,,78.03,18.54,,19,76.25,12.43,,18,,,51.349145,0.109748,-0.535462,0.754958,
2,4,Quality of life,Quality-of-life,3,SUBGROUP_AND_OVERALL,Huang 2015,2015,,,76.12,15.41,,19,70.93,11.8,,18,,,100.0,0.368631,-0.282131,1.019393,
3,1,Reduction in depressive symptoms post-treatment,,,SUBGROUP_AND_OVERALL,Blumenthal 1999,1999,,,8.19,5.97,,53,7.81,6.49,,48,,,30.760296,0.060607,-0.330012,0.451226,
3,1,Reduction in depressive symptoms post-treatment,,,SUBGROUP_AND_OVERALL,Blumenthal 2007,2007,,,9.2,6.1,,51,10.1,6.9,,49,,,30.458196,-0.137312,-0.529863,0.25524,
3,1,Reduction in depressive symptoms post-treatment,,,SUBGROUP_AND_OVERALL,Blumenthal 2012a,2013,,,6.4,5.28,,35,8.4,5.26,,39,,,22.12646,-0.375579,-0.836146,0.084989,
3,1,Reduction in depressive symptoms post-treatment,,,SUBGROUP_AND_OVERALL,Brenes 2007,2007,,,7.8,4.3,,14,7.4,4.7,,11,,,7.518113,0.086375,-0.703748,0.876498,
3,1,Reduction in depressive symptoms post-treatment,,,SUBGROUP_AND_OVERALL,Khoshnab 2017,2017,,,27.27,6.51,,15,28.2,6.21,,15,,,9.136935,-0.142235,-0.858953,0.574484,
3,2,Reduction in depressive symptoms follow-up,,,SUBGROUP_AND_OVERALL,Blumenthal 1999,1999,,,10.6,0.75,,29,11.0,0.81,,29,,,100.0,-0.4,-0.801772,0.001772,
3,3,Completed exercise or antidepressants,,,SUBGROUP_AND_OVERALL,Blumenthal 1999,1999,,,,,39,53,,,41,48,,,18.498518,0.861482,0.705883,1.051379,
3,3,Completed exercise or antidepressants,,,SUBGROUP_AND_OVERALL,Blumenthal 2007,2007,,,,,45,51,,,45,49,,,21.268604,0.960784,0.843299,1.094638,
3,3,Completed exercise or antidepressants,,,SUBGROUP_AND_OVERALL,Blumenthal 2012a,2013,,,,,36,37,,,36,40,,,21.765606,1.081081,0.962267,1.214565,
3,3,Completed exercise or antidepressants,,,SUBGROUP_AND_OVERALL,Hidalgo 2021,2021,,,,,66,176,,,93,171,,,16.982692,0.689516,0.545119,0.872163,
3,3,Completed exercise or antidepressants,,,SUBGROUP_AND_OVERALL,Khoshnab 2017,2017,,,,,15,15,,,15,15,,,21.484581,1.0,0.882975,1.132534,
3,4,Quality of Life,Mental,1,SUBGROUP_AND_OVERALL,Brenes 2007,2007,,,31.3,13.5,,14,43.2,16.7,,11,,,100.0,-11.9,-24.040944,0.240944,
3,4,Quality of Life,Physical,2,SUBGROUP_AND_OVERALL,Brenes 2007,2007,,,9.4,2.5,,14,8.1,2.5,,11,,,100.0,1.3,-0.67423,3.27423,
4,1,Reduction in depressive symptoms post-treatment,Bright light therapy,1,SUBGROUP_AND_OVERALL,Pinchasov 2000,2000,,,8.6,2.8,,9,15.0,5.1,,9,,,100.0,-1.481584,-2.555608,-0.40756,
4,1,Reduction in depressive symptoms post-treatment,Reflexology,2,SUBGROUP_AND_OVERALL,Eman 2017,2017,,,10.0,2.976,,20,14.0,2.976,,20,,,100.0,-1.317382,-2.007735,-0.62703,
4,1,Reduction in depressive symptoms post-treatment,Occupational or art therapy,3,SUBGROUP_AND_OVERALL,Buschert 2019,2019,,,14.07,8.17,,15,12.93,9.13,,15,,,49.287569,0.128033,-0.588488,0.844554,
4,1,Reduction in depressive symptoms post-treatment,Occupational or art therapy,3,SUBGROUP_AND_OVERALL,Martinsen 1985,1985,,,12.1,7.1,,24,22.8,11.4,,19,,,50.712431,-1.136983,-1.789526,-0.484441,
4,1,Reduction in depressive symptoms post-treatment,Supplements,4,SUBGROUP_AND_OVERALL,Taheri 2018,2018,,,14.7,1.7,,8,16.9,1.2,,8,,,100.0,-1.413626,-2.54439,-0.282861,
4,1,Reduction in depressive symptoms post-treatment,Health education,5,SUBGROUP_AND_OVERALL,Abdelbasset 2019,2019,,,7.83,3.22,,23,11.65,3.28,,23,,,25.082745,-1.155186,-1.78366,-0.526712,
4,1,Reduction in depressive symptoms post-treatment,Health education,5,SUBGROUP_AND_OVERALL,Bose 2015,2015,,,6.1,2.44,,26,10.6,2.74,,28,,,25.068313,-1.705624,-2.335357,-1.075892,
4,1,Reduction in depressive symptoms post-treatment,Health education,5,SUBGROUP_AND_OVERALL,Mather 2002,2002,,,12.6,7.02,,43,13.7,6.02,,43,,,27.216292,-0.166711,-0.590177,0.256754,
4,1,Reduction in depressive symptoms post-treatment,Health education,5,SUBGROUP_AND_OVERALL,Singh 1997,1997,,,9.8,2.4,,17,13.8,2.0,,15,,,22.632651,-1.754552,-2.58689,-0.922213,
4,2,Reduction in depressive symptoms follow-up,Health education,1,SUBGROUP_AND_OVERALL,Bose 2015,2015,,,1.34,1.09,,26,5.03,1.5,,28,,,32.518653,-2.757259,-3.516627,-1.997891,
4,2,Reduction in depressive symptoms follow-up,Health education,1,SUBGROUP_AND_OVERALL,Mather 2002,2002,,,11.4,6.69,,43,13.7,6.36,,43,,,34.768788,-0.349222,-0.775282,0.076838,
4,2,Reduction in depressive symptoms follow-up,Health education,1,SUBGROUP_AND_OVERALL,Singh 1997,1997,,,13.0,2.2,,15,14.4,2.2,,15,,,32.71256,-0.619165,-1.354318,0.115988,
4,3,Completed intervention or control,Occupational or art therapy,1,SUBGROUP_AND_OVERALL,Buschert 2019,2019,,,,,15,18,,,15,20,,,1.782236,1.111111,0.801476,1.540368,
4,3,Completed intervention or control,Occupational or art therapy,1,SUBGROUP_AND_OVERALL,Martinsen 1985,1985,,,,,20,24,,,17,19,,,3.408303,0.931373,0.735421,1.179535,
4,3,Completed intervention or control,Health education,2,SUBGROUP_AND_OVERALL,Abdelbasset 2019,2019,,,,,23,23,,,23,23,,,27.921702,1.0,0.920784,1.086031,
4,3,Completed intervention or control,Health education,2,SUBGROUP_AND_OVERALL,Bose 2015,2015,,,,,26,30,,,28,30,,,6.592825,0.928571,0.783527,1.100466,
4,3,Completed intervention or control,Health education,2,SUBGROUP_AND_OVERALL,Mather 2002,2002,,,,,43,43,,,42,43,,,46.556202,1.023529,0.960159,1.091082,
4,3,Completed intervention or control,Health education,2,SUBGROUP_AND_OVERALL,Singh 1997,1997,,,,,17,17,,,15,15,,,13.738731,1.0,0.889004,1.124855,
5,1,Exercise vs control subgroup analysis: type of exercise,Aerobic exercise,1,SUBGROUP_AND_OVERALL,Abdollahi 2017,2017,,,9.68,2.91,,25,14.48,2.16,,29,,,2.276195,-1.866866,-2.51482,-1.218913,
5,1,Exercise vs control subgroup analysis: type of exercise,Aerobic exercise,1,SUBGROUP_AND_OVERALL,Bademli 2023,2023,,,10.63,4.63,,31,18.36,4.63,,31,,,2.459993,-1.64859,-2.22975,-1.067429,
5,1,Exercise vs control subgroup analysis: type of exercise,Aerobic exercise,1,SUBGROUP_AND_OVERALL,Belvederi Murri 2015,2015,,,7.1,4.2,,42,11.7,5.9,,42,,,2.839276,-0.890015,-1.339382,-0.440648,
5,1,Exercise vs control subgroup analysis: type of exercise,Aerobic exercise,1,SUBGROUP_AND_OVERALL,Blumenthal 1999,1999,,,8.73,6.86,,55,7.81,6.49,,48,,,3.016284,0.136487,-0.251116,0.524091,
5,1,Exercise vs control subgroup analysis: type of exercise,Aerobic exercise,1,SUBGROUP_AND_OVERALL,Blumenthal 2007,2007,,,9.2,6.1,,51,11.1,7.0,,49,,,2.997712,-0.287575,-0.68175,0.106599,
5,1,Exercise vs control subgroup analysis: type of exercise,Aerobic exercise,1,SUBGROUP_AND_OVERALL,Blumenthal 2012a,2013,,,6.4,5.28,,35,10.0,5.26,,21,,,2.530534,-0.673248,-1.22949,-0.117006,
5,1,Exercise vs control subgroup analysis: type of exercise,Aerobic exercise,1,SUBGROUP_AND_OVERALL,Bonnet 2005,2005,,,24.46,10.9,,5,10.5,5.8,,6,,,0.923797,1.509505,0.085269,2.933741,
5,1,Exercise vs control subgroup analysis: type of exercise,Aerobic exercise,1,SUBGROUP_AND_OVERALL,Brush 2022,2022,,,9.83,7.32,,35,13.97,5.61,,31,,,2.704992,-0.62234,-1.117981,-0.126698,
5,1,Exercise vs control subgroup analysis: type of exercise,Aerobic exercise,1,SUBGROUP_AND_OVERALL,Cheung 2018,2018,,,9.8,5.6,,17,14.5,5.3,,17,,,2.126484,-0.841695,-1.546822,-0.136568,
5,1,Exercise vs control subgroup analysis: type of exercise,Aerobic exercise,1,SUBGROUP_AND_OVERALL,Chu 2008,2008,,,5.8,3.38,,15,10.58,5.66,,12,,,1.863011,-1.0239,-1.83848,-0.20932,
5,1,Exercise vs control subgroup analysis: type of exercise,Aerobic exercise,1,SUBGROUP_AND_OVERALL,De Groot 2019,2019,,,11.76,7.64,,30,18.04,11.63,,28,,,2.609401,-0.634179,-1.162887,-0.10547,
5,1,Exercise vs control subgroup analysis: type of exercise,Aerobic exercise,1,SUBGROUP_AND_OVERALL,Doose 2015,2015,,,4.57,5.92,,30,13.6,6.38,,16,,,2.185537,-1.459562,-2.141782,-0.777342,
5,1,Exercise vs control subgroup analysis: type of exercise,Aerobic exercise,1,SUBGROUP_AND_OVERALL,Doyne 1987,1987,,,8.18,5.27,,14,15.25,6.3,,11,,,1.746649,-1.190981,-2.058725,-0.323238,
5,1,Exercise vs control subgroup analysis: type of exercise,Aerobic exercise,1,SUBGROUP_AND_OVERALL,Dunn 2005,2005,,,10.0,5.5,,16,14.0,4.9,,13,,,1.990189,-0.741699,-1.501799,0.018401,
5,1,Exercise vs control subgroup analysis: type of exercise,Aerobic exercise,1,SUBGROUP_AND_OVERALL,Epstein 1986,1986,,,9.0,10.94,,7,16.3,7.44,,10,,,1.472132,-0.769462,-1.779413,0.240489,
5,1,Exercise vs control subgroup analysis: type of exercise,Aerobic exercise,1,SUBGROUP_AND_OVERALL,Foley 2008,2008,,,10.8,9.25,,8,13.62,10.22,,5,,,1.287089,-0.272856,-1.397248,0.851536,
5,1,Exercise vs control subgroup analysis: type of exercise,Aerobic exercise,1,SUBGROUP_AND_OVERALL,Fremont 1987,1987,,,10.0,9.8,,18,8.0,7.1,,16,,,2.202191,0.226011,-0.449836,0.901859,
5,1,Exercise vs control subgroup analysis: type of exercise,Aerobic exercise,1,SUBGROUP_AND_OVERALL,Gary 2010,2010,,,8.4,5.6,,20,9.3,4.9,,15,,,2.215664,-0.165476,-0.836195,0.505243,
5,1,Exercise vs control subgroup analysis: type of exercise,Aerobic exercise,1,SUBGROUP_AND_OVERALL,Heinzel 2022,2022,,,9.59,5.18,,22,11.09,4.96,,23,,,2.441172,-0.290746,-0.878611,0.29712,
5,1,Exercise vs control subgroup analysis: type of exercise,Aerobic exercise,1,SUBGROUP_AND_OVERALL,Hemat-Far 2012,2012,,,16.6,6.9,,10,22.8,4.9,,10,,,1.598131,-0.992293,-1.933597,-0.05099,
5,1,Exercise vs control subgroup analysis: type of exercise,Aerobic exercise,1,SUBGROUP_AND_OVERALL,Hess-Homeier 1981,1981,,,9.8,6.93,,5,16.2,8.42,,6,,,1.116124,-0.750854,-2.000621,0.498912,
5,1,Exercise vs control subgroup analysis: type of exercise,Aerobic exercise,1,SUBGROUP_AND_OVERALL,Ho 2014,2014,,,9.15,7.27,,19,14.08,9.04,,21,,,2.310809,-0.58577,-1.220896,0.049356,
5,1,Exercise vs control subgroup analysis: type of exercise,Aerobic exercise,1,SUBGROUP_AND_OVERALL,Hoffman 2010,2010,,,16.4,10.2,,37,21.2,12.0,,39,,,2.822544,-0.425709,-0.880849,0.029431,
5,1,Exercise vs control subgroup analysis: type of exercise,Aerobic exercise,1,SUBGROUP_AND_OVERALL,Khoshnab 2017,2017,,,27.27,6.51,,15,30.0,4.37,,15,,,2.070318,-0.479095,-1.206496,0.248305,
5,1,Exercise vs control subgroup analysis: type of exercise,Aerobic exercise,1,SUBGROUP_AND_OVERALL,Klein 1985,1985,,,1.03,0.94,,14,0.83,0.51,,8,,,1.737535,0.235876,-0.636185,1.107936,
5,1,Exercise vs control subgroup analysis: type of exercise,Aerobic exercise,1,SUBGROUP_AND_OVERALL,Knubben 2007,2007,,,11.2,4.0,,20,15.5,6.1,,18,,,2.227426,-0.825357,-1.491617,-0.159096,
5,1,Exercise vs control subgroup analysis: type of exercise,Aerobic exercise,1,SUBGROUP_AND_OVERALL,Krogh 2009,2009,,,12.1,6.4,,48,10.6,5.6,,42,,,2.93622,0.246203,-0.169546,0.661951,
5,1,Exercise vs control subgroup analysis: type of exercise,Aerobic exercise,1,SUBGROUP_AND_OVERALL,Kruisdijk 2018,2017,,,17.1,6.6,,12,22.3,8.3,,7,,,1.555602,-0.685534,-1.649297,0.278229,
5,1,Exercise vs control subgroup analysis: type of exercise,Aerobic exercise,1,SUBGROUP_AND_OVERALL,Legrand 2014,2014,,,12.8,4.38,,15,19.67,8.17,,12,,,1.856331,-1.051844,-1.869384,-0.234304,
5,1,Exercise vs control subgroup analysis: type of exercise,Aerobic exercise,1,SUBGROUP_AND_OVERALL,Legrand 2016,2016,,,18.92,6.11,,14,29.29,12.57,,10,,,1.727025,-1.07531,-1.952379,-0.198241,
5,1,Exercise vs control subgroup analysis: type of exercise,Aerobic exercise,1,SUBGROUP_AND_OVERALL,McNeil 1991,1991,,,11.1,3.0,,10,14.7,3.7,,10,,,1.590448,-1.023648,-1.968959,-0.078338,
5,1,Exercise vs control subgroup analysis: type of exercise,Aerobic exercise,1,SUBGROUP_AND_OVERALL,Mota-Pereira 2011,2011,,,12.48,1.74,,19,13.6,1.34,,10,,,1.923925,-0.672932,-1.46099,0.115126,
5,1,Exercise vs control subgroup analysis: type of exercise,Aerobic exercise,1,SUBGROUP_AND_OVERALL,Nabkasorn 2005,2005,,,14.4,4.12,,21,17.5,4.23,,28,,,2.447872,-0.729111,-1.314586,-0.143635,
5,1,Exercise vs control subgroup analysis: type of exercise,Aerobic exercise,1,SUBGROUP_AND_OVERALL,Olson 2017,2017,,,10.1,11.5,,15,18.5,11.9,,15,,,2.0382,-0.698443,-1.438814,0.041928,
5,1,Exercise vs control subgroup analysis: type of exercise,Aerobic exercise,1,SUBGROUP_AND_OVERALL,Orth 1979,1979,,,7.0,6.6,,3,16.5,2.12,,2,,,0.372597,-1.250258,-3.706607,1.206091,
5,1,Exercise vs control subgroup analysis: type of exercise,Aerobic exercise,1,SUBGROUP_AND_OVERALL,Prakhinkit 2014,2014,,,15.5,3.24,,13,18.6,2.16,,13,,,1.821022,-1.090299,-1.923663,-0.256934,
5,1,Exercise vs control subgroup analysis: type of exercise,Aerobic exercise,1,SUBGROUP_AND_OVERALL,Reuter 1984,1984,,,5.1,4.75,,9,18.56,7.7,,9,,,1.201794,-2.003802,-3.187937,-0.819667,
5,1,Exercise vs control subgroup analysis: type of exercise,Aerobic exercise,1,SUBGROUP_AND_OVERALL,Roy 2018,2018,,,15.0,4.93,,20,13.85,3.16,,20,,,2.343926,0.272214,-0.350757,0.895185,
5,1,Exercise vs control subgroup analysis: type of exercise,Aerobic exercise,1,SUBGROUP_AND_OVERALL,Salehi 2016,2016,,,10.4,8.93,,20,16.3,4.66,,20,,,2.277412,-0.811901,-1.459402,-0.164401,
5,1,Exercise vs control subgroup analysis: type of exercise,Aerobic exercise,1,SUBGROUP_AND_OVERALL,Schuch 2015,2015,,,7.43,4.36,,23,10.86,4.38,,24,,,2.422121,-0.771701,-1.366381,-0.177021,
5,1,Exercise vs control subgroup analysis: type of exercise,Aerobic exercise,1,SUBGROUP_AND_OVERALL,Setaro 1985,1985,,,62.0,6.51,,25,69.88,3.96,,25,,,2.331607,-1.43953,-2.06701,-0.812051,
5,1,Exercise vs control subgroup analysis: type of exercise,Aerobic exercise,1,SUBGROUP_AND_OVERALL,Shahidi 2011,2011,,,11.1,6.2,,20,15.2,6.1,,20,,,2.303358,-0.6534,-1.291276,-0.015524,
5,1,Exercise vs control subgroup analysis: type of exercise,Aerobic exercise,1,SUBGROUP_AND_OVERALL,Siqueira 2016,2016,,,11.38,3.94,,29,12.64,5.74,,28,,,2.630123,-0.253266,-0.774784,0.268252,
5,1,Exercise vs control subgroup analysis: type of exercise,Aerobic exercise,1,SUBGROUP_AND_OVERALL,Taheri 2018,2018,,,14.7,1.7,,8,16.3,1.7,,8,,,1.416704,-0.88984,-1.93218,0.1525,
5,1,Exercise vs control subgroup analysis: type of exercise,Aerobic exercise,1,SUBGROUP_AND_OVERALL,Veale 1992,1992,,,13.94,12.78,,36,17.79,10.18,,29,,,2.714275,-0.325238,-0.817679,0.167204,
5,1,Exercise vs control subgroup analysis: type of exercise,Aerobic exercise,1,SUBGROUP_AND_OVERALL,Wang 2022,2022,,,31.0,2.45,,30,32.0,3.1,,30,,,2.662626,-0.353266,-0.863533,0.157002,
5,1,Exercise vs control subgroup analysis: type of exercise,Aerobic exercise,1,SUBGROUP_AND_OVERALL,Williams 2008,2008,,,8.37,5.78,,17,11.75,8.1,,12,,,2.01242,-0.481627,-1.232539,0.269285,
5,1,Exercise vs control subgroup analysis: type of exercise,Aerobic exercise,1,SUBGROUP_AND_OVERALL,Yu 2023,2023,,,15.0,10.49,,10,24.0,11.29,,10,,,1.643208,-0.790993,-1.709208,0.127223,
5,1,Exercise vs control subgroup analysis: type of exercise,Mixed exercise,2,SUBGROUP_AND_OVERALL,Barclay 2014,2014,,,6.8,6.7,,5,26.2,13.2,,6,,,12.509744,-1.641546,-3.104982,-0.178111,
5,1,Exercise vs control subgroup analysis: type of exercise,Mixed exercise,2,SUBGROUP_AND_OVERALL,Brenes 2007,2007,,,7.8,4.3,,14,10.9,5.8,,12,,,18.990094,-0.595279,-1.386079,0.195521,
5,1,Exercise vs control subgroup analysis: type of exercise,Mixed exercise,2,SUBGROUP_AND_OVERALL,Heissel 2015,2015,,,8.5,6.5,,6,7.2,2.5,,6,,,15.456046,0.243683,-0.894138,1.381504,
5,1,Exercise vs control subgroup analysis: type of exercise,Mixed exercise,2,SUBGROUP_AND_OVERALL,Huang 2015,2015,,,4.63,5.92,,19,5.2,6.38,,20,,,20.614587,-0.090637,-0.718892,0.537619,
5,1,Exercise vs control subgroup analysis: type of exercise,Mixed exercise,2,SUBGROUP_AND_OVERALL,La Rocque 2021,2021,,,6.75,6.05,,20,16.33,5.84,,15,,,19.152027,-1.570095,-2.345089,-0.7951,
5,1,Exercise vs control subgroup analysis: type of exercise,Mixed exercise,2,SUBGROUP_AND_OVERALL,Mutrie 1988,1988,,,9.46,4.28,,9,21.4,5.26,,7,,,13.277502,-2.389171,-3.76202,-1.016323,
5,1,Exercise vs control subgroup analysis: type of exercise,Resistance exercise,3,SUBGROUP_AND_OVERALL,Pilu 2007,2007,,,8.1,5.2,,10,16.7,9.1,,20,,,23.624447,-1.038797,-1.848583,-0.229011,
5,1,Exercise vs control subgroup analysis: type of exercise,Resistance exercise,3,SUBGROUP_AND_OVERALL,Sims 2009,2009,,,15.13,8.49,,23,20.62,11.79,,22,,,43.685432,-0.526962,-1.122464,0.068539,
5,1,Exercise vs control subgroup analysis: type of exercise,Resistance exercise,3,SUBGROUP_AND_OVERALL,Singh 2005,2005,,,8.5,5.5,,18,14.4,6.0,,19,,,32.690121,-1.001752,-1.690155,-0.313349,
5,2,Exercise vs control subroup analysis: intensity,Very light,1,SUBGROUP_AND_OVERALL,Singh 2005,2005,,,12.4,6.3,,17,14.4,6.0,,9,,,100.0,-0.312313,-1.12551,0.500884,
5,2,Exercise vs control subroup analysis: intensity,Light,2,SUBGROUP_AND_OVERALL,Belvederi Murri 2015,2015,,,7.1,4.2,,42,11.7,5.9,,42,,,19.708179,-0.890015,-1.339382,-0.440648,
5,2,Exercise vs control subroup analysis: intensity,Light,2,SUBGROUP_AND_OVERALL,Cheung 2018,2018,,,9.8,5.6,,17,14.5,5.3,,17,,,11.274223,-0.841695,-1.546822,-0.136568,
5,2,Exercise vs control subroup analysis: intensity,Light,2,SUBGROUP_AND_OVERALL,Heinzel 2022,2022,,,10.1,4.13,,33,11.09,4.96,,11,,,11.771873,-0.223908,-0.908039,0.460223,
5,2,Exercise vs control subroup analysis: intensity,Light,2,SUBGROUP_AND_OVERALL,Hoffman 2010,2010,,,16.4,10.2,,37,21.2,12.0,,39,,,19.450841,-0.425709,-0.880849,0.029431,
5,2,Exercise vs control subroup analysis: intensity,Light,2,SUBGROUP_AND_OVERALL,Mota-Pereira 2011,2011,,,12.48,1.74,,19,13.6,1.34,,10,,,9.558716,-0.672932,-1.46099,0.115126,
5,2,Exercise vs control subroup analysis: intensity,Light,2,SUBGROUP_AND_OVERALL,Mutrie 1988,1988,,,9.46,4.28,,9,21.4,5.26,,7,,,3.744436,-2.389171,-3.76202,-1.016323,
5,2,Exercise vs control subroup analysis: intensity,Light,2,SUBGROUP_AND_OVERALL,Sims 2009,2009,,,15.13,8.49,,23,20.62,11.79,,22,,,14.210828,-0.526962,-1.122464,0.068539,
5,2,Exercise vs control subroup analysis: intensity,Light,2,SUBGROUP_AND_OVERALL,Williams 2008,2008,,,8.37,5.78,,17,11.75,8.1,,12,,,10.280904,-0.481627,-1.232539,0.269285,
5,2,Exercise vs control subroup analysis: intensity,Moderate,3,SUBGROUP_AND_OVERALL,Abdollahi 2017,2017,,,9.68,2.91,,25,14.48,2.16,,29,,,3.830649,-1.866866,-2.51482,-1.218913,
5,2,Exercise vs control subroup analysis: intensity,Moderate,3,SUBGROUP_AND_OVERALL,Bademli 2023,2023,,,10.63,4.63,,31,18.36,4.63,,31,,,4.115775,-1.64859,-2.22975,-1.067429,
5,2,Exercise vs control subroup analysis: intensity,Moderate,3,SUBGROUP_AND_OVERALL,Barclay 2014,2014,,,6.8,6.7,,5,26.2,13.2,,6,,,1.561669,-1.641546,-3.104982,-0.178111,
5,2,Exercise vs control subroup analysis: intensity,Moderate,3,SUBGROUP_AND_OVERALL,Blumenthal 2012a,2013,,,6.4,5.28,,35,10.0,5.26,,21,,,4.224324,-0.673248,-1.22949,-0.117006,
5,2,Exercise vs control subroup analysis: intensity,Moderate,3,SUBGROUP_AND_OVERALL,Bonnet 2005,2005,,,24.46,10.9,,5,10.5,5.8,,6,,,1.624945,1.509505,0.085269,2.933741,
5,2,Exercise vs control subroup analysis: intensity,Moderate,3,SUBGROUP_AND_OVERALL,Brush 2022,2022,,,9.83,7.32,,35,13.97,5.61,,31,,,4.490704,-0.62234,-1.117981,-0.126698,
5,2,Exercise vs control subroup analysis: intensity,Moderate,3,SUBGROUP_AND_OVERALL,Chu 2008,2008,,,8.36,5.66,,11,10.58,5.66,,6,,,2.557398,-0.372282,-1.377195,0.63263,
5,2,Exercise vs control subroup analysis: intensity,Moderate,3,SUBGROUP_AND_OVERALL,De Groot 2019,2019,,,11.76,7.64,,30,18.04,11.63,,28,,,4.34511,-0.634179,-1.162887,-0.10547,
5,2,Exercise vs control subroup analysis: intensity,Moderate,3,SUBGROUP_AND_OVERALL,Doose 2015,2015,,,4.57,5.92,,30,13.6,6.38,,16,,,3.688771,-1.459562,-2.141782,-0.777342,
5,2,Exercise vs control subroup analysis: intensity,Moderate,3,SUBGROUP_AND_OVERALL,Epstein 1986,1986,,,9.0,10.94,,7,16.3,7.44,,10,,,2.542855,-0.769462,-1.779413,0.240489,
5,2,Exercise vs control subroup analysis: intensity,Moderate,3,SUBGROUP_AND_OVERALL,Foley 2008,2008,,,10.8,9.25,,8,13.62,10.22,,5,,,2.236811,-0.272856,-1.397248,0.851536,
5,2,Exercise vs control subroup analysis: intensity,Moderate,3,SUBGROUP_AND_OVERALL,Gary 2010,2010,,,8.4,5.6,,20,9.3,4.9,,15,,,3.73601,-0.165476,-0.836195,0.505243,
5,2,Exercise vs control subroup analysis: intensity,Moderate,3,SUBGROUP_AND_OVERALL,Heissel 2015,2015,,,8.5,6.5,,6,7.2,2.5,,6,,,2.203822,0.243683,-0.894138,1.381504,
5,2,Exercise vs control subroup analysis: intensity,Moderate,3,SUBGROUP_AND_OVERALL,Hemat-Far 2012,2012,,,16.6,6.9,,10,22.8,4.9,,10,,,2.749129,-0.992293,-1.933597,-0.05099,
5,2,Exercise vs control subroup analysis: intensity,Moderate,3,SUBGROUP_AND_OVERALL,Ho 2014,2014,,,9.15,7.27,,19,14.08,9.04,,21,,,3.884601,-0.58577,-1.220896,0.049356,
5,2,Exercise vs control subroup analysis: intensity,Moderate,3,SUBGROUP_AND_OVERALL,Huang 2015,2015,,,4.63,5.92,,19,5.2,6.38,,20,,,3.913671,-0.090637,-0.718892,0.537619,
5,2,Exercise vs control subroup analysis: intensity,Moderate,3,SUBGROUP_AND_OVERALL,Khoshnab 2017,2017,,,27.27,6.51,,15,30.0,4.37,,15,,,3.507263,-0.479095,-1.206496,0.248305,
5,2,Exercise vs control subroup analysis: intensity,Moderate,3,SUBGROUP_AND_OVERALL,Klein 1985,1985,,,1.03,0.94,,14,0.83,0.51,,8,,,2.975377,0.235876,-0.636185,1.107936,
5,2,Exercise vs control subroup analysis: intensity,Moderate,3,SUBGROUP_AND_OVERALL,La Rocque 2021,2021,,,6.75,6.05,,20,16.33,5.84,,15,,,3.32365,-1.570095,-2.345089,-0.7951,
5,2,Exercise vs control subroup analysis: intensity,Moderate,3,SUBGROUP_AND_OVERALL,Legrand 2014,2014,,,12.8,4.38,,15,19.67,8.17,,12,,,3.166565,-1.051844,-1.869384,-0.234304,
5,2,Exercise vs control subroup analysis: intensity,Moderate,3,SUBGROUP_AND_OVERALL,Legrand 2016,2016,,,18.92,6.11,,14,29.29,12.57,,10,,,2.958391,-1.07531,-1.952379,-0.198241,
5,2,Exercise vs control subroup analysis: intensity,Moderate,3,SUBGROUP_AND_OVERALL,Nabkasorn 2005,2005,,,14.4,4.12,,21,17.5,4.23,,28,,,4.097075,-0.729111,-1.314586,-0.143635,
5,2,Exercise vs control subroup analysis: intensity,Moderate,3,SUBGROUP_AND_OVERALL,Olson 2017,2017,,,10.1,11.5,,15,18.5,11.9,,15,,,3.456426,-0.698443,-1.438814,0.041928,
5,2,Exercise vs control subroup analysis: intensity,Moderate,3,SUBGROUP_AND_OVERALL,Orth 1979,1979,,,7.0,6.6,,3,16.5,2.12,,2,,,0.667692,-1.250258,-3.706607,1.206091,
5,2,Exercise vs control subroup analysis: intensity,Moderate,3,SUBGROUP_AND_OVERALL,Pilu 2007,2007,,,8.1,5.2,,10,16.7,9.1,,20,,,3.194686,-1.038797,-1.848583,-0.229011,
5,2,Exercise vs control subroup analysis: intensity,Moderate,3,SUBGROUP_AND_OVERALL,Prakhinkit 2014,2014,,,15.5,3.24,,13,18.6,2.16,,13,,,3.109893,-1.090299,-1.923663,-0.256934,
5,2,Exercise vs control subroup analysis: intensity,Moderate,3,SUBGROUP_AND_OVERALL,Roy 2018,2018,,,15.0,4.93,,20,13.85,3.16,,20,,,3.936109,0.272214,-0.350757,0.895185,
5,2,Exercise vs control subroup analysis: intensity,Moderate,3,SUBGROUP_AND_OVERALL,Schuch 2015,2015,,,7.43,4.36,,23,10.86,4.38,,24,,,4.057297,-0.771701,-1.366381,-0.177021,
5,2,Exercise vs control subroup analysis: intensity,Moderate,3,SUBGROUP_AND_OVERALL,Taheri 2018,2018,,,14.7,1.7,,8,16.3,1.7,,8,,,2.451573,-0.88984,-1.93218,0.1525,
5,2,Exercise vs control subroup analysis: intensity,Moderate,3,SUBGROUP_AND_OVERALL,Wang 2022,2022,,,31.0,2.45,,30,32.0,3.1,,30,,,4.426285,-0.353266,-0.863533,0.157002,
5,2,Exercise vs control subroup analysis: intensity,Moderate,3,SUBGROUP_AND_OVERALL,Yu 2023,2023,,,15.0,10.49,,11,24.0,11.29,,11,,,2.965474,-0.794526,-1.669503,0.08045,
5,2,Exercise vs control subroup analysis: intensity,Vigorous,4,SUBGROUP_AND_OVERALL,Blumenthal 1999,1999,,,8.73,6.86,,55,7.81,6.49,,48,,,7.371879,0.136487,-0.251116,0.524091,
5,2,Exercise vs control subroup analysis: intensity,Vigorous,4,SUBGROUP_AND_OVERALL,Blumenthal 2007,2007,,,9.2,6.1,,51,11.1,7.0,,49,,,7.329703,-0.287575,-0.68175,0.106599,
5,2,Exercise vs control subroup analysis: intensity,Vigorous,4,SUBGROUP_AND_OVERALL,Brenes 2007,2007,,,7.8,4.3,,14,10.9,5.8,,12,,,4.811309,-0.595279,-1.386079,0.195521,
5,2,Exercise vs control subroup analysis: intensity,Vigorous,4,SUBGROUP_AND_OVERALL,Chu 2008,2008,,,5.8,3.38,,15,10.58,5.66,,6,,,3.698267,-1.117943,-2.1363,-0.099586,
5,2,Exercise vs control subroup analysis: intensity,Vigorous,4,SUBGROUP_AND_OVERALL,Doyne 1987,1987,,,8.18,5.27,,14,15.25,6.3,,11,,,4.400753,-1.190981,-2.058725,-0.323238,
5,2,Exercise vs control subroup analysis: intensity,Vigorous,4,SUBGROUP_AND_OVERALL,Fremont 1987,1987,,,10.0,9.8,,18,8.0,7.1,,16,,,5.487675,0.226011,-0.449836,0.901859,
5,2,Exercise vs control subroup analysis: intensity,Vigorous,4,SUBGROUP_AND_OVERALL,Heinzel 2022,2022,,,9.59,5.18,,22,11.09,4.96,,12,,,5.296782,-0.286864,-0.993964,0.420237,
5,2,Exercise vs control subroup analysis: intensity,Vigorous,4,SUBGROUP_AND_OVERALL,Hess-Homeier 1981,1981,,,9.8,6.93,,5,16.2,8.42,,6,,,2.855942,-0.750854,-2.000621,0.498912,
5,2,Exercise vs control subroup analysis: intensity,Vigorous,4,SUBGROUP_AND_OVERALL,Knubben 2007,2007,,,11.2,4.0,,20,15.5,6.1,,18,,,5.547188,-0.825357,-1.491617,-0.159096,
5,2,Exercise vs control subroup analysis: intensity,Vigorous,4,SUBGROUP_AND_OVERALL,Krogh 2009,2009,,,12.1,6.4,,48,10.6,5.6,,42,,,7.18979,0.246203,-0.169546,0.661951,
5,2,Exercise vs control subroup analysis: intensity,Vigorous,4,SUBGROUP_AND_OVERALL,Kruisdijk 2018,2017,,,17.1,6.6,,12,22.3,8.3,,7,,,3.937709,-0.685534,-1.649297,0.278229,
5,2,Exercise vs control subroup analysis: intensity,Vigorous,4,SUBGROUP_AND_OVERALL,McNeil 1991,1991,,,11.1,3.0,,10,14.7,3.7,,10,,,4.022489,-1.023648,-1.968959,-0.078338,
5,2,Exercise vs control subroup analysis: intensity,Vigorous,4,SUBGROUP_AND_OVERALL,Reuter 1984,1984,,,5.1,4.75,,9,18.56,7.7,,9,,,3.068658,-2.003802,-3.187937,-0.819667,
5,2,Exercise vs control subroup analysis: intensity,Vigorous,4,SUBGROUP_AND_OVERALL,Salehi 2016,2016,,,10.4,8.93,,20,16.3,4.66,,20,,,5.664863,-0.811901,-1.459402,-0.164401,
5,2,Exercise vs control subroup analysis: intensity,Vigorous,4,SUBGROUP_AND_OVERALL,Setaro 1985,1985,,,62.0,6.51,,25,69.88,3.96,,25,,,5.792126,-1.43953,-2.06701,-0.812051,
5,2,Exercise vs control subroup analysis: intensity,Vigorous,4,SUBGROUP_AND_OVERALL,Shahidi 2011,2011,,,11.1,6.2,,20,15.2,6.1,,20,,,5.725833,-0.6534,-1.291276,-0.015524,
5,2,Exercise vs control subroup analysis: intensity,Vigorous,4,SUBGROUP_AND_OVERALL,Singh 2005,2005,,,8.5,5.5,,18,14.4,6.0,,10,,,4.630408,-1.008822,-1.832719,-0.184926,
5,2,Exercise vs control subroup analysis: intensity,Vigorous,4,SUBGROUP_AND_OVERALL,Siqueira 2016,2016,,,11.38,3.94,,29,12.64,5.74,,28,,,6.487229,-0.253266,-0.774784,0.268252,
5,2,Exercise vs control subroup analysis: intensity,Vigorous,4,SUBGROUP_AND_OVERALL,Veale 1992,1992,,,13.94,12.78,,36,17.79,10.18,,29,,,6.681394,-0.325238,-0.817679,0.167204,
5,3,Exercise vs control subroup analysis: number of sessions,0 - 12 sessions,1,SUBGROUP_AND_OVERALL,Bademli 2023,2023,,,10.63,4.63,,31,18.36,4.63,,31,,,11.308552,-1.64859,-2.22975,-1.067429,
5,3,Exercise vs control subroup analysis: number of sessions,0 - 12 sessions,1,SUBGROUP_AND_OVERALL,Bonnet 2005,2005,,,24.46,10.9,,5,10.5,5.8,,6,,,7.078742,1.509505,0.085269,2.933741,
5,3,Exercise vs control subroup analysis: number of sessions,0 - 12 sessions,1,SUBGROUP_AND_OVERALL,Heissel 2015,2015,,,8.5,6.5,,6,7.2,2.5,,6,,,8.450636,0.243683,-0.894138,1.381504,
5,3,Exercise vs control subroup analysis: number of sessions,0 - 12 sessions,1,SUBGROUP_AND_OVERALL,Knubben 2007,2007,,,11.2,4.0,,20,15.5,6.1,,18,,,10.89962,-0.825357,-1.491617,-0.159096,
5,3,Exercise vs control subroup analysis: number of sessions,0 - 12 sessions,1,SUBGROUP_AND_OVERALL,Krogh 2009,2009,,,12.1,6.4,,48,10.6,5.6,,42,,,12.008404,0.246203,-0.169546,0.661951,
5,3,Exercise vs control subroup analysis: number of sessions,0 - 12 sessions,1,SUBGROUP_AND_OVERALL,Legrand 2016,2016,,,18.92,6.11,,14,29.29,12.57,,10,,,9.812158,-1.07531,-1.952379,-0.198241,
5,3,Exercise vs control subroup analysis: number of sessions,0 - 12 sessions,1,SUBGROUP_AND_OVERALL,Mutrie 1988,1988,,,9.46,4.28,,9,21.4,5.26,,7,,,7.31123,-2.389171,-3.76202,-1.016323,
5,3,Exercise vs control subroup analysis: number of sessions,0 - 12 sessions,1,SUBGROUP_AND_OVERALL,Roy 2018,2018,,,15.0,3.16,,20,13.85,3.16,,20,,,11.099944,0.356694,-0.268544,0.981932,
5,3,Exercise vs control subroup analysis: number of sessions,0 - 12 sessions,1,SUBGROUP_AND_OVERALL,Salehi 2016,2016,,,10.4,8.93,,20,16.3,4.66,,20,,,10.991901,-0.811901,-1.459402,-0.164401,
5,3,Exercise vs control subroup analysis: number of sessions,0 - 12 sessions,1,SUBGROUP_AND_OVERALL,Shahidi 2011,2011,,,11.1,6.2,,20,15.2,6.1,,20,,,11.038813,-0.6534,-1.291276,-0.015524,
5,3,Exercise vs control subroup analysis: number of sessions,13 - 24 sessions,2,SUBGROUP_AND_OVERALL,Barclay 2014,2014,,,6.8,6.7,,5,26.2,13.2,,6,,,1.700608,-1.641546,-3.104982,-0.178111,
5,3,Exercise vs control subroup analysis: number of sessions,13 - 24 sessions,2,SUBGROUP_AND_OVERALL,Belvederi Murri 2015,2015,,,7.1,4.2,,42,11.7,5.9,,42,,,8.235295,-0.890015,-1.339382,-0.440648,
5,3,Exercise vs control subroup analysis: number of sessions,13 - 24 sessions,2,SUBGROUP_AND_OVERALL,Brush 2022,2022,,,9.83,7.32,,35,13.97,5.61,,31,,,7.578751,-0.62234,-1.117981,-0.126698,
5,3,Exercise vs control subroup analysis: number of sessions,13 - 24 sessions,2,SUBGROUP_AND_OVERALL,Doose 2015,2015,,,4.57,5.92,,30,13.6,6.38,,16,,,5.410913,-1.459562,-2.141782,-0.777342,
5,3,Exercise vs control subroup analysis: number of sessions,13 - 24 sessions,2,SUBGROUP_AND_OVERALL,Heinzel 2022,2022,,,9.59,5.18,,22,11.09,4.96,,23,,,6.410882,-0.290746,-0.878611,0.29712,
5,3,Exercise vs control subroup analysis: number of sessions,13 - 24 sessions,2,SUBGROUP_AND_OVERALL,Hemat-Far 2012,2012,,,16.6,6.9,,10,22.8,4.9,,10,,,3.496581,-0.992293,-1.933597,-0.05099,
5,3,Exercise vs control subroup analysis: number of sessions,13 - 24 sessions,2,SUBGROUP_AND_OVERALL,Hess-Homeier 1981,1981,,,9.8,6.93,,5,16.2,8.42,,6,,,2.229296,-0.750854,-2.000621,0.498912,
5,3,Exercise vs control subroup analysis: number of sessions,13 - 24 sessions,2,SUBGROUP_AND_OVERALL,Ho 2014,2014,,,9.15,7.27,,19,14.08,9.04,,21,,,5.88622,-0.58577,-1.220896,0.049356,
5,3,Exercise vs control subroup analysis: number of sessions,13 - 24 sessions,2,SUBGROUP_AND_OVERALL,Khoshnab 2017,2017,,,27.27,6.21,,15,30.0,4.37,,15,,,4.989992,-0.494695,-1.222865,0.233475,
5,3,Exercise vs control subroup analysis: number of sessions,13 - 24 sessions,2,SUBGROUP_AND_OVERALL,Klein 1985,1985,,,1.03,0.94,,14,0.83,0.51,,8,,,3.909465,0.235876,-0.636185,1.107936,
5,3,Exercise vs control subroup analysis: number of sessions,13 - 24 sessions,2,SUBGROUP_AND_OVERALL,La Rocque 2021,2021,,,6.75,6.05,,20,16.33,5.84,,15,,,4.601252,-1.570095,-2.345089,-0.7951,
5,3,Exercise vs control subroup analysis: number of sessions,13 - 24 sessions,2,SUBGROUP_AND_OVERALL,Legrand 2014,2014,,,12.8,4.38,,15,19.67,8.17,,12,,,4.28026,-1.051844,-1.869384,-0.234304,
5,3,Exercise vs control subroup analysis: number of sessions,13 - 24 sessions,2,SUBGROUP_AND_OVERALL,McNeil 1991,1991,,,11.1,3.0,,10,14.7,3.7,,10,,,3.474489,-1.023648,-1.968959,-0.078338,
5,3,Exercise vs control subroup analysis: number of sessions,13 - 24 sessions,2,SUBGROUP_AND_OVERALL,Olson 2017,2017,,,10.1,11.5,,15,18.5,11.9,,15,,,4.884932,-0.698443,-1.438814,0.041928,
5,3,Exercise vs control subroup analysis: number of sessions,13 - 24 sessions,2,SUBGROUP_AND_OVERALL,Orth 1979,1979,,,7.0,6.6,,3,16.5,2.12,,2,,,0.656063,-1.250258,-3.706607,1.206091,
5,3,Exercise vs control subroup analysis: number of sessions,13 - 24 sessions,2,SUBGROUP_AND_OVERALL,Setaro 1985,1985,,,62.0,6.51,,25,69.88,3.96,,25,,,5.967801,-1.43953,-2.06701,-0.812051,
5,3,Exercise vs control subroup analysis: number of sessions,13 - 24 sessions,2,SUBGROUP_AND_OVERALL,Sims 2009,2009,,,15.13,8.49,,23,20.62,11.79,,22,,,6.32278,-0.526962,-1.122464,0.068539,
5,3,Exercise vs control subroup analysis: number of sessions,13 - 24 sessions,2,SUBGROUP_AND_OVERALL,Singh 2005,2005,,,8.5,5.5,,18,14.4,6.0,,19,,,5.35188,-1.001752,-1.690155,-0.313349,
5,3,Exercise vs control subroup analysis: number of sessions,13 - 24 sessions,2,SUBGROUP_AND_OVERALL,Siqueira 2016,2016,,,11.38,3.94,,29,12.64,5.74,,28,,,7.23175,-0.253266,-0.774784,0.268252,
5,3,Exercise vs control subroup analysis: number of sessions,13 - 24 sessions,2,SUBGROUP_AND_OVERALL,Wang 2022,2022,,,31.0,2.45,,30,32.0,3.1,,30,,,7.380791,-0.353266,-0.863533,0.157002,
5,3,Exercise vs control subroup analysis: number of sessions,25 - 36 sessions,3,SUBGROUP_AND_OVERALL,Abdollahi 2017,2017,,,9.68,2.91,,25,14.48,2.16,,29,,,10.119419,-1.866866,-2.51482,-1.218913,
5,3,Exercise vs control subroup analysis: number of sessions,25 - 36 sessions,3,SUBGROUP_AND_OVERALL,Cheung 2018,2018,,,9.8,5.6,,17,14.5,5.3,,17,,,9.696083,-0.841695,-1.546822,-0.136568,
5,3,Exercise vs control subroup analysis: number of sessions,25 - 36 sessions,3,SUBGROUP_AND_OVERALL,Doyne 1987,1987,,,8.18,5.27,,14,15.25,6.3,,11,,,8.51792,-1.190981,-2.058725,-0.323238,
5,3,Exercise vs control subroup analysis: number of sessions,25 - 36 sessions,3,SUBGROUP_AND_OVERALL,Foley 2008,2008,,,10.8,9.25,,8,13.62,10.22,,5,,,6.853319,-0.272856,-1.397248,0.851536,
5,3,Exercise vs control subroup analysis: number of sessions,25 - 36 sessions,3,SUBGROUP_AND_OVERALL,Fremont 1987,1987,,,10.0,9.8,,18,8.0,7.1,,16,,,9.912835,0.226011,-0.449836,0.901859,
5,3,Exercise vs control subroup analysis: number of sessions,25 - 36 sessions,3,SUBGROUP_AND_OVERALL,Gary 2010,2010,,,8.4,5.6,,20,9.3,4.9,,15,,,9.950828,-0.165476,-0.836195,0.505243,
5,3,Exercise vs control subroup analysis: number of sessions,25 - 36 sessions,3,SUBGROUP_AND_OVERALL,Huang 2015,2015,,,4.63,5.92,,19,5.2,6.38,,20,,,10.26506,-0.090637,-0.718892,0.537619,
5,3,Exercise vs control subroup analysis: number of sessions,25 - 36 sessions,3,SUBGROUP_AND_OVERALL,Prakhinkit 2014,2014,,,15.5,3.24,,13,18.6,2.16,,13,,,8.761334,-1.090299,-1.923663,-0.256934,
5,3,Exercise vs control subroup analysis: number of sessions,25 - 36 sessions,3,SUBGROUP_AND_OVERALL,Reuter 1984,1984,,,5.1,4.75,,9,18.56,7.7,,9,,,6.510135,-2.003802,-3.187937,-0.819667,
5,3,Exercise vs control subroup analysis: number of sessions,25 - 36 sessions,3,SUBGROUP_AND_OVERALL,Veale 1992,1992,,,13.94,12.78,,36,17.79,10.18,,29,,,11.24493,-0.325238,-0.817679,0.167204,
5,3,Exercise vs control subroup analysis: number of sessions,25 - 36 sessions,3,SUBGROUP_AND_OVERALL,Yu 2023,2023,,,15.0,10.49,,10,24.0,11.29,,10,,,8.168137,-0.790993,-1.709208,0.127223,
5,3,Exercise vs control subroup analysis: number of sessions,37+ sessions,4,SUBGROUP_AND_OVERALL,Blumenthal 1999,1999,,,8.73,6.86,,55,7.81,6.49,,48,,,15.674735,0.136487,-0.251116,0.524091,
5,3,Exercise vs control subroup analysis: number of sessions,37+ sessions,4,SUBGROUP_AND_OVERALL,Blumenthal 2007,2007,,,9.2,6.1,,51,11.1,7.0,,49,,,15.385327,-0.287575,-0.68175,0.106599,
5,3,Exercise vs control subroup analysis: number of sessions,37+ sessions,4,SUBGROUP_AND_OVERALL,Blumenthal 2012a,2013,,,6.4,5.28,,35,10.0,5.26,,21,,,9.902967,-0.673248,-1.22949,-0.117006,
5,3,Exercise vs control subroup analysis: number of sessions,37+ sessions,4,SUBGROUP_AND_OVERALL,Brenes 2007,2007,,,7.8,4.3,,14,10.9,5.8,,12,,,5.721155,-0.595279,-1.386079,0.195521,
5,3,Exercise vs control subroup analysis: number of sessions,37+ sessions,4,SUBGROUP_AND_OVERALL,Chu 2008,2008,,,5.8,3.38,,15,10.58,5.66,,12,,,5.443422,-1.0239,-1.83848,-0.20932,
5,3,Exercise vs control subroup analysis: number of sessions,37+ sessions,4,SUBGROUP_AND_OVERALL,Dunn 2005,2005,,,10.0,5.5,,16,14.0,4.9,,13,,,6.109959,-0.741699,-1.501799,0.018401,
5,3,Exercise vs control subroup analysis: number of sessions,37+ sessions,4,SUBGROUP_AND_OVERALL,Hoffman 2010,2010,,,16.4,10.2,,37,21.2,12.0,,39,,,12.971354,-0.425709,-0.880849,0.029431,
5,3,Exercise vs control subroup analysis: number of sessions,37+ sessions,4,SUBGROUP_AND_OVERALL,Kruisdijk 2018,2017,,,17.1,6.6,,12,22.3,8.3,,7,,,4.07028,-0.685534,-1.649297,0.278229,
5,3,Exercise vs control subroup analysis: number of sessions,37+ sessions,4,SUBGROUP_AND_OVERALL,Mota-Pereira 2011,2011,,,12.48,1.74,,19,13.6,1.34,,10,,,5.754449,-0.672932,-1.46099,0.115126,
5,3,Exercise vs control subroup analysis: number of sessions,37+ sessions,4,SUBGROUP_AND_OVERALL,Nabkasorn 2005,2005,,,14.4,4.12,,21,17.5,4.23,,28,,,9.193144,-0.729111,-1.314586,-0.143635,
5,3,Exercise vs control subroup analysis: number of sessions,37+ sessions,4,SUBGROUP_AND_OVERALL,Taheri 2018,2018,,,14.7,1.7,,8,16.3,1.7,,8,,,3.539729,-0.88984,-1.93218,0.1525,
5,3,Exercise vs control subroup analysis: number of sessions,37+ sessions,4,SUBGROUP_AND_OVERALL,Williams 2008,2008,,,8.37,5.78,,17,11.75,8.1,,12,,,6.23348,-0.481627,-1.232539,0.269285,
5,3,Exercise vs control subroup analysis: number of sessions,unclear,5,SUBGROUP_AND_OVERALL,De Groot 2019,2019,,,11.76,7.64,,30,18.04,11.63,,28,,,40.234578,-0.634179,-1.162887,-0.10547,
5,3,Exercise vs control subroup analysis: number of sessions,unclear,5,SUBGROUP_AND_OVERALL,Epstein 1986,1986,,,9.0,10.94,,7,16.3,7.44,,10,,,11.026348,-0.769462,-1.779413,0.240489,
5,3,Exercise vs control subroup analysis: number of sessions,unclear,5,SUBGROUP_AND_OVERALL,Pilu 2007,2007,,,8.1,5.2,,10,16.7,9.1,,20,,,17.151112,-1.038797,-1.848583,-0.229011,
5,3,Exercise vs control subroup analysis: number of sessions,unclear,5,SUBGROUP_AND_OVERALL,Schuch 2015,2015,,,7.42,4.555,,23,11.12,4.475,,24,,,31.587961,-0.805883,-1.402582,-0.209184,
5,4,Exercise vs control subroup analysis: diagnosis of depression,Clinical diagnosis of depression,1,SUBGROUP_AND_OVERALL,Abdollahi 2017,2017,,,9.68,2.91,,25,14.48,2.16,,29,,,3.112085,-1.866866,-2.51482,-1.218913,
5,4,Exercise vs control subroup analysis: diagnosis of depression,Clinical diagnosis of depression,1,SUBGROUP_AND_OVERALL,Barclay 2014,2014,,,6.8,6.7,,5,26.2,13.2,,6,,,1.215566,-1.641546,-3.104982,-0.178111,
5,4,Exercise vs control subroup analysis: diagnosis of depression,Clinical diagnosis of depression,1,SUBGROUP_AND_OVERALL,Belvederi Murri 2015,2015,,,7.1,4.2,,42,11.7,5.9,,42,,,3.877797,-0.890015,-1.339382,-0.440648,
5,4,Exercise vs control subroup analysis: diagnosis of depression,Clinical diagnosis of depression,1,SUBGROUP_AND_OVERALL,Blumenthal 1999,1999,,,8.73,6.86,,55,7.81,6.49,,48,,,4.118165,0.136487,-0.251116,0.524091,
5,4,Exercise vs control subroup analysis: diagnosis of depression,Clinical diagnosis of depression,1,SUBGROUP_AND_OVERALL,Blumenthal 2007,2007,,,9.2,6.1,,51,11.1,7.0,,49,,,4.092953,-0.287575,-0.68175,0.106599,
5,4,Exercise vs control subroup analysis: diagnosis of depression,Clinical diagnosis of depression,1,SUBGROUP_AND_OVERALL,Blumenthal 2012a,2013,,,6.4,5.28,,35,10.0,5.26,,21,,,3.458153,-0.673248,-1.22949,-0.117006,
5,4,Exercise vs control subroup analysis: diagnosis of depression,Clinical diagnosis of depression,1,SUBGROUP_AND_OVERALL,Bonnet 2005,2005,,,24.46,10.9,,5,10.5,5.8,,6,,,1.266299,1.509505,0.085269,2.933741,
5,4,Exercise vs control subroup analysis: diagnosis of depression,Clinical diagnosis of depression,1,SUBGROUP_AND_OVERALL,Brush 2022,2022,,,9.83,7.32,,35,13.97,5.61,,31,,,3.695337,-0.62234,-1.117981,-0.126698,
5,4,Exercise vs control subroup analysis: diagnosis of depression,Clinical diagnosis of depression,1,SUBGROUP_AND_OVERALL,Cheung 2018,2018,,,9.8,5.6,,17,14.5,5.3,,17,,,2.908222,-0.841695,-1.546822,-0.136568,
5,4,Exercise vs control subroup analysis: diagnosis of depression,Clinical diagnosis of depression,1,SUBGROUP_AND_OVERALL,De Groot 2019,2019,,,11.76,7.64,,30,18.04,11.63,,28,,,3.565396,-0.634179,-1.162887,-0.10547,
5,4,Exercise vs control subroup analysis: diagnosis of depression,Clinical diagnosis of depression,1,SUBGROUP_AND_OVERALL,Doose 2015,2015,,,4.57,5.92,,30,13.6,6.38,,16,,,2.988649,-1.459562,-2.141782,-0.777342,
5,4,Exercise vs control subroup analysis: diagnosis of depression,Clinical diagnosis of depression,1,SUBGROUP_AND_OVERALL,Doyne 1987,1987,,,8.18,5.27,,14,15.25,6.3,,11,,,2.390478,-1.190981,-2.058725,-0.323238,
5,4,Exercise vs control subroup analysis: diagnosis of depression,Clinical diagnosis of depression,1,SUBGROUP_AND_OVERALL,Dunn 2005,2005,,,10.0,5.5,,16,14.0,4.9,,13,,,2.722527,-0.741699,-1.501799,0.018401,
5,4,Exercise vs control subroup analysis: diagnosis of depression,Clinical diagnosis of depression,1,SUBGROUP_AND_OVERALL,Epstein 1986,1986,,,9.0,10.94,,7,16.3,7.44,,10,,,2.015824,-0.769462,-1.779413,0.240489,
5,4,Exercise vs control subroup analysis: diagnosis of depression,Clinical diagnosis of depression,1,SUBGROUP_AND_OVERALL,Foley 2008,2008,,,10.8,9.25,,8,13.62,10.22,,5,,,1.763063,-0.272856,-1.397248,0.851536,
5,4,Exercise vs control subroup analysis: diagnosis of depression,Clinical diagnosis of depression,1,SUBGROUP_AND_OVERALL,Gary 2010,2010,,,8.4,5.6,,20,9.3,4.9,,15,,,3.029672,-0.165476,-0.836195,0.505243,
5,4,Exercise vs control subroup analysis: diagnosis of depression,Clinical diagnosis of depression,1,SUBGROUP_AND_OVERALL,Heinzel 2022,2022,,,9.59,5.18,,22,11.09,4.96,,23,,,3.336599,-0.290746,-0.878611,0.29712,
5,4,Exercise vs control subroup analysis: diagnosis of depression,Clinical diagnosis of depression,1,SUBGROUP_AND_OVERALL,Heissel 2015,2015,,,8.5,6.5,,6,7.2,2.5,,6,,,1.735989,0.243683,-0.894138,1.381504,
5,4,Exercise vs control subroup analysis: diagnosis of depression,Clinical diagnosis of depression,1,SUBGROUP_AND_OVERALL,Hemat-Far 2012,2012,,,16.6,6.9,,10,22.8,4.9,,10,,,2.187833,-0.992293,-1.933597,-0.05099,
5,4,Exercise vs control subroup analysis: diagnosis of depression,Clinical diagnosis of depression,1,SUBGROUP_AND_OVERALL,Ho 2014,2014,,,9.15,7.27,,19,14.08,9.04,,21,,,3.159202,-0.58577,-1.220896,0.049356,
5,4,Exercise vs control subroup analysis: diagnosis of depression,Clinical diagnosis of depression,1,SUBGROUP_AND_OVERALL,Klein 1985,1985,,,1.03,0.94,,14,0.83,0.51,,8,,,2.378046,0.235876,-0.636185,1.107936,
5,4,Exercise vs control subroup analysis: diagnosis of depression,Clinical diagnosis of depression,1,SUBGROUP_AND_OVERALL,Knubben 2007,2007,,,11.2,4.0,,20,15.5,6.1,,18,,,3.045688,-0.825357,-1.491617,-0.159096,
5,4,Exercise vs control subroup analysis: diagnosis of depression,Clinical diagnosis of depression,1,SUBGROUP_AND_OVERALL,Krogh 2009,2009,,,12.1,6.4,,48,10.6,5.6,,42,,,4.009462,0.246203,-0.169546,0.661951,
5,4,Exercise vs control subroup analysis: diagnosis of depression,Clinical diagnosis of depression,1,SUBGROUP_AND_OVERALL,Legrand 2016,2016,,,18.92,6.11,,14,29.29,12.57,,10,,,2.363709,-1.07531,-1.952379,-0.198241,
5,4,Exercise vs control subroup analysis: diagnosis of depression,Clinical diagnosis of depression,1,SUBGROUP_AND_OVERALL,Mota-Pereira 2011,2011,,,12.48,1.74,,19,13.6,1.34,,10,,,2.632211,-0.672932,-1.46099,0.115126,
5,4,Exercise vs control subroup analysis: diagnosis of depression,Clinical diagnosis of depression,1,SUBGROUP_AND_OVERALL,Mutrie 1988,1988,,,9.46,4.28,,9,21.4,5.26,,7,,,1.337163,-2.389171,-3.76202,-1.016323,
5,4,Exercise vs control subroup analysis: diagnosis of depression,Clinical diagnosis of depression,1,SUBGROUP_AND_OVERALL,Olson 2017,2017,,,10.1,11.5,,15,18.5,11.9,,15,,,2.787951,-0.698443,-1.438814,0.041928,
5,4,Exercise vs control subroup analysis: diagnosis of depression,Clinical diagnosis of depression,1,SUBGROUP_AND_OVERALL,Pilu 2007,2007,,,8.1,5.2,,10,16.7,9.1,,20,,,2.563989,-1.038797,-1.848583,-0.229011,
5,4,Exercise vs control subroup analysis: diagnosis of depression,Clinical diagnosis of depression,1,SUBGROUP_AND_OVERALL,Salehi 2016,2016,,,10.4,8.93,,20,16.3,4.66,,20,,,3.113741,-0.811901,-1.459402,-0.164401,
5,4,Exercise vs control subroup analysis: diagnosis of depression,Clinical diagnosis of depression,1,SUBGROUP_AND_OVERALL,Schuch 2015,2015,,,7.42,4.555,,23,11.12,4.475,,24,,,3.303021,-0.805883,-1.402582,-0.209184,
5,4,Exercise vs control subroup analysis: diagnosis of depression,Clinical diagnosis of depression,1,SUBGROUP_AND_OVERALL,Sims 2009,2009,,,15.13,8.49,,23,20.62,11.79,,22,,,3.307565,-0.526962,-1.122464,0.068539,
5,4,Exercise vs control subroup analysis: diagnosis of depression,Clinical diagnosis of depression,1,SUBGROUP_AND_OVERALL,Singh 2005,2005,,,8.5,5.5,,18,14.4,6.0,,19,,,2.96677,-1.001752,-1.690155,-0.313349,
5,4,Exercise vs control subroup analysis: diagnosis of depression,Clinical diagnosis of depression,1,SUBGROUP_AND_OVERALL,Siqueira 2016,2016,,,11.38,3.94,,29,12.64,5.74,,28,,,3.593569,-0.253266,-0.774784,0.268252,
5,4,Exercise vs control subroup analysis: diagnosis of depression,Clinical diagnosis of depression,1,SUBGROUP_AND_OVERALL,Veale 1992,1992,,,13.94,12.78,,36,17.79,10.18,,29,,,3.707954,-0.325238,-0.817679,0.167204,
5,4,Exercise vs control subroup analysis: diagnosis of depression,Clinical diagnosis of depression,1,SUBGROUP_AND_OVERALL,Yu 2023,2023,,,15.0,10.49,,10,24.0,11.29,,10,,,2.249351,-0.790993,-1.709208,0.127223,
5,4,Exercise vs control subroup analysis: diagnosis of depression,Depression categorised according to cut points on a scale,2,SUBGROUP_AND_OVERALL,Bademli 2023,2023,,,10.63,4.63,,31,18.36,4.63,,31,,,7.236961,-1.64859,-2.22975,-1.067429,
5,4,Exercise vs control subroup analysis: diagnosis of depression,Depression categorised according to cut points on a scale,2,SUBGROUP_AND_OVERALL,Brenes 2007,2007,,,7.8,4.3,,14,10.9,5.8,,12,,,5.349281,-0.595279,-1.386079,0.195521,
5,4,Exercise vs control subroup analysis: diagnosis of depression,Depression categorised according to cut points on a scale,2,SUBGROUP_AND_OVERALL,Chu 2008,2008,,,5.8,3.38,,15,10.58,5.66,,12,,,5.170278,-1.0239,-1.83848,-0.20932,
5,4,Exercise vs control subroup analysis: diagnosis of depression,Depression categorised according to cut points on a scale,2,SUBGROUP_AND_OVERALL,Fremont 1987,1987,,,10.0,9.8,,18,8.0,7.1,,16,,,6.314803,0.226011,-0.449836,0.901859,
5,4,Exercise vs control subroup analysis: diagnosis of depression,Depression categorised according to cut points on a scale,2,SUBGROUP_AND_OVERALL,Hess-Homeier 1981,1981,,,9.8,6.93,,5,16.2,8.42,,6,,,2.892513,-0.750854,-2.000621,0.498912,
5,4,Exercise vs control subroup analysis: diagnosis of depression,Depression categorised according to cut points on a scale,2,SUBGROUP_AND_OVERALL,Hoffman 2010,2010,,,16.4,10.2,,37,21.2,12.0,,39,,,8.617788,-0.425709,-0.880849,0.029431,
5,4,Exercise vs control subroup analysis: diagnosis of depression,Depression categorised according to cut points on a scale,2,SUBGROUP_AND_OVERALL,Huang 2015,2015,,,4.63,5.92,,19,5.2,6.38,,20,,,6.764256,-0.090637,-0.718892,0.537619,
5,4,Exercise vs control subroup analysis: diagnosis of depression,Depression categorised according to cut points on a scale,2,SUBGROUP_AND_OVERALL,Kruisdijk 2018,2017,,,17.1,6.6,,12,22.3,8.3,,7,,,4.194793,-0.685534,-1.649297,0.278229,
5,4,Exercise vs control subroup analysis: diagnosis of depression,Depression categorised according to cut points on a scale,2,SUBGROUP_AND_OVERALL,Legrand 2014,2014,,,12.8,4.38,,15,19.67,8.17,,12,,,5.148475,-1.051844,-1.869384,-0.234304,
5,4,Exercise vs control subroup analysis: diagnosis of depression,Depression categorised according to cut points on a scale,2,SUBGROUP_AND_OVERALL,McNeil 1991,1991,,,11.1,3.0,,10,14.7,3.7,,10,,,4.302582,-1.023648,-1.968959,-0.078338,
5,4,Exercise vs control subroup analysis: diagnosis of depression,Depression categorised according to cut points on a scale,2,SUBGROUP_AND_OVERALL,Nabkasorn 2005,2005,,,14.4,4.12,,21,17.5,4.23,,28,,,7.192535,-0.729111,-1.314586,-0.143635,
5,4,Exercise vs control subroup analysis: diagnosis of depression,Depression categorised according to cut points on a scale,2,SUBGROUP_AND_OVERALL,Orth 1979,1979,,,7.0,6.6,,3,16.5,2.12,,2,,,0.905929,-1.250258,-3.706607,1.206091,
5,4,Exercise vs control subroup analysis: diagnosis of depression,Depression categorised according to cut points on a scale,2,SUBGROUP_AND_OVERALL,Prakhinkit 2014,2014,,,15.5,3.24,,13,18.6,2.16,,13,,,5.033693,-1.090299,-1.923663,-0.256934,
5,4,Exercise vs control subroup analysis: diagnosis of depression,Depression categorised according to cut points on a scale,2,SUBGROUP_AND_OVERALL,Setaro 1985,1985,,,62.0,6.51,,25,69.88,3.96,,25,,,6.771823,-1.43953,-2.06701,-0.812051,
5,4,Exercise vs control subroup analysis: diagnosis of depression,Depression categorised according to cut points on a scale,2,SUBGROUP_AND_OVERALL,Shahidi 2011,2011,,,11.1,6.2,,20,15.2,6.1,,20,,,6.671066,-0.6534,-1.291276,-0.015524,
5,4,Exercise vs control subroup analysis: diagnosis of depression,Depression categorised according to cut points on a scale,2,SUBGROUP_AND_OVERALL,Taheri 2018,2018,,,14.7,1.7,,8,16.3,1.7,,8,,,3.771943,-0.88984,-1.93218,0.1525,
5,4,Exercise vs control subroup analysis: diagnosis of depression,Depression categorised according to cut points on a scale,2,SUBGROUP_AND_OVERALL,Wang 2022,2022,,,31.0,2.45,,30,32.0,3.1,,30,,,7.996046,-0.353266,-0.863533,0.157002,
5,4,Exercise vs control subroup analysis: diagnosis of depression,Depression categorised according to cut points on a scale,2,SUBGROUP_AND_OVERALL,Williams 2008,2008,,,8.37,5.78,,17,11.75,8.1,,12,,,5.665234,-0.481627,-1.232539,0.269285,
5,4,Exercise vs control subroup analysis: diagnosis of depression,Unclear,3,SUBGROUP_AND_OVERALL,Khoshnab 2017,2017,,,27.27,6.51,,15,30.0,4.37,,15,,,26.082722,-0.479095,-1.206496,0.248305,
5,4,Exercise vs control subroup analysis: diagnosis of depression,Unclear,3,SUBGROUP_AND_OVERALL,La Rocque 2021,2021,,,6.75,6.05,,20,16.33,5.84,,15,,,25.603581,-1.570095,-2.345089,-0.7951,
5,4,Exercise vs control subroup analysis: diagnosis of depression,Unclear,3,SUBGROUP_AND_OVERALL,Reuter 1984,1984,,,5.1,4.75,,9,18.56,7.7,,9,,,21.231451,-2.003802,-3.187937,-0.819667,
5,4,Exercise vs control subroup analysis: diagnosis of depression,Unclear,3,SUBGROUP_AND_OVERALL,Roy 2018,2018,,,15.0,4.93,,20,13.85,3.16,,20,,,27.082246,0.272214,-0.350757,0.895185,
5,5,Exercise vs control subgroup analysis: type of control,Placebo,1,SUBGROUP_AND_OVERALL,Blumenthal 2007,2007,,,9.2,6.1,,51,11.1,7.0,,49,,,2.412919,-0.287575,-0.68175,0.106599,
5,5,Exercise vs control subgroup analysis: type of control,Placebo,1,SUBGROUP_AND_OVERALL,Blumenthal 2012a,2013,,,6.4,5.28,,35,10.0,5.26,,21,,,2.04981,-0.673248,-1.22949,-0.117006,
5,5,Exercise vs control subgroup analysis: type of control,Placebo,1,SUBGROUP_AND_OVERALL,Taheri 2018,2018,,,14.7,1.7,,8,13.3,1.7,,8,,,1.184656,0.77861,-0.249455,1.806674,
5,5,Exercise vs control subgroup analysis: type of control,"No treatment, waiting list, usual care, self monitoring",2,SUBGROUP_AND_OVERALL,Bademli 2023,2023,,,10.63,4.63,,31,18.36,4.63,,31,,,1.994581,-1.64859,-2.22975,-1.067429,
5,5,Exercise vs control subgroup analysis: type of control,"No treatment, waiting list, usual care, self monitoring",2,SUBGROUP_AND_OVERALL,Barclay 2014,2014,,,6.8,6.7,,5,26.2,13.2,,6,,,0.734686,-1.641546,-3.104982,-0.178111,
5,5,Exercise vs control subgroup analysis: type of control,"No treatment, waiting list, usual care, self monitoring",2,SUBGROUP_AND_OVERALL,Brenes 2007,2007,,,7.8,4.3,,14,10.9,5.8,,12,,,1.566313,-0.595279,-1.386079,0.195521,
5,5,Exercise vs control subgroup analysis: type of control,"No treatment, waiting list, usual care, self monitoring",2,SUBGROUP_AND_OVERALL,Cheung 2018,2018,,,9.8,5.6,,17,14.5,5.3,,17,,,1.732027,-0.841695,-1.546822,-0.136568,
5,5,Exercise vs control subgroup analysis: type of control,"No treatment, waiting list, usual care, self monitoring",2,SUBGROUP_AND_OVERALL,De Groot 2019,2019,,,11.76,7.64,,30,18.04,11.63,,28,,,2.111431,-0.634179,-1.162887,-0.10547,
5,5,Exercise vs control subgroup analysis: type of control,"No treatment, waiting list, usual care, self monitoring",2,SUBGROUP_AND_OVERALL,Doose 2015,2015,,,4.57,5.92,,30,13.6,6.38,,16,,,1.778691,-1.459562,-2.141782,-0.777342,
5,5,Exercise vs control subgroup analysis: type of control,"No treatment, waiting list, usual care, self monitoring",2,SUBGROUP_AND_OVERALL,Doyne 1987,1987,,,8.18,5.27,,14,15.25,6.3,,11,,,1.430073,-1.190981,-2.058725,-0.323238,
5,5,Exercise vs control subgroup analysis: type of control,"No treatment, waiting list, usual care, self monitoring",2,SUBGROUP_AND_OVERALL,Epstein 1986,1986,,,9.0,10.94,,7,16.3,7.44,,10,,,1.209874,-0.769462,-1.779413,0.240489,
5,5,Exercise vs control subgroup analysis: type of control,"No treatment, waiting list, usual care, self monitoring",2,SUBGROUP_AND_OVERALL,Gary 2010,2010,,,8.4,5.6,,20,9.3,4.9,,15,,,1.802468,-0.165476,-0.836195,0.505243,
5,5,Exercise vs control subgroup analysis: type of control,"No treatment, waiting list, usual care, self monitoring",2,SUBGROUP_AND_OVERALL,Hemat-Far 2012,2012,,,16.6,6.9,,10,22.8,4.9,,10,,,1.311148,-0.992293,-1.933597,-0.05099,
5,5,Exercise vs control subgroup analysis: type of control,"No treatment, waiting list, usual care, self monitoring",2,SUBGROUP_AND_OVERALL,Hess-Homeier 1981,1981,,,9.8,6.93,,5,16.2,8.42,,6,,,0.921813,-0.750854,-2.000621,0.498912,
5,5,Exercise vs control subgroup analysis: type of control,"No treatment, waiting list, usual care, self monitoring",2,SUBGROUP_AND_OVERALL,Hoffman 2010,2010,,,16.4,10.2,,37,21.2,12.0,,39,,,2.277309,-0.425709,-0.880849,0.029431,
5,5,Exercise vs control subgroup analysis: type of control,"No treatment, waiting list, usual care, self monitoring",2,SUBGROUP_AND_OVERALL,Huang 2015,2015,,,4.63,5.92,,19,5.2,6.38,,20,,,1.892128,-0.090637,-0.718892,0.537619,
5,5,Exercise vs control subgroup analysis: type of control,"No treatment, waiting list, usual care, self monitoring",2,SUBGROUP_AND_OVERALL,Khoshnab 2017,2017,,,27.27,6.51,,15,30.0,4.37,,15,,,1.687575,-0.479095,-1.206496,0.248305,
5,5,Exercise vs control subgroup analysis: type of control,"No treatment, waiting list, usual care, self monitoring",2,SUBGROUP_AND_OVERALL,La Rocque 2021,2021,,,6.75,6.05,,20,16.33,5.84,,15,,,1.595796,-1.570095,-2.345089,-0.7951,
5,5,Exercise vs control subgroup analysis: type of control,"No treatment, waiting list, usual care, self monitoring",2,SUBGROUP_AND_OVERALL,Legrand 2014,2014,,,12.8,4.38,,15,19.67,8.17,,12,,,1.517589,-1.051844,-1.869384,-0.234304,
5,5,Exercise vs control subgroup analysis: type of control,"No treatment, waiting list, usual care, self monitoring",2,SUBGROUP_AND_OVERALL,Legrand 2016,2016,,,18.92,6.11,,7,29.29,12.57,,10,,,1.180757,-0.939595,-1.9705,0.09131,
5,5,Exercise vs control subgroup analysis: type of control,"No treatment, waiting list, usual care, self monitoring",2,SUBGROUP_AND_OVERALL,McNeil 1991,1991,,,11.1,3.0,,10,14.7,3.7,,10,,,1.304983,-1.023648,-1.968959,-0.078338,
5,5,Exercise vs control subgroup analysis: type of control,"No treatment, waiting list, usual care, self monitoring",2,SUBGROUP_AND_OVERALL,Mutrie 1988,1988,,,9.46,4.28,,9,21.4,5.26,,7,,,0.807318,-2.389171,-3.76202,-1.016323,
5,5,Exercise vs control subgroup analysis: type of control,"No treatment, waiting list, usual care, self monitoring",2,SUBGROUP_AND_OVERALL,Nabkasorn 2005,2005,,,14.4,4.12,,21,17.5,4.23,,28,,,1.985081,-0.729111,-1.314586,-0.143635,
5,5,Exercise vs control subgroup analysis: type of control,"No treatment, waiting list, usual care, self monitoring",2,SUBGROUP_AND_OVERALL,Orth 1979,1979,,,7.0,6.6,,3,16.5,2.12,,2,,,0.310933,-1.250258,-3.706607,1.206091,
5,5,Exercise vs control subgroup analysis: type of control,"No treatment, waiting list, usual care, self monitoring",2,SUBGROUP_AND_OVERALL,Prakhinkit 2014,2014,,,15.5,3.24,,13,18.6,2.16,,13,,,1.489445,-1.090299,-1.923663,-0.256934,
5,5,Exercise vs control subgroup analysis: type of control,"No treatment, waiting list, usual care, self monitoring",2,SUBGROUP_AND_OVERALL,Roy 2018,2018,,,15.0,4.93,,20,13.85,3.16,,20,,,1.903479,0.272214,-0.350757,0.895185,
5,5,Exercise vs control subgroup analysis: type of control,"No treatment, waiting list, usual care, self monitoring",2,SUBGROUP_AND_OVERALL,Setaro 1985,1985,,,62.0,6.51,,25,69.88,3.96,,25,,,1.893792,-1.43953,-2.06701,-0.812051,
5,5,Exercise vs control subgroup analysis: type of control,"No treatment, waiting list, usual care, self monitoring",2,SUBGROUP_AND_OVERALL,Shahidi 2011,2011,,,11.1,6.2,,20,15.2,6.1,,20,,,1.871568,-0.6534,-1.291276,-0.015524,
5,5,Exercise vs control subgroup analysis: type of control,"No treatment, waiting list, usual care, self monitoring",2,SUBGROUP_AND_OVERALL,Sims 2009,2009,,,15.13,8.49,,23,20.62,11.79,,22,,,1.96309,-0.526962,-1.122464,0.068539,
5,5,Exercise vs control subgroup analysis: type of control,"No treatment, waiting list, usual care, self monitoring",2,SUBGROUP_AND_OVERALL,Singh 2005,2005,,,8.5,5.5,,18,14.4,6.0,,19,,,1.766003,-1.001752,-1.690155,-0.313349,
5,5,Exercise vs control subgroup analysis: type of control,Exercise plus treatment vs treatment,3,SUBGROUP_AND_OVERALL,Abdollahi 2017,2017,,,9.68,2.91,,25,14.48,2.16,,29,,,1.850183,-1.866866,-2.51482,-1.218913,
5,5,Exercise vs control subgroup analysis: type of control,Exercise plus treatment vs treatment,3,SUBGROUP_AND_OVERALL,Belvederi Murri 2015,2015,,,7.1,4.2,,42,11.7,5.9,,42,,,2.290291,-0.890015,-1.339382,-0.440648,
5,5,Exercise vs control subgroup analysis: type of control,Exercise plus treatment vs treatment,3,SUBGROUP_AND_OVERALL,Blumenthal 1999,1999,,,8.73,6.86,,55,7.81,6.49,,48,,,2.427259,0.136487,-0.251116,0.524091,
5,5,Exercise vs control subgroup analysis: type of control,Exercise plus treatment vs treatment,3,SUBGROUP_AND_OVERALL,Bonnet 2005,2005,,,24.46,10.9,,5,10.5,5.8,,6,,,0.765008,1.509505,0.085269,2.933741,
5,5,Exercise vs control subgroup analysis: type of control,Exercise plus treatment vs treatment,3,SUBGROUP_AND_OVERALL,De Groot 2019,2019,,,8.83,8.98,,25,11.35,9.17,,24,,,2.034905,-0.273277,-0.836218,0.289664,
5,5,Exercise vs control subgroup analysis: type of control,Exercise plus treatment vs treatment,3,SUBGROUP_AND_OVERALL,Fremont 1987,1987,,,10.0,9.8,,18,8.0,7.1,,16,,,1.791837,0.226011,-0.449836,0.901859,
5,5,Exercise vs control subgroup analysis: type of control,Exercise plus treatment vs treatment,3,SUBGROUP_AND_OVERALL,Heinzel 2022,2022,,,9.59,5.18,,22,11.09,4.96,,23,,,1.979828,-0.290746,-0.878611,0.29712,
5,5,Exercise vs control subgroup analysis: type of control,Exercise plus treatment vs treatment,3,SUBGROUP_AND_OVERALL,Khoshnab 2017,2017,,,24.8,6.3,,15,28.2,6.21,,15,,,1.682572,-0.528861,-1.258798,0.201077,
5,5,Exercise vs control subgroup analysis: type of control,Exercise plus treatment vs treatment,3,SUBGROUP_AND_OVERALL,Kruisdijk 2018,2017,,,17.1,6.6,,12,22.3,8.3,,7,,,1.277004,-0.685534,-1.649297,0.278229,
5,5,Exercise vs control subgroup analysis: type of control,Exercise plus treatment vs treatment,3,SUBGROUP_AND_OVERALL,Mota-Pereira 2011,2011,,,12.48,1.74,,19,13.6,1.34,,10,,,1.571392,-0.672932,-1.46099,0.115126,
5,5,Exercise vs control subgroup analysis: type of control,Exercise plus treatment vs treatment,3,SUBGROUP_AND_OVERALL,Pilu 2007,2007,,,8.1,5.2,,10,16.7,9.1,,20,,,1.531569,-1.038797,-1.848583,-0.229011,
5,5,Exercise vs control subgroup analysis: type of control,Exercise plus treatment vs treatment,3,SUBGROUP_AND_OVERALL,Reuter 1984,1984,,,5.1,4.75,,9,18.56,7.7,,9,,,0.991392,-2.003802,-3.187937,-0.819667,
5,5,Exercise vs control subgroup analysis: type of control,Exercise plus treatment vs treatment,3,SUBGROUP_AND_OVERALL,Salehi 2016,2016,,,10.4,8.93,,20,16.3,4.66,,20,,,1.851141,-0.811901,-1.459402,-0.164401,
5,5,Exercise vs control subgroup analysis: type of control,Exercise plus treatment vs treatment,3,SUBGROUP_AND_OVERALL,Schuch 2015,2015,,,7.42,4.555,,23,11.12,4.475,,24,,,1.96047,-0.805883,-1.402582,-0.209184,
5,5,Exercise vs control subgroup analysis: type of control,Exercise plus treatment vs treatment,3,SUBGROUP_AND_OVERALL,Siqueira 2016,2016,,,11.38,3.94,,29,12.64,5.74,,28,,,2.127601,-0.253266,-0.774784,0.268252,
5,5,Exercise vs control subgroup analysis: type of control,Exercise plus treatment vs treatment,3,SUBGROUP_AND_OVERALL,Taheri 2018,2018,,,14.8,2.2,,8,16.9,1.2,,8,,,1.119312,-1.120457,-2.197633,-0.04328,
5,5,Exercise vs control subgroup analysis: type of control,Exercise plus treatment vs treatment,3,SUBGROUP_AND_OVERALL,Veale 1992,1992,,,13.94,12.78,,36,17.79,10.18,,29,,,2.193169,-0.325238,-0.817679,0.167204,
5,5,Exercise vs control subgroup analysis: type of control,Exercise plus treatment vs treatment,3,SUBGROUP_AND_OVERALL,Wang 2022,2022,,,31.0,2.45,,30,32.0,3.1,,31,,,2.162306,-0.352655,-0.858771,0.153461,
5,5,Exercise vs control subgroup analysis: type of control,Exercise plus treatment vs treatment,3,SUBGROUP_AND_OVERALL,Yu 2023,2023,,,15.0,10.49,,10,24.0,11.29,,10,,,1.347295,-0.790993,-1.709208,0.127223,
5,5,Exercise vs control subgroup analysis: type of control,"Stretching, meditation or relaxation",4,SUBGROUP_AND_OVERALL,Brush 2022,2022,,,9.83,7.32,,35,13.97,5.61,,31,,,2.185943,-0.62234,-1.117981,-0.126698,
5,5,Exercise vs control subgroup analysis: type of control,"Stretching, meditation or relaxation",4,SUBGROUP_AND_OVERALL,Chu 2008,2008,,,5.8,3.38,,15,10.58,5.66,,12,,,1.522911,-1.0239,-1.83848,-0.20932,
5,5,Exercise vs control subgroup analysis: type of control,"Stretching, meditation or relaxation",4,SUBGROUP_AND_OVERALL,Dunn 2005,2005,,,10.0,5.5,,16,14.0,4.9,,13,,,1.624039,-0.741699,-1.501799,0.018401,
5,5,Exercise vs control subgroup analysis: type of control,"Stretching, meditation or relaxation",4,SUBGROUP_AND_OVERALL,Foley 2008,2008,,,10.8,9.25,,8,13.62,10.22,,5,,,1.060502,-0.272856,-1.397248,0.851536,
5,5,Exercise vs control subgroup analysis: type of control,"Stretching, meditation or relaxation",4,SUBGROUP_AND_OVERALL,Heissel 2015,2015,,,8.5,6.5,,6,7.2,2.5,,6,,,1.044464,0.243683,-0.894138,1.381504,
5,5,Exercise vs control subgroup analysis: type of control,"Stretching, meditation or relaxation",4,SUBGROUP_AND_OVERALL,Ho 2014,2014,,,9.15,7.27,,19,14.08,9.04,,21,,,1.877432,-0.58577,-1.220896,0.049356,
5,5,Exercise vs control subgroup analysis: type of control,"Stretching, meditation or relaxation",4,SUBGROUP_AND_OVERALL,Klein 1985,1985,,,1.03,0.94,,14,0.83,0.51,,8,,,1.422789,0.235876,-0.636185,1.107936,
5,5,Exercise vs control subgroup analysis: type of control,"Stretching, meditation or relaxation",4,SUBGROUP_AND_OVERALL,Knubben 2007,2007,,,11.2,4.0,,20,15.5,6.1,,18,,,1.811746,-0.825357,-1.491617,-0.159096,
5,5,Exercise vs control subgroup analysis: type of control,"Stretching, meditation or relaxation",4,SUBGROUP_AND_OVERALL,Krogh 2009,2009,,,12.1,6.4,,48,10.6,5.6,,42,,,2.365387,0.246203,-0.169546,0.661951,
5,5,Exercise vs control subgroup analysis: type of control,"Stretching, meditation or relaxation",4,SUBGROUP_AND_OVERALL,Legrand 2016,2016,,,18.92,6.11,,7,28.43,7.46,,11,,,1.139112,-1.296768,-2.358713,-0.234823,
5,5,Exercise vs control subgroup analysis: type of control,"Stretching, meditation or relaxation",4,SUBGROUP_AND_OVERALL,Olson 2017,2017,,,10.1,11.5,,15,18.5,11.9,,15,,,1.662125,-0.698443,-1.438814,0.041928,
5,5,Exercise vs control subgroup analysis: type of control,Social/casual conversation,5,SUBGROUP_AND_OVERALL,Williams 2008,2008,,,8.37,5.78,,17,11.75,8.1,,12,,,1.641681,-0.481627,-1.232539,0.269285,
6,1,Exercise vs control sensitivity analysis: peer-reviewed journal publications and doctoral theses only,,,SUBGROUP_AND_OVERALL,Abdollahi 2017,2017,,,9.68,2.91,,25,14.48,2.16,,29,,,1.987998,-1.866866,-2.51482,-1.218913,
6,1,Exercise vs control sensitivity analysis: peer-reviewed journal publications and doctoral theses only,,,SUBGROUP_AND_OVERALL,Bademli 2023,2023,,,10.63,4.63,,31,18.36,4.63,,31,,,2.149731,-1.64859,-2.22975,-1.067429,
6,1,Exercise vs control sensitivity analysis: peer-reviewed journal publications and doctoral theses only,,,SUBGROUP_AND_OVERALL,Barclay 2014,2014,,,6.8,6.7,,5,26.2,13.2,,6,,,0.77118,-1.641546,-3.104982,-0.178111,
6,1,Exercise vs control sensitivity analysis: peer-reviewed journal publications and doctoral theses only,,,SUBGROUP_AND_OVERALL,Belvederi Murri 2015,2015,,,7.1,4.2,,42,11.7,5.9,,42,,,2.484057,-0.890015,-1.339382,-0.440648,
6,1,Exercise vs control sensitivity analysis: peer-reviewed journal publications and doctoral theses only,,,SUBGROUP_AND_OVERALL,Blumenthal 1999,1999,,,8.73,6.86,,55,7.81,6.49,,48,,,2.64035,0.136487,-0.251116,0.524091,
6,1,Exercise vs control sensitivity analysis: peer-reviewed journal publications and doctoral theses only,,,SUBGROUP_AND_OVERALL,Blumenthal 2007,2007,,,9.2,6.1,,51,11.1,7.0,,49,,,2.623943,-0.287575,-0.68175,0.106599,
6,1,Exercise vs control sensitivity analysis: peer-reviewed journal publications and doctoral theses only,,,SUBGROUP_AND_OVERALL,Blumenthal 2012a,2013,,,6.4,5.28,,35,10.0,5.26,,21,,,2.211852,-0.673248,-1.22949,-0.117006,
6,1,Exercise vs control sensitivity analysis: peer-reviewed journal publications and doctoral theses only,,,SUBGROUP_AND_OVERALL,Bonnet 2005,2005,,,24.46,10.9,,5,10.5,5.8,,6,,,0.803513,1.509505,0.085269,2.933741,
6,1,Exercise vs control sensitivity analysis: peer-reviewed journal publications and doctoral theses only,,,SUBGROUP_AND_OVERALL,Brenes 2007,2007,,,7.8,4.3,,14,10.9,5.8,,12,,,1.67292,-0.595279,-1.386079,0.195521,
6,1,Exercise vs control sensitivity analysis: peer-reviewed journal publications and doctoral theses only,,,SUBGROUP_AND_OVERALL,Brush 2022,2022,,,9.83,7.32,,35,13.97,5.61,,31,,,2.365601,-0.62234,-1.117981,-0.126698,
6,1,Exercise vs control sensitivity analysis: peer-reviewed journal publications and doctoral theses only,,,SUBGROUP_AND_OVERALL,Cheung 2018,2018,,,9.8,5.6,,17,14.5,5.3,,17,,,1.856393,-0.841695,-1.546822,-0.136568,
6,1,Exercise vs control sensitivity analysis: peer-reviewed journal publications and doctoral theses only,,,SUBGROUP_AND_OVERALL,Chu 2008,2008,,,5.8,3.38,,15,10.58,5.66,,12,,,1.625078,-1.0239,-1.83848,-0.20932,
6,1,Exercise vs control sensitivity analysis: peer-reviewed journal publications and doctoral theses only,,,SUBGROUP_AND_OVERALL,De Groot 2019,2019,,,11.76,7.64,,30,18.04,11.63,,28,,,2.281337,-0.634179,-1.162887,-0.10547,
6,1,Exercise vs control sensitivity analysis: peer-reviewed journal publications and doctoral theses only,,,SUBGROUP_AND_OVERALL,Doose 2015,2015,,,4.57,5.92,,30,13.6,6.38,,16,,,1.90829,-1.459562,-2.141782,-0.777342,
6,1,Exercise vs control sensitivity analysis: peer-reviewed journal publications and doctoral theses only,,,SUBGROUP_AND_OVERALL,Doyne 1987,1987,,,8.18,5.27,,14,15.25,6.3,,11,,,1.523036,-1.190981,-2.058725,-0.323238,
6,1,Exercise vs control sensitivity analysis: peer-reviewed journal publications and doctoral theses only,,,SUBGROUP_AND_OVERALL,Dunn 2005,2005,,,10.0,5.5,,16,14.0,4.9,,13,,,1.736686,-0.741699,-1.501799,0.018401,
6,1,Exercise vs control sensitivity analysis: peer-reviewed journal publications and doctoral theses only,,,SUBGROUP_AND_OVERALL,Epstein 1986,1986,,,9.0,10.94,,7,16.3,7.44,,10,,,1.28259,-0.769462,-1.779413,0.240489,
6,1,Exercise vs control sensitivity analysis: peer-reviewed journal publications and doctoral theses only,,,SUBGROUP_AND_OVERALL,Foley 2008,2008,,,10.8,9.25,,8,13.62,10.22,,5,,,1.120741,-0.272856,-1.397248,0.851536,
6,1,Exercise vs control sensitivity analysis: peer-reviewed journal publications and doctoral theses only,,,SUBGROUP_AND_OVERALL,Fremont 1987,1987,,,10.0,9.8,,18,8.0,7.1,,16,,,1.922929,0.226011,-0.449836,0.901859,
6,1,Exercise vs control sensitivity analysis: peer-reviewed journal publications and doctoral theses only,,,SUBGROUP_AND_OVERALL,Gary 2010,2010,,,8.4,5.6,,20,9.3,4.9,,15,,,1.934773,-0.165476,-0.836195,0.505243,
6,1,Exercise vs control sensitivity analysis: peer-reviewed journal publications and doctoral theses only,,,SUBGROUP_AND_OVERALL,Heinzel 2022,2022,,,9.59,5.18,,22,11.09,4.96,,23,,,2.133161,-0.290746,-0.878611,0.29712,
6,1,Exercise vs control sensitivity analysis: peer-reviewed journal publications and doctoral theses only,,,SUBGROUP_AND_OVERALL,Heissel 2015,2015,,,8.5,6.5,,6,7.2,2.5,,6,,,1.103423,0.243683,-0.894138,1.381504,
6,1,Exercise vs control sensitivity analysis: peer-reviewed journal publications and doctoral theses only,,,SUBGROUP_AND_OVERALL,Hemat-Far 2012,2012,,,16.6,6.9,,10,22.8,4.9,,10,,,1.392901,-0.992293,-1.933597,-0.05099,
6,1,Exercise vs control sensitivity analysis: peer-reviewed journal publications and doctoral theses only,,,SUBGROUP_AND_OVERALL,Hess-Homeier 1981,1981,,,9.8,6.93,,5,16.2,8.42,,6,,,0.971365,-0.750854,-2.000621,0.498912,
6,1,Exercise vs control sensitivity analysis: peer-reviewed journal publications and doctoral theses only,,,SUBGROUP_AND_OVERALL,Ho 2014,2014,,,9.15,7.27,,19,14.08,9.04,,21,,,2.018442,-0.58577,-1.220896,0.049356,
6,1,Exercise vs control sensitivity analysis: peer-reviewed journal publications and doctoral theses only,,,SUBGROUP_AND_OVERALL,Hoffman 2010,2010,,,16.4,10.2,,37,21.2,12.0,,39,,,2.469292,-0.425709,-0.880849,0.029431,
6,1,Exercise vs control sensitivity analysis: peer-reviewed journal publications and doctoral theses only,,,SUBGROUP_AND_OVERALL,Huang 2015,2015,,,4.63,5.92,,19,5.2,6.38,,20,,,2.034877,-0.090637,-0.718892,0.537619,
6,1,Exercise vs control sensitivity analysis: peer-reviewed journal publications and doctoral theses only,,,SUBGROUP_AND_OVERALL,Khoshnab 2017,2017,,,27.27,6.51,,15,30.0,4.37,,15,,,1.807051,-0.479095,-1.206496,0.248305,
6,1,Exercise vs control sensitivity analysis: peer-reviewed journal publications and doctoral theses only,,,SUBGROUP_AND_OVERALL,Klein 1985,1985,,,1.03,0.94,,14,0.83,0.51,,8,,,1.515047,0.235876,-0.636185,1.107936,
6,1,Exercise vs control sensitivity analysis: peer-reviewed journal publications and doctoral theses only,,,SUBGROUP_AND_OVERALL,Knubben 2007,2007,,,11.2,4.0,,20,15.5,6.1,,18,,,1.945113,-0.825357,-1.491617,-0.159096,
6,1,Exercise vs control sensitivity analysis: peer-reviewed journal publications and doctoral theses only,,,SUBGROUP_AND_OVERALL,Krogh 2009,2009,,,12.1,6.4,,48,10.6,5.6,,42,,,2.569635,0.246203,-0.169546,0.661951,
6,1,Exercise vs control sensitivity analysis: peer-reviewed journal publications and doctoral theses only,,,SUBGROUP_AND_OVERALL,Kruisdijk 2018,2017,,,17.1,6.6,,12,22.3,8.3,,7,,,1.355657,-0.685534,-1.649297,0.278229,
6,1,Exercise vs control sensitivity analysis: peer-reviewed journal publications and doctoral theses only,,,SUBGROUP_AND_OVERALL,La Rocque 2021,2021,,,6.75,6.05,,20,16.33,5.84,,15,,,1.705469,-1.570095,-2.345089,-0.7951,
6,1,Exercise vs control sensitivity analysis: peer-reviewed journal publications and doctoral theses only,,,SUBGROUP_AND_OVERALL,Legrand 2014,2014,,,12.8,4.38,,15,19.67,8.17,,12,,,1.619218,-1.051844,-1.869384,-0.234304,
6,1,Exercise vs control sensitivity analysis: peer-reviewed journal publications and doctoral theses only,,,SUBGROUP_AND_OVERALL,Legrand 2016,2016,,,18.92,6.11,,14,29.29,12.57,,10,,,1.505834,-1.07531,-1.952379,-0.198241,
6,1,Exercise vs control sensitivity analysis: peer-reviewed journal publications and doctoral theses only,,,SUBGROUP_AND_OVERALL,McNeil 1991,1991,,,11.1,3.0,,10,14.7,3.7,,10,,,1.386172,-1.023648,-1.968959,-0.078338,
6,1,Exercise vs control sensitivity analysis: peer-reviewed journal publications and doctoral theses only,,,SUBGROUP_AND_OVERALL,Mota-Pereira 2011,2011,,,12.48,1.74,,19,13.6,1.34,,10,,,1.678523,-0.672932,-1.46099,0.115126,
6,1,Exercise vs control sensitivity analysis: peer-reviewed journal publications and doctoral theses only,,,SUBGROUP_AND_OVERALL,Mutrie 1988,1988,,,9.46,4.28,,9,21.4,5.26,,6,,,0.791956,-2.400558,-3.838558,-0.962557,
6,1,Exercise vs control sensitivity analysis: peer-reviewed journal publications and doctoral theses only,,,SUBGROUP_AND_OVERALL,Nabkasorn 2005,2005,,,14.4,4.12,,21,17.5,4.23,,28,,,2.139059,-0.729111,-1.314586,-0.143635,
6,1,Exercise vs control sensitivity analysis: peer-reviewed journal publications and doctoral theses only,,,SUBGROUP_AND_OVERALL,Olson 2017,2017,,,10.1,11.5,,15,18.5,11.9,,15,,,1.778843,-0.698443,-1.438814,0.041928,
6,1,Exercise vs control sensitivity analysis: peer-reviewed journal publications and doctoral theses only,,,SUBGROUP_AND_OVERALL,Orth 1979,1979,,,7.0,6.6,,3,16.5,2.12,,2,,,0.32354,-1.250258,-3.706607,1.206091,
6,1,Exercise vs control sensitivity analysis: peer-reviewed journal publications and doctoral theses only,,,SUBGROUP_AND_OVERALL,Pilu 2007,2007,,,8.1,5.2,,10,16.7,9.1,,20,,,1.634614,-1.038797,-1.848583,-0.229011,
6,1,Exercise vs control sensitivity analysis: peer-reviewed journal publications and doctoral theses only,,,SUBGROUP_AND_OVERALL,Prakhinkit 2014,2014,,,15.5,3.24,,13,18.6,2.16,,13,,,1.588247,-1.090299,-1.923663,-0.256934,
6,1,Exercise vs control sensitivity analysis: peer-reviewed journal publications and doctoral theses only,,,SUBGROUP_AND_OVERALL,Roy 2018,2018,,,15.0,4.93,,20,13.85,3.16,,20,,,2.047576,0.272214,-0.350757,0.895185,
6,1,Exercise vs control sensitivity analysis: peer-reviewed journal publications and doctoral theses only,,,SUBGROUP_AND_OVERALL,Salehi 2016,2016,,,10.4,8.93,,20,16.3,4.66,,20,,,1.989068,-0.811901,-1.459402,-0.164401,
6,1,Exercise vs control sensitivity analysis: peer-reviewed journal publications and doctoral theses only,,,SUBGROUP_AND_OVERALL,Schuch 2015,2015,,,7.42,4.555,,23,11.12,4.475,,24,,,2.111435,-0.805883,-1.402582,-0.209184,
6,1,Exercise vs control sensitivity analysis: peer-reviewed journal publications and doctoral theses only,,,SUBGROUP_AND_OVERALL,Setaro 1985,1985,,,62.0,6.51,,25,69.88,3.96,,25,,,2.036738,-1.43953,-2.06701,-0.812051,
6,1,Exercise vs control sensitivity analysis: peer-reviewed journal publications and doctoral theses only,,,SUBGROUP_AND_OVERALL,Shahidi 2011,2011,,,11.1,6.2,,20,15.2,6.1,,20,,,2.011888,-0.6534,-1.291276,-0.015524,
6,1,Exercise vs control sensitivity analysis: peer-reviewed journal publications and doctoral theses only,,,SUBGROUP_AND_OVERALL,Sims 2009,2009,,,15.13,8.49,,23,20.62,11.79,,22,,,2.114375,-0.526962,-1.122464,0.068539,
6,1,Exercise vs control sensitivity analysis: peer-reviewed journal publications and doctoral theses only,,,SUBGROUP_AND_OVERALL,Singh 2005,2005,,,8.5,5.5,,18,14.4,6.0,,19,,,1.894169,-1.001752,-1.690155,-0.313349,
6,1,Exercise vs control sensitivity analysis: peer-reviewed journal publications and doctoral theses only,,,SUBGROUP_AND_OVERALL,Siqueira 2016,2016,,,11.38,3.94,,29,12.64,5.74,,28,,,2.2996,-0.253266,-0.774784,0.268252,
6,1,Exercise vs control sensitivity analysis: peer-reviewed journal publications and doctoral theses only,,,SUBGROUP_AND_OVERALL,Taheri 2018,2018,,,14.7,1.7,,8,16.3,1.7,,8,,,1.23409,-0.88984,-1.93218,0.1525,
6,1,Exercise vs control sensitivity analysis: peer-reviewed journal publications and doctoral theses only,,,SUBGROUP_AND_OVERALL,Veale 1992,1992,,,13.94,12.78,,36,17.79,10.18,,29,,,2.373787,-0.325238,-0.817679,0.167204,
6,1,Exercise vs control sensitivity analysis: peer-reviewed journal publications and doctoral theses only,,,SUBGROUP_AND_OVERALL,Wang 2022,2022,,,31.0,2.45,,30,32.0,3.1,,30,,,2.328249,-0.353266,-0.863533,0.157002,
6,1,Exercise vs control sensitivity analysis: peer-reviewed journal publications and doctoral theses only,,,SUBGROUP_AND_OVERALL,Williams 2008,2008,,,8.37,5.78,,17,11.75,8.1,,12,,,1.756205,-0.481627,-1.232539,0.269285,
6,1,Exercise vs control sensitivity analysis: peer-reviewed journal publications and doctoral theses only,,,SUBGROUP_AND_OVERALL,Yu 2023,2023,,,15.0,10.49,,10,24.0,11.29,,10,,,1.432386,-0.790993,-1.709208,0.127223,
6,2,Exercise vs control sensitivity analysis: studies published as abstracts or conference proceedings only,,,SUBGROUP_AND_OVERALL,Reuter 1984,1984,,,5.1,4.75,,9,18.56,7.7,,9,,,100.0,-13.46,-19.370753,-7.549247,
6,3,Exercise vs control sensitivity analysis: studies with adequate allocation concealment,,,SUBGROUP_AND_OVERALL,Blumenthal 1999,1999,,,8.73,6.86,,55,7.81,6.49,,48,,,7.919605,0.136487,-0.251116,0.524091,
6,3,Exercise vs control sensitivity analysis: studies with adequate allocation concealment,,,SUBGROUP_AND_OVERALL,Blumenthal 2007,2007,,,9.2,6.1,,51,11.1,7.0,,49,,,7.847515,-0.287575,-0.68175,0.106599,
6,3,Exercise vs control sensitivity analysis: studies with adequate allocation concealment,,,SUBGROUP_AND_OVERALL,Blumenthal 2012a,2013,,,6.4,5.28,,35,10.0,5.26,,21,,,6.164895,-0.673248,-1.22949,-0.117006,
6,3,Exercise vs control sensitivity analysis: studies with adequate allocation concealment,,,SUBGROUP_AND_OVERALL,Cheung 2018,2018,,,9.8,5.6,,17,14.5,5.3,,17,,,4.887276,-0.841695,-1.546822,-0.136568,
6,3,Exercise vs control sensitivity analysis: studies with adequate allocation concealment,,,SUBGROUP_AND_OVERALL,De Groot 2019,2019,,,11.76,7.64,,30,18.04,11.63,,28,,,6.432372,-0.634179,-1.162887,-0.10547,
6,3,Exercise vs control sensitivity analysis: studies with adequate allocation concealment,,,SUBGROUP_AND_OVERALL,Dunn 2005,2005,,,10.0,5.5,,16,14.0,4.9,,13,,,4.488322,-0.741699,-1.501799,0.018401,
6,3,Exercise vs control sensitivity analysis: studies with adequate allocation concealment,,,SUBGROUP_AND_OVERALL,Ho 2014,2014,,,9.15,7.27,,19,14.08,9.04,,21,,,5.451699,-0.58577,-1.220896,0.049356,
6,3,Exercise vs control sensitivity analysis: studies with adequate allocation concealment,,,SUBGROUP_AND_OVERALL,Hoffman 2010,2010,,,16.4,10.2,,37,21.2,12.0,,39,,,7.188016,-0.425709,-0.880849,0.029431,
6,3,Exercise vs control sensitivity analysis: studies with adequate allocation concealment,,,SUBGROUP_AND_OVERALL,Knubben 2007,2007,,,11.2,4.0,,20,15.5,6.1,,18,,,5.192708,-0.825357,-1.491617,-0.159096,
6,3,Exercise vs control sensitivity analysis: studies with adequate allocation concealment,,,SUBGROUP_AND_OVERALL,Krogh 2009,2009,,,12.1,6.4,,48,10.6,5.6,,42,,,7.611843,0.246203,-0.169546,0.661951,
6,3,Exercise vs control sensitivity analysis: studies with adequate allocation concealment,,,SUBGROUP_AND_OVERALL,La Rocque 2021,2021,,,6.75,6.05,,20,16.33,5.84,,15,,,4.386674,-1.570095,-2.345089,-0.7951,
6,3,Exercise vs control sensitivity analysis: studies with adequate allocation concealment,,,SUBGROUP_AND_OVERALL,Legrand 2016,2016,,,18.92,6.11,,14,29.29,12.57,,10,,,3.758834,-1.07531,-1.952379,-0.198241,
6,3,Exercise vs control sensitivity analysis: studies with adequate allocation concealment,,,SUBGROUP_AND_OVERALL,Sims 2009,2009,,,15.13,8.49,,23,20.62,11.79,,22,,,5.799845,-0.526962,-1.122464,0.068539,
6,3,Exercise vs control sensitivity analysis: studies with adequate allocation concealment,,,SUBGROUP_AND_OVERALL,Singh 2005,2005,,,8.5,5.5,,18,14.4,6.0,,19,,,5.016285,-1.001752,-1.690155,-0.313349,
6,3,Exercise vs control sensitivity analysis: studies with adequate allocation concealment,,,SUBGROUP_AND_OVERALL,Siqueira 2016,2016,,,11.38,3.94,,29,12.64,5.74,,28,,,6.503708,-0.253266,-0.774784,0.268252,
6,3,Exercise vs control sensitivity analysis: studies with adequate allocation concealment,,,SUBGROUP_AND_OVERALL,Veale 1992,1992,,,13.94,12.78,,36,17.79,10.18,,29,,,6.798029,-0.325238,-0.817679,0.167204,
6,3,Exercise vs control sensitivity analysis: studies with adequate allocation concealment,,,SUBGROUP_AND_OVERALL,Williams 2008,2008,,,8.37,5.78,,17,11.75,8.1,,12,,,4.552373,-0.481627,-1.232539,0.269285,
6,4,Exercise vs control sensitivity analysis: studies using intention-to-treat analysis,,,SUBGROUP_AND_OVERALL,Bademli 2023,2023,,,10.63,4.63,,31,18.36,4.63,,31,,,5.413516,-1.64859,-2.22975,-1.067429,
6,4,Exercise vs control sensitivity analysis: studies using intention-to-treat analysis,,,SUBGROUP_AND_OVERALL,Barclay 2014,2014,,,6.8,6.7,,5,26.2,13.2,,6,,,2.336466,-1.641546,-3.104982,-0.178111,
6,4,Exercise vs control sensitivity analysis: studies using intention-to-treat analysis,,,SUBGROUP_AND_OVERALL,Belvederi Murri 2015,2015,,,7.1,4.2,,42,11.7,5.9,,42,,,6.00938,-0.890015,-1.339382,-0.440648,
6,4,Exercise vs control sensitivity analysis: studies using intention-to-treat analysis,,,SUBGROUP_AND_OVERALL,Blumenthal 1999,1999,,,8.73,6.86,,55,7.81,6.49,,48,,,6.272148,0.136487,-0.251116,0.524091,
6,4,Exercise vs control sensitivity analysis: studies using intention-to-treat analysis,,,SUBGROUP_AND_OVERALL,Blumenthal 2007,2007,,,9.2,6.1,,51,11.1,7.0,,49,,,6.245012,-0.287575,-0.68175,0.106599,
6,4,Exercise vs control sensitivity analysis: studies using intention-to-treat analysis,,,SUBGROUP_AND_OVERALL,Blumenthal 2012a,2013,,,6.4,5.28,,35,10.0,5.26,,21,,,5.527897,-0.673248,-1.22949,-0.117006,
6,4,Exercise vs control sensitivity analysis: studies using intention-to-treat analysis,,,SUBGROUP_AND_OVERALL,Brush 2022,2022,,,9.83,7.32,,35,13.97,5.61,,31,,,5.803695,-0.62234,-1.117981,-0.126698,
6,4,Exercise vs control sensitivity analysis: studies using intention-to-treat analysis,,,SUBGROUP_AND_OVERALL,Cheung 2018,2018,,,9.8,5.6,,17,14.5,5.3,,17,,,4.849021,-0.841695,-1.546822,-0.136568,
6,4,Exercise vs control sensitivity analysis: studies using intention-to-treat analysis,,,SUBGROUP_AND_OVERALL,Doose 2015,2015,,,4.57,5.92,,30,13.6,6.38,,16,,,4.951933,-1.459562,-2.141782,-0.777342,
6,4,Exercise vs control sensitivity analysis: studies using intention-to-treat analysis,,,SUBGROUP_AND_OVERALL,Dunn 2005,2005,,,10.0,5.5,,16,14.0,4.9,,13,,,4.606386,-0.741699,-1.501799,0.018401,
6,4,Exercise vs control sensitivity analysis: studies using intention-to-treat analysis,,,SUBGROUP_AND_OVERALL,Huang 2015,2015,,,4.63,5.92,,19,5.2,6.38,,20,,,5.197393,-0.090637,-0.718892,0.537619,
6,4,Exercise vs control sensitivity analysis: studies using intention-to-treat analysis,,,SUBGROUP_AND_OVERALL,Krogh 2009,2009,,,12.1,6.4,,48,10.6,5.6,,42,,,6.154443,0.246203,-0.169546,0.661951,
6,4,Exercise vs control sensitivity analysis: studies using intention-to-treat analysis,,,SUBGROUP_AND_OVERALL,La Rocque 2021,2021,,,6.75,6.05,,20,16.33,5.84,,15,,,4.541874,-1.570095,-2.345089,-0.7951,
6,4,Exercise vs control sensitivity analysis: studies using intention-to-treat analysis,,,SUBGROUP_AND_OVERALL,Legrand 2016,2016,,,18.92,6.11,,14,29.29,12.57,,10,,,4.11666,-1.07531,-1.952379,-0.198241,
6,4,Exercise vs control sensitivity analysis: studies using intention-to-treat analysis,,,SUBGROUP_AND_OVERALL,McNeil 1991,1991,,,11.1,3.0,,10,14.7,3.7,,10,,,3.85079,-1.023648,-1.968959,-0.078338,
6,4,Exercise vs control sensitivity analysis: studies using intention-to-treat analysis,,,SUBGROUP_AND_OVERALL,Mutrie 1988,1988,,,9.46,4.28,,9,21.4,5.26,,7,,,2.542284,-2.389171,-3.76202,-1.016323,
6,4,Exercise vs control sensitivity analysis: studies using intention-to-treat analysis,,,SUBGROUP_AND_OVERALL,Orth 1979,1979,,,7.0,6.6,,3,16.5,2.12,,2,,,1.049456,-1.250258,-3.706607,1.206091,
6,4,Exercise vs control sensitivity analysis: studies using intention-to-treat analysis,,,SUBGROUP_AND_OVERALL,Pilu 2007,2007,,,8.1,5.2,,10,16.7,9.1,,20,,,4.393496,-1.038797,-1.848583,-0.229011,
6,4,Exercise vs control sensitivity analysis: studies using intention-to-treat analysis,,,SUBGROUP_AND_OVERALL,Salehi 2016,2016,,,10.4,8.93,,20,16.3,4.66,,20,,,5.109464,-0.811901,-1.459402,-0.164401,
6,4,Exercise vs control sensitivity analysis: studies using intention-to-treat analysis,,,SUBGROUP_AND_OVERALL,Schuch 2015,2015,,,7.42,4.555,,23,11.12,4.475,,24,,,5.342134,-0.805883,-1.402582,-0.209184,
6,4,Exercise vs control sensitivity analysis: studies using intention-to-treat analysis,,,SUBGROUP_AND_OVERALL,Siqueira 2016,2016,,,11.38,3.94,,29,12.64,5.74,,28,,,5.68655,-0.253266,-0.774784,0.268252,
6,5,Exercise vs control sensitivity analysis: studies with blinded outcome assessment,,,SUBGROUP_AND_OVERALL,Belvederi Murri 2015,2015,,,7.1,4.2,,42,11.7,5.9,,42,,,6.289853,-0.890015,-1.339382,-0.440648,
6,5,Exercise vs control sensitivity analysis: studies with blinded outcome assessment,,,SUBGROUP_AND_OVERALL,Blumenthal 1999,1999,,,8.73,6.86,,55,7.81,6.49,,48,,,6.868306,0.136487,-0.251116,0.524091,
6,5,Exercise vs control sensitivity analysis: studies with blinded outcome assessment,,,SUBGROUP_AND_OVERALL,Blumenthal 2007,2007,,,9.2,6.1,,51,11.1,7.0,,49,,,6.806104,-0.287575,-0.68175,0.106599,
6,5,Exercise vs control sensitivity analysis: studies with blinded outcome assessment,,,SUBGROUP_AND_OVERALL,Blumenthal 2012a,2013,,,6.4,5.28,,35,10.0,5.26,,21,,,5.352618,-0.673248,-1.22949,-0.117006,
6,5,Exercise vs control sensitivity analysis: studies with blinded outcome assessment,,,SUBGROUP_AND_OVERALL,Brenes 2007,2007,,,7.8,4.3,,14,10.9,5.8,,12,,,3.722114,-0.595279,-1.386079,0.195521,
6,5,Exercise vs control sensitivity analysis: studies with blinded outcome assessment,,,SUBGROUP_AND_OVERALL,Cheung 2018,2018,,,9.8,5.6,,17,14.5,5.3,,17,,,4.246858,-0.841695,-1.546822,-0.136568,
6,5,Exercise vs control sensitivity analysis: studies with blinded outcome assessment,,,SUBGROUP_AND_OVERALL,De Groot 2019,2019,,,11.76,7.64,,30,18.04,11.63,,28,,,5.583883,-0.634179,-1.162887,-0.10547,
6,5,Exercise vs control sensitivity analysis: studies with blinded outcome assessment,,,SUBGROUP_AND_OVERALL,Dunn 2005,2005,,,10.0,5.5,,16,14.0,4.9,,13,,,3.901194,-0.741699,-1.501799,0.018401,
6,5,Exercise vs control sensitivity analysis: studies with blinded outcome assessment,,,SUBGROUP_AND_OVERALL,Gary 2010,2010,,,8.4,5.6,,20,9.3,4.9,,15,,,4.480166,-0.165476,-0.836195,0.505243,
6,5,Exercise vs control sensitivity analysis: studies with blinded outcome assessment,,,SUBGROUP_AND_OVERALL,Ho 2014,2014,,,9.15,7.27,,19,14.08,9.04,,21,,,4.735584,-0.58577,-1.220896,0.049356,
6,5,Exercise vs control sensitivity analysis: studies with blinded outcome assessment,,,SUBGROUP_AND_OVERALL,Huang 2015,2015,,,4.63,5.92,,19,5.2,6.38,,20,,,4.786548,-0.090637,-0.718892,0.537619,
6,5,Exercise vs control sensitivity analysis: studies with blinded outcome assessment,,,SUBGROUP_AND_OVERALL,Knubben 2007,2007,,,11.2,4.0,,20,15.5,6.1,,18,,,4.511372,-0.825357,-1.491617,-0.159096,
6,5,Exercise vs control sensitivity analysis: studies with blinded outcome assessment,,,SUBGROUP_AND_OVERALL,Krogh 2009,2009,,,12.1,6.4,,48,10.6,5.6,,42,,,6.602716,0.246203,-0.169546,0.661951,
6,5,Exercise vs control sensitivity analysis: studies with blinded outcome assessment,,,SUBGROUP_AND_OVERALL,Kruisdijk 2018,2017,,,17.1,6.6,,12,22.3,8.3,,7,,,2.879598,-0.685534,-1.649297,0.278229,
6,5,Exercise vs control sensitivity analysis: studies with blinded outcome assessment,,,SUBGROUP_AND_OVERALL,La Rocque 2021,2021,,,6.75,6.05,,20,16.33,5.84,,15,,,3.813095,-1.570095,-2.345089,-0.7951,
6,5,Exercise vs control sensitivity analysis: studies with blinded outcome assessment,,,SUBGROUP_AND_OVERALL,Mota-Pereira 2011,2011,,,12.48,1.74,,19,13.6,1.34,,10,,,3.737714,-0.672932,-1.46099,0.115126,
6,5,Exercise vs control sensitivity analysis: studies with blinded outcome assessment,,,SUBGROUP_AND_OVERALL,Salehi 2016,2016,,,10.4,8.93,,20,16.3,4.66,,20,,,4.645149,-0.811901,-1.459402,-0.164401,
6,5,Exercise vs control sensitivity analysis: studies with blinded outcome assessment,,,SUBGROUP_AND_OVERALL,Singh 2005,2005,,,8.5,5.5,,18,14.4,6.0,,19,,,4.358598,-1.001752,-1.690155,-0.313349,
6,5,Exercise vs control sensitivity analysis: studies with blinded outcome assessment,,,SUBGROUP_AND_OVERALL,Siqueira 2016,2016,,,11.38,3.94,,29,12.64,5.74,,28,,,5.645548,-0.253266,-0.774784,0.268252,
6,5,Exercise vs control sensitivity analysis: studies with blinded outcome assessment,,,SUBGROUP_AND_OVERALL,Williams 2008,2008,,,8.37,5.78,,17,11.75,8.1,,12,,,3.956701,-0.481627,-1.232539,0.269285,
6,5,Exercise vs control sensitivity analysis: studies with blinded outcome assessment,,,SUBGROUP_AND_OVERALL,Yu 2023,2023,,,15.0,10.49,,10,24.0,11.29,,10,,,3.076282,-0.790993,-1.709208,0.127223,
6,6,"Exercise vs control sensitivity analysis: allocation concealment, intention-to-treat, blinded outcome",,,SUBGROUP_AND_OVERALL,Blumenthal 1999,1999,,,8.73,6.86,,55,7.81,6.49,,48,,,16.587325,0.136487,-0.251116,0.524091,
6,6,"Exercise vs control sensitivity analysis: allocation concealment, intention-to-treat, blinded outcome",,,SUBGROUP_AND_OVERALL,Blumenthal 2007,2007,,,9.2,6.1,,51,11.1,7.0,,49,,,16.509164,-0.287575,-0.68175,0.106599,
6,6,"Exercise vs control sensitivity analysis: allocation concealment, intention-to-treat, blinded outcome",,,SUBGROUP_AND_OVERALL,Blumenthal 2012a,2013,,,6.4,5.28,,35,10.0,5.26,,21,,,14.465389,-0.673248,-1.22949,-0.117006,
6,6,"Exercise vs control sensitivity analysis: allocation concealment, intention-to-treat, blinded outcome",,,SUBGROUP_AND_OVERALL,Cheung 2018,2018,,,9.8,5.6,,17,14.5,5.3,,17,,,12.568385,-0.841695,-1.546822,-0.136568,
6,6,"Exercise vs control sensitivity analysis: allocation concealment, intention-to-treat, blinded outcome",,,SUBGROUP_AND_OVERALL,Dunn 2005,2005,,,10.0,5.5,,16,14.0,4.9,,13,,,11.899094,-0.741699,-1.501799,0.018401,
6,6,"Exercise vs control sensitivity analysis: allocation concealment, intention-to-treat, blinded outcome",,,SUBGROUP_AND_OVERALL,Krogh 2009,2009,,,12.1,6.4,,48,10.6,5.6,,42,,,16.24874,0.246203,-0.169546,0.661951,
6,6,"Exercise vs control sensitivity analysis: allocation concealment, intention-to-treat, blinded outcome",,,SUBGROUP_AND_OVERALL,La Rocque 2021,2021,,,6.75,6.05,,20,16.33,5.84,,15,,,11.721903,-1.570095,-2.345089,-0.7951,
6,7,Exercise vs control sensitivity analysis: lowest dose of exercise,,,SUBGROUP_AND_OVERALL,Abdollahi 2017,2017,,,9.68,2.91,,25,14.48,2.16,,29,,,1.964868,-1.866866,-2.51482,-1.218913,
6,7,Exercise vs control sensitivity analysis: lowest dose of exercise,,,SUBGROUP_AND_OVERALL,Bademli 2023,2023,,,10.63,4.63,,31,18.36,4.63,,31,,,2.151064,-1.64859,-2.22975,-1.067429,
6,7,Exercise vs control sensitivity analysis: lowest dose of exercise,,,SUBGROUP_AND_OVERALL,Barclay 2014,2014,,,6.8,6.7,,5,26.2,13.2,,6,,,0.697898,-1.641546,-3.104982,-0.178111,
6,7,Exercise vs control sensitivity analysis: lowest dose of exercise,,,SUBGROUP_AND_OVERALL,Belvederi Murri 2015,2015,,,8.5,4.5,,37,11.7,5.9,,42,,,2.542176,-0.598804,-1.050979,-0.14663,
6,7,Exercise vs control sensitivity analysis: lowest dose of exercise,,,SUBGROUP_AND_OVERALL,Blumenthal 1999,1999,,,8.73,6.86,,55,7.81,6.49,,48,,,2.745248,0.136487,-0.251116,0.524091,
6,7,Exercise vs control sensitivity analysis: lowest dose of exercise,,,SUBGROUP_AND_OVERALL,Blumenthal 2007,2007,,,10.2,6.7,,53,11.1,7.0,,49,,,2.741312,-0.130482,-0.519341,0.258377,
6,7,Exercise vs control sensitivity analysis: lowest dose of exercise,,,SUBGROUP_AND_OVERALL,Blumenthal 2012a,2013,,,6.4,5.28,,35,10.0,5.26,,21,,,2.223815,-0.673248,-1.22949,-0.117006,
6,7,Exercise vs control sensitivity analysis: lowest dose of exercise,,,SUBGROUP_AND_OVERALL,Bonnet 2005,2005,,,24.46,10.9,,5,10.5,5.8,,6,,,0.728792,1.509505,0.085269,2.933741,
6,7,Exercise vs control sensitivity analysis: lowest dose of exercise,,,SUBGROUP_AND_OVERALL,Brenes 2007,2007,,,7.8,4.3,,14,10.9,5.8,,12,,,1.614923,-0.595279,-1.386079,0.195521,
6,7,Exercise vs control sensitivity analysis: lowest dose of exercise,,,SUBGROUP_AND_OVERALL,Brush 2022,2022,,,9.83,7.32,,35,13.97,5.61,,31,,,2.406903,-0.62234,-1.117981,-0.126698,
6,7,Exercise vs control sensitivity analysis: lowest dose of exercise,,,SUBGROUP_AND_OVERALL,Cheung 2018,2018,,,9.8,5.6,,17,14.5,5.3,,17,,,1.816688,-0.841695,-1.546822,-0.136568,
6,7,Exercise vs control sensitivity analysis: lowest dose of exercise,,,SUBGROUP_AND_OVERALL,Chu 2008,2008,,,8.36,5.66,,11,10.58,5.66,,12,,,1.537153,-0.378049,-1.20494,0.448841,
6,7,Exercise vs control sensitivity analysis: lowest dose of exercise,,,SUBGROUP_AND_OVERALL,De Groot 2019,2019,,,11.76,7.64,,30,18.04,11.63,,28,,,2.306019,-0.634179,-1.162887,-0.10547,
6,7,Exercise vs control sensitivity analysis: lowest dose of exercise,,,SUBGROUP_AND_OVERALL,Doose 2015,2015,,,4.57,5.92,,30,13.6,6.38,,16,,,1.87477,-1.459562,-2.141782,-0.777342,
6,7,Exercise vs control sensitivity analysis: lowest dose of exercise,,,SUBGROUP_AND_OVERALL,Doyne 1987,1987,,,5.93,8.44,,15,15.25,6.3,,11,,,1.483704,-1.184208,-2.037097,-0.331318,
6,7,Exercise vs control sensitivity analysis: lowest dose of exercise,,,SUBGROUP_AND_OVERALL,Dunn 2005,2005,,,11.7,5.8,,16,14.0,4.9,,13,,,1.729954,-0.412572,-1.15327,0.328127,
6,7,Exercise vs control sensitivity analysis: lowest dose of exercise,,,SUBGROUP_AND_OVERALL,Epstein 1986,1986,,,9.0,10.94,,7,16.3,7.44,,10,,,1.203383,-0.769462,-1.779413,0.240489,
6,7,Exercise vs control sensitivity analysis: lowest dose of exercise,,,SUBGROUP_AND_OVERALL,Foley 2008,2008,,,10.8,9.25,,8,13.62,10.22,,5,,,1.039435,-0.272856,-1.397248,0.851536,
6,7,Exercise vs control sensitivity analysis: lowest dose of exercise,,,SUBGROUP_AND_OVERALL,Fremont 1987,1987,,,10.0,9.8,,18,8.0,7.1,,16,,,1.891236,0.226011,-0.449836,0.901859,
6,7,Exercise vs control sensitivity analysis: lowest dose of exercise,,,SUBGROUP_AND_OVERALL,Gary 2010,2010,,,8.4,5.6,,20,9.3,4.9,,15,,,1.904585,-0.165476,-0.836195,0.505243,
6,7,Exercise vs control sensitivity analysis: lowest dose of exercise,,,SUBGROUP_AND_OVERALL,Heinzel 2022,2022,,,10.1,4.13,,33,11.09,4.96,,23,,,2.290033,-0.217572,-0.751589,0.316445,
6,7,Exercise vs control sensitivity analysis: lowest dose of exercise,,,SUBGROUP_AND_OVERALL,Heissel 2015,2015,,,8.5,6.5,,6,7.2,2.5,,6,,,1.022116,0.243683,-0.894138,1.381504,
6,7,Exercise vs control sensitivity analysis: lowest dose of exercise,,,SUBGROUP_AND_OVERALL,Hemat-Far 2012,2012,,,16.6,6.9,,10,22.8,4.9,,10,,,1.317328,-0.992293,-1.933597,-0.05099,
6,7,Exercise vs control sensitivity analysis: lowest dose of exercise,,,SUBGROUP_AND_OVERALL,Hess-Homeier 1981,1981,,,9.8,6.93,,5,16.2,8.42,,6,,,0.891434,-0.750854,-2.000621,0.498912,
6,7,Exercise vs control sensitivity analysis: lowest dose of exercise,,,SUBGROUP_AND_OVERALL,Ho 2014,2014,,,9.15,7.27,,19,14.08,9.04,,21,,,1.999568,-0.58577,-1.220896,0.049356,
6,7,Exercise vs control sensitivity analysis: lowest dose of exercise,,,SUBGROUP_AND_OVERALL,Hoffman 2010,2010,,,16.4,10.2,,37,21.2,12.0,,39,,,2.532879,-0.425709,-0.880849,0.029431,
6,7,Exercise vs control sensitivity analysis: lowest dose of exercise,,,SUBGROUP_AND_OVERALL,Huang 2015,2015,,,4.63,5.92,,19,5.2,6.38,,20,,,2.018366,-0.090637,-0.718892,0.537619,
6,7,Exercise vs control sensitivity analysis: lowest dose of exercise,,,SUBGROUP_AND_OVERALL,Khoshnab 2017,2017,,,27.27,6.51,,15,30.0,4.37,,15,,,1.761884,-0.479095,-1.206496,0.248305,
6,7,Exercise vs control sensitivity analysis: lowest dose of exercise,,,SUBGROUP_AND_OVERALL,Klein 1985,1985,,,1.03,0.94,,14,0.83,0.51,,8,,,1.445643,0.235876,-0.636185,1.107936,
6,7,Exercise vs control sensitivity analysis: lowest dose of exercise,,,SUBGROUP_AND_OVERALL,Knubben 2007,2007,,,11.2,4.0,,20,15.5,6.1,,18,,,1.916259,-0.825357,-1.491617,-0.159096,
6,7,Exercise vs control sensitivity analysis: lowest dose of exercise,,,SUBGROUP_AND_OVERALL,Krogh 2009,2009,,,10.0,6.4,,47,10.6,5.6,,42,,,2.654603,-0.098541,-0.514973,0.317891,
6,7,Exercise vs control sensitivity analysis: lowest dose of exercise,,,SUBGROUP_AND_OVERALL,Kruisdijk 2018,2017,,,17.1,6.6,,12,22.3,8.3,,7,,,1.278655,-0.685534,-1.649297,0.278229,
6,7,Exercise vs control sensitivity analysis: lowest dose of exercise,,,SUBGROUP_AND_OVERALL,La Rocque 2021,2021,,,6.75,6.05,,20,16.33,5.84,,15,,,1.650317,-1.570095,-2.345089,-0.7951,
6,7,Exercise vs control sensitivity analysis: lowest dose of exercise,,,SUBGROUP_AND_OVERALL,Legrand 2014,2014,,,12.8,4.38,,15,19.67,8.17,,12,,,1.556898,-1.051844,-1.869384,-0.234304,
6,7,Exercise vs control sensitivity analysis: lowest dose of exercise,,,SUBGROUP_AND_OVERALL,Legrand 2016,2016,,,18.92,6.11,,14,29.29,12.57,,10,,,1.435885,-1.07531,-1.952379,-0.198241,
6,7,Exercise vs control sensitivity analysis: lowest dose of exercise,,,SUBGROUP_AND_OVERALL,McNeil 1991,1991,,,11.1,3.0,,10,14.7,3.7,,10,,,1.310326,-1.023648,-1.968959,-0.078338,
6,7,Exercise vs control sensitivity analysis: lowest dose of exercise,,,SUBGROUP_AND_OVERALL,Mota-Pereira 2011,2011,,,12.48,1.74,,19,13.6,1.34,,10,,,1.621004,-0.672932,-1.46099,0.115126,
6,7,Exercise vs control sensitivity analysis: lowest dose of exercise,,,SUBGROUP_AND_OVERALL,Mutrie 1988,1988,,,14.63,7.63,,8,21.4,5.26,,7,,,1.085118,-0.959303,-2.049614,0.131009,
6,7,Exercise vs control sensitivity analysis: lowest dose of exercise,,,SUBGROUP_AND_OVERALL,Nabkasorn 2005,2005,,,14.4,4.12,,21,17.5,4.23,,28,,,2.138637,-0.729111,-1.314586,-0.143635,
6,7,Exercise vs control sensitivity analysis: lowest dose of exercise,,,SUBGROUP_AND_OVERALL,Olson 2017,2017,,,10.1,11.5,,15,18.5,11.9,,15,,,1.730733,-0.698443,-1.438814,0.041928,
6,7,Exercise vs control sensitivity analysis: lowest dose of exercise,,,SUBGROUP_AND_OVERALL,Orth 1979,1979,,,9.5,4.95,,2,16.5,2.12,,2,,,0.046944,-1.050508,-7.309021,5.208006,
6,7,Exercise vs control sensitivity analysis: lowest dose of exercise,,,SUBGROUP_AND_OVERALL,Pilu 2007,2007,,,8.1,5.2,,10,16.7,9.1,,20,,,1.573487,-1.038797,-1.848583,-0.229011,
6,7,Exercise vs control sensitivity analysis: lowest dose of exercise,,,SUBGROUP_AND_OVERALL,Prakhinkit 2014,2014,,,15.5,3.24,,13,18.6,2.16,,13,,,1.523644,-1.090299,-1.923663,-0.256934,
6,7,Exercise vs control sensitivity analysis: lowest dose of exercise,,,SUBGROUP_AND_OVERALL,Reuter 1984,1984,,,5.1,4.75,,9,18.56,7.7,,9,,,0.965187,-2.003802,-3.187937,-0.819667,
6,7,Exercise vs control sensitivity analysis: lowest dose of exercise,,,SUBGROUP_AND_OVERALL,Roy 2018,2018,,,15.0,4.93,,20,13.85,3.16,,20,,,2.032925,0.272214,-0.350757,0.895185,
6,7,Exercise vs control sensitivity analysis: lowest dose of exercise,,,SUBGROUP_AND_OVERALL,Salehi 2016,2016,,,10.4,8.93,,20,16.3,4.66,,20,,,1.966084,-0.811901,-1.459402,-0.164401,
6,7,Exercise vs control sensitivity analysis: lowest dose of exercise,,,SUBGROUP_AND_OVERALL,Schuch 2015,2015,,,7.42,4.555,,23,11.12,4.475,,24,,,2.10656,-0.805883,-1.402582,-0.209184,
6,7,Exercise vs control sensitivity analysis: lowest dose of exercise,,,SUBGROUP_AND_OVERALL,Setaro 1985,1985,,,65.92,3.8,,25,69.88,3.96,,25,,,2.122557,-1.004374,-1.595461,-0.413288,
6,7,Exercise vs control sensitivity analysis: lowest dose of exercise,,,SUBGROUP_AND_OVERALL,Shahidi 2011,2011,,,11.1,6.2,,20,15.2,6.1,,20,,,1.992084,-0.6534,-1.291276,-0.015524,
6,7,Exercise vs control sensitivity analysis: lowest dose of exercise,,,SUBGROUP_AND_OVERALL,Sims 2009,2009,,,15.13,8.49,,23,20.62,11.79,,22,,,2.109967,-0.526962,-1.122464,0.068539,
6,7,Exercise vs control sensitivity analysis: lowest dose of exercise,,,SUBGROUP_AND_OVERALL,Singh 2005,2005,,,12.4,6.3,,17,14.4,6.0,,19,,,1.935527,-0.318339,-0.977294,0.340616,
6,7,Exercise vs control sensitivity analysis: lowest dose of exercise,,,SUBGROUP_AND_OVERALL,Siqueira 2016,2016,,,11.38,3.94,,29,12.64,5.74,,28,,,2.327773,-0.253266,-0.774784,0.268252,
6,7,Exercise vs control sensitivity analysis: lowest dose of exercise,,,SUBGROUP_AND_OVERALL,Taheri 2018,2018,,,14.7,1.7,,8,16.3,1.7,,8,,,1.153855,-0.88984,-1.93218,0.1525,
6,7,Exercise vs control sensitivity analysis: lowest dose of exercise,,,SUBGROUP_AND_OVERALL,Veale 1992,1992,,,13.94,12.78,,36,17.79,10.18,,29,,,2.416774,-0.325238,-0.817679,0.167204,
6,7,Exercise vs control sensitivity analysis: lowest dose of exercise,,,SUBGROUP_AND_OVERALL,Wang 2022,2022,,,31.0,2.45,,30,32.0,3.1,,30,,,2.362021,-0.353266,-0.863533,0.157002,
6,7,Exercise vs control sensitivity analysis: lowest dose of exercise,,,SUBGROUP_AND_OVERALL,Williams 2008,2008,,,9.68,6.57,,16,11.75,8.1,,12,,,1.701986,-0.276942,-1.029495,0.475611,
6,7,Exercise vs control sensitivity analysis: lowest dose of exercise,,,SUBGROUP_AND_OVERALL,Yu 2023,2023,,,15.0,20.17,,10,24.0,11.29,,10,,,1.401012,-0.527374,-1.422669,0.367922,
