Study,Domain (judgement): Random sequence generation (selection bias),Domain (support): Random sequence generation (selection bias),Domain (judgement): Allocation concealment (selection bias),Domain (support): Allocation concealment (selection bias),Domain (judgement): Blinding of outcome assessment (detection bias),Domain (support): Blinding of outcome assessment (detection bias),Domain (judgement): Incomplete outcome data (attrition bias): All outcomes,Domain (support): Incomplete outcome data (attrition bias): All outcomes,Domain (judgement): Selective reporting (reporting bias),Domain (support): Selective reporting (reporting bias),Domain (judgement): Recruitment bias,Domain (support): Recruitment bias,Domain (judgement): Baseline imbalance in outcome measurements or characteristics,Domain (support): Baseline imbalance in outcome measurements or characteristics,Domain (judgement): Protection against contamination,Domain (support): Protection against contamination,Domain (judgement): Incorrect analysis,Domain (support): Incorrect analysis,Domain (judgement): Risk of bias overall,Domain (support): Risk of bias overall
Allison 2005,Low risk,<p>Computer-generated random sequence</p>,Low risk,<p>First physician in a practice to log on was randomised and others in the same practice were subsequently allocated the same arm. Allocation likely concealed</p>,Low risk,<p>Routine electronic data collected</p>,Low risk,<p>No loss of outcome data</p>,Low risk,"<p>Adequately reported as described in methods, no protocol available</p>",High risk,<p>Randomisation was performed when the first physician from an office recruited. Others may have been recruited from the same office after that and may have been aware of group allocation at that point.</p>,Low risk,"<p>No differences in baseline characteristics.<br>Although there were few differences between groups in baseline outcomes, these were adjusted in the analysis.</p>",Low risk,<p>All physicians from the same office allocated to the same group</p>,Unclear risk,"<p><br>GEE used which can adjust for clustering, but adjustment for clusters not clearly reported</p>",High risk,<p>Recruitment bias judged as high risk; incorrect analysis judged as unclear</p>
Althabe 2008,Low risk,<p>Computer-generated random sequence (see supp file)</p>,Low risk,"<p>The article stated that the allocation sequence was randomly selected. The Protocol stated that 'the allocation procedure will be done by an independent data center (Research Triangle Institute, North Carolina, USA) and their results communicated to the study coordinating unit. Thus, there will be a clear separation between the generator of the intervention<br>allocation and the study coordination'.</p>",High risk,"<p>Unlikely that all outcome assessors were blind, and some outcome measures (e.g. measuring amount of blood and self-administered questionnaire) could be subject to bias.</p>",Low risk,<p>No hospitals lost to follow up. Outcomes for all hospitals reported as planned. Small proportions of missing data in questionnaires about readiness to change (secondary outcome) in intervention group (5.3%) and control group (2.1%). ITT analysis was used.</p>,Low risk,<p>All outcomes between the protocol and the study appear to be consistent.</p>,Low risk,<p>Recruitment did not occur after randomisation.</p>,Low risk,<p>Baseline was reasonably balanced.</p>,Low risk,"<p>Due to the cluster design, contamination is unlikely.</p>",Unclear risk,<p>Adjustments to take clustering into account is not clearly described in methods.</p>,High risk,<p>Due to blinding</p>
Althabe 2019,Low risk,<p>It is likely an adequate randomisation method was used. Quote: assigned clinics to groups using a covariate-constrained randomisation procedure</p>,Low risk,<p>Allocation was performed centrally at one time.</p>,High risk,"<p>Blinding of outcome assessors not clearly reported. Some outcomes self-reported by patients, leading to potential for detection bias</p>",Low risk,<p>No loss of clusters or missing outcome data</p>,Low risk,<p>Primary outcomes reported are consistent with registered protocol NCT02353117.</p>,Low risk,<p>Unlikely individuals recruited to the trial after clusters randomised</p>,Low risk,<p>Baseline appears balanced between groups.</p>,Low risk,"<p>Due to cluster design, contamination is unlikely.</p>",Low risk,<p>Analysis took into account clusters.</p>,High risk,<p>Due to blinding</p>
Amanyire 2016,Low risk,<p>Computer-generated random sequence</p>,Low risk,<p>Likely that allocation was performed by statistician and concealed to participants and other personnel</p>,Low risk,"<p>Although knowledge of allocation was known, outcome data was collected on a programme (medical records) and a random sample verified for accuracy by research personnel. It is unlikely that the outcome data would be biased.</p>",Low risk,<p>No clusters lost to follow-up. No patient data were excluded (some outcomes were measured in a random sample of patients).</p>,Unclear risk,<p>All prespecified outcomes in the clinical trial registry are reported here. But there are also added outcomes. It is unclear why/when these outcomes were added.</p>,Unclear risk,"<p><br>As this is a stepped-wedge design, there is an unclear risk of recruitment bias as participants were recruited in waves. </p>",Unclear risk,<p>Unclear as only one baseline measure is provided.</p>,High risk,"<p>Although this study used a cluster design, there is a high risk of contamination bias as confirmed by the authors.</p>",High risk,<p>No evidence that clustering was taken into account during analysis.</p>,High risk,<p>Due to protection against contamination and incorrect analyses</p>
Anderson 1994,Low risk,"<p>Described as ""drawing lots""</p>",Low risk,"<p>Cluster trial, allocation after recruitment completed</p>",Unclear risk,<p>Unable to assess</p>,Low risk,<p>All hospitals followed up</p>,Low risk,<p>Appropriate outcomes measured</p>,Low risk,"<p>No participants were enroled post-randomisation of clusters, hence there is low risk of recruitment bias.</p>",Unclear risk,<p>Unable to assess</p>,Low risk,<p>No evidence of contamination</p>,Unclear risk,"<p>Logistic regression with adjustment for relevant risk factors, selected patient characteristics, and the dual sampling rates employed in large and small hospitals. Not sure if this is taking into account clustering</p>",Low risk,<p>Low risk across all important domains</p>
Aspy 2008,Low risk,<p>Sequence generated using an internet randomisation programme</p>,Unclear risk,<p>It is unclear if all clusters were allocated at the same time and there is no study flow diagram.</p>,Low risk,<p>Data were collected using chart audit even though it is not clear if the research assistant who audited all the practices at baseline and post-intervention was blind to the group allocation of the practice. Outcome as objectively assessed</p>,Low risk,<p>All 16 practices were audited at baseline and 9 months post-intervention - there was no loss to follow up.</p>,Unclear risk,"<p>Authors presented percentage (of eligible) patients who were recommended mammography (the outcome of the study). There was nothing else presented with regard to the outcome data (e.g. denominator, variance, per practice data) and it is unclear if this was pre-planned (as there was no trial registration or protocol published).</p>",Low risk,<p>Chart audit of eligible cases done by research assistant so risk of recruitment bias is low</p>,Low risk,<p>There were no differences in participant characteristics or mammography rates between the two groups at baseline.</p>,Low risk,"<p>There is no apparent risk for contamination between intervention and control sites. ""There was no overlap between intervention and usual care practices because there were 16 clinicians from 16 different practices.""</p>",Low risk,"<p>Analysis was performed ""using the Rao-Scott x2 analysis to account for clustering"".</p>",Low risk,<p>Low risk across all important domains</p>
Avery 2012,Low risk,<p>Practices allocated by an independent web-based randomisation service</p>,Low risk,<p>Access to the allocation sequence was restricted to the clinical trials unit data manager.</p>,Low risk,"<p>""All outcome data were extracted from patient records by pre-specified electronic searches and could not be altered before leaving the practice. Data were then sent electronically and automatically entered into a database on the trial manager's computer. Researchers who cleaned the data and the trial statisticians were masked to allocation."" (p. 2)</p>",Low risk,"<p>No practices lost to follow-up. ""Repeated cross-sectional design accounts for no loss to follow-up of patients.""<br>Both intervention and control groups increased by approx 8% (Fig 1, p. 4)</p>",Low risk,<p>All quantitative outcomes prespecified in the published protocol and trial registration were reported. Qualitative outcomes were reported in a separate publication.</p>,Low risk,<p>Patients identified from electronic medical records system. Individual GPs already working in practices (p. 2)</p>,Low risk,<p>Stratification and block randomisation</p>,Low risk,<p>Control practices received simple feedback but not pharmacist intervention..</p>,Low risk,<p>Clustering taken into account in analyses</p>,Low risk,<p>Low risk across all important domains</p>
Awad 2006,Unclear risk,<p>Randomisation method not described</p>,Unclear risk,<p>It is unclear if all clusters were allocated at the same time and there is no study flow diagram.</p>,Low risk,<p>Retrospective collection from records. Patient records unlikely to be recorded with bias</p>,Low risk,"<p>No clusters missing. Retrospective data collection, appears to be no missing data</p>",Low risk,<p>Reporting appears complete but no protocol or trial registration to check</p>,Unclear risk,<p>Unclear when randomisation occurred or if new practitioners recruited during study period</p>,Low risk,<p><br>Baseline values for key outcomes similar between groups</p>,Low risk,<p>Clustering performed by the health centre - unlikely contamination</p>,Low risk,<p>Analysis adjusted for clusters</p>,Unclear risk,<p>Unclear risk across important domains</p>
Ayieko 2011,Unclear risk,<p>Not enough information to determine sequence generation</p>,Low risk,<p>Allocation appears adequately concealed.</p>,Low risk,"<p>Although data collectors could not be blinded, independent re-evaluations showed high internal consistency and structured forms and SOPs were used, so unlikely that outcome assessment was biased</p>",Low risk,"<p>No hospital lost to follow-up in either treatment or control group (Figure 2 trial profile). Median number of children per hospital excluded from analysis reasonably similar: 158 (treatment), 133 (control)</p>",Low risk,<p>The study protocol includes 'surveys' at 6-month intervals (up to 33 months). Results included in research article report data at baseline (survey 1) and 18 months (survey 4). The authors explain the difference (see quote) and this was judged to be low risk of bias.</p>,Low risk,"<p>No participants were recruited to the study post-randomisation, hence there is a low risk of recruitment bias.</p>",Unclear risk,"<p>Some baseline variables were adjusted for, and the baseline was mostly balanced with exceptions noted. Authors note limitations in adjusting for baseline imbalances.</p>",Low risk,"<p>Restricted randomisation was used for allocation, which was not concealed. The geographical distance between participating hospitals was considerable, however, so reduced chance of contamination</p>",Low risk,<p>Appropriate analytical methods accounting for clustering were used.</p>,Low risk,<p>Low risk across all important domains</p>
Ayieko 2019,Low risk,<p>Computer-generated random sequence</p>,Low risk,<p>The trial statistician concealed the sequence from investigators until training on the new policy was conducted in all hospitals and the intervention was assigned (information taken from protocol).</p>,Low risk,<p>Participants unlikely to record outcomes with bias. Data abstractors were blinded to allocation.</p>,Low risk,<p>All 12 clusters randomised were analysed.</p>,Low risk,<p>Outcomes consistent with published protocol and trial registration</p>,Low risk,"<p>No participants were enroled post-randomisation of clusters, hence there is low risk of recruitment bias.</p>",Low risk,<p>Similar characteristics across groups</p>,Unclear risk,<p>Authors note the potential for contamination in the control group</p>,Low risk,<p>Clustering taken into account in analysis</p>,Low risk,<p>Low risk across all important domains</p>
Bahrami 2004,Low risk,<p>Computer random number table</p>,Low risk,"<p>Cluster trial, allocation after recruitment completed</p>",Low risk,<p>Data extractor was blinded.</p>,Low risk,"<p>Less than 10% dropout, spread among groups</p>",Unclear risk,<p>Unable to assess</p>,Low risk,"<p>No participants were enroled post-randomisation of clusters, hence there is low risk of recruitment bias.</p>",Low risk,<p>See Table 1</p>,Low risk,<p>Separate practices</p>,Low risk,<p>Clustering taken into account in analysis</p>,Low risk,<p>Low risk across all important domains</p>
Baker 1997,Low risk,<p>Random-number table</p>,Low risk,"<p>Cluster trial, allocation after recruitment completed</p>",High risk,<p>Unable to blind second abstractor</p>,Low risk,<p>Data from all 18 practices</p>,Low risk,<p>Appropriate outcomes reported</p>,Low risk,"<p>No participants were enroled post-randomisation of clusters, hence there is low risk of recruitment bias.</p>",Low risk,<p>See Table 1</p>,Low risk,<p>Separate practices</p>,Low risk,<p>Logistic regression with random-effects in the linear predictor</p>,High risk,<p>Due to blinding</p>
Baker 2003a,Low risk,<p>Random number table</p>,Low risk,"<p>Cluster trial, allocation after recruitment completed</p>",Unclear risk,<p>Unable to assess</p>,Low risk,<p>No sites lost to follow-up</p>,Low risk,<p>Appropriate outcomes reported</p>,Low risk,<p>Recruitment did not occur after randomisation.</p>,Unclear risk,<p>Unable to assess</p>,Low risk,<p>GPs work separately</p>,Low risk,<p>Generalised estimating equation</p>,Low risk,<p>Low risk across all important domains</p>
Baker 2003b,Low risk,<p>Random number table</p>,Low risk,"<p>Cluster trial, allocation after recruitment completed</p>",Unclear risk,<p>Unable to assess</p>,Low risk,<p>No sites lost to follow-up</p>,Low risk,<p>Appropriate outcomes reported</p>,Low risk,<p>Recruitment did not occur after randomisation.</p>,Unclear risk,<p>Unable to assess</p>,Low risk,<p>GPs work separately</p>,Low risk,<p>Generalised estimating equation</p>,Low risk,<p>Low risk across all important domains</p>
Baker 2003c,Low risk,<p>Computer-generated for allocation</p>,Low risk,"<p>Cluster trial, allocation after recruitment completed</p>",Low risk,<p>Data collectors blinded</p>,Low risk,<p>All practices completed study.</p>,Low risk,<p>Appropriate outcomes reported</p>,Low risk,<p>Recruitment did not occur after randomisation.</p>,Low risk,<p>See Table 2</p>,Low risk,<p>Separate practices</p>,High risk,<p>Two-sample t-test</p>,High risk,<p>Due to incorrect analysis</p>
Baker 2003d,Low risk,<p>Computer-generated for allocation</p>,Low risk,"<p>Cluster trial, allocation after recruitment completed</p>",Low risk,<p>Data collectors blinded</p>,Low risk,<p>All practices completed study.</p>,Low risk,<p>Appropriate outcomes reported.</p>,Low risk,<p>Recruitment did not occur after randomisation.</p>,Low risk,<p>See Table 2</p>,Low risk,<p>Separate practices</p>,High risk,<p>Two-sample t-test</p>,High risk,<p>Due to incorrect analysis</p>
Balas 1998,Low risk,<p>Computer-generated randomisation</p>,Low risk,"<p>Cluster trial, allocation after recruitment completed</p>",Low risk,<p>Data collectors blinded</p>,Unclear risk,<p>Unable to assess</p>,Low risk,<p>Appropriate outcomes reported</p>,Low risk,<p>Recruitment did not occur after randomisation.</p>,Unclear risk,<p>Unable to assess</p>,Unclear risk,<p>Unable to assess</p>,High risk,<p>Two-sample Student's t test</p>,High risk,<p>Due to incorrect analysis</p>
Baldwin 2010,Low risk,<p>Computer-generated random sequence</p>,Low risk,<p>Not specifically reported but based on study flow diagram; it appears all clusters allocated centrally at one time.</p>,High risk,"<p>Data were collected at all time points by a researcher (NB) who was not blinded to treatment allocation. Although authors stated that an independent nurse blinded to treatment allocation also collected data, this was done only in 2 randomly selected houses at each time point.</p>",Low risk,<p>The number of participant who dropped out from the study were similar across groups and reasons for withdrawal were similar across groups.</p>,Low risk,<p>The trial was not registered and no study protocol was found; however all outcomes specified in the methods were analysed and reported.</p>,Low risk,"<p>Study investigators stated that new participants were added to the study at each data collection point; however, results were presented separately for those recruited at baseline and those added later.</p>",Low risk,"<p>Pair-matched randomisation done, no baseline imbalances between groups</p>",Low risk,<p>There was no evidence of any contamination between the intervention and control homes.</p>,Low risk,<p>Investigators accounted for clustering in the analysis.</p>,High risk,<p>Due to blinding</p>
Barkun 2013,Low risk,<p>Computer-generated random sequence</p>,Low risk,<p>Central allocation</p>,Low risk,"<p>It's not clear whether assessors were blinded, but they collected chart data of objective measures, so it's low risk if they were not.</p>",Low risk,<p>Dropouts appear balanced with reasons reported. ITT analysis was used.</p>,Low risk,<p>Both primary and secondary outcomes match trial registration data (https://clinicaltrials.gov/ct2/show/NCT00840008).</p>,Low risk,<p>No evidence of recruitment after randomisation and allocation</p>,Low risk,<p>Baseline is reasonably balanced and well reported. Analyses adjusted for some baseline variables</p>,Low risk,"<p>Due to cluster design, contamination is unlikely.</p>",Unclear risk,"<p>Authors investigated cluster-level differences, but unclear if analyses presented were adjusted for clustering.</p>",Low risk,<p>Low risk across all important domains</p>
Batty 2001,Unclear risk,<p>Unable to assess</p>,Low risk,"<p>Cluster trial, allocation after recruitment completed</p>",Unclear risk,<p>Unable to assess</p>,Low risk,<p>Data from all 17 hospitals</p>,Low risk,<p>Appropriate outcomes reported</p>,Low risk,"<p>No participants were enroled post-randomisation of clusters, hence there is low risk of recruitment bias.</p>",High risk,"<p>Figure 2, variability at baseline between groups</p>",Unclear risk,<p>Unable to assess</p>,Low risk,<p>Logistic regression and estimates of standard errors of odds ratios in regression model adjusted for clustering</p>,High risk,<p>Due to baseline imbalance</p>
Beck 2005,Low risk,<p>Computer-generated randomisation</p>,Low risk,"<p>Cluster trial, allocation after recruitment completed</p>",Low risk,<p>Data collected from database</p>,Low risk,<p>No evidence of attrition</p>,Unclear risk,<p>Unable to assess</p>,Low risk,<p>Recruitment did not occur after randomisation.</p>,Unclear risk,<p>Unable to assess</p>,Low risk,<p>No evidence of contamination</p>,Low risk,<p>Adjusted odds ratios were calculated using generalised estimating equation extensions of logistic regression procedures for cluster-randomised trials.</p>,Low risk,<p>Low risk across all important domains</p>
Beeckman 2013,Low risk,<p>Computer-generated random sequence</p>,Low risk,"<p>Not specifically reported but based on study flow diagram, it appears all clusters were allocated at the same time.</p>",High risk,<p>All outcome assessors (health professionals and research personnel) were aware of allocations and outcomes have a subjective element.</p>,Unclear risk,"<p>Overall, flow of participants (patients and health professionals) was not reported or discussed.<br>Patients: insufficient reporting of missing outcome data and not discussed.<br>Health professionals: some loss to follow-up evident from the data reported for knowledge and attitude. Attrition not described or discussed</p>",Low risk,<p>All prespecified outcomes were reported at prespecified time points (according to Methods).&nbsp;<br>*No trial registration or protocol linked</p>,Low risk,"<p>When wards were allocated to intervention/control, all health professionals involved in pressure ulcer prevention and all residents in that ward were included. There was unlikely to be recruitment made for the study, and no physicians refused the eligible residents be contacted; thus, there is unlikely to have been any bias introduced into participant recruitment.</p>",Unclear risk,<p>Some baseline imbalances in gender (nursing home residents and health professionals) but not discussed so it is unclear if this reflects different populations in some wards.</p>,High risk,"<p>11 wards in 4 nursing homes randomised. The trial explicitly reports that: ""clustering took place at ward level to prevent possible cross-contamination of the study groups"", however, this means that a nursing home could have both experimental and control wards within it. There is a high potential for bias from contamination as there are both experimental and control arms in the same nursing home.</p>",Unclear risk,"<p>Authors described that analysis was performed at the ward level, but this is not described enough to assess whether appropriate analysis was performed.</p>",High risk,<p>Due to blinding and protection against contamination</p>
Belcher 1990,Unclear risk,<p>Randomisation method not described</p>,Unclear risk,"<p>It is unclear if all clusters were assigned at the same time, and there was no study flow diagram.</p>",Unclear risk,<p>Not enough information about outcome assessment processes</p>,Unclear risk,"<p>Attrition by year 5 appeared balanced between groups (28-35%); however, reasons for attrition not reported so unable to determine if missing data were balanced as the numbers missing were not insubstantial.</p>",Low risk,"<p>No protocol or trial registration available, however, all outcomes in methods were reported in the results.</p>",Low risk,<p>No evidence of enrolment post-randomisation</p>,Low risk,<p>No significant differences in baseline measures</p>,Low risk,<p>Subjects assigned to non-HPC groups were not accepted by the HPC staff.</p>,Unclear risk,<p>Unable to assess</p>,Unclear risk,<p>Unclear risk across important domains</p>
Bentz 2007,Low risk,"<p>Quote ""clinics matched and randomized""</p>",Low risk,"<p>Cluster trial, recruitment not influenced by allocation</p>",Unclear risk,<p>Unable to assess</p>,Low risk,<p>No evidence of attrition</p>,Low risk,<p>Appropriate outcomes accounted for</p>,Low risk,<p>Recruitment did not occur after randomisation.</p>,Low risk,"<p>Clinics comparable, see Table 1</p>",Low risk,<p>No evidence of contamination</p>,Low risk,<p>Generalised estimating equations to accommodate cluster-level covariates</p>,Low risk,<p>Low risk across all important domains</p>
Bertoni 2009,Unclear risk,<p>Randomisation method not described</p>,Low risk,"<p>According to the study flow diagram, it appears likely all clusters were allocated at the same time.</p>",Low risk,<p>Medical record abstractors were blind to the allocation.</p>,Low risk,<p>Practices lost to follow-up were balanced between groups.</p>,Low risk,<p>All outcomes appear to be reported but no protocol available to check against</p>,Low risk,<p>Recruitment occurred prior to randomisation.</p>,Low risk,"<p>No important differences in # of practices, patients. Differences in # of providers, but we don't think this is important.</p>",Low risk,"<p>Not blinded, but randomised by practice. Unlikely practices communicating to contaminate</p>",Unclear risk,"<p>No clustering at the level of the practitioner, only the practice. Although reasons explained, it is unclear what effect this might have had.</p>",Low risk,<p>Low risk across all important domains</p>
Bhatia 2014,Low risk,<p>Random number generator used to divide fellows and residents into control or intervention groups</p>,Unclear risk,<p>No information on allocation concealment</p>,Low risk,<p>Blinding of assessors and unlikely blinding could have been broken.</p>,Low risk,<p>It appears that all outcomes were reported for one group (cardiology fellows) and that additional data were reported online only for residents.</p>,Low risk,"<p>No study register or protocol - however, it appears that all expected outcomes listed in methods were reported in the results.</p>",Low risk,<p>No evidence of recruitment after randomisation</p>,High risk,<p>Patients in intervention group had higher rates of previous myocardial infarction and hospitalisation in the last year.</p>,Unclear risk,"<p>In a single-site study, there may have been cross communication between physicians in training.</p>",Low risk,<p>Clustering accounted for in analysis</p>,High risk,<p>Due to baseline imbalances</p>
Bhatia 2017,Low risk,<p>Randomisation sequence likely adequate as a data manager was in charge of random sequence</p>,Low risk,<p>As per flow chart and a central body determining randomisation and allocation; allocation was likely concealed.</p>,Low risk,<p>Outcome assessors were blinded to allocation.</p>,Low risk,<p>ITT used in analysis. Losses and missing outcomes also balanced and explained.</p>,Low risk,<p>Consistent measures with registered protocol - https://www.clinicaltrials.gov/ct2/show/study/NCT02038101?cond=NCT02038101&amp;draw=2&amp;rank=1</p>,Low risk,<p>Unlikely physicians recruited to the trial after randomisation</p>,Unclear risk,<p>Unclear if there were important differences characteristics between groups. Stratification was used to reduce risk of imbalance.</p>,Unclear risk,<p>Physicians allocated within each service and possible that communication between groups may have occurred.</p>,Low risk,<p>Clustering taken into account in analysis</p>,Low risk,<p>Low risk across all important domains</p>
Blais 2008a,Unclear risk,<p>Unable to assess</p>,Low risk,"<p>Cluster trial, allocation after recruitment completed</p>",Low risk,<p>Administrative data used</p>,Low risk,<p>Dropouts comparable in both groups (p. 229)</p>,Low risk,<p>Appropriate outcomes reported</p>,Low risk,<p>Recruitment did not occur after randomisation.</p>,Low risk,<p>Table 2 and Table 3</p>,Unclear risk,<p>Unable to assess</p>,High risk,<p>Did not account for clustering</p>,High risk,<p>Due to incorrect analysis</p>
Blais 2008b,Unclear risk,<p>Unable to assess</p>,Low risk,"<p>Cluster trial, allocation after recruitment completed</p>",Low risk,<p>Administrative data used</p>,Low risk,<p>Dropouts comparable in both groups (p. 229)</p>,Low risk,<p>Appropriate outcomes reported</p>,Low risk,<p>Recruitment did not occur after randomisation.</p>,Low risk,<p>Table 2 and Table 3</p>,Unclear risk,<p>Unable to assess</p>,High risk,<p>Did not account for clustering</p>,High risk,<p>Due to incorrect analysis</p>
Bloos 2017,Low risk,<p>Computer-generated random sequence</p>,Low risk,<p>Likely that clusters were randomised and allocated centrally at one time (based on flow chart)</p>,Low risk,"<p>Outcome data recorded in and collected from electronic records, so unlikely subject to bias</p>",Low risk,<p>The loss of clusters was reasonably balanced with reasons that do not appear related to the intervention. Missing outcome data were also balanced. ITT analysis was used.</p>,Unclear risk,"<p>Appears to have been missing data on reporting of length of stay; however, this was not necessarily a key focus on the study.</p>",Low risk,<p>There was no evidence that other hospitals were recruited following randomisation.</p>,Low risk,<p>Some baseline imbalances but analyses adjusted for baseline imbalances</p>,Low risk,<p>Intervention performed within hospitals - unlikely cross over between hospitals</p>,Low risk,<p><br>Analysis adjusted for clustering</p>,Low risk,<p>Low risk across all important domains</p>
Boekeloo 1990,Unclear risk,<p>Unable to assess</p>,Low risk,"<p>Cluster trial, allocation after recruitment completed</p>",Unclear risk,<p>Unable to assess</p>,Unclear risk,<p>Unable to assess</p>,Unclear risk,<p>Unable to assess</p>,Low risk,"<p>No participants were enroled post-randomisation of clusters, hence there was low risk of recruitment bias.</p>",High risk,"<p>Patients differed in key variables (lab values, medical history).</p>",High risk,<p>Contamination between physicians likely</p>,Unclear risk,<p>Unable to assess</p>,High risk,<p>Due to baseline imbalance and protection against contamination</p>
Boet 2018,Low risk,<p>Computer-generated random sequence</p>,Low risk,"<p>""An independent statistician not otherwise involved in the study performed the randomization to protect allocation concealment."" It appears that allocation was done centrally and concealed.</p>",Low risk,"<p>It is unclear if the outcome assessors were blinded. Data on patient outcomes and process of care (warmer use) were collected objectively, using electronic medical record systems, so it is unlikely that the lack of blinding would affect the outcome.</p>",Low risk,<p>Figure 3 shows no loss to follow-up of providers in each arm of the trial.</p>,Unclear risk,"<p>The trial registration says the primary outcome is ""Patient peri-operative temperature"" without describing this as a dichotomous outcome (percentage with hypothermia). The predefined secondary outcome, ""Intraoperative warming device usage perioperative"" also appears to be split into two outcomes in this trial publication. It is unclear whether these outcomes were just poorly defined in the trial registration or if these were deviations. Patient postoperative surgical site infection (SSI) rate is listed as one of the main study outcomes in the registered protocol. In the published full text, the study authors explain that it was too costly and potentially meaningless to obtain these data, so they did not include this outcome in the published paper.<br><br>The original second secondary outcome in the trial registration was not measured and trialists described this due to the financial burden and seeing no difference in the primary outcome. This explanation does not suggest a risk of bias; however, it would have been better if this was pre-planned (i.e. only obtained data on postoperative surgical site infection if there was a difference in the primary outcome).</p>",Low risk,<p>There is no evidence of further recruitment after the enroled clusters were randomised.</p>,Unclear risk,<p>Trial did not discuss whether there were any significant baseline imbalances. The data presented suggests there could potentially be imbalances.</p>,Low risk,<p>Allocation by cluster (anaesthesiologist) and unlikely control clusters received the intervention.</p>,Low risk,"<p>Analysis was done at the patient level but ""adjusted for clustering by provider and for all the pre-specified covariates"".</p>",Low risk,<p>Low risk across all important domains</p>
Bond 2011,Unclear risk,<p>The method of random sequence generation was not described.</p>,Low risk,<p>Central allocation</p>,High risk,<p>Knowledge of intervention likely to influence outcome measurement</p>,Low risk,<p>Low attrition rates in both groups</p>,Low risk,<p>All prespecified outcomes in the methods section were reported in the results.</p>,Low risk,<p>No report  that participant centres were recruited after randomisation</p>,Low risk,<p>No baseline differences found</p>,High risk,<p>Risk of cross talk between groups</p>,High risk,<p>Clustering not taken into account in analysis</p>,High risk,<p>Protection against contamination and incorrect analysis judged as high risk</p>
Bonds 2009,Unclear risk,<p>The method of random sequence generation was not described.</p>,Low risk,"<p>Though not specified, based on the study flow diagram, it appears likely that clusters were allocated at the same time.</p>",Low risk,<p>The outcome assessors were blinded to group allocation.</p>,Low risk,<p>Attrition rates were similar across groups - both groups lost 1 practice to follow-up.</p>,Low risk,"<p>Although the trial protocol was not found and the trial was not registered, all prespecified outcomes were measured and adequately reported in the paper.</p>",Low risk,<p>There was no evidence to suggest any further recruitment took place after randomisation.</p>,Low risk,<p><br>There was no baseline imbalance between the 2 groups.</p>,Low risk,"<p>Although the control group was exposed to a similar programme as the intervention one, there was no record of contamination of the control group by the GLAD Heart intervention.</p>",Low risk,<p>The analysis took the clustering design into account and data were analysed and presented at the practice level.</p>,Low risk,<p>Low risk across all important domains</p>
Bonevski 1999,Unclear risk,<p>Unable to assess</p>,Unclear risk,<p>Unable to assess</p>,Low risk,<p>Patients appear to be unaware of intervention arm</p>,Low risk,"<p>High participation rates, no evidence of variation between groups</p>",Low risk,<p>Appropriate outcomes reported</p>,Low risk,<p>Recruitment did not occur after randomisation.</p>,Unclear risk,<p>Unable to assess</p>,Unclear risk,<p>Unable to assess</p>,Low risk,<p>Logistic regression with a generalised estimating equation</p>,Unclear risk,<p>Unclear risk across important domains</p>
Borgiel 1999,Low risk,<p>Stratification and block randomisation</p>,Unclear risk,<p>Unable to assess</p>,Unclear risk,<p>Unable to assess</p>,Low risk,<p>Equal numbers of subjects in both groups completed the study.</p>,Unclear risk,<p>Unable to assess</p>,Unclear risk,<p>Physicians assigned to groups in the order that they were recruited</p>,Low risk,<p>Physicians and patients comparable (Table 1 and 2)</p>,Unclear risk,<p>Unable to assess</p>,High risk,<p>Unpaired t-test</p>,High risk,<p>Due to incorrect analysis</p>
Brady 1988a,Low risk,<p>A random number table was used to generate the random sequence.</p>,Low risk,<p>No description of allocation concealment. Seems likely from figure 1 that all residents were randomised at the same time point</p>,Low risk,<p>Blinding of outcome assessors not clearly stated but 'investigators were generally unaware of each residents group assignment' and they were using routinely collected measures.</p>,Low risk,<p>Data collection was performed on all records available (so no attrition).</p>,Low risk,<p>Trial was conducted in 1985-86 prior to trial registry commencement. The results for all prespecified outcomes were presented in the paper.</p>,Low risk,"<p>From figure 1, it appears that all participants were recruited at the same time.</p>",Unclear risk,<p>Separate baseline measures for the 3 groups have not been provided.</p>,Low risk,<p>Unlikely that the control group participants performed their own audit and the trial was designed to avoid this.</p>,High risk,<p>No mention of clustering has been made in the analysis.</p>,High risk,<p>Incorrect analysis - high</p>
Brady 1988b,Low risk,<p>A random number table was used to generate the random sequence.</p>,Low risk,<p>No description of allocation concealment. Seems likely from figure 1 that all residents were randomised at the same time point</p>,Low risk,<p>Blinding of outcome assessors not clearly stated but 'investigators were generally unaware of each residents group assignment' and they were using routinely collected measures.</p>,Low risk,<p>Data collection was performed on all records available (so no attrition).</p>,Low risk,<p>Trial was conducted in 1985-86 prior to trial registry commencement. The results for all prespecified outcomes were presented in the paper.</p>,Low risk,"<p>From figure 1, it appears that all participants were recruited at the same time.</p>",Unclear risk,<p>Separate baseline measures for the 3 groups have not been provided.</p>,Low risk,<p>Unlikely that the control group participants performed their own audit and the trial was designed to avoid this.</p>,High risk,<p>No mention of clustering has been made in the analysis.</p>,High risk,<p>Incorrect analysis - high; baseline imbalance - unclear</p>
Bregnhøj 2009,Low risk,<p>The GPs were randomised using a computer-generated randomisation list prepared by a statistician.</p>,Low risk,"<p>Though not specified, based on the study flow diagram, it appears likely that clusters were allocated on a single occasion. GPs were informed of group assignment after baseline data collected implies allocation concealment.</p>",Low risk,<p>Evaluator groups blinded to intervention group of GPs and identity of patients</p>,Unclear risk,"<p>Patient loss to follow-up greater in combined intervention group (38%) than in single intervention group (13%) or control group (11%) (Fig 1, p. 3). Explanations given: death, information not provided by GP, changed GP during intervention period</p>",Low risk,"<p>The protocol was not available but the main outcome (MAI score) was reported as prespecified in the Methods (p. 5 &amp; Table 3, p. 6). Selected text is a Covidence image.</p>",Low risk,"<p>Only single practice GPs were recruited, so no-one else in the cluster. Also GPs only told of randomisation after baseline and none recruited afterwards</p>",Low risk,"<p>Patient MAI and number of medications imbalanced at baseline, but accounted for in analysis</p>",Low risk,"<p>All GPs working in single practice - unlikely to be contamination between groups. Only time they were together was for the education session, where the next stage of the combined intervention came after that.</p>",High risk,<p>Analysis adjusted for MAI and number of medications but not GP</p>,High risk,<p>Due to incorrect analysis</p>
Brown 1994,High risk,"<p>Group 1 was all practices that agreed to participate that employed a dental hygienist - no randomisation. Groups 2 and 3 were randomised from those that did not employ a dental hygienist, but no details of sequence generation provided</p>",Unclear risk,"<p>No description of allocation concealment. Randomisation performed when consent performed, so may not have been all be at one time point</p>",Unclear risk,<p>Blinding of outcome assessors was not described.</p>,Low risk,<p>Loss to follow-up and incomplete outcome data appears balanced between groups.</p>,Low risk,<p>The study date precluded trial registration. Results for all prespecified outcomes presented in the paper</p>,Unclear risk,<p>It is unclear whether patients were enroled in each practice after randomisation.</p>,High risk,<p>Table 1 has a number of differences between groups. Other variables not reported</p>,Low risk,"<p>Allocation was by practice - as all individual private practices, unlikely control group got the intervention</p>",Unclear risk,"<p>Unclear risk of bias as, although the dental practice was the unit of analysis, it is not clear whether the effect of clustering was taken into account.</p>",High risk,<p>Baseline variability</p>
Brown 2018,Low risk,"<p>Randomisation was ""determined by a computer-generated random number sequence"".</p>",Unclear risk,<p>The method of allocation was not described.</p>,High risk,"<p>""Clinical data were extracted by independent research assistants, blinded to the date of intervention commencement"", and it appears unlikely data would be recorded incorrectly/subjectively. However, clinician knowledge and attitude was self-reported in a survey and clinicians were aware of their allocation. It is likely bias may be introduced into this outcome.</p>",Low risk,<p>Incomplete data appears balanced (with similar reasons) across groups.</p>,High risk,"<p>Some changes to pre-planned outcomes (from trial registration) suggests potential risk of bias.<br>Two primary outcomes in the trial registration (referral to radiology and referral to RAVES trial) have been merged into one primary outcome. The third primary outcome (time between surgery and radiotherapy) does not appear in the trial publication. Enrolment into RAVES trial was part of a primary outcome in the trial registration, but is a secondary outcome in the trial publication. Another secondary outcome was added pre-analysis, but this was unlikely to have introduced bias.</p>",Low risk,<p>No recruitment of urologists after allocation. No recruitment process for patient data</p>,Unclear risk,<p>Baseline characteristics and outcome measures of patients appear mostly balanced (despite some significant differences noted in patient characteristics). Characteristics of urologists not reported so unclear if potential baseline imbalances for urologists. Baseline outcome measures per cluster not reported so unclear</p>,Unclear risk,<p>Locations of the participating sites not described. Unclear if there was potential for contamination between sites</p>,Low risk,"<p>Appears appropriate analysis for clustering was used - ""Generalised linear regression models with Poisson distribution, log link and generalised estimating equation (GEE) adjustment for the clustering of patients within urologists""</p>",High risk,<p>Due to blinding and selective outcome reporting</p>
Brunette 2015,Low risk,<p>Stated as computer-generated randomisation table</p>,Unclear risk,<p>No details and it is unclear if clusters were allocated at the same time.</p>,Low risk,"<p>Unclear if outcome assessors are blinded, but collecting Medicaid data as primary outcome means that it is unlikely that any bias would affect results.</p>",Unclear risk,"<p>&lt; 30% difference in sample size of mental health centres, and both groups had large sample sizes of recipients. However, unclear what the attrition rate of either group was, which may be consequential for evaluating each intervention, especially as higher dropout is a known issue for telemedicine vs F2F interventions.</p>",Low risk,"<p>Outcome data appears to be consistently reported in text, tables and chart. </p>",Unclear risk,<p>No mention of timing of recruitment to randomisation</p>,Unclear risk,"<p>Although groups mainly similar, limited baseline characteristics were assessed and some significant differences in mental health disorders between groups may have impacted results.</p>",Low risk,<p>'At the five centres randomly assigned to in-person education.' Implies randomisation by centre not practitioner</p>,Unclear risk,"<p>Although regression models were mentioned, adjustment for clustering was not discussed.</p>",Low risk,<p>Low risk across all important domains</p>
Buffington 1991,Unclear risk,<p>Method of sequence generation not reported (unable to annotate)</p>,Unclear risk,<p>It is unclear if all clusters might have been allocated at the same time.</p>,High risk,<p>Outcome assessors (practice staff) were not blinded to group allocation for measurement of influenza vaccine rates and were asked to tabulate and calculate outcomes themselves.</p>,Unclear risk,<p>Loss of outcome data or participants with reasons not clearly described</p>,Low risk,<p>Sufficient information provided in methods; outcomes all reported</p>,Unclear risk,<p>Not described</p>,Unclear risk,<p>No reporting of characteristics of the 3 clusters</p>,Low risk,<p>Allocation by practice and unlikely the control group received the interventions</p>,Unclear risk,<p>The method of analysis (including taking into account the clusters) was not reported.</p>,High risk,<p>Due to blinding</p>
Campbell 2006,Unclear risk,<p>Method of sequence generation was not reported.</p>,Low risk,"<p>Cluster-randomised trial and strata-based allocation - cluster and stratified at the same time; therefore, this reduces risk of bias associated with allocation concealment.</p>",Unclear risk,<p>Outcomes were self-reported by patients and it is unclear if they were aware of the trial and intervention.</p>,Low risk,<p>1/12 cluster missing from analysis from SD group. This does not appear to be significant or due to the intervention/outcome.</p>,Low risk,<p>No protocol or trial register.</p>,Low risk,"<p>No additional recruitment after cluster had been set.&nbsp;<br>p. 98 under Design: ""random allocation of clinics was undertaken within strata based on clinic size and patient smoking rates as determined at the baseline survey to achieve balance between groups"".</p>",Low risk,<p>No important differences in outcomes or characteristics across study groups were present.</p>,Low risk,<p>Allocation by cluster (e.g. clinic) and it is therefore unlikely that the groups received alternate intervention.</p>,Low risk,<p>Appears that clustering effects have been addressed in the analyses.</p>,Unclear risk,<p>Unclear risk across important domains</p>
Cánovas 2009,Unclear risk,<p>Method of sequence generation was not reported.</p>,Unclear risk,<p>No details or study flow diagram to determine if clusters likely allocated at the same time</p>,Low risk,<p>The outcomes were not fully known to the clinicians who recorded in medical records from which the outcomes were derived.</p>,High risk,<p><br>2/3 of group 1 were excluded with explanations from the authors. This is a significant proportion (even if unintentional) and leaves only one centre contributing to the outcome and potentially biases the results.</p>,Unclear risk,"<p>Unclear risk of selective outcome reporting bias as the trial was not registered, study protocol was not found, and the outcomes were decided by the intervention group participants after commencement of the trial.</p>",Low risk,<p>It does not appear that any centres were recruited after allocation.</p>,High risk,"<p><br>No reporting of baseline characteristics, but baseline outcome data do appear to differ significantly. While not clearly reported, it does not appear that trialists adjusted for imbalances.</p>",Low risk,<p>Allocation was by cluster (health centres) and thus unlikely that clinicians received intervention/s from another group</p>,Unclear risk,<p>Not enough information on how the trialists performed their analyses.</p>,High risk,<p>High due to baseline imbalances and incomplete outcome data</p>
Carney 2012,Unclear risk,<p>Method of sequence generation was not reported.</p>,Unclear risk,<p>No details or study flow diagram to determine if clusters likely allocated at the same time</p>,High risk,<p>Outcomes self-reported by participants (positive mammograms) - could be subjective and influenced by knowledge of allocation.</p>,High risk,"<p>Per-protocol analysis was used. The flow of study participants is poorly reported (e.g. allocation of radiologists who were excluded due to no follow-up data) and a large proportion of participants did not complete the CME intervention, with analysis separated into those who completed the CME intervention and those who did not. Even if this was pre-planned, there is a possibility that the participants who completed the CME intervention may have differed from those who did not.</p>",High risk,<p>Unadjusted recall rates for each time point reported without variance.</p>,Low risk,<p>No evidence of recruitment bias</p>,Low risk,"<p>See table 1, baseline characteristics and outcomes balanced between groups</p>",Unclear risk,<p>Some radiologists may have worked at the same facility; there may have been some cross-communication.</p>,Unclear risk,<p>Not enough information</p>,High risk,"<p>Due to blinding, incomplete outcome data, selective outcome reporting</p>"
Chaillet 2015,Low risk,"<p>To avoid imbalance in the size of the two groups, we used computer-generated, blocked randomisation within each stratum, with blocks consisting of four centres or, for strata with fewer than eight hospitals, two centres.</p>",Low risk,<p>Allocation was performed centrally and at one time.</p>,Low risk,"<p>Data collectors were not blinded but the measures being collected were objectively abstracted from medical records. Outcome assessors (physicians) filled in medical records, and it is unlikely these would be subject to risk of bias.</p>",Low risk,"<p>""No hospital or woman was lost to follow-up"".</p>",Low risk,"<p>Protocol available, and all expected outcomes were reported.</p>",Low risk,<p>No evidence of hospitals recruited after randomisation. All eligible patient participants were included.</p>,Low risk,"<p>Hospitals were randomly assigned using strata/cluster sampling to minimise baseline imbalances, and participants at intervention and control hospitals were similar</p>",Low risk,<p>Intervention was delivered by cluster; physicians rarely travelled between hospitals; contamination bias was assessed annually.</p>,Low risk,<p>Analyses appropriately accounted for clustering of data.</p>,Low risk,<p>Low risk across all important domains</p>
Charrier 2008,Unclear risk,<p>Method of sequence generation was not reported.</p>,Unclear risk,<p>No details or study flow diagram to determine if clusters likely allocated at the same time</p>,High risk,<p>Auditors were not blind to group allocation.</p>,Low risk,<p>It does not appear any clusters were lost to follow-up.</p>,Low risk,<p>Results reported as described in the methods. No protocol available</p>,Low risk,<p>Unlikely participants were recruited to the trial after clusters were randomised</p>,Low risk,<p>Similar characteristics for participants and patients between intervention and control groups</p>,Low risk,<p>Cluster randomisation performed on selected departments to prevent risk of contamination</p>,Unclear risk,<p>Unclear if clusters taken into account in analysis</p>,High risk,<p>Due to blinding</p>
Chassin 1986,Unclear risk,<p>Hospitals were randomly assigned however the method of generating the random sequence was not described</p>,Unclear risk,<p>No details or study flow diagram to determine if clusters likely allocated at the same time.</p>,Unclear risk,<p>It is unclear whether outcome assessors were blinded to the treatment groups or not.</p>,Unclear risk,<p>Study flow not described so unclear about how many recruited to begin with</p>,Low risk,"<p>The paper presents the results of all pre-specified outcomes. As the study was conducted prior to 2005, trial could not be registered.</p>",Unclear risk,<p>not described</p>,Low risk,"<p>Although there was a slight increase in the number of hospitals with obstetrical residences in the intervention group, this did not affect the results in a significant way as shown in table 2.</p>",Low risk,"<p>""Control hospitals received neither the educational program nor the monitoring. These hospitals were thus not contacted at all by the study between the baseline data collection activity in June 1980 and the final data collection activity.""<br>Low risk of contamination bias.</p>",Low risk,<p>Analysis at cluster level</p>,Unclear risk,<p>Unclear risk across important domains</p>
Cheater 2006,Low risk,"<p>Stratified randomisation, blocks of 4</p>",Low risk,"<p>Quote ""concealed randomization""</p>",Low risk,"<p>Quote ""data collectors blind to allocation""</p>",Low risk,<p>All practices followed up</p>,Low risk,<p>Appropriate outcomes measured</p>,Low risk,<p>No evidence of recruitment after randomisation</p>,Low risk,<p>Groups comparable (p. 545)</p>,Low risk,<p>No evidence of contamination</p>,Low risk,<p>Clustering accounted for in analysis</p>,Low risk,<p>Low risk across all important domains</p>
Clarke 2020,Low risk,<p>Computer-generated random sequence</p>,Low risk,"<p>""The randomisations were done in the presence of a witness who was unaware of which site was associated with which code within the pairs and triplets until after the allocations were complete"" (protocol). Allocation likely done centrally at one time</p>",Low risk,"<p>Due to the nature of the outcomes, it is unlikely bias could be introduced in recording the outcomes.</p>",Low risk,<p>Missing data appears balanced between arms with some of the reasons provided (do not suggest the reasons are related to the intervention).</p>,Low risk,"<p>Trial was registered and trial protocol was published, no deviations from the protocol were found.</p>",Low risk,<p>No clusters recruited after randomisation</p>,Low risk,<p>Baseline imbalances were reported and adjusted for in the analyses.</p>,Low risk,"<p>As investigators took adequate precautions against contamination (by avoiding an intervention and control cluster in the same city), it is presumed there is a low risk of contamination bias in this trial.</p>",Low risk,<p>Clustering taken into account in analysis</p>,Low risk,<p>Low risk across all important domains</p>
Clyne 2015,Low risk,"<p>Practices were allocated to intervention and control groups by an independent researcher using minimisation, an allocation method commonly used in cluster-randomised controlled trials to ensure balanced allocation of important cluster-level attributes such as practice size when cluster numbers are small.</p>",Low risk,"<p>Central allocation using minimisation - ""Practices were allocated to intervention and control groups by an independent researcher using minimization"".</p>",Low risk,"<p>As outcome assessors were blinded to group allocation, there is a low risk of detection bias.</p>",Low risk,<p>Results reflect the outcomes described.</p>,Low risk,<p>Trial registered (ISRCTN41694007). Authors published all outcomes as per protocol. https://trialsjournal.biomedcentral.com/articles/10.1186/1745-6215-14-72</p>,Low risk,<p>There was no recruitment of participants into the trial after randomisation.</p>,Low risk,<p>Balanced allocation of important cluster-level attributes such as practice size when cluster numbers are small</p>,Low risk,<p>The control group was not exposed to the intervention.</p>,Low risk,"<p>Clustering taken into account and adjusted - ""analyzed using random effects logistic regression with the individual as the unit of analysis and the practice included as the random effect, to control for the effects of clustering.""</p>",Low risk,<p>Low risk across all important domains</p>
Colón-Emeric 2007,Low risk,<p>Random number generator used for sequence generation</p>,Unclear risk,<p>No details or study flow diagram to determine if clusters likely allocated at the same time</p>,Low risk,"<p>""Trained data collectors, blinded to intervention status, abstracted data from the medical record"" and they would not have introduced any bias. It seems unlikely that nursing home staff would incorrectly record prescriptions given to patients.</p>",Low risk,<p>All enroled and randomised nursing homes provided outcome data.</p>,Unclear risk,"<p>All outcomes specified in the methods were reported; however, no variance was reported.</p>",Low risk,"<p>Inclusion of patient participants was dependent on an objective set of criteria, including having been at the nursing home for at least four weeks; therefore, it is unlikely that patient recruitment could have been biased after the nursing home was allocated.</p>",Low risk,"<p>There are a few baseline imbalances picked up by trialists: ""Intervention residents were more likely to be African American, younger, and use tobacco; and less likely to have previous fracture or dysphagia."" The difference in previous fractures is especially notable as it relates to patient inclusion (and potentially the outcomes). Multivariate analysis was conducted adjusting for baseline imbalances (P &lt; 0.2) and no difference was detected; therefore, these baseline imbalances do not affect the results.</p>",Low risk,"<p>Allocation was at the level of nursing homes. No evidence that health professional participants in the control group would have received the intervention. It may be possible, but seems unlikely.</p>",Low risk,"<p>Analysis was performed at the cluster level using Generalised Estimating Equation and appears appropriate - ""multivariable logistic regression models with generalized estimating equation adjustment for repeated binary outcomes were constructed with backwards selection, using all variables with a baseline univariate P &lt; 0.20 and variables with high clinical significance (age, race, tate [?].""</p>",Low risk,<p>Low risk across all important domains</p>
Coma 2019,Low risk,<p>Computer-generated random sequence</p>,Low risk,"<p>As per flow chart, it is likely that allocation was done centrally at one time.</p>",Low risk,<p>Outcome measurement is not likely to be influenced by lack of blinding.</p>,Unclear risk,<p>No mention of loss to follow-up or missing outcome data so reporting is unclear.</p>,Low risk,<p>Reported consistently with protocol</p>,Low risk,<p>All enroled at the same time.</p>,Low risk,<p>Comparable groups from randomisation</p>,Low risk,<p>Computer pop-ups for intervention group would not be shown to control group. Cluster design means contamination is unlikely.</p>,Low risk,<p>Analysis accounted for clusters</p>,Low risk,<p>Low risk across all important domains</p>
Crotty 2004,Low risk,<p>Randomisation by computer-generated random allocation program</p>,Low risk,"<p>Central allocation was used, so it is likely that allocation was concealed - ""random allocation program by a person external to the project"".</p>",Low risk,<p>Nurses who conducted case notes audits were blinded to allocation.</p>,Low risk,<p>No clusters lost to follow-up. Attrition of patient participants appeared to be balanced between groups and reasons for attrition do not appear related to the intervention.</p>,Unclear risk,<p>No previously published protocol and no information was on the retrospectively published trial registration relating to outcomes. It is unclear if all previously planned outcomes are reported here.</p>,Low risk,<p>Audit included data from all patients of the participating residential facilities.</p>,Low risk,"<p>Some baseline imbalances were reported, but the analysis was adjusted to take these into account.</p>",Low risk,<p>Allocation by residential facility selected at random and matched to a facility in another region to avoid overlap of physicians</p>,Low risk,<p>Clustering was taken into account for analysis.</p>,Low risk,<p>Low risk across all important domains</p>
Cundill 2015,Low risk,<p>Computer-generated random sequence</p>,Low risk,<p>Central random allocation</p>,High risk,"<p>Outcomes were self-reported to interviewers, so there is a high risk of bias.</p>",Low risk,<p>No incomplete or excluded outcome data. ITT was used.</p>,Unclear risk,"<p>It's unclear whether outcomes were reported selectively, because there is no protocol and the secondary outcome is vaguely described. </p>",Low risk,<p>Unlikely there was recruitment after allocation</p>,Low risk,<p>Baseline mostly comparable and analyses adjusted for a number of covariates (though not specified) so likely okay</p>,Low risk,<p>Randomisation at practice level over a large geographical area; no reason to suspect contamination</p>,Low risk,<p>Analysis adjusted for clustering</p>,High risk,<p>Due to blinding</p>
Curtis 2005,Unclear risk,<p>Unable to assess</p>,Low risk,"<p>Cluster trial, allocation after recruitment completed</p>",Low risk,<p>Data abstractors blind to treatment</p>,Low risk,<p>No difference between groups</p>,Low risk,<p>Appropriate outcomes measured</p>,Low risk,<p>Recruitment did not occur after randomisation.</p>,Low risk,<p>See Table 1</p>,Unclear risk,<p>Unable to assess</p>,Low risk,<p>Generalised estimating equations to account for cluster randomisation</p>,Low risk,<p>Low risk across all important domains</p>
Curtis 2007,Low risk,"<p>Method for randomisation not described, but likely it was computer-generated from study website (the use of 'state-of-the-art technology in dynamic randomization' is mentioned in the Comment section).</p>",Low risk,"<p>Randomisation, and therefore allocation, was done when a physician logged on to computer for the first time for that practice. Therefore, allocation was concealed.</p>",Low risk,"<p>Outcome assessment is not clearly reported, but objective data was collected and analysed (counting medication use) so bias unlikely</p>",Low risk,"<p>Differences in completion between arms, but both ITT (primary analyses) and PP were used.</p>",Unclear risk,"<p>No protocol, not possible to assess</p>",Unclear risk,<p>Physicians recruited and randomised over a period of time as they logged onto website. Unclear if there is potential for recruitment bias.</p>,Unclear risk,"<p>Baseline performance balanced. Some imbalances between treatment and control groups, including proportion of male patients and several glucocorticoid-use associated diseases (rheumatoid arthritis, systemic lupus, COPD, asthma, IBD) and other comorbidities.</p>",Low risk,"<p>Due to the cluster design, contamination is unlikely.</p>",Low risk,<p>Authors did check effect of clustering and did not present this due to very small differences.</p>,Low risk,<p>Low risk across all important domains</p>
Curtis 2011,Low risk,"<p>It is unclear how the random numbers were generated, but the study appears well conducted with an experienced team and multiple publications and reports (e.g. grant application) to document the methods, all suggesting the trialists likely used an adequate method.</p>",Low risk,<p>It is likely that all sites were allocated centrally at one time.</p>,High risk,"<p>It is unclear if families of patients were aware of the site's allocation and, if so, this could bias the self-reported questionnaire. Nurses also completed a self-reported questionnaire and were aware of the trial allocation; therefore, this outcome is subject to bias.</p>",High risk,"<p>Although methods stated ITT, questionnaire outcomes were reported for participants who returned the questionnaire (with response rate below 50% for all groups). This was balanced between groups for family members, but differed for nurses between intervention and control groups (baseline 46% vs 29% available, follow-up 39% vs 27% available), suggesting that availability of outcome data was affected and may have been biased.</p>",Unclear risk,"<p>All outcomes prespecified in the (retrospective) trial registration are reported. The original grant application specifies NASQ (nurse satisfaction), ICU-QOC-4 (measures of quality of care and self-efficacy), and nursing self-efficacy items, which are not described here. It is unclear when this change was made.</p>",Low risk,<p>There is no evidence of recruitment after randomisation and allocation.</p>,Low risk,"<p>There were some baseline imbalances, but the methods taken to adjust outcome data were likely adequate to address imbalances.</p>",High risk,"<p>""Second, because this is a randomized intervention within a single community, it is possible that there will be contamination across sites. All of the hospitals use some agency ICU nurse and respiratory therapist staff. Three of the hospitals (Providence, Swedish-First Hill, Swedish-Ballard) share some of their critical care staff. However, we do not feel this is a significant threat to the study because the majority of nurses and physicians only care for patients at one of the hospitals. In addition, agency nurses and respiratory therapists make up only a small part of the ICU staff on any one shift at each of the hospitals"".<br>Although the authors do not think contamination was a significant threat, it appears that some control participants would have received the intervention and therefore there is high risk of bias.</p>",Low risk,<p>Likely appropriate analyses</p>,High risk,"<p>Due to protection against contamination, blinding and incomplete outcome data</p>"
DeVore 2015,Unclear risk,<p>It is unclear how the random sequence was generated.</p>,Low risk,"<p>Not described but, based on study flow diagram, it would appear all sites allocated at one time.</p>",Unclear risk,"<p>No information on blinding of outcome assessors was provided in the paper, hence there is an unclear risk of detection bias.</p>",Low risk,<p>The number of cluster dropouts and reasons for withdrawal were similar across the two groups.</p>,Unclear risk,"<p>No protocol available, but outcomes are reported as prespecified in Methods.</p>",Low risk,<p>All hospitals were randomised into the study simultaneously and no patients appeared to have been recruited to the study after completion of randomisation.</p>,Low risk,<p>No baseline imbalances between groups were apparent.</p>,Low risk,"<p>It seems unlikely that control hospitals would receive the intervention, or that staff would overlap between intervention and control hospitals.</p>",Unclear risk,<p>The paper does not describe how clustering was accounted for in the analysis.</p>,Unclear risk,<p>Unclear risk across important domains</p>
Diamantouros 2017,Low risk,<p>Computer-generated random sequence</p>,Unclear risk,<p>Randomisation occurred in two phases.</p>,Low risk,<p>Data collected from chart review</p>,Low risk,<p>No loss of clusters</p>,Unclear risk,"<p>Retrospectively registered protocol; however, all outcomes reported</p>",Low risk,<p>No recruitment after randomisation</p>,Unclear risk,<p>Not reported</p>,Low risk,<p>Unlikely that the control group participants received intervention and the trial was designed to avoid this</p>,Low risk,<p>GEE used to account for clustering</p>,Low risk,<p>Low risk across most domains</p>
Dijkstra 2005,Unclear risk,<p>Not enough information provided</p>,Low risk,<p>Random allocation was done by a person outside the research group and concealed from the investigators until the start of the intervention.</p>,Low risk,<p>Laboratory results and medical records used for data collection</p>,High risk,<p>&gt; 10% lost in each arm</p>,Unclear risk,"<p>No protocol available, but outcomes are reported as prespecified in Methods.</p>",Low risk,<p>No recruitment after randomisation</p>,Low risk,<p>No significant differences between groups</p>,Low risk,<p>Unlikely that the control group participants received intervention and the trial was designed to avoid this</p>,Low risk,"<p>The Glimmix procedure (SAS 6.12), which controls for clustering effects, was used for the multilevel (hospital–physician–patient) logistic regression analysis.</p>",High risk,<p>Due to incomplete outcome data</p>
Dormuth 2012,Low risk,"<p>""Pairs of locations were randomised to heads or tails in spreadsheet"".<br>Unit of randomisation was the practice community.<br>Matched pairs (size, location, mix of practitioners)</p>",Low risk,"<p>Method of allocation is not described; however, based on the steps taken by the trialists to blind physician details, it is likely the study concealed allocation.</p>",Low risk,"<p>The outcome was extracted from prescription records and objective, therefore, not subject to bias if allocation was known by the assessor/s.</p>",Unclear risk,<p>There is no information about flow of study participants. It is not reported how many physicians were randomised.</p>,Unclear risk,"<p>There is no previously published protocol or trial registration. It is unclear if all preplanned outcomes were measured and reported as preplanned. The pilot study and other similar RCTs by the trialists differ in outcome/s reported (and exact nature of the intervention) so it is not possible, based on the available information, to judge that all expected outcomes were measured and reported in the expected manner here.</p>",Low risk,<p>Physicians were recruited and then the communities they worked in were randomised.</p>,Unclear risk,<p>All but one baseline characteristics are balanced between groups. It is unclear if this is an important characteristic that would affect the outcomes.</p>,Unclear risk,<p>It seems likely that the risk of contamination bias was reduced by randomising communities. It is not clear how much contact there was between the various community physicians.</p>,High risk,"<p>Data were adjusted to take physician variables into account. However, each practice was a cluster and the analysis was performed with the physician as the unit of analysis.</p>",High risk,<p>Due to incorrect analysis</p>
Dreischulte 2016,Low risk,"<p>Performed by a randomisation service and highly likely the method was adequate.<br>See appendix - ""Allocation of practices was independently carried out by the randomisation service provided by the UK Clinical Research Network registered Tayside Clinical Trials Unit. Recruited practices were stratified by list size tertile and randomly allocated within strata to one of 10 starting dates"".</p>",Unclear risk,"<p>Despite wording, it is unclear if clusters were actually aware of their allocation (intervention start date) beforehand.<br>See appendix - ""Due to the nature of the study, allocation concealment was not possible for practices (who received the intervention), the core research team (who delivered the intervention) or the trial analyst (since analysis requires knowledge of the date that each practice started the intervention).""</p>",Low risk,<p>Outcomes measures were recorded in medical records and unlikely to be recorded with bias.</p>,Low risk,<p>No practices withdrew/lost and all eligible patients included in outcome data</p>,Low risk,"<p>Trial registered and protocol described in detail in the supplementary appendix, and no obvious deviations from the study protocol found, hence, there is low risk of reporting bias.</p>",Low risk,<p>All clusters were recruited into the study as per the stepped-wedge design; there is low risk of recruitment bias.</p>,Low risk,"<p>Baseline data not presented, but data adjusted for baseline/pre-intervention period, so seems that imbalances would have been adjusted for</p>",Low risk,<p>Cluster design was chosen in order to avoid contamination.</p>,Low risk,<p>Clustering taken into account during analysis</p>,Low risk,<p>Low risk across all important domains</p>
Dudzinski 2016,Low risk,<p>A random number generator was used to generate the random sequence.</p>,Low risk,"<p>Not described, but based on study flow diagram, it is likely all clusters were allocated at the same time.</p>",Low risk,<p>Outcome assessors for classifying TTE were blinded to allocation.</p>,Low risk,"<p>There was only 1 withdrawal form the intervention group due to retirement from practice, hence, low risk of attrition bias</p>",Low risk,<p>Trial was registered and study protocol was found. Results for all prespecified outcomes were reported.</p>,Low risk,<p>Not applicable</p>,Low risk,<p>No baseline imbalance between groups</p>,Low risk,"<p>Although there was a possibility of contamination, this was not considered to be significant enough to influence the results in a tangible way.</p>",Low risk,<p>Not applicable</p>,Low risk,<p>Low risk across all important domains</p>
Eccles 2001,Low risk,<p>Random number table</p>,Low risk,"<p>Cluster trial, allocation after recruitment completed</p>",Low risk,<p>Radiology departments not aware of randomisation</p>,Low risk,<p>Minimal dropout</p>,Low risk,<p>Appropriate outcomes measured</p>,Low risk,<p>No new participants recruited after randomisation</p>,Unclear risk,<p>Unable to assess</p>,Low risk,<p>Randomised by practice</p>,Unclear risk,"<p>Although the study was a cluster-randomised trial, the main analysis was undertaken on summary statistics corresponding to the unit of randomisation, and clustering was not a problem.</p>",Low risk,<p>Low risk across all important domains</p>
Elouafkaoui 2016,Low risk,<p>Computer-generated randomisation</p>,Low risk,<p>Allocation by trial statistician at start of study</p>,Low risk,<p>The statistician was blinded to the identity of the practices.</p>,Low risk,<p>No missing data</p>,Low risk,<p>All outcomes reported</p>,Low risk,<p>No evidence of recruitment after randomisation</p>,Low risk,<p>Baseline characteristics and outcomes balanced between arms</p>,Low risk,<p>Cluster design to reduce contamination</p>,Low risk,<p>Clustering accounted for in analysis</p>,Low risk,<p>Low across all domains</p>
Eltayeb 2005,Unclear risk,<p>Unable to assess</p>,Unclear risk,<p>Unable to assess</p>,Unclear risk,<p>Unable to assess</p>,Unclear risk,<p>Unable to assess</p>,Unclear risk,<p>Unable to assess</p>,Unclear risk,<p>Not enough information</p>,Low risk,<p>See Table 2</p>,Low risk,<p>Health centres separate</p>,High risk,<p>Did not account for clustering</p>,High risk,<p>Due to incorrect analysis</p>
Estrada 2011,Unclear risk,<p>Method for sequence generation is not described.</p>,Low risk,<p>Physicians were randomised and allocated upon enrolment (visiting the website) and this was also concealed from investigators and statisticians.</p>,Low risk,<p>Physicians were masked to the arms of the trial and data abstraction of patient records was done blinded to allocation.</p>,Low risk,<p>Missing outcome data at follow-up appear balanced with reasons in the two arms and do not seem related to the intervention and outcomes.</p>,High risk,"<p>The secondary outcomes from the trial registration are different to the secondary outcomes described in this publication. The primary outcomes in the trial registration were also not defined, so it is unclear when the specific definition of each primary outcome was made.</p>",High risk,"<p>The non-random sampling of physicians may have introduced selection bias. Second, physicians were asked to provide records of consecutively seen patients, and while we were unable to monitor compliance with this request, the wide range of A1c, BP and LDL values suggests that not only well-controlled patients were selected, but poorly-controlled patients as well.</p>",Low risk,"<p>A few baseline imbalances were noted, but analysis was conducted adjusting for baseline covariates that differed.</p>",Low risk,"<p>Due to the cluster design of the study, only one physician from each practice participated in the trial, so there is little risk of control physicians receiving the intervention.</p>",Low risk,<p>Clustering was taken into account during analysis.</p>,High risk,<p>Due to selective outcome reporting and recruitment bias</p>
Everett 1983,Unclear risk,<p>Unable to assess</p>,Unclear risk,<p>Unable to assess</p>,Unclear risk,<p>Unable to assess</p>,Unclear risk,<p>Unable to assess</p>,Unclear risk,<p>Unable to assess</p>,Low risk,<p>No recruitment after randomisation</p>,High risk,<p>See Table 1</p>,Unclear risk,<p>Unable to assess</p>,High risk,<p>Student's t-test</p>,High risk,<p>Due to incorrect analysis and baseline imbalance</p>
Fabbri 2019,Low risk,<p>Computer-generated random sequence</p>,Low risk,"<p>As per flow chart, it is likely that allocation was done centrally at one time.</p>",Low risk,"<p>Fieldworkers  who collected data were masked to the group allocations of  the  clusters,  and  they  operated  independently  of  the  team who were involved in the delivery of the report card intervention.</p>",Low risk,<p>No loss of clusters; missing outcome data are balanced with reasons reported. ITT analysis used</p>,Unclear risk,<p>No protocol or trial registration; unclear reporting</p>,Low risk,<p>No evidence of recruitment after randomisation and allocation</p>,Low risk,"<p>The characteristics of women in the four treatment groups and in pairs of intervention groups at baseline are shown in table 1. Participants in the four groups were similar in age, caste, religion, and wealth. There were small differences in educational attainment and residence between groups. Across the groups, women also had similar maternal and neonatal health coverage indicators.<br><br>No important baseline differences between groups</p>",Low risk,"<p>Due to cluster design, contamination is unlikely.</p>",Low risk,<p>Clustering was taken into account in analysis.</p>,Low risk,<p>Low risk across all important domains</p>
Fairbrother 1999,Unclear risk,<p>Unable to assess</p>,Unclear risk,<p>Unable to assess</p>,Unclear risk,<p>Unable to assess</p>,Low risk,<p>Only one dropout</p>,Low risk,<p>Appropriate outcomes measured</p>,Low risk,"<p>No participants were enroled post-randomisation of clusters, hence, there is low risk of recruitment bias.</p>",High risk,<p>Rates of immunisation differ.</p>,Low risk,<p>Separate practices</p>,Low risk,<p>Logistic and linear regression and standard errors to correct for clustering</p>,High risk,<p>Due to baseline imbalances</p>
Feder 1995a,Unclear risk,"<p>Study authors say that practices were stratified by a number of factors and then randomised, but no information is provided on how the random sequence was generated or how the process was conducted.</p>",Unclear risk,<p>No information is provided on how practices were allocated to their respective treatment groups.</p>,Low risk,<p>No information is provided regarding blinding of the outcome assessors. Outcome data were obtained from the clinical records of a random sample of patients from each of the practices.</p>,Low risk,<p>None of the 24 practices were lost to follow-up after randomisation.</p>,Unclear risk,"<p>Outcomes reported as per methods, but no protocol means it is unclear if all preplanned outcomes have been reported.</p>",Low risk,<p>No evidence of recruitment after randomisation</p>,Low risk,"<p>As per table 1 p. 1474, the groups were fairly evenly balanced across a number of factors.</p>",Low risk,"<p>While two practices were registered as single-handed practices, this was due to the other partner not participating in the trial, so those partners would not have an effect on the trial and outcomes. It appears the trial kept track of all practice clinicians, so unlikely they would have worked across multiple sites.</p>",Unclear risk,<p>Not enough information</p>,Unclear risk,<p>Unclear risk across important domains</p>
Feder 1995b,Unclear risk,"<p>Study authors say that practices were stratified by a number of factors and then randomised, but no information is provided on how the random sequence was generated or how the process was conducted.</p>",Unclear risk,<p>No information is provided on how practices were allocated to their respective treatment groups.</p>,Low risk,<p>No information is provided regarding blinding of the outcome assessors. Outcome data were obtained from the clinical records of a random sample of patients from each of the practices.</p>,Low risk,<p>None of the 24 practices were lost to follow-up after randomisation.</p>,Unclear risk,"<p>Outcomes reported as per methods, but no protocol means it is unclear if all preplanned outcomes have been reported.</p>",Low risk,<p>No evidence of recruitment after randomisation</p>,Low risk,"<p>As per table 1 p. 1474, the groups were fairly evenly balanced across a number of factors.</p>",Low risk,"<p>While two practices were registered as single-handed practices, this was due to the other partner not participating in the trial, so those partners would not have an effect on the trial and outcomes. It appears the trial kept track of all practice clinicians, so unlikely they would have worked across multiple sites.</p>",Unclear risk,<p>Not enough information</p>,Unclear risk,<p>Unclear risk across important domains</p>
Ferguson 2003a,Unclear risk,<p>Unable to assess</p>,Low risk,<p>Cluster trial; allocation after recruitment completed</p>,Low risk,<p>Participants unaware</p>,Low risk,<p>Roughly equal dropouts in 3 groups</p>,Low risk,<p>Appropriate outcomes measured</p>,Low risk,"<p>No participants were enroled post-randomisation of clusters; hence, there is low risk of recruitment bias.</p>",Low risk,<p>Demographics similar in 3 groups</p>,Low risk,<p>Separate hospitals</p>,Low risk,<p>Hierarchical logistic regression with random effects to account for clustering</p>,Low risk,<p>Low risk across all important domains</p>
Ferguson 2003b,Unclear risk,<p>Unable to assess</p>,Low risk,<p>Cluster trial; allocation after recruitment completed</p>,Low risk,<p>Participants unaware</p>,Low risk,<p>Roughly equal dropouts in 3 groups</p>,Low risk,<p>Appropriate outcomes measured</p>,Low risk,"<p>No participants were enroled post-randomisation of clusters; hence, there is low risk of recruitment bias.</p>",Low risk,<p>Demographics similar in 3 groups</p>,Low risk,<p>Separate hospitals</p>,Low risk,<p>Hierarchical logistic regression with random effects to account for clustering</p>,Low risk,<p>Low risk across all important domains</p>
Fiks 2013,High risk,<p>A statistician (Dr Localio) generated the allocation sequence and implemented the randomisation. Actual randomisation process not described</p>,Low risk,<p>Allocation done centrally as it was done by a statistician.</p>,Low risk,"<p>While participants were not blind to their allocation, the recording of vaccination is objective and unlikely to be biased from knowledge of intervention.</p>",Low risk,<p>No practices were lost to follow-up. Balanced losses to follow-up in patient participants.</p>,Unclear risk,"<p>All specified outcomes are reported; however, vaccination rates were not specifically reported for each arm and only reported as hazard ratios (with two arms compared).</p>",Low risk,<p>All eligible patients included in study after clusters randomised to allocated intervention</p>,Low risk,<p>No baseline imbalances detected</p>,Low risk,"<p>Practices randomised, and unlikely contamination between groups</p>",Low risk,"<p>The study used ""Cox proportional hazard regression models accounting for the clustered design and including covariates"". No issues detected with cluster analysis</p>",High risk,<p>Due to random sequence generation</p>
Fiks 2017,Low risk,<p>Random sequence was generated by a statistician.</p>,Low risk,"<p>Statistician performed randomisation, so allocation was likely central. Based on study flow diagram, it is likely clusters were allocated at the same time.</p>",High risk,"<p>Assessors were not blinded and performed a manual chart review - bias could have affected outcomes reported. Consensus of reporting was necessary, implying some subjective judgements.</p>",Low risk,<p>No loss of practitioners reported. Numbers reported in results consistent with those randomised</p>,Unclear risk,<p>No protocol available to see if all preplanned outcomes were reported</p>,Low risk,<p>Recruitment occurred after randomisation.</p>,Low risk,"<p>Groups mostly balanced, and imbalances controlled for in analysis</p>",Low risk,<p>Allocation by cluster (e.g. practice) and it is unlikely that the control group received the intervention.</p>,Low risk,"<p>Results were also described by practice. To control for differences in patient and clinician covariates between study arms, we used&nbsp;separate logistic regression models for each outcome, with independent variables including study arm, time period (baseline versus intervention), and an interaction between study arm and time period. Models were adjusted for covariates as provider type. Statistical Analysis: The study population was described using means and standard deviations (SD) for continuous variables and frequencies with proportions for categorical variables. To evaluate the effect of the intervention on EBPs for ADHD, we calculated the proportion of patients in both study arms with parent and teacher rating scales sent and received during the baseline and intervention periods. We then calculated the percentage point change between periods within each arm, and the difference-in-difference between arms.&nbsp;</p>",High risk,<p>Due to blinding</p>
Filardo 2009,Unclear risk,<p>Unable to assess</p>,Low risk,"<p>Cluster trial, allocation after recruitment completed</p>",Unclear risk,<p>Unable to assess</p>,Low risk,<p>2 of 47 hospitals dropped out.</p>,Low risk,<p>Appropriate outcomes measured</p>,Low risk,"<p>No participants were enroled post-randomisation of clusters, hence there is low risk of recruitment bias.</p>",Unclear risk,<p>Unable to assess</p>,Low risk,<p>Separate hospitals</p>,Low risk,<p>Clustering accounted for in analysis</p>,Unclear risk,<p>Unclear risk across important domains</p>
Finkelstein 2001,Unclear risk,<p>No information about how the randomisation was done</p>,Unclear risk,<p>No details or study flow diagram to determine if clusters were likely allocated at the same time</p>,Low risk,<p>Knowledge of allocation would not influence the outcome data which were collected from claims data.</p>,Low risk,<p>All 12 practices that were randomised were also included in analysis.</p>,Unclear risk,<p>Outcomes reported as prespecified in methods but no protocol available</p>,Low risk,<p>Recruitment occurred before randomisation.</p>,Low risk,<p>Used pair-matched randomisation. Baseline differences accounted for in analysis</p>,Low risk,"<p>Hard to guess. Parents got educational materials, which might have been shared around. Physicians who got intervention might communicate with those who didn't. But risk of both seems low, so my guess would be that any significant contamination was unlikely.</p>",Low risk,<p>Clustering accounted for</p>,Unclear risk,<p>Unclear risk across important domains</p>
Foster 2007,Low risk,<p>Random number allocation</p>,Low risk,<p>Central randomisation</p>,Unclear risk,<p>Unable to assess</p>,High risk,<p>Lost half of intervention group</p>,Low risk,<p>Appropriate outcomes measured</p>,Low risk,"<p>No participants were enroled post-randomisation of clusters, hence, there is low risk of recruitment bias.</p>",Low risk,<p>See Table 1</p>,Low risk,<p>Practices separate</p>,Unclear risk,<p>Says clustering taken into account with analysis of covariance but few details were given</p>,High risk,<p>Due to incomplete outcome data</p>
Foy 2004,Low risk,<p>Randomised pairs by independent statistician</p>,Low risk,"<p>Cluster trial, allocation after recruitment completed</p>",Unclear risk,<p>Unable to assess</p>,Low risk,"<p>1 unit with no cases, otherwise complete data</p>",Low risk,<p>Appropriate outcomes measured</p>,Low risk,<p>No evidence of recruitment after randomisation</p>,Low risk,<p>See Table 1</p>,Low risk,<p>Separate hospitals</p>,Low risk,<p>Generalised estimating equations</p>,Low risk,<p>Low risk across all important domains</p>
Fretheim 2006,Low risk,<p>Random sequence was generated from computer software.</p>,Low risk,"<p>Allocation was concealed and provided by one central person. Authors ""gave her identification numbers representing each recruited practice, and she informed us whether the practice was allocated to the intervention or control group.""</p>",Low risk,<p>Investigators assessing outcomes and conducting analyses were blinded to the allocation of practices (p. 4).</p>,Low risk,"<p>3/73 and 4/73 practices in the intervention and control arm, respectively, were lost to follow-up for similar reasons. Response rate from patient questionnaires is similar between groups.</p>",Low risk,<p>All prespecified outcomes reported</p>,Low risk,<p>No clusters recruited after allocation. Patients were included on the basis of their eligibility for each outcome (data abstracted from medical records by blind investigators) and not actively recruited.</p>,Unclear risk,"<p>The trialists reported that ""the practices and patients in the intervention and control groups were similar with regards to baseline characteristics"", however, only one baseline characteristic was measured for health professionals and two baseline characteristics measured for patients. These do not appear to be enough to determine if there were baseline imbalances or not.</p>",Low risk,"<p>""We decided that randomizing practices rather than physicians or patients would be the most feasible design for practical reasons, and also the most appropriate to avoid contamination from the intervention to the control group."" (p. 2). Assuming that physicians did not work in more than one practice, the risk of bias is low.</p>",Low risk,<p>Data were adjusted for baseline differences and clustering effects.</p>,Low risk,<p>Unclear based on baseline imbalances and protection against contamination</p>
Frijling 2002,Low risk,"<p>Random number generator, blocks of 4</p>",Low risk,"<p>Quote ""person responsible for the randomization process was blind to identities"".</p>",High risk,<p>Physician report data</p>,Low risk,<p>3 practices lost to follow-up</p>,Low risk,<p>Appropriate outcomes measured</p>,Low risk,"<p>No participants were enroled post-randomisation of clusters, hence, there is low risk of recruitment bias.</p>",Low risk,<p>Table 1</p>,Low risk,<p>Separate practices</p>,Low risk,<p>Multilevel logistic regression</p>,High risk,<p>Due to blinding</p>
Frijling 2003,Low risk,"<p>Quote ""randomly allocated...random number generator""</p>",Low risk,"<p>Quote ""person responsible for the randomization process was blind to identities"".</p>",High risk,<p>Physician report data</p>,Low risk,<p>3 of 124 practices dropped out</p>,Low risk,<p>Appropriate outcomes measured</p>,Low risk,"<p>No participants were enroled post-randomisation of clusters, hence, there is low risk of recruitment bias.</p>",Low risk,<p>See Table 1</p>,Low risk,<p>Separate practices</p>,Low risk,<p>Multilevel logistic regression</p>,High risk,<p>Due to blinding</p>
Fuller 2012,Low risk,<p>Random sequence was generated from computer software.</p>,Low risk,<p>Clusters were allocated at the same time.</p>,Low risk,<p>Hand hygiene was measured by covert direct observation by an observer blinded to ward allocation or randomisation of the intervention.</p>,Low risk,"<p>60 study wards in the 16 randomised hospitals, of which 33 (22 ACE and 11 ITU) in 13 hospitals went on to implement the intervention.<br>Eight wards began implementation very late, and for these the end of the trial was extended to December 31st 2009 to ensure that they had a year of data collection post-implementation.<br>Intention-to-treat analysis was conducted for the 60 wards randomised into the intervention, and per-protocol analysis was performed for the 33 implementing wards.</p>",Low risk,"<p>""There was a predefined protocol (www.idrn.org/nosec.php) which was followed except for three violations. Firstly, it was not possible to perform the MRSA prevalence screening. Secondly, a questionnaire measuring ward culture was filled out by so few nurses that this was dropped from the protocol. Thirdly, delayed Research and Development registration shortened the baseline pre-randomisation phase from twelve months to nine in the first hospitals randomised to the intervention. Both the protocol and supporting CONSORT checklist are available as supporting information: see Protocol S1 and Checklist S1).""</p>",Low risk,"<p>Hospitals were recruited and then randomised to enter the intervention, so low risk of recruitment bias</p>",Low risk,"<p>In the stepped-wedge design, participating wards act as their own control, so risk of bias due to baseline imbalance is low.</p>",Low risk,<p>Risk of bias due to contamination was minimised due to clustering and hospitals were only aware of their own time of randomisation into the intervention.</p>,Low risk,"<p>Generalised linear mixed (multilevel) models were used to analyse the data. The model takes into account the hierarchical nature of the design (measurements nested within hospitals, and, if appropriate, hospitals within trusts).</p>",Low risk,<p>Average of all 'other' biases</p>
Ganz 2005,Unclear risk,<p>Method of random sequence generation is not reported.</p>,Low risk,<p>Clusters were allocated at the same time.</p>,Low risk,"<p>Unclear if abstractors were blind, but outcomes were abstracted from audit of medical charts (and discrete options), and abstractors were trained and ""Over-reads were done for each reviewer until there was a 100% match between reviewer and research staff chart review forms"". Unlikely that bias was introduced in outcome assessment</p>",Low risk,"<p>2/19 POs in the intervention group and 1/17 POs in the control group dissolved (balanced and unlikely to be due to the intervention and outcome). 1/19 PO in the intervention group refused chart review. There is no further explanation, but it does not appear to be substantial enough to introduce bias (5% of POs) in the outcome data.</p>",Low risk,<p>All expected outcomes included in the methods were reported: patient and PO characteristics; rate of CRC with any test; rate of ever had test within guidelines; comparison of rates between intervention and control; logistic regression model</p>,Low risk,<p>There is no evidence of recruitment after randomisation and allocation.</p>,High risk,<p>There were some significant baseline imbalances between groups in sampled patients and potentially some differences in mean number of PCPs in POs.</p>,Unclear risk,<p>Unclear if there was potential for staff in POs to be involved with more than one PO</p>,High risk,"<p>The analyses for most outcomes, including comparisons of the rate of testing in intervention and control POs do not account for clustering of the data except for in the logistic regression - in which data that account for clustering are not shown.</p>",High risk,<p>Baseline imbalance and incorrect analysis judged as high risk; protection against contamination judged as unclear risk</p>
Geary 2019,Low risk,<p>Lottery method was used for randomisation.</p>,Unclear risk,<p>No details or study flow diagram for clusters to determine if they were likely all allocated at the same time</p>,Unclear risk,<p>Outcomes assessment not clearly reported but likely unblinded. Unclear on the process of recording medication dispensation and whether this could be biased</p>,Low risk,"<p>6/104 intervention groups and 1/103 control groups excluded with reasons provided. These are not related to the intervention, and attrition is still reasonably balanced.</p>",Low risk,<p>Outcomes consistent with registered protocol NCT01942031</p>,Low risk,<p>No evidence of recruitment after randomisation and allocation</p>,Low risk,"<p>Some baseline imbalances reported, but data were adjusted for baseline characteristics, so likely low risk</p>",Low risk,"<p>Due to cluster design, contamination is unlikely.</p>",Unclear risk,<p>No information about adjusting for clustering</p>,Unclear risk,<p>Unable to assess bias in important domains</p>
Gerber 2014,Low risk,"<p>Not specifically reported, but a statistician performed randomisation, so it is likely an adequate method was used</p>",Low risk,<p>Statistician performed randomisation centrally.</p>,Low risk,<p>Data collected from routine electronic medical records; unlikely for bias to be introduced</p>,Low risk,"<p>No practices lost to follow-up; 81/84 clinicians in each arm analysed, which is balanced and not significant</p>",Low risk,<p>Results reported as in methods and trial registration</p>,Low risk,<p>Unlikely participants/clusters recruited to the trial after clusters randomised</p>,Low risk,<p>Similar at baseline or adjusted for in analysis</p>,Low risk,<p>Clinics randomised to avoid contamination</p>,Low risk,<p>Clustering taken into account</p>,Low risk,<p>Low risk across all domains</p>
Gilkey 2014,Unclear risk,<p>Randomisation process not well described</p>,High risk,<p>Allocation performed by author</p>,Low risk,<p>Data were extracted from the North Carolina Immunization Registry</p>,Low risk,<p>No losses reported</p>,Low risk,<p>Prospectively registered protocol; all outcomes reported</p>,Low risk,<p>No evidence of recruitment after randomisation and allocation</p>,Low risk,"<p>See table 1, characteristics and outcomes balanced between groups</p>",Low risk,<p>Cluster design means contamination is unlikely.</p>,Low risk,<p>Clustering taken into account</p>,High risk,<p>Due to allocation concealment</p>
Gilkey 2019,Unclear risk,<p>Not enough information to determine sequence generation</p>,Low risk,"<p>As per flow chart, allocation was likely done at one time, centrally</p>",Low risk,<p>Outcomes assessment (electronic medical records) unlikely to be biased even with knowledge of allocation</p>,Low risk,"<p>Primary analysis used ITT, and sensitivity analysis was also performed with ""questionable"" data collection excluded.</p>",Unclear risk,<p>No protocol or trial registration to check against. Appears to be complete reporting from what is provided</p>,Low risk,<p>No evidence of recruitment after randomisation and allocation</p>,High risk,<p>Vaccination coverage higher in the intervention group at baseline - this could affect results of the QI program.</p>,Low risk,<p>Allocation to intervention or control was by cluster and involved attendance at training sessions as well as assessment - so unlikely that physicians in the control (waiting-list) group received the intervention</p>,Low risk,<p>Analysis accounted for clusters</p>,High risk,<p>Baseline imbalance judged to be high risk</p>
Gjelstad 2013,Unclear risk,<p>Method of sequence generation is unclear.</p>,Low risk,"<p>Though not explicitly described, it appears all practices were allocated at one time.</p>",Low risk,"<p>Doctors in both arms received an intervention, so it is unlikely they knew which behaviour the trial was targetting. Outcome measures are collected from patient records and not likely subject to bias by abstractors (whether they knew allocation or not).</p>",Low risk,<p>Incomplete data from dropouts appear balanced between groups and reasons do not appear to suggest risk of bias from intervention and to outcomes.</p>,Low risk,<p>Outcomes align with reported outcomes in the study protocol.</p>,Low risk,"<p>The randomisation was stratified by five geographical regions to reconcile the number of available peer academic detailers&nbsp;needed in each arm of the study within each region. Within each stratum, the continuing medical education group number and&nbsp;the type of intervention were drawn separately by staff not&nbsp;engaged in the project. After the randomisation, each member of the continuing medical education groups gave written consent to participate in the study.&nbsp;</p>",Low risk,<p>No important differences in outcomes or characteristics across study groups were present.</p>,Unclear risk,<p>Professionals were allocated within a geographical region and it is possible that communication between intervention and control professionals could have occurred (unclear if it was possible or not).</p>,Low risk,<p>Data were adjusted for covariates.</p>,Low risk,<p>Low risk across most domains</p>
Goderis 2010,Low risk,<p>Computer-generated randomisation</p>,Low risk,<p>Clusters were likely allocated at one time.</p>,High risk,"<p>Main outcomes were at patient level using blood analyses and blood pressures, with the latter outcome subject to risk of bias due to knowledge of the intervention.</p>",High risk,"<p>18 physicians in UQIP and 4 physicians in AQIP dropped out after allocation and before intervention (significant difference); a further 2 UQIP physicians dropped out after the intervention (non-significant difference). Analysis was described as ITT, but trialists only analysed practices that remained.</p>",Low risk,<p>Results are reported consistent with the published protocol.</p>,Low risk,<p>Central recruitment done before trial commenced</p>,Low risk,"<p>Baselines appeared balanced, and they used pairwise randomisation.</p>",Low risk,"<p>Both arms received same basic programme. The intervention arm got extra stuff, like educational intervention about SDM and patient-centred comms. Even if people in the arm did communicate with control, it seems unlikely this material could easily be shared to contaminate trial.</p>",Low risk,<p>Taken into account in analysis</p>,High risk,<p>Based on blinding and incomplete outcome data</p>
Goff 2003,Unclear risk,<p>Unable to assess</p>,Low risk,<p>Cluster trial; allocation after recruitment completed</p>,Low risk,<p>Administrative databases used for data collection</p>,Low risk,<p>Similar numbers of dropouts in both groups due to closings</p>,Low risk,<p>Appropriate outcomes measured</p>,Low risk,<p>No recruitment after allocation</p>,Low risk,<p>Patient groups comparable at baseline</p>,Low risk,<p>Practices separate</p>,Low risk,<p>Generalised estimating equations</p>,Low risk,<p>Low risk of bias across all important domains</p>
Goldberg 1998,Unclear risk,<p>15 small group practices of providers and patients were randomised in blocks.<br>Unclear how randomisation was determined</p>,Unclear risk,<p>No details or study flow diagram to determine allocation concealment of clusters</p>,High risk,"<p>Not addressed and used a mixture of chart audit and patient survey. Likely that bias could be introduced in outcome assessment, since it is likely allocations were known</p>",Unclear risk,<p>Flow of participants not clearly reported and difficult to determine missing outcomes per arm</p>,Unclear risk,<p>No protocol or trial registration</p>,Unclear risk,<p>Unclear the number of providers per group and when the randomisation occurred and if anyone came later</p>,Low risk,<p>No differences in practitioners between groups at baseline. Only difference was in the percentage of males in patients</p>,Unclear risk,"<p>Practices randomised, but multiple practices at one clinical site may have been randomised to different groups and unclear if there is any interaction between these</p>",Low risk,"<p>The primary study analysis was carried out across clinics at the level of the group practice, the unit of randomisation to study arms</p>",High risk,<p>Due to blinding</p>
Gonzales 2013,Unclear risk,<p>Method of random sequence generation is not reported.</p>,Low risk,"<p>No details but, based on study flow diagram, it is likely clusters were allocated at the same time.</p>",Low risk,<p>All office visits and prescription data were extracted from the electronic health record system by individuals who were unaware of the group allocation of the study site.</p>,Low risk,"<p>Although it is not clearly described, there does not appear to be any loss of clusters in any of the groups at the end of the intervention period.</p>",Low risk,<p>Study protocol available. The proposed outcomes match the outcomes reported in the published full text.</p>,Low risk,<p>Practices were selected prior to randomisation.</p>,Unclear risk,<p>Baseline characteristics of practices and physicians are not reported.</p>,Low risk,"<p>The cluster design reduces the risk of contamination between groups. The study area was quite large, so it is unlikely that there was contamination between clusters.</p>",Low risk,<p>Analyses were adjusted for clustering.</p>,Unclear risk,<p>Unclear due to baseline imbalances and random sequence generation</p>
Grady 1997,Low risk,<p>Computer-generated randomisation</p>,Unclear risk,<p>Unable to assess</p>,Unclear risk,<p>Unable to assess</p>,Low risk,<p>87% follow-up of physicians</p>,Low risk,<p>Appropriate outcomes measured</p>,Low risk,"<p>No participants were enroled post-randomisation of clusters, hence, there is low risk of recruitment bias.</p>",Unclear risk,<p>Unable to assess</p>,Low risk,<p>Separate practices</p>,Unclear risk,<p>Repeated measures ANOVA</p>,Unclear risk,<p>Unable to assess bias&nbsp;</p>
Guadagnoli 2000,Unclear risk,<p>Unable to assess</p>,Low risk,<p>Cluster trial; allocation after recruitment completed</p>,Unclear risk,<p>Unable to assess</p>,Low risk,<p>All hospitals with at least 7 cases participated in follow-up.</p>,Low risk,<p>Appropriate outcomes measured</p>,Low risk,<p>No evidence of recruitment after randomisation and allocation</p>,Unclear risk,<p>Unable to assess</p>,Low risk,<p>Separate hospitals</p>,High risk,<p>Wilcoxon Rank Sum test</p>,High risk,<p>High due to incorrect analysis</p>
Gude 2016a,Low risk,<p>Computer-generated random sequence</p>,Low risk,<p>Concealment occurred in the initial enrolment and allocation</p>,Low risk,<p>Outcome assessment unlikely to be biased as both arms receiving intervention and data collected from electronic records</p>,Unclear risk,<p>Incomplete outcome data are not clearly reported.</p>,Low risk,<p>Reported in line with trial registration and published protocol</p>,Low risk,<p>Allocation concealed to those enroling centres; no centres enroled later</p>,Low risk,"<p>Baseline characteristics similar between groups, except for type of centre which was controlled for in analysis</p>",Low risk,"<p>Due to cluster design, contamination is unlikely.</p>",High risk,<p>No reporting of taking clustering into account for analysis</p>,High risk,<p>Incorrect analysis judged to be high risk</p>
Gude 2016b,Low risk,<p>Computer-generated random sequence</p>,Low risk,<p>Concealment occurred in the initial enrolment and allocation</p>,Low risk,<p>Outcome assessment unlikely to be biased as both arms receiving intervention and data collected from electronic records</p>,Unclear risk,<p>Incomplete outcome data are not clearly reported.</p>,Low risk,<p>Reported in line with trial registration and published protocol</p>,Low risk,<p>Allocation concealed to those enroling centres; no centres enroled later</p>,Low risk,"<p>Baseline characteristics similar between groups, except for type of centre which was controlled for in analysis</p>",Low risk,"<p>Due to cluster design, contamination is unlikely.</p>",High risk,<p>No reporting of taking clustering into account for analysis</p>,High risk,<p>Incorrect analysis judged to be high risk</p>
Guldberg 2011,Low risk,<p>Computer-generated random sequence</p>,High risk,<p>No allocation concealment</p>,Low risk,<p>Unlikely to influence the biologic measures used</p>,Low risk,<p>Low risk of attrition bias as intention-to-treat analysis was performed. Further analysis after removing the 25 practices showed no significant change in results.</p>,Unclear risk,<p>The trial was not registered and no study protocol was found.</p>,Low risk,<p>No recruitment after allocation</p>,Low risk,<p>Baseline appears balanced.</p>,Low risk,<p>Cluster design means contamination is unlikely.</p>,Low risk,<p>Clustering was accounted for in the analysis which was done at the practice level.</p>,High risk,<p>Due to allocation concealment</p>
Gulliford 2019,Low risk,<p>Computer-generated random sequence</p>,Low risk,<p>Allocation performed centrally at one time</p>,Unclear risk,<p>Potentially outcome assessment may be differentially recorded at different sites.</p>,Low risk,"<p>Similar number of withdrawals from both groups for similar reasons, hence, there is a low risk of attrition bias.</p>",Low risk,<p>The trial was registered and protocol published; all deviations from the protocol were clearly outlined in the paper.</p>,Low risk,<p>No information on participants being recruited to the trial after randomisation had taken place</p>,Low risk,<p>No obvious baseline differences between groups</p>,Low risk,"<p>Due to cluster design, contamination is unlikely. Authors note both trial arms may have been contaminated by a system-wide initiative, but this would not be differential between arms. ""The NHS introduced an incentive known as the ‘Quality Premium’ to encourage reduced antibiotic utilisation. Antimicrobial stewardship interventions became available from a number of national and local sources. Perhaps as a result of some of these interventions, the English Surveillance Programme for Antimicrobial Utilisation and Resistance (ESPAUR) found that there was a 13% decrease in the number of antibiotic prescriptions dispensed from GP settings between 2012 and 2016. These system-wide interventions will have ‘contaminated’ both trial arms of the study. It is possible that a greater intervention effect might have been observed in their absence.""</p>",Low risk,"<p>Cluster-level analysis was originally planned, but deviations made with explanations. Cluster-level analysis was still performed as secondary analysis</p>",Low risk,<p>Low risk across all important domains</p>
Gullion 1988,Low risk,"<p>Quote: ""Stratified random assignment""</p>",Unclear risk,<p>Unable to assess</p>,Low risk,"<p>Quote: ""medical abstractors, blinded to conditions""</p>",Low risk,<p>Minimal number (5/111) lost to follow-up and at least one from all 4 groups</p>,Low risk,<p>Appropriate outcomes measured</p>,Low risk,"<p>No participants were enroled post-randomisation of clusters, hence, there is low risk of recruitment bias.</p>",Low risk,"<p>Patients comparable at baseline, see Table 3</p>",Unclear risk,<p>Unable to assess</p>,Unclear risk,<p>ANCOVA was used but few details given</p>,Low risk,<p>Low risk across most domains</p>
Guthrie 2016,Low risk,<p>A random number generator was used to generate the random sequence.</p>,Low risk,"<p>Allocation of practices to the three arms was conducted by an independent unit and concealed from project teams, hence, there is a low risk of selection bias.</p>",Low risk,"<p>As the outcomes were measured using routinely recorded data which could not be influenced by the research team, hence, there is a low risk of detection bias.</p>",Low risk,<p>The Consort flow diagram showed that number of withdrawals (2 in one arm and 1 each in the other 2 arms) and reasons for withdrawal (practice split/merge) were similar across all three arms.</p>,Low risk,<p>All prespecified outcomes are reported.</p>,Low risk,<p>All practices were recruited at the same time and no patients were enroled in the study after randomisation; there is low risk of recruitment bias.</p>,Low risk,"<p>Though not explicitly reported, baseline appears balanced. Analyses adjusted for health board and high risk prescribing at baseline</p>",Low risk,"<p>Practices were the unit, so contamination unlikely</p>",Unclear risk,<p>Unclear about adjusting for clustering</p>,Low risk,<p>Low risk across most important domains</p>
Hallsworth 2016,Low risk,<p>Eligible practices were randomly assigned (1:1) into two groups by a computer-generated allocation sequence.</p>,Low risk,"<p>As all GP practices were randomised at the same time, there is low risk of bias due to allocation concealment.</p>",Low risk,"<p>The outcomes are from audit data and unlikely to be subject to bias when extracted by study personnel. Physicians were also unaware of the trial despite being aware of their intervention, thus it is unlikely there would be bias introduced into recording antibiotic prescriptions.</p>",Low risk,"<p>See figure 1, less than 10% lost in each arm</p>",Low risk,<p>Trial was registered and a change from the protocol to the secondary outcome was justified in the results paper.</p>,Low risk,<p>No evidence of recruitment bias</p>,Low risk,<p>Outcomes and characteristics appear similar between arms.</p>,Low risk,"<p>Due to clustering, unlikely contamination</p>",Low risk,<p>Clustering taken into account</p>,Low risk,<p>Low risk across all domains</p>
Harris 2013,Low risk,<p>It appears that there has been a random sequence allocation generator.</p>,Low risk,<p>Physicians were randomly allocated to treatment group by the Coordinating Centre.</p>,Unclear risk,"<p>It is unclear how the primary outcome (physician's insulin prescribing rate (IPR), the number of insulin starts per the 12-month intervention of insulin-eligible patients) was assessed (i.e. chart review or questionnaire) so the risk of detection bias is unclear. Secondary clinical outcome data were extracted from data from the audit of consenting patients' charts so are less likely to be affected by risk of detection bias.</p>",Low risk,<p>154 randomised; 151 included in analysis (2 lost from intervention group and 1 lost from control group) - very small loss to follow-up</p>,Low risk,"<p>Other than modifications to the recruitment, it appears the study aligns with the trial registration: https://clinicaltrials.gov/ct2/show/NCT00593489.</p>",Low risk,<p>No evidence of recruitment bias</p>,High risk,"<p>Intervention physicians were older, saw more patients per day, had been in practice longer and had lower level of diabetes-related CME attendance.</p>",Unclear risk,<p>Not clear if physicians worked in the same facilities</p>,Low risk,<p>Analysis at cluster level</p>,High risk,<p>Due to baseline imbalance</p>
Harris 2015,Low risk,<p>Computer-generated randomisation sequence was used.</p>,Low risk,"<p>From protocol: ""Randomisation will be conducted centrally, after completion of the baseline general practice and practice nurse (PN) surveys, by one of the investigators, a statistician not involved in the data collection or intervention (UJ)""<br><br>Randomisation and subsequent allocation were performed centrally and allocation was concealed.</p>",High risk,"<p>Practices were aware of their allocation. As there is an element of self-reporting in some of the outcomes, it is possible that these are subject to bias.</p>",Low risk,"<p>The protocol described that the analysis would use ITT; however, in this publication, the analysis excluded practices before baseline data collection (1/16 intervention practices and 1/16 control practices, due to reasons that do not appear to be related to outcomes) and due to data collection issues (3/16 control practices only). The reasons for more control clusters lost do not appear to be related to the intervention and outcomes.</p>",Low risk,"<p>Though the outcomes are arranged differently to the previously published protocol, it appears all the important outcomes are reported.</p>",Low risk,<p>Unlikely that physicians were recruited to the trial after randomisation.</p>,Low risk,"<p>There were no significant differences between intervention and control groups with respect to gender or in the number of practices that had staff aged 55 years or older, or those who had been working in general practice for 10 or more years. There were significant differences in the years in general practice and years working at the enroled practice (which was longer for the control group; <a type=""EXTERNAL"" href=""https://bmjopen.bmj.com/content/5/12/e009397#T1"">table 1</a>).</p>",Low risk,<p>Allocation was by practice and unlikely that the control group received the intervention</p>,Low risk,<p>Analysis adjusted for clustering at patients within practice level</p>,High risk,<p>Due to blinding</p>
Hayashino 2016,Low risk,<p>The method of sequence generation was adequate to ensure randomisation.</p>,Low risk,"<p>Allocation to groups seems to have been concealed from study personnel, and all clusters were randomised to the two groups at the same time, hence, there is low risk of selection bias.</p>",Low risk,"<p>Clinicians were aware of allocation, but recording in medical records was unlikely to be biased. Patient outcomes were collected by research personnel and also unlikely to be biased.</p>",Low risk,<p>Incomplete data appear balanced between groups and do not appear to be affected by the intervention or influencing the outcomes.</p>,Low risk,<p>Trial was registered and protocol was published; there were no deviations from the protocol and results for all prespecified outcomes were published.</p>,Low risk,<p>Unlikely that recruitment happened after randomisation</p>,Low risk,"<p>Since multinomial logistic regression was used to adjust for categorical confounders, it is likely that the baseline difference in diabetic medication use between the two groups was adjusted for in the analysis.</p>",Low risk,"<p>It appears there is low risk of bias due to contamination between groups, as the authors have stated it as one of the strengths of this study.</p>",Low risk,<p>The effects of clustering were accounted for in the data analysis.</p>,Low risk,<p>Low risk across all domains</p>
Hayes 2001,Low risk,<p>Random number table</p>,Low risk,<p>Cluster trial; allocation after recruitment completed</p>,Low risk,"<p>Quote: ""Abstractors were not informed of the hospital's intervention status.""</p>",Low risk,<p>Only one of 29 hospitals dropped out.</p>,Low risk,<p>Appropriate outcomes measured</p>,Low risk,"<p>No participants were enrolled post-randomisation of clusters, hence, there is low risk of recruitment bias.</p>",Low risk,<p>See Table 1</p>,Low risk,<p>Separate hospitals</p>,Low risk,<p>Chi-square adjusted for clustering</p>,Low risk,<p>Low risk of bias across all important domains</p>
Hayes 2002,Unclear risk,<p>Unable to assess</p>,Low risk,"<p>Cluster trial, allocation after recruitment completed</p>",Unclear risk,<p>Unable to assess</p>,Low risk,<p>Minimal number lost to follow-up</p>,Low risk,<p>Appropriate outcomes measured</p>,Low risk,<p>No recruitment after randomisation</p>,Unclear risk,<p>Unable to assess</p>,Low risk,<p>Separate hospitals</p>,Low risk,<p>Generalised estimating equations</p>,Unclear risk,<p>Unclear risk in all important domains</p>
Hemkens 2017,Low risk,<p>Computer-generated random sequence</p>,Low risk,<p>Allocation to groups was performed by an independent researcher and seemed to be done at one time.</p>,Low risk,<p>There is a low risk of detection bias as outcome assessors were blinded to the groups' status.</p>,Low risk,<p>Low risk of attrition bias as withdrawals and reasons for withdrawals were similar across groups. Both ITT and PP analyses were performed.</p>,Low risk,<p>The trial was registered and study protocol was published; there were no changes from the protocol.</p>,Low risk,<p>No active recruitment as all eligible physicians were included in the study without knowledge</p>,Low risk,<p>Baseline is balanced.</p>,Low risk,"<p>Due to the cluster design of the trial, it is unlikely that control sites received the intervention.</p>",Low risk,<p>Clustering was taken into account for analysis.</p>,Low risk,<p>Low risk across all domains</p>
Hemminiki 1992,Unclear risk,<p>Unable to assess</p>,Low risk,<p>Cluster trial; allocation after recruitment completed</p>,Low risk,<p>Data collected from registers</p>,Low risk,<p>Data on 48 of 52 hospitals</p>,Low risk,<p>Appropriate outcomes measured</p>,Low risk,"<p>No participants were enroled post-randomisation of clusters, hence, there is low risk of recruitment bias.</p>",Unclear risk,<p>Unable to assess</p>,Low risk,<p>Separate hospitals</p>,Unclear risk,"<p>Not clear what the analysis was, if any</p>",Low risk,<p>Low risk across most important domains</p>
Hendryx 1998,Unclear risk,<p>Unable to assess</p>,Low risk,"<p>Cluster trial, allocation after recruitment completed</p>",Unclear risk,<p>Unable to assess</p>,Low risk,<p>All hospitals followed up</p>,Low risk,<p>Appropriate outcomes measured</p>,Low risk,"<p>No participants were enroled post-randomisation of clusters, hence, there is low risk of recruitment bias.</p>",Unclear risk,<p>Unable to assess</p>,Low risk,<p>Separate hospitals</p>,High risk,<p>No adjustments done</p>,High risk,<p>Due to incorrect analysis</p>
Herbert 2004,Low risk,<p>Appears random with matching</p>,Low risk,<p>Cluster trial; allocation after recruitment completed</p>,Low risk,<p>Arbitrary codes used for labelling</p>,Low risk,<p>See Figure 1</p>,Unclear risk,<p>Unable to assess</p>,Low risk,"<p>No participants were enroled post-randomisation of clusters, hence, there is low risk of recruitment bias.</p>",Unclear risk,<p>Unable to assess</p>,Low risk,<p>Separate hospitals</p>,Low risk,<p>Clustering accounted for in analysis</p>,Low risk,<p>Low risk across most important domains</p>
Hermans 2013,Low risk,<p>A computer program was used to generate randomisation sequence.</p>,Low risk,<p>Randomisation sequence was generated centrally and appears to be concealed until assignment.</p>,Low risk,"<p>The majority of outcomes are laboratory tests which would not be subject to bias even if allocation was known. For other outcomes, e.g. provision of dietary advice (which would be self-recorded by physicians), it is unlikely that knowledge of allocation would bias these outcomes as physicians in both arms were receiving feedback and may not be aware if they were in the intervention or control arm.</p>",Unclear risk,<p>Missing outcome data are not described with reasons to assess whether they were balanced between groups (only total missing data reported).</p>,Low risk,<p>All outcomes specified in the trial registration were reported.</p>,Low risk,<p>There is no evidence of sites being recruited after randomisation and allocation.</p>,Low risk,<p>Baseline characteristics and outcomes data appear similar between groups. Confounding variables were also taken into account in the models for analysis.</p>,Low risk,"<p>Due to the cluster design of the trial, it is unlikely that control sites received the intervention.</p>",Low risk,<p>Clustering was taken into account for analysis.</p>,Low risk,<p>Low risk across most domains</p>
Herrin 2006,Unclear risk,<p>Unable to assess</p>,Low risk,<p>Performed on all units at start</p>,Unclear risk,<p>Unable to assess</p>,Low risk,<p>See Figure</p>,Low risk,<p>Appropriate outcomes measured</p>,Low risk,"<p>No participants were enroled post-randomisation of clusters, hence, there is low risk of recruitment bias.</p>",Low risk,<p>See Table 1</p>,Low risk,<p>Separate practices</p>,Low risk,<p>Clustering accounted for in analysis</p>,Unclear risk,<p>Unable to assess risk in important domains</p>
Hillman 1998,Low risk,<p>Stratified randomisation</p>,Low risk,<p>Cluster trial; allocation after recruitment completed</p>,Unclear risk,<p>Unable to assess</p>,Low risk,<p>Data collected from all sites</p>,Low risk,<p>Appropriate outcomes measured</p>,Low risk,<p>No recruitment after randomisation</p>,Unclear risk,<p>Unable to assess</p>,Low risk,<p>Separate sites</p>,High risk,<p>Clustering was not taken into account in the analysis.</p>,High risk,<p>Due to incorrect analysis</p>
Hillman 1999,Unclear risk,<p>Unable to assess</p>,Unclear risk,<p>Unable to assess</p>,Unclear risk,<p>Unable to assess</p>,Low risk,<p>No missing data</p>,Low risk,<p>All outcomes reported</p>,Unclear risk,<p>Unable to assess</p>,High risk,<p>Significant differences in baseline characteristics and outcomes between arms</p>,Low risk,<p>Randomised by site; contamination unlikely</p>,High risk,<p>Clustering not accounted for in analysis</p>,Unclear risk,<p>Due to randomisation sequence generation and allocation concealment</p>
Hocking 2018,Low risk,<p>Computer-generated random sequence</p>,Low risk,<p>Central allocation</p>,Low risk,<p>Labs assessing outcome measure not aware of allocation</p>,Low risk,<p>ITT analysis used</p>,Low risk,<p>Reported according to methods and protocol</p>,High risk,<p>New clinics/GPs in towns were recruited after randomisation.</p>,Low risk,<p>Similar baseline between the groups and analyses also adjusted for baseline imbalances</p>,Low risk,<p>Unlikely contamination between towns</p>,Low risk,<p>Analysis adjusted for clustering</p>,High risk,<p>Recruitment bias judged to be high</p>
Hogg 2008,Low risk,<p>Matched randomisation using statistical package</p>,Low risk,<p>Allocation sequence unavailable until assignment</p>,Low risk,"<p>Physicians unaware of exact outcomes, and data collection/analysis performed by personnel unaware of allocation</p>",Low risk,<p>Results reported for all included clinics</p>,Unclear risk,"<p>Analysis plan inadequately described, and no protocol, so unclear whether selective outcome reporting occurred</p>",Unclear risk,"<p>There was no explicit description of randomisation occurring only at one point or before the trial commenced. Reading between the lines, it is likely that both were the case, but I can't quite be sure.</p>",Unclear risk,<p>Differences in 2 domains; these don't appear to have been accounted for in analysis</p>,Low risk,<p>Contamination unlikely as randomisation occurred at practice level.</p>,Unclear risk,<p>No mention of adjusting analysis for clusters was made.</p>,Low risk,<p>Due to baseline imbalance and incorrect analysis</p>
Holm 1990,Low risk,"<p>""Drawing lots"" used as method of randomisation</p>",Low risk,<p>Cluster trial; allocation after recruitment completed</p>,Unclear risk,<p>Unable to assess</p>,Low risk,<p>Minimal number of dropouts</p>,Low risk,<p>Appropriate outcomes measured</p>,Low risk,<p>No recruitment after randomisation</p>,Low risk,<p>See Table 1</p>,Low risk,<p>Separate practices</p>,High risk,<p>Clustering not taken into account</p>,High risk,<p>Due to incorrect analysis</p>
Horbar 2004,Low risk,<p>Randomisation was achieved using computer program</p>,Low risk,<p>Enroled hospitals were allocated to treatment arm at one time point and after enroling in the study.</p>,Unclear risk,<p>Unclear if some outcome measures could be subject to bias in recording (e.g. timing) as doctors were not blind to their allocation</p>,Low risk,"<p>There does not appear to be any missing data at the patient level, and there was no attrition of clusters.</p>",Low risk,<p>All prespecified outcomes appear to have been reported.</p>,Low risk,<p>It appears all recruited hospitals were randomised and allocated at one time. There is no evidence of enroling more sites after randomisation.</p>,Low risk,<p>As per annotation</p>,Unclear risk,"<p>While treatment was allocated at the hospital level, it is unclear whether clinicians travelled between hospitals. It is unclear whether the researchers attempted to control for potential contamination.</p>",Low risk,<p>Analyses appear to adequately control for clustering of data.</p>,Low risk,<p>Low across most domains</p>
Houston 2015,Low risk,<p>(See Houston 2010). Online randomisation table developed by statisticians was used.</p>,Low risk,"<p>(See Houston 2010) Allocation was managed centrally by two statisticians, and allocation of clusters was automatically done when the first provider in a cluster registered; therefore, performed centrally and concealed.</p>",Low risk,"<p>While some measures were objective, others were self-reported by patients (e.g. smoking cessation). However, practices were unaware of the three trial arms and patients were unaware of the intervention allocated, so risk of bias for outcome assessment is low.</p>",Low risk,"<p>Attrition is significantly higher in the control arm; however, trialists recognised this and adjusted smoking cessation analysis for completed cases, assuming missing data were smokers, and on the selection model. Incomplete outcome data appear adequately dealt with.</p>",Low risk,<p>All outcomes reported on</p>,Low risk,<p>No evidence of recruitment bias</p>,Low risk,"<p>Got baseline imbalance due to incomplete/dropout, but accounted for this in analysis. </p>",Low risk,"<p>Due to cluster design, contamination is unlikely.</p>",Low risk,<p>Clustering taken into account for analysis</p>,Low risk,<p>Low risk across all domains</p>
Huffman 2018,Low risk,<p>Computer-generated random sequence</p>,Low risk,<p>Concealed and central allocation</p>,Low risk,<p>Most outcomes were objective or unlikely subject to bias even with knowledge of allocation.</p>,Low risk,"<p>Clear information provided on the 5 steps with numbers enroled, loss to follow-up etc. Primary outcome follow-up 99%</p>",Low risk,<p>Outcome measures consistent with registered protocol - https://www.clinicaltrials.gov/ct2/show/NCT02256657?cond=NCT02256657&amp;draw=2&amp;rank=1</p>,Low risk,<p>Unlikely participants/clusters recruited to the trial after clusters had been randomised</p>,Low risk,"<p>Some observed differences in baseline characteristics; however, analysis adjusted for baseline characteristics</p>",Low risk,<p>Allocated by hospital and unlikely the control group received the intervention</p>,Low risk,<p>Analysis includes cluster-adjusted and cluster and temporal-adjusted primary and secondary trial outcome event rates including within-hospital clustering adjustments.</p>,Low risk,<p>Overall low risk of bias across all domains</p>
Huis 2013,Low risk,<p>Computer-generated random sequence</p>,Low risk,<p>Allocation occurred centrally and at one time prior to commencement.</p>,Low risk,<p>The outcome assessment was made by observers who were blinded to allocation.</p>,Low risk,<p>There is some confusion over the flow of participants (it says initially 37 wards were in the SAS arm but then it says 47) but the analyses used both ITT and per protocol.</p>,Low risk,<p>Data reported as per clinical trial registration</p>,Low risk,<p>Recruitment occurred at once prior to trial commencement.</p>,Unclear risk,<p>Baseline balance between groups not clearly reported; baseline outcome measures appear similar between groups</p>,Unclear risk,"<p>Although nursing wards were allocated, it is unclear if there would be contamination between wards.</p>",Low risk,<p>Authors adjusted for clustering</p>,Low risk,<p>Low risk across most important domains</p>
Hurlimann 2015,Unclear risk,<p>Randomisation method not described</p>,Unclear risk,<p>No details or study flow diagram to determine if clusters were likely allocated at the same time</p>,Low risk,"<p>Unclear but outcome data were collected in medical records, so unlikely to be subject to bias</p>",Low risk,<p>Loss of practices were reasonably balanced though reasons were not reported.</p>,Low risk,<p>Outcomes consistent with registered protocol - https://www.clinicaltrials.gov/ct2/show/NCT01358916?cond=NCT01358916&amp;draw=2&amp;rank=1</p>,Unclear risk,<p>There was no study flow diagram and there was insufficient information provided to make a clear judgement regarding this domain.</p>,Low risk,<p>There were very few baseline differences between groups that were adequately adjusted for in the analysis.</p>,Low risk,<p>Allocated by practice and deemed unlikely the control group received the intervention</p>,Low risk,"<p>Appropriate method of analysis was used; hence, there is a low risk of bias due to incorrect analysis.</p>",Unclear risk,"<p>Due to sequence generation, allocation concealment and recruitment bias</p>"
Hux 1999,Unclear risk,<p>Unable to assess</p>,Low risk,<p>Cluster trial; allocation after recruitment completed</p>,Low risk,<p>Unique identifiers used</p>,Low risk,<p>Data available for 250/251 physicians</p>,Low risk,<p>Appropriate outcomes measured</p>,Low risk,<p>No evidence of recruitment after randomisation and allocation</p>,Low risk,<p>See Table 1</p>,Low risk,<p>Physicans recruited from separate addresses</p>,High risk,<p>Clustering not taken into account</p>,High risk,<p>Due to incorrect analysis</p>
Ivers 2013,Low risk,<p>Computer program used for randomisation by minimisation</p>,Low risk,<p>Allocation was done at one time.</p>,Low risk,"<p>In the study protocol, the following description appears: ""A research coordinator who is otherwise unaffiliated with the study will use a master list with study IDs and participant names to prepare the intervention materials.""</p>",Low risk,<p>Analysis by ITT</p>,Low risk,<p>Primary and secondary outcomes reported</p>,Low risk,"<p>This was information from the study protocol: ""Although minimization has been criticised for increasing the risk for selection bias . . ., the benefits of achieving balance at baseline through the use of minimization outweighs the minor risks involved (especially for small trials) and therefore has been widely recommended. . .. We believe that risk of selection bias is<br>low in this case because the recruitment of the first fourteen practices (clusters) was completed prior to allocation of the practices using the minimization software"".</p>",Low risk,"<p>Practices were allocated using minimisation (conducted by the study analyst using the free software, MINIM) to achieve balance on baseline values of the primary outcomes and on the number of eligible patients in each cluster.</p>",Low risk,"<p>To reduce the risk of contamination, randomisation was at the level of the primary care clinic.</p>",Low risk,<p>The primary analysis used intention-to-treat.</p>,Low risk,<p>Low risk across all domains</p>
Kaboré 2019,Low risk,<p>Randomisation was achieved using computer-generated blocked randomisation.</p>,Low risk,"<p>""All participating hospitals were randomly allocated simultaneously to minimize the risk of allocation bias"".<br>Allocation was concealed and done centrally at one time.</p>",Low risk,"<p>""Data were collected daily using a standardized questionnaire, in the same way at both the intervention and control hospitals. Data completeness and quality were assessed during daily maternity staff meetings, through quarterly on-site visits and queries sent to on-site data collectors to resolve discrepancies identified by the data manager. Data collectors were aware of the randomization assignments but were not involved in outcome assessments.""<br>Data collectors used standardised forms and were monitored. It is unlikely outcome assessment was biased due to knowledge of allocation.</p>",Low risk,<p>Analysis used ITT. 1/11 clusters in the control arm was lost to follow-up because the operating room was not operational post-intervention. There is no reason to suspect there is risk of bias.</p>,Low risk,<p>Results are presented at baseline and for the intervention and control groups for all indicators as indicated.</p>,Low risk,<p>Figure 1 demonstrates that assignment occurred following randomisation.</p>,Low risk,<p>Similar characteristics between the two groups are reported.</p>,Low risk,"<p>Due to the cluster nature of the trial, it is unlikely that control sites received the intervention. Trialists monitored for quality improvement programmes being carried out at the same time that could impact caesarean rate and staff transfers into and out of hospitals. It is acknowledged that staff could potentially have forwarded SMS reminders to staff in the intervention arm, though this would have resulted in a bias towards the null anyway.</p>",Low risk,<p>Authors used intention-to-treat analyses.</p>,Low risk,<p>Low risk across all domains</p>
Kahan 2009,Unclear risk,<p>Unable to assess</p>,Low risk,<p>Performed on all units at start</p>,Unclear risk,<p>Unable to assess</p>,Unclear risk,<p>Unable to assess</p>,Low risk,<p>Appropriate outcomes measured</p>,Low risk,<p>No recruitment after randomisation</p>,Low risk,<p>Table 4</p>,Unclear risk,<p>Unable to assess</p>,Unclear risk,<p>Method of analysis not reported</p>,Unclear risk,<p>Unable to assess bias for important domains</p>
Kaminski 2016,Low risk,<p>Random method was used for sequence generation.</p>,Low risk,"<p>It appears all centres were allocated at the same time, so there would not have been a risk of foreseeing allocation.</p>",Low risk,"<p>All colonoscopists were aware of being routinely monitored. Screening centre leaders were not aware of the full extent, aims and outcomes of the trial. Data were recorded in databases and unlikely to be biased between groups.</p>",Low risk,<p>Attrition minimal and accounted for</p>,Unclear risk,"<p>One minor change from the trial registration is: ""Screening centre leader's proximal and distal adenoma detection rate"" was listed in the trial registration but only ""proximal ADR"" was reported in the publication. This change is not explained, and it is unclear if bias was introduced or not.</p>",Low risk,<p>No recruitment appeared to occur after randomisation (Fig. 1).</p>,Low risk,<p>Minimal baseline differences between groups</p>,Low risk,"<p>Clinicians in intervention group had to undergo a training session that control group clinicians were not able to attend. As the clinicians were all leaders of their own centres, it is unlikely one of the intervention group clinicians would have subsequently trained one of the control group clinicians.</p>",Low risk,<p>Clustering was accounted for in the analysis.</p>,Low risk,<p>Low risk across most domains</p>
Katz 2004,Low risk,<p>Random number generator used to assign pairs of clinics to intervention/control</p>,Low risk,<p>It appears a statistician allocated practices at one time.</p>,Low risk,"<p>Outcomes were self-reported by patients (likely unaware of their physician's allocation) and collected by research personnel - unclear if personnel were blind at exit interviews, but personnel collecting 2 and 6-month data were blinded. Unlikely that outcome assessment was biased</p>",Low risk,"<p>No practices were lost to follow-up; loss of patients between groups appear balanced (with reasons provided), but analysis by ITT (counting patients lost to follow-up as not quitting smoking)</p>",Low risk,<p>Comprehensive reporting of results in alignment with methods. No protocol to check against</p>,Low risk,<p>All recruitment performed before randomisation</p>,Low risk,<p>Baseline variables largely similar</p>,Low risk,<p>Single clinics all randomised to one group. Unlikely that the control groups received the intervention</p>,Low risk,<p>Clustering at clinic and clinician level accounted for in analysis</p>,Low risk,<p>Low risk across all domains</p>
Kaufmann-Kolle 2011,Unclear risk,<p>Not reported</p>,Unclear risk,<p>Not reported</p>,Low risk,<p>Prescription data</p>,High risk,<p>Imbalanced losses between groups (5 vs 32)</p>,High risk,<p>Retrospectively registered protocol; not all outcomes reported</p>,Low risk,<p>Recruitment did not occur after randomisation.</p>,Unclear risk,<p>Not reported</p>,Low risk,<p>Cluster design; unlikely to be contaminated</p>,Unclear risk,<p>Analysis not described</p>,High risk,<p>Due to incomplete outcome data and selective reporting</p>
Kennedy 2015,Low risk,<p>Computer-generated random sequence generation</p>,Low risk,"<p>Appears clusters were allocated at one time, as offsite investigator performed randomisation and allocation, so unlikely that allocation would have been known</p>",Low risk,<p>Database manager and analysts blinded</p>,Low risk,<p>Used ITT analysis</p>,Low risk,"<p>Protocol stated they will analyse prescribed vitamin D, calcium and other osteoporosis medication, and number of fractures or falls. All except falls analysed; lack of falls analysis justified.</p>",Low risk,"<p>In protocol, clear that recruitment occurred before randomisation</p>",High risk,"<p>Baseline imbalance for key variables including vitamin D use at baseline, osteoporosis diagnosis, prevalence of hip fractures etc.</p>",Low risk,<p>Clustering performed by centre; risk of contamination low</p>,Low risk,<p>GEE analysis used to account for clustering</p>,High risk,<p>Due to baseline imbalance</p>
Kerry 2000,Low risk,<p>Stratified randomisation used</p>,Low risk,<p>Cluster trial; allocation after recruitment completed</p>,Low risk,<p>Data collected from central computer registry</p>,Low risk,<p>Data collected on all practices</p>,Low risk,<p>Appropriate outcomes measured</p>,Low risk,"<p>No participants were enroled post-randomisation of clusters, hence, there is low risk of recruitment bias.</p>",Low risk,<p>Table 1</p>,Low risk,<p>Practices separate</p>,High risk,<p>t-test</p>,High risk,<p>Due to incorrect analysis</p>
Kiefe 2001,Unclear risk,<p>Unable to assess</p>,Low risk,<p>Cluster trial; allocation after recruitment completed</p>,Unclear risk,<p>Unable to assess</p>,Low risk,<p>Equal numbers in both groups lost to follow-up (Figure 1)</p>,Low risk,<p>Appropriate outcomes measured</p>,Low risk,"<p>No participants were enroled post-randomisation of clusters, hence, there is low risk of recruitment bias.</p>",Unclear risk,<p>Unable to assess</p>,Unclear risk,<p>Unable to assess</p>,Low risk,<p>Generalised linear models</p>,Unclear risk,<p>Unable to assess bias in important domains</p>
Kim 1999,Unclear risk,<p>Unable to assess</p>,Low risk,<p>Cluster trial; allocation after recruitment completed</p>,Unclear risk,<p>Unable to assess</p>,High risk,<p>Only reviewed charts of patients who responded</p>,Unclear risk,<p>Unable to assess</p>,Low risk,"<p>No participants were enroled post-randomisation of clusters, hence, there is low risk of recruitment bias.</p>",Unclear risk,<p>Unable to assess</p>,Unclear risk,<p>Unable to assess</p>,Low risk,<p>Mixed model; nested ANOVA</p>,High risk,<p>Due to incomplete outcome data</p>
Kinsinger 1998,Low risk,<p>Randomisation conducted by statistician</p>,Low risk,<p>Cluster trial; allocation after recruitment completed</p>,Low risk,<p>Research assistants who collected data were blinded.</p>,Low risk,<p>58/62 practices provided data.</p>,Low risk,<p>Appropriate outcomes measured</p>,Low risk,<p>No recruitment after randomisation</p>,Low risk,<p>Table 1 and Table 2</p>,Low risk,<p>Separate practices</p>,Low risk,<p>Generalised estimating equations</p>,Low risk,<p>Low risk across all domains</p>
Kritchevsky 2008,Low risk,"<p>Paired, blinded randomisation</p>",Low risk,<p>Cluster trial; allocation after recruitment completed</p>,Low risk,"<p>Authors reported high reliability of main outcomes, so judged to be low risk</p>",Low risk,<p>All hospitals provided data.</p>,Low risk,<p>Appropriate outcomes measured</p>,Low risk,<p>No recruitment after randomisation</p>,Low risk,<p>Table 2</p>,Low risk,<p>Separate hospitals</p>,Unclear risk,<p>Method of analysis not described</p>,Low risk,<p>Low risk across most important domains</p>
Lafata 2007,Unclear risk,<p>Method for sequence generation was not reported.</p>,Low risk,<p>Allocation method was not described but likely done at the same time</p>,Low risk,<p>Administrative data collected</p>,Low risk,"<p>No detail but administrative data used, so unlikely to be an issue</p>",Low risk,"<p>While there was no previously published protocol or trial registration, the method of choosing outcomes was not up to the trialists (based on interviews and other published research) and therefore unlikely subject to selective reporting.</p>",Low risk,"<p>No evidence of active recruitment after allocation, as all physicians from three organisations were recruited</p>",Unclear risk,"<p>Minor differences, especially for digoxin group - unclear if variables that were different would introduce much bias</p>",Low risk,"<p>Sessions performed within randomised practices, so unlikely contamination</p>",Low risk,<p>GEE equations used to account for clustering</p>,Low risk,<p>Low risk across most domains</p>
Lakshminarayan 2010,Unclear risk,<p>Unable to assess</p>,Low risk,<p>Cluster trial; allocation after recruitment completed</p>,Low risk,<p>Abstractors blinded</p>,Low risk,<p>See Figure 1</p>,Low risk,<p>Appropriate outcomes measured</p>,Low risk,"<p>No participants were enroled post-randomisation of clusters, hence, there is low risk of recruitment bias.</p>",Unclear risk,<p>Unable to assess</p>,Low risk,<p>Separate hospitals</p>,Low risk,<p>Multi-level random-effects modeling</p>,Low risk,<p>Low risk across most domains</p>
Lemelin 2001,Unclear risk,<p>The method for sequence generation was not reported.</p>,Low risk,"<p>Though not explicitly described, it appears all sites were randomised at the same time.</p>",Low risk,"<p>Clinicians were aware of their allocation, but it is unlikely that there would be a sustained biased recording in patient medical charts over two years. Auditors collecting the data from medical charts (for some of the outcomes) were blind to allocation.</p>",Low risk,<p>1/23 intervention clusters was lost to follow-up (due to moving practice) so this does not appear to be as a result of the intervention and affecting the outcome.</p>,Unclear risk,"<p>There was no trial registration and the protocol paper published in the same year does not document the preplanned patient outcomes. Therefore, it is unclear if all preplanned outcomes and analyses were reported.</p>",Low risk,<p>All participants enroled before randomisation.</p>,Low risk,<p>Similar number of practices per group and characteristics; intervention groups tended to be from larger communities.</p>,Low risk,"<p>Facilitator only interacted with the intervention group, not the control group.</p>",Unclear risk,<p>It is unclear if clustering was taken into account during analysis.</p>,Low risk,<p>Low risk across most domains</p>
Lesuis 2018,Low risk,<p>A computer-generated random sequence was used to randomise participants into the two groups.</p>,Low risk,<p>Sealed opaque envelopes were used to conceal allocation into the two groups.</p>,Unclear risk,<p>Data collection was not blinded and potentially subject to bias from knowledge of allocation.</p>,Low risk,<p>No loss to follow-up</p>,Low risk,"<p>The trial was registered (NTR4449) and results for primary outcomes were given; the trial registry also mentions few secondary outcomes (possible predictive factors are derived from earlier studies done in our centre and all focus on individual clinician factors: cognitive bias (Inventory of Cognitive Bias in Medicine; ICBM) personality (Big Five Inventory; BFI) and thinking styles), however the secondary outcomes mentioned in the paper are adherence percentages of separate guideline indicators and mean difference change scores in SSS before and after the intervention. Results for these secondary outcomes are given in the paper.</p>",Low risk,<p>All eligible attendees were allotted interventions.<br>All analysed participants selected from the overall RA who attended the study clinic.</p>,Low risk,<p>No significant differences at baseline for clinicians or patients</p>,Low risk,<p>CDSS was designed so control clinicians could not see the intervention.</p>,Low risk,<p>Group allocation variable</p>,Low risk,<p>Low risk across most domains</p>
Levi 2020,Low risk,<p>Randomisation by statistician implies adequate random sequence generation.</p>,Low risk,"<p>It would not be possible to foresee allocation, as this was done centrally and randomly in one event via Stata.</p>",High risk,<p><br>Clinicians not blinded and collected the outcome data in the database</p>,Low risk,<p>No clusters were lost to follow-up.</p>,Low risk,<p>Outcome reporting was consistent with trial registration including thrombolysis rates in intervention and control hospitals at follow-up as well as intracranial haemorrhage rates and functional outcomes at 3 months.</p>,Low risk,<p>Unlikely individuals were recruited to the trial after clusters were randomised</p>,Low risk,"<p>Baselines were even; accounted for criteria like strokes, cluster size (see figure 2)</p>",Low risk,<p>Not likely a site received the wrong intervention; randomisation at site level.</p>,Low risk,"<p>Analysis done at cluster levels<br>Protocol:&nbsp;<br>""Analysis will involve cluster-level summary data. The difference in post-intervention thrombolysis rates between intervention and control groups will be compared via a two-stage approach to adjust for baseline thrombolysis rates, using a stratified t-test"".</p>",High risk,<p>High risk due to blinding</p>
Leviton 1999,Low risk,<p>A random number table was used to generate the random sequence.</p>,Low risk,"<p>As this is a cluster RCT where all institutions were randomly assigned to intervention or control at the same time, there is low risk of biased allocation to treatment groups.</p>",Unclear risk,<p>It is not clear whether the trained medical data collectors were blind to treatment allocation or not.</p>,Low risk,<p>There was no attrition bias in both groups; data were analysed in all randomised institutions.</p>,Low risk,"<p>Although there was no trial protocol and the trial was conducted prior to the establishment of trial registries, results were provided for the prespecified study outcome.</p>",Low risk,<p>No patients were recruited for the study once randomisation was completed.</p>,Unclear risk,<p>Authors reported no baseline differences except for significant differences in frequency of abnormal foetal conditions or foetal distress. No data were provided though.</p>,Low risk,"<p>Authors stated that there was no overlapping of physicians across control and intervention hospitals. Further, the 2 residents who shared hospitals were both in the intervention group. Hence, there is low risk of contamination between the control and intervention groups.</p>",Unclear risk,"<p>Although authors have reported hospital-level results, it is unclear whether clustering was accounted for in the analysis as it was not reported clearly.</p>",Low risk,"<p>Baseline imbalance and incorrect analysis judged as unclear, but all others low risk&nbsp;</p>"
Lim 2018,Unclear risk,"<p>""Simple randomisation"" was used but no information on the methods used to generate the sequence</p>",Low risk,"<p>Not explicitly stated but, based on the study flow diagram, it appears likely that all clusters were allocated at the same time.</p>",High risk,<p>Pharmacists were the outcome reporters and they were aware of group allocations. Data analysts checked the pharmacists' reporting to ensure accuracy (which was fed back to pharmacists) but they were also aware of group allocations.</p>,Unclear risk,"<p>It appears no clusters were lost to follow-up. Percentage of prescribers evaluated at each time point is not clearly reported with reasons. There does not appear to be a significant dropoff of prescribers evaluated over time, and it is unclear why levels were much higher in the full intervention group at all time points.</p>",Low risk,"<p>All outcomes specified in the methods were reported, though the primary outcome is the only one presented entirely graphically (with no numerical data).</p>",Low risk,<p>Recruitment did not occur after randomisation.</p>,High risk,"<p>There appears to be significant baseline differences in outcomes (e.g. primary outcome) and characteristics (e.g. prescribers evaluated, prescriber turnover rate) that suggests there are baseline imbalances between trial groups.</p>",Low risk,<p>Allocation is at the health clinic (cluster) level and training was provided to participants separated by allocation to avoid contamination. Contamination (though not impossible if a prescriber worked at more than one clinic) appears unlikely.</p>,High risk,<p>Trial does not appear to take clustering into account for analysis.</p>,High risk,<p>Baseline imbalance and incorrect analysis</p>
Linder 2010,Unclear risk,"<p>Only says ""Matched pairs were randomized"" but no information on how random sequence was generated</p>",Low risk,"<p>No details but, based on the study flow diagram, it appears likely that all clusters were allocated at the same time.</p>",Low risk,<p>Outcome was prescriptions recorded on electronic records and unlikely to be at risk of bias even if physicians were not blinded</p>,Low risk,<p>Appears to be complete; accounted for and not of concern. No missing data reported</p>,Low risk,"<p>The study protocol is not available for comparison; however, all of the outcomes reported on in the methods were reported on in the results.</p>",Low risk,"<p>Practices were recruited and then randomised, so low risk of recruitment bias</p>",Low risk,"<p>There were no significant differences between intervention and control practices in the number of years using the EHR, mean visits per year, the baseline antibiotic prescribing rate, or the baseline antibiotic prescribing rate for ARIs (data not shown). There were no significant differences in clinician or patient characteristics between intervention and control groups.</p>",Low risk,"<p>It is not clear if any of the physicians worked in multiple practices. If not, then risk of contamination was low.</p>",Low risk,"<p>The primary outcome was the antibiotic prescribing rate for ARIs, based on electronic prescribing using the EHR, in an intent-to-intervene analysis, adjusted for clustering by practice.</p>",Low risk,<p>Low risk across most domains</p>
Lobach 1996,Unclear risk,<p>Unable to assess</p>,Unclear risk,<p>Unable to assess</p>,Low risk,<p>Data taken from electronic patient record</p>,Low risk,<p>No missing data</p>,Low risk,<p>All outcomes reported</p>,Low risk,<p>No evidence of recruitment after randomisation</p>,Unclear risk,<p>Unable to assess</p>,High risk,<p>Audit performed by the same clinician</p>,High risk,<p>Clustering not accounted for in analysis</p>,Unclear risk,<p>Due to randomisation sequence generation and allocation concealment</p>
Lomas 1991,Unclear risk,<p>Unable to assess</p>,Low risk,<p>Cluster trial; allocation after recruitment completed</p>,Low risk,<p>Chart audits done by trained staff</p>,Low risk,<p>Data on all hospitals provided</p>,Low risk,<p>Appropriate outcomes measured</p>,Low risk,"<p>No participants were enroled post-randomisation of clusters, hence, there is low risk of recruitment bias.</p>",Low risk,<p>Table 1</p>,Low risk,<p>Separate hospitals</p>,Low risk,<p>Nested ANOVA with weighted outcome rates</p>,Low risk,<p>Low risk across most domains</p>
Lopez-Picazo 2011,Unclear risk,<p>Method for sequence generation was not reported.</p>,Unclear risk,<p>No information regarding allocation concealment and whether this occurred at the same time or centrally</p>,Low risk,"<p>Physicians were not blinded to their allocation but, as they did not know the study's outcomes, it is unlikely that intervention groups would record clinical records differently to control physicians.</p>",Low risk,<p>The trial stated that 245 physicians were randomised and data were available for all 245 physicians.</p>,Low risk,<p>All prespecified outcomes (mean number of drug interactions and cost-effectiveness) appear to have been reported.</p>,Low risk,<p>No evidence that any physicians were actively recruited after randomisation. All eligible physicians were eligible to participate in trial.</p>,Low risk,<p>No significant differences amongst the study groups</p>,High risk,<p>Likely the control group contaminated</p>,Low risk,<p>Analyses appear to have adequately adjusted for clustering.</p>,High risk,<p>Protection against contamination judged as high risk</p>
Luitjes 2018,Low risk,"<p>Randomisation procedure by drawing sealed, opaque envelopes</p>",Low risk,<p>Concealed opaque envelopes were used to conceal allocation.</p>,Low risk,"<p>Outcomes collected from medical records, and it is unlikely these would be subject to bias when recorded by physicians</p>",Low risk,<p>ITT analysis</p>,Low risk,<p>All outcomes reported</p>,Low risk,<p>No evidence of recruitment bias as there was no recruitment after randomisation</p>,Low risk,<p>Trialist report groups were balanced.</p>,Low risk,"<p>Due to cluster design, contamination is unlikely.</p>",Low risk,<p>Clustering taken into account in analysis</p>,Low risk,<p>Low risk across all domains</p>
Lundborg 1999a,Low risk,<p>The random sequence was generated using the SPSS 6.0 random generator (information extracted from the protocol paper).</p>,Low risk,<p>Clusters were allocated at the same time.</p>,Low risk,"<p>Doctors likely aware of their allocation; however, it is unlikely the prescription data would be subject to risk of bias.</p>",Low risk,<p>All randomised groups completed the study and contributed to the final data analysis.</p>,Low risk,<p>All prespecified outcomes were analysed and results were presented adequately.</p>,Low risk,<p>There is no evidence of any additional recruitment into the trial after randomisation was conducted.</p>,Low risk,<p>No baseline differences were found between the two groups.</p>,Unclear risk,<p>It is unclear whether there was any contamination between groups or not.</p>,Low risk,<p>The multi-level regression analysis takes into account data at the cluster level as well as nested data (individual patient level) which seems appropriate for the type of intervention which is aiming to achieve change at both practice and patient level.</p>,Low risk,"<p>Protection against contamination judged as unclear, but low risk across all other domains</p>"
Lundborg 1999b,Low risk,<p>The random sequence was generated using the SPSS 6.0 random generator (information extracted form the protocol paper).</p>,Low risk,<p>Clusters were allocated at the same time.</p>,Low risk,"<p>Doctors likely aware of their allocation; however, it is unlikely the prescription data would be subject to risk of bias.</p>",Low risk,<p>All randomised groups completed the study and contributed to the final data analysis.</p>,Low risk,<p>All prespecified outcomes were analysed and results were presented adequately.</p>,Low risk,<p>There is no evidence of any additional recruitment into the trial after randomisation was conducted.</p>,Low risk,<p>No baseline differences were found between the two groups.</p>,Unclear risk,<p>It is unclear whether there was any contamination between groups or not.</p>,Low risk,<p>The multi-level regression analysis takes into account data at the cluster level as well as nested data (individual patient level) which seems appropriate for the type of intervention which is aiming to achieve change at both practice and patient level.</p>,Low risk,"<p>Protection against contamination judged as unclear, but low risk across all other domains</p>"
Lynch 2016,Low risk,<p>Generated by computer program</p>,Low risk,<p>Allocation was performed by a blinded third party using a coded list.</p>,Low risk,<p>Blinded outcome assessment</p>,Low risk,<p>No clusters were lost to follow-up or excluded. Patients who had to be excluded from analysis were balanced between groups with reasons explained (that do not appear related to the intervention/outcome).</p>,High risk,<p>Both secondary outcomes listed in the trial registration are not reported in this publication: proportions of patients who accessed stroke rehabilitation following discharge from acute hospital and self-reported rehabilitation assessment and referral practices at each stroke unit. This is not discussed and no reason given.</p>,Low risk,"<p>It is possible health professionals at the hospital were recruited and involved after clusters were randomised, but unlikely to increase bias in this study as both intervention and control hospitals were likely affected equally.</p>",Low risk,"<p>Over 300 patient participants, and baseline patient characteristics and outcome measures similar to judge as low risk</p>",Low risk,<p>Unlikely the control hospitals received the intervention</p>,Low risk,<p>Clustering is taken into account for analyses.</p>,High risk,<p>Due to selective reporting</p>
Machline-Carrion 2019a,Low risk,<p>Web-based computerised randomisation applied by a statistician</p>,Low risk,<p>Allocation was done centrally at one time (see protocol).</p>,Low risk,<p>It is unlikely that there would be bias in the recording of patient medical records. Data collectors were blinded to allocation.</p>,Low risk,<p>Trialists analysed outcomes using ITT.</p>,Low risk,<p>All prespecified outcomes are reported.</p>,Low risk,<p>Randomisation occurred at the start of the study all at once and there were separate hospitals randomised to intervention or routine practice.</p>,Low risk,<p>Characteristics of clusters and patients were observed to be similar at baseline.</p>,Low risk,"<p>Due to the cluster nature of the trial, it is unlikely that the control arm received the intervention.</p>",Low risk,<p>Analyses was performed with clustering taken into account.</p>,Low risk,<p>Overall low risk for all domains</p>
Machline-Carrion 2019b,Low risk,<p>Web-based computerised randomisation applied by a statistician</p>,Low risk,<p>Allocation was done centrally at one time (see protocol).</p>,Low risk,<p>It is unlikely that there would be bias in the recording of patient medical records. Data collectors were blinded to allocation.</p>,Low risk,<p>Trialists analysed outcomes using ITT.</p>,Low risk,<p>All prespecified outcomes are reported.</p>,Low risk,<p>Randomisation occurred at the start of the study all at once and there were separate hospitals randomised to intervention or routine practice.</p>,Low risk,<p>Characteristics of clusters and patients were observed to be similar at baseline.</p>,Low risk,"<p>Due to the cluster nature of the trial, it is unlikely that the control arm received the intervention.</p>",Low risk,<p>Analyses was performed with clustering taken into account.</p>,Low risk,<p>Overall low risk for all domains</p>
Maddocks 2011,Unclear risk,"<p>A researcher ""randomly allocated"", but there is no detail on the method of sequence generation.</p>",Unclear risk,<p>No details or study flow diagram to determine if all clusters were allocated at the same time</p>,Low risk,"<p>It is unclear whether outcome assessors were aware of allocations, but as the outcomes were extracted from medical records and the extraction method appears objective, it is unlikely bias could have been introduced in outcome assessment.</p>",Unclear risk,<p>There is no information on the proportion (if all) of the physician participants remained for the duration of the study. Two control arm practices were removed due to low availability of one outcome (mammography screening) and it is unknown why this was the case.</p>,Low risk,<p>The outcomes specified in the methods are reported in full.</p>,Low risk,<p>It appears that randomisation occurred after the practices and physicians were recruited and agreed to participate in the study.</p>,Unclear risk,<p>Baseline outcome measures are reported but baseline characteristics of the practices and physicians are not described.</p>,Low risk,<p>Allocations are by practice and it is unlikely that the control group participants received the intervention.</p>,High risk,<p>Trial does not appear to take clustering into account for analysis.</p>,High risk,<p>Incorrect analysis</p>
Mainous 2000,Unclear risk,<p>Unable to assess</p>,Unclear risk,<p>Unable to assess</p>,Low risk,<p>Assessors were not blinded.</p>,Low risk,<p>No missing data</p>,Low risk,<p>All outcomes reported</p>,Low risk,<p>No evidence of cluster recruitment after randomisation</p>,Low risk,<p>Baseline characteristics and outcomes balanced between arms</p>,High risk,<p>Randomisation by physician; some may have been in the same practice</p>,High risk,<p>Clustering not accounted for in analysis</p>,Unclear risk,<p>Due to randomisation sequence generation and allocation concealment</p>
Manfredi 1998,Unclear risk,"<p>Study authors matched and randomly assigned medical practices to the intervention groups, but it is not clear how the random sequence was generated.</p>",Unclear risk,<p>No details or study flow diagram to determine if all clusters were allocated at the same time</p>,Low risk,"<p>Although it is unclear if the outcome assessors were blinded to the practice treatment allocation, the outcome data were extracted through reviews of randomly selected patients' medical charts.</p>",Low risk,"<p>51 practices agreed to participate in the study; between pre-intervention and post-intervention, 4 practices were lost to follow-up (details in the text). This is a 7.8% loss to follow-up. It is unlikely that this loss to follow-up would bias the outcome.</p>",Unclear risk,"<p>No prior trial reg/protocol, so unclear if all predefined outcomes are measured and in the same way</p>",Unclear risk,<p>Not enough information as the flow of cluster recruitment and randomisation is not clear</p>,Low risk,"<p>Baseline and post-intervention patient samples for the intervention and control group were similar in terms of patient sex, age, type of insurance and continuity of care at the same practice.</p>",Unclear risk,"<p>Randomisation by cluster, but not enough information on staff in practices, so unclear if study ensured staff were not working across multiple sites</p>",Unclear risk,<p>It does not appear that the cluster component was accounted for in the analyses.</p>,Unclear risk,<p>Recruitment bias; protection against contamination and incorrect analysis judged as unclear</p>
Martin 1980,Unclear risk,<p>Unable to assess</p>,Low risk,<p>Cluster trial; allocation after recruitment completed</p>,Unclear risk,<p>Unable to assess</p>,Low risk,<p>No attrition on process-of-care outcomes</p>,Low risk,<p>Appropriate outcomes measured</p>,Low risk,"<p>No participants were enroled post-randomisation of clusters; hence, there is low risk of recruitment bias.</p>",Low risk,<p>Table 1</p>,Unclear risk,<p>Unable to assess</p>,Unclear risk,"<p>Multiple regression and 2-way ANOVA were used, but not clear if clustering was taken into account</p>",Unclear risk,<p>Unable to assess biases across important domains</p>
Marton 1985,Unclear risk,<p>Unable to assess</p>,Low risk,<p>Cluster trial; allocation after recruitment completed</p>,Unclear risk,<p>Unable to assess</p>,Unclear risk,<p>No description of whether subjects lost to follow-up</p>,Low risk,<p>Appropriate outcomes measured</p>,Low risk,"<p>No participants were enroled post-randomisation of clusters; hence, there is low risk of recruitment bias.</p>",Low risk,<p>See Table 1</p>,Unclear risk,<p>Unable to assess</p>,High risk,<p>2-way ANOVA and Kruskal Wallis/t-test. Seems like clustering was not taken into account</p>,High risk,<p>Due to incorrect analysis</p>
McCartney 1997,Unclear risk,<p>Unable to assess</p>,Low risk,<p>Cluster trial; allocation after recruitment completed. Sealed envelopes used</p>,Low risk,<p>Data collected by computer searches</p>,Low risk,<p>Data from all 28 practices</p>,Low risk,<p>Appropriate outcomes measured</p>,Low risk,<p>No recruitment after randomisation</p>,Low risk,<p>Figure 1</p>,Low risk,<p>Separate practices</p>,High risk,<p>Clustering not taken into account</p>,High risk,<p>Due to incorrect analysis</p>
McClellan 2003,Low risk,<p>Random number table</p>,Low risk,<p>Cluster trial; allocation after recruitment completed</p>,Low risk,<p>Data collected from database</p>,Low risk,<p>Similar dropouts in both groups</p>,Low risk,<p>Appropriate outcomes measured</p>,Low risk,<p>No recruitment after randomisation</p>,Low risk,<p>Table 1</p>,Low risk,<p>Separate practices</p>,High risk,<p>Clustering was not taken into account in the analysis.</p>,High risk,<p>Due to incorrect analysis</p>
McClellan 2004,Low risk,<p>Random number allocation</p>,Low risk,<p>Cluster trial; allocation after recruitment completed</p>,Low risk,<p>Lab values blinded</p>,Low risk,<p>Data from all centres in study</p>,Low risk,<p>Appropriate outcomes measured</p>,Low risk,<p>No recruitment after randomisation</p>,Low risk,<p>See Table 1</p>,Low risk,<p>Separate centres</p>,Low risk,<p>Analysed at cluster level; unit of analysis same as unit of allocation</p>,Low risk,<p>Low risk across all domains</p>
McCluskey 2016,Low risk,"<p>An 'independent randomisation service' was used to allocate clusters to experimental or control groups. Minimisation was used, a form of covariate adaptive randomisation to ensure a balance of variables; location (centre or home-based teams), funding (public or private), volume of caseload and level of outings at baseline</p>",Low risk,"<p>Authors stated 'concealed allocation.' As minimisation was used to randomise teams, the sites would have been recruited before the random sequence was generated, reducing selection bias.</p>",Low risk,"<p>Patient files were audited by an individual blinded to team allocation. Therapists documenting in files may have been unblinded, but this is unlikely to affect reporting of outcome (whether a community outing occurred or not).</p>",Low risk,"<p>No loss to follow-up in outcome data of primary outcome due to method (audit of patient files). Loss to follow-up of observed stroke survivors of 13% in both intervention and control groups; this population related to secondary outcomes only. Staff turnover high (""up to 50%"") during study but did not impact data due to patient measures used as outcomes<br><br>1 cluster lost to follow-up due to service cessation</p>",Low risk,<p>Reports primary and secondary outcome data as outlined in published protocol</p>,Low risk,<p>No evidence of recruitment after randomisation</p>,Low risk,"<p>Adequate similarity; stroke survivors similar in terms of age, sex and stroke severity between groups. Characteristics of teams similar at baseline in terms of funding; minor differences between groups in location; and control group had more outpatient settings than intervention group. Similar baseline characteristics: low risk, adequate similarity; stroke survivors similar in terms of age, sex and stroke severity between groups. Characteristics of teams similar at baseline in terms of funding; minor differences between groups in location; control group had more outpatient settings than intervention group. Control group providing fewer outings at baseline but direction of potential bias unlikely to impact results</p>",Low risk,<p>Allocation was by community rehabilitation teams. Unlikely that the control group received the intervention.</p>,Low risk,<p>Analysis was performed taking cluster effect into account.</p>,Low risk,<p>Low risk across all domains</p>
McConnell 1982,Unclear risk,<p>Unable to assess</p>,Low risk,<p>Cluster trial; allocation after recruitment completed</p>,Low risk,<p>Medicaid data used</p>,Low risk,<p>33/35 physicians followed up</p>,Low risk,<p>Appropriate outcomes measured</p>,Low risk,<p>No recruitment after randomisation</p>,Unclear risk,<p>Unable to assess</p>,Unclear risk,<p>Unable to assess</p>,High risk,<p>Clustering was not taken into account in the analysis.</p>,High risk,<p>Due to incorrect analysis</p>
Meeker 2016,Low risk,<p>Randomization conducted in R</p>,Low risk,<p>Clusters randomised before start of trial</p>,Low risk,<p>Objective data source (EHR or billing records)</p>,Low risk,<p>No loss to follow-up at cluster level</p>,Low risk,<p>Prospectively registered protocol</p>,Low risk,<p>No evidence that recruitment occurred after randomisation</p>,Low risk,<p>Baseline characteristics appear mostly similar.</p>,Low risk,<p>Factorial design reduces contamination across clusters.</p>,Unclear risk,<p>Adjustments for potential clustering effect not mentioned</p>,Low risk,<p>Low risk across most domains</p>
Mertens 2015,Unclear risk,<p>It is unclear how the random sequence was generated.</p>,Low risk,"<p>Though not explicitly described, it would appear all clusters were allocated at one time.</p>",Unclear risk,<p>Some outcomes (not primary) were based on self-report and participants were aware of their allocation.</p>,Low risk,<p>3/201 in PCP group lost to follow-up (none in other two arms). Unlikely to bias outcomes</p>,Unclear risk,"<p>Outcomes listed in clinical trials record were all reported; however, the proportion of brief interventions and proportion of referrals to treatment were combined - uncertain how this may have impacted results</p>",Low risk,<p>Recruitment was done at one stage and no clinics or PCPs were recruited after the commencement of the study.</p>,Unclear risk,<p>Baseline characteristics for each group not reported</p>,Unclear risk,"<p>Post hoc analysis for medical centre 9 found that a few physicians in the NPP and MA arm delivered BI/RT themselves to their few patients screening positive; these physicians were responsible for the vast majority of BI/ RTs delivered in this clinic.<br>Some movement of MAs from the NPP and MA arm to other arms occurred in these medical centres; in some sites, MAs covered duties for absent MAs in other clinics.</p>",Low risk,<p>Analysis accounted appropriately for clustering</p>,Unclear risk,<p>Due to baseline imbalances and risk of contamination</p>
Metlay 2007,Low risk,<p>Coin flip randomisation used</p>,Unclear risk,<p>No details or study flow diagram to determine if clusters were likely allocated at the same time</p>,Low risk,<p>Outcomes (collected from medical records) unlikely to be influenced by knowledge of allocation. Self-reporting by patients also unlikely to be affected because it is unlikely they were aware of their allocation</p>,Low risk,<p>1/8 control sites lost to follow-up (unable to identify appropriate staff to participate in the study). This is unlikely to be a significant imbalance between groups.</p>,Unclear risk,<p>No trial registration or protocol found</p>,Low risk,<p>All practices recruited before randomisation</p>,High risk,"<p>Table 2 - differences observed between control and intervention groups in year 1 for type of hospital, age, sex, previous ARI, radiography ordered, and provider type</p>",Low risk,<p>Allocated by cluster (hospitals) and it is unlikely that the control hospitals  received the intervention</p>,Low risk,<p>Clustering taken into account in primary analysis</p>,High risk,<p>Baseline imbalance at high risk</p>
Mitchell 2005,Low risk,<p>Computer-generated</p>,Low risk,<p>Cluster trial; allocation after recruitment completed</p>,Low risk,<p>Administrative data</p>,Low risk,<p>52/54 GPs provided data.</p>,Low risk,<p>Appropriate outcomes measured</p>,Low risk,"<p>No participants were enroled post-randomisation of clusters; hence, there is low risk of recruitment bias.</p>",Low risk,<p>See Table 1</p>,Low risk,<p>Separate GPs</p>,Low risk,<p>Clustering accounted for in analysis</p>,Low risk,<p>Low risk across all domains</p>
Moher 2001,Unclear risk,<p>Unable to assess</p>,Low risk,<p>Cluster trial; allocation after recruitment completed</p>,Unclear risk,<p>Unable to assess</p>,Low risk,<p>Data on all 21 practices</p>,Low risk,<p>Appropriate outcomes measured</p>,Unclear risk,"<p>Limited information on recruitment process (79 practices invited but ""eventually recruited 21 practices"")</p>",Low risk,<p>See Table 1</p>,Low risk,<p>Separate practices</p>,Unclear risk,<p>No information on statistical methodology; unclear whether clustering was considered in analysis</p>,Unclear risk,<p>Unclear risk across important domains</p>
Mold 2008,Low risk,<p>Coin tosses</p>,Low risk,<p>Cluster trial; allocation after recruitment completed</p>,Low risk,<p>&nbsp;Interviewers blinded</p>,Low risk,<p>All clinicians followed up</p>,Low risk,<p>Appropriate outcomes measured</p>,Low risk,<p>No evidence of recruiting clusters after randomisation</p>,High risk,<p>Table 1</p>,Low risk,<p>Separate practices</p>,Low risk,<p>Logistic regression</p>,High risk,<p>Due to baseline imbalance</p>
Mold 2014,Unclear risk,"<p>Random assignment, but method of sequence generation not reported</p>",Unclear risk,<p>No information regarding allocation concealment and whether this occurred at the same time or centrally</p>,Unclear risk,"<p>Outcome assessors at two levels - practitioners recording asthma management (unlikely to be affected by knowledge of allocation - low risk) and data extraction for outcomes (unclear if assessors were blinded and though standardised forms were used, the data collection process was not entirely objective and could be at risk of bias)</p>",Unclear risk,<p>No information about flow of participation. 2 practices did not provide outcome data and unclear which groups they were from as # randomised to each group at the beginning not reported</p>,Unclear risk,"<p>Protocol not available; however, all outcomes reported</p>",Unclear risk,"<p>No information about recruitment (and subsequent randomisation) methods, so timing of recruitment is unclear</p>",Unclear risk,"<p>There appeared to be baseline imbalances in some of the outcomes between groups (table 3) though this is not described by the trial, so it is unclear if this was significant.</p>",Unclear risk,<p>Not enough information to assess</p>,High risk,<p>Trial did not adjust for clustering.</p>,High risk,"<p>Incorrect analysis judged as high risk; recruitment bias, baseline imbalance, selective reporting and protection against contamination judged as unclear</p>"
Morrison 2015,Low risk,<p>A computerised randomisation scheme was used.</p>,Low risk,<p>Allocation centralised; appears to have been finished before study started and after 4 hospitals couldn't partake.</p>,Low risk,<p>Medical records unlikely to be subjectively recorded. Data abstractors were blind to allocations.</p>,Low risk,<p>Modified ITT used due to 5 hospitals dropping out (unclear on allocation) due to reasons that were not related to the intervention</p>,High risk,<p>No odds ratio for active vs baseline data reported<br><br>protocol: https://implementationscience.biomedcentral.com/articles/10.1186/1748-5908-6-4&nbsp;<br>&nbsp;</p>,Low risk,<p>Recruitment occurred before trial started.</p>,Low risk,<p>Baseline balanced</p>,Low risk,<p>This does not appear to have been contamination with different hospitals being separated into clusters.</p>,Low risk,"<p>All cluster trials should allow for correlations between individuals in the same cluster. A consequence is that a parallel cluster trial will require a larger sample size than a corresponding individually randomised trial. The standard approach here assumes that any two observations from the same cluster will have a constant correlation between them, a quantity known as the intra-cluster correlation. Then the increase in sample size for the simple parallel cluster trial is determined by a simple multiplicative factor (the design effect), which depends both on the magnitude of the intra-cluster correlation and on the number of subjects in each cluster.</p>",High risk,<p>Due to selective reporting</p>
Myers 2004,Low risk,<p>Random number generation used</p>,Low risk,"<p>Randomisation was done at the practice level, and appears to have been conducted at one time and prior to the study commencing.<br>https://www.ncbi.nlm.nih.gov/pubmed/11570828</p>",Low risk,"<p>Outcome assessors at two levels - physicians (filling in internal chart audit form) and researchers extracting data from ICA for the outcome of interest (CDE recommendation). Despite participants knowing their allocation, it is unlikely there would be a difference in how they fill in the ICA). Researchers assessing the ICA data developed a set of decision rules, previously validated this method in a pilot study, and the data were dichotomous (likely low risk)..</p>",Unclear risk,<p>No information about whether practices and PCPs remained for the duration of the study or if some left</p>,High risk,"<p>Myers 2001 (study design, implementation and baseline data publication) says their secondary outcomes are the intention to recommend and perform CDE, which they report baseline data for. This is missing in the 2004 publication.</p>",Low risk,<p>Randomisation performed after practices were recruited. No evidence of recruitment after randomisation</p>,Low risk,"<p>Similar baselines as per table 2 and 3, showing no significant differences</p>",Unclear risk,<p>Allocation at the cluster level but not enough information to determine if trial ensured practitioners did not work in other practices etc.</p>,Low risk,<p>Generalised estimating equation (GEE) methods were used to adjust for the clustering of patients within practices.</p>,High risk,<p>Due to selective reporting</p>
Nace 2020,Unclear risk,<p>Randomisation method not described</p>,Low risk,"<p>No details but based on the study flow diagram, all clusters were likely allocated at the same time.</p>",Unclear risk,"<p>Collection of outcome data are not clearly described, so it is difficult to determine whether the process could be subject to bias.</p>",High risk,<p>Three out of 13 (23%) control sites were lost to follow-up (2 were withdrawals but no further elaboration) compared to 0 in the intervention arm. Incomplete outcome data are imbalanced and potentially related to the intervention and outcome.</p>,Unclear risk,<p>The trial was not registered and no study protocol was found.</p>,Low risk,<p>No evidence of recruiting clusters after randomisation</p>,Low risk,"<p>No statistically significant differences between groups at baseline, and stratified in randomisation to minimise differences</p>",Low risk,<p>Randomised by practice and unlikely contamination</p>,Low risk,<p>Appropriate method of analysis which accounted for clustering effects was used.</p>,High risk,<p>High risk due to incomplete outcome data</p>
Naughton 2007,Unclear risk,<p>Unable to assess</p>,Low risk,<p>Cluster trial; allocation after recruitment completed</p>,Low risk,<p>&nbsp;Administrative data used</p>,Low risk,<p>1 dropout of 98 GPs</p>,Low risk,<p>Appropriate outcomes measured</p>,Low risk,<p>No evidence of recruiting clusters after randomisation</p>,Low risk,<p>Table 1</p>,Low risk,<p>Separate GPs</p>,Low risk,"<p>""The prescribing differences between the randomised groups were examined using multivariate regression with a random effects model for each therapy, e.g. statin therapy in patients with CVD. This allowed for adjustment of GP clustering within practices, baseline prescribing and confounding factors such as practice participation in the Heartwatch programme and patient population structure.""</p>",Low risk,<p>Low risk across most domains</p>
Naughton 2009,Unclear risk,<p>Randomisation process not described</p>,Unclear risk,<p>Allocation concealment not described</p>,Low risk,<p>Data collected from database of pharmacy claims</p>,Unclear risk,<p>Losses not reported</p>,Unclear risk,"<p>Protocol not available; however, all outcomes reported</p>",Low risk,<p>No evidence that recruitment occurred after randomisation</p>,Low risk,<p>No significant differences in characteristics or overall prescribing patterns</p>,Low risk,<p>Cluster design; unlikely to be contamination</p>,Unclear risk,<p>No evidence of adjustment for clustering effect</p>,Unclear risk,<p>Unclear risk across most domains</p>
Navarro 2012,Low risk,<p>A blocked randomisation sequence was generated using Stata Statistical Software (information sourced from http://anzctr.org.au); hence there is a low risk of selection bias.</p>,Low risk,"<p>""Allocation to intervention/control is performed later by the holder of the allocation schedule who is at the central administration site i.e. allocation is concealed"" (information from http://anzctr.org.au); hence there is a low risk of selection bias.</p>",Low risk,"<p>Unclear if assessor/s were blinded, but pharmacy cost data and hospitalisation rates were collected, so unlikely to matter if not</p>",Unclear risk,"<p>It is unclear if GPs were recruited to participate or they were all included; therefore, excluded/missing GP data are unclear.</p>",Low risk,"<p>The trial was registered and no deviations from protocol were found; hence, there is a low risk of reporting bias.</p>",Unclear risk,"<p>As there was no study flow diagram or written text reporting on whether recruitment continued post-randomisation or not, there is an unclear risk of recruitment bias.</p>",Low risk,<p>There is a low risk of bias due to baseline imbalance as baseline characteristics between groups were comparable.</p>,Low risk,"<p>There is a low risk of contamination bias, as adequate steps were taken to minimise contamination between groups.</p>",Low risk,<p>Communities were units of analysis.</p>,Low risk,<p>Low risk across most domains</p>
Navathe 2020,Unclear risk,<p>Not enough information to determine method of randomisation</p>,Low risk,"<p>Per supplementary document, it appears clusters were allocated at the same time.</p>",Low risk,<p>Outcome data extracted from medical records and unlikely to be biased</p>,Unclear risk,<p>No clear description of flow of participants throughout study. Participation in the third arm was low.</p>,High risk,<p>Primary outcome was changed on clinical trials registry after data analysis (though authors specify in the appendix this decision was made before data analysis). Two arms were also combined due to low engagement.</p>,Low risk,"<p>As per study timeline in appendix, no recruitment after randomisation and allocation</p>",Low risk,<p>Analyses adjusted for baseline imbalances.</p>,High risk,<p>Authors acknowledge likelihood of contamination (and bias towards the null) due to providers within the same organisation being randomised to different arms.</p>,Low risk,<p>Clustering taken into account in analyses</p>,High risk,<p>Protection against contamination - high risk</p>
Nejad 2016,High risk,"<p>Sequence generation not reported. Control arm was not randomly allocated and appears to be GPs that the intervention could not be sent to; however, this is poorly described</p>",Low risk,"<p>Based on participant flow diagram, it seems likely all participants were allocated centrally at one time.</p>",Low risk,<p>Outcome data were extracted from medical records and unlikely to be recorded with bias.</p>,Low risk,<p>An ITT analysis was also performed for excluded cases.</p>,Unclear risk,<p>Outcomes seem to be reported but no trial registration or protocol to check</p>,Low risk,<p>Fig 1: All recruitment done before randomisation</p>,Low risk,<p>Characteristics similar at baseline</p>,Unclear risk,<p>GP appears to be the cluster - no information provided about whether multiple GPs from the same clinics were randomised differently</p>,Low risk,<p>Analysis adjusted for clusters</p>,High risk,<p>Due to random sequence generation</p>
Nilsson 2001a,Unclear risk,<p>Unable to assess</p>,Low risk,<p>Cluster trial; allocation after recruitment completed</p>,Low risk,<p>&nbsp;Prescription data used</p>,Low risk,<p>40 GPs provided data.</p>,Low risk,<p>Appropriate outcomes measured</p>,Low risk,<p>Randomisation occurred after recruitment was complete.</p>,Unclear risk,<p>Unable to assess</p>,Low risk,<p>Separate GPs</p>,Unclear risk,"<p>No adjustment for clustering mentioned (t-tests used to compare changes in mean differences, but units of analysis and randomization are both with individual GPs)</p>",Low risk,<p>Low risk across all important domains</p>
Nilsson 2001b,Unclear risk,<p>Unable to assess</p>,Low risk,<p>Cluster trial; allocation after recruitment completed</p>,Low risk,<p>Prescription data used</p>,Low risk,<p>40 GPs provided data.</p>,Low risk,<p>Appropriate outcomes measured</p>,Low risk,<p>Randomisation occurred after recruitment was complete.</p>,Unclear risk,<p>Unable to assess</p>,Low risk,<p>Separate GPs</p>,Unclear risk,"<p>No adjustment for clustering mentioned (t-tests used to compare changes in mean differences, but units of analysis and randomisation are both with individual GPs)</p>",Low risk,<p>Low risk across all important domains</p>
O'Connell 1999,Low risk,<p>Stratification with block size of 4</p>,Low risk,<p>Cluster trial; allocation after recruitment completed</p>,Low risk,<p>&nbsp;Prescribing rates objective data</p>,Low risk,<p>Data from all subjects</p>,Low risk,<p>Appropriate outcomes measured</p>,Low risk,<p>All eligible general practices were randomised (based on postcode).</p>,Low risk,<p>Table</p>,Low risk,<p>Avoided by postal codes</p>,Low risk,<p>Adjustments for clustering described</p>,Low risk,<p>Low risk across all domains</p>
O'Connor 2009,Unclear risk,<p>Unable to assess</p>,Low risk,<p>Cluster trial; allocation after recruitment completed</p>,Unclear risk,<p>Unable to assess</p>,Unclear risk,<p>Unable to assess</p>,Low risk,<p>Appropriate outcomes measured</p>,Unclear risk,<p>Recruitment process not discussed in detail</p>,Low risk,<p>Table 1</p>,Low risk,<p>Separate GPs</p>,Low risk,<p>Adjustments for clustering described</p>,Unclear risk,<p>Unable to assess bias across important domains</p>
Ornstein 2004,Low risk,<p>Baseline adaptive randomisation scheme</p>,Low risk,<p>Cluster trial; allocation after recruitment completed</p>,Low risk,<p>&nbsp;Data from computerised source</p>,Low risk,<p>3/20 subjects dropped out</p>,Low risk,<p>Appropriate outcomes measured</p>,Low risk,<p>No evidence of recruitment after randomisation</p>,Unclear risk,<p>Unable to assess</p>,Low risk,<p>Separate GPs</p>,Low risk,<p>Random effects for practices used in mixed models to adjust for clustering</p>,Low risk,<p>Low risk across most domains</p>
Ornstein 2010,Low risk,<p>Computer-generated random sequence</p>,Low risk,"<p>As per study flow diagram, allocation was likely done centrally at one time.</p>",Low risk,<p>Outcome measurement is not likely to be influenced by lack of blinding.</p>,Low risk,<p>No missing data noted</p>,Unclear risk,<p>Protocol not available. Outcomes reported in Table 4 as prespecified in Methods</p>,Low risk,<p>No evidence of recruitment after randomisation and allocation</p>,Low risk,"<p>Baseline characteristics and outcomes balanced between groups, see tables 3 and 4.</p>",Low risk,<p>Control practices unlikely to receive intervention</p>,Low risk,<p>Clustering accounted for in analysis</p>,Low risk,<p>Low risk across most domains</p>
Overbeek 2010,Unclear risk,<p>Randomisation method not described</p>,Unclear risk,<p>No details provided</p>,Unclear risk,<p>It was unclear who the outcome assessors were and then even how they were blinded.</p>,Low risk,<p>No clusters lost/excluded. Some patients were excluded for reasons provided and not in relation to the intervention.</p>,Unclear risk,"<p>There is no protocol available, but all outcomes are reported as prespecified in the Methods.</p>",Low risk,<p>No recruitment of hospitals after allocation. All patients meeting criteria were eligible - no proactive recruitment</p>,Unclear risk,"<p>It is unclear whether adjustments were made at baseline. Baseline characteristics may have some imbalances, but this is not discussed.</p>",Low risk,"<p>Due to cluster design with hospitals as the unit, contamination is unlikely.</p>",Low risk,<p>ORs adjusted for clustering for identification of patients at risk for Lynch syndrome and for applying MSI testing</p>,Unclear risk,<p>Unclear risk across important domains</p>
Palmer 1985a,Low risk,<p>Blocked randomisation</p>,Low risk,<p>Cluster trial; allocation after recruitment completed</p>,Unclear risk,<p>Unable to assess</p>,Unclear risk,<p>High turnover of professionals; impact unclear</p>,Low risk,<p>Appropriate outcomes measured</p>,Low risk,<p>No evidence of additional recruitment after randomisation</p>,Unclear risk,<p>Unable to assess</p>,Low risk,<p>Separate clusters</p>,Low risk,<p>GLM with mixed effects</p>,Low risk,<p>Low risk across most important domains</p>
Palmer 1985b,Low risk,<p>Blocked randomisation</p>,Low risk,<p>Cluster trial; allocation after recruitment completed</p>,Unclear risk,<p>Unable to assess</p>,Unclear risk,<p>High turnover of professionals; impact unclear</p>,Low risk,<p>Appropriate outcomes measured</p>,Low risk,<p>No evidence of additional recruitment after randomisation</p>,Unclear risk,<p>Unable to assess</p>,Low risk,<p>Separate clusters</p>,Low risk,<p>GLM with mixed effects</p>,Low risk,<p>Low risk across most important domains</p>
Papadakis 2018,Low risk,"<p>A methods group performed randomisation; thus, it is likely that sequence generation was adequate.</p>",Low risk,<p>Allocation was done centrally by a methods group and likely concealed.</p>,Low risk,"<p>Outcomes were self-reported by patients, who were blinded to their practice's allocation.</p>",Low risk,<p>73% of OMSC group and 81% of OMSC+ group contributed follow-up data and there are no reasons described for missing outcome data. However trial was by ITT.</p>,Low risk,<p>All outcomes specified in the protocol are reported.</p>,Low risk,<p>There is no evidence of recruitment after sites were randomised and allocated.</p>,Low risk,<p>No major differences between groups</p>,Low risk,"<p>Due to the cluster design, it is unlikely that the OMSC sites received the enhanced intervention.</p>",Low risk,<p>Clustering taken into account in analysis</p>,Low risk,<p>Low risk across all domains</p>
Pape 2011,Unclear risk,<p>Method of sequence generation is not reported.</p>,Low risk,<p>Secure cluster allocation used</p>,Low risk,<p>Outcomes were collected by medical records and unlikely to be biased by knowledge of group allocation.</p>,Low risk,"<p>No clusters lost to follow-up, but proportions of patients changed:<br>Intervention group total remained approx same: 28% (lost) + 26% (new)<br>Control group increased by approx 18%: 30% (lost) + 48% (new) (Fig ?, p. 2).</p>",Unclear risk,"<p>There is no trial registration or previously published protocol, so it is unclear if all preplanned outcomes were reported in this publication.</p>",Low risk,<p>No evidence that any recruitment occurred after allocation as all eligible clinics were invited to participate</p>,Low risk,"<p>""Clinics were randomised in a 1:2 intervention-to-control schedule using secure cluster allocation. Unequal allocation was used to accommodate pharmacist workload capacity... Clinics were matched based on the panel size of patients with DM, mean age of the DM panel, and proportion of patients with commercial insurance."" (p. 2)</p>",Low risk,"<p>""Cluster randomisation was used to minimise confusion on the part of physicians and staff and to limit contamination bias"". (p. 6)</p>",Low risk,<p>Analyses was performed adjusted for clustering.</p>,Low risk,<p>Low risk across most domains</p>
Patel M 2018,Low risk,<p>Electronic randomisation is likely to have been set up by statisticians and hence adequate.</p>,Low risk,"<p>While not explicitly stated, given that randomisation was performed centrally and trialists report that ""All investigators, statisticians, and data analysts were blinded to arm assignments until the study and analysis were completed"", it seems highly likely that the study ensured allocation was performed centrally and concealed.</p>",Low risk,<p>All personnel involved in outcome assessment were unaware of allocation.</p>,Low risk,<p>No missing outcomes and ITT analyses performed</p>,Low risk,<p>Prespecified outcome reported</p>,Low risk,<p>No recruitment of PCPs/patients after allocation. Eligible PCPs and patients were included in the study without needing to inform them.</p>,Low risk,"<p>Patients differed slightly across arms in a few sociodemographic and baseline characteristics but were mostly well balanced (Table 2) in the active as the clustering unit. To test the robustness of our findings, we conducted a sensitivity analysis in which the main model was estimated by adjusting for patient characteristics, including age, sex, race/ethnicity, insurance type, median annual household income by zip code, Charlson comorbidity index score, body mass index, most recent LDL-C level measurement, 10-year ASCVD risk score, clinical ASCVD, congestive heart failure, diabetes,&nbsp;hypertension, and smoking history, as well as PCP panel size. In post hoc exploratory analyses, the sensitivity model was further adjusted for PCP degree and using interaction terms of the study arm variables with race/ethnicity and separately with insurance type. To obtain the adjusted difference, 4774 patients were randomised (Figure). The PCPs differed slightly across arms for type of medical degree, but all other characteristics were well balanced (Table 1).</p>",Low risk,"<p>PCPs were unaware they were involved in the trial, and it is unlikely that there would be contamination between arms.</p>",Low risk,<p>Cluster as the unit was used in the analysis.</p>,Low risk,<p>Low risk across all domains</p>
Patel S 2018,Low risk,<p>Coin tossing to generate random sequence</p>,Unclear risk,<p>Unclear if clusters were recruited before randomisation or if they occurred on a single occasion</p>,Low risk,<p>Primary and secondary outcome data were automatically recorded from electronic records and unlikely subject to any bias. Study investigators recorded attendance at STAT rounds (unlikely subject to bias) and surveyed participants on perception of the intervention (knowledge of allocation would not influence reporting of experience of intervention). Analyses were performed and conducted by personnel blinded to group allocation.</p>,Low risk,<p>Small loss to follow-up and reasons given</p>,High risk,"<p>The trial registration has four primary outcomes (which is split into one primary outcome and three secondary outcomes in the trial publication), and four secondary outcomes (only one of which is described in the methods and reported in the results; three preplanned outcomes not reported - total phlebotomy sticks, percent of patients on telemetry until discharge, and proportion of patients discharged by noon). One outcome not in the trial registration added - 30-day patient readmission</p>",Low risk,<p>No evidence of recruitment to the trial after the start of the trial</p>,Low risk,<p>The clinical characteristics of patients discharged from the intervention and control groups did not differ significantly between groups.</p>,High risk,"<p>It appears that within medical teams, different physicians may have been allocated to different trial arms so there may have been risk of contamination.</p>",Low risk,<p>Analysis performed at the cluster level</p>,High risk,<p>High due to potential risk of contamination</p>
Pavese 2014,Unclear risk,<p>Not enough information to determine if a truly random method was used to allocate stratified groups</p>,Unclear risk,"<p>No details or study flow diagram to determine if allocation concealment was likely done, even though trialists stated that cluster-RCT consort criteria were met</p>",Low risk,<p>A specialist with no knowledge of group allocation collected data from electronic records onto standardised data collection forms.</p>,Low risk,"<p>Different cohorts and numbers of patient participants were included for each audit (therefore no missing outcome data, as available patient data at each time point obtained and analysed). No evidence that medical departments were lost to follow-up</p>",Unclear risk,"<p>There is no previously published protocol or trial registration, so it is unclear if all preplanned outcomes and analysis were reported.</p>",Low risk,<p>No participants recruited after group recruitment</p>,Unclear risk,"<p>Baseline imbalances in characteristics and outcome data are not described, but there appear to be differences in characteristics (e.g. type of department) and outcomes (e.g. sufficient volume of blood). It is unclear if these differences are significant.</p>",High risk,"<p>Although this was a cluster randomised trial, all clusters (medical departments) were located in one hospital. It is possible that medical professionals may have discussed the intervention across different clusters.</p>",High risk,"<p>Trialists did not perform analysis at the cluster level, and it is unclear if their analyses were sufficient.</p>",High risk,<p>High risk due to contamination and incorrect analysis</p>
Peiris 2015,Low risk,<p>Sequence generation was random as it was generated by a web-based platform (via trial registration).</p>,Low risk,<p>Allocation was performed centrally.</p>,Low risk,"<p>Outcomes were collected from de-identified patient data by personnel blinded to allocation, using an extraction tool. Unlikely that outcome assessment was subject to bias</p>",Low risk,<p>1/61 randomised but not analysed</p>,Low risk,<p>All outcomes prespecified in the trial registration are reported.</p>,Low risk,<p>No evidence of recruitment occurring after sites were allocated</p>,Low risk,<p>Baseline patient characteristics - no significant differences between intervention and usual care groups</p>,Low risk,<p>Allocated by service</p>,Low risk,<p>Clustering was taken into account in analysis.</p>,Low risk,<p>Low risk across all domains</p>
Persell 2020,Low risk,<p>Randomisation algorithm applied by a statistician likely adequate</p>,Low risk,<p>Central allocation and likely at the same time (per flow chart)</p>,Unclear risk,"<p>Not enough information about outcome assessment, particularly as some forms of data could potentially be subject to bias</p>",Low risk,<p>Similar numbers from Intervention and Control groups lost to follow-up for similar reasons</p>,Low risk,<p>Outcomes reported as specified in trial protocol</p>,Low risk,<p>No recruitment after randomisation and allocation</p>,Low risk,<p>Baseline characteristics and outcome data appear balanced.</p>,Low risk,"<p>Due to cluster design, contamination is unlikely.</p>",High risk,<p>No mention of adjustment for clustering in paper or protocol</p>,High risk,<p>Incorrect analysis - high</p>
Petersen 2013,Low risk,<p>An adequate method was used for sequence generation.</p>,Low risk,"<p>Based on the flowchart of enrolment, and as a data analyst performed randomisation, it is likely that allocation was done centrally and concealed.</p>",Low risk,<p>Outcomes were recorded in patient charts (unlikely that physicians would be biased in their recording) and a random sample was abstracted by data collectors who were blinded to allocation.</p>,Low risk,<p>1/20 physicians left the study due to leaving the practice. No other physicians left. There does not appear to be any issues with missing outcome data.</p>,High risk,<p>None of the secondary outcomes specified in the trial registration are reported here (unclear if these outcomes are reported elsewhere but no other results papers are included in the additional files).</p>,Low risk,<p>There is no evidence of recruitment after randomisation and allocation.</p>,Low risk,"<p>There are some significant baseline imbalances reported, but analyses were adjusted for predetermined baseline covariates and likely accounted for most of these differences.</p>",Low risk,"<p>Due to the cluster design by hospital, it is unlikely that there was contamination between groups.</p>",Low risk,<p>The trial analysed with the physician as the unit of analysis</p>,High risk,<p>Due to selective reporting</p>
Peters-Klimm 2008,Low risk,"<p>""After recruitment of practices and patients, stratified randomisation of practices was carried out by an external third party using the ""single-coin method"" based on a computer-generated list."" (Peters-Klimm 2009)<br>A random method was used for sequence generation.</p>",Low risk,"<p>""Intervention allocations were concealed from participating GPs and the intervention team by the third party until shortly before the intervention started in October 2005.""<br>Allocation was adequately concealed from participants.</p>",Low risk,"<p>GPs in both groups received an educational intervention and would not necessarily know what the trial's aim/hypothesis was; therefore, it is unlikely that documentation and extraction of the outcome was biased.</p>",Low risk,<p>Similar losses to follow-up and exclusion from analysis in both groups (explained by deaths and contraindications):<br><br>TTT intervention group:<br>GPs: 0 lost to follow-up &amp; 1 excluded from analysis<br>Patients: 6 lost to follow-up &amp; 11 not included in analysis (80/91 included in analysis)<br><br>Standard control group:<br>GPs: 0 lost to follow-up; all included in analysis<br>Patients: 9 lost to follow-up &amp; 2 excluded from analysis (66/77 included in analysis)</p>,Low risk,<p>Peters-Klimm 2009 publication reports all outcomes retrospectively specified in the trial registration. Outcomes in Peters-Klimm 2008 were not specified in the (retrospective) trial registration but appear to be logical outcomes for inclusion and not suggestive of selective outcome reporting.</p>,Low risk,<p>No evidence of recruitment occurring after practices were randomised and allocated</p>,Low risk,<p>All baseline characteristics and outcome data (except for hypertension) appear balanced between groups.</p>,Low risk,"<p>A cluster design was used with GPs as the cluster, so it is unlikely that ""standard"" group participants received the TTT intervention.</p>",Low risk,<p>Analyses were conducted with clustering taken into account.</p>,Low risk,<p>Low risk across all domains</p>
Pettersson 2011,Low risk,<p>Computer-generated randomisation sequence</p>,Low risk,"<p>No details, but based on the study flow diagram, it appears likely that all clusters were allocated at the same time</p>",Low risk,<p>Unlikely that knowledge of allocation influenced the recording of patient data and extraction of outcome data for the trial</p>,High risk,<p>More control nursing homes were lost to follow-up (9/29 vs 3/29).</p>,Unclear risk,"<p>No outcomes were specified in the trial registration (which was not prospective), so it is unclear if all preplanned outcomes were measured and reported here.</p>",Low risk,<p>There is no evidence of recruitment after randomisation and allocation.</p>,Low risk,<p>Baseline characteristics and outcome data appear balanced between groups.</p>,Low risk,<p>Cluster design means that it is unlikely that the control arm received the intervention.</p>,Low risk,<p>Analysis was performed at the patient level with clustering taken into account.</p>,High risk,<p>Due to incomplete outcome data</p>
Pimlott 2003,Unclear risk,<p>Unable to assess</p>,Low risk,<p>Cluster trial; allocation after recruitment completed</p>,Low risk,<p>&nbsp;Data collected from central database</p>,Low risk,<p>All physicians followed up</p>,Low risk,<p>Appropriate outcomes measured</p>,Low risk,<p>No evidence of recruitment after randomisation</p>,Low risk,<p>Table 1</p>,Low risk,<p>Separate GPs</p>,Unclear risk,<p>Unclear if clustering was considered</p>,Low risk,<p>Low risk across most domains</p>
Price-Haywood 2014,Low risk,<p>Computer-generated</p>,Low risk,"<p>Not explicitly described, but seems like all clusters allocated at one time</p>",Unclear risk,<p>Standardised patients who recorded the outcomes and were not blinded to allocation. Potential for knowledge to influence outcome reporting. Unclear if chart auditors were blinded</p>,Low risk,<p>ITT used</p>,Unclear risk,<p>Trial registry was retrospectively posted; 12 and 24-month data for cancer screening rates would be measured but only one time point (unclear on time point) was reported. Patient cancer screening knowledge appears to be a new outcome.</p>,Low risk,<p>Appear to be enroled at the same time with no added participants after randomisation</p>,Low risk,<p>Similar characteristics between patients and physicians</p>,Low risk,"<p>Randomised at practice level, and only 2 patients crossed over groups; therefore, unlikely to impact outcomes</p>",Unclear risk,<p>Unclear if clustering taken into account in analyses</p>,Low risk,<p>Low risk across most domains</p>
Quanbeck 2018,Low risk,<p>Randomisation by computerised random number generator (p. 5)</p>,High risk,"<p>Allocation was not concealed given that a clinic within a pair was invited to be the intervention arm and, if they declined, the other in the pair was then assigned the intervention arm.</p>",Low risk,<p>Personnel and participants were not blinded to their allocation and the control group received no intervention. It is unlikely that this would have affected the patient's outcomes versus if the intervention was given outside of a trial.</p>,Low risk,<p>No clinics reported as lost to follow-up</p>,Unclear risk,"<p>While the trial registration lists most patient outcomes up to 3 years, this publication reports up to 12 months. Provider dropout (secondary outcome) was not explicitly reported.</p>",High risk,"<p>Sites were recruited after initial recruitment and randomisation when some sites declined to participate. Of the control group, 3/4 were recruited late.</p>",Low risk,<p>Matched-pair design (p. 4)</p>,Low risk,<p>Clinics were randomised - it is unlikely that control clinics received the intervention.</p>,Unclear risk,<p>No adjustment for clustering mentioned</p>,High risk,<p>Due to allocation concealment and recruitment bias</p>
Quinley 2004,Unclear risk,<p>Unable to assess</p>,Low risk,<p>Cluster trial; allocation after recruitment completed</p>,Low risk,<p>&nbsp;Data collected from central claims</p>,Low risk,<p>Data collected from Medicare; very small number had insufficient data</p>,Low risk,<p>Appropriate outcomes measured</p>,Low risk,<p>No evidence of recruitment after randomisation</p>,Low risk,<p>See page 108</p>,Low risk,<p>Randomisation by practice</p>,Unclear risk,"<p>No adjustment for clustering mentioned (t-tests used to compare changes in mean differences, but units of analysis and randomisation are both individual GPs)</p>",Low risk,<p>Low risk across most domains</p>
Raasch 2000,Low risk,<p>Random number table</p>,Low risk,<p>Cluster trial; allocation after recruitment completed</p>,Unclear risk,<p>Unable to assess</p>,Low risk,<p>4/46 lost to follow-up</p>,Low risk,<p>Appropriate outcomes measured</p>,Low risk,<p>No evidence of recruitment after randomisation</p>,Unclear risk,<p>Unable to assess</p>,Unclear risk,<p>Unable to assess</p>,High risk,"<p>""Analysis at the level of the doctors alone could not account for variation introduced by the office practice, nonstandardised setting of the study.""</p>",High risk,<p>Due to incorrect analysis</p>
Raja 2015,Low risk,<p>A random method was used for sequence generation.</p>,Unclear risk,<p>No details or study flow diagram to determine if it was likely all clusters were allocated at the same time</p>,Low risk,<p>Researchers checked that physicians were not recording their behaviour differently and biasing the outcome data.</p>,Unclear risk,"<p>Physicians who left were excluded from analysis. Trialists do not report the numbers recruited and randomised, so it is unclear how many physicians (clusters) were subsequently excluded from analysis.</p>",Unclear risk,"<p>There is no trial registration or previously published protocol, so it is unclear if all preplanned outcomes and analyses were reported.</p>",Low risk,<p>We included all attending emergency physicians.</p>,Low risk,<p>Baseline characteristics and outcome data were balanced between groups.</p>,High risk,"<p>As all participants were located on one site, it is likely (as trialists also discuss) that physicians in the control arm were aware of or influenced by the intervention received by physicians in the intervention arm.</p>",Unclear risk,"<p>Methods of analyses are insufficiently reported, so unclear.</p>",High risk,<p>Due to contamination</p>
Ralph 2018,Low risk,<p>A random method was used for sequence generation.</p>,Low risk,"<p>Allocation was done centrally at the NHMRC CTC as noted above; hence, low risk of selection bias</p>",Low risk,<p>It is unlikely that knowledge of allocation influenced outcome data recording and extraction. Data were also checked for accuracy.</p>,Low risk,<p>No clusters lost to follow-up and all eligible patient-level outcome data were included.</p>,Unclear risk,"<p>Primary outcome is expanded upon in the data reported, and multiple secondary outcomes were added in this publication (compared to the one primary and three secondary outcomes listed in the trial registration). It is unclear if these decisions were made to make the intervention look better.</p>",Low risk,<p>All eligible health centres were invited to participate and there is no evidence of recruitment after allocation.</p>,Unclear risk,"<p>Table 1 shows few baseline differences between clusters; however, there is no mention of these differences being accounted for in the analyses.</p>",Low risk,"<p>Some patients (number not specified) moved between sites. However, the outcome is measured for the healthcare received by a patient within a health centre, so it is unlikely that patients have an influence on the trial outcomes.</p>",High risk,<p>Analysis was performed at the patient-level and no evidence that data were adjusted for cluster effect</p>,High risk,<p>Due to incorrect analysis</p>
Rantz 2001,Unclear risk,<p>Unable to assess</p>,Low risk,<p>Cluster trial; allocation after recruitment completed</p>,Unclear risk,<p>Unable to assess</p>,Low risk,<p>Data analysed as intention-to-treat</p>,Unclear risk,<p>Unable to assess</p>,Low risk,<p>No evidence of recruitment after randomisation</p>,Low risk,<p>See Table 1</p>,Low risk,<p>Separate nursing homes</p>,Low risk,<p>Adjustments for clustering described (adjustment for resident case mix)</p>,Unclear risk,<p>Unclear risk across important domains</p>
Rask 2001,Unclear risk,<p>Unable to assess</p>,Low risk,<p>Cluster trial; allocation after recruitment completed</p>,Unclear risk,<p>Unable to assess</p>,Low risk,<p>Data on all 4 clinics</p>,Unclear risk,<p>Unable to assess</p>,Low risk,<p>No evidence of additional recruitment after randomisation</p>,Unclear risk,<p>Unable to assess</p>,Unclear risk,<p>Unable to assess</p>,Low risk,<p>Logistic regression</p>,Unclear risk,<p>Unable to assess risk in important domains</p>
Robling 2002,High risk,"<p>Random numbers table used and likely adequate for first trial, then stratified and randomised for second trial (likely also adequate). However in trial 1, 7 practices chose their own assignment and formed a third arm.</p>",Low risk,"<p>No details but based on the study flow diagram, it appears likely that all clusters were allocated at the same time.</p>",High risk,<p>GPs and researchers were aware of allocation and GPs self-reported their requesting behaviour and other relevant clinical data during interviews in order for a panel (who were blinded to allocation) to categorise the requests as guideline concordant or not. There is potential for bias in self-reporting.</p>,High risk,"<p>2 practices declined to participate in trial two and it is unclear which arms they were in in trial one. Outcome data analysed varied between arms in trial one (79-85% in trial 1) and trial two (47-75%) and most were due to ""no follow-up"", suggesting there was bias in incomplete outcome data.</p>",Unclear risk,"<p>There is no prepublished protocol or trial registration, so it is unclear if all preplanned outcomes were reported.</p>",Low risk,<p>There is no evidence recruitment was after randomisation and allocation.</p>,Unclear risk,"<p>No baseline characteristics of practices were reported, so it is unclear.</p>",Low risk,"<p>Due to the cluster design, it is unlikely that there was contamination between sites.</p>",Low risk,<p>Clustering was taken into account in the analyses.</p>,High risk,"<p>Due to sequence generation, incomplete outcome data and blinding</p>"
Rodriguez 2015,Low risk,<p>Table of random numbers</p>,Low risk,<p>Concealed table of allocation</p>,High risk,<p>Outcome assessors/site coordinators not able to be blinded</p>,Unclear risk,<p>2 sites dropped out and reasons do not seem to have relation to the intervention. Outcome data were reported for them even though trial stated they were excluded from analysis.</p>,Unclear risk,"<p>No prior trial registration was available that defined the outcomes to make accurate assessment, and also  main outcome (table 3) raw data not reported </p>",Low risk,<p>It appears that sites were allocated centrally; recruitment bias unlikely</p>,Unclear risk,<p>Unable to assess; not described</p>,High risk,"<p>Contamination could not be ruled out, because every site coordinator knew already that hand hygiene had to be improved.</p>",Low risk,<p>Analysis at cluster level</p>,High risk,<p>Due to contamination and blinding</p>
Roos-Blom 2019,Low risk,<p>Computer-generated random sequence</p>,Low risk,<p>Allocation concealed by researcher unaffiliated with the study</p>,Unclear risk,<p>Unclear if trial personnel were involved in outcome assessment (as they were unblinded)</p>,Low risk,<p>All ICUs randomised were followed up and analysed.</p>,Low risk,<p>Primary and secondary outcomes consistent with registered protocol</p>,Low risk,<p>No evidence of recruitment after randomisation and allocation</p>,Low risk,<p>No significant differences in table 1</p>,Low risk,<p>Allocated by ICUs (clusters) across the Netherlands and unlikely that the control group received the intervention</p>,Low risk,<p>Analysed with clustering taken into account</p>,Low risk,<p>Overall low risk of bias</p>
Ruangkanchanasetr 1993a,Unclear risk,<p>Unable to assess</p>,Low risk,<p>Cluster trial; allocation after recruitment completed</p>,Unclear risk,<p>Unable to assess</p>,Unclear risk,<p>Unable to assess; no information about follow-up provided</p>,Low risk,<p>Appropriate outcomes measured</p>,Low risk,<p>No evidence of recruitment after randomisation</p>,Unclear risk,<p>Unable to assess</p>,Unclear risk,<p>Unable to assess</p>,Unclear risk,"<p>No adjustment for clustering mentioned (non-parametric tests used, but unit of analysis and randomisation are both at the level of individual GPs)</p>",Unclear risk,<p>Unclear across important domains</p>
Ruangkanchanasetr 1993b,Unclear risk,<p>Unable to assess</p>,Low risk,<p>Cluster trial; allocation after recruitment completed</p>,Unclear risk,<p>Unable to assess</p>,Unclear risk,<p>Unable to assess; no information about follow-up provided</p>,Low risk,<p>Appropriate outcomes measured</p>,Low risk,<p>No evidence of recruitment after randomisation</p>,Unclear risk,<p>Unable to assess</p>,Unclear risk,<p>Unable to assess</p>,Unclear risk,"<p>No adjustment for clustering mentioned (non-parametric tests used, but unit of analysis and randomisation are both at the level of individual GPs)</p>",Unclear risk,<p>Unclear across important domains</p>
Ruangkanchanasetr 1993c,Unclear risk,<p>Unable to assess</p>,Low risk,<p>Cluster trial; allocation after recruitment completed</p>,Unclear risk,<p>Unable to assess</p>,Unclear risk,<p>Unable to assess; no information about follow-up provided</p>,Low risk,<p>Appropriate outcomes measured</p>,Low risk,<p>No evidence of recruitment after randomisation</p>,Unclear risk,<p>Unable to assess</p>,Unclear risk,<p>Unable to assess</p>,Unclear risk,"<p>No adjustment for clustering mentioned (non-parametric tests used, but unit of analysis and randomisation are both at the level of individual GPs)</p>",Unclear risk,<p>Unclear across important domains</p>
Rubin 2001,Low risk,<p>Random number table</p>,Low risk,<p>Cluster trial; allocation after recruitment completed</p>,Low risk,<p>&nbsp;Outcome assessors blinded to intervention</p>,Unclear risk,<p>Unable to assess</p>,Unclear risk,<p>Unable to assess</p>,Low risk,<p>No evidence of recruitment after randomisation</p>,Unclear risk,<p>Unable to assess</p>,Low risk,<p>Separate hospitals</p>,Unclear risk,<p>No adjustment for clustering mentioned</p>,Low risk,<p>Low risk across most domains</p>
Rust 1999,Unclear risk,<p>Unable to assess</p>,Unclear risk,<p>Unable to assess</p>,High risk,<p>&nbsp;Not done</p>,Unclear risk,<p>Unable to assess</p>,Low risk,<p>Cluster trial; allocation after recruitment completed</p>,Low risk,<p>No evidence of recruitment after randomisation</p>,Unclear risk,<p>Unable to assess</p>,Unclear risk,<p>Unable to assess</p>,Unclear risk,<p>No adjustment for clustering mentioned</p>,High risk,<p>Due to blinding</p>
Ryan 2014,Unclear risk,<p>No details on method of random sequence generation</p>,Unclear risk,<p>No details or study flow diagram to determine if clusters were likely allocated at the same time</p>,Low risk,<p>Outcome measures were obtained from electronic health records. Unlikely subject to bias</p>,Low risk,<p>Does not appear any clusters were lost</p>,Unclear risk,<p>No protocol to compare outcomes against</p>,Low risk,"<p>Practices randomised but more added for year 2; same process, so probably not an issue</p>",Low risk,"<p>No difference in practice characteristics, only financial incentives which were the study design</p>",Low risk,<p>Allocation by cluster; nothing to suggest contamination risk</p>,Low risk,<p>Analysis at cluster level</p>,Unclear risk,<p>Unclear across important domains</p>
Ryskina 2018,Low risk,<p>Random number generator was used.</p>,Low risk,<p>Not described but appears likely all clusters allocated at one time</p>,Low risk,<p>The investigators were blinded to randomisation and during data collection and analysis.</p>,Low risk,<p>No missing outcome data and ITT analysis used</p>,High risk,<p>Outcomes were reported for the primary outcome and consistent with registered trial. Secondary outcomes from registered trial (e.g. rate of imaging orders) not presented though</p>,Low risk,"<p>During each 2-week block, we randomised three of the clusters to the experimental group and three to the control group using a random number generator.</p>",Low risk,"<p>There were no statistically significant differences in physician characteristics, patient census per physician per day, or non-targeted laboratory tests between intervention and control groups.</p>",High risk,<p>Single-centre study and difficult to protect against this risk of bias</p>,Low risk,<p>Analysis took into account clustering.</p>,High risk,<p>Due to potential risk in protection against contamination</p>
Sauaia 2000,Low risk,<p>Computer randomisation</p>,Low risk,<p>Cluster trial; allocation after recruitment completed</p>,Low risk,<p>&nbsp;Quality indicators collected centrally</p>,Low risk,<p>18 hospitals included in data collection</p>,Low risk,<p>Appropriate outcomes reported</p>,Low risk,<p>No evidence of recruitment after randomisation</p>,Low risk,<p>Table 2</p>,Low risk,<p>Separate hospitals</p>,Low risk,"<p>""Multiple logistic regression models (patient as unit of analysis) and the Laird-Ware linear model (hospital as the unit of analysis) were applied to the data"".</p>",Low risk,<p>Low across all domains</p>
Scales 2011,Low risk,"<p>Computer randomisation, performed by statistician, performed after all ICUs recruited (protocol)</p>",Low risk,<p>Allocation was concealed.</p>,High risk,<p>Data collectors were a nurse in each ICU (likely aware of their allocation).</p>,Low risk,<p>No loss of clusters</p>,Low risk,<p>Analysed in accordance with that planned in published protocol (ref 13)</p>,Low risk,<p>The 15 ICUs were randomised into two groups and no further recruitment of ICUs was conducted.</p>,Low risk,<p>Table 3 showed that the characteristics of participating ICUs were similar across both groups except for minor differences in pair 2 which was accounted for in the analysis.</p>,Low risk,<p>Randomisation at the ICU so unlikely risk of contamination</p>,Low risk,<p>Clustering accounted for in analysis</p>,High risk,<p>Due to blinding</p>
Scales 2016,Low risk,<p>Computer randomisation</p>,Low risk,<p>Sounds like randomisation to blocks had occurred at one time point</p>,Low risk,<p>Data collectors blinded; electronic medical records also used</p>,Low risk,<p>Low data in follow-up from 1/18 hospitals. Unlikely this significantly affected outcomes</p>,Low risk,<p>Outcomes reported in line with clinical trial registration</p>,Low risk,<p>No clinics recruited after randomisation.</p>,Low risk,<p>Characteristics similar across groups (table 1)</p>,Low risk,<p>Randomised by hospital to prevent contamination</p>,Low risk,<p>Adjustment for clustering in analysis</p>,Low risk,<p>Low risk across all domains</p>
Schectman 1995,Unclear risk,<p>Unable to assess</p>,Low risk,<p>Cluster trial; allocation after recruitment completed</p>,Unclear risk,<p>Unable to assess</p>,Low risk,<p>All physicians included in analysis</p>,Low risk,<p>Appropriate outcomes reported</p>,Low risk,<p>No evidence of recruitment after randomisation</p>,Low risk,<p>See Figure 1</p>,Unclear risk,<p>Unable to assess</p>,Low risk,<p>Unit of analysis was the physician.</p>,Unclear risk,<p>Unable to assess risk across important domains</p>
Schectman 2003,Low risk,<p>Sealed envelopes used</p>,Low risk,<p>Cluster trial; allocation after recruitment completed</p>,Low risk,<p>&nbsp;Abstractors blinded</p>,Unclear risk,<p>Unable to assess</p>,Unclear risk,<p>Unable to assess</p>,Low risk,<p>No evidence of recruitment after randomisation</p>,Unclear risk,<p>Unable to assess</p>,Low risk,<p>Separate sites for GPs</p>,Low risk,<p>Nested model (physician within site) was utilised.</p>,Low risk,<p>Low risk across important outcomes</p>
Schmidt-Mende 2017,Low risk,<p>Computer random number generator</p>,Low risk,"<p>Though not explicitly described, it appears all practices were allocated at one time.</p>",Low risk,<p>Data retrieved from electronic records and unlikely to be subject to bias</p>,Low risk,<p>1/69 practices dropped out; this would not suggest significant imbalance in incomplete outcome data between groups.</p>,Low risk,<p>Outcomes consistent with clinical trial registration</p>,Low risk,<p>No recruitment after baseline</p>,Low risk,<p>Baseline characteristics had high similarity (table 1).</p>,Low risk,<p>Whole practices randomised; unlikely contamination</p>,Low risk,<p>Accounted for clustering in analysis</p>,Low risk,<p>Low risk across all domains</p>
Schneider 2008,Unclear risk,<p>Unable to assess</p>,Low risk,<p>Cluster trial; allocation after recruitment completed</p>,Unclear risk,<p>Unable to assess</p>,High risk,<p>Many lost to follow-up</p>,High risk,<p>Only secondary outcomes</p>,Low risk,<p>No evidence of recruitment after randomisation</p>,Unclear risk,<p>Unable to assess</p>,Unclear risk,<p>Unable to assess</p>,Unclear risk,<p>No adjustment for clustering mentioned</p>,High risk,<p>Due to incomplete outcome data and selective reporting</p>
Scholes 2006,Unclear risk,<p>Unable to assess</p>,Low risk,<p>Cluster trial; allocation after recruitment completed</p>,Low risk,<p>&nbsp;Database used for data</p>,Low risk,<p>Data from all clinics presented</p>,Unclear risk,<p>Unable to assess</p>,Low risk,<p>No evidence of recruitment after randomisation</p>,Low risk,<p>Table 2</p>,Low risk,<p>Separate clinics</p>,Low risk,<p>GEEs used to adjust for within-clinic correlations</p>,Low risk,<p>Low risk across most domains</p>
Shen 2018,Low risk,<p>Computer-generated random sequence</p>,Low risk,"<p>Not stated whether randomisation occurred at one or several temporal points. However, it sounds like it was done centrally; likely low RoB.</p>",Unclear risk,<p>Unclear if data collectors were aware of allocation</p>,Low risk,<p>No loss of clusters</p>,Unclear risk,<p>No trial registration or protocol found</p>,Low risk,"<p>The study sites were determined via a 3-step clustered randomisation. Step 1 divided all the 55 rural counties in Anhui province into north (17 counties), middle (16), and south (22). Step 2 randomly selected: (1) 4 counties from each of the regions, (2) 1 township from each of the selected counties, and (3) 2 administrative villages from each of the selected townships. Step 3 randomly assigned the 2 villages within each township into intervention and control arms. All the 24 village clinics in the selected villages agreed to participate.</p>",Low risk,<p>Table 1 describes balanced baselines.</p>,Low risk,"<p>From appendix 5: ""Only the village doctors with the 12 village clinics on the intervention arm were allowed to use JITIF-WBA. They needed not pay for accessing the application. But each of the participating village doctors was asked to register a personal account and was only able to record and view service encounters with his/her patients"".</p>",Unclear risk,<p>Controls for clustering not described. Table 2 &amp; 3 look like analysis was at participant level.</p>,Low risk,<p>Low risk across most domains</p>
Sinclair 1982,Unclear risk,<p>Unable to assess</p>,Low risk,<p>Cluster trial; allocation after recruitment completed</p>,Low risk,<p>&nbsp;Data collected by blinded assessor</p>,Low risk,<p>Follow-up for all professionals</p>,Low risk,<p>Appropriate outcomes reported</p>,Low risk,<p>No evidence of recruitment after randomisation</p>,Unclear risk,<p>Unable to assess</p>,Unclear risk,<p>Unable to assess</p>,Unclear risk,<p>Limited details on analysis</p>,Low risk,<p>Low risk across most important domains</p>
Siriwardena 2002,Unclear risk,<p>Unable to assess</p>,Low risk,<p>Cluster trial; allocation after recruitment completed</p>,Low risk,<p>&nbsp;Data collected as part of national campaign</p>,Low risk,<p>Data from all practices provided</p>,Low risk,<p>Appropriate outcomes reported</p>,Low risk,<p>No evidence of recruitment after randomisation</p>,Low risk,<p>Groups similar at baseline</p>,Low risk,<p>Separate practices</p>,Unclear risk,<p>No adjustment for clustering mentioned</p>,Low risk,<p>Low risk across most domains</p>
Smith 1998,Low risk,<p>Computer randomisation</p>,Low risk,<p>Cluster trial; allocation after recruitment completed</p>,Low risk,<p>&nbsp;Data collected through Medicaid</p>,Low risk,<p>Fewer than 10% stopped taking drugs.</p>,Low risk,<p>Appropriate outcomes reported</p>,Low risk,<p>No evidence of cluster recruitment after randomisation</p>,Low risk,<p>Table 1</p>,Low risk,<p>Randomised by cluster</p>,Unclear risk,<p>No adjustment for clustering mentioned</p>,Low risk,<p>Low risk across most domains</p>
Smith-Bindman 2020,Unclear risk,<p>Sequence generation is not clearly reported.</p>,Low risk,<p>Central allocation by an independent person</p>,Unclear risk,<p>Outcome data assessment not described in enough detail but it appears that &nbsp;de-identified CT scans were assessed so detection bias is not likely.</p>,Unclear risk,"<p>Loss of facilities ranged from 15%, 20% and 30% in the three arms, with reasons reported and these do not appear related to the intervention. There is potential concern for the arm that lost 30% of facilities (compared to the other two - 15% and 20%).</p>",Low risk,<p>Outcomes reported as per trial registration</p>,Low risk,<p>No evidence of recruitment after randomisation and allocation</p>,Low risk,<p>Baseline appears balanced.</p>,Unclear risk,"<p>Authors acknowledge facilities are interconnected and efforts were made to reduce contamination, but it is unclear if this was successful between facilities within an organisation.</p>",Low risk,<p>Clustering was accounted for in the analysis.</p>,Unclear risk,<p>Protection against contamination - unclear</p>
Socolar 1998,Low risk,<p>Random number assignment</p>,Low risk,<p>Cluster trial; allocation after recruitment completed</p>,Low risk,<p>&nbsp;Documentation assessed by blinded reviewers</p>,Unclear risk,<p>Unable to assess</p>,Low risk,<p>Appropriate outcomes reported</p>,Low risk,<p>No evidence of cluster recruitment after randomisation</p>,Low risk,<p>Table 1</p>,Low risk,<p>Separate professionals</p>,Low risk,<p>Appropriate adjustment for clustering described (linear regression with ICC)</p>,Low risk,<p>Low risk across most domains</p>
Soleymani 2019,Low risk,<p>Random number generator</p>,Low risk,"<p>Based on the study flow diagram, it appears likely that all clusters were allocated at the same time.</p>",Unclear risk,<p>Not enough information on outcome assessment and data collection</p>,Low risk,"<p>Few withdrawals and, though not described which arm these withdrawals were from, the low number would be unlikely to bias the outcomes.</p>",Low risk,<p>Outcomes and time frames were consistent with registered protocol.</p>,Low risk,<p>Unlikely that physicians were recruited to the trial after clusters were randomised</p>,Low risk,<p>Baseline balanced as described in table 1</p>,Unclear risk,<p>It is possible that the physicians who received the printed educational material could have communicated between physicians allocated to other groups.</p>,Low risk,"<p>We conducted the analyses at the strata level (physicians), as the intended unit of inference was the physician.</p>",Low risk,<p>Low risk across most domains</p>
Solomon 2004,Unclear risk,<p>Unable to assess</p>,Low risk,<p>Cluster trial; allocation after recruitment completed</p>,Unclear risk,<p>Unable to assess</p>,Unclear risk,<p>Unable to assess</p>,Low risk,<p>Appropriate outcomes reported</p>,Low risk,<p>No evidence of cluster recruitment after randomisation</p>,Low risk,<p>One physician lost to follow-up; not related to intervention. See Table 1</p>,Unclear risk,<p>Unable to assess</p>,Low risk,"<p>""Because the intervention was directed at rheumatologists and patients were clustered within rheumatologists’ practices, we adjusted the analyses for treating rheumatologist by including a term for the doctor in the multivariate model using the generalised estimating equation (GEE).""</p>",Unclear risk,<p>Unclear risk in important domains</p>
Soumerai 1998,Unclear risk,<p>No description of sequence generation</p>,Low risk,"<p>No description of allocation methodology, but as randomisation was performed on one day, and based on a flow chart, it appears likely that clusters were allocated at one time</p>",Low risk,"<p>Unclear if data abstractors were blinded. But there were multiple research nurses doing this, with ongoing inter-rater agreement maintained and a random sample audited, so it is unlikely that biases were introduced into data abstraction. Data for medical records were put in by healthcare professionals unaware of the study arms and hypothesis.</p>",Unclear risk,"<p>1/17 control sites lost due to the hospital closing down, which was outside of study's control and not influenced by the intervention. Some hospitals excluded from drug-specific analyses with explanation, but unclear if this was planned prior.</p>",Unclear risk,<p>No protocol or trial registry to determine if all preplanned outcomes were reported in the preplanned manner</p>,Low risk,<p>No evidence of recruitment after randomisation and allocation</p>,Low risk,<p>Baseline characteristics and outcome data appear balanced.</p>,Low risk,"<p>Due to the cluster design (including randomising by geography), contamination is unlikely.</p>",Unclear risk,<p>How trialists analysed hospitals as a unit is unclear in the methods and in the data presented.</p>,Low risk,<p>Low risk across most important domains</p>
Spoorenberg 2015,Low risk,<p>Randomisation by minimisation by statistician; likely okay</p>,Low risk,<p>Allocation likely central and done at one time</p>,Low risk,<p>Low risk of detection bias as the assessors were blinded to treatment groups.</p>,Low risk,<p>All recruited clusters completed the study and were analysed.</p>,Unclear risk,"<p>The trial registration stated that cost-effectiveness is a secondary outcome; however, the paper does not report the reason for not collecting or reporting this outcome.</p>",Low risk,"<p>No interventions at the patient level were done and patient data were analysed in a retrospective design anonymously. CFS: patients enroled from October 15, 2010: enrolment in post-intervention measurement at least 6 months after providing the feedback reports. MFS: patient enrolment in post-intervention measurement depended on the individual implementation schedule: at least 3 months after the hospital's kick-off meeting, and at least 6 months after providing the first feedback report.</p>",Low risk,<p>No baseline differences between groups</p>,Low risk,<p>Allocation at practice level</p>,Low risk,<p>Appropriate analysis method used which accounted for clustering effects</p>,Low risk,<p>Low risk across most domains</p>
Stewardson 2016,Low risk,<p>Computer-generated sequence</p>,Low risk,<p>Central allocation and likely done at one time</p>,Unclear risk,<p>Unclear if nurses assessing the outcomes were aware of allocation</p>,Low risk,<p>1/21 control arm lost to follow-up with reason provided. Unlikely missing outcome data are biased</p>,Low risk,<p>The outcomes reported in the trial were consistent with the retrospective registered protocol.</p>,Low risk,<p>These strata grouped together wards with similar patient charac teristics.</p>,Low risk,<p>No important baseline differences were noted in primary or secondary outcome or characteristics of wards.</p>,High risk,"<p>First, although we attempted to minimise cross-contamination between study groups by using a cluster randomised design, such cross-contamination was difficult to avoid because of the movement of healthcare workers between wards (particularly physicians, allied health-care professionals, and shared institutional leadership). Second, exclusion from intervention groups motivated some control wards to&nbsp;develop their own hand hygiene initiatives, including patient participation. Although this so-called study effect&nbsp;in the control group was a success from a patient safety perspective, it undermined the study design.</p>",Low risk,<p>Analyses between groups took into account clustering design in the RCT.</p>,High risk,<p>Due to potential risk in protection against contamination</p>
Søndergaard 2002,Unclear risk,<p>Unable to assess</p>,Low risk,<p>Cluster trial; allocation after recruitment completed</p>,Low risk,<p>&nbsp;Data collected from billing database</p>,Low risk,<p>All prescriptions assessed</p>,Low risk,<p>Appropriate outcomes reported</p>,Low risk,<p>No evidence of cluster recruitment after randomisation</p>,Low risk,"<p>Quote: ""There was no statistically significant differences between the intervention and the control groups....at the onset of the trial.""</p>",Low risk,<p>Practices randomised</p>,Low risk,<p>Appropriate adjustment for clustering described (cox regression with robust variance estimates)</p>,Low risk,<p>Low risk across most domains</p>
Søndergaard 2003,Unclear risk,<p>Unable to assess</p>,Low risk,<p>Cluster trial; allocation after recruitment completed</p>,Low risk,<p>&nbsp;Data collected from billing database</p>,Low risk,<p>All prescriptions assessed</p>,Low risk,<p>Appropriate outcomes reported</p>,Low risk,<p>No evidence of cluster recruitment after randomisation</p>,Low risk,<p>Table 1</p>,Low risk,<p>Practices randomised</p>,Unclear risk,<p>No adjustment for clustering mentioned</p>,Low risk,<p>Low risk across most domains</p>
Søndergaard 2006,Low risk,<p>Random number table</p>,Low risk,<p>Cluster trial; allocation after recruitment completed</p>,High risk,<p>Audit done by participants</p>,Low risk,<p>Equal dropouts in both groups; see Figure 1</p>,Low risk,<p>Appropriate outcomes reported</p>,Low risk,<p>No evidence of cluster recruitment after randomisation</p>,Low risk,<p>See Table 1</p>,Unclear risk,<p>Unable to assess</p>,Low risk,"<p>""The association between intervention and changes in outcome variables was assessed using logistic regression analyses. We adjusted for clustering at the level of the individual GP, thus accounting for non-independence of observations within each practice.""</p>",High risk,<p>Due to blinding</p>
Tadrous 2020,Low risk,<p>Computer-generated random sequence</p>,Low risk,"<p>Randomisation occurred at one time, likely centrally.</p>",Unclear risk,"<p>The article states that nursing home staff (aware of allocation) complete RAI (Resident Assessment Instrument) assessments within 14 days of admission, but it is not clear who makes the 3, 6 and 12-month assessments (using data from the administrative claims databases).</p>",Low risk,<p>No nursing homes were lost to follow-up in either intervention or control group (Figure 1). ITT analyses used</p>,Low risk,<p>Table 2 - outcomes reported as planned in protocol (available in supplementary material)</p>,Unclear risk,<p>Care homes could not be blinded to their allocation and staff could choose whether to participate - may have led to recruitment bias?</p>,Unclear risk,<p>Some baseline imbalances reported and it does not appear adjustments were made</p>,Unclear risk,<p>Nursing homes were not blinded to their allocation and it is unclear if staff may be able to move between sites.</p>,Low risk,<p>Clustering taken into account in analysis</p>,Low risk,"<p>Recruitment bias, baseline imbalance and protection against contamination judged as unclear; all else low risk</p>"
Thomas 2006,Low risk,"<p>Quote: ""cluster randomization...with a minimization procedure""</p>",Low risk,<p>Cluster trial; allocation after recruitment completed</p>,Low risk,"<p>&nbsp;<br>Quote: ""The laboratory personnel who processed the requests were unaware of the intervention-group status.""</p>",Low risk,<p>Data from all sites randomised included in analysis</p>,Low risk,<p>Appropriate outcomes reported</p>,Low risk,<p>No evidence of cluster recruitment after randomisation</p>,Unclear risk,<p>Unable to assess</p>,Low risk,<p>Separate practices</p>,Unclear risk,<p>No adjustment for clustering mentioned</p>,Low risk,<p>Low risk across most domains</p>
Thomas 2007,Unclear risk,<p>Unable to assess</p>,Unclear risk,<p>Unable to assess</p>,Unclear risk,<p>&nbsp;Unclear if blood pressure assessors were blinded</p>,Low risk,<p>All subjects included in analysis</p>,Low risk,<p>Appropriate outcomes reported</p>,Low risk,<p>No evidence of cluster recruitment after randomisation</p>,Low risk,"<p>Quote ""Resident demographic data (age, sex, and year in training) were similar between groups.""</p>",Unclear risk,<p>Unable to assess</p>,Low risk,<p>Appropriate adjustment for clustering described (GEE with repeated measurements per subject)</p>,Unclear risk,<p>Unable to assess risk in most domains</p>
Tianviwat 2016,Low risk,<p>Computer-generated random sequence</p>,Low risk,"<p>Based on this and flowchart, allocation was likely done centrally at one time..</p>",Unclear risk,"<p>Data analyst blinded, external examiner not blinded, and dental nurses blinded but aware of the outcome being assessed. It is unclear who provided the outcome data, but it may be dental nurses.</p>",Low risk,"<p>There was no loss to follow-up from both groups, hence, there is low risk of attrition bias.</p>",Unclear risk,<p>Reported as per methods and trial registration but registration performed retrospectively</p>,Low risk,<p>No evidence of recruitment after randomisation and allocation</p>,High risk,"<p>Baseline imbalances noted, and it is unclear what adjustments were made for these as not clearly described</p>",Unclear risk,"<p>The authors noted that participants came together once a month and there may have been discussion about the intervention, even if the Control arm could not receive the tailored intervention.</p>",Low risk,<p>Adjustment for clustering performed</p>,High risk,<p>Baseline imbalance - high; protection against contamination - unclear</p>
Tierney 1986a,Unclear risk,<p>Unable to assess</p>,Unclear risk,<p>Unable to assess</p>,Unclear risk,<p>Unable to assess</p>,Unclear risk,<p>Unable to assess</p>,Low risk,<p>Appropriate outcomes reported</p>,Low risk,<p>No evidence of cluster recruitment after randomisation</p>,Unclear risk,<p>No baseline data presented</p>,Unclear risk,<p>Unable to assess</p>,Low risk,<p>The unit of analysis was the physician.</p>,Unclear risk,<p>Unclear across important domains</p>
Tierney 1986b,Unclear risk,<p>Unable to assess</p>,Unclear risk,<p>Unable to assess</p>,Unclear risk,<p>Unable to assess</p>,Unclear risk,<p>Unable to assess</p>,Low risk,<p>Appropriate outcomes reported</p>,Low risk,<p>No evidence of cluster recruitment after randomisation</p>,Unclear risk,<p>No baseline data presented</p>,Unclear risk,<p>Unable to assess</p>,Low risk,<p>The unit of analysis was the physician.</p>,Unclear risk,<p>Unclear across important domains</p>
Tija 2015,Unclear risk,<p>Unable to assess</p>,Unclear risk,<p>Unable to assess</p>,Low risk,<p>Outcome unlikely to be affected by knowledge of assessor</p>,Low risk,<p>No missing data</p>,Low risk,<p>All outcomes reported</p>,Low risk,<p>No evidence of recruitment after randomisation</p>,Low risk,<p>Baseline characteristics and outcomes balanced between arms</p>,Low risk,<p>Separate practices unlikely to have communication between practices</p>,Unclear risk,<p>Unable to assess</p>,Unclear risk,"<p>Due to incorrect analysis, randomisation generation and concealment</p>"
Trent 2019,Low risk,<p>Computer-generated randomisation</p>,Low risk,<p>Allocation was concealed until just before the intervention.</p>,Unclear risk,<p>Unclear if data collector was aware of allocation</p>,Low risk,<p>No physicians left the study and no data were missing.</p>,Unclear risk,<p>Reported in line with methods but no protocol to check against</p>,Low risk,"<p>In stepped-wedge studies with recruitment extended over time or without blinding to the intervention, this may not be possible, creating a risk of selection bias, even though clusters are allocated randomly over time.</p>",Unclear risk,"<p>Table 1 - some differences between groups of patient variables (for all patients, not just baseline period). Baseline not specifically analysed for patients or physicians</p>",High risk,"<p>Given that this study was performed at a single institution, contamination could have occurred if physicians who had received the intervention discussed the intervention with physicians who had not previously received the intervention. Beyond requesting that physicians who received the intervention not discuss their data with other physicians, the study team could not reasonably control for contamination that occurred through regular discourse.&nbsp;</p>",Low risk,<p>Researchers took into account stepped-wedge clustering effect and also adjusted for cluster-time intervention.</p>,High risk,<p>Due to protection against contamination</p>
Trietsch 2017a,Low risk,<p>Allocation sequence was computer-generated by an independent research assistant.</p>,Low risk,<p>Allocation was done centrally by an independent researcher and concealed.</p>,Low risk,"<p>""The researcher was blinded until all data analyses had been completed."" (p. 4)</p>",Low risk,"<p>Clusters that dropped out appear balanced in both arms for similar reasons. Analyses were performed by ITT as well as per-protocol. Some data were excluded from analyses due to unforeseen issues and unlikely due to bias and unlikely introduced bias (e.g. new guidelines launched and significant public awareness contaminating data, insufficient data, etc.).</p>",High risk,"<p>Multiple outcomes listed in the trial registration and published protocol are not published here or in the process evaluation paper - e.g. inter-doctor variation in prescribing, costs, etc. Other time points specified in the trial registration (12 and 18 months) are also missing from this publication.</p>",Low risk,<p>Patients not recruited to trial. Individual GPs already members of LQIC groups (p. 2)</p>,Low risk,<p>There were no significant baseline characteristic imbalances. Between-group effect estimates were adjusted for baseline.</p>,Low risk,<p>The set of five topics presented to groups A &amp; B differed between the two arms.</p>,Low risk,<p>Linear mixed model with LQIC as random effect used to account for clustering of practices</p>,High risk,<p>Due to selective reporting</p>
Trietsch 2017b,Low risk,<p>Allocation sequence was computer-generated by an independent research assistant.</p>,Low risk,<p>Allocation was done centrally by an independent researcher and concealed.</p>,Low risk,"<p>""The researcher was blinded until all data analyses had been completed."" (p. 4)</p>",Low risk,"<p>Clusters that dropped out appear balanced in both arms for similar reasons. Analyses were performed by ITT as well as per-protocol. Some data were excluded from analyses due to unforeseen issues and unlikely due to bias and unlikely introduced bias (e.g. new guidelines launched and significant public awareness contaminating data, insufficient data, etc.).</p>",High risk,"<p>Multiple outcomes listed in the trial registration and published protocol are not published here or in the process evaluation paper - e.g. inter-doctor variation in prescribing, costs, etc. Other time points specified in the trial registration (12 and 18 months) are also missing from this publication.</p>",Low risk,<p>Patients not recruited to trial. Individual GPs already members of LQIC groups (p. 2)</p>,Low risk,<p>There were no significant baseline characteristic imbalances. Between-group effect estimates were adjusted for baseline.</p>,Low risk,<p>The set of five topics presented to groups A &amp; B differed between the two arms.</p>,Low risk,<p>Linear mixed model with LQIC as random effect used to account for clustering of practices</p>,High risk,<p>Due to selective reporting</p>
Tu 2009,Low risk,<p>Stratified and performed by a statistician</p>,Low risk,<p>Cluster trial; allocation after recruitment completed</p>,Low risk,<p>&nbsp;Blinded based on communication with author</p>,Low risk,<p>See Figure</p>,Low risk,<p>Appropriate outcomes reported</p>,Low risk,<p>No evidence of cluster recruitment after randomisation</p>,Low risk,<p>See Table 1</p>,Low risk,<p>Hospitals separate</p>,Low risk,"<p>""The primary analyses of the study data took into account the clustered nature of the data and examined the difference in the mean hospital-specific performance between the 2 study groups, using methods appropriate for the analysis of repeated cross-sectional cluster randomized trials.""</p>",Low risk,<p>Low risk across all domains</p>
Van Bruggen 2008,Low risk,<p>Random number table by an independent researcher</p>,Low risk,"<p>Because an independent researcher carried out randomisation, and the study flow diagram suggests it is likely that all clusters were allocated at the same time, allocation was likely concealed.</p>",Unclear risk,<p>Some outcomes could be subject to bias from knowledge of allocation.</p>,Low risk,<p>Balanced attrition; unlikely to be related to intervention</p>,Unclear risk,<p>No protocol to check reported outcomes against</p>,Low risk,<p>Recruitment occurred prior to randomisation.</p>,Low risk,"<p>Participating general practices were randomised into an intervention and control group. Prior to randomisation, practices were divided into groups according to the following criteria: practice type (single-handed, duo or group practice) and presence of a specialised nurse.</p>",Low risk,<p>Allocation by practice</p>,Low risk,<p>Controlled for cluster design</p>,Low risk,<p>Low risk across most domains</p>
Van der Velden 2016,Low risk,<p>Random allocation by web-based randomisation module</p>,Low risk,<p>Allocation was undertaken centrally via a web-based randomisation module - assumed low risk of bias</p>,Low risk,<p>Outcomes collected from a database and unlikely subject to bias if abstractor was aware of allocation.</p>,Low risk,<p>Missing GPs appear balanced between groups and reasons provided to not suggest it was due to the intervention</p>,Unclear risk,<p>No protocol to check reported outcomes against</p>,Low risk,<p>GPs in the practices were informed about their allocation after they had promised to participate.</p>,Unclear risk,"<p>Table shows that the socioeconomic status of the patient population in the Intervention arm was lower than in the control arm; there were more group practices in the Intervention arm; fewer practices in the south in the Intervention arm; male/female GPs were split 50/50 in the Intervention arm, but there were more female GPs in the Control arm. These may have been important differences.</p>",Unclear risk,<p>Allocation to Intervention or Control was by cluster (practice). It is possible that there was an overlap between the arms (shared staff maybe) or that the Control group GPs' prescribing behaviour was affected by their knowledge of the Intervention.</p>,High risk,"<p>It appeared that the authors did not use recommended analyses for clusters, between cluster and even intra-cluster effects. </p>",High risk,<p>Due to incorrect analysis</p>
Van der Weijden 1999,Low risk,<p>Blocked randomisation</p>,Low risk,<p>Cluster trial; allocation after recruitment completed</p>,Low risk,<p>&nbsp;Blinded data collectors</p>,Low risk,<p>20/20 practices</p>,Low risk,<p>Appropriate outcomes reported</p>,Low risk,<p>No evidence of cluster recruitment after randomisation</p>,Low risk,<p>See Table 2</p>,Low risk,<p>Practices separate</p>,Low risk,<p>Appropriate adjustment for clustering described (multilevel analysis + random-effects log regression)</p>,Low risk,<p>Low risk across all domains</p>
Vellinga 2016,Low risk,<p>A computer-generated random sequence was used.</p>,Low risk,<p>Each practice was sequentially assigned to a study arm according to a computer-generated schedule.</p>,Low risk,<p>Outcomes based on data extracted from patient management software</p>,Low risk,<p>No practices lost to follow-up</p>,Low risk,"<p>The trial was registered and protocol published. Although the protocol states qualitative data will be collected from GPs as well as costs data, these were not done, and authors did not give a reason for not collecting this data. However, given the study aim of antimicrobial prescribing behaviour, it is unlikely this would pose a threat to selective reporting of outcomes. Deviation from protocol explained with reasoning</p>",Low risk,<p>Patients not recruited to trial (clusters = GP practices)</p>,Low risk,"<p>There did not seem to be any significant differences in baseline characteristics between the 3 groups; further, the study analysis adjusted for patient and practice level characteristics, which would have accounted for differences, if any.</p>",Low risk,"<p>Since the GPs were confined to their respective practices within each of the 3 study arms, there is low risk of contamination between practices.</p>",Low risk,<p>ICC performed and analysis done at practice (unit of randomisation) level</p>,Low risk,<p>Low risk across all domains</p>
Veninga 1999,Unclear risk,<p>Unable to assess</p>,Unclear risk,<p>Unable to assess</p>,Low risk,<p>Outcome data unlikely to be subject to assessor bias</p>,Low risk,<p>No missing data</p>,Low risk,<p>All outcomes reported</p>,Low risk,<p>No evidence of cluster recruitment after randomisation</p>,Low risk,<p>Characteristics and outcomes balanced between arms</p>,Low risk,<p>Cluster design to reduce contamination</p>,Low risk,"<p>""A multilevel model was used taking into account the hierarchical structure of the data (prescriptions were nested within patients, patients were nested within doctors, and doctors were nested within groups of doctors) by including random effects.""</p>",Unclear risk,<p>Unclear due to randomisation generation and concealment</p>
Verstappen 2003a,Low risk,<p>Blocked randomisation</p>,Low risk,<p>Cluster trial; allocation after recruitment completed</p>,Low risk,<p>&nbsp;Tests ordered objective data.</p>,Low risk,<p>1/26 practices lost to follow-up</p>,Unclear risk,<p>Unable to assess</p>,Low risk,<p>No evidence of cluster recruitment after randomisation</p>,Low risk,<p>See Table 2</p>,Low risk,<p>Independent clinics</p>,Low risk,<p>Appropriate adjustment for clustering described (3-level model)</p>,Low risk,<p>Low risk across most domains</p>
Verstappen 2003b,Low risk,<p>Blocked randomisation</p>,Low risk,"<p>Cluster trial, allocation after recruitment completed</p>",Low risk,<p>Tests ordered objective data.</p>,Low risk,<p>1/26 practices lost to follow-up</p>,Unclear risk,<p>Unable to assess</p>,Low risk,<p>No evidence of cluster recruitment after randomisation</p>,Low risk,<p>See Table 2</p>,Low risk,<p>Independent clinics</p>,Low risk,<p>Appropriate adjustment for clustering described (3-level model)</p>,Low risk,<p>Low risk across all important domains</p>
Verstappen 2004,Low risk,<p>Blocked randomisation</p>,Low risk,<p>Cluster trial; allocation after recruitment completed</p>,Low risk,<p>&nbsp;Tests ordered objective data.</p>,Low risk,<p>26/27 sites competed trial.</p>,Unclear risk,<p>Unable to assess</p>,Low risk,<p>No evidence of cluster recruitment after randomisation</p>,Low risk,<p>See Table 2; non-significant differences</p>,Low risk,<p>Independent sites</p>,Low risk,<p>Appropriate adjustment for clustering described (3-level model)</p>,Low risk,<p>Low risk across most domains</p>
Vervloet 2016,Unclear risk,<p>Method of sequence generation is not described.</p>,Low risk,<p>Clusters were paired and subsequently allocated their group. It appears likely allocation was done centrally and concealed.</p>,Low risk,<p>Patient records of prescriptions (outcome) unlikely to be biased due to knowledge of allocation</p>,Low risk,<p>No PTAM group or family physicians lost to follow-up (p. 2)</p>,High risk,<p>Trial registration has two outcomes that are not reported in this publication - occurrence of complications and patients' judgement of quality of care. Omitting the occurrence of complications in particular may be biasing the results.</p>,Low risk,<p>No evidence of recruitment after allocation. All eligible groups were invited to participate.</p>,Low risk,"<p>Despite the matching procedure used in assigning PTAMs to the intervention or control group, the total FP practice size varied largely between PTAM groups. Overall, the intervention PTAM groups had smaller practice sizes than their controls. The variability in practice size conceals the intervention effect as it complicates estimation of the variability that can be attributed to the effect of the intervention. By standardising the number of prescriptions (per 1000 patients), this variability was reduced, providing a more precise estimation of the intervention effect.</p>",Low risk,<p>Participants were in pre-existing PTAM groups. The control arm did not receive the intervention until after the trial.</p>,Low risk,<p>Analyses performed with clustering taken into account</p>,High risk,<p>High due to selective reporting</p>
Vingerhoets 2001,Low risk,<p>Computer-generated list of random numbers</p>,Low risk,<p>Cluster trial; allocation after recruitment completed</p>,Low risk,"<p>Quote ""Patients were blinded for the intervention..""</p>",Low risk,"<p>Less than 10% dropouts; 4 physicians dropped out of control, one out of intervention</p>",Low risk,<p>Appropriate outcomes reported</p>,Low risk,<p>No evidence of cluster recruitment after randomisation</p>,Low risk,<p>Patient groups did not differ between arms.</p>,Low risk,<p>43 separate practices</p>,Low risk,<p>Appropriate adjustment for clustering described (multilevel regression model)</p>,Low risk,<p>Low risk across all domains</p>
Von Lengerke 2019,Unclear risk,<p>No information on how sequence was generated</p>,Low risk,"<p>See protocol. Based on the study flow diagram, it appears likely that all clusters were allocated at the same time.</p>",High risk,"<p>Outcome assessors for NI blinded, but not hand hygiene compliance</p>",Unclear risk,"<p>Not enough information to judge completeness of outcome data for MDRO infection, NI incidence and compliance rates</p>",Low risk,"<p>Outcomes consistent with registered protocol (DRKS00010960) - compliance rates, and infections</p>",Low risk,<p>No evidence of recruitment after randomisation and allocation</p>,Unclear risk,<p>Some baseline imbalances in characteristics and performances</p>,Unclear risk,<p>Nurses and physicians were allocated within a single-centre hospital and possible to communicate across wards/ICUs</p>,Low risk,<p>Analysed by cluster-level</p>,High risk,<p>Due to blinding</p>
Wadland 2007,Unclear risk,<p>Unable to assess</p>,Low risk,<p>Cluster trial; allocation after recruitment completed</p>,Unclear risk,<p>Unable to assess</p>,Low risk,<p>Over 300/308 clinicians provided data.</p>,Low risk,<p>Appropriate outcomes reported</p>,Low risk,<p>No evidence of cluster recruitment after randomisation</p>,Low risk,<p>See Table 1 and 2</p>,Low risk,<p>Separate clinics</p>,Unclear risk,<p>No adjustment for clustering mentioned (but repeated measures study with time being the unit of analysis)</p>,Unclear risk,<p>Unable to assess risk in important domains</p>
Wahlström 2003,Unclear risk,<p>Unable to assess</p>,Low risk,<p>Cluster trial; allocation after recruitment completed</p>,Unclear risk,<p>Unable to assess</p>,Low risk,<p>Data from all hospital departments provided</p>,Low risk,<p>Appropriate outcomes reported</p>,Low risk,<p>No evidence of cluster recruitment after randomisation</p>,Unclear risk,<p>Unable to assess</p>,Unclear risk,<p>Unable to assess</p>,Unclear risk,<p>No adjustment for clustering mentioned</p>,Unclear risk,<p>Unable to assess risk in most domains</p>
Wald 2014,Unclear risk,<p>Randomisation method not described</p>,Unclear risk,<p>No details or study flow diagram to determine whether all clusters were likely allocated at the same time</p>,Unclear risk,"<p>Although outcome collection would not appear likely subject to bias (unlikely that data was recorded with bias), there is a lack of information.</p>",Low risk,<p>It appears all allocated units were included in analysis.</p>,Unclear risk,<p><br>No trial registration. Results report on objectives.</p>,Low risk,<p>Ongoing enrolment but no evidence of recruiting after randomisation</p>,Low risk,"<p>Some baseline differences were noted but the analyses appear to have adjusted for patient, hospital and unit characteristics.</p>",Low risk,<p>Randomisation and hospital level; not likely to be contamination</p>,Low risk,<p>Clustering was taken into account in analyses.</p>,Unclear risk,<p>Unable to assess risk in important domains</p>
Walsh 2007,Low risk,<p>Computer-generated</p>,Low risk,"<p>Allocation was concealed adequately using appropriate methods; hence, there is a low risk of selection bias.</p>",Low risk,"<p>Recording of neonatal data unlikely subject to bias as intervention and control groups were unaware of the exact nature of the two trial arms. It is unclear if the research nurse abstracting data was masked to allocation, but data were quality checked and unlikely biased (even if allocation was known).</p>",Low risk,<p>The consort flow diagram shows there was no loss to follow-up or withdrawal in either arm; low risk of attrition bias</p>,Unclear risk,<p>Trial registration (written at the inception of the trial) stated one primary and one secondary outcome. Multiple secondary outcomes were added in this publication and it is possible these were added retrospectively to show improvement in the intervention arm (some of these are highlighted in the abstract).</p>,Low risk,"<p>As per figure 1 in the paper, no infants were recruited into the study post-randomisation; there is low risk of recruitment bias.</p>",Low risk,<p>There is low risk of other bias due to baseline differences between groups as this did not affect outcomes in any way.</p>,Low risk,<p>Control centres were also masked to work at the intervention centres; low risk of contamination bias</p>,Low risk,<p>Appropriate analytical methods used</p>,Low risk,<p>Low risk across most domains</p>
Wang 2018,Low risk,<p>Computerised random number generator was used.</p>,Low risk,<p>Allocation was concealed.</p>,Low risk,<p>Outcome evaluators described as independent and blinded</p>,Unclear risk,"<p>No clusters lost.<br>The authors do not explain the loss of patients to follow-up (397 in the Intervention arm, 423 in the Control arm).</p>",Low risk,<p>Outcomes reported in Table 2 as preplanned in protocol (2014)</p>,Unclear risk,"<p>Consecutive eligible patients were recruited - although this happened after the hospitals had been randomised, it is unlikely that patients would be aware of the allocation.</p>",Unclear risk,<p>Baseline data appear for the whole 40 hospitals and not for the Intervention baseline and Control group baseline. It was not clear whether there were any significant differences at baseline between the two groups.</p>,Low risk,<p>Allocation to Intervention or Control was by cluster (hospital) and it is unlikely that Control group hospitals received the intervention.</p>,Low risk,<p>Table 2: adherence to evidence-based performance measures include an intracluster correlation coefficient calculation for each measure.</p>,Low risk,<p>Low risk across most domains</p>
Ward 1996,Low risk,"<p>Quote ""randomly allocated...stratified by number of patients recruited""</p>",Low risk,<p>Cluster trial; allocation after recruitment completed</p>,Unclear risk,<p>Unable to assess</p>,Unclear risk,<p>Unable to assess</p>,Low risk,<p>Appropriate outcomes reported</p>,Low risk,<p>No evidence of cluster recruitment after randomisation</p>,Unclear risk,<p>Unable to assess</p>,Unclear risk,<p>Unable to assess</p>,Unclear risk,<p>No adjustment for clustering mentioned</p>,Low risk,<p>Low risk across important domains</p>
Wathne 2018,Low risk,<p>Random draw</p>,Unclear risk,<p>No details or study flow diagram to determine whether it is likely all clusters were allocated at the same time</p>,Low risk,<p>Assessment was performed blinded.</p>,Low risk,"<p>8 clusters/wards allocated to interventions; results relate to 8 clusters (no loss to follow-up). Cluster level analysis not performed, as there were fewer patients than anticipated</p>",Unclear risk,<p>No protocol to check report outcomes against. Reported results in line with methods - did change planned analysis due to low number of patients in post-intervention period</p>,Low risk,<p>Patients included consecutively so physicians were not able to be selective about which patients they recruited</p>,Unclear risk,<p>Baseline characteristics between groups not specifically commented on - may not make sense that they would be similar as coming from different areas of pathology</p>,Unclear risk,"<p>Wards allocated, but different wards within the same hospital allocated to different groups - may be possible cross-contamination</p>",High risk,<p>Clusters were not accounted for in the analysis.</p>,High risk,<p>Due to incorrect analysis</p>
Wattal 2015,Unclear risk,<p>No information about the method of random sequence generation</p>,Unclear risk,<p>No details or study flow diagram to determine whether it is likely all clusters were allocated at the same time</p>,Unclear risk,<p>Outcomes assessment and data collection not described and unclear if bias was minimised</p>,Low risk,<p>It appears there was no loss to follow-up.</p>,Unclear risk,<p>No protocol is available to judge whether data were selectively reported.</p>,Low risk,<p>No evidence of recruitment bias</p>,High risk,"<p>The intervention/control groups stratified by unit type have big variance between n counts, i.e. cardiology has treatment A (n = 124), treatment C has n = 157 &amp; control B has n = 132.</p>",Low risk,<p>Tried to account for contamination</p>,Low risk,<p>Analysis at cluster level</p>,High risk,<p>Due to baseline imbalance</p>
Wei 2017,Low risk,<p>Computer program in R used for randomisation</p>,Unclear risk,<p>Pilot trial with 3 interventions and 3 control clusters</p>,Low risk,<p>Objective data source (EHR)</p>,Unclear risk,"<p>No clusters lost, some data excluded, but data for analysis were randomly selected subsets.</p>",Low risk,<p>Prospectively registered protocol; minimal change to outcomes reported</p>,Unclear risk,<p>More doctors at endpoint than baseline for intervention group</p>,Low risk,<p>Baseline characteristics appear mostly similar.</p>,High risk,<p>Some contamination between intervention and control clusters might have occurred because the townships in different groups were sometimes next to each other.</p>,Low risk,<p>Clustering effect considered in analysis</p>,High risk,<p>Due to protection against contamination</p>
Wells 2000,Low risk,<p>A random number table was used to allocate clusters to Intervention and Control.</p>,Low risk,"<p>No details, but based on the study flow diagram, it appears likely that all clusters were allocated at the same time.</p>",High risk,<p>Some outcomes self-reported by patients (not blinded to allocation) so potential for bias</p>,Low risk,"<p>Losses to follow-up were mostly similar (as proportions) in both groups and explained by death, non-response, or dropouts.</p>",Unclear risk,<p>The protocol for this study is not available.  Process of care and health outcomes are reported as planned in the Methods (Results and Tables 4 &amp; 5).  Employment outcomes are reported only in the Comment section (not Results).</p>,Unclear risk,"<p>Although physicians were recruited to the trial prior to knowing about their intervention status, there was no information to confirm that subsequent recruitment of the patients was affected by physicians' knowledge of the intervention.</p>",Low risk,"<p>Annotated text (not visible in Covidence) reports that clinic clusters were grouped into matched blocks based on patient demographics, clinician speciality and distance to mental health providers. Table 2 shows baseline characteristics of patients, which are similar between intervention and control groups.</p>",Low risk,<p>Allocation to Intervention or Control was by cluster (clinic) and it is unlikely that Control group clinics received the intervention.</p>,Low risk,<p>Annotated text (not visible in Covidence) shows that the authors considered clustering effects but decided to report unadjusted results as intraclass correlations are close to zero.</p>,High risk,<p>Due to blinding</p>
Welschen 2004,Low risk,<p>Tossed coin used to ensure random allocation</p>,Low risk,<p>Allocation likely done at one time</p>,Low risk,<p>Physicians (aware of allocation) recorded in patient files and blinded researchers abstracted data from files. Unlikely to be problematic</p>,Low risk,<p>No groups lost to follow-up. Similar numbers of GPs lost to follow-up in either arm &amp; authors provided explanation for this.</p>,Unclear risk,<p>Outcome (antibiotic prescribing rate for RTIs) reported as specified in Methods. Protocol not available</p>,Unclear risk,"<p>It was unclear exactly the timing of the recruitment, and it may have occurred following the selection of the clusters.</p>",Low risk,"<p>At baseline, mean antibiotic prescription rates for registered encounters for respiratory tract symptoms did not differ significantly between the two groups (27% v 29%).</p>",Low risk,<p>Allocation to Intervention or Control was by cluster (peer review group) and it is unlikely that there was contamination between the two arms.</p>,Low risk,<p>The authors did take into account the intra-class coefficients.</p>,Low risk,<p>Low risk across most domains</p>
Whidden 2018,Unclear risk,"<p>Although stratified randomisation is mentioned, there was no description of the method of random sequence generation.</p>",Low risk,"<p>No details, but based on the study flow diagram and study timeline, it appears likely that all clusters were allocated at the same time</p>",Low risk,"<p>Although supervisors responsible for collecting data forms were not blinded, the data clerks who entered the data into databases were blinded. Bias appears unlikely.</p>",Low risk,<p>Only one CHW lost due to retirement. Data are otherwise complete.</p>,Low risk,<p>Outcomes match trial registration outcomes.</p>,Low risk,<p>No evidence of recruitment after allocation</p>,Low risk,<p>No apparent baseline imbalances</p>,High risk,<p>Potential source of bias</p>,Low risk,<p>Clustering taken into account in analyses</p>,High risk,<p>Potential risk of contamination - high</p>
Williams 2016,Unclear risk,<p>Randomisation method not described</p>,Low risk,"<p>No details, but based on the study flow diagram, it appears likely that all clusters were allocated at the same time</p>",Low risk,"<p>It is unclear whether assessors were blinded, but they were remotely collecting chart data, so even if not, it appears to present low risk.</p>",Unclear risk,<p>One intervention site missing from post-I data collection; unclear why</p>,Unclear risk,<p>There is no protocol available; not possible to assess</p>,Low risk,<p>Appears to be all enroled at the same time; no post-enrolment of sites</p>,Low risk,<p>Some baseline imbalances but analyses adjusted for baseline parameters</p>,Low risk,"<p>Due to cluster design, contamination is unlikely.</p>",Low risk,<p>Clustering taken into account in analyses</p>,Low risk,<p>Low risk across most domains</p>
Willis 2020a,Low risk,<p>Computer-generated random sequence</p>,Low risk,<p>Central allocation and likely at the same time (per flow chart)</p>,Low risk,<p>Blinded outcome assessment</p>,Low risk,"<p>Attrition of practices balanced, and all practices analysed per ITT</p>",Low risk,<p>Outcomes consistent with protocol (Willis 2016)</p>,Low risk,<p>All clinics recruited before randomisation.</p>,Low risk,<p>Well-balanced for characteristics of practices and patients</p>,Low risk,<p>Allocation was by practice; unlikely contamination between practitioners at different practices</p>,Low risk,<p>Analysis took clustering into account.</p>,Low risk,<p>Overall low risk of bias</p>
Willis 2020b,Low risk,<p>Computer-generated random sequence</p>,Low risk,<p>Central allocation and likely at the same time (per flow chart)</p>,Low risk,<p>Blinded outcome assessment</p>,Low risk,"<p>Attrition of practices balanced, and all practices analysed per ITT</p>",Low risk,<p>Outcomes consistent with protocol (Willis 2016)</p>,Low risk,<p>All clinics recruited before randomisation.</p>,Low risk,<p>Well-balanced for characteristics of practices and patients</p>,Low risk,<p>Allocation was by practice; unlikely contamination between practitioners at different practices</p>,Low risk,<p>Analysis took clustering into account.</p>,Low risk,<p>Overall low risk of bias</p>
Willis 2020c,Low risk,<p>Computer-generated random sequence</p>,Low risk,<p>Central allocation and likely at the same time (per flow chart)</p>,Low risk,<p>Blinded outcome assessment</p>,Low risk,"<p>Attrition of practices balanced, and all practices analysed per ITT</p>",Low risk,<p>Outcomes consistent with protocol (Willis 2016)</p>,Low risk,<p>All clinics recruited before randomisation.</p>,Low risk,<p>Well-balanced for characteristics of practices and patients</p>,Low risk,<p>Allocation was by practice; unlikely contamination between practitioners at different practices</p>,Low risk,<p>Analysis took clustering into account.</p>,Low risk,<p>Overall low risk of bias</p>
Willis 2020d,Low risk,<p>Computer-generated random sequence</p>,Low risk,<p>Central allocation and likely at the same time (per flow chart)</p>,Low risk,<p>Blinded outcome assessment</p>,Low risk,"<p>Attrition of practices balanced, and all practices analysed per ITT</p>",Low risk,<p>Outcomes consistent with protocol (Willis 2016)</p>,Low risk,<p>All clinics recruited before randomisation</p>,Low risk,<p>Well-balanced for characteristics of practices and patients</p>,Low risk,<p>Allocation was by practice; unlikely contamination between practitioners at different practices</p>,Low risk,<p>Analysis took clustering into account.</p>,Low risk,<p>Overall low risk of bias</p>
Winickoff 1984,Low risk,<p>Randomised after stratification</p>,Low risk,<p>Cluster trial; allocation after recruitment completed</p>,Unclear risk,<p>Unable to assess</p>,Low risk,<p>No losses reported</p>,Low risk,<p>Appropriate outcomes reported</p>,Low risk,<p>No evidence of recruitment after randomisation</p>,Low risk,<p>Performance similar pre-intervention</p>,High risk,<p>Authors acknowledged the possibility.</p>,Unclear risk,<p>Limited info on statistical methodology</p>,High risk,<p>Due to protential contamination</p>
Winkens 1995a,Unclear risk,<p>Unable to assess</p>,Low risk,<p>Cluster trial; allocation after recruitment completed</p>,High risk,<p>&nbsp;No blinding done</p>,Low risk,<p>Data collected from central registry routinely</p>,Low risk,<p>Appropriate outcomes reported</p>,Low risk,<p>No evidence of recruitment after randomisation</p>,Unclear risk,<p>Unable to assess</p>,Unclear risk,<p>Unable to assess</p>,Unclear risk,<p>No adjustment for clustering mentioned</p>,High risk,<p>Due to blinding</p>
Winkens 1995b,Unclear risk,<p>Unable to assess</p>,Low risk,<p>Cluster trial; allocation after recruitment completed</p>,High risk,<p>No blinding done</p>,Low risk,<p>&nbsp;Data collected from central registry routinely</p>,Low risk,<p>Appropriate outcomes reported</p>,Low risk,<p>No evidence of recruitment after randomisation</p>,Unclear risk,<p>Unable to assess</p>,Unclear risk,<p>Unable to assess</p>,Unclear risk,<p>No adjustment for clustering mentioned</p>,High risk,<p>Due to blinding</p>
Winslade 2016a,Low risk,<p>Randomisation conducted by statistician using a random numbers table.</p>,Low risk,<p>Allocation likely performed centrally using sequential randomisation</p>,Low risk,<p>Only the pharmacists' regulatory authority had access to look up codes for real pharmacy names.</p>,Low risk,<p>See online supp - incomplete data from pharmacies appears balanced and due to problems unrelated to the intervention/outcomes.</p>,Unclear risk,"<p>The protocol is not available, but all outcomes are reported as prespecified in the Methods.</p>",Low risk,<p>There is no evidence of recruitment after randomisation and allocation.</p>,Low risk,"<p>Characteristics of pharmacies, pharmacists and patients seem to be well-balanced (Table 1).</p>",Low risk,"<p>Due to the cluster design, it is unlikely there was contamination.</p>",High risk,<p>Clustering was not taken into account during analysis.</p>,High risk,<p>Incorrect analysis - high</p>
Winslade 2016b,Low risk,<p>Randomisation conducted by statistician using a random numbers table</p>,Low risk,<p>Allocation likely performed centrally using sequential randomisation</p>,Low risk,<p>Only the pharmacists' regulatory authority had access to look up codes for real pharmacy names.</p>,Low risk,<p>See online supp - incomplete data from pharmacies appears balanced and due to problems unrelated to the intervention/outcomes.</p>,Unclear risk,"<p>The protocol is not available, but all outcomes are reported as prespecified in the Methods.</p>",Low risk,<p>There is no evidence of recruitment after randomisation and allocation.</p>,Low risk,"<p>Characteristics of pharmacies, pharmacists and patients seem to be well-balanced (Table 1).</p>",Low risk,"<p>Due to the cluster design, it is unlikely there was contamination.</p>",High risk,<p>Clustering was not taken into account during analysis.</p>,High risk,<p>Incorrect analysis - high</p>
Wones 1987,Unclear risk,<p>Unable to assess</p>,Low risk,<p>Cluster trial; allocation after recruitment completed</p>,Low risk,<p>&nbsp;Utilisation data from central computer</p>,Low risk,<p>Data provided on all 21 residents (Table 2)</p>,Low risk,<p>Appropriate outcomes reported</p>,Low risk,<p>No evidence of recruitment after randomisation</p>,Unclear risk,<p>Unable to assess</p>,Unclear risk,<p>Unable to assess</p>,Unclear risk,<p>No adjustment for clustering mentioned</p>,Low risk,<p>Low risk across all important domains</p>
Wu 2019,Low risk,"<p>Central randomisation was done using a computerised random schedule (information given in the protocol), hence, there is a low risk of selection bias.</p>",Low risk,<p>Allocation concealed and done centrally</p>,Low risk,"<p>No information whether data collector was blinded; however, outcomes are objective so detection bias is unlikely even if allocation was known. Most outcome data were objective and primary outcomes were also adjudicated by independent committee masked to allocation.</p>",Low risk,<p>Two hospitals withdrew before the intervention. This attrition is likely not of concern.</p>,Low risk,<p>Trial was registered and study protocol was published. Three secondary outcomes were added after the protocol was published with reasons explained.</p>,Low risk,<p>Recruitment occurred before randomisation via stratification by province.</p>,Low risk,"<p>In analysis plan supp file, stated that used GEE to check for baseline imbalance; also described analytic steps to account for potential imbalance.</p>",Low risk,"<p>Due to cluster design, contamination is unlikely.</p>",Low risk,<p>Clustering was accounted for in the analysis.</p>,Low risk,<p>Low risk across all domains</p>
Yano 2008,Unclear risk,<p>Method of sequence generation is not described.</p>,Low risk,"<p>No details but based on the study flow diagram, it appears likely that all clusters were allocated at the same time.</p>",Unclear risk,<p>Knowledge of allocation could have influenced outcome assessment.</p>,Low risk,<p>Similar proportions of patients lost to follow-up in intervention and control groups and reasons given. ITT used.</p>,Unclear risk,<p>There was no prior publication or trial registration that defined the outcomes of interest.</p>,Low risk,"<p>From Figure 1, it appears that the practices were randomised first into intervention and control practices.</p>",Unclear risk,"<p>Practices similar at baseline, apart from higher use of provider incentives and tracking of screening performance (intervention practices); more provider counselling feedback and pharmacotherapy prescription authority (control practices)<br>Some baseline differences in patients: Control patients more likely to smoke every day, wake up to smoke, to have tried nicotine patches, attended a smoking cessation programme, and tried other ways to quit pre-intervention. Also reported lower general health status, greater receipt of disability/Social Security Income, less likely to live alone. More likely to use primary care providers rather than specialists.<br>(annotated text not visible in Covidence)<br>Authors adjusted for patient baseline differences, but reported that this did not change the effect of intervention.</p>",Low risk,<p>Allocation to Intervention or Control was by cluster (practice) and it is unlikely that Control group practices received the intervention.</p>,Low risk,"<p>The authors considered using an intraclass correlation coefficient to address problem of clustering effect, but as it was calculated to be not statistically significant from zero an unadjusted analytic approach was adopted. (annotated text not visible in Covidence).</p>",Unclear risk,<p>Unable to assess risk in important domains</p>
Zafar 2019,Unclear risk,<p>No clear description of how practices were randomised</p>,Unclear risk,<p>No description of how practices were allocated and no flow chart</p>,Low risk,"<p>As both arms were receiving interventions, it is unlikely that knowledge of allocation biased outcome data collection/assessment.</p>",High risk,"<p>50% (54/108) of PCPs remained (28 in one group and 26 in the other group) from 8 practices, but it is unclear how many PCPs started in each arm and reasons for PCPs dropping out. Due to the high rate of loss and lack of explanation, risk of bias is suspected.</p>",Unclear risk,"<p>No protocol or trial registration, so unclear if all preplanned outcomes were reported.</p>",Low risk,"<p>There was no study flow diagram given however table S1 stated that those PCPs who joined the study after randomisation were excluded; hence, presumably there is a low risk of recruitment bias.</p>",Unclear risk,<p>Baseline data are not presented for separate arms. Some differences in characteristics of the practices (see table S1 e.g. 7 community PCPs in arm 1 vs 19 in arm 2; 0 PCPs in family medicine in arm 1 vs 9 in arm 2) are not discussed. No adjustments made</p>,High risk,<p>2/54 (4%) of PCPs worked in multiple locations. This could be significant as some intervention periods had as few as 4 PCPs participating at the time in one arm.</p>,High risk,<p>Analyses do not adjust for clustering.</p>,High risk,"<p>Due to incomplete outcome data, protection against contamination and incorrect analysis</p>"
Ziemer 2006,Unclear risk,<p>Unable to assess</p>,Unclear risk,<p>Unable to assess</p>,Unclear risk,<p>Unable to assess</p>,Unclear risk,<p>Unable to assess</p>,Unclear risk,<p>Unable to assess</p>,Unclear risk,"<p>Recruitment and randomisation were ongoing from Jan 2000 to Dec 2002, rather than sequential.</p>",Low risk,"<p>Patient groups similar, see p. 509</p>",Unclear risk,<p>Unable to assess</p>,Low risk,"<p>Appropriate adjustment for clustering described (random-effects variable; ""patients nested within providers"")</p>",Unclear risk,<p>Unable to assess bias across most domains</p>
Zimmerman 2014,Unclear risk,<p>Randomisation method not described&nbsp;</p>,Low risk,"<p>Based on the study flow diagram, clusters were allocated at the same time. Trialists also reported that cluster-RCT CONSORT criteria were met.</p>",Low risk,"<p>It was not very clear who the outcome assessors were, but it does appear to be an independent group who housed the data. It doesn't seem likely the outcome data would be subject to bias.</p>",Low risk,<p>Table 1 and 2 reported numbers across clusters analysed. No clusters lost</p>,Low risk,<p>Outcomes prespecified in trial registration appear to be reported.</p>,Low risk,<p>It does not appear that individuals recruited for the trial after clusters randomised</p>,Low risk,<p>Similar characteristics across intervention clusters</p>,Low risk,"<p>Due to cluster design with practices as the cluster, contamination is unlikely.</p>",Low risk,<p>Analysis took into account clustering.</p>,Low risk,<p>Low risk across all important domains</p>
Zwar 1999,Unclear risk,<p>Unable to assess</p>,Low risk,<p>Cluster trial; allocation after recruitment completed</p>,High risk,<p>Self-report data</p>,Unclear risk,<p>Unable to assess impact of dropout</p>,Low risk,<p>Appropriate outcomes reported</p>,Low risk,<p>No evidence of recruitment after randomisation</p>,Low risk,<p>Trainees similar at baseline</p>,Unclear risk,<p>Unable to assess</p>,Low risk,"<p>""GP trainees were the unit of randomization and the unit of analysis"".</p>",High risk,<p>High risk of bias due to blinding</p>
