Analysis group,Analysis number,Analysis name,Analysis group name,Data source,Data source eligibility,Data type,Log-scale data,Outcome,Intervention grouping,Experimental intervention,Control intervention,Subgroup by,Filter criteria,Experimental group label,Control group label,Statistical method,Effect measure,Unit of effect measure,Analysis model,Heterogeneity estimator,Tau² CI,Subgroup estimates,Overall estimates,Test for subgroup differences,Prediction interval,Swap event and non-event,CI method,CI/PI level,Sort studies by,Graph label (left),Graph label (right),Graph scale,Show risk of bias,Experimental cases,Experimental N,Control cases,Control N,Mean,CI start,CI end,PI start,PI end,Heterogeneity Tau²,Tau² CI start,Tau² CI end,Heterogeneity Chi²,Heterogeneity df,Heterogeneity P,Heterogeneity I²,Effect Z,Effect T,Effect P,Subgroup Chi²,Subgroup df,Subgroup P,Subgroup I²,ID
1,1,Deferrals,Oral iron vs no iron (placebo/standard of care): before/at 1st donation since treatment – subgroup: sex,Custom input,#N/A,Dichotomous,true,,,,,,,Iron,no iron,MH,Risk Ratio,,Random effect,DL,false,true,true,true,false,false,Wald,95%,STUDY,Favours iron,Favours no iron,100,true,72,906,128,741,0.39485667369164335,0.20409517655030537,0.7639170870870621,,,0.6732715316189781,,,36.97190895003929,8,0.000011646505559292919,78.36195039101031,2.7597539227507766,,0.005784491453384483,0.33402073299587465,1,0.5633012316850503,0,analysis:458211809863909378
1,2,Hb (g/L),Oral iron vs no iron (placebo/standard of care): before/at 1st donation since treatment – subgroup: sex,Custom input,#N/A,Continuous,false,,,,,,,oral iron,no iron,IV,Mean Difference,,Random effect,REML,false,true,true,true,true,false,Wald,95%,STUDY,Favours no iron,Favours oral iron,20,true,,1024,,916,2.5163034939210704,0.7705646736723035,4.262042314169838,-3.638448910260593,8.671055898102734,9.067746070999727,,,57.11885003033437,16,0.0000015879686636743884,75.74432773986815,2.825087100689445,,0.004726776501510086,0.18130355334480164,2,0.913335747627013,0,analysis:458226251975481277
1,3,Ferritin (ng/mL),Oral iron vs no iron (placebo/standard of care): before/at 1st donation since treatment – subgroup: sex,Custom input,#N/A,Continuous,false,,,,,,,Iron,no iron,IV,Mean Difference,,Random effect,REML,false,true,true,true,true,false,Wald,95%,STUDY,Favours no iron,Favours iron,50,true,,761,,574,12.38740545441025,8.155579529335398,16.6192313794851,0.9787661548294757,23.796044753991023,29.2203314540596,,,32.47666508250738,9,0.00016466324137787147,76.28861517918449,5.7372087090538075,,9.624962070549523e-9,0.5729480089351425,1,0.4490899518791168,0,analysis:458226283598960603
1,4,Ferritin (ng/mL) – reported as geometric mean,Oral iron vs no iron (placebo/standard of care): before/at 1st donation since treatment – subgroup: sex,Custom input,#N/A,Contrast level,true,,,,,,,Iron,no iron,IV,Ratio of Geometric Means,,Random effect,REML,false,true,true,true,true,false,Wald,95%,STUDY,Favours no iron,Favours iron,50,true,,205,,166,4.198978795023529,3.3405173709209723,5.278051560078045,2.7518300065711117,6.407162825812301,0.03286744914247574,,,10.433253206458208,3,0.015220600560198028,65.93536836847713,12.29577997255484,,9.543113817291031e-35,0,0,1,0,analysis:458226317590648817
1,5,MCV (fl),Oral iron vs no iron (placebo/standard of care): before/at 1st donation since treatment – subgroup: sex,Custom input,#N/A,Continuous,false,,,,,,,Iron,no iron,IV,Mean Difference,,Random effect,REML,false,true,true,true,true,false,Wald,95%,STUDY,Favours no iron,Favours iron,10,false,,232,,198,0.5571409221792771,-0.3337881227890157,1.4480699671475699,-0.3337881227890157,1.4480699671475699,0,,,4.056454670414156,5,0.5413169431062372,0,1.2256600544700824,,0.22032665127585738,3.158557030515673,1,0.07553024661759866,68.33997327454499,analysis:458226296070723558
1,6,Serum iron (μg/dL),Oral iron vs no iron (placebo/standard of care): before/at 1st donation since treatment – subgroup: sex,Custom input,#N/A,Continuous,false,,,,,,,Iron,no iron,IV,Mean Difference,,Random effect,REML,false,true,true,true,true,false,Wald,95%,STUDY,Favours no iron,Favours iron,50,false,,381,,294,5.985047341172887,-1.8115107527081022,13.781605435053876,-8.622796244834843,20.59289092718062,39.725214624175436,,,8.61466826564145,6,0.19643664821807127,38.07240522598348,1.5045712599348882,,0.13243433986231162,8.175154110216159,2,0.016779912593587132,75.53562938341823,analysis:458226301955856363
1,7,TIBC (μg/dL),Oral iron vs no iron (placebo/standard of care): before/at 1st donation since treatment – subgroup: sex,Custom input,#N/A,Continuous,false,,,,,,,Iron,no iron,IV,Mean Difference,,Random effect,REML,false,true,true,true,true,false,Wald,95%,STUDY,Favours iron,Favours no iron,100,false,,321,,264,-24.390637449219128,-40.4295447804494,-8.351730117988858,-55.29530379819373,6.514028899755473,181.66323949700796,,,9.489014591179743,5,0.09107823740035637,49.549751066892796,2.9805503562801934,,0.0028773092735380774,6.795038344598422,1,0.009141209785717308,85.28337958835907,analysis:458226352042137626
1,8,Transferrin saturation (%),Oral iron vs no iron (placebo/standard of care): before/at 1st donation since treatment – subgroup: sex,Custom input,#N/A,Continuous,false,,,,,,,Iron,no iron,IV,Mean Difference,,Random effect,REML,false,true,true,true,true,false,Wald,95%,STUDY,Favours no iron,Favours iron,50,false,,462,,398,3.6046898995328456,1.412601878531449,5.796777920534242,-1.1783659162865265,8.387745715352217,4.7045598791971805,,,13.456723996120042,7,0.06173209485558684,51.592935455906726,3.2229829782529444,,0.0012686309229557704,3.339426950128819,2,0.18830122225818846,40.10948495451145,analysis:458226363888949289
1,9,Adverse events,Oral iron vs no iron (placebo/standard of care): before/at 1st donation since treatment – subgroup: sex,Custom input,#N/A,Dichotomous,true,,,,,,,oral iron,no iron,MH,Risk Ratio,,Random effect,DL,false,true,true,true,true,false,Wald,95%,STUDY,Favours oral iron,Favours no iron,100,true,455,1569,233,1072,1.6872845520301265,1.1547302790838472,2.465449474294753,0.6899658877901581,4.126188279594124,0.170721693369636,,,41.63057602192794,6,2.1734450450505705e-7,85.58751626006895,2.7034603641776567,,0.006862163153014975,4.153787651960252,2,0.1253189166976202,51.85117373402173,analysis:458226373333211186
1,10,Adherence (n/N),Oral iron vs no iron (placebo/standard of care): before/at 1st donation since treatment – subgroup: sex,Custom input,#N/A,Dichotomous,true,,,,,,,Iron,no iron,MH,Risk Ratio,,Random effect,DL,false,true,true,true,true,false,Wald,95%,STUDY,Favours no iron,Favours iron,5,true,842,1056,525,629,0.9328577234861373,0.8980351568984327,0.9690305836947989,0.8980351568984327,0.9690305836947989,0,,,2.1493634927978826,4,0.7083098232567304,0,3.5807073325144136,,0.0003426653095783859,0.39599312080308424,1,0.5291662631822132,0,analysis:458226383786203200
1,11,Adherence (% tablets consumed),Oral iron vs no iron (placebo/standard of care): before/at 1st donation since treatment – subgroup: sex,Custom input,#N/A,Continuous,false,,,,,,,Iron,no iron,IV,Mean Difference,,Random effect,REML,false,true,true,true,true,false,Wald,95%,STUDY,Favours no iron,Favours iron,50,true,,74,,71,0,-5.038588171330985,5.038588171330985,-5.038588171330985,5.038588171330985,0,,,0,0,1,0,0,,1,0,0,1,0,analysis:458226394737793095
1,12,"Non-GI side effects (any time point, no population subgrouping)",Oral iron vs no iron (placebo/standard of care): before/at 1st donation since treatment – subgroup: sex,Custom input,#N/A,Dichotomous,true,,,,,,,oral iron,no iron,MH,Risk Ratio,,Random effect,DL,false,true,false,true,false,false,Wald,95%,STUDY,Favours oral iron,Favours no iron,100,true,,,,,,,,,,,,,,,,,,,,16.21003117401029,3,0.0010269144973625854,81.49294120538194,analysis:458226404442363990
1,13,"GI side effects (any time point, no population subgrouping)",Oral iron vs no iron (placebo/standard of care): before/at 1st donation since treatment – subgroup: sex,Custom input,#N/A,Dichotomous,true,,,,,,,oral iron,no iron,MH,Risk Ratio,,Random effect,DL,false,true,false,true,false,false,Wald,95%,STUDY,Favours oral iron,Favours no iron,100,true,,,,,,,,,,,,,,,,,,,,2.2004506515197155,7,0.9479178749347695,0,analysis:458226447621413976
2,1,Deferrals,Oral iron vs no iron (placebo/standard of care): before/at 2nd donation since treatment – subgroup: sex,Custom input,#N/A,Dichotomous,true,,,,,,,Iron,no iron,MH,Risk Ratio,,Random effect,DL,false,true,true,true,true,false,Wald,95%,STUDY,Favours iron,Favours no iron,100,true,37,533,80,403,0.3778770566397969,0.15672172022043668,0.9111121913026079,0.06529227030628865,2.1869521348379783,0.6007860274428279,,,15.497579586641644,4,0.0037730544358628437,74.18951793318837,2.1672724091939153,,0.030214089008689417,1.6730887718482166,1,0.19584540533178896,40.23030834787525,analysis:458226483393584266
2,2,Hb (g/L),Oral iron vs no iron (placebo/standard of care): before/at 2nd donation since treatment – subgroup: sex,Custom input,#N/A,Continuous,false,,,,,,,Iron,no iron,IV,Mean Difference,,Random effect,REML,false,true,true,true,true,false,Wald,95%,STUDY,Favours no iron,Favours iron,20,false,,248,,206,1.3015864086052378,-6.049351556156644,8.65252437336712,-14.509912948292012,17.113085765502486,51.013750790637026,,,53.855149686800594,3,-9.207923312715138e-11,94.10199186165622,0.3470390439780751,,0.7285619872049076,1.0674341581470321,1,0.30152613027639097,6.317406805127133,analysis:458226483414031502
2,3,Serum ferritin (ng/mL),Oral iron vs no iron (placebo/standard of care): before/at 2nd donation since treatment – subgroup: sex,Custom input,#N/A,Continuous,false,,,,,,,Iron,no iron,IV,Mean Difference,,Random effect,REML,false,true,true,true,true,false,Wald,95%,STUDY,Favours no iron,Favours iron,100,false,,420,,274,8.924720472096668,3.864541074685482,13.984899869507855,-1.0869328177831559,18.93637376197649,19.426938969318986,,,13.65250394630266,4,0.008490849674949619,67.66794046173213,3.456820267349779,,0.0005465892740169797,0.39187773882355537,1,0.5313144066897855,0,analysis:458226483430808722
2,4,Serum ferritin (ng/mL) – reported as geometric mean,Oral iron vs no iron (placebo/standard of care): before/at 2nd donation since treatment – subgroup: sex,Custom input,#N/A,Contrast level,true,,,,,,,Iron,no iron,IV,Ratio of Geometric Means,,Random effect,REML,false,true,true,true,true,false,Wald,95%,STUDY,Favours no iron,Favours iron,100,false,,44,,19,7.695143640230812,5.761632068093331,10.277510771940097,5.761632068093331,10.277510771940097,0,,,0.7167718887799395,1,0.3972048574597029,0,13.821406503592884,,1.8933395862833876e-43,0,0,1,0,analysis:458226483489004702
2,5,MCV (fl),Oral iron vs no iron (placebo/standard of care): before/at 2nd donation since treatment – subgroup: sex,Custom input,#N/A,Continuous,false,,,,,,,Iron,no iron,IV,Mean Difference,,Random effect,REML,false,true,true,true,true,false,Wald,95%,STUDY,Favours no iron,Favours iron,100,false,,22,,11,0.4000000000000057,-1.8831450685492603,2.6831450685492717,-1.8831450685492603,2.6831450685492717,0,,,0,0,1,0,0.34337966720361984,,0.7313128545269711,0,0,1,0,analysis:458226483446275222
2,6,Serum iron (μg/dL),Oral iron vs no iron (placebo/standard of care): before/at 2nd donation since treatment – subgroup: sex,Custom input,#N/A,Continuous,false,,,,,,,Iron,no iron,IV,Mean Difference,,Random effect,REML,false,true,true,true,true,false,Wald,95%,STUDY,Favours no iron,Favours iron,100,false,,154,,131,8.492946364878271,2.032680855943261,14.95321187381328,2.032680855943261,14.95321187381328,0,,,0.2600957801893483,1,0.6100544018948615,0,2.576654005128637,,0.009976175370638024,0.2600957801893483,1,0.6100544018948615,0,analysis:458226483464625306
2,7,TIBC (μg/dL),Oral iron vs no iron (placebo/standard of care): before/at 2nd donation since treatment – subgroup: sex,Custom input,#N/A,Continuous,false,,,,,,,Iron,no iron,IV,Mean Difference,,Random effect,REML,false,true,true,true,true,false,Wald,95%,STUDY,Favours iron,Favours no iron,100,false,,176,,139,-30.254028852440015,-44.4427173603096,-16.065340344570433,-44.4427173603096,-16.065340344570433,0,,,0.9640603119509858,1,0.32616619654316703,0,4.179160526720271,,0.00002925871128600976,0,0,1,0,analysis:458226483503422626
2,8,Transferrin saturation (%),Oral iron vs no iron (placebo/standard of care): before/at 2nd donation since treatment – subgroup: sex,Custom input,#N/A,Continuous,false,,,,,,,Iron,no iron,IV,Mean Difference,,Random effect,REML,false,true,true,true,true,false,Wald,95%,STUDY,Favours no iron,Favours iron,100,false,,182,,176,8.259310459210186,-1.8554788165755358,18.37409973499591,-8.511978135674406,25.03059905409478,46.58833203554109,,,7.396097823692802,1,0.0065365872419442805,86.47935676571798,1.6004239530664324,,0.10950456483296449,0,0,1,0,analysis:458226483525704870
2,9,Adverse events,Oral iron vs no iron (placebo/standard of care): before/at 2nd donation since treatment – subgroup: sex,Custom input,#N/A,Dichotomous,true,,,,,,,Iron,no iron,MH,Risk Ratio,,Random effect,DL,false,true,true,true,true,false,Wald,95%,STUDY,Favours iron,Favours no iron,100,false,28,156,9,158,3.150997150997151,1.5372945300127332,6.458608192348101,1.5372945300127332,6.458608192348101,0,,,0,0,1,0,3.1343233281541947,,0.001722509437732879,0,0,1,0,analysis:458226483554016426
3,1,Deferrals,Oral iron vs no iron (placebo/standard of care): after multiple donations since treatment – subgroup: sex,Custom input,#N/A,Dichotomous,true,,,,,,,Iron,no iron,MH,Risk Ratio,,Random effect,DL,false,true,true,true,true,false,Wald,95%,STUDY,Favours iron,Favours no iron,100,true,43,394,79,308,0.4344168684478015,0.1525251988703708,1.2372907361516274,0.05265347332713303,3.5841513136180043,0.8740745734923484,,,21.890111605311084,3,0.0000687572012484372,86.29518179673362,1.561250292241924,,0.11846470691893585,6.821211590059056,1,0.0090082003060582,85.33984781446514,analysis:458226490783947977
3,2,Hb (g/L),Oral iron vs no iron (placebo/standard of care): after multiple donations since treatment – subgroup: sex,Custom input,#N/A,Continuous,false,,,,,,,Iron,no iron,IV,Mean Difference,,Random effect,REML,false,true,true,true,true,false,Wald,95%,STUDY,Favours no iron,Favours iron,20,false,,376,,246,4.913377774044105,0.6633126876978395,9.16344286039037,-5.4216774872202445,15.248433035308455,23.103283975636064,,,24.082217229481948,5,0.0002093559214801921,86.30891231853835,2.265857883095355,,0.02346008601928241,0.9424678302201843,1,0.33164415266628655,0,analysis:458226490802035917
3,3,Ferritin (ng/mL),Oral iron vs no iron (placebo/standard of care): after multiple donations since treatment – subgroup: sex,Custom input,#N/A,Continuous,false,,,,,,,Iron,no iron,IV,Mean Difference,,Random effect,REML,false,true,true,true,true,false,Wald,95%,STUDY,Favours no iron,Favours iron,100,false,,308,,216,8.282098007995161,4.758022332377768,11.806173683612554,4.758022332377768,11.806173683612554,0,,,1.4753293985164093,3,0.6879759099659879,0,4.606204663654848,,0.0000041008479232784105,0.10312658183752482,1,0.7481094224386157,0,analysis:458226490818288849
3,4,Ferritin (ng/mL) – reported as geometric mean,Oral iron vs no iron (placebo/standard of care): after multiple donations since treatment – subgroup: sex,Custom input,#N/A,Contrast level,true,,,,,,,Iron,no iron,IV,Ratio of Geometric Means,,Random effect,REML,false,true,true,true,true,false,Wald,95%,STUDY,Favours no iron,Favours iron,100,false,,180,,71,7.75559681323456,5.00414406451881,12.019894142523638,2.7393758717138272,21.957294196295546,0.23195628821526063,,,22.606189713010963,5,0.0004013883027207399,77.42877196274249,9.163149776460271,,5.040418096042957e-20,0.008818435030086226,1,0.9251834127515491,0,analysis:458226490875436253
3,5,MCV (fl),Oral iron vs no iron (placebo/standard of care): after multiple donations since treatment – subgroup: sex,Custom input,#N/A,Continuous,false,,,,,,,Iron,no iron,IV,Mean Difference,,Random effect,REML,false,true,true,true,true,false,Wald,95%,STUDY,Favours no iron,Favours iron,100,false,,22,,11,0.8499999999999942,-1.5435330316526938,3.2435330316526825,-1.5435330316526938,3.2435330316526825,0,,,8.264903574571922e-33,0,0,0,0.6960294112626954,,0.48641041587057854,0,0,1,0,analysis:458226490834803925
3,6,Serum iron (μg/dL),Oral iron vs no iron (placebo/standard of care): after multiple donations since treatment – subgroup: sex,Custom input,#N/A,Continuous,false,,,,,,,Iron,no iron,IV,Mean Difference,,Random effect,REML,false,true,true,true,true,false,Wald,95%,STUDY,Favours no iron,Favours iron,100,false,,154,,131,8.591167483631557,2.004015471756448,15.178319495506665,2.004015471756448,15.178319495506665,0,,,0.8013265721660525,1,0.37069709450281385,0,2.556245676843917,,0.010580838533716672,0.8013265721660525,1,0.37069709450281385,0,analysis:458226490856299737
3,7,TIBC (μg/dL),Oral iron vs no iron (placebo/standard of care): after multiple donations since treatment – subgroup: sex,Custom input,#N/A,Continuous,false,,,,,,,Iron,no iron,IV,Mean Difference,,Random effect,REML,false,true,true,true,true,false,Wald,95%,STUDY,Favours iron,Favours no iron,100,false,,176,,139,-40.23671359853593,-54.04773118736502,-26.42569600970684,-54.04773118736502,-26.42569600970684,0,,,0.9411921535889738,1,0.3319716038454832,0,5.710115782719056,,1.128993401370004e-8,0,0,1,0,analysis:458226490891951329
3,8,Transferrin saturation (%),Oral iron vs no iron (placebo/standard of care): after multiple donations since treatment – subgroup: sex,Custom input,#N/A,Continuous,false,,,,,,,Iron,no iron,IV,Mean Difference,,Random effect,REML,false,true,true,true,true,false,Wald,95%,STUDY,Favours no iron,Favours iron,100,false,,178,,165,4.836219741624162,2.7768736964016862,6.895565786846637,2.7768736964016862,6.895565786846637,0,,,0.0038898018771034003,1,0.9502695577040406,0,4.602828425506772,,0.000004167915761052508,0,0,1,0,analysis:458226490914233573
3,9,Adverse events,Oral iron vs no iron (placebo/standard of care): after multiple donations since treatment – subgroup: sex,Custom input,#N/A,Dichotomous,true,,,,,,,Iron,no iron,MH,Risk Ratio,,Random effect,DL,false,true,true,true,true,false,Wald,95%,STUDY,Favours iron,Favours no iron,100,false,85,773,35,443,1.4591517422228124,0.9449550684242372,2.253148195058942,0.8289002386061651,2.5686128531125663,0.03411085958221859,,,3.5688181771754284,3,0.3119458625907158,15.938558619022286,1.7045534052681335,,0.08827774773585087,1.7886711101121748,2,0.4088792261831814,0,analysis:458226490932845801
3,10,Adherence (% tablets consumed),Oral iron vs no iron (placebo/standard of care): after multiple donations since treatment – subgroup: sex,Custom input,#N/A,Continuous,false,,,,,,,Iron,no iron,IV,Mean Difference,,Random effect,REML,false,true,true,true,true,false,Wald,95%,STUDY,Favours no iron,Favours iron,100,false,,46,,45,0.10000000000000009,-0.13492725292704327,0.33492725292704345,-0.13492725292704327,0.33492725292704345,0,,,0,0,1,0,0.8342854905593787,,0.40412013419775816,0,0,1,0,analysis:458226490981080305
4,1,Deferrals,Oral iron vs no iron (placebo/standard of care): before/at 1st donation since treatment – subgroup: baseline iron status,Custom input,#N/A,Dichotomous,true,,,,,,,Iron,no iron,MH,Risk Ratio,,Random effect,DL,false,true,true,true,true,false,Wald,95%,STUDY,Favours iron,Favours no iron,100,false,72,906,128,741,0.4230920400543372,0.20667524543381666,0.8661263422312664,0.066778117010636,2.68062177208186,0.753677087443844,,,40.46800642165366,8,0.0000026204391904149915,80.23129699880805,2.3531503110016074,,0.018615107562050988,0.17259472849003832,1,0.6778163011950398,0,analysis:458226659836943751
4,2,Hb (g/L),Oral iron vs no iron (placebo/standard of care): before/at 1st donation since treatment – subgroup: baseline iron status,Custom input,#N/A,Continuous,false,,,,,,,Iron,no iron,IV,Mean Difference,,Random effect,REML,false,true,true,true,true,false,Wald,95%,STUDY,Favours no iron,Favours iron,20,false,,1044,,947,2.8568746718478426,0.9082648783771339,4.805484465318552,-3.8859726217443544,9.59972196544004,10.84715766651492,,,58.82081949354783,15,4.015650916233682e-7,76.3061975048449,2.873521155404491,,0.004059238909890093,1.2391082053271525,1,0.265643076022235,19.29679783405377,analysis:458226659859750283
4,3,Ferritin (ng/mL),Oral iron vs no iron (placebo/standard of care): before/at 1st donation since treatment – subgroup: baseline iron status,Custom input,#N/A,Continuous,false,,,,,,,Iron,no iron,IV,Mean Difference,,Random effect,REML,false,true,true,true,true,false,Wald,95%,STUDY,Favours no iron,Favours iron,100,false,,760,,574,13.361088547652916,8.659982240499211,18.06219485480662,0.6941960100939593,26.02798108521187,36.01490280244825,,,37.671760454751904,8,0.000008655392930267958,82.12749279224802,5.570444622322404,,2.5409007009308163e-8,0.4045886300116015,1,0.5247289750809089,0,analysis:458226659882032527
4,4,Ferritin (ng/mL) – reported as geometric mean,Oral iron vs no iron (placebo/standard of care): before/at 1st donation since treatment – subgroup: baseline iron status,Custom input,#N/A,Contrast level,true,,,,,,,Iron,no iron,IV,Ratio of Geometric Means,,Random effect,REML,false,true,true,true,true,false,Wald,95%,STUDY,Favours no iron,Favours iron,100,false,,205,,166,4.640222096508137,3.6913843063607,5.832950275001367,2.9253333395217616,7.360412850742818,0.04178513338055677,,,12.17082540814387,4,0.016125190586131155,65.1789547582223,13.149456174249346,,1.714027637431427e-39,9.576104738756515,1,0.0019712805221209218,89.55734061728889,analysis:458226659938393499
4,5,MCV (fl),Oral iron vs no iron (placebo/standard of care): before/at 1st donation since treatment – subgroup: baseline iron status,Custom input,#N/A,Continuous,false,,,,,,,Iron,no iron,IV,Mean Difference,,Random effect,REML,false,true,true,true,true,false,Wald,95%,STUDY,Favours no iron,Favours iron,100,false,,232,,198,0.4976267009126668,-0.3982169310294724,1.3934703328548061,-0.3982169310294724,1.3934703328548061,0,,,3.284322465825506,4,0.5114202321444876,0,1.0887284083494015,,0.27627368721025125,0,0,1,0,analysis:458226659896974739
4,6,Serum/plasma iron (μg/dL),Oral iron vs no iron (placebo/standard of care): before/at 1st donation since treatment – subgroup: baseline iron status,Custom input,#N/A,Continuous,false,,,,,,,Iron,no iron,IV,Mean Difference,,Random effect,REML,false,true,true,true,true,false,Wald,95%,STUDY,Favours no iron,Favours iron,100,false,,381,,294,6.5376944870872755,-1.8880332581922232,14.963422232366774,-9.374817483174487,22.45020645734904,47.43384158761491,,,8.328186789126256,5,0.1390522971171848,45.938463345692014,1.5207761423096005,,0.12831602338895112,0,0,1,0,analysis:458226659917684119
4,7,TIBC (μg/dL),Oral iron vs no iron (placebo/standard of care): before/at 1st donation since treatment – subgroup: baseline iron status,Custom input,#N/A,Continuous,false,,,,,,,Iron,no iron,IV,Mean Difference,,Random effect,REML,false,true,true,true,true,false,Wald,95%,STUDY,Favours iron,Favours no iron,100,false,,321,,264,-31.503137419545848,-43.585831842795464,-19.42044299629623,-43.585831842976575,-19.420442996115117,1.1393483598417789e-9,,,4.1708303885447675,4,0.3833799157006812,5.600077987822972e-10,5.1102024581136245,,3.2181376373302876e-7,0,0,1,0,analysis:458226659960151455
4,8,Transferrin saturation (%),Oral iron vs no iron (placebo/standard of care): before/at 1st donation since treatment – subgroup: baseline iron status,Custom input,#N/A,Continuous,false,,,,,,,Iron,no iron,IV,Mean Difference,,Random effect,REML,false,true,true,true,true,false,Wald,95%,STUDY,Favours no iron,Favours iron,100,false,,462,,398,3.7417529031361916,1.340613865805539,6.1428919404668445,-1.6289997877002795,9.112505593972664,6.008008120561791,,,13.773550891864726,6,0.03227061317091684,61.207321402508185,3.054259172491738,,0.0022561707706719226,8.260903281587806,1,0.004050834870504616,87.89478624899488,analysis:458226659979287971
4,9,Adverse events,Oral iron vs no iron (placebo/standard of care): before/at 1st donation since treatment – subgroup: baseline iron status,Custom input,#N/A,Dichotomous,true,,,,,,,Iron,no iron,MH,Risk Ratio,,Random effect,DL,false,true,true,true,true,false,Wald,95%,STUDY,Favours iron,Favours no iron,100,false,455,1569,233,1072,1.6802948024375792,1.1593389995521899,2.4353451615009205,0.6997209583300754,4.03502366119907,0.16392774688546813,,,41.29792160698574,7,7.095003470292127e-7,83.04999446069965,2.7407930875073814,,0.006129109130977872,16.43255743211975,2,0.00027021966890117266,87.82903995156154,analysis:458226659999473063
4,10,Adherence (n/N),Oral iron vs no iron (placebo/standard of care): before/at 1st donation since treatment – subgroup: baseline iron status,Custom input,#N/A,Dichotomous,true,,,,,,,Iron,no iron,MH,Risk Ratio,,Random effect,DL,false,true,true,true,true,false,Wald,95%,STUDY,Favours no iron,Favours iron,100,false,842,1056,525,629,0.9328577234861373,0.8980351568984327,0.9690305836947989,0.8980351568984327,0.9690305836947989,0,,,2.1493634927978786,4,0.7083098232567311,0,3.5807073325144136,,0.0003426653095783859,1.1460659213805817,1,0.28437425106833436,12.744984267975335,analysis:458226660021755307
4,11,Adherence (% tablets consumed),Oral iron vs no iron (placebo/standard of care): before/at 1st donation since treatment – subgroup: baseline iron status,Custom input,#N/A,Continuous,false,,,,,,,Iron,no iron,IV,Mean Difference,,Random effect,REML,false,true,true,true,true,false,Wald,95%,STUDY,Favours no iron,Favours iron,100,false,,74,,71,0,-5.038588171330985,5.038588171330985,-5.038588171330985,5.038588171330985,0,,,0,0,1,0,0,,1,0,0,1,0,analysis:458226660039843247
5,1,Deferrals,Oral iron vs no iron (placebo/standard of care): before/at 2nd donation since treatment – subgroup: baseline iron status,Custom input,#N/A,Dichotomous,true,,,,,,,Iron,no iron,MH,Risk Ratio,,Random effect,DL,false,true,true,true,true,false,Wald,95%,STUDY,Favours iron,Favours no iron,100,false,37,533,80,403,0.3919314141348242,0.15198326946259927,1.0107048883003806,0.0608878842301154,2.5228374302706804,0.6689728575864089,,,15.43622953306507,3,0.0014793861155660837,80.56520218506812,1.937933658049273,,0.0526313169516876,3.147328198362713,1,0.07605171174201208,68.22701869731237,analysis:458226727088938546
5,2,Hb (g/L),Oral iron vs no iron (placebo/standard of care): before/at 2nd donation since treatment – subgroup: baseline iron status,Custom input,#N/A,Continuous,false,,,,,,,Iron,no iron,IV,Mean Difference,,Random effect,REML,false,true,true,true,true,false,Wald,95%,STUDY,Favours no iron,Favours iron,20,false,,248,,206,1.301586408605238,-6.049351556156645,8.652524373367122,-14.509912948292012,17.113085765502486,51.013750790637026,,,53.8551496868006,3,-9.207923312715138e-11,94.10199186165622,0.34703904397807517,,0.7285619872049076,0.4601177564536697,1,0.49756897580234816,0,analysis:458226727111745078
5,3,Serum ferritin (ng/mL),Oral iron vs no iron (placebo/standard of care): before/at 2nd donation since treatment – subgroup: baseline iron status,Custom input,#N/A,Continuous,false,,,,,,,Iron,no iron,IV,Mean Difference,,Random effect,REML,false,true,true,true,true,false,Wald,95%,STUDY,Favours no iron,Favours iron,100,false,,420,,274,8.503111909836846,3.064065141243664,13.94215867843003,-1.553964650886014,18.56018847055971,18.628745624394465,,,10.809595386843638,3,0.012801338816019858,70.36820236421136,3.064101819463569,,0.002183245903921967,4.204860674600816,1,0.040308425827633054,76.21799918269744,analysis:458226727131668026
5,4,Ferritin (ng/mL) – reported as geometric mean,Oral iron vs no iron (placebo/standard of care): before/at 2nd donation since treatment – subgroup: baseline iron status,Custom input,#N/A,Contrast level,true,,,,,,,Iron,no iron,IV,Ratio of Geometric Means,,Random effect,REML,false,true,true,true,true,false,Wald,95%,STUDY,Favours no iron,Favours iron,100,false,,44,,19,7.695143640230812,5.761632068093331,10.277510771940097,5.761632068093331,10.277510771940097,0,,,0.7167718887799395,1,0.3972048574597029,0,13.821406503592884,,1.8933395862833876e-43,0,0,1,0,analysis:458226727198776903
5,5,MCV (fl),Oral iron vs no iron (placebo/standard of care): before/at 2nd donation since treatment – subgroup: baseline iron status,Custom input,#N/A,Continuous,false,,,,,,,Iron,no iron,IV,Mean Difference,,Random effect,REML,false,true,true,true,true,false,Wald,95%,STUDY,Favours no iron,Favours iron,100,false,,22,,11,0.4000000000000057,-1.8831450685492603,2.6831450685492717,-1.8831450685492603,2.6831450685492717,0,,,0,0,1,0,0.34337966720361984,,0.7313128545269711,0,0,1,0,analysis:458226727150542398
5,6,Serum iron (μg/dL),Oral iron vs no iron (placebo/standard of care): before/at 2nd donation since treatment – subgroup: baseline iron status,Custom input,#N/A,Continuous,false,,,,,,,Iron,no iron,IV,Mean Difference,,Random effect,REML,false,true,true,true,true,false,Wald,95%,STUDY,Favours no iron,Favours iron,100,false,,154,,131,8.492946364878271,2.032680855943261,14.95321187381328,2.032680855943261,14.95321187381328,0,,,0.2600957801893483,1,0.6100544018948615,0,2.576654005128637,,0.009976175370638024,0,0,1,0,analysis:458226727179640387
5,7,TIBC (μg/dL),Oral iron vs no iron (placebo/standard of care): before/at 2nd donation since treatment – subgroup: baseline iron status,Custom input,#N/A,Continuous,false,,,,,,,Iron,no iron,IV,Mean Difference,,Random effect,REML,false,true,true,true,true,false,Wald,95%,STUDY,Favours iron,Favours no iron,100,false,,176,,139,-30.254028852440015,-44.4427173603096,-16.065340344570433,-44.4427173603096,-16.065340344570433,0,,,0.9640603119509858,1,0.32616619654316703,0,4.179160526720271,,0.00002925871128600976,0,0,1,0,analysis:458226727219224139
5,8,Transferrin saturation (%),Oral iron vs no iron (placebo/standard of care): before/at 2nd donation since treatment – subgroup: baseline iron status,Custom input,#N/A,Continuous,false,,,,,,,Iron,no iron,IV,Mean Difference,,Random effect,REML,false,true,true,true,true,false,Wald,95%,STUDY,Favours no iron,Favours iron,100,false,,182,,176,8.259310459210186,-1.8554788165755358,18.37409973499591,-8.511978135674406,25.03059905409478,46.58833203554109,,,7.396097823692802,1,0.0065365872419442805,86.47935676571798,1.6004239530664324,,0.10950456483296449,7.396097823692802,1,0.0065365872419442805,86.47935676571798,analysis:458226727238622799
5,9,Adverse events,Oral iron vs no iron (placebo/standard of care): before/at 2nd donation since treatment – subgroup: baseline iron status,Custom input,#N/A,Dichotomous,true,,,,,,,Iron,no iron,MH,Risk Ratio,,Random effect,DL,false,true,true,true,true,false,Wald,95%,STUDY,Favours iron,Favours no iron,100,false,28,156,9,158,3.150997150997151,1.5372945300127332,6.458608192348101,1.5372945300127332,6.458608192348101,0,,,0,0,1,0,3.1343233281541947,,0.001722509437732879,0,0,1,0,analysis:458226727254089299
6,1,Deferrals,Oral iron vs no iron (placebo/standard of care): after multiple donations since treatment – subgroup: baseline iron status,Custom input,#N/A,Dichotomous,true,,,,,,,Iron,no iron,MH,Risk Ratio,,Random effect,DL,false,true,true,true,true,false,Wald,95%,STUDY,Favours iron,Favours no iron,100,false,43,394,79,308,0.4344168684478014,0.15252519887037078,1.2372907361516272,0.05265347332713305,3.584151313618003,0.8740745734923481,,,21.89011160531108,3,0.00006875720124754903,86.29518179673362,1.5612502922419242,,0.11846470691893579,18.887950082724487,1,0.00001386276217141269,94.70561921425961,analysis:458226732982984303
6,2,Hb (g/L),Oral iron vs no iron (placebo/standard of care): after multiple donations since treatment – subgroup: baseline iron status,Custom input,#N/A,Continuous,false,,,,,,,Iron,no iron,IV,Mean Difference,,Random effect,REML,false,true,true,true,true,false,Wald,95%,STUDY,Favours no iron,Favours iron,20,false,,376,,246,5.002193777219294,-0.1396140341992469,10.144001588637835,-6.851258803433045,16.855646357871635,29.693446119408843,,,23.54243249427249,4,0.0000986413093988503,90.15854031693856,1.9067456440647077,,0.056553533211863835,0.7070059085736463,2,0.702224018524837,0,analysis:458226733020470902
6,3,Serum ferritin (ng/mL),Oral iron vs no iron (placebo/standard of care): after multiple donations since treatment – subgroup: baseline iron status,Custom input,#N/A,Continuous,false,,,,,,,Iron,no iron,IV,Mean Difference,,Random effect,REML,false,true,true,true,true,false,Wald,95%,STUDY,Favours no iron,Favours iron,100,false,,308,,216,8.282098007995161,4.758022332377768,11.806173683612554,4.758022332377768,11.806173683612554,0,,,1.4753293985164093,3,0.6879759099659879,0,4.606204663654848,,0.0000041008479232784105,1.4152765803162761,1,0.2341826579446067,29.342432856726354,analysis:458226733055860346
6,4,Ferritin (ng/mL) – reported as geometric mean,Oral iron vs no iron (placebo/standard of care): after multiple donations since treatment – subgroup: baseline iron status,Custom input,#N/A,Contrast level,true,,,,,,,Iron,no iron,IV,Ratio of Geometric Means,,Random effect,REML,false,true,true,true,true,false,Wald,95%,STUDY,Favours no iron,Favours iron,100,false,,180,,71,8.621992900385195,5.208979865574809,14.271270669634164,3.0339975643732635,24.501918672320667,0.21785920180490947,,,16.62572151180429,3,0.0008437116522231891,83.03193101528458,8.378869427240517,,5.3438517139409493e-17,12.588373054714642,1,0.00038815551590254405,92.05616170053464,analysis:458226733111959174
6,5,MCV (fl),Oral iron vs no iron (placebo/standard of care): after multiple donations since treatment – subgroup: baseline iron status,Custom input,#N/A,Continuous,false,,,,,,,Iron,no iron,IV,Mean Difference,,Random effect,REML,false,true,true,true,true,false,Wald,95%,STUDY,Favours no iron,Favours iron,100,false,,22,,11,0.8499999999999942,-1.5435330316526938,3.2435330316526825,-1.5435330316526938,3.2435330316526825,0,,,8.264903574571922e-33,0,0,0,0.6960294112626954,,0.48641041587057854,0,0,1,0,analysis:458226733074996862
6,6,Serum iron (μg/dL),Oral iron vs no iron (placebo/standard of care): after multiple donations since treatment – subgroup: baseline iron status,Custom input,#N/A,Continuous,false,,,,,,,Iron,no iron,IV,Mean Difference,,Random effect,REML,false,true,true,true,true,false,Wald,95%,STUDY,Favours no iron,Favours iron,100,false,,132,,120,7.890000000000001,1.1263166823003399,14.653683317699661,1.1263166823003399,14.653683317699661,0,,,0,0,1,0,2.286345340497166,,0.02223406332149608,0,0,1,0,analysis:458226733096230530
6,7,TIBC (μg/dL),Oral iron vs no iron (placebo/standard of care): after multiple donations since treatment – subgroup: baseline iron status,Custom input,#N/A,Continuous,false,,,,,,,Iron,no iron,IV,Mean Difference,,Random effect,REML,false,true,true,true,true,false,Wald,95%,STUDY,Favours iron,Favours no iron,100,false,,176,,139,-40.23671359853593,-54.04773118736502,-26.42569600970684,-54.04773118736502,-26.42569600970684,0,,,0.9411921535889738,1,0.3319716038454832,0,5.710115782719056,,1.128993401370004e-8,0,0,1,0,analysis:458226733130309258
6,8,Transferrin saturation (%),Oral iron vs no iron (placebo/standard of care): after multiple donations since treatment – subgroup: baseline iron status,Custom input,#N/A,Continuous,false,,,,,,,Iron,no iron,IV,Mean Difference,,Random effect,REML,false,true,true,true,true,false,Wald,95%,STUDY,Favours no iron,Favours iron,100,false,,178,,165,4.836219741624162,2.7768736964016862,6.895565786846637,2.7768736964016862,6.895565786846637,0,,,0.0038898018771034003,1,0.9502695577040406,0,4.602828425506772,,0.000004167915761052508,0.0038898018771034003,1,0.9502695577040406,0,analysis:458226733148397198
6,9,Adverse events,Oral iron vs no iron (placebo/standard of care): after multiple donations since treatment – subgroup: baseline iron status,Custom input,#N/A,Dichotomous,true,,,,,,,Iron,no iron,MH,Risk Ratio,,Random effect,DL,false,true,true,true,true,false,Wald,95%,STUDY,Favours iron,Favours no iron,100,false,85,773,35,443,1.4591517422228124,0.9449550684242372,2.253148195058942,0.8289002386061648,2.568612853112567,0.03411085958221864,,,3.5688181771754293,3,0.3119458625907158,15.938558619022311,1.704553405268133,,0.08827774773585095,0.6765755561185818,1,0.41076876670925144,0,analysis:458226733175398034
6,10,Adherence (% tablets consumed),Oral iron vs no iron (placebo/standard of care): after multiple donations since treatment – subgroup: baseline iron status,Custom input,#N/A,Continuous,false,,,,,,,Iron,no iron,IV,Mean Difference,,Random effect,REML,false,true,true,true,true,false,Wald,95%,STUDY,Favours no iron,Favours iron,5,false,,46,,45,0.10000000000000009,-0.13492725292704327,0.33492725292704345,-0.13492725292704327,0.33492725292704345,0,,,0,0,1,0,0.8342854905593787,,0.40412013419775816,0,0,1,0,analysis:458226733248274074
7,1,Deferrals,Oral iron vs no iron (placebo/standard of care): before/at 1st donation since treatment – subgroup: daily dose,Custom input,#N/A,Dichotomous,true,,,,,,,Iron,no iron,MH,Risk Ratio,,Random effect,DL,false,true,false,true,false,false,Wald,95%,STUDY,Favours iron,Favours no iron,100,false,,,,,,,,,,,,,,,,,,,,1.1143858067694368,2,0.5728148960934831,0,analysis:458226774023724889
7,2,Hb (g/L),Oral iron vs no iron (placebo/standard of care): before/at 1st donation since treatment – subgroup: daily dose,Custom input,#N/A,Continuous,false,,,,,,,oral iron,no iron,IV,Mean Difference,,Random effect,REML,false,true,false,true,false,false,Wald,95%,STUDY,Favours no iron,Favours oral iron,20,false,,,,,,,,,,,,,,,,,,,,9.902182957767376,3,0.01941621335830568,69.70365006590018,analysis:458226774041288541
7,3,Serum ferritin (ng/mL),Oral iron vs no iron (placebo/standard of care): before/at 1st donation since treatment – subgroup: daily dose,Custom input,#N/A,Continuous,false,,,,,,,Iron,no iron,IV,Mean Difference,,Random effect,REML,false,true,false,true,false,false,Wald,95%,STUDY,Favours no iron,Favours iron,100,false,,,,,,,,,,,,,,,,,,,,4.409796901587657,2,0.11026181665181167,54.646437361322896,analysis:458226774058852193
7,4,Serum ferritin (ng/mL) – reported as geometric mean,Oral iron vs no iron (placebo/standard of care): before/at 1st donation since treatment – subgroup: daily dose,Custom input,#N/A,Contrast level,true,,,,,,,Iron,no iron,IV,Ratio of Geometric Means,,Random effect,REML,false,true,false,true,false,false,Wald,95%,STUDY,Favours no iron,Favours iron,100,false,,,,,,,,,,,,,,,,,,,,9.734577079427265,2,0.007694210882695951,79.45468011931679,analysis:458226774127271789
7,5,MCV (fl),Oral iron vs no iron (placebo/standard of care): before/at 1st donation since treatment – subgroup: daily dose,Custom input,#N/A,Continuous,false,,,,,,,Iron,no iron,IV,Mean Difference,,Random effect,REML,false,true,false,true,false,false,Wald,95%,STUDY,Favours no iron,Favours iron,100,false,,,,,,,,,,,,,,,,,,,,0.5743001987457834,3,0.9022897192262385,0,analysis:458226774080348005
7,6,Serum iron (μg/dL),Oral iron vs no iron (placebo/standard of care): before/at 1st donation since treatment – subgroup: daily dose,Custom input,#N/A,Continuous,false,,,,,,,Iron,no iron,IV,Mean Difference,,Random effect,REML,false,true,false,true,false,false,Wald,95%,STUDY,Favours no iron,Favours iron,100,false,,,,,,,,,,,,,,,,,,,,2.685249864612135,3,0.44273981113080463,0,analysis:458226774102368105
7,7,TIBC (μg/dL),Oral iron vs no iron (placebo/standard of care): before/at 1st donation since treatment – subgroup: daily dose,Custom input,#N/A,Continuous,false,,,,,,,Iron,no iron,IV,Mean Difference,,Random effect,REML,false,true,false,true,false,false,Wald,95%,STUDY,Favours iron,Favours no iron,100,false,,,,,,,,,,,,,,,,,,,,2.3197469983553853,2,0.31352588399461623,13.78370135114192,analysis:458226774149291889
7,8,Transferrin saturation (%),Oral iron vs no iron (placebo/standard of care): before/at 1st donation since treatment – subgroup: daily dose,Custom input,#N/A,Continuous,false,,,,,,,Iron,no iron,IV,Mean Difference,,Random effect,REML,false,true,false,true,false,false,Wald,95%,STUDY,Favours no iron,Favours iron,100,false,,,,,,,,,,,,,,,,,,,,0.05844586177313013,2,0.9711999300408354,0,analysis:458226774166069109
7,9,Adverse events,Oral iron vs no iron (placebo/standard of care): before/at 1st donation since treatment – subgroup: daily dose,Custom input,#N/A,Dichotomous,true,,,,,,,Iron,no iron,MH,Risk Ratio,,Random effect,DL,false,true,false,true,false,false,Wald,95%,STUDY,Favours iron,Favours no iron,100,false,,,,,,,,,,,,,,,,,,,,0.6442313287986599,2,0.7246144272648063,0,analysis:458226774184943481
7,10,Adherence (n/N),Oral iron vs no iron (placebo/standard of care): before/at 1st donation since treatment – subgroup: daily dose,Custom input,#N/A,Dichotomous,true,,,,,,,Iron,no iron,MH,Risk Ratio,,Random effect,DL,false,true,false,true,false,false,Wald,95%,STUDY,Favours no iron,Favours iron,5,false,,,,,,,,,,,,,,,,,,,,1.221971001301518,2,0.5428159405087352,0,analysis:458226774202244989
7,11,Adherence (% tablets consumed),Oral iron vs no iron (placebo/standard of care): before/at 1st donation since treatment – subgroup: daily dose,Custom input,#N/A,Continuous,false,,,,,,,Iron,no iron,IV,Mean Difference,,Random effect,REML,false,true,false,true,false,false,Wald,95%,STUDY,Favours no iron,Favours iron,100,false,,,,,,,,,,,,,,,,,,,,0,0,1,0,analysis:458226774222954369
8,1,Deferrals,Oral iron vs no iron (placebo/standard of care): before/at 2nd donation since treatment – subgroup: daily dose,Custom input,#N/A,Dichotomous,true,,,,,,,Iron,no iron,MH,Risk Ratio,,Random effect,DL,false,true,false,true,false,false,Wald,95%,STUDY,Favours iron,Favours no iron,100,false,,,,,,,,,,,,,,,,,,,,3.1085258841527477,2,0.21134519823137443,35.66082205729758,analysis:458226875393499100
8,2,Hb (g/L),Oral iron vs no iron (placebo/standard of care): before/at 2nd donation since treatment – subgroup: daily dose,Custom input,#N/A,Continuous,false,,,,,,,Iron,no iron,IV,Mean Difference,,Random effect,REML,false,true,false,true,false,false,Wald,95%,STUDY,Favours no iron,Favours iron,20,false,,,,,,,,,,,,,,,,,,,,6.462591202034933,2,0.03950634279980758,69.05266111571095,analysis:458226875424169953
8,3,Serum ferritin (ng/mL),Oral iron vs no iron (placebo/standard of care): before/at 2nd donation since treatment – subgroup: daily dose,Custom input,#N/A,Continuous,false,,,,,,,Iron,no iron,IV,Mean Difference,,Random effect,REML,false,true,false,true,false,false,Wald,95%,STUDY,Favours no iron,Favours iron,100,false,,,,,,,,,,,,,,,,,,,,10.64847639430387,2,0.004872073275927424,81.21797029038025,analysis:458226875443568614
8,4,Serum ferritin (ng/mL) – reported as geometric mean,Oral iron vs no iron (placebo/standard of care): before/at 2nd donation since treatment – subgroup: daily dose,Custom input,#N/A,Contrast level,true,,,,,,,Iron,no iron,IV,Ratio of Geometric Means,,Random effect,REML,false,true,false,true,false,false,Wald,95%,STUDY,Favours no iron,Favours iron,100,false,,,,,,,,,,,,,,,,,,,,0,0,1,0,analysis:458226875516968949
8,5,MCV (fl),Oral iron vs no iron (placebo/standard of care): before/at 2nd donation since treatment – subgroup: daily dose,Custom input,#N/A,Continuous,false,,,,,,,Iron,no iron,IV,Mean Difference,,Random effect,REML,false,true,false,true,false,false,Wald,95%,STUDY,Favours no iron,Favours iron,10,false,,,,,,,,,,,,,,,,,,,,0.04583434670209374,1,0.8304773580929308,0,analysis:458226875473453035
8,6,Serum iron (μg/dL),Oral iron vs no iron (placebo/standard of care): before/at 2nd donation since treatment – subgroup: daily dose,Custom input,#N/A,Continuous,false,,,,,,,Iron,no iron,IV,Mean Difference,,Random effect,REML,false,true,false,true,false,false,Wald,95%,STUDY,Favours no iron,Favours iron,100,false,,,,,,,,,,,,,,,,,,,,0.5025419804358492,2,0.7778115737277183,0,analysis:458226875495997424
8,7,TIBC (μg/dL),Oral iron vs no iron (placebo/standard of care): before/at 2nd donation since treatment – subgroup: daily dose,Custom input,#N/A,Continuous,false,,,,,,,Iron,no iron,IV,Mean Difference,,Random effect,REML,false,true,false,true,false,false,Wald,95%,STUDY,Favours iron,Favours no iron,100,false,,,,,,,,,,,,,,,,,,,,0.9640603119509858,1,0.32616619654316703,0,analysis:458226875541086202
8,8,Transferrin saturation (%),Oral iron vs no iron (placebo/standard of care): before/at 2nd donation since treatment – subgroup: daily dose,Custom input,#N/A,Continuous,false,,,,,,,Iron,no iron,IV,Mean Difference,,Random effect,REML,false,true,false,true,false,false,Wald,95%,STUDY,Favours no iron,Favours iron,100,false,,,,,,,,,,,,,,,,,,,,7.396097823692802,1,0.0065365872419442805,86.47935676571798,analysis:458226875561271295
8,9,Adverse events,Oral iron vs no iron (placebo/standard of care): before/at 2nd donation since treatment – subgroup: daily dose,Custom input,#N/A,Dichotomous,true,,,,,,,Iron,no iron,MH,Risk Ratio,,Random effect,DL,false,true,false,true,false,false,Wald,95%,STUDY,Favours iron,Favours no iron,100,false,,,,,,,,,,,,,,,,,,,,0,0,1,0,analysis:458226875583553540
9,1,Deferrals,Oral iron vs no iron (placebo/standard of care): after multiple donations since treatment – subgroup: daily dose,Custom input,#N/A,Dichotomous,true,,,,,,,Iron,no iron,MH,Risk Ratio,,Random effect,DL,false,true,false,true,false,false,Wald,95%,STUDY,Favours iron,Favours no iron,100,false,,,,,,,,,,,,,,,,,,,,0.5428759496276006,2,0.7622825796939254,0,analysis:458226880931291157
9,2,Hb (g/L),Oral iron vs no iron (placebo/standard of care): after multiple donations since treatment – subgroup: daily dose,Custom input,#N/A,Continuous,false,,,,,,,Iron,no iron,IV,Mean Difference,,Random effect,REML,false,true,false,true,false,false,Wald,95%,STUDY,Favours no iron,Favours iron,20,false,,,,,,,,,,,,,,,,,,,,0.6725972474606942,2,0.7144098062045809,0,analysis:458226880958029850
9,3,Serum ferritin (ng/mL),Oral iron vs no iron (placebo/standard of care): after multiple donations since treatment – subgroup: daily dose,Custom input,#N/A,Continuous,false,,,,,,,Iron,no iron,IV,Mean Difference,,Random effect,REML,false,true,false,true,false,false,Wald,95%,STUDY,Favours no iron,Favours iron,100,false,,,,,,,,,,,,,,,,,,,,2.714093444866054,2,0.2574200965350225,26.310569601677656,analysis:458226880975069215
9,4,Serum ferritin (ng/mL) – reported as geometric mean,Oral iron vs no iron (placebo/standard of care): after multiple donations since treatment – subgroup: daily dose,Custom input,#N/A,Contrast level,true,,,,,,,Iron,no iron,IV,Ratio of Geometric Means,,Random effect,REML,false,true,false,true,false,false,Wald,95%,STUDY,Favours no iron,Favours iron,100,false,,,,,,,,,,,,,,,,,,,,2.3685556428079324,1,0.1238017176474856,57.780177002111884,analysis:458226881071276078
9,5,MCV (fl),Oral iron vs no iron (placebo/standard of care): after multiple donations since treatment – subgroup: daily dose,Custom input,#N/A,Continuous,false,,,,,,,Iron,no iron,IV,Mean Difference,,Random effect,REML,false,true,false,true,false,false,Wald,95%,STUDY,Favours no iron,Favours iron,10,false,,,,,,,,,,,,,,,,,,,,0.06964470286315452,1,0.7918548011839934,0,analysis:458226881004429348
9,6,Serum iron (μg/dL),Oral iron vs no iron (placebo/standard of care): after multiple donations since treatment – subgroup: daily dose,Custom input,#N/A,Continuous,false,,,,,,,Iron,no iron,IV,Mean Difference,,Random effect,REML,false,true,false,true,false,false,Wald,95%,STUDY,Favours no iron,Favours iron,100,false,,,,,,,,,,,,,,,,,,,,1.6901800208373636,2,0.42951897929515437,0,analysis:458226881040605225
9,7,TIBC (μg/dL),Oral iron vs no iron (placebo/standard of care): after multiple donations since treatment – subgroup: daily dose,Custom input,#N/A,Continuous,false,,,,,,,Iron,no iron,IV,Mean Difference,,Random effect,REML,false,true,false,true,false,false,Wald,95%,STUDY,Favours iron,Favours no iron,100,false,,,,,,,,,,,,,,,,,,,,0.9411921535889727,1,0.3319716038454834,0,analysis:458226881096966195
9,8,Transferrin saturation (%),Oral iron vs no iron (placebo/standard of care): after multiple donations since treatment – subgroup: daily dose,Custom input,#N/A,Continuous,false,,,,,,,Iron,no iron,IV,Mean Difference,,Random effect,REML,false,true,false,true,false,false,Wald,95%,STUDY,Favours no iron,Favours iron,100,false,,,,,,,,,,,,,,,,,,,,0.0038898018771034003,1,0.9502695577040406,0,analysis:458226881120559160
9,9,Adverse events,Oral iron vs no iron (placebo/standard of care): after multiple donations since treatment – subgroup: daily dose,Custom input,#N/A,Dichotomous,true,,,,,,,Iron,no iron,MH,Risk Ratio,,Random effect,DL,false,true,false,true,false,false,Wald,95%,STUDY,Favours iron,Favours no iron,100,false,,,,,,,,,,,,,,,,,,,,1.6489839854611033,2,0.4384579072241016,0,analysis:458226881150181437
9,10,Adherence (% tablets consumed),Oral iron vs no iron (placebo/standard of care): after multiple donations since treatment – subgroup: daily dose,Custom input,#N/A,Continuous,false,,,,,,,Iron,no iron,IV,Mean Difference,,Random effect,REML,false,true,false,true,false,false,Wald,95%,STUDY,Favours no iron,Favours iron,100,false,,,,,,,,,,,,,,,,,,,,0,0,1,0,analysis:458226881200250951
10,1,Deferrals,Oral iron vs no iron (placebo/standard of care): before/at 1st donation since treatment – subgroup: treatment duration,Custom input,#N/A,Dichotomous,true,,,,,,,Iron,no iron,MH,Risk Ratio,,Random effect,DL,false,true,false,true,false,false,Wald,95%,STUDY,Favours iron,Favours no iron,100,false,,,,,,,,,,,,,,,,,,,,1.033807931156969,2,0.5963641362731951,0,analysis:458226896149012570
10,2,Hb (g/L),Oral iron vs no iron (placebo/standard of care): before/at 1st donation since treatment – subgroup: treatment duration,Custom input,#N/A,Continuous,false,,,,,,,Iron,no iron,IV,Mean Difference,,Random effect,REML,false,true,false,true,false,false,Wald,95%,STUDY,Favours no iron,Favours iron,20,false,,,,,,,,,,,,,,,,,,,,5.354498482401182,3,0.14760496863970807,43.97234381781589,analysis:458226896173916255
10,3,Serum ferritin (ng/mL),Oral iron vs no iron (placebo/standard of care): before/at 1st donation since treatment – subgroup: treatment duration,Custom input,#N/A,Continuous,false,,,,,,,Iron,no iron,IV,Mean Difference,,Random effect,REML,false,true,false,true,false,false,Wald,95%,STUDY,Favours no iron,Favours iron,100,false,,,,,,,,,,,,,,,,,,,,16.118127145941678,3,0.0010724722380227592,81.38741571625238,analysis:458226896200130660
10,4,Serum ferritin (ng/mL) – reported as geometric mean,Oral iron vs no iron (placebo/standard of care): before/at 1st donation since treatment – subgroup: treatment duration,Custom input,#N/A,Contrast level,true,,,,,,,Iron,no iron,IV,Ratio of Geometric Means,,Random effect,REML,false,true,false,true,false,false,Wald,95%,STUDY,Favours no iron,Favours iron,100,false,,,,,,,,,,,,,,,,,,,,9.734577079427265,1,0.001808341366349664,89.72734005965839,analysis:458226896271958131
10,5,MCV (fl),Oral iron vs no iron (placebo/standard of care): before/at 1st donation since treatment – subgroup: treatment duration,Custom input,#N/A,Continuous,false,,,,,,,Iron,no iron,IV,Mean Difference,,Random effect,REML,false,true,false,true,false,false,Wald,95%,STUDY,Favours no iron,Favours iron,10,false,,,,,,,,,,,,,,,,,,,,3.30195587741394,3,0.3473705829575985,9.144758095629948,analysis:458226896220840041
10,6,Serum iron (μg/dL),Oral iron vs no iron (placebo/standard of care): before/at 1st donation since treatment – subgroup: treatment duration,Custom input,#N/A,Continuous,false,,,,,,,Iron,no iron,IV,Mean Difference,,Random effect,REML,false,true,false,true,false,false,Wald,95%,STUDY,Favours no iron,Favours iron,100,false,,,,,,,,,,,,,,,,,,,,7.174602751059548,3,0.06653609786360459,58.185838239518425,analysis:458226896246005870
10,7,TIBC (μg/dL),Oral iron vs no iron (placebo/standard of care): before/at 1st donation since treatment – subgroup: treatment duration,Custom input,#N/A,Continuous,false,,,,,,,Iron,no iron,IV,Mean Difference,,Random effect,REML,false,true,false,true,false,false,Wald,95%,STUDY,Favours iron,Favours no iron,100,false,,,,,,,,,,,,,,,,,,,,2.179498249897887,2,0.3363010952867842,8.235760221706844,analysis:458226896297386104
10,8,Transferrin saturation (%),Oral iron vs no iron (placebo/standard of care): before/at 1st donation since treatment – subgroup: treatment duration,Custom input,#N/A,Continuous,false,,,,,,,Iron,no iron,IV,Mean Difference,,Random effect,REML,false,true,false,true,false,false,Wald,95%,STUDY,Favours no iron,Favours iron,100,false,,,,,,,,,,,,,,,,,,,,5.704422782401798,3,0.12691060972357726,47.409227639034214,analysis:458226896327008381
10,9,Adverse events,Oral iron vs no iron (placebo/standard of care): before/at 1st donation since treatment – subgroup: treatment duration,Custom input,#N/A,Dichotomous,true,,,,,,,oral iron,no iron,MH,Risk Ratio,,Random effect,DL,false,true,false,true,false,false,Wald,95%,STUDY,Favours oral iron,Favours no iron,100,false,,,,,,,,,,,,,,,,,,,,10.88848313838954,3,0.012344466545930244,72.44795292539054,analysis:458226896351125634
10,10,Adherence (n/N),Oral iron vs no iron (placebo/standard of care): before/at 1st donation since treatment – subgroup: treatment duration,Custom input,#N/A,Dichotomous,true,,,,,,,Iron,no iron,MH,Risk Ratio,,Random effect,DL,false,true,false,true,false,false,Wald,95%,STUDY,Favours no iron,Favours iron,10,false,,,,,,,,,,,,,,,,,,,,1.058015657437267,2,0.5891893515846018,0,analysis:458226896377602183
10,11,Adherence (% tablets consumed),Oral iron vs no iron (placebo/standard of care): before/at 1st donation since treatment – subgroup: treatment duration,Custom input,#N/A,Continuous,false,,,,,,,Iron,no iron,IV,Mean Difference,,Random effect,REML,false,true,false,true,false,false,Wald,95%,STUDY,Favours no iron,Favours iron,100,false,,,,,,,,,,,,,,,,,,,,0,0,1,0,analysis:458226896399097996
11,1,Deferrals,Oral iron vs no iron (placebo/standard of care): before/at 2nd donation since treatment – subgroup: treatment duration,Custom input,#N/A,Dichotomous,true,,,,,,,Iron,no iron,MH,Risk Ratio,,Random effect,DL,false,true,false,true,false,false,Wald,95%,STUDY,Favours iron,Favours no iron,100,false,,,,,,,,,,,,,,,,,,,,1.395030061804341,1,0.23755768649710074,28.316956933057526,analysis:458227940131464793
11,2,Hb (g/L),Oral iron vs no iron (placebo/standard of care): before/at 2nd donation since treatment – subgroup: treatment duration,Custom input,#N/A,Continuous,false,,,,,,,Iron,no iron,IV,Mean Difference,,Random effect,REML,false,true,false,true,false,false,Wald,95%,STUDY,Favours no iron,Favours iron,20,false,,,,,,,,,,,,,,,,,,,,14.109220686295723,2,0.00086342115583804,85.82487265265758,analysis:458227940159514206
11,3,Serum ferritin (ng/mL),Oral iron vs no iron (placebo/standard of care): before/at 2nd donation since treatment – subgroup: treatment duration,Custom input,#N/A,Continuous,false,,,,,,,Iron,no iron,IV,Mean Difference,,Random effect,REML,false,true,false,true,false,false,Wald,95%,STUDY,Favours no iron,Favours iron,100,false,,,,,,,,,,,,,,,,,,,,9.477292974619164,2,0.008750515583682117,78.89692757883357,analysis:458227940180485731
11,4,Serum ferritin (ng/mL) – reported as geometric mean,Oral iron vs no iron (placebo/standard of care): before/at 2nd donation since treatment – subgroup: treatment duration,Custom input,#N/A,Contrast level,true,,,,,,,Iron,no iron,IV,Ratio of Geometric Means,,Random effect,REML,false,true,false,true,false,false,Wald,95%,STUDY,Favours no iron,Favours iron,100,false,,,,,,,,,,,,,,,,,,,,0,0,1,0,analysis:458227940243662450
11,5,MCV (fl),Oral iron vs no iron (placebo/standard of care): before/at 2nd donation since treatment – subgroup: treatment duration,Custom input,#N/A,Continuous,false,,,,,,,Iron,no iron,IV,Mean Difference,,Random effect,REML,false,true,false,true,false,false,Wald,95%,STUDY,Favours no iron,Favours iron,10,false,,,,,,,,,,,,,,,,,,,,0,0,1,0,analysis:458227940198835816
11,6,Serum iron (μg/dL),Oral iron vs no iron (placebo/standard of care): before/at 2nd donation since treatment – subgroup: treatment duration,Custom input,#N/A,Continuous,false,,,,,,,Iron,no iron,IV,Mean Difference,,Random effect,REML,false,true,false,true,false,false,Wald,95%,STUDY,Favours no iron,Favours iron,100,false,,,,,,,,,,,,,,,,,,,,0.2710782310674152,1,0.6026094534190628,0,analysis:458227940219020909
11,7,TIBC (μg/dL),Oral iron vs no iron (placebo/standard of care): before/at 2nd donation since treatment – subgroup: treatment duration,Custom input,#N/A,Continuous,false,,,,,,,Iron,no iron,IV,Mean Difference,,Random effect,REML,false,true,false,true,false,false,Wald,95%,STUDY,Favours iron,Favours no iron,100,false,,,,,,,,,,,,,,,,,,,,0.9640603119509858,1,0.32616619654316703,0,analysis:458227940268828279
11,8,Transferrin saturation (%),Oral iron vs no iron (placebo/standard of care): before/at 2nd donation since treatment – subgroup: treatment duration,Custom input,#N/A,Continuous,false,,,,,,,Iron,no iron,IV,Mean Difference,,Random effect,REML,false,true,false,true,false,false,Wald,95%,STUDY,Favours no iron,Favours iron,100,false,,,,,,,,,,,,,,,,,,,,7.396097823692802,1,0.0065365872419442805,86.47935676571798,analysis:458227940296877692
11,9,Adverse events,Oral iron vs no iron (placebo/standard of care): before/at 2nd donation since treatment – subgroup: treatment duration,Custom input,#N/A,Dichotomous,true,,,,,,,Iron,no iron,MH,Risk Ratio,,Random effect,DL,false,true,false,true,false,false,Wald,95%,STUDY,Favours iron,Favours no iron,100,false,,,,,,,,,,,,,,,,,,,,0,0,1,0,analysis:458227940317324929
12,1,Deferrals,Oral iron vs no iron (placebo/standard of care): after multiple donations since treatment – subgroup: treatment duration,Custom input,#N/A,Dichotomous,true,,,,,,,Iron,no iron,MH,Risk Ratio,,Random effect,DL,false,true,false,true,false,false,Wald,95%,STUDY,Favours iron,Favours no iron,100,false,,,,,,,,,,,,,,,,,,,,0.023647293645496954,1,0.8777857695571181,0,analysis:458227947004094099
12,2,Hb (g/L),Oral iron vs no iron (placebo/standard of care): after multiple donations since treatment – subgroup: treatment duration,Custom input,#N/A,Continuous,false,,,,,,,Iron,no iron,IV,Mean Difference,,Random effect,REML,false,true,false,true,false,false,Wald,95%,STUDY,Favours no iron,Favours iron,20,false,,,,,,,,,,,,,,,,,,,,4.466704651562022,2,0.10716867399668939,55.224261373525266,analysis:458227947030570648
12,3,Serum ferritin (ng/mL),Oral iron vs no iron (placebo/standard of care): after multiple donations since treatment – subgroup: treatment duration,Custom input,#N/A,Continuous,false,,,,,,,Iron,no iron,IV,Mean Difference,,Random effect,REML,false,true,false,true,false,false,Wald,95%,STUDY,Favours no iron,Favours iron,100,false,,,,,,,,,,,,,,,,,,,,0.922141917677848,2,0.6306079622308977,0,analysis:458227947054163613
12,4,Ferritin (ng/mL) – reported as geometric mean,Oral iron vs no iron (placebo/standard of care): after multiple donations since treatment – subgroup: treatment duration,Custom input,#N/A,Contrast level,true,,,,,,,Iron,no iron,IV,Ratio of Geometric Means,,Random effect,REML,false,true,false,true,false,false,Wald,95%,STUDY,Favours no iron,Favours iron,100,false,,,,,,,,,,,,,,,,,,,,0,0,1,0,analysis:458227947120223916
12,5,MCV (fl),Oral iron vs no iron (placebo/standard of care): after multiple donations since treatment – subgroup: treatment duration,Custom input,#N/A,Continuous,false,,,,,,,Iron,no iron,IV,Mean Difference,,Random effect,REML,false,true,false,true,false,false,Wald,95%,STUDY,Favours no iron,Favours iron,10,false,,,,,,,,,,,,,,,,,,,,0,0,1,0,analysis:458227947078018722
12,6,Serum iron (μg/dL),Oral iron vs no iron (placebo/standard of care): after multiple donations since treatment – subgroup: treatment duration,Custom input,#N/A,Continuous,false,,,,,,,Iron,no iron,IV,Mean Difference,,Random effect,REML,false,true,false,true,false,false,Wald,95%,STUDY,Favours no iron,Favours iron,100,false,,,,,,,,,,,,,,,,,,,,0.7626162965285245,1,0.38251103436335954,0,analysis:458227947102922407
12,7,TIBC (μg/dL),Oral iron vs no iron (placebo/standard of care): after multiple donations since treatment – subgroup: treatment duration,Custom input,#N/A,Continuous,false,,,,,,,Iron,no iron,IV,Mean Difference,,Random effect,REML,false,true,false,true,false,false,Wald,95%,STUDY,Favours iron,Favours no iron,100,false,,,,,,,,,,,,,,,,,,,,0.9411921535889727,1,0.3319716038454834,0,analysis:458227947135428273
12,8,Transferrin saturation (%),Oral iron vs no iron (placebo/standard of care): after multiple donations since treatment – subgroup: treatment duration,Custom input,#N/A,Continuous,false,,,,,,,Iron,no iron,IV,Mean Difference,,Random effect,REML,false,true,false,true,false,false,Wald,95%,STUDY,Favours no iron,Favours iron,100,false,,,,,,,,,,,,,,,,,,,,0.0038898018771034003,1,0.9502695577040406,0,analysis:458227947153254070
12,9,Adverse events,Oral iron vs no iron (placebo/standard of care): after multiple donations since treatment – subgroup: treatment duration,Custom input,#N/A,Dichotomous,true,,,,,,,Iron,no iron,MH,Risk Ratio,,Random effect,DL,false,true,false,true,false,false,Wald,95%,STUDY,Favours iron,Favours no iron,100,false,,,,,,,,,,,,,,,,,,,,2.239670032436345,2,0.3263339400644214,10.701131370482665,analysis:458227947173439163
12,10,Adherence (% tablets consumed),Oral iron vs no iron (placebo/standard of care): after multiple donations since treatment – subgroup: treatment duration,Custom input,#N/A,Continuous,false,,,,,,,Iron,no iron,IV,Mean Difference,,Random effect,REML,false,true,false,true,false,false,Wald,95%,STUDY,Favours no iron,Favours iron,10,false,,,,,,,,,,,,,,,,,,,,0,0,1,0,analysis:458227947221935813
13,1,Deferrals,Oral iron vs no iron (placebo/standard of care): before/at 1st donation since treatment – subgroup: iron preparation,Custom input,#N/A,Dichotomous,true,,,,,,,Iron,no iron,MH,Risk Ratio,,Random effect,DL,false,true,false,true,false,false,Wald,95%,STUDY,Favours iron,Favours no iron,100,false,,,,,,,,,,,,,,,,,,,,4.290860445744093,2,0.1170177509006467,53.38930209245775,analysis:458228069005387668
13,2,Hb (g/L),Oral iron vs no iron (placebo/standard of care): before/at 1st donation since treatment – subgroup: iron preparation,Custom input,#N/A,Continuous,false,,,,,,,Iron,no iron,IV,Mean Difference,,Random effect,REML,false,true,false,true,false,false,Wald,95%,STUDY,Favours no iron,Favours iron,20,false,,,,,,,,,,,,,,,,,,,,3.1679250318239216,3,0.3664523692628793,5.300789322253607,analysis:458228069048117145
13,3,Serum ferritin (ng/mL),Oral iron vs no iron (placebo/standard of care): before/at 1st donation since treatment – subgroup: iron preparation,Custom input,#N/A,Continuous,false,,,,,,,Iron,no iron,IV,Mean Difference,,Random effect,REML,false,true,false,true,false,false,Wald,95%,STUDY,Favours no iron,Favours iron,100,false,,,,,,,,,,,,,,,,,,,,3.4059823882687463,1,0.06496051763859723,70.6398951608115,analysis:458228069068040094
13,4,Serum ferritin (ng/mL) – reported as geometric mean,Oral iron vs no iron (placebo/standard of care): before/at 1st donation since treatment – subgroup: iron preparation,Custom input,#N/A,Contrast level,true,,,,,,,Iron,no iron,IV,Ratio of Geometric Means,,Random effect,REML,false,true,false,true,false,false,Wald,95%,STUDY,Favours no iron,Favours iron,100,false,,,,,,,,,,,,,,,,,,,,0.041429701255132054,2,0.9794982356010152,0,analysis:458228069136197549
13,5,MCV (fl),Oral iron vs no iron (placebo/standard of care): before/at 1st donation since treatment – subgroup: iron preparation,Custom input,#N/A,Continuous,false,,,,,,,Iron,no iron,IV,Mean Difference,,Random effect,REML,false,true,false,true,false,false,Wald,95%,STUDY,Favours no iron,Favours iron,10,false,,,,,,,,,,,,,,,,,,,,1.1649034562082226,2,0.5585275254497108,0,analysis:458228069084293027
13,6,Serum iron (μg/dL),Oral iron vs no iron (placebo/standard of care): before/at 1st donation since treatment – subgroup: iron preparation,Custom input,#N/A,Continuous,false,,,,,,,Iron,no iron,IV,Mean Difference,,Random effect,REML,false,true,false,true,false,false,Wald,95%,STUDY,Favours no iron,Favours iron,100,false,,,,,,,,,,,,,,,,,,,,2.298310946179723,2,0.31690468174033426,12.979572963161425,analysis:458228069104215976
13,7,TIBC (μg/dL),Oral iron vs no iron (placebo/standard of care): before/at 1st donation since treatment – subgroup: iron preparation,Custom input,#N/A,Continuous,false,,,,,,,Iron,no iron,IV,Mean Difference,,Random effect,REML,false,true,false,true,false,false,Wald,95%,STUDY,Favours iron,Favours no iron,100,false,,,,,,,,,,,,,,,,,,,,4.491078383632667,3,0.21308775636705335,33.20089867651316,analysis:458228069155071922
13,8,Transferrin saturation (%),Oral iron vs no iron (placebo/standard of care): before/at 1st donation since treatment – subgroup: iron preparation,Custom input,#N/A,Continuous,false,,,,,,,Iron,no iron,IV,Mean Difference,,Random effect,REML,false,true,false,true,false,false,Wald,95%,STUDY,Favours no iron,Favours iron,100,false,,,,,,,,,,,,,,,,,,,,5.1470758859695165,2,0.07626534516436223,61.14298595340654,analysis:458228069179975607
13,9,Adverse events,Oral iron vs no iron (placebo/standard of care): before/at 1st donation since treatment – subgroup: iron preparation,Custom input,#N/A,Dichotomous,true,,,,,,,Iron,no iron,MH,Risk Ratio,,Random effect,DL,false,true,false,true,false,false,Wald,95%,STUDY,Favours iron,Favours no iron,100,false,,,,,,,,,,,,,,,,,,,,0.48213622972744175,1,0.48745632421036433,0,analysis:458228069207500732
13,10,Adherence (n/N),Oral iron vs no iron (placebo/standard of care): before/at 1st donation since treatment – subgroup: iron preparation,Custom input,#N/A,Dichotomous,true,,,,,,,Iron,no iron,MH,Risk Ratio,,Random effect,DL,false,true,false,true,false,false,Wald,95%,STUDY,Favours no iron,Favours iron,10,false,,,,,,,,,,,,,,,,,,,,0.6443984584273675,1,0.42212278202405706,0,analysis:458228069228210113
13,11,Adherence (% tablets consumed),Oral iron vs no iron (placebo/standard of care): before/at 1st donation since treatment – subgroup: iron preparation,Custom input,#N/A,Continuous,false,,,,,,,Iron,no iron,IV,Mean Difference,,Random effect,REML,false,true,false,true,false,false,Wald,95%,STUDY,Favours no iron,Favours iron,100,false,,,,,,,,,,,,,,,,,,,,0,0,1,0,analysis:458228069249705926
14,1,Deferrals,Oral iron vs no iron (placebo/standard of care): before/at 2nd donation since treatment – subgroup: iron preparation,Custom input,#N/A,Dichotomous,true,,,,,,,Iron,no iron,MH,Risk Ratio,,Random effect,DL,false,true,false,true,false,false,Wald,95%,STUDY,Favours iron,Favours no iron,100,false,,,,,,,,,,,,,,,,,,,,12.592328512581112,1,0.00038733493341025493,92.05865699103315,analysis:458228188028725465
14,2,Hb (g/L),Oral iron vs no iron (placebo/standard of care): before/at 2nd donation since treatment – subgroup: iron preparation,Custom input,#N/A,Continuous,false,,,,,,,Iron,no iron,IV,Mean Difference,,Random effect,REML,false,true,false,true,false,false,Wald,95%,STUDY,Favours no iron,Favours iron,20,false,,,,,,,,,,,,,,,,,,,,6.026268984540371,1,0.01409454996839965,83.40598465542489,analysis:458228188059134174
14,3,Serum ferritin (ng/mL),Oral iron vs no iron (placebo/standard of care): before/at 2nd donation since treatment – subgroup: iron preparation,Custom input,#N/A,Continuous,false,,,,,,,Iron,no iron,IV,Mean Difference,,Random effect,REML,false,true,false,true,false,false,Wald,95%,STUDY,Favours no iron,Favours iron,100,false,,,,,,,,,,,,,,,,,,,,0.009690774721365699,1,0.9215815384229931,0,analysis:458228188083513571
14,4,Serum ferritin (ng/mL) – reported as geometric mean,Oral iron vs no iron (placebo/standard of care): before/at 2nd donation since treatment – subgroup: iron preparation,Custom input,#N/A,Contrast level,true,,,,,,,Iron,no iron,IV,Ratio of Geometric Means,,Random effect,REML,false,true,false,true,false,false,Wald,95%,STUDY,Favours no iron,Favours iron,100,false,,,,,,,,,,,,,,,,,,,,0.7167718887799395,1,0.3972048574597029,0,analysis:458228188144593138
14,5,MCV (fl),Oral iron vs no iron (placebo/standard of care): before/at 2nd donation since treatment – subgroup: iron preparation,Custom input,#N/A,Continuous,false,,,,,,,Iron,no iron,IV,Mean Difference,,Random effect,REML,false,true,false,true,false,false,Wald,95%,STUDY,Favours no iron,Favours iron,10,false,,,,,,,,,,,,,,,,,,,,0,0,1,0,analysis:458228188109990120
14,6,Serum iron (μg/dL),Oral iron vs no iron (placebo/standard of care): before/at 2nd donation since treatment – subgroup: iron preparation,Custom input,#N/A,Continuous,false,,,,,,,Iron,no iron,IV,Mean Difference,,Random effect,REML,false,true,false,true,false,false,Wald,95%,STUDY,Favours no iron,Favours iron,100,false,,,,,,,,,,,,,,,,,,,,0,0,1,0,analysis:458228188127291629
14,7,TIBC (μg/dL),Oral iron vs no iron (placebo/standard of care): before/at 2nd donation since treatment – subgroup: iron preparation,Custom input,#N/A,Continuous,false,,,,,,,Iron,no iron,IV,Mean Difference,,Random effect,REML,false,true,false,true,false,false,Wald,95%,STUDY,Favours iron,Favours no iron,100,false,,,,,,,,,,,,,,,,,,,,0.43976571080188115,1,0.5072355818330446,0,analysis:458228188162156791
14,8,Transferrin saturation (%),Oral iron vs no iron (placebo/standard of care): before/at 2nd donation since treatment – subgroup: iron preparation,Custom input,#N/A,Continuous,false,,,,,,,Iron,no iron,IV,Mean Difference,,Random effect,REML,false,true,false,true,false,false,Wald,95%,STUDY,Favours no iron,Favours iron,100,false,,,,,,,,,,,,,,,,,,,,0,0,1,0,analysis:458228188182341884
14,9,Adverse events,Oral iron vs no iron (placebo/standard of care): before/at 2nd donation since treatment – subgroup: iron preparation,Custom input,#N/A,Dichotomous,true,,,,,,,Iron,no iron,MH,Risk Ratio,,Random effect,DL,false,true,false,true,false,false,Wald,95%,STUDY,Favours iron,Favours no iron,100,false,,,,,,,,,,,,,,,,,,,,0,0,1,0,analysis:458228188209080577
15,1,Deferrals,Oral iron vs no iron (placebo/standard of care): after multiple donations since treatment – subgroup: iron preparation,Custom input,#N/A,Dichotomous,true,,,,,,,Iron,no iron,MH,Risk Ratio,,Random effect,DL,false,true,false,true,false,false,Wald,95%,STUDY,Favours iron,Favours no iron,100,false,,,,,,,,,,,,,,,,,,,,6.821211590059056,1,0.0090082003060582,85.33984781446514,analysis:458228193510156562
15,2,Hb (g/L),Oral iron vs no iron (placebo/standard of care): after multiple donations since treatment – subgroup: iron preparation,Custom input,#N/A,Continuous,false,,,,,,,Iron,no iron,IV,Mean Difference,,Random effect,REML,false,true,false,true,false,false,Wald,95%,STUDY,Favours no iron,Favours iron,20,false,,,,,,,,,,,,,,,,,,,,12.29093603776609,1,0.00045516786611421445,91.86392316315599,analysis:458228193534273815
15,3,Serum ferritin (ng/mL),Oral iron vs no iron (placebo/standard of care): after multiple donations since treatment – subgroup: iron preparation,Custom input,#N/A,Continuous,false,,,,,,,Iron,no iron,IV,Mean Difference,,Random effect,REML,false,true,false,true,false,false,Wald,95%,STUDY,Favours no iron,Favours iron,100,false,,,,,,,,,,,,,,,,,,,,0.035781725775828166,1,0.8499670258257199,0,analysis:458228193552623900
15,4,Serum ferritin (ng/mL) – reported as geometric mean,Oral iron vs no iron (placebo/standard of care): after multiple donations since treatment – subgroup: iron preparation,Custom input,#N/A,Contrast level,true,,,,,,,Iron,no iron,IV,Ratio of Geometric Means,,Random effect,REML,false,true,false,true,false,false,Wald,95%,STUDY,Favours no iron,Favours iron,100,false,,,,,,,,,,,,,,,,,,,,1.4013817139091205,1,0.23649258192654365,28.641854672805444,analysis:458228193614227755
15,5,MCV (fl),Oral iron vs no iron (placebo/standard of care): after multiple donations since treatment – subgroup: iron preparation,Custom input,#N/A,Continuous,false,,,,,,,Iron,no iron,IV,Mean Difference,,Random effect,REML,false,true,false,true,false,false,Wald,95%,STUDY,Favours no iron,Favours iron,10,false,,,,,,,,,,,,,,,,,,,,0,0,1,0,analysis:458228193574644001
15,6,Serum iron (μg/dL),Oral iron vs no iron (placebo/standard of care): after multiple donations since treatment – subgroup: iron preparation,Custom input,#N/A,Continuous,false,,,,,,,Iron,no iron,IV,Mean Difference,,Random effect,REML,false,true,false,true,false,false,Wald,95%,STUDY,Favours no iron,Favours iron,100,false,,,,,,,,,,,,,,,,,,,,0,0,1,0,analysis:458228193593256230
15,7,TIBC (μg/dL),Oral iron vs no iron (placebo/standard of care): after multiple donations since treatment – subgroup: iron preparation,Custom input,#N/A,Continuous,false,,,,,,,Iron,no iron,IV,Mean Difference,,Random effect,REML,false,true,false,true,false,false,Wald,95%,STUDY,Favours iron,Favours no iron,100,false,,,,,,,,,,,,,,,,,,,,0.44249148340672695,1,0.5059223916712671,0,analysis:458228193635199280
15,8,Transferrin saturation (%),Oral iron vs no iron (placebo/standard of care): after multiple donations since treatment – subgroup: iron preparation,Custom input,#N/A,Continuous,false,,,,,,,Iron,no iron,IV,Mean Difference,,Random effect,REML,false,true,false,true,false,false,Wald,95%,STUDY,Favours no iron,Favours iron,10,false,,,,,,,,,,,,,,,,,,,,0,0,1,0,analysis:458228193654335797
15,9,Adverse events,Oral iron vs no iron (placebo/standard of care): after multiple donations since treatment – subgroup: iron preparation,Custom input,#N/A,Dichotomous,true,,,,,,,Iron,no iron,MH,Risk Ratio,,Random effect,DL,false,true,false,true,false,false,Wald,95%,STUDY,Favours iron,Favours no iron,100,false,,,,,,,,,,,,,,,,,,,,2.0553257548602986,1,0.15167526595819125,51.34591207085953,analysis:458228193672685882
15,10,Adherence (% tablets consumed),Oral iron vs no iron (placebo/standard of care): after multiple donations since treatment – subgroup: iron preparation,Custom input,#N/A,Continuous,false,,,,,,,Iron,no iron,IV,Mean Difference,,Random effect,REML,false,true,false,true,false,false,Wald,95%,STUDY,Favours no iron,Favours iron,10,false,,,,,,,,,,,,,,,,,,,,0,0,1,0,analysis:458228193713580356
16,1,Hb (g/L),IV iron vs no iron (placebo/standard of care): before/at 1st donation since treatment – subgroup: sex,Custom input,#N/A,Continuous,false,,,,,,,IV iron,no iron,IV,Mean Difference,,Random effect,REML,false,true,true,true,true,false,Wald,95%,STUDY,Favours no iron,Favours IV iron,20,true,,281,,277,8.022911400014173,3.219914475632269,12.825908324396078,-1.383682921109127,17.429505721137474,17.028748795684596,,,9.989938562537022,3,0.01865189315882909,77.92839216844665,3.2739178564448483,,0.0010606743994152454,3.332522312422846,2,0.18895241627766024,39.98539807087027,analysis:458228219871357277
16,2,Serum ferritin (ng/mL),IV iron vs no iron (placebo/standard of care): before/at 1st donation since treatment – subgroup: sex,Custom input,#N/A,Continuous,false,,,,,,,IV iron,no iron,IV,Mean Difference,,Random effect,REML,false,true,true,true,true,false,Wald,95%,STUDY,Favours no iron,Favours IV iron,200,true,,240,,239,78.15631526608803,37.1955954126731,119.11703511950296,-2.1009610307210806,158.41359156289712,1240.0106443967281,,,46.81043190277873,2,-1.7337242752546445e-11,94.9778456128867,3.739767358437172,,0.0001841906463126736,46.81043190277873,2,-1.7337242752546445e-11,95.72744809500192,analysis:458228219894425953
16,3,MCV (fl),IV iron vs no iron (placebo/standard of care): before/at 1st donation since treatment – subgroup: sex,Custom input,#N/A,Continuous,false,,,,,,,IV iron,no iron,IV,Mean Difference,,Random effect,REML,false,true,true,true,true,false,Wald,95%,STUDY,Favours no iron,Favours IV iron,100,false,,37,,37,5.805230427247516,3.658233981255764,7.952226873239269,3.658233981255764,7.952226873239269,0,,,0.5727426639382256,1,0.4491712316073708,0,5.2995162523920225,,1.1610990096935033e-7,0.5727426639382256,1,0.4491712316073708,0,analysis:458228219913300325
16,4,Serum/plasma iron (μg/dL),IV iron vs no iron (placebo/standard of care): before/at 1st donation since treatment – subgroup: sex,Custom input,#N/A,Continuous,false,,,,,,,IV iron,no iron,IV,Mean Difference,,Random effect,REML,false,true,true,true,true,false,Wald,95%,STUDY,Favours no iron,Favours IV iron,100,false,,76,,73,24.30195343158792,11.550487750633243,37.05341911254259,11.550487750633243,37.05341911254259,0,,,0.06861777894531752,2,0.9662729873640955,0,3.7353316608162546,,0.00018746795083504077,0.013716054360597897,1,0.906768481885165,0,analysis:458228219930077545
16,5,TIBC (μg/dL),IV iron vs no iron (placebo/standard of care): before/at 1st donation since treatment – subgroup: sex,Custom input,#N/A,Continuous,false,,,,,,,IV iron,no iron,IV,Mean Difference,,Random effect,REML,false,true,true,true,true,false,Wald,95%,STUDY,Favours IV iron,Favours no iron,100,false,,37,,37,25.793998410322327,8.837321484992902,42.75067533565175,8.837321484992902,42.75067533565175,0,,,0.00016411539704182848,1,0.9897787774204516,0,2.9814395900883754,,0.002868966434302692,0.00016411539704182848,1,0.9897787774204516,0,analysis:458228219965729137
16,6,Transferrin saturation (%),IV iron vs no iron (placebo/standard of care): before/at 1st donation since treatment – subgroup: sex,Custom input,#N/A,Continuous,false,,,,,,,IV iron,no iron,IV,Mean Difference,,Random effect,REML,false,true,true,true,true,false,Wald,95%,STUDY,Favours no iron,Favours IV iron,100,false,,76,,73,12.208172338359226,8.696903418784679,15.719441257933774,8.334367677595688,16.081976999122766,0.6969625991459492,,,1.555960451678827,2,0.45933296674919477,6.654163495110797,6.814510266317476,,9.458542018515298e-12,0.020514414622930053,1,0.8861096999755671,0,analysis:458228219984079221
16,7,Adverse events,IV iron vs no iron (placebo/standard of care): before/at 1st donation since treatment – subgroup: sex,Custom input,#N/A,Dichotomous,true,,,,,,,IV iron,no iron,MH,Risk Ratio,,Random effect,DL,false,true,true,true,true,false,Wald,95%,STUDY,Favours IV iron,Favours no iron,100,true,42,242,32,242,0.8474827297922772,0.1733457078215507,4.143321379699478,0.07338342930635658,9.787318255430126,0.9025744167806136,,,2.4445964764548083,1,0.11793043613773346,59.093453270037635,0.20437797686283374,,0.8380581390044866,0,0,1,0,analysis:458228220003740025
16,8,"Specific side effects (any time point, no population subgrouping)",IV iron vs no iron (placebo/standard of care): before/at 1st donation since treatment – subgroup: sex,Custom input,#N/A,Dichotomous,true,,,,,,,IV iron,no iron,MH,Risk Ratio,,Random effect,DL,false,true,false,true,false,false,Wald,95%,STUDY,Favours IV iron,Favours no iron,100,true,,,,,,,,,,,,,,,,,,,,4.108410877020919,7,0.7672094899294533,0,analysis:458228220061411717
17,1,Hb (g/L),IV iron vs no iron (placebo/standard of care): before/at 2nd donation since treatment – subgroup: sex,Custom input,#N/A,Continuous,false,,,,,,,IV iron,no iron,IV,Mean Difference,,Random effect,REML,false,true,true,true,true,false,Wald,95%,STUDY,Favours no iron,Favours IV iron,20,false,,40,,34,13.900000000000007,9.496991158418183,18.303008841581832,9.496991158418183,18.303008841581832,0,,,6.2525545854590475e-31,0,0,0,6.187473240530509,,6.11362208082163e-10,0,0,1,0,analysis:458228228059949464
17,2,Plasma iron (μg/dL),IV iron vs no iron (placebo/standard of care): before/at 2nd donation since treatment – subgroup: sex,Custom input,#N/A,Continuous,false,,,,,,,IV iron,no iron,IV,Mean Difference,,Random effect,REML,false,true,true,true,true,false,Wald,95%,STUDY,Favours no iron,Favours IV iron,100,false,,40,,33,36.81,18.485905259276844,55.13409474072316,18.485905259276844,55.13409474072316,0,,,0,0,1,0,3.937235388255374,,0.00008242574430718881,0,0,1,0,analysis:458228228121553316
17,3,Transferrin saturation (%),IV iron vs no iron (placebo/standard of care): before/at 2nd donation since treatment – subgroup: sex,Custom input,#N/A,Continuous,false,,,,,,,IV iron,no iron,IV,Mean Difference,,Random effect,REML,false,true,true,true,true,false,Wald,95%,STUDY,Favours no iron,Favours IV iron,100,false,,40,,33,11.3,6.214956262557873,16.38504373744213,6.214956262557873,16.38504373744213,0,,,0,0,1,0,4.3554380589149595,,0.000013280106707028006,0,0,1,0,analysis:458228228184467888
17,4,Adverse events,IV iron vs no iron (placebo/standard of care): before/at 2nd donation since treatment – subgroup: sex,Custom input,#N/A,Dichotomous,true,,,,,,,IV iron,no iron,MH,Risk Ratio,,Random effect,DL,false,true,true,true,true,false,Wald,95%,STUDY,Favours IV iron,Favours no iron,100,false,28,41,31,41,0.9032258064516129,0.688454731714369,1.1849970954642788,0.688454731714369,1.1849970954642788,0,,,0,0,1,0,0.7347090375860506,,0.46251672071882355,0,0,1,0,analysis:458228228209109428
18,1,Hb (g/L),IV iron vs no iron (placebo/standard of care): before/at 1st donation since treatment – subgroup: baseline iron status,Custom input,#N/A,Continuous,false,,,,,,,IV iron,no iron,IV,Mean Difference,,Random effect,REML,false,true,true,true,true,false,Wald,95%,STUDY,Favours no iron,Favours IV iron,20,false,,281,,277,6.8187274170864,2.02861626467623,11.60883856949657,-1.874571641102536,15.512026475275336,13.700077527618731,,,6.712000498186299,2,0.03487457390761273,79.01340959536991,2.7900104470771567,,0.0052706340837042655,6.080534181847271,1,0.013668006093106366,83.55407649897958,analysis:458228233535351239
18,2,Serum ferritin (ng/mL),IV iron vs no iron (placebo/standard of care): before/at 1st donation since treatment – subgroup: baseline iron status,Custom input,#N/A,Continuous,false,,,,,,,IV iron,no iron,IV,Mean Difference,,Random effect,REML,false,true,true,true,true,false,Wald,95%,STUDY,Favours no iron,Favours IV iron,100,false,,240,,239,89.99999605312954,42.463696823829615,137.53629528242945,8.732458315867362,171.26753379039172,1131.0059923210972,,,25.800556132186536,1,3.785196559524806e-7,96.12411455444371,3.7107800508827866,,0.00020662157389660787,25.800556132186536,1,3.785196559524806e-7,96.1241145544437,analysis:458228233558419915
18,3,MCV (fl),IV iron vs no iron (placebo/standard of care): before/at 1st donation since treatment – subgroup: baseline iron status,Custom input,#N/A,Continuous,false,,,,,,,IV iron,no iron,IV,Mean Difference,,Random effect,REML,false,true,true,true,true,false,Wald,95%,STUDY,Favours no iron,Favours IV iron,100,false,,37,,37,5.980000000000004,3.5740898620455246,8.385910137954482,3.5740898620455246,8.385910137954482,0,,,0,0,1,0,4.871580381432887,,0.0000011070910442043855,0,0,1,0,analysis:458228233582537167
18,4,Serum/plasma iron (μg/dL),IV iron vs no iron (placebo/standard of care): before/at 1st donation since treatment – subgroup: baseline iron status,Custom input,#N/A,Continuous,false,,,,,,,IV iron,no iron,IV,Mean Difference,,Random effect,REML,false,true,true,true,true,false,Wald,95%,STUDY,Favours no iron,Favours IV iron,100,false,,76,,73,24.242414650110366,11.588974547656877,36.89585475256386,11.588974547656877,36.89585475256386,0,,,0.06357245557935508,1,0.8009361119104571,0,3.7550467878920557,,0.00017330909999395202,0.06357245557935508,1,0.8009361119104571,0,analysis:458228233604819411
18,5,TIBC (μg/dL),IV iron vs no iron (placebo/standard of care): before/at 1st donation since treatment – subgroup: baseline iron status,Custom input,#N/A,Continuous,false,,,,,,,IV iron,no iron,IV,Mean Difference,,Random effect,REML,false,true,true,true,true,false,Wald,95%,STUDY,Favours IV iron,Favours no iron,100,false,,37,,37,25.650000000000006,8.921811427791784,42.37818857220823,8.921811427791784,42.37818857220823,0,,,0,0,1,0,3.0052910981034002,,0.0026532678467337725,0,0,1,0,analysis:458228233639422427
18,6,Transferrin saturation (%),IV iron vs no iron (placebo/standard of care): before/at 1st donation since treatment – subgroup: baseline iron status,Custom input,#N/A,Continuous,false,,,,,,,IV iron,no iron,IV,Mean Difference,,Random effect,REML,false,true,true,true,true,false,Wald,95%,STUDY,Favours no iron,Favours IV iron,100,false,,76,,73,12.051475815090425,8.16312956704843,15.939822063132421,7.293915758128337,16.80903587205251,1.956324797874811,,,1.3302301573864443,1,0.2487644213239224,24.825039152266786,6.074679838511546,,1.242353361998207e-9,1.3302301573864443,1,0.2487644213239224,24.825039152266744,analysis:458228233658558943
18,7,Adverse events,IV iron vs no iron (placebo/standard of care): before/at 1st donation since treatment – subgroup: baseline iron status,Custom input,#N/A,Dichotomous,true,,,,,,,IV iron,no iron,MH,Risk Ratio,,Random effect,DL,false,true,true,true,true,false,Wald,95%,STUDY,Favours IV iron,Favours no iron,100,false,42,242,32,242,0.8474827297922772,0.1733457078215507,4.143321379699478,0.07338342930635658,9.787318255430126,0.9025744167806136,,,2.4445964764548083,1,0.11793043613773346,59.093453270037635,0.20437797686283374,,0.8380581390044866,2.415661535759697,1,0.12012741688813733,58.6034721670761,analysis:458228233687919075
19,1,Hb (g/L),IV iron vs no iron (placebo/standard of care): before/at 2nd donation since treatment – subgroup: baseline iron status,Custom input,#N/A,Continuous,false,,,,,,,IV iron,no iron,IV,Mean Difference,,Random effect,REML,false,true,true,true,true,false,Wald,95%,STUDY,Favours no iron,Favours IV iron,20,false,,40,,34,13.900000000000007,9.496991158418183,18.303008841581832,9.496991158418183,18.303008841581832,0,,,6.2525545854590475e-31,0,0,0,6.187473240530509,,6.11362208082163e-10,0,0,1,0,analysis:458228238801037812
19,2,Plasma iron (μg/dL),IV iron vs no iron (placebo/standard of care): before/at 2nd donation since treatment – subgroup: baseline iron status,Custom input,#N/A,Continuous,false,,,,,,,IV iron,no iron,IV,Mean Difference,,Random effect,REML,false,true,true,true,true,false,Wald,95%,STUDY,Favours no iron,Favours IV iron,100,false,,40,,33,36.81,18.485905259276844,55.13409474072316,18.485905259276844,55.13409474072316,0,,,0,0,1,0,3.937235388255374,,0.00008242574430718881,0,0,1,0,analysis:458228238866311680
19,3,Transferrin saturation (%),IV iron vs no iron (placebo/standard of care): before/at 2nd donation since treatment – subgroup: baseline iron status,Custom input,#N/A,Continuous,false,,,,,,,IV iron,no iron,IV,Mean Difference,,Random effect,REML,false,true,true,true,true,false,Wald,95%,STUDY,Favours no iron,Favours IV iron,100,false,,40,,33,11.3,6.214956262557873,16.38504373744213,6.214956262557873,16.38504373744213,0,,,0,0,1,0,4.3554380589149595,,0.000013280106707028006,0,0,1,0,analysis:458228238921624076
19,4,Adverse events,IV iron vs no iron (placebo/standard of care): before/at 2nd donation since treatment – subgroup: baseline iron status,Custom input,#N/A,Dichotomous,true,,,,,,,IV iron,no iron,MH,Risk Ratio,,Random effect,DL,false,true,true,true,true,false,Wald,95%,STUDY,Favours iIV ron,Favours no iron,100,false,28,41,31,41,0.9032258064516129,0.688454731714369,1.1849970954642788,0.688454731714369,1.1849970954642788,0,,,0,0,1,0,0.7347090375860506,,0.46251672071882355,0,0,1,0,analysis:458228238941022736
20,1,Plasma ferritin (ng/mL),Oral iron vs IV iron: before/at 1st donation since treatment – subgroup: sex,Custom input,#N/A,Continuous,false,,,,,,,Oral iron,IV iron,IV,Mean Difference,,Random effect,REML,false,true,true,true,true,false,Wald,95%,STUDY,Favours IV iron,Favours oral iron,100,true,,60,,60,-1.1787729674131546,-9.122615102361468,6.7650691675351595,-9.122615102361468,6.7650691675351595,0,,,0.20740801346486454,1,0.6488066186536641,0,0.2908356589709876,,0.7711770120449531,0.20740801346486454,1,0.6488066186536641,0,analysis:458228415287650946
20,2,MCV (fl),Oral iron vs IV iron: before/at 1st donation since treatment – subgroup: sex,Custom input,#N/A,Continuous,false,,,,,,,Oral iron,IV iron,IV,Mean Difference,,Random effect,REML,false,true,true,true,true,false,Wald,95%,STUDY,Favours IV iron,Favours oral iron,100,false,,71,,72,-0.29999999999999716,-1.4316654204066137,0.8316654204066194,-1.4316654204066137,0.8316654204066194,0,,,0,0,1,0,0.5195786535129274,,0.6033572815364403,0,0,1,0,analysis:458228415313078918
20,3,Adverse events,Oral iron vs IV iron: before/at 1st donation since treatment – subgroup: sex,Custom input,#N/A,Dichotomous,true,,,,,,,Oral iron,IV iron,MH,Risk Ratio,,Random effect,DL,false,true,true,true,true,false,Wald,95%,STUDY,Favours oral iron,Favours IV iron,100,true,33,86,33,86,1,0.6846915782262871,1.4605116110680494,0.6846915782262871,1.4605116110680494,0,,,0,0,1,0,0,,1,0,0,1,0,analysis:458228415436286618
20,4,Adherence (n/N),Oral iron vs IV iron: before/at 1st donation since treatment – subgroup: sex,Custom input,#N/A,Dichotomous,true,,,,,,,Oral iron,IV iron,MH,Risk Ratio,,Random effect,DL,false,true,true,true,true,false,Wald,95%,STUDY,Favours IV iron,Favours oral iron,10,true,74,86,86,86,0.861271676300578,0.7890796162502873,0.9400685116193906,0.7890796162502873,0.9400685116193906,0,,,0,0,1,0,3.3436387408837343,,0.0008268733632949104,0,0,1,0,analysis:458228415468530334
20,5,"Non-GI side effects (any time point, no population subgrouping)",Oral iron vs IV iron: before/at 1st donation since treatment – subgroup: sex,Custom input,#N/A,Dichotomous,true,,,,,,,Oral iron,IV iron,MH,Risk Ratio,,Random effect,DL,false,false,false,false,false,false,Wald,95%,STUDY,Favours iron,Favours no iron,100,true,,,,,,,,,,,,,,,,,,,,,,,,analysis:458228415510997670
20,6,"GI side effects (any time point, no population subgrouping)",Oral iron vs IV iron: before/at 1st donation since treatment – subgroup: sex,Custom input,#N/A,Dichotomous,true,,,,,,,Oral iron,IV iron,MH,Risk Ratio,,Random effect,DL,false,false,false,false,false,false,Wald,95%,STUDY,Favours iron,Favours no iron,100,true,,,,,,,,,,,,,,,,,,,,,,,,analysis:458228415534066347
21,1,Plasma ferritin (ng/mL),Oral iron vs IV iron: before/at 2nd donation since treatment – subgroup: sex,Custom input,#N/A,Continuous,false,,,,,,,Oral iron,IV iron,IV,Mean Difference,,Random effect,REML,false,true,true,true,true,false,Wald,95%,STUDY,Favours IV iron,Favours oral iron,100,false,,60,,60,-6.618823973235937,-13.567050904491207,0.3294029580193323,-13.567050904491207,0.3294029580193323,0,,,0.011607709177137809,1,0.9142026705077893,0,1.8670456126292776,,0.061895218447531826,0.011607709177137809,1,0.9142026705077893,0,analysis:458228524686895913
22,1,Plasma ferritin (ng/mL),Oral iron vs IV iron: after multiple donations since treatment – subgroup: sex,Custom input,#N/A,Continuous,false,,,,,,,Oral iron,IV iron,IV,Mean Difference,,Random effect,REML,false,true,true,true,true,false,Wald,95%,STUDY,Favours IV iron,Favours oral iron,100,false,,60,,60,-7.894377292451268,-15.168943585746181,-0.6198109991563561,-15.168943585746181,-0.6198109991563561,0,,,0.9153364682926457,1,0.3387025856825904,0,2.126957752496771,,0.033423593609250395,0.9153364682926457,1,0.3387025856825904,0,analysis:458228555550157753
23,1,Plasma ferritin (ng/mL),Oral iron vs IV iron: before/at 1st donation since treatment – subgroup: baseline iron status,Custom input,#N/A,Continuous,false,,,,,,,Oral iron,IV iron,IV,Mean Difference,,Random effect,REML,false,true,true,true,true,false,Wald,95%,STUDY,Favours IV iron,Favours oral iron,100,false,,60,,60,-0.8000000000000043,-8.869404437956536,7.269404437956528,-8.869404437956536,7.269404437956528,0,,,0,0,1,0,0.1943106458088398,,0.8459326504558512,0,0,1,0,analysis:458229538787029541
23,2,MCV (fl),Oral iron vs IV iron: before/at 1st donation since treatment – subgroup: baseline iron status,Custom input,#N/A,Continuous,false,,,,,,,Oral iron,IV iron,IV,Mean Difference,,Random effect,REML,false,true,true,true,true,false,Wald,95%,STUDY,Favours IV iron,Favours oral iron,100,false,,71,,72,-0.29999999999999716,-1.4316654204066137,0.8316654204066194,-1.4316654204066137,0.8316654204066194,0,,,0,0,1,0,0.5195786535129274,,0.6033572815364403,0,0,1,0,analysis:458229538827924010
23,3,Adverse events,Oral iron vs IV iron: before/at 1st donation since treatment – subgroup: baseline iron status,Custom input,#N/A,Dichotomous,true,,,,,,,Oral iron,IV iron,MH,Risk Ratio,,Random effect,DL,false,true,true,true,true,false,Wald,95%,STUDY,Favours oral iron,Favours IV iron,100,false,33,86,33,86,1,0.6846915782262871,1.4605116110680494,0.6846915782262871,1.4605116110680494,0,,,0,0,1,0,0,,1,0,0,1,0,analysis:458229538839982637
23,4,Adherence (n/N),Oral iron vs IV iron: before/at 1st donation since treatment – subgroup: baseline iron status,Custom input,#N/A,Dichotomous,true,,,,,,,Oral iron,IV iron,MH,Risk Ratio,,Random effect,DL,false,true,true,true,true,false,Wald,95%,STUDY,Favours IV iron,Favours oral iron,100,false,74,86,86,86,0.861271676300578,0.7890796162502873,0.9400685116193906,0.7890796162502873,0.9400685116193906,0,,,0,0,1,0,3.3436387408837343,,0.0008268733632949104,0,0,1,0,analysis:458229538854138416
24,1,Plasma ferritin (ng/mL),Oral iron vs IV iron: before/at 2nd donation since treatment – subgroup: baseline iron status,Custom input,#N/A,Continuous,false,,,,,,,Oral iron,IV iron,IV,Mean Difference,,Random effect,REML,false,true,true,true,true,false,Wald,95%,STUDY,Favours IV iron,Favours oral iron,100,false,,60,,60,-6.5,-13.485285244029537,0.4852852440295372,-13.485285244029537,0.4852852440295372,0,,,0,0,1,0,1.823800382439541,,0.06818225606102166,0,0,1,0,analysis:458229661970854635
25,1,Plasma ferritin (ng/mL),Oral iron vs IV iron: after multiple donations since treatment – subgroup: baseline iron status,Custom input,#N/A,Continuous,false,,,,,,,Oral iron,IV iron,IV,Mean Difference,,Random effect,REML,false,true,true,true,true,false,Wald,95%,STUDY,Favours IV iron,Favours oral iron,100,false,,60,,60,-7.199999999999999,-15.021868967895191,0.6218689678951916,-15.021868967895191,0.6218689678951916,0,,,0,0,1,0,1.8041392340641267,,0.0712094824903511,0,0,1,0,analysis:458229687470125810
26,1,Hb (g/L),Oral iron (different durations): before/at 1st donation since treatment,Custom input,#N/A,Continuous,false,,,,,,,Longer duration,Shorter duration,IV,Mean Difference,,Random effect,REML,false,true,false,true,false,false,Wald,95%,STUDY,Favours shorter duration,Favours longer duration,20,true,,,,,,,,,,,,,,,,,,,,0,0,1,0,analysis:458253835237741567
26,2,Plasma iron (μg/dL),Oral iron (different durations): before/at 1st donation since treatment,Custom input,#N/A,Continuous,false,,,,,,,Longer duration,Shorter duration,IV,Mean Difference,,Random effect,REML,false,true,false,true,false,false,Wald,95%,STUDY,Favours shorter duration,Favours longer duration,100,false,,,,,,,,,,,,,,,,,,,,0,0,1,0,analysis:458253866048574542
26,3,Transferrin saturation (%),Oral iron (different durations): before/at 1st donation since treatment,Custom input,#N/A,Continuous,false,,,,,,,Longer duration,Shorter duration,IV,Mean Difference,,Random effect,REML,false,true,false,true,false,false,Wald,95%,STUDY,Favours shorter duration,Favours longer duration,25,false,,,,,,,,,,,,,,,,,,,,0,0,1,0,analysis:458253867855533135
27,1,Deferrals,Oral iron (different doses): before/at 1st donation since treatment,Custom input,#N/A,Dichotomous,true,,,,,,,Higher dose,Lower dose,MH,Risk Ratio,,Random effect,DL,false,true,false,true,false,false,Wald,95%,STUDY,Favours higher dose,Favours lower dose,100,false,,,,,,,,,,,,,,,,,,,,0.03226575571092511,1,0.857445677788927,0,analysis:458253971555767450
27,2,Hb (g/L),Oral iron (different doses): before/at 1st donation since treatment,Custom input,#N/A,Continuous,false,,,,,,,Higher dose,Lower dose,IV,Mean Difference,,Random effect,REML,false,true,false,true,false,false,Wald,95%,STUDY,Favours lower dose,Favours higher dose,20,false,,,,,,,,,,,,,,,,,,,,5.275968027993171,3,0.1526694678576126,43.13839689545816,analysis:458254080004740376
27,3,Serum ferritin (ng/mL),Oral iron (different doses): before/at 1st donation since treatment,Custom input,#N/A,Continuous,false,,,,,,,Higher dose,Lower dose,IV,Mean Difference,,Random effect,REML,false,true,false,true,false,false,Wald,95%,STUDY,Favours lower dose,Favours higher dose,100,false,,,,,,,,,,,,,,,,,,,,0.8890021833893644,1,0.3457479601276461,0,analysis:458254100977833295
27,4,Serum ferritin (ng/mL) – reported as geometric mean,Oral iron (different doses): before/at 1st donation since treatment,Custom input,#N/A,Contrast level,true,,,,,,,Higher dose,Lower dose,IV,Ratio of Geometric Means,,Random effect,REML,false,true,false,true,false,false,Wald,95%,STUDY,Favours lower dose,Favours higher dose,100,false,,,,,,,,,,,,,,,,,,,,0,0,1,0,analysis:458254180520711624
27,5,MCV (fl),Oral iron (different doses): before/at 1st donation since treatment,Custom input,#N/A,Continuous,false,,,,,,,Higher dose,Lower dose,IV,Mean Difference,,Random effect,REML,false,true,false,true,false,false,Wald,95%,STUDY,Favours lower dose,Favours higher dose,10,false,,,,,,,,,,,,,,,,,,,,0.16442056216601664,1,0.6851190314183336,0,analysis:458254102599980368
27,6,Serum iron (μg/dL),Oral iron (different doses): before/at 1st donation since treatment,Custom input,#N/A,Continuous,false,,,,,,,Higher dose,Lower dose,IV,Mean Difference,,Random effect,REML,false,true,false,true,false,false,Wald,95%,STUDY,Favours lower dose,Favours higher dose,100,false,,,,,,,,,,,,,,,,,,,,0.7598536622919054,2,0.683911611107044,0,analysis:458254119096702315
27,7,TIBC (μg/dL),Oral iron (different doses): before/at 1st donation since treatment,Custom input,#N/A,Continuous,false,,,,,,,Higher dose,Lower dose,IV,Mean Difference,,Random effect,REML,false,true,false,true,false,false,Wald,95%,STUDY,Favours higher dose,Favours lower dose,100,false,,,,,,,,,,,,,,,,,,,,2.170850766037926,1,0.14064847819617932,53.93511080334993,analysis:458254131638982024
27,8,Transferrin saturation (%),Oral iron (different doses): before/at 1st donation since treatment,Custom input,#N/A,Continuous,false,,,,,,,Higher dose,Lower dose,IV,Mean Difference,,Random effect,REML,false,true,false,true,false,false,Wald,95%,STUDY,Favours lower dose,Favours higher dose,100,false,,,,,,,,,,,,,,,,,,,,0.45641314581805736,1,0.49930511215712503,0,analysis:458254120485803372
27,9,Adverse events,Oral iron (different doses): before/at 1st donation since treatment,Custom input,#N/A,Dichotomous,true,,,,,,,Higher dose,Lower dose,MH,Risk Ratio,,Random effect,DL,false,true,false,true,false,false,Wald,95%,STUDY,Favours higher dose,Favours lower dose,100,false,,,,,,,,,,,,,,,,,,,,4.742445066394493,2,0.09336673827218323,57.827661216948435,analysis:458254032713962673
27,10,Adherence (n/N),Oral iron (different doses): before/at 1st donation since treatment,Custom input,#N/A,Dichotomous,true,,,,,,,Higher dose,Lower dose,MH,Risk Ratio,,Random effect,DL,false,true,false,true,false,false,Wald,95%,STUDY,Favours lower dose,Favours higher dose,10,false,,,,,,,,,,,,,,,,,,,,0.033456254502096265,1,0.8548682879584054,0,analysis:458254063230670103
27,11,"Non-GI side effects (at any time point, no population subgroups)",Oral iron (different doses): before/at 1st donation since treatment,Custom input,#N/A,Dichotomous,true,,,,,,,Higher dose,Lower dose,MH,Risk Ratio,,Random effect,DL,false,true,false,true,false,false,Wald,95%,STUDY,Favours higher dose,Favours lower dose,100,false,,,,,,,,,,,,,,,,,,,,1.9542205365707195,3,0.5819628548949972,0,analysis:458254036477564082
27,12,"GI side effects (at any time point, no population subgroups)",Oral iron (different doses): before/at 1st donation since treatment,Custom input,#N/A,Dichotomous,true,,,,,,,Higher dose,Lower dose,MH,Risk Ratio,,Random effect,DL,false,true,false,true,false,false,Wald,95%,STUDY,Favours higher dose,Favours lower dose,100,false,,,,,,,,,,,,,,,,,,,,13.134439171441661,5,0.022150993592590762,61.932139357182834,analysis:458254055997330675
28,1,Deferrals,Oral iron (different doses): before/at 2nd donation since treatment,Custom input,#N/A,Dichotomous,true,,,,,,,Higher dose,Lower dose,MH,Risk Ratio,,Random effect,DL,false,true,false,true,false,false,Wald,95%,STUDY,Favours higher dose,Favours lower dose,100,false,,,,,,,,,,,,,,,,,,,,0,0,1,0,analysis:458257350168307247
28,2,Hb (g/L),Oral iron (different doses): before/at 2nd donation since treatment,Custom input,#N/A,Continuous,false,,,,,,,Higher dose,Lower dose,IV,Mean Difference,,Random effect,REML,false,true,false,true,false,false,Wald,95%,STUDY,Favours lower dose,Favours higher dose,20,false,,,,,,,,,,,,,,,,,,,,0,0,1,0,analysis:458257350217328180
28,3,Serum ferritin (ng/mL),Oral iron (different doses): before/at 2nd donation since treatment,Custom input,#N/A,Continuous,false,,,,,,,Higher dose,Lower dose,IV,Mean Difference,,Random effect,REML,false,true,false,true,false,false,Wald,95%,STUDY,Favours lower dose,Favours higher dose,100,false,,,,,,,,,,,,,,,,,,,,0,0,1,0,analysis:458257350224143925
28,4,MCV (fl),Oral iron (different doses): before/at 2nd donation since treatment,Custom input,#N/A,Continuous,false,,,,,,,Higher dose,Lower dose,IV,Mean Difference,,Random effect,REML,false,true,false,true,false,false,Wald,95%,STUDY,Favours lower dose,Favours higher dose,10,false,,,,,,,,,,,,,,,,,,,,0,0,1,0,analysis:458257350235678262
28,5,Serum iron (μg/dL),Oral iron (different doses): before/at 2nd donation since treatment,Custom input,#N/A,Continuous,false,,,,,,,Higher dose,Lower dose,IV,Mean Difference,,Random effect,REML,false,true,false,true,false,false,Wald,95%,STUDY,Favours lower dose,Favours higher dose,100,false,,,,,,,,,,,,,,,,,,,,0,0,1,0,analysis:458257350246950455
29,1,Deferrals,Oral iron (different doses): after multiple donations since treatment,Custom input,#N/A,Dichotomous,true,,,,,,,Higher dose,Lower dose,MH,Risk Ratio,,Random effect,DL,false,true,false,true,false,false,Wald,95%,STUDY,Favours higher dose,Favours lower dose,100,false,,,,,,,,,,,,,,,,,,,,0,0,1,0,analysis:458257365696669272
29,2,Hb (g/L),Oral iron (different doses): after multiple donations since treatment,Custom input,#N/A,Continuous,false,,,,,,,Higher dose,Lower dose,IV,Mean Difference,,Random effect,REML,false,true,false,true,false,false,Wald,95%,STUDY,Favours lower dose,Favours higher dose,20,false,,,,,,,,,,,,,,,,,,,,0,0,1,0,analysis:458257365733107293
29,3,Serum ferritin (ng/mL),Oral iron (different doses): after multiple donations since treatment,Custom input,#N/A,Continuous,false,,,,,,,Higher dose,Lower dose,IV,Mean Difference,,Random effect,REML,false,true,false,true,false,false,Wald,95%,STUDY,Favours lower dose,Favours higher dose,100,false,,,,,,,,,,,,,,,,,,,,0,0,1,0,analysis:458257365743855198
29,4,Plasma ferritin (ng/mL) – reported as geometric mean,Oral iron (different doses): after multiple donations since treatment,Custom input,#N/A,Contrast level,true,,,,,,,Higher dose,Lower dose,IV,Ratio of Geometric Means,,Random effect,REML,false,true,false,true,false,false,Wald,95%,STUDY,Favours lower dose,Favours higher dose,100,false,,,,,,,,,,,,,,,,,,,,0,0,1,0,analysis:458257365795759715
29,5,MCV (fl),Oral iron (different doses): after multiple donations since treatment,Custom input,#N/A,Continuous,false,,,,,,,Higher dose,Lower dose,IV,Mean Difference,,Random effect,REML,false,true,false,true,false,false,Wald,95%,STUDY,Favours lower dose,Favours higher dose,10,false,,,,,,,,,,,,,,,,,,,,0,0,1,0,analysis:458257365753292383
29,6,Serum iron (μg/dL),Oral iron (different doses): after multiple donations since treatment,Custom input,#N/A,Continuous,false,,,,,,,Higher dose,Lower dose,IV,Mean Difference,,Random effect,REML,false,true,false,true,false,false,Wald,95%,STUDY,Favours lower dose,Favours higher dose,100,false,,,,,,,,,,,,,,,,,,,,0,0,1,0,analysis:458257365765088864
29,7,TIBC (μg/dL),Oral iron (different doses): after multiple donations since treatment,Custom input,#N/A,Continuous,false,,,,,,,Higher dose,Lower dose,IV,Mean Difference,,Random effect,REML,false,true,false,true,false,false,Wald,95%,STUDY,Favours higher dose,Favours lower dose,100,false,,,,,,,,,,,,,,,,,,,,0,0,1,0,analysis:458257365786846818
29,8,Adverse events,Oral iron (different doses): after multiple donations since treatment,Custom input,#N/A,Dichotomous,true,,,,,,,Higher dose,Lower dose,MH,Risk Ratio,,Random effect,DL,false,true,false,true,false,false,Wald,95%,STUDY,Favours higher dose,Favours lower dose,100,false,,,,,,,,,,,,,,,,,,,,0,0,1,0,analysis:458257365704271449
30,1,Deferrals,Oral iron (different preparations): before/at 1st donation since treatment,Custom input,#N/A,Dichotomous,true,,,,,,,Iron prepA,Iron prepB,MH,Risk Ratio,,Random effect,DL,false,true,false,true,false,false,Wald,95%,STUDY,Favours Iron prepA,Favours Iron prepB,100,false,,,,,,,,,,,,,,,,,,,,0.13554545165856485,1,0.7127503212331767,0,analysis:458258666382060616
30,2,Hb (g/L),Oral iron (different preparations): before/at 1st donation since treatment,Custom input,#N/A,Continuous,false,,,,,,,Iron prepA,Iron prepB,IV,Mean Difference,,Random effect,REML,false,true,false,true,false,false,Wald,95%,STUDY,Favours iron prepB,Favours iron prepA,20,false,,,,,,,,,,,,,,,,,,,,8.747623407559908,3,0.03284164684080215,65.70497082204834,analysis:458258587796270122
30,3,Serum ferritin (ng/mL),Oral iron (different preparations): before/at 1st donation since treatment,Custom input,#N/A,Continuous,false,,,,,,,Iron prepA,Iron prepB,IV,Mean Difference,,Random effect,REML,false,true,false,true,false,false,Wald,95%,STUDY,Favours iron prepB,Favours iron prepA,100,false,,,,,,,,,,,,,,,,,,,,3.447800065432856,1,0.06333612586473458,70.99599799808999,analysis:458258633661246515
30,4,Serum ferritin (ng/mL) – reported as geometric mean,Oral iron (different preparations): before/at 1st donation since treatment,Custom input,#N/A,Contrast level,true,,,,,,,Iron prepA,Iron prepB,IV,Ratio of Geometric Means,,Random effect,REML,false,true,false,true,false,false,Wald,95%,STUDY,Favours Iron prepB,Favours Iron prepA,100,false,,,,,,,,,,,,,,,,,,,,0,0,1,0,analysis:458258587824843824
30,5,MCV (fl),Oral iron (different preparations): before/at 1st donation since treatment,Custom input,#N/A,Continuous,false,,,,,,,Iron prepA,Iron prepB,IV,Mean Difference,,Random effect,REML,false,true,false,true,false,false,Wald,95%,STUDY,Favours iron prepB,Favours iron prepA,10,false,,,,,,,,,,,,,,,,,,,,0,0,1,0,analysis:458258635414989877
30,6,Serum iron (μg/dL),Oral iron (different preparations): before/at 1st donation since treatment,Custom input,#N/A,Continuous,false,,,,,,,Iron prepA,Iron prepB,IV,Mean Difference,,Random effect,REML,false,true,false,true,false,false,Wald,95%,STUDY,Favours iron prepB,Favours iron prepA,100,false,,,,,,,,,,,,,,,,,,,,5.105520177185873,3,0.16423172933290742,41.24007161100715,analysis:458258638381673527
30,7,TIBC (μg/dL),Oral iron (different preparations): before/at 1st donation since treatment,Custom input,#N/A,Continuous,false,,,,,,,Iron prepA,Iron prepB,IV,Mean Difference,,Random effect,REML,false,true,false,true,false,false,Wald,95%,STUDY,Favours iron prepA,Favours iron prepB,100,false,,,,,,,,,,,,,,,,,,,,0.33160095032417275,2,0.8472152828359305,0,analysis:458258587812785197
30,8,Transferrin saturation (%),Oral iron (different preparations): before/at 1st donation since treatment,Custom input,#N/A,Continuous,false,,,,,,,Iron prepA,Iron prepB,IV,Mean Difference,,Random effect,REML,false,true,false,true,false,false,Wald,95%,STUDY,Favours iron prepB,Favours iron prepA,100,false,,,,,,,,,,,,,,,,,,,,0.9509222368136913,1,0.329484838516489,0,analysis:458258640593644601
30,9,Adverse events,Oral iron (different preparations): before/at 1st donation since treatment,Custom input,#N/A,Dichotomous,true,,,,,,,Iron prepA,Iron prepB,MH,Risk Ratio,,Random effect,DL,false,true,false,true,false,false,Wald,95%,STUDY,Favours Iron prepA,Favours Iron prepB,100,false,,,,,,,,,,,,,,,,,,,,2.4874604756234593,3,0.4775617872415856,0,analysis:458258688810314825
30,10,Adherence (n/N),Oral iron (different preparations): before/at 1st donation since treatment,Custom input,#N/A,Dichotomous,true,,,,,,,Iron prepA,Iron prepB,MH,Risk Ratio,,Random effect,DL,false,true,false,true,false,false,Wald,95%,STUDY,Favours Iron prepB,Favours Iron prepA,5,false,,,,,,,,,,,,,,,,,,,,0.10495293434493518,1,0.7459650162069829,0,analysis:458258691017043018
31,1,Hb (g/L),Oral iron (different preparations): before/at 2nd donation since treatment,Custom input,#N/A,Continuous,false,,,,,,,Iron prepA,Iron prepB,IV,Mean Difference,,Random effect,REML,false,true,false,true,false,false,Wald,95%,STUDY,Favours iron prepB,Favours iron prepA,20,false,,,,,,,,,,,,,,,,,,,,0,0,1,0,analysis:458258355672476628
31,2,Serum ferritin (ng/mL) – reported as geometric mean,Oral iron (different preparations): before/at 2nd donation since treatment,Custom input,#N/A,Contrast level,true,,,,,,,Iron prepA,Iron prepB,IV,Ratio of Geometric Means,,Random effect,REML,false,true,false,true,false,false,Wald,95%,STUDY,Favours Iron prepB,Favours Iron prepA,100,false,,,,,,,,,,,,,,,,,,,,0,0,1,0,analysis:458258440352066549
31,3,TIBC (μg/dL),Oral iron (different preparations): before/at 2nd donation since treatment,Custom input,#N/A,Continuous,false,,,,,,,Iron prepA,Iron prepB,IV,Mean Difference,,Random effect,REML,false,true,false,true,false,false,Wald,95%,STUDY,Favours iron prepA,Favours iron prepB,100,false,,,,,,,,,,,,,,,,,,,,0,0,1,0,analysis:458258411753204712
32,1,Hb (g/L),Oral iron (different preparations): after multiple donations since treatment,Custom input,#N/A,Continuous,false,,,,,,,Iron prepA,Iron prepB,IV,Mean Difference,,Random effect,REML,false,true,false,true,false,false,Wald,95%,STUDY,Favours iron prepB,Favours iron prepA,20,false,,,,,,,,,,,,,,,,,,,,0,0,1,0,analysis:458258488972962816
32,2,Serum ferritin (ng/mL) – reported as geometric mean,Oral iron (different preparations): after multiple donations since treatment,Custom input,#N/A,Contrast level,true,,,,,,,Iron prepA,Iron prepB,IV,Ratio of Geometric Means,,Random effect,REML,false,true,false,true,false,false,Wald,95%,STUDY,Favours Iron prepB,Favours Iron prepA,100,false,,,,,,,,,,,,,,,,,,,,0,0,1,0,analysis:458258489028799494
32,3,TIBC (μg/dL),Oral iron (different preparations): after multiple donations since treatment,Custom input,#N/A,Continuous,false,,,,,,,Iron prepA,Iron prepB,IV,Mean Difference,,Random effect,REML,false,true,false,true,false,false,Wald,95%,STUDY,Favours iron prepA,Favours iron prepB,100,false,,,,,,,,,,,,,,,,,,,,0,0,1,0,analysis:458258489007827971
