Analysis group,Analysis number,Analysis name,Subgroup,Subgroup number,Applicability,Study,Study year,GIV Mean,GIV SE,Experimental mean,Experimental SD,Experimental cases,Experimental N,Control mean,Control SD,Control cases,Control N,O-E,Variance,Weight,Mean,CI start,CI end,Footnotes,Bias arising from the randomization process (judgement),Bias arising from the randomization process (support),Bias due to deviations from intended interventions (judgement),Bias due to deviations from intended interventions (support),Bias due to missing outcome data (judgement),Bias due to missing outcome data (support),Bias in measurement of the outcome (judgement),Bias in measurement of the outcome (support),Bias in selection of the reported result (judgement),Bias in selection of the reported result (support),Overall bias (judgement),Overall bias (support)
1,1,Deferrals,Female,1,SUBGROUP_AND_OVERALL,Cable 1988,1988,,,,,37,57,,,35,64,,,16.296160437599756,1.186967418546366,0.8850310003507134,1.5919122066145919,According to American Red Cross Guideline 1985,Some concerns,"<p>No information on randomisation process.<br>Largely balanced in baseline characteristics (age, weight, previous donations, Hb, Hct, transferrin saturation)</p>",High risk,"<p>Not stated that it was blinded, but use of a placebo suggests it was.<br>Per-protocol analysis excluded participants who had poorer compliance</p>",Low risk,"<p>Large number of people in both groups withdrew prior to visit 2 (first donation/sampling since commencement of treatment).<br>Withdrawals explained (table 1). Some study exclusions were due to poor compliance which may have been due to side effects, however reasonably balanced between groups. Imbalance with regards to medical withdrawal higher in placebo group.</p>",Low risk,"<p>Not explicitly stated, but deferral likely due to standard guidelines (American Red Cross 1985)</p>",Some concerns,<p>No protocol or trial registration identified</p>,High risk,<p>see individual comments</p>
1,1,Deferrals,Female,1,SUBGROUP_AND_OVERALL,Gordeuk 1990,1990,,,,,3,38,,,12,33,,,10.971687386557871,0.21710526315789472,0.06697542646868015,0.7037610326064948,threshold: Hb 12.5g/dL,Some concerns,<p>Randomisation process not described<br>lacking baseline demographic data</p>,High risk,<p>Double blind placebo-controlled. Expectation that participants and carers were blinded<br>Analysis of those attempted to donate at 56 days (71 people). Unclear why this number is different to those who attended for testing at 56 days (76 people)</p>,High risk,"<p>99 randomised (50 vs 49), only 38 and 33 used in analysis of deferrals (12 and 16 missing)</p>",Low risk,"<p>Described as double blind (likely participants and carers, not outcome assessors).<br>Unable to influence deferral decision due to use of objective measure (Hb)</p>",Some concerns,<p>No protocol or trial registration identified</p>,High risk,<p>see individual comments</p>
1,1,Deferrals,Female,1,SUBGROUP_AND_OVERALL,Kiss 2015 (REDS-III HEIRS),2015,,,,,10,68,,,22,63,,,14.384695518481273,0.42112299465240643,0.21672478309190227,0.8182939398758455,threshold: Hb 12.5g/dL,Low risk,"<p>""A stratified enrolment and randomization scheme was followed to ensure inclusion of participants with varying iron stores and a slight overrepresentation of women(60%female/40% male) and individuals 60 years and older (20%). Participants were assessed for iron status per protocol as iron depleted (“low ferritin,” ≤26 ng/mL) and iron-replete (“higher ferritin,” &gt;26 ng/mL) based on the ferritin measurement at enrolment""<br>""If the appropriate subgroup remained open, a centralized computer program randomized the participant to receive iron supplements or no iron""</p>",Low risk,"<p>Open label trial, standard care only, no placebo<br>appears to use mITT - including everyone in the primary analysis that attended at least 6 follow up visits (flow chart, Kiss 2015)</p>",Low risk,<p>nothing noted</p>,Low risk,"<p>Deferral assumed to be number of people not achieving Hb 12.5g/dL at 8 weeks. Uses objective measure (blood analysis)&gt;<br>Open label trial, but this won't affect the blood draw and lab analysis</p>",Low risk,"<p>Protocol and trial registration identified and checked.<br>Data not available in usable form for stratification (sex, ferritin levels), often only displayed graphically</p>",Low risk,<p>see individual comments</p>
1,1,Deferrals,Female,1,SUBGROUP_AND_OVERALL,Maghsudlu 2008,2008,,,,,4,182,,,5,179,,,10.193629476969361,0.7868131868131868,0.2147546022264028,2.8827088431402714,threshold: Hb 12.5g/dL,Some concerns,"<p>Randomisation process not described<br>No obvious baseline imbalance for number of previous donations, but does not report age, sex.</p>",Low risk,<p>nothing noted</p>,High risk,"<p>Some withdrawals explained (deferral and pregnancy), many just did not return to donate - these people were excluded from the analysis.<br>Loss to follow up is evenly balanced between groups at each visit, but no info on reason for dropout given.</p>",High risk,"<p>Unclear whether they used Hb test to establish deferral, or the same initial screening process. If using objectively measure Hb, this would be low risk, if using visual inspection of a colour scale, this may be prone to bias by those assessing whether to defer or not: ""All donors were determined to be healthy based on their history and Hb concentrations as evaluated by Hb colour scale, a screening method where a drop of blood is placed on a test strip provided by the manufacturer. The colour on the test strip is compared with a colour scale card after 30 seconds and Hb values are determined""</p>",Some concerns,<p>No protocol or trial registration identified</p>,High risk,<p>see individual comments</p>
1,1,Deferrals,Female,1,SUBGROUP_AND_OVERALL,Marks 2013 (FIRST),2013,,,,,3,129,,,14,128,,,10.67067105824629,0.21262458471760798,0.06260160939430714,0.7221733508730923,threshold: Hb 12.5g/dL,Low risk,"<p>""Allocation will be through central randomization by computer off-site... Randomisation will be carried out by Trident Clinical Research Pty Ltd. The sequence of allocation of carbonyl iron or placebo to donors will be ascertained via a computerised randomisation program. Donors will be assigned a numbered packet sequentially on enrolment""</p>",Low risk,"<p>Described as double-blind placebo-controlled. Assume to be participants and carers<br>""All analyses were performed on the intention-to-treat population. The safety population comprised all study participants enrolled in this study receiving a dose of the investigational product or placebo.""</p>",Low risk,<p>nothing noted</p>,Low risk,"<p>Deferral based on ""eligibility to donate"". However ""capillary Hb was measured during the donation interview process, Hb was not recorded for participants who were ineligible to donate due to reasons other than low Hb, such as illness"". Data presented as a % of an unclear total.&nbsp;<br>Described as double blind, unclear if outcome assessors were blinded</p>",Some concerns,"<p>Trial registration identified, though limited in detail. No protocol found.</p>",Some concerns,<p>see individual comments</p>
1,1,Deferrals,Female,1,SUBGROUP_AND_OVERALL,Radtke 2004a,2004,,,,,2,121,,,4,47,,,8.134468902402016,0.19421487603305784,0.03679458211375457,1.0251351124446049,threshold: Hb 12.5g/dL,Some concerns,"<p>Randomisation process not reported beyond ""block randomisation of variable length""<br>Baseline bloods (visit 0) reported for each subgroup, and sex have been analysed separately. No information on age and previous donations etc</p>",Some concerns,"<p>Described as double blind, placebo controlled. Not explicitly stated who was blinded (carer or outcome assessor, etc).<br>Planned to analyse as ITT, where participants attended for at least one follow up.</p>",High risk,"<p>Large dropout from initial randomisation. Appear to be evenly distributed. Reasons for dropout are given for most, but 15-20% just listed as ""unknown""</p>",Low risk,<p>Deferrals based on Hb assessment (12.5 or 13.5g/dl depending on sex)</p>,Some concerns,<p>No protocol or trial registration identified.</p>,High risk,<p>see individual comments</p>
1,1,Deferrals,Male,2,SUBGROUP_AND_OVERALL,Kiss 2015 (REDS-III HEIRS),2015,,,,,1,38,,,4,38,,,6.060630307441372,0.25,0.029276450051166695,2.134821670344876,threshold: Hb 12.5g/dL,Low risk,"<p>""A stratified enrolment and randomization scheme was followed to ensure inclusion of participants with varying iron stores and a slight overrepresentation of women(60%female/40% male) and individuals 60 years and older (20%). Participants were assessed for iron status per protocol as iron depleted (“low ferritin,” ≤26 ng/mL) and iron-replete (“higher ferritin,” &gt;26 ng/mL) based on the ferritin measurement at enrolment""<br>""If the appropriate subgroup remained open, a centralized computer program randomized the participant to receive iron supplements or no iron""</p>",Low risk,"<p>Open label trial, standard care only, no placebo<br>appears to use mITT - including everyone in the primary analysis that attended at least 6 follow up visits (flow chart, Kiss 2015)</p>",Low risk,<p>nothing noted</p>,Low risk,"<p>Deferral assumed to be number of people not achieving Hb 12.5g/dL at 8 weeks. Uses objective measure (blood analysis)&gt;<br>Open label trial, but this won't affect the blood draw and lab analysis</p>",Low risk,"<p>Protocol and trial registration identified and checked.<br>Data not available in usable form for stratification (sex, ferritin levels), often only displayed graphically</p>",Low risk,<p>see individual comments</p>
1,1,Deferrals,Male,2,SUBGROUP_AND_OVERALL,Radtke 2004a,2004,,,,,3,155,,,4,71,,,9.172028042347746,0.3435483870967742,0.07896199634859072,1.4947126432284215,threshold: Hb 13.5g/dL,Some concerns,"<p>Randomisation process not reported beyond ""block randomisation of variable length""<br>Baseline bloods (visit 0) reported for each subgroup, and sex have been analysed separately. No information on age and previous donations etc</p>",Some concerns,"<p>Described as double blind, placebo controlled. Not explicitly stated who was blinded (carer or outcome assessor, etc).<br>Planned to analyse as ITT, where participants attended for at least one follow up.</p>",High risk,"<p>Large dropout from initial randomisation. Appear to be evenly distributed. Reasons for dropout are given for most, but 15-20% just listed as ""unknown""</p>",Low risk,<p>Deferrals based on Hb assessment (12.5 or 13.5g/dl depending on sex)</p>,Some concerns,<p>No protocol or trial registration identified.</p>,High risk,<p>see individual comments</p>
1,1,Deferrals,Male,2,SUBGROUP_AND_OVERALL,Radtke 2004b,2004,,,,,9,118,,,28,118,,,14.116028869954302,0.32142857142857145,0.1586081551504699,0.6513935329024989,threshold: Hb 14g/dL,Low risk,"<p>""Sample-size calculation, block randomization with variable block length, and statistical analysis were performed with software (Stata for Windows, Stata Corp., College Station, TX)."" Variable block size suggests adequate allocation concealment.<br>No baseline characteristics given per group - this would be mostly fine for a crossover study, where both periods are analysed, as they would essentially self-control, but we are using only period 1 (up to visit 3, where they crossover).</p>",Some concerns,"<p>Described as a double blind, placebo-controlled study using ""identical capsules"".<br>Assumed to be participants and carers, but not clearly stated.<br>For the crossover design, authors used ITT ""Longitudinal multivariate analysis<br>was performed as intent-to-treat-analysis separately for both treatment groups using a linear regression model""<br>For our data: mITT, all those completing each visit, excluding withdrawals.</p>",High risk,"<p>Dropouts at each visit (1-3) amounted to 23/131 (18% iron group) and 26/129 (20% placebo group). Relatively similar. Explanations not given for each visit, or per period, just dropouts for entire study by group (to include both iron and placebo periods), so cannot determine whether dropouts may be related to iron intervention or not.</p>",Low risk,<p>Clear cut off given based on Hb level (Hb&lt;14g/dl)</p>,Some concerns,<p>No protocol or trial registration identified</p>,High risk,<p>see individual comments</p>
1,2,Hb (g/L),Female,1,SUBGROUP_AND_OVERALL,Blot 1980,1980,,,133,7,,31,136,9,,27,,,5.812739948645383,-3,-7.1948015160801795,1.1948015160801795,,Some concerns,"<p>Translation from French to English. Randomisation process and allocation not mentioned.<br><br>Authors state there was no difference between those groups, though data not provided</p>",High risk,"<p>No mention of blinding - authors describe participants being aware of the principles and aims of the studies, but nothing specifically about group assignment. Knowledge of assignment has been inferred through lack of placebo.<br><br>Deviations not mentioned.<br><br>Appear to have analysed at each stage, only those who attended, no specific post randomisation exclusions noted (mITT). No explicit note on intention to treat analysis.<br><br>&nbsp;</p>",High risk,"<p>Loss to follow up was unbalanced: by second donation, only 80% (Fe group) and 87% remained.<br>&nbsp;</p>",Low risk,"<p>Laboratory measures<br>Standard protocol, objective outcome.<br>Those taking blood may have been aware of the group assignment, but the processing of blood samples likely occurred separately<br>&nbsp;</p>",Some concerns,"<p>No protocol or trial registration, and no further information due to age of trial<br><br>Assessed using standard techniques, at next donation. There is a possibility that time to donation varied, but authors report mean duration between donations (by sex), though not by intervention group<br>&nbsp;</p>",High risk,<p>See individual comments</p>
1,2,Hb (g/L),Female,1,SUBGROUP_AND_OVERALL,Cable 1988,1988,,,133,7.55,,57,132,8,,64,,,7.168056987690114,1,-1.7718380411604584,3.7718380411604584,,Some concerns,"<p>No information on randomisation process.<br>Largely balanced in baseline characteristics (age, weight, previous donations, Hb, Hct, transferrin saturation)</p>",High risk,"<p>Not stated that it was blinded, but use of a placebo suggests it was.<br><br>per-protocol analysis excluded participants who had poorer compliance</p>",Low risk,"<p>Large number of people in both groups withdrew prior to visit 2 (first donation/sampling since commencement of treatment): 121 analysed, 200 randomised<br><br>Withdrawals explained (table 1). Some study exclusions were due to poor compliance which may have been due to side effects, however reasonably balanced between groups. Imbalance with regards to medical withdrawal higher in placebo group.</p>",Low risk,<p>Standard blood measures</p>,Some concerns,<p>No protocol or trial registration identified</p>,High risk,<p>See individual comments</p>
1,2,Hb (g/L),Female,1,SUBGROUP_AND_OVERALL,Gordeuk 1987a,1987,,,125,6.472,,32,126,13.08,,19,,,4.093364808004653,-1,-7.294356324171087,5.294356324171087,,Some concerns,<p>Randomisation process not reported.<br><br>no baseline demographic information</p>,High risk,"<p>Study described as double blind and use of placebo likely means participants and carers were blinded to allocation<br><br>PP used - excluded those who did not complete the trial due to side effects. Uneven dropouts - smallest drop out in placebo group (24%), largest in carbonyl iron group (37.5%), ferrous sulphate: 34.6% dropout</p>",High risk,"<p><br>Some withdrawal explained, others not. missingness largely due to side effects</p>",Low risk,"<p>Standard blood tests<br>Described as double blind, but lab assessors unlikely to know assignment</p>",Some concerns,<p>No protocol or trial registration identified</p>,High risk,<p>See individual comments</p>
1,2,Hb (g/L),Female,1,SUBGROUP_AND_OVERALL,Gordeuk 1990,1990,,,131,8,,40,123,9,,36,,,6.141516369390432,8,4.154272960847015,11.845727039152985,,Some concerns,<p>Randomisation process not described<br>lacking baseline demographic data</p>,High risk,<p>Double blind placebo-controlled. Expectation that participants and carers were blinded<br>unclear analysis (pp or mITT) of those who attended for testing at 56 days (76 people: 40 vs 36)<br><br><br><br>&nbsp;</p>,High risk,"<p>100 randomised (50 vs 49), only 40 and 36 used in analysis of deferrals (10 and 13 missing)<br>reason for lack of follow up not described</p>",Low risk,"<p>Standard blood/lab tests<br>Described as double blind (likely participants and carers, not outcome assessors).<br>Unable to influence objectively measured lab tests<br><br>&nbsp;</p>",Some concerns,<p>No protocol or trial registration identified</p>,High risk,<p>See individual comments</p>
1,2,Hb (g/L),Female,1,SUBGROUP_AND_OVERALL,Kiss 2015 (REDS-III HEIRS),2015,,,136,9,,58,131,8,,59,,,6.869360960782987,5,1.9126383241308909,8.08736167586911,,Low risk,"<p>""A stratified enrolment and randomization scheme was followed to ensure inclusion of participants with varying iron stores and a slight overrepresentation of women(60%female/40% male) and individuals 60 years and older (20%). Participants were assessed for iron status per protocol as iron depleted (“low ferritin,” ≤26 ng/mL) and iron-replete (“higher ferritin,” &gt;26 ng/mL) based on the ferritin measurement at enrolment""<br>""If the appropriate subgroup remained open, a centralized computer program randomized the participant to receive iron supplements or no iron""</p>",Low risk,"<p>Open label trial, standard care only, no placebo<br>appears to use mITT - including everyone in the primary analysis that attended at least 6 follow up visits (flow chart, Kiss 2015)<br><br>&nbsp;</p>",Low risk,<p>none noted</p>,Low risk,"<p>Uses objective measure (blood analysis)</p><p>Open label trial, but this won't affect the blood draw and lab analysis<br>&nbsp;</p>",Low risk,"<p>Protocol and trial registration identified and checked.<br>Data not available in usable form for stratification (sex, ferritin levels), often only displayed graphically</p>",Low risk,<p>see individual comments</p>
1,2,Hb (g/L),Female,1,SUBGROUP_AND_OVERALL,Maghsudlu 2008,2008,,,132.9,9.19,,132,131.9,8.76,,120,,,7.667362891625749,1,-1.2168387841788335,3.2168387841788335,,Some concerns,"<p>Randomisation process not described<br>No obvious baseline imbalance for number of previous donations, but does not report age, sex.</p>",Some concerns,"<p>Not explicitly stated, but use of placebo in identical packets to iron intervention, suggests participants were blinded. Unclear for carers.<br>mITT, those who were able to donate remained in the study until the next stage. No protocol violations. appear to have used LOCF (last available reading)<br><br>&nbsp;</p>",High risk,"<p>Some withdrawals explained (deferral and pregnancy), many just did not return to donate - these people were excluded from the analysis<br><br>between groups at each visit, but no info on reason for dropout given<br><br>&nbsp;</p>",Low risk,"<p>Standard blood tests<br>Outcome assessors may be aware of assignment, no information of blinding them<br>&nbsp;</p>",Some concerns,<p>No protocol or trial registration identified</p>,High risk,<p>see individual comments</p>
1,2,Hb (g/L),Female,1,SUBGROUP_AND_OVERALL,Marks 2013 (FIRST),2013,,,134.9,8.7,,109,130,9.9,,97,,,7.364501418222662,4.900000000000006,2.3409023821241575,7.4590976178758535,,Low risk,"<p>""Allocation will be through central randomization by computer off-site... Randomisation will be carried out by Trident Clinical Research Pty Ltd. The sequence of allocation of carbonyl iron or placebo to donors will be ascertained via a computerised randomisation program. Donors will be assigned a numbered packet sequentially on enrolment""</p>",Low risk,"<p>Described as double-blind placebo-controlled. Assume to be participants and carers<br><br>""All analyses were performed on the intention-to-treat population. The safety population comprised all study participants enrolled in this study receiving a dose of the investigational product or placebo.""<br><br>&nbsp;</p>",Low risk,<p>none noted</p>,Low risk,"<p>However ""capillary Hb was measured during the donation interview process, Hb was not recorded for participants who were ineligible to donate due to reasons other than low Hb, such as illness"". Data presented for an unclear total.&nbsp;<br><br>Described as double blind, unclear if outcome assessors were blinded</p>",Some concerns,"<p>Trial protocol identified, though limited in detail</p>",Some concerns,<p>see individual comments</p>
1,2,Hb (g/L),Female,1,SUBGROUP_AND_OVERALL,Rosvik 2010,2010,,,129,6,,82,128,7,,79,,,7.833945281667294,1,-1.0172186560839376,3.0172186560839376,,Some concerns,"<p>Randomisation process not described<br>Baseline blood data only given by sex, combining iron and no iron groups together.</p>",Some concerns,"<p>No placebo, no blinding. Just no treatment.<br>Analysed everyone who returned for follow up.&nbsp;</p>",High risk,<p>Approx 20% lost per group</p>,Low risk,<p>Standard blood analysis</p>,Some concerns,"<p>Trial registration available, lacks a lot of detail.&nbsp;</p>",High risk,<p>see individual comments</p>
1,2,Hb (g/L),Female,1,SUBGROUP_AND_OVERALL,Simon 1984,1984,,,140.5,9.304,,44,134,8.7,,19,,,5.282348199343297,6.5,1.718709215802157,11.281290784197843,,Low risk,"<p>""randomly assigned to one of three groups by pulling a card with an A. B, or C on it from an envelope in which the cards had been placed in random order. The donor was then given a bottle of medication marked either A. B. or C according to the card pulled. The bottles were filled in the pharmacy of the University of New Mexico Hospital according to their code.""<br><br>Demographics reported in detail. Only significant difference is in prior iron supplementation (much lower in iron/vitC group). Unlikely to impact outcomes if ceased prior to randomisation</p>",High risk,"<p>Appears to be a fully blinded based in randomisation, and note that they broke code only one year into the study. Bottles marked ABC in pharmacy then delivered to donors. Code only available to pharmacist. Resulting in likely triple/quadruple blinding<br><br>appears to be PP as excluded anyone not achieving 4 donations, at every analysis point (did not include those who later dropped out)<br><br>&nbsp;</p>",High risk,"<p>Over half withdrew.<br>Withdrawals explained, some due to feelings of anaemia and weakness, tiredness, or side effects.<br>&nbsp;</p>",Low risk,<p>Standard blood analyses<br>Fully blinded until one year<br>&nbsp;</p>,Low risk,<p>No protocol or trial registration identified<br>&nbsp;</p>,High risk,<p>See individual comments</p>
1,2,Hb (g/L),Female,1,SUBGROUP_AND_OVERALL,Waldvogel 2012,2012,,,135,67,,74,130,53,,71,,,0.7258867404277333,5,-14.621730150009451,24.62173015000945,,Low risk,"<p>""simple random allocation sequence without restriction was generated by<br><br>an independent pharmacy according to a pre-established computer-generated list. Each drug package was identified with a unique number according to the randomization schedule and given to the nurse in charge of the participant.<br><br>The code was held by the pharmacist and remained unbroken until the end of the trial. The allocation remained concealed from participants, care providers, investigators and the statistician until the end of the statistical analysis.""<br><br>&nbsp;</p>",Low risk,"<p>Quadruple blinded (participants, personnel, outcome assessors, statistical analysis)<br><br>mITT - ""Missing data from dropouts were not replaced and only donors who were followed-up after four weeks’ treatment were included in the analysis.""<br><br>&nbsp;</p>",Low risk,<p>Very small number of dropouts. All explained and unrelated to trial<br>&nbsp;</p>,Low risk,<p>Standard blood analysis<br>Fully masked study<br>&nbsp;</p>,Low risk,"<p>Protocol and trial registration available, and reported as stated</p>",Low risk,<p>See individual comments</p>
1,2,Hb (g/L),Male,2,SUBGROUP_AND_OVERALL,Blot 1980,1980,,,156,9,,42,155,10,,43,,,5.955198247370441,1,-3.042542874235142,5.042542874235142,,Some concerns,"<p>Translation from French to English. Randomisation process and allocation not mentioned.<br><br>Authors state there was no difference between those groups, though data not provided</p>",High risk,"<p>No mention of blinding - authors describe participants being aware of the principles and aims of the studies, but nothing specifically about group assignment. Knowledge of assignment has been inferred through lack of placebo.<br><br>Deviations not mentioned.<br><br>Appear to have analysed at each stage, only those who attended, no specific post randomisation exclusions noted (mITT). No explicit note on intention to treat analysis.<br><br>&nbsp;</p>",High risk,"<p>Loss to follow up was unbalanced: by second donation, only 80% (Fe group) and 87% remained.<br>&nbsp;</p>",Low risk,"<p>Laboratory measures<br>Standard protocol, objective outcome.<br>Those taking blood may have been aware of the group assignment, but the processing of blood samples likely occurred separately<br>&nbsp;</p>",Some concerns,"<p>No protocol or trial registration, and no further information due to age of trial<br><br>Assessed using standard techniques, at next donation. There is a possibility that time to donation varied, but authors report mean duration between donations (by sex), though not by intervention group<br>&nbsp;</p>",High risk,<p>See individual comments</p>
1,2,Hb (g/L),Male,2,SUBGROUP_AND_OVERALL,Dara 2017,2017,,,137,10,,64,128,8,,62,,,6.802531259909786,9,5.8428404768680595,12.157159523131941,,Some concerns,<p>No information regarding randomisation process.<br><br>Some imbalance in blood tests and number of previous donations. This seems to influence the outcomes as they have attempted to perform a post-hoc subgroup analysis</p>,Low risk,"<p>Described as placebo controlled, single blind, assumed to be participants.<br><br>mITT appears to have been used - including those who returned to donate at visit 3 (first donation since commencement of treatment)<br><br>&nbsp;</p>",High risk,"<p>Only 64 and 62 per group by visit 3 (from 98 and 102)<br>Proportions missing are balanced between groups. Withdrawals some explained, other just ""did not show up""<br><br>&nbsp;</p>",Low risk,"<p>Standard blood tests<br><br>Described as single blinded, suggests outcome assessors were aware.<br><br>Standard blood tests in labs, unlikely to be affected by knowledge of assignment</p>",Some concerns,<p>No protocol or trial registration identified</p>,High risk,<p>See individual comments</p>
1,2,Hb (g/L),Male,2,SUBGROUP_AND_OVERALL,Kiss 2015 (REDS-III HEIRS),2015,,,149,8,,37,144,16,,38,,,4.5245300887102085,5,-0.7029805414865198,10.70298054148652,,Low risk,"<p>""A stratified enrolment and randomization scheme was followed to ensure inclusion of participants with varying iron stores and a slight overrepresentation of women(60%female/40% male) and individuals 60 years and older (20%). Participants were assessed for iron status per protocol as iron depleted (“low ferritin,” ≤26 ng/mL) and iron-replete (“higher ferritin,” &gt;26 ng/mL) based on the ferritin measurement at enrolment""<br>""If the appropriate subgroup remained open, a centralized computer program randomized the participant to receive iron supplements or no iron""</p>",Low risk,"<p>Open label trial, standard care only, no placebo<br>appears to use mITT - including everyone in the primary analysis that attended at least 6 follow up visits (flow chart, Kiss 2015)<br><br>&nbsp;</p>",Low risk,<p>none noted</p>,Low risk,"<p>Uses objective measure (blood analysis)</p><p>Open label trial, but this won't affect the blood draw and lab analysis<br>&nbsp;</p>",Low risk,"<p>Protocol and trial registration identified and checked.<br>Data not available in usable form for stratification (sex, ferritin levels), often only displayed graphically</p>",Low risk,<p>see individual comments</p>
1,2,Hb (g/L),Male,2,SUBGROUP_AND_OVERALL,Linpisarn 1986,1986,,,151.9,12.2,,47,151.2,11.6,,51,,,5.334137287229772,0.700000000000017,-4.022350045847417,5.422350045847451,,Some concerns,"<p>Randomisation process not described<br><br>Some baseline blood data, no info on sex, age, etc</p>",High risk,<p>Use of placebo suggests blinding was employed<br><br>analysed only those who completed the study. No info on why others didn't complete (excluded/dropout)</p>,High risk,<p>Large dropout in both groups: 25/72 (35%) and 18/69 (26%). No reasons given.</p>,Low risk,<p>Standard blood tests<br>Blinding of outcome assessors not mentioned</p>,Some concerns,<p>No protocol or trial registration identified<br>&nbsp;</p>,High risk,<p>See individual comments</p>
1,2,Hb (g/L),Male,2,SUBGROUP_AND_OVERALL,Pachikian 2020,2020,,,150.391,7.107,,23,156,9.95,,11,,,3.9150417816553524,-5.609000000000009,-12.167207684056685,0.9492076840566659,,Some concerns,<p>Randomisation process not described.<br><br>Baseline comparison data for iron stores (table 1) show no significant differences between groups. Age and fitness level data in trial registry show no differences</p>,Some concerns,"<p>Described as single blinded, placebo-controlled<br><br>mITT, all those completing each follow up point</p>",Low risk,<p>none noted</p>,Low risk,<p>Standard blood analysis</p>,Low risk,"<p>Trial registration available: ; prespecified analyses. Primary outcome (VO2 peak) only reported for final end point (in trial registration) or graphically, or in comparison to other groups. Not reported as raw data at each timepoint as with other outcomes.<br>&nbsp;</p>",Some concerns,<p>See individual comments</p>
1,2,Hb (g/L),Male,2,SUBGROUP_AND_OVERALL,Rosvik 2010,2010,,,144,8,,71,144,8,,82,,,7.380203595657614,0,-2.54183697480758,2.54183697480758,,Some concerns,"<p>Randomisation process not described<br>Baseline blood data only given by sex, combining iron and no iron groups together.</p>",Some concerns,"<p>No placebo, no blinding. Just no treatment.<br>Analysed everyone who returned for follow up.&nbsp;</p>",High risk,<p>Approx 20% lost per group</p>,Low risk,<p>Standard blood analysis</p>,Some concerns,"<p>Trial registration available, lacks a lot of detail.&nbsp;</p>",High risk,<p>see individual comments</p>
1,2,Hb (g/L),Mixed,3,SUBGROUP_AND_OVERALL,Bucher 1973,1973,,,129,5.519,,81,126,8,,38,,,7.1292741336665095,3,0.18675040289152012,5.81324959710848,,Some concerns,"<p>No information on randomisation process other than ""according to the randomisation plan"" (translated from German)<br><br>Authors state no differences in groups according to age and sex distribution, and report age, Hb, plasma iron, and TIBC at baseline (but not sex per group)</p>",High risk,"<p>Not explicitly stated that participants and personnel were blinded to allocation, but use of placebo, and pre-packaging of tablets suggests they were blinded.<br><br>Authors state that 178 people were randomised, but only 161 people could be analysed. No information on those not analysed. 178 people suggest 44 or 45 people per group, but numbers varied (38, 38, 42, 43) suggesting small imbalance in those not analysed.<br><br>Due to the expectation that people were blinded, likely will not impact outcomes.</p>",High risk,<p>178 participants were included originally but later only 161 were included in the analysis. No mention of why the others were excluded</p>,Low risk,<p>Standard lab measures</p>,Some concerns,<p>No protocol or trial registration identified</p>,High risk,<p>See individual comments</p>
1,3,Ferritin (ng/mL),Female,1,SUBGROUP_AND_OVERALL,Cable 1988,1988,,,23,15.1,,57,14,8,,64,,,13.623006672534066,9,4.61731040984938,13.382689590150619,serum ferritin,Some concerns,"<p>No information on randomisation process.<br>Largely balanced in baseline characteristics (age, weight, previous donations, Hb, Hct, transferrin saturation)</p>",High risk,"<p>Not stated that it was blinded, but use of a placebo suggests it was.<br>per-protocol analysis excluded participants who had poorer compliance<br><br>&nbsp;</p>",Low risk,"<p>Large number of people in both groups withdrew prior to visit 2 (first donation/sampling since commencement of treatment): 121 analysed, 200 randomised<br><br>Withdrawals explained (table 1). Some study exclusions were due to poor compliance which may have been due to side effects, however reasonably balanced between groups. Imbalance with regards to medical withdrawal higher in placebo group.<br><br>&nbsp;</p>",Low risk,<p>Standard blood measures</p>,Low risk,<p>No protocol or trial registration identified<br>&nbsp;</p>,High risk,<p>See individual comments</p>
1,3,Ferritin (ng/mL),Female,1,SUBGROUP_AND_OVERALL,Kiss 2015 (REDS-III HEIRS),2015,,,54.8,36.1,,58,27.1,22.4,,59,,,7.744744539463879,27.699999999999996,16.792039762766585,38.60796023723341,plasma ferritin,Low risk,"<p>""A stratified enrolment and randomization scheme was followed to ensure inclusion of participants with varying iron stores and a slight overrepresentation of women(60%female/40% male) and individuals 60 years and older (20%). Participants were assessed for iron status per protocol as iron depleted (“low ferritin,” ≤26 ng/mL) and iron-replete (“higher ferritin,” &gt;26 ng/mL) based on the ferritin measurement at enrolment""<br>""If the appropriate subgroup remained open, a centralized computer program randomized the participant to receive iron supplements or no iron""</p>",Low risk,"<p>Open label trial, standard care only, no placebo<br><br>appears to use mITT - including everyone in the primary analysis that attended at least 6 follow up visits (flow chart, Kiss 2015)</p>",Low risk,<p>none noted</p>,Low risk,"<p>Uses objective measure (blood analysis)<br>Open label trial, but this won't affect the blood draw and lab analysis<br><br>&nbsp;</p>",Low risk,"<p>Protocol and trial registration identified and checked.<br><br>Data not available in usable form for stratification (sex, ferritin levels), often only displayed graphically</p>",Low risk,<p>See individual comments</p>
1,3,Ferritin (ng/mL),Female,1,SUBGROUP_AND_OVERALL,Maghsudlu 2008,2008,,,26.06,20.336,,132,19.47,17.198,,120,,,13.389203390257528,6.59,1.9528161214276638,11.227183878572337,serum ferritin,Some concerns,"<p>Randomisation process not described<br>No obvious baseline imbalance for number of previous donations, but does not report age, sex.</p>",Some concerns,"<p>Not explicitly stated, but use of placebo in identical packets to iron intervention, suggests participants were blinded. Unclear for carers.<br><br>mITT, those who were able to donate remained in the study until the next stage. No protocol violations. appear to have used LOCF (last available reading)<br><br>&nbsp;</p>",High risk,"<p>Some withdrawals explained (deferral and pregnancy), many just did not return to donate - these people were excluded from the analysis<br><br>between groups at each visit, but no info on reason for dropout given<br><br>&nbsp;</p>",Low risk,"<p>Standard blood tests<br>Outcome assessors may be aware of assignment, no information of blinding them</p>",Some concerns,<p>No protocol or trial registration identified</p>,High risk,<p>See individual comments</p>
1,3,Ferritin (ng/mL),Female,1,SUBGROUP_AND_OVERALL,Mirrezaie 2008,2008,,,31.7,13.4,,39,13.5,6.5,,31,,,13.24869200826101,18.2,13.412306711496765,22.987693288503234,serum ferritin,Some concerns,"<p>Randomisation not described beyond ""random block design""<br>Demographics appear well balanced</p>",High risk,"<p>Use of a ""similar"" placebo pill.<br><br>Described as a double blind, placebo controlled trial. Likely participants and carers<br>PP analysis - 74% completed and analysed (starting N=95), number withdrawing and lost to follow-up given but no additional information. also excluded those who withdrew from adverse events<br><br>potentially due to size of dropout, but no info</p>",High risk,"<p>Large dropout (iron lost 10/49, placebo lost 15/46). More ""voluntary withdrawals"" and ""loss to follow up"" in placebo group, with no further explanation.<br>&nbsp;</p>",Low risk,"<p>Standard blood analysis<br>Described as double blind, unclear if this includes outcome assessors, though unlikely to be aware if in a separate lab.&nbsp;<br><br>Objective measure, cannot be influenced by knowledge of assignment<br>&nbsp;</p>",Some concerns,<p>No protocol or trial registration identified.</p>,High risk,<p>See individual comments</p>
1,3,Ferritin (ng/mL),Female,1,SUBGROUP_AND_OVERALL,Radtke 2004a,2004,,,26.1364,23.8621,,121,17.6,14.5,,47,,,12.140417433324988,8.536399999999997,2.5982629032886306,14.474537096711362,serum ferritin,Some concerns,"<p>Randomisation process not reported beyond ""block randomisation of variable length""<br>Baseline bloods (visit 0) reported for each subgroup, and sex have been analysed separately. No information on age and previous donations etc</p>",Some concerns,"<p>Described as double blind, placebo controlled. Unclear whether carers or outcome assessors blinded<br><br>Planned to analyse as ITT, where participants attended for at least one follow up.</p>",High risk,"<p>Large dropout from initial randomisation. Appear to be evenly distributed. Reasons for dropout are given though 15-20% ""unknown"" reason<br><br>Some dropouts for unknown reasons - may or may not be related to intervention/outcome</p>",Low risk,<p>Standard blood analysis.<br>&nbsp;</p>,Some concerns,<p>No protocol or trial registration identified.</p>,High risk,<p>See individual comments</p>
1,3,Ferritin (ng/mL),Female,1,SUBGROUP_AND_OVERALL,Waldvogel 2012,2012,,,28,9.8,,74,12.9,8.3,,71,,,14.804989740590127,15.1,12.148239886585918,18.05176011341408,serum ferritin,Low risk,"<p>""simple random allocation sequence without restriction was generated by<br><br>an independent pharmacy according to a pre-established computer-generated list. Each drug package was identified with a unique number according to the randomization schedule and given to the nurse in charge of the participant.<br><br>The code was held by the pharmacist and remained unbroken until the end of the trial. The allocation remained concealed from participants, care providers, investigators and the statistician until the end of the statistical analysis.""<br><br>&nbsp;</p>",Low risk,"<p>Quadruple blinded (participants, personnel, outcome assessors, statistical analysis)<br><br>mITT - ""Missing data from dropouts were not replaced and only donors who were followed-up after four weeks’ treatment were included in the analysis.""<br><br>&nbsp;</p>",Low risk,<p>Very small number of dropouts. All explained and unrelated to trial<br>&nbsp;</p>,Low risk,<p>Standard blood analysis<br>Fully masked study<br>&nbsp;</p>,Low risk,"<p>Protocol and trial registration available, and reported as stated<br>&nbsp;</p>",Low risk,<p>See individual comments</p>
1,3,Ferritin (ng/mL),Male,2,SUBGROUP_AND_OVERALL,Dara 2017,2017,,,39.5,39.2,,64,26.4,26.1,,62,,,7.259478240012446,13.100000000000001,1.5051508982633113,24.694849101736693,serum ferritin,Some concerns,<p>No information regarding randomisation process.<br><br>Some imbalance in blood tests and number of previous donations. This seems to influence the outcomes as they have attempted to perform a post-hoc subgroup analysis</p>,Low risk,"<p>Described as placebo controlled, single blind, assumed to be participants.<br><br>mITT appears to have been used - including those who returned to donate at visit 3 (first donation since commencement of treatment)<br><br>&nbsp;</p>",High risk,"<p>Only 64 and 62 per group by visit 3 (from 98 and 102)<br><br>Proportions missing are balanced between groups. Withdrawals some explained, other just ""did not show up""<br><br>&nbsp;</p>",Low risk,"<p>Standard blood tests<br><br>Described as single blinded, suggests outcome assessors were aware.<br><br>Standard blood tests in labs, unlikely to be affected by knowledge of assignment</p>",Some concerns,<p>No protocol or trial registration identified</p>,High risk,<p>see individual comments</p>
1,3,Ferritin (ng/mL),Male,2,SUBGROUP_AND_OVERALL,Kiss 2015 (REDS-III HEIRS),2015,,,64.6,28.7,,38,43.8,39.4,,38,,,5.081161241350265,20.799999999999997,5.301699387801898,36.2983006121981,plasma ferritin,Low risk,"<p>""A stratified enrolment and randomization scheme was followed to ensure inclusion of participants with varying iron stores and a slight overrepresentation of women(60%female/40% male) and individuals 60 years and older (20%). Participants were assessed for iron status per protocol as iron depleted (“low ferritin,” ≤26 ng/mL) and iron-replete (“higher ferritin,” &gt;26 ng/mL) based on the ferritin measurement at enrolment""<br>""If the appropriate subgroup remained open, a centralized computer program randomized the participant to receive iron supplements or no iron""</p>",Low risk,"<p>Open label trial, standard care only, no placebo<br><br>appears to use mITT - including everyone in the primary analysis that attended at least 6 follow up visits (flow chart, Kiss 2015)</p>",Low risk,<p>none noted</p>,Low risk,"<p>Uses objective measure (blood analysis)<br>Open label trial, but this won't affect the blood draw and lab analysis<br><br>&nbsp;</p>",Low risk,"<p>Protocol and trial registration identified and checked.<br><br>Data not available in usable form for stratification (sex, ferritin levels), often only displayed graphically</p>",Low risk,<p>See individual comments</p>
1,3,Ferritin (ng/mL),Male,2,SUBGROUP_AND_OVERALL,Pachikian 2020,2020,,,57.7891,33.5399,,23,60.02,36.616,,11,,,2.3307586418762334,-2.2309000000000054,-27.84534648037584,23.38354648037583,plasma ferritin,Some concerns,<p>Randomisation process not described.<br><br>Baseline comparison data for iron stores (table 1) show no significant differences between groups. Age and fitness level data in trial registry show no differences</p>,Some concerns,"<p>Described as single blinded, placebo-controlled<br>mITT, all those completing each follow up point<br>&nbsp;</p>",Low risk,<p>none noted</p>,Low risk,<p>Standard blood analysis</p>,Low risk,"<p>Trial registration available: ; prespecified analyses. Primary outcome (VO2 peak) only reported for final end point (in trial registration) or graphically, or in comparison to other groups. Not reported as raw data at each timepoint as with other outcomes.<br>&nbsp;</p>",Some concerns,<p>see individual comments</p>
1,3,Ferritin (ng/mL),Male,2,SUBGROUP_AND_OVERALL,Radtke 2004a,2004,,,32.2665,27.1017,,155,27.5,27.9,,71,,,10.377548092329466,4.766500000000001,-3.000064628961244,12.533064628961245,serum ferritin,Some concerns,"<p>Randomisation process not reported beyond ""block randomisation of variable length""<br>Baseline bloods (visit 0) reported for each subgroup, and sex have been analysed separately. No information on age and previous donations etc</p>",Some concerns,"<p>Described as double blind, placebo controlled. Unclear whether carers or outcome assessors blinded<br><br>Planned to analyse as ITT, where participants attended for at least one follow up.</p>",High risk,"<p>Large dropout from initial randomisation. Appear to be evenly distributed. Reasons for dropout are given though 15-20% ""unknown"" reason<br><br>Some dropouts for unknown reasons - may or may not be related to intervention/outcome</p>",Low risk,<p>Standard blood analysis.<br>&nbsp;</p>,Some concerns,<p>No protocol or trial registration identified.</p>,High risk,<p>See individual comments</p>
1,4,Ferritin (ng/mL) – reported as geometric mean,Female,1,SUBGROUP_AND_OVERALL,Gordeuk 1987a,1987,1.2,0.0929,,,,32,,,,19,,,32.814811246561526,3.3201169227365472,2.7674307033195413,3.9831806330034816,,Some concerns,<p>Randomisation process not reported.<br><br>no baseline demographic information</p>,High risk,"<p>Study described as double blind and use of placebo likely means participants and carers were blinded to allocation<br><br>PP used - excluded those who did not complete the trial due to side effects. Uneven dropouts - smallest drop out in placebo group (24%), largest in carbonyl iron group (37.5%), ferrous sulphate: 34.6% dropout<br><br>&nbsp;</p>",High risk,"<p>Some withdrawal explained, others not. missingness largely due to side effects</p>",Low risk,"<p>Standard blood tests<br>Described as double blind, but lab assessors unlikely to know assignment</p>",Some concerns,<p>No protocol or trial registration identified<br>&nbsp;</p>,High risk,<p>See individual comments</p>
1,4,Ferritin (ng/mL) – reported as geometric mean,Female,1,SUBGROUP_AND_OVERALL,Marks 2013 (FIRST),2013,1.603774,0.08996,,,,129,,,,128,,,33.24550973719044,4.971760486389003,4.168080591141928,5.930404125714594,,Low risk,"<p>""Allocation will be through central randomization by computer off-site... Randomisation will be carried out by Trident Clinical Research Pty Ltd. The sequence of allocation of carbonyl iron or placebo to donors will be ascertained via a computerised randomisation program. Donors will be assigned a numbered packet sequentially on enrolment""</p>",Low risk,"<p>Described as double-blind placebo-controlled. Assume to be participants and carers<br><br>""All analyses were performed on the intention-to-treat population. The safety population comprised all study participants enrolled in this study receiving a dose of the investigational product or placebo.""<br><br>&nbsp;</p>",Low risk,<p>none noted</p>,Low risk,"<p>However ""capillary Hb was measured during the donation interview process, Hb was not recorded for participants who were ineligible to donate due to reasons other than low Hb, such as illness"". Data presented for an unclear total.&nbsp;<br>Described as double blind, unclear if outcome assessors were blinded</p>",Some concerns,"<p>Trial protocol identified, though limited in detail</p>",Some concerns,<p>See individual comments</p>
1,4,Ferritin (ng/mL) – reported as geometric mean,Female,1,SUBGROUP_AND_OVERALL,Simon 1984,1984,1.4,0.2112,,,,22,,,,10,,,17.57704443411729,4.0551999668446745,2.680640092433382,6.134597038041473,iron+ascorbic acid vs ascorbic acid; all data extracted by visual approximation from graphs (control group spilt),Low risk,"<p>""randomly assigned to one of three groups by pulling a card with an A. B, or C on it from an envelope in which the cards had been placed in random order. The donor was then given a bottle of medication marked either A. B. or C according to the card pulled. The bottles were filled in the pharmacy of the University of New Mexico Hospital according to their code.""<br><br>Demographics reported in detail. Only significant difference is in prior iron supplementation (much lower in iron/vitC group). Unlikely to impact outcomes if ceased prior to randomisation</p>",High risk,"<p>Appears to be a fully blinded based in randomisation, and note that they broke code only one year into the study. Bottles marked ABC in pharmacy then delivered to donors. Code only available to pharmacist. Resulting in likely triple/quadruple blinding<br><br>appears to be PP as excluded anyone not achieving 4 donations, at every analysis point (did not include those who later dropped out)</p>",High risk,"<p>Over half withdrew.<br>Withdrawals explained, some due to feelings of anaemia and weakness, tiredness, or side effects.<br>&nbsp;</p>",Low risk,<p>Standard blood analyses<br>Fully blinded until one year<br>&nbsp;</p>,Some concerns,<p>No protocol or trial registration identified</p>,High risk,<p>See individual comments</p>
1,4,Ferritin (ng/mL) – reported as geometric mean,Female,1,SUBGROUP_AND_OVERALL,Simon 1984,1984,1.6,0.2244,,,,22,,,,9,,,16.36263458213073,4.953032424395115,3.1905205390468843,7.689193627456805,iron vs ascorbic acid; all data extracted by visual approximation from graphs (control group spilt),Low risk,"<p>""randomly assigned to one of three groups by pulling a card with an A. B, or C on it from an envelope in which the cards had been placed in random order. The donor was then given a bottle of medication marked either A. B. or C according to the card pulled. The bottles were filled in the pharmacy of the University of New Mexico Hospital according to their code.""<br><br>Demographics reported in detail. Only significant difference is in prior iron supplementation (much lower in iron/vitC group). Unlikely to impact outcomes if ceased prior to randomisation</p>",High risk,"<p>Appears to be a fully blinded based in randomisation, and note that they broke code only one year into the study. Bottles marked ABC in pharmacy then delivered to donors. Code only available to pharmacist. Resulting in likely triple/quadruple blinding<br><br>appears to be PP as excluded anyone not achieving 4 donations, at every analysis point (did not include those who later dropped out)</p>",High risk,"<p>Over half withdrew.<br>Withdrawals explained, some due to feelings of anaemia and weakness, tiredness, or side effects.<br>&nbsp;</p>",Low risk,<p>Standard blood analyses<br>Fully blinded until one year<br>&nbsp;</p>,Some concerns,<p>No protocol or trial registration identified</p>,High risk,<p>See individual comments</p>
1,5,MCV (fl),Female,1,SUBGROUP_AND_OVERALL,Blot 1980,1980,,,89.3,3.8,,31,87.9,4.9,,27,,,15.24859034103212,1.3999999999999915,-0.8815409546291435,3.6815409546291264,,Some concerns,"<p>Translation from French to English. Randomisation process and allocation not mentioned.<br><br>Authors state there was no difference between those groups, though data not provided</p>",,,,,,,,,,
1,5,MCV (fl),Female,1,SUBGROUP_AND_OVERALL,Gordeuk 1987a,1987,,,88.5313,3.9756,,32,88,4.359,,19,,,13.830874403268597,0.5313000000000017,-1.864322032991924,2.926922032991927,,Some concerns,<p>Randomisation process not reported.<br><br>no baseline demographic information</p>,,,,,,,,,,
1,5,MCV (fl),Female,1,SUBGROUP_AND_OVERALL,Gordeuk 1990,1990,,,89,5,,40,87,4,,36,,,19.32109892908278,2,-0.026876117169828184,4.026876117169828,,Some concerns,<p>Randomisation process not described<br>lacking baseline demographic data</p>,,,,,,,,,,
1,5,MCV (fl),Male,2,SUBGROUP_AND_OVERALL,Blot 1980,1980,,,90.4,5.8,,42,90.4,4.7,,43,,,15.71709240194835,0,-2.2472791076282754,2.2472791076282754,,Some concerns,"<p>Translation from French to English. Randomisation process and allocation not mentioned.<br><br>Authors state there was no difference between those groups, though data not provided</p>",,,,,,,,,,
1,5,MCV (fl),Male,2,SUBGROUP_AND_OVERALL,Dara 2017,2017,,,87.1,5.2,,64,87.4,7.3,,62,,,16.117458620326897,-0.30000000000001137,-2.5191917824161023,1.9191917824160796,,Some concerns,<p>No information regarding randomisation process.<br><br>Some imbalance in blood tests and number of previous donations. This seems to influence the outcomes as they have attempted to perform a post-hoc subgroup analysis</p>,,,,,,,,,,
1,5,MCV (fl),Male,2,SUBGROUP_AND_OVERALL,Pachikian 2020,2020,,,86.7565,2.3269,,23,87.1,2.985,,11,,,19.764885304341256,-0.3434999999999917,-2.347491929768269,1.6604919297682854,,Some concerns,<p>Randomisation process not described.<br><br>Baseline comparison data for iron stores (table 1) show no significant differences between groups. Age and fitness level data in trial registry show no differences</p>,,,,,,,,,,
1,6,Serum iron (μg/dL),Female,1,SUBGROUP_AND_OVERALL,Blot 1980,1980,,,109.5,35.75,,31,107.82,43.58,,27,,,10.458920097541682,1.6800000000000068,-19.022376071689248,22.38237607168926,,Some concerns,"<p>Translation from French to English. Randomisation process and allocation not mentioned.<br><br>Authors state there was no difference between those groups, though data not provided</p>",,,,,,,,,,
1,6,Serum iron (μg/dL),Female,1,SUBGROUP_AND_OVERALL,Gordeuk 1987a,1987,,,90.0938,41.8311,,32,80,34.871,,19,,,9.989302765056525,10.093800000000002,-11.25828062097428,31.445880620974282,,Some concerns,<p>Randomisation process not reported.<br><br>no baseline demographic information</p>,,,,,,,,,,
1,6,Serum iron (μg/dL),Female,1,SUBGROUP_AND_OVERALL,Gordeuk 1990,1990,,,76,24,,40,73,25,,36,,,22.13536464963816,3,-8.045768440123304,14.045768440123304,,Some concerns,<p>Randomisation process not described<br>lacking baseline demographic data</p>,,,,,,,,,,
1,6,Serum iron (μg/dL),Female,1,SUBGROUP_AND_OVERALL,Maghsudlu 2008,2008,,,87.71,43.659,,132,83.26,51.595,,120,,,20.725526363284942,4.449999999999989,-7.411250323819658,16.311250323819635,,Some concerns,"<p>Randomisation process not described<br>No obvious baseline imbalance for number of previous donations, but does not report age, sex.</p>",,,,,,,,,,
1,6,Serum iron (μg/dL),Male,2,SUBGROUP_AND_OVERALL,Blot 1980,1980,,,119.55,34.08,,42,124.58,35.75,,43,,,16.29617118018506,-5.030000000000001,-19.876111940063797,9.816111940063795,,Some concerns,"<p>Translation from French to English. Randomisation process and allocation not mentioned.<br><br>Authors state there was no difference between those groups, though data not provided</p>",,,,,,,,,,
1,6,Serum iron (μg/dL),Male,2,SUBGROUP_AND_OVERALL,Pachikian 2020,2020,,,107.8696,47.9935,,23,108,66.332,,11,,,2.9310529476812195,-0.13039999999999452,-43.96269752390011,43.70189752390012,"NR whether plasma or serum iron (just ""iron"")",Some concerns,<p>Randomisation process not described.<br><br>Baseline comparison data for iron stores (table 1) show no significant differences between groups. Age and fitness level data in trial registry show no differences</p>,,,,,,,,,,
1,6,Serum iron (μg/dL),Mixed,3,SUBGROUP_AND_OVERALL,Bucher 1973,1973,,,101.1235,40.7128,,81,78,34,,38,,,17.463661996612423,23.123500000000007,9.142428076592319,37.1045719234077,plasma iron,Some concerns,"<p>No information on randomisation process other than ""according to the randomisation plan"" (translated from German)<br><br>Authors state no differences in groups according to age and sex distribution, and report age, Hb, plasma iron, and TIBC at baseline (but not sex per group)</p>",,,,,,,,,,
1,7,TIBC (μg/dL),Female,1,SUBGROUP_AND_OVERALL,Blot 1980,1980,,,327.37,307.26,,31,318.99,48.6,,27,,,2.0203385867211687,8.379999999999995,-101.32410906336932,118.08410906336931,,Some concerns,"<p>Translation from French to English. Randomisation process and allocation not mentioned.<br><br>Authors state there was no difference between those groups, though data not provided</p>",,,,,,,,,,
1,7,TIBC (μg/dL),Female,1,SUBGROUP_AND_OVERALL,Gordeuk 1987a,1987,,,395.53,58.856,,32,407,78.46,,19,,,10.908041888807855,-11.470000000000027,-52.21884394562663,29.278843945626576,,Some concerns,<p>Randomisation process not reported.<br><br>no baseline demographic information</p>,,,,,,,,,,
1,7,TIBC (μg/dL),Female,1,SUBGROUP_AND_OVERALL,Gordeuk 1990,1990,,,328,43,,40,371,55,,36,,,21.46919187352021,-43,-65.36874341831378,-20.631256581686216,,Some concerns,<p>Randomisation process not described<br>lacking baseline demographic data</p>,,,,,,,,,,
1,7,TIBC (μg/dL),Female,1,SUBGROUP_AND_OVERALL,Maghsudlu 2008,2008,,,369.73,78.011,,132,406.42,97.276,,120,,,21.83984804134335,-36.69,-58.59947632761225,-14.780523672387744,,Some concerns,"<p>Randomisation process not described<br>No obvious baseline imbalance for number of previous donations, but does not report age, sex.</p>",,,,,,,,,,
1,7,TIBC (μg/dL),Female,1,SUBGROUP_AND_OVERALL,Simon 1984,1984,,,352.5,46.5191,,44,380,44,,19,,,20.125553772376584,-27.5,-51.59059345245558,-3.4094065475444246,all blood data extracted by visual approximation from graphs,Low risk,"<p>""randomly assigned to one of three groups by pulling a card with an A. B, or C on it from an envelope in which the cards had been placed in random order. The donor was then given a bottle of medication marked either A. B. or C according to the card pulled. The bottles were filled in the pharmacy of the University of New Mexico Hospital according to their code.""<br><br>Demographics reported in detail. Only significant difference is in prior iron supplementation (much lower in iron/vitC group). Unlikely to impact outcomes if ceased prior to randomisation</p>",,,,,,,,,,
1,7,TIBC (μg/dL),Male,2,SUBGROUP_AND_OVERALL,Blot 1980,1980,,,324.02,39.11,,42,326.26,52.96,,43,,,23.63702583723084,-2.240000000000009,-22.000274220175324,17.520274220175306,,Some concerns,"<p>Translation from French to English. Randomisation process and allocation not mentioned.<br><br>Authors state there was no difference between those groups, though data not provided</p>",,,,,,,,,,
1,8,Transferrin saturation (%),Female,1,SUBGROUP_AND_OVERALL,Blot 1980,1980,,,33.6,12,,31,34.7,16,,27,,,6.642655634542893,-1.1000000000000014,-8.466608207482032,6.26660820748203,,Some concerns,"<p>Translation from French to English. Randomisation process and allocation not mentioned.<br><br>Authors state there was no difference between those groups, though data not provided</p>",,,,,,,,,,
1,8,Transferrin saturation (%),Female,1,SUBGROUP_AND_OVERALL,Cable 1988,1988,,,31,15.1,,57,21,8,,64,,,12.88950087752944,10,5.61731040984938,14.382689590150619,,Some concerns,"<p>No information on randomisation process.<br>Largely balanced in baseline characteristics (age, weight, previous donations, Hb, Hct, transferrin saturation)</p>",,,,,,,,,,
1,8,Transferrin saturation (%),Female,1,SUBGROUP_AND_OVERALL,Gordeuk 1987a,1987,,,22.9375,9.8535,,32,21,13.077,,19,,,7.4728810731430855,1.9375,-4.861774533175665,8.736774533175666,,Some concerns,<p>Randomisation process not reported.<br><br>no baseline demographic information</p>,,,,,,,,,,
1,8,Transferrin saturation (%),Female,1,SUBGROUP_AND_OVERALL,Gordeuk 1990,1990,,,24,9,,40,20,7,,36,,,15.46091721499183,4,0.3933940614993485,7.6066059385006515,,Some concerns,<p>Randomisation process not described<br>lacking baseline demographic data</p>,,,,,,,,,,
1,8,Transferrin saturation (%),Female,1,SUBGROUP_AND_OVERALL,Maghsudlu 2008,2008,,,24.34,11.03,,132,20.8,11.612,,120,,,18.53204027928597,3.539999999999999,0.7369581956992888,6.343041804300709,,Some concerns,"<p>Randomisation process not described<br>No obvious baseline imbalance for number of previous donations, but does not report age, sex.</p>",,,,,,,,,,
1,8,Transferrin saturation (%),Male,2,SUBGROUP_AND_OVERALL,Blot 1980,1980,,,38,13,,42,39,13,,43,,,9.88175430263435,-1,-6.527669049054537,4.527669049054537,,Some concerns,"<p>Translation from French to English. Randomisation process and allocation not mentioned.<br><br>Authors state there was no difference between those groups, though data not provided</p>",,,,,,,,,,
1,8,Transferrin saturation (%),Male,2,SUBGROUP_AND_OVERALL,Linpisarn 1986,1986,,,31.7,14.59,,47,29.93,13.75,,51,,,9.666282156720143,1.7699999999999996,-3.8548631949013945,7.394863194901394,,Some concerns,"<p>Randomisation process not described<br><br>Some baseline blood data, no info on sex, age, etc</p>",,,,,,,,,,
1,8,Transferrin saturation (%),Mixed,3,SUBGROUP_AND_OVERALL,Bucher 1973,1973,,,21.3123,7.9388,,81,16.7,6,,38,,,19.453968461152296,4.612300000000001,2.037762728911329,7.186837271088674,,Some concerns,"<p>No information on randomisation process other than ""according to the randomisation plan"" (translated from German)<br><br>Authors state no differences in groups according to age and sex distribution, and report age, Hb, plasma iron, and TIBC at baseline (but not sex per group)</p>",,,,,,,,,,
1,9,Adverse events,Female,1,SUBGROUP_AND_OVERALL,Gordeuk 1987a,1987,,,,,40,47,,,15,23,,,18.945358782408537,1.3049645390070923,0.946151395392575,1.7998519648744122,number of pts experiencing any side effects,Some concerns,<p>Randomisation process not reported.<br><br>no baseline demographic information</p>,Low risk,<p>Study described as double blind and use of placebo likely means participants and carers were blinded to allocation<br><br>mITT used for side effects</p>,Low risk,<p>none noted</p>,Low risk,"<p>Participant ""was given a standardized form to record side effects and was instructed to record daily for 7 days any constipation, diarrhoea, heartburn, nausea, abdominal cramps, headache, weakness, or unpleasant taste"". standardised questionnaire but subjective and no other method of verifying&nbsp;<br><br>Described as placebo controlled double blind study, so outcome assessors may be aware of allocation. However, use of standardised form to be completed by blinded participants in the moment (no issue of recall).<br><br>unlikely given standardised questionnaire - participants are blinded and relatively objective measure that cannot be influenced by assessors&nbsp;<br><br>&nbsp;</p>",Some concerns,<p>No protocol or trial registration identified</p>,Some concerns,<p>see individual comments</p>
1,9,Adverse events,Female,1,SUBGROUP_AND_OVERALL,Maghsudlu 2008,2008,,,,,27,185,,,12,182,,,13.363106681620913,2.2135135135135133,1.1573132043525853,4.233635334047585,number of pts experiencing any side effects,Some concerns,"<p>Randomisation process not described<br>No obvious baseline imbalance for number of previous donations, but does not report age, sex.</p>",Some concerns,"<p>Not explicitly stated, but use of placebo in identical packets to iron intervention, suggests participants were blinded. Unclear for carers.<br><br>mITT, those who were able to donate remained in the study until the next stage. No protocol violations<br><br>&nbsp;</p>",High risk,"<p>Some withdrawals explained (deferral and pregnancy), many just did not return to donate - these people were excluded from the analysis<br><br>no info on reason for dropout given<br><br>&nbsp;</p>",High risk,"<p>Unclear how side effect data was collected. Authors mention reporting side effects at every visit, but was there a standard form to complete? who completed it? was there an issue with long recall by the participants, or were they recording daily symptoms?<br><br>Unclear whether outcome assessors were blinded (not mentioned).&nbsp;<br>&nbsp;</p>",Some concerns,<p>No protocol or trial registration identified</p>,High risk,<p>see individual comments</p>
1,9,Adverse events,Female,1,SUBGROUP_AND_OVERALL,Marks 2013 (FIRST),2013,,,,,116,141,,,114,141,,,21.527277898009373,1.0175438596491229,0.910626082213617,1.137014990601541,"gastrointestinal complaints in participants as determined by a self-administered diary, phone call at weeks 1,4,8,12",Low risk,"<p>""Allocation will be through central randomization by computer off-site... Randomisation will be carried out by Trident Clinical Research Pty Ltd. The sequence of allocation of carbonyl iron or placebo to donors will be ascertained via a computerised randomisation program. Donors will be assigned a numbered packet sequentially on enrolment""</p>",Low risk,"<p>Described as double-blind placebo-controlled. Assume to be participants and carers<br><br>""All analyses were performed on the intention-to-treat population. The safety population comprised all study participants enrolled in this study receiving a dose of the investigational product or placebo.""<br><br>&nbsp;</p>",Low risk,<p>none noted</p>,High risk,"<p>Participants asked to complete daily diary for adverse events and compliance. Investigators phoned at weeks 1,4,8,12 to collate information. Symptom diary, as opposed to standardised questionnaires<br><br>Described as double blind, unclear if outcome assessors were blinded<br>&nbsp;</p>",Some concerns,"<p>Trial protocol identified, though limited in detail<br>&nbsp;</p>",High risk,<p>See individual comments</p>
1,9,Adverse events,Female,1,SUBGROUP_AND_OVERALL,Waldvogel 2012,2012,,,,,29,74,,,11,71,,,13.944212971655718,2.5294840294840295,1.370389913812571,4.668955449047372,any adverse event,Low risk,"<p>""simple random allocation sequence without restriction was generated by<br><br>an independent pharmacy according to a pre-established computer-generated list. Each drug package was identified with a unique number according to the randomization schedule and given to the nurse in charge of the participant.<br><br>The code was held by the pharmacist and remained unbroken until the end of the trial. The allocation remained concealed from participants, care providers, investigators and the statistician until the end of the statistical analysis.""<br><br>&nbsp;</p>",Low risk,"<p>Quadruple blinded (participants, personnel, outcome assessors, statistical analysis)<br><br>mITT - ""Missing data from dropouts were not replaced and only donors who were followed-up after four weeks’ treatment were included in the analysis.""<br><br>&nbsp;</p>",Low risk,<p>Very small number of dropouts. All explained and unrelated to trial<br>&nbsp;</p>,Low risk,"<p>No information on how and when adverse events were reported. However, results in trial registration mentions that information was collected systematically ""Indicates events were collected by systematic assessment"".<br><br>Fully masked study<br>&nbsp;</p>",Low risk,"<p>Protocol and trial registration available, and reported as stated<br>&nbsp;</p>",Low risk,<p>see individual comments</p>
1,9,Adverse events,Male,2,SUBGROUP_AND_OVERALL,Dara 2017,2017,,,,,22,72,,,6,71,,,10.55102658552093,3.615740740740741,1.5592863110355002,8.38433648248372,number of pts experiencing side effects in first month,Some concerns,<p>No information regarding randomisation process.<br><br>Some imbalance in blood tests and number of previous donations. This seems to influence the outcomes as they have attempted to perform a post-hoc subgroup analysis</p>,Low risk,"<p>Described as placebo controlled, single blind, assumed to be participants.<br><br>mITT appears to have been used - including those who returned to donate at visit 3 (first donation since commencement of treatment)</p>",High risk,"<p>Only 64 and 62 per group by visit 3 (from 98 and 102)<br><br>Proportions missing are balanced between groups. Withdrawals explained for some, others just ""did not show up""<br>&nbsp;</p>",High risk,<p>Side effects not clearly defined.<br><br>Adverse event reporting done through interview with an outcome assessor aware of assignment. It is possible that some interviewers held un/conscious bias in their recording.<br>&nbsp;</p>,Some concerns,<p>No protocol or trial registration identified<br>&nbsp;</p>,High risk,<p>see individual comments</p>
1,9,Adverse events,Male,2,SUBGROUP_AND_OVERALL,Mackintosh 1988,1988,,,,,0,22,,,0,24,,,,,,,Gastrointestinal tract toxicity reflected in anorexia or nausea was specifically enquired for,Some concerns,"<p>Randomisation process not described: appears to be two separate randomisations (2 trials), though it may be randomisation with stratification (1 trial)<br><br>&nbsp;</p>",High risk,"<p>Described as single blinded trial<br>No info on number randomised, only on number assigned to each group (all of those analysed)<br>&nbsp;</p>",High risk,"<p>stated no events, but unclear whether anyone had been lost to follow up/dropped out - assumed to include all for analysis in this review</p>",High risk,<p>No information on how detail on adverse events were collected.</p>,Some concerns,<p>No protocol or trial registration identified</p>,High risk,<p>see individual comments</p>
1,9,Adverse events,Mixed,3,SUBGROUP_AND_OVERALL,Kiss 2015 (REDS-III HEIRS),2015,,,,,2,108,,,0,104,,,1.4671642029307024,4.81651376146789,0.23399356501622534,99.14291793793957,GI side effects causing discontinuation,Low risk,"<p>""A stratified enrolment and randomization scheme was followed to ensure inclusion of participants with varying iron stores and a slight overrepresentation of women(60%female/40% male) and individuals 60 years and older (20%). Participants were assessed for iron status per protocol as iron depleted (“low ferritin,” ≤26 ng/mL) and iron-replete (“higher ferritin,” &gt;26 ng/mL) based on the ferritin measurement at enrolment""<br>""If the appropriate subgroup remained open, a centralized computer program randomized the participant to receive iron supplements or no iron""</p>",Low risk,"<p>Open label trial, standard care only, no placebo<br>appears to use mITT - including everyone in the primary analysis attended at least 6 follow up visits (flow chart, Kiss 2015); excluded only when they 2+ visits<br><br>&nbsp;</p>",Low risk,<p>none noted</p>,High risk,"<p>Adverse events only reported as GI symptoms requiring withdrawal from study, or leading to alternating of pills. Data then suggests only 2 people discontinued, but authors state only these symptoms were attributable to the study (described in the protocol)</p><p><br>Open label trial, advice to discontinue came from triallists. Given small numbers, unlikely to be systemic bias<br><br>No mention of how data were collected eg standardised form, completed daily/monthly/etc<br><br>&nbsp;</p>",Low risk,"<p>Protocol and trial registration identified and checked.<br><br>Data not available in usable form for stratification (sex, ferritin levels), often only displayed graphically<br>&nbsp;</p>",High risk,<p>see individual comments</p>
1,9,Adverse events,Mixed,3,SUBGROUP_AND_OVERALL,Rybo 1971,1971,,,,,219,920,,,75,456,,,20.201852877853824,1.447304347826087,1.141930738916443,1.8343405636176389,subjects with side effects,Some concerns,<p>Randomisation not described.<br><br>No baseline data reported</p>,High risk,"<p>Coded bottle received: ""iron tablets for donors""<br>Analysed those who returned the questionnaire (mITT), but unclear<br><br>&nbsp;</p>",Low risk,<p>Received completed questionnaire from 84.7% of people</p>,High risk,"<p>Questionnaire sent out to be completed in private, and in the moment<br>interpretation of the returned surveys may be open to bias if aware of allocation<br><br>&nbsp;</p>",Some concerns,<p>No protocol or trial registration identified<br>&nbsp;</p>,High risk,<p>see individual comments</p>
1,10,Adherence (n/N),Female,1,SUBGROUP_AND_OVERALL,Gordeuk 1987a,1987,,,,,32,45,,,19,23,,,2.0722597262541336,0.8608187134502924,0.6609034011772801,1.1212059978905284,those completing study,Some concerns,<p>Randomisation process not reported.<br><br>no baseline demographic information</p>,Low risk,<p>Study described as double blind and use of placebo likely means participants and carers were blinded to allocation<br><br>ITT analysis<br><br>&nbsp;</p>,Low risk,<p>none noted</p>,Low risk,<p>Defined as number of participants completing the study.<br>&nbsp;</p>,Some concerns,<p>No protocol or trial registration identified</p>,Some concerns,<p>see individual comments</p>
1,10,Adherence (n/N),Female,1,SUBGROUP_AND_OVERALL,Gordeuk 1990,1990,,,,,14,50,,,16,49,,,0.4028634333472196,0.8575,0.4708984677484113,1.561496374188363,those returning who took all pills,Some concerns,<p>Randomisation process not described<br>lacking baseline demographic data</p>,Low risk,"<p>Double blind placebo-controlled. Expectation that participants and carers were blinded</p><p><br>ITT analysis - assessed as number completing study as proportion of total randomised, and proportion who took all 56 tablets.</p>",Low risk,<p>compliance as a proportion of people randomised</p>,Low risk,"<p>Compliance defined in three ways, and reported for each way: number of people returning for 56 day follow-up; number of people taking all prescribed tablets; number of tablets remaining per person<br><br>Described as double blind (likely participants and carers, not outcome assessors).<br><br>Unable to influence recording of compliance</p>",Some concerns,<p>No protocol or trial registration identified<br>&nbsp;</p>,Some concerns,<p>see individual comments</p>
1,10,Adherence (n/N),Female,1,SUBGROUP_AND_OVERALL,Marks 2013 (FIRST),2013,,,,,121,141,,,124,141,,,17.56797206118276,0.9758064516129032,0.8911377821753426,1.0685196498850817,"administered diary, selfreported compliance and tablet counts (phone call at weeks 1,4,8,12)",Low risk,"<p>""Allocation will be through central randomization by computer off-site... Randomisation will be carried out by Trident Clinical Research Pty Ltd. The sequence of allocation of carbonyl iron or placebo to donors will be ascertained via a computerised randomisation program. Donors will be assigned a numbered packet sequentially on enrolment""</p>",Low risk,"<p>Described as double-blind placebo-controlled. Assume to be participants and carers<br><br>""All analyses were performed on the intention-to-treat population. The safety population comprised all study participants enrolled in this study receiving a dose of the investigational product or placebo.""<br>&nbsp;</p>",Low risk,<p>none noted</p>,High risk,"<p>Participants asked to complete daily diary for adverse events and compliance. Investigators phoned at weeks 1,4,8,12 to collate information<br><br>Described as double blind, unclear if outcome assessors were blinded<br>&nbsp;</p>",Some concerns,"<p>Trial protocol identified, though limited in detail</p>",High risk,<p>see individual comments</p>
1,10,Adherence (n/N),Female,1,SUBGROUP_AND_OVERALL,Mirrezaie 2008,2008,,,,,13,39,,,14,31,,,0.4165272212608347,0.7380952380952381,0.4093650062909009,1.3308039820866715,ingested &gt;/=50 tablets (90%),Some concerns,"<p>Randomisation not described beyond ""random block design""<br>Demographics appear well balanced</p>",Low risk,"<p>Use of a ""similar"" placebo pill.<br><br>Described as a double blind, placebo controlled trial. Likely participants and carers<br><br>Compliance assessed in two ways: (1) proportion returning out of those randomised (ITT); (2) of those returning, proportion who took 90% of prescribed tablets (mITT).<br><br>&nbsp;</p>",High risk,"<p>Large dropout (iron lost 10/49, placebo lost 15/46). More ""voluntary withdrawals"" and ""loss to follow up"" in placebo group, with no further explanation.</p>",Some concerns,"<p>Pill counting for compliance to prescription. Possibility for this to be inaccurate as participants may wish to appear more compliant.<br><br>Unlikely to cause difference between groups due to blinding.<br><br>Described as double blind, unclear if this includes outcome assessors, though unlikely to be aware if in a separate lab.&nbsp;<br><br>Pill counting unlikely to be biased by outcome assessors<br>&nbsp;</p>",Some concerns,<p>No protocol or trial registration identified.</p>,High risk,<p>see individual comments</p>
1,10,Adherence (n/N),Mixed,2,SUBGROUP_AND_OVERALL,Rybo 1971,1971,,,,,662,781,,,352,385,,,79.54037755795507,0.927096670934699,0.8883814653365165,0.9674990652046328,postal questionnaire: self report discontinuation as non-compliant,Some concerns,<p>Randomisation not described.<br><br>No baseline data reported</p>,Some concerns,"<p>Coded bottle received: ""iron tablets for donors""<br><br>Analysed those who returned the questionnaire (mITT)</p>",Low risk,<p>Received completed questionnaire from 84.7% of people</p>,Low risk,"<p>Questionnaire sent out to be completed in private, and in the moment. Asked whether they had stopped taking the pills<br><br>Blinded study<br><br>Unsure who was blinded other than participants<br><br>whether they took the pills or not is less open to interpretation (than adverse events using the same questionnaire)</p>",Some concerns,<p>No protocol or trial registration identified</p>,Some concerns,<p>see individual comments</p>
1,11,Adherence (% tablets consumed),Female,1,SUBGROUP_AND_OVERALL,Waldvogel 2012,2012,,,96,16.7,,74,96,14.2,,71,,,100,0,-5.038588171330985,5.038588171330985,,Low risk,"<p>""simple random allocation sequence without restriction was generated by<br><br>an independent pharmacy according to a pre-established computer-generated list. Each drug package was identified with a unique number according to the randomization schedule and given to the nurse in charge of the participant.<br><br>The code was held by the pharmacist and remained unbroken until the end of the trial. The allocation remained concealed from participants, care providers, investigators and the statistician until the end of the statistical analysis.""<br><br>&nbsp;</p>",Low risk,"<p>Quadruple blinded (participants, personnel, outcome assessors, statistical analysis)<br>mITT - ""Missing data from dropouts were not replaced and only donors who were followed-up after four weeks’ treatment were included in the analysis.""<br>&nbsp;</p>",Low risk,<p>Very small number of dropouts. All explained and unrelated to trial</p>,Low risk,"<p>Compliance assessed by days where pills were taken as prescribed: ""An electronic system (MEMS) recorded the date and time each time the vial was opened. Subjects were asked to use this electronic pill-bottle for each dose and to swallow the dose immediately after opening ... Unused pills were also counted. Medication adherence was calculated as the number of days with at least one opening of the electronic device divided by the total number of monitored days. Finally, participants were asked to guess to which group they had been assigned""<br>&nbsp;</p><p>Fully masked study<br>&nbsp;</p>",Low risk,"<p>Protocol and trial registration available, and reported as stated<br>&nbsp;</p>",Low risk,<p>see individual comments</p>
1,12,"Non-GI side effects (any time point, no population subgrouping)",Any non-GI symptoms,1,SUBGROUP_AND_OVERALL,Mast 2016 (STRIDE),2012,,,,,5,278,,,2,138,,,40.66966816081682,1.2410071942446044,0.2438627708273485,6.315432449741311,,Low risk,"<p>""The lists were generated using standard block randomization methods,<br><br>implemented with computer software (nQuery Advisor, 2014, Statistical Solutions, Boston, MA). The randomized numbers from the algorithm correspond to one of the five study arms. While they appeared to be random numbers, they coded for the group assignment. Each of the five study arms had three to four codes so that patterns could not be identified by investigators, coordinators, and staff at study sites""<br><br>Uneven medical de-enrolment from study, appears that placebo group are ""healthier"" suggest some baseline imbalance. Bias in favour of placebo (reduced effect size of iron)</p>",Low risk,"<p>when focusing on only 3 interventions (iron or placebo pills), described as double blind (participants and investigator)<br><br>Adverse events - ITT (safety data)</p>",Low risk,<p>Adverse events (safety population) analysed as ITT (all randomised)</p>,Low risk,"<p>""Subjects receiving pills were provided a list of possible side-effects with each mailing and asked to report these or any other symptom that made them feel uncomfortable by calling their local research team. Reports of adverse events were recorded by research staff on a standard form and reviewed by an off-site physician to provide consistent follow-up to donors. The off-site physician was blinded to the pill group to which the donor was randomized.""<br><br>For those who withdrew: ""For adverse events, the study coordinator, who was blinded to subject randomization, completed a standardized worksheet to capture symptoms, symptom severity, and other relevant information""<br><br>Described as double blind: participants and investigators<br>&nbsp;</p>",Some concerns,"<p>Trial registration identified. Does not include a detailed analysis plan, but checked and reported as planned<br><br>Interim analysis performed and reported after initial 60 day period.</p>",Some concerns,<p>see individual comments</p>
1,12,"Non-GI side effects (any time point, no population subgrouping)",Any non-GI symptoms,1,SUBGROUP_AND_OVERALL,Waldvogel 2012,2012,,,,,6,74,,,3,71,,,59.330331839183195,1.9189189189189186,0.49889941247508424,7.380745948601109,,Low risk,"<p>""simple random allocation sequence without restriction was generated by<br><br>an independent pharmacy according to a pre-established computer-generated list. Each drug package was identified with a unique number according to the randomization schedule and given to the nurse in charge of the participant.<br><br>The code was held by the pharmacist and remained unbroken until the end of the trial. The allocation remained concealed from participants, care providers, investigators and the statistician until the end of the statistical analysis.""<br><br>&nbsp;</p>",Low risk,"<p>Quadruple blinded (participants, personnel, outcome assessors, statistical analysis)<br><br>mITT - ""Missing data from dropouts were not replaced and only donors who were followed-up after four weeks’ treatment were included in the analysis.""</p>",Low risk,<p>Very small number of dropouts. All explained and unrelated to trial<br>&nbsp;</p>,Low risk,"<p>No information on how and when adverse events were reported. However, results in trial registration mentions that information was collected systematically ""Indicates events were collected by systematic assessment"".<br><br>Fully masked study</p>",Low risk,"<p>Protocol and trial registration available, and reported as stated</p>",Low risk,<p>see individual comments</p>
1,12,"Non-GI side effects (any time point, no population subgrouping)",Headache,2,SUBGROUP_AND_OVERALL,Gordeuk 1987a,1987,,,,,13,47,,,7,23,,,54.849565519569474,0.9088145896656535,0.42007756758090486,1.9661701126901459,,Some concerns,<p>Randomisation process not reported.<br><br>no baseline demographic information</p>,Low risk,<p>Study described as double blind and use of placebo likely means participants and carers were blinded to allocation<br><br>mITT used for side effects<br>&nbsp;</p>,Low risk,<p>none noted</p>,Low risk,"<p>Participant ""was given a standardized form to record side effects and was instructed to record daily for 7 days any constipation, diarrhoea, heartburn, nausea, abdominal cramps, headache, weakness, or unpleasant taste"". standardised questionnaire but subjective and no other method of verifying&nbsp;<br><br>Described as placebo controlled double blind study, so outcome assessors may be aware of allocation. However, use of standardised form to be completed by blinded participants in the moment (no issue of recall).<br><br>unlikely given standardised questionnaire - participants are blinded and relatively objective measure that cannot be influenced by assessors&nbsp;<br>&nbsp;</p>",Some concerns,<p>No protocol or trial registration identified<br>&nbsp;</p>,Some concerns,<p>see individual comments</p>
1,12,"Non-GI side effects (any time point, no population subgrouping)",Headache,2,SUBGROUP_AND_OVERALL,Gordeuk 1990,1990,,,,,7,40,,,7,36,,,36.50382625502754,0.9,0.34948044798772593,2.317726226642722,,Some concerns,<p>Randomisation process not described<br>lacking baseline demographic data</p>,High risk,<p>Double blind placebo-controlled. Expectation that participants and carers were blinded<br>unclear analysis (PP or mITT) - analysed all those who returned for 56 day follow up</p>,High risk,"<p>99 randomised (50 vs 49), only 40 and 36 used in analysis of side effects (10 and 13 missing)</p>",Low risk,"<p>standardised form provided to be completed by the participants in the moment, no issues with recall.<br><br>Described as double blind (likely participants and carers, not outcome assessors).<br><br>Unlikely to influence reporting by participants as they recorded side effects away from assessors</p>",Some concerns,<p>No protocol or trial registration identified</p>,High risk,<p>see individual comments</p>
1,12,"Non-GI side effects (any time point, no population subgrouping)",Headache,2,SUBGROUP_AND_OVERALL,Maghsudlu 2008,2008,,,,,2,122,,,2,119,,,8.646608225402982,0.9754098360655737,0.13966261241203692,6.812305253796544,at visit 3,Some concerns,"<p>Randomisation process not described<br>No obvious baseline imbalance for number of previous donations, but does not report age, sex.</p>",Some concerns,"<p>Not explicitly stated, but use of placebo in identical packets to iron intervention, suggests participants were blinded. Unclear for carers.<br><br>mITT, those who were able to donate remained in the study until the next stage. No protocol violations<br>&nbsp;</p>",High risk,"<p>Some withdrawals explained (deferral and pregnancy), many just did not return to donate - these people were excluded from the analysis<br>no info on reason for dropout given<br>&nbsp;</p>",High risk,"<p>Unclear how side effect data was collected. Authors mention reporting side effects at every visit, but was there a standard form to complete? who completed it? was there an issue with long recall by the participants, or were they recording daily symptoms?<br><br>Unclear whether outcome assessors were blinded (not mentioned).&nbsp;<br>&nbsp;</p>",Some concerns,<p>No protocol or trial registration identified</p>,High risk,<p>see individual comments</p>
1,12,"Non-GI side effects (any time point, no population subgrouping)",Weakness,3,SUBGROUP_AND_OVERALL,Gordeuk 1987a,1987,,,,,2,47,,,2,23,,,25.14127032672252,0.48936170212765956,0.07352742656375708,3.2569462403478355,,Some concerns,<p>Randomisation process not reported.<br><br>no baseline demographic information</p>,Low risk,<p>Study described as double blind and use of placebo likely means participants and carers were blinded to allocation<br><br>mITT used for side effects<br>&nbsp;</p>,Low risk,<p>none noted</p>,Low risk,"<p>Participant ""was given a standardized form to record side effects and was instructed to record daily for 7 days any constipation, diarrhoea, heartburn, nausea, abdominal cramps, headache, weakness, or unpleasant taste"". standardised questionnaire but subjective and no other method of verifying&nbsp;<br><br>Described as placebo controlled double blind study, so outcome assessors may be aware of allocation. However, use of standardised form to be completed by blinded participants in the moment (no issue of recall).<br><br>unlikely given standardised questionnaire - participants are blinded and relatively objective measure that cannot be influenced by assessors&nbsp;<br>&nbsp;</p>",Some concerns,<p>No protocol or trial registration identified<br>&nbsp;</p>,Some concerns,<p>see individual comments</p>
1,12,"Non-GI side effects (any time point, no population subgrouping)",Weakness,3,SUBGROUP_AND_OVERALL,Gordeuk 1990,1990,,,,,1,40,,,3,36,,,18.36175780863691,0.3,0.03265033745818977,2.75647993271889,,Some concerns,<p>Randomisation process not described<br>lacking baseline demographic data</p>,High risk,<p>Double blind placebo-controlled. Expectation that participants and carers were blinded<br>unclear analysis (PP or mITT) - analysed all those who returned for 56 day follow up</p>,High risk,"<p>99 randomised (50 vs 49), only 40 and 36 used in analysis of side effects (10 and 13 missing)</p>",Low risk,"<p>standardised form provided to be completed by the participants in the moment, no issues with recall.<br><br>Described as double blind (likely participants and carers, not outcome assessors).<br><br>Unlikely to influence reporting by participants as they recorded side effects away from assessors</p>",Some concerns,<p>No protocol or trial registration identified</p>,High risk,<p>see individual comments</p>
1,12,"Non-GI side effects (any time point, no population subgrouping)",Weakness,3,SUBGROUP_AND_OVERALL,Mirrezaie 2008,2008,,,,,3,49,,,8,46,,,56.496971864640564,0.3520408163265306,0.09941725619006908,1.2465918001489753,,Some concerns,"<p>Randomisation not described beyond ""random block design""<br>Demographics appear well balanced</p>",Low risk,"<p>Use of a ""similar"" placebo pill.<br><br>Described as a double blind, placebo controlled trial. Likely participants and carers<br><br>Appear to use ITT for the safety set - analysing everyone who was randomised.<br>&nbsp;</p>",Low risk,"<p>Large dropout (iron lost 10/49, placebo lost 15/46). More ""voluntary withdrawals"" and ""loss to follow up"" in placebo group, with no further explanation. However, everyone included in adverse event data<br>&nbsp;</p>",High risk,"<p>Participants were phoned on day 7 to ask about ""complications"", then again at visit 1 (day 28) and visit 2 (day 56). No information on whether there was a standard form, whether there was a script, or whether it was participant led reporting.<br>Described as double blind, unclear if this includes outcome assessors.<br>&nbsp;</p>",Some concerns,<p>No protocol or trial registration identified.</p>,High risk,<p>see individual comments</p>
1,12,"Non-GI side effects (any time point, no population subgrouping)",Unpleasant taste,4,SUBGROUP_AND_OVERALL,Gordeuk 1990,1990,,,,,17,40,,,2,36,,,52.92639561492132,7.6499999999999995,1.8973310144175615,30.84464416345668,,Some concerns,<p>Randomisation process not described<br>lacking baseline demographic data</p>,High risk,<p>Double blind placebo-controlled. Expectation that participants and carers were blinded<br>unclear analysis (PP or mITT) - analysed all those who returned for 56 day follow up</p>,High risk,"<p>99 randomised (50 vs 49), only 40 and 36 used in analysis of side effects (10 and 13 missing)</p>",Low risk,"<p>standardised form provided to be completed by the participants in the moment, no issues with recall.<br><br>Described as double blind (likely participants and carers, not outcome assessors).<br><br>Unlikely to influence reporting by participants as they recorded side effects away from assessors</p>",Some concerns,<p>No protocol or trial registration identified</p>,High risk,<p>see individual comments</p>
1,12,"Non-GI side effects (any time point, no population subgrouping)",Unpleasant taste,4,SUBGROUP_AND_OVERALL,Mirrezaie 2008,2008,,,,,9,49,,,2,46,,,47.073604385078674,4.224489795918367,0.9631980125886549,18.52818818412563,,Some concerns,"<p>Randomisation not described beyond ""random block design""<br>Demographics appear well balanced</p>",Low risk,"<p>Use of a ""similar"" placebo pill.<br><br>Described as a double blind, placebo controlled trial. Likely participants and carers<br><br>Appear to use ITT for the safety set - analysing everyone who was randomised.<br>&nbsp;</p>",Low risk,"<p>Large dropout (iron lost 10/49, placebo lost 15/46). More ""voluntary withdrawals"" and ""loss to follow up"" in placebo group, with no further explanation. However, everyone included in adverse event data<br>&nbsp;</p>",High risk,"<p>Participants were phoned on day 7 to ask about ""complications"", then again at visit 1 (day 28) and visit 2 (day 56). No information on whether there was a standard form, whether there was a script, or whether it was participant led reporting.<br>Described as double blind, unclear if this includes outcome assessors.<br>&nbsp;</p>",Some concerns,<p>No protocol or trial registration identified.</p>,High risk,<p>see individual comments</p>
1,13,"GI side effects (any time point, no population subgrouping)",Any GI symptoms,1,SUBGROUP_AND_OVERALL,Gordeuk 1987a,1987,,,,,39,47,,,8,23,,,47.54510344846021,2.3856382978723403,1.3432243665987156,4.237021178142078,,Some concerns,<p>Randomisation process not reported.<br><br>no baseline demographic information</p>,Low risk,<p>Study described as double blind and use of placebo likely means participants and carers were blinded to allocation<br><br>mITT used for side effects<br>&nbsp;</p>,Low risk,<p>none noted</p>,Low risk,"<p>Participant ""was given a standardized form to record side effects and was instructed to record daily for 7 days any constipation, diarrhoea, heartburn, nausea, abdominal cramps, headache, weakness, or unpleasant taste"". standardised questionnaire but subjective and no other method of verifying&nbsp;<br><br>Described as placebo controlled double blind study, so outcome assessors may be aware of allocation. However, use of standardised form to be completed by blinded participants in the moment (no issue of recall).<br><br>unlikely given standardised questionnaire - participants are blinded and relatively objective measure that cannot be influenced by assessors&nbsp;<br>&nbsp;</p>",Some concerns,<p>No protocol or trial registration identified<br>&nbsp;</p>,Some concerns,<p>see individual comments</p>
1,13,"GI side effects (any time point, no population subgrouping)",Any GI symptoms,1,SUBGROUP_AND_OVERALL,Mast 2016 (STRIDE),2012,,,,,13,278,,,1,138,,,12.819771319261882,6.453237410071941,0.8529084824960381,48.82619170216246,,Low risk,"<p>""The lists were generated using standard block randomization methods,<br><br>implemented with computer software (nQuery Advisor, 2014, Statistical Solutions, Boston, MA). The randomized numbers from the algorithm correspond to one of the five study arms. While they appeared to be random numbers, they coded for the group assignment. Each of the five study arms had three to four codes so that patterns could not be identified by investigators, coordinators, and staff at study sites""<br><br>Uneven medical de-enrolment from study, appears that placebo group are ""healthier"" suggest some baseline imbalance. Bias in favour of placebo (reduced effect size of iron)</p>",Low risk,"<p>when focusing on only 3 interventions (iron or placebo pills), described as double blind (participants and investigator)<br><br>Adverse events - ITT (safety data)<br>&nbsp;</p>",Low risk,<p>Adverse events (safety population) analysed as ITT (all randomised)<br>&nbsp;</p>,Low risk,"<p>""Subjects receiving pills were provided a list of possible side-effects with each mailing and asked to report these or any other symptom that made them feel uncomfortable by calling their local research team. Reports of adverse events were recorded by research staff on a standard form and reviewed by an off-site physician to provide consistent follow-up to donors. The off-site physician was blinded to the pill group to which the donor was randomized.""<br><br>For those who withdrew: ""For adverse events, the study coordinator, who was blinded to subject randomization, completed a standardized worksheet to capture symptoms, symptom severity, and other relevant information""<br><br>Described as double blind: participants and investigators<br>&nbsp;</p>",Some concerns,"<p>Trial registration identified. Does not include a detailed analysis plan, but checked and reported as planned<br><br>Interim analysis performed and reported after initial 60 day period.</p>",Some concerns,<p>see individual comments</p>
1,13,"GI side effects (any time point, no population subgrouping)",Any GI symptoms,1,SUBGROUP_AND_OVERALL,Radtke 2004a,2004,,,,,18,351,,,9,175,,,39.635125232277915,0.9971509971509972,0.4574086107563336,2.1737896658200593,any GI complaint leading to dropout,Some concerns,"<p>Randomisation process not reported beyond ""block randomisation of variable length""<br>Baseline bloods (visit 0) reported for each subgroup, and sex have been analysed separately. No information on age and previous donations etc</p>",Some concerns,"<p>Described as double blind, placebo controlled.<br><br>Planned to analyse as ITT, where participants attended for at least one follow up.</p>",High risk,"<p>Adverse events reported as a percentage over the entire study period. Have taken this to mean as a percentage of everyone randomised, but this is very unclear<br><br>Some dropout due to GI complaints, but 15-20% of dropouts were for ""unknown"" reason</p>",High risk,<p>No information on how and when adverse events were reported. Issues surrounding recall and interviews.</p>,Some concerns,<p>No protocol or trial registration identified.</p>,High risk,<p>see individual comments</p>
1,13,"GI side effects (any time point, no population subgrouping)",Abdominal pain,2,SUBGROUP_AND_OVERALL,Dara 2017,2017,,,,,0,72,,,3,71,,,3.6443312801101366,0.14090019569471623,0.007409783536851804,2.6792773429983647,abdominal cramps,Some concerns,<p>No information regarding randomisation process.<br><br>Some imbalance in blood tests and number of previous donations. This seems to influence the outcomes as they have attempted to perform a post-hoc subgroup analysis</p>,Low risk,"<p>Described as placebo controlled, single blind, assumed to be participants.<br><br>mITT appears to have been used - including those who returned to donate at visit 3 (first donation since commencement of treatment)</p>",High risk,"<p>Only 64 and 62 per group by visit 3 (from 98 and 102)<br>Proportions missing are balanced between groups. Withdrawals explained for some, others just ""did not show up""<br>&nbsp;</p>",High risk,<p>Side effects not clearly defined.<br><br>Adverse event reporting done through interview with an outcome assessor aware of assignment. It is possible that some interviewers held un/conscious bias in their recording.</p>,Some concerns,<p>No protocol or trial registration identified<br>&nbsp;</p>,High risk,<p>see individual comments</p>
1,13,"GI side effects (any time point, no population subgrouping)",Abdominal pain,2,SUBGROUP_AND_OVERALL,Gordeuk 1990,1990,,,,,5,40,,,2,36,,,12.714894093162032,2.25,0.4649324225717568,10.888679202015995,abdominal cramps,Some concerns,<p>Randomisation process not described<br>lacking baseline demographic data</p>,High risk,<p>Double blind placebo-controlled. Expectation that participants and carers were blinded<br><br>unclear analysis (PP or mITT) - analysed all those who returned for 56 day follow up</p>,High risk,"<p>99 randomised (50 vs 49), only 40 and 36 used in analysis of side effects (10 and 13 missing)</p>",Low risk,"<p>standardised form provided to be completed by the participants in the moment, no issues with recall.<br>Described as double blind (likely participants and carers, not outcome assessors).<br><br>Unlikely to influence reporting by participants as they recorded side effects away from assessors</p>",Some concerns,<p>No protocol or trial registration identified</p>,High risk,<p>see individual comments</p>
1,13,"GI side effects (any time point, no population subgrouping)",Abdominal pain,2,SUBGROUP_AND_OVERALL,Maghsudlu 2008,2008,,,,,3,122,,,2,119,,,10.075948301935664,1.4631147540983607,0.24889691022564184,8.600768815167745,at visit 3: abdominal cramps,Some concerns,"<p>Randomisation process not described<br>No obvious baseline imbalance for number of previous donations, but does not report age, sex.</p>",Some concerns,"<p>Not explicitly stated, but use of placebo in identical packets to iron intervention, suggests participants were blinded. Unclear for carers.<br><br>mITT, those who were able to donate remained in the study until the next stage. No protocol violations<br>&nbsp;</p>",High risk,"<p>Some withdrawals explained (deferral and pregnancy), many just did not return to donate - these people were excluded from the analysis<br><br>no info on reason for dropout given</p>",High risk,"<p>Unclear how side effect data was collected. Authors mention reporting side effects at every visit, but was there a standard form to complete? who completed it? was there an issue with long recall by the participants, or were they recording daily symptoms?<br><br>Unclear whether outcome assessors were blinded (not mentioned).&nbsp;<br>&nbsp;</p>",Some concerns,<p>No protocol or trial registration identified</p>,High risk,<p>see individual comments</p>
1,13,"GI side effects (any time point, no population subgrouping)",Abdominal pain,2,SUBGROUP_AND_OVERALL,Marks 2013 (FIRST),2013,,,,,19,141,,,7,141,,,45.389772287967936,2.7142857142857144,1.1781898000156752,6.2531070449578605,abdominal pain,Low risk,"<p>""Allocation will be through central randomization by computer off-site... Randomisation will be carried out by Trident Clinical Research Pty Ltd. The sequence of allocation of carbonyl iron or placebo to donors will be ascertained via a computerised randomisation program. Donors will be assigned a numbered packet sequentially on enrolment""</p>",Low risk,"<p>Described as double-blind placebo-controlled. Assume to be participants and carers<br><br>""All analyses were performed on the intention-to-treat population. The safety population comprised all study participants enrolled in this study receiving a dose of the investigational product or placebo.""</p>",Low risk,<p>none noted</p>,High risk,"<p>Participants asked to complete daily diary for adverse events and compliance. Investigators phoned at weeks 1,4,8,12 to collate information. Symptom diary, as opposed to standardised questionnaires<br><br>Described as double blind, unclear if outcome assessors were blinded<br>&nbsp;</p>",Some concerns,"<p>Trial protocol identified, though limited in detail</p>",High risk,<p>see individual comments</p>
1,13,"GI side effects (any time point, no population subgrouping)",Abdominal pain,2,SUBGROUP_AND_OVERALL,Mirrezaie 2008,2008,,,,,2,49,,,1,46,,,5.64485148241278,1.8775510204081634,0.17613174113491106,20.014551673202103,abdominal cramps,Some concerns,"<p>Randomisation not described beyond ""random block design""<br>Demographics appear well balanced</p>",Low risk,"<p>Use of a ""similar"" placebo pill.<br><br>Described as a double blind, placebo controlled trial. Likely participants and carers<br><br>Appear to use ITT for the safety set - analysing everyone who was randomised.</p>",Low risk,"<p>Large dropout (iron lost 10/49, placebo lost 15/46). More ""voluntary withdrawals"" and ""loss to follow up"" in placebo group, with no further explanation. However, everyone included in adverse event data<br>&nbsp;</p>",High risk,"<p>Participants were phoned on day 7 to ask about ""complications"", then again at visit 1 (day 28) and visit 2 (day 56). No information on whether there was a standard form, whether there was a script, or whether it was participant led reporting.<br><br>Described as double blind, unclear if this includes outcome assessors.<br>&nbsp;</p>",Some concerns,<p>No protocol or trial registration identified.</p>,High risk,<p>see individual comments</p>
1,13,"GI side effects (any time point, no population subgrouping)",Abdominal pain,2,SUBGROUP_AND_OVERALL,Pachikian 2020,2020,,,,,0,22,,,0,11,,,,,,,GI discomfort,Some concerns,<p>Randomisation process not described.<br><br>Baseline comparison data for iron stores (table 1) show no significant differences between groups. Age and fitness level data in trial registry show no differences</p>,Some concerns,"<p>Described as single blinded, placebo-controlled ""No information was added on the pill to allow subject to recognize iron or glucose supplementation""<br><br>mITT, all those completing to study end-point</p>",Low risk,<p>none noted</p>,High risk,"<p>Reported adverse events according to MedDRA v1: Non-serious AEs; Frequency threshold for reporting non-serious adverse events: 5%.<br><br>Unclear how data were collected: trial registration refers to it as ""systematic"" but no information (interviews, forms, ad-hoc reporting). Seems to be data were collected at each visit, but potential for issues of interpretation and self recall</p>",Some concerns,"<p>Trial registration available: ; prespecified analyses. Primary outcome (VO2 peak) only reported for final end point (in trial registration) or graphically, or in comparison to other groups. Not reported as raw data at each timepoint as with other outcomes.<br>&nbsp;</p>",High risk,<p>see individual comments</p>
1,13,"GI side effects (any time point, no population subgrouping)",Abdominal pain,2,SUBGROUP_AND_OVERALL,Waldvogel 2012,2012,,,,,7,74,,,4,71,,,22.53020255441144,1.679054054054054,0.513602110821049,5.489117854146897,abdominal pain,Low risk,"<p>""simple random allocation sequence without restriction was generated by<br><br>an independent pharmacy according to a pre-established computer-generated list. Each drug package was identified with a unique number according to the randomization schedule and given to the nurse in charge of the participant.<br><br>The code was held by the pharmacist and remained unbroken until the end of the trial. The allocation remained concealed from participants, care providers, investigators and the statistician until the end of the statistical analysis.""<br><br>&nbsp;</p>",Low risk,"<p>Quadruple blinded (participants, personnel, outcome assessors, statistical analysis)<br><br>mITT - ""Missing data from dropouts were not replaced and only donors who were followed-up after four weeks’ treatment were included in the analysis.""<br>&nbsp;</p>",Low risk,<p>Very small number of dropouts. All explained and unrelated to trial</p>,Low risk,"<p>No information on how and when adverse events were reported. However, results in trial registration mentions that information was collected systematically ""Indicates events were collected by systematic assessment"".<br><br>Fully masked study<br>&nbsp;</p>",Low risk,"<p>Protocol and trial registration available, and reported as stated</p>",Low risk,<p>see individual comments</p>
1,13,"GI side effects (any time point, no population subgrouping)",Constipation,3,SUBGROUP_AND_OVERALL,Dara 2017,2017,,,,,2,72,,,0,71,,,1.1240089262934077,4.931506849315069,0.2409376902833393,100.93796357158463,constipation leading to dropout,Some concerns,<p>No information regarding randomisation process.<br><br>Some imbalance in blood tests and number of previous donations. This seems to influence the outcomes as they have attempted to perform a post-hoc subgroup analysis</p>,Low risk,"<p>Described as placebo controlled, single blind, assumed to be participants.<br><br>mITT appears to have been used - including those who returned to donate at visit 3 (first donation since commencement of treatment)</p>",High risk,"<p>Only 64 and 62 per group by visit 3 (from 98 and 102)<br>Proportions missing are balanced between groups. Withdrawals explained for some, others just ""did not show up""<br>&nbsp;</p>",High risk,<p>Side effects not clearly defined.<br><br>Adverse event reporting done through interview with an outcome assessor aware of assignment. It is possible that some interviewers held un/conscious bias in their recording.</p>,Some concerns,<p>No protocol or trial registration identified<br>&nbsp;</p>,High risk,<p>see individual comments</p>
1,13,"GI side effects (any time point, no population subgrouping)",Constipation,3,SUBGROUP_AND_OVERALL,Gordeuk 1990,1990,,,,,10,40,,,5,36,,,10.786298988396965,1.8,0.679270551355097,4.769822559709719,,Some concerns,<p>Randomisation process not described<br>lacking baseline demographic data</p>,High risk,<p>Double blind placebo-controlled. Expectation that participants and carers were blinded<br><br>unclear analysis (PP or mITT) - analysed all those who returned for 56 day follow up</p>,High risk,"<p>99 randomised (50 vs 49), only 40 and 36 used in analysis of side effects (10 and 13 missing)</p>",Low risk,"<p>standardised form provided to be completed by the participants in the moment, no issues with recall.<br>Described as double blind (likely participants and carers, not outcome assessors).<br><br>Unlikely to influence reporting by participants as they recorded side effects away from assessors</p>",Some concerns,<p>No protocol or trial registration identified</p>,High risk,<p>see individual comments</p>
1,13,"GI side effects (any time point, no population subgrouping)",Constipation,3,SUBGROUP_AND_OVERALL,Maghsudlu 2008,2008,,,,,2,122,,,1,119,,,1.797635805615622,1.9508196721311475,0.17926561911721964,21.22937689845245,,Some concerns,"<p>Randomisation process not described<br>No obvious baseline imbalance for number of previous donations, but does not report age, sex.</p>",Some concerns,"<p>Not explicitly stated, but use of placebo in identical packets to iron intervention, suggests participants were blinded. Unclear for carers.<br><br>mITT, those who were able to donate remained in the study until the next stage. No protocol violations<br>&nbsp;</p>",High risk,"<p>Some withdrawals explained (deferral and pregnancy), many just did not return to donate - these people were excluded from the analysis<br><br>no info on reason for dropout given</p>",High risk,"<p>Unclear how side effect data was collected. Authors mention reporting side effects at every visit, but was there a standard form to complete? who completed it? was there an issue with long recall by the participants, or were they recording daily symptoms?<br><br>Unclear whether outcome assessors were blinded (not mentioned).&nbsp;<br>&nbsp;</p>",Some concerns,<p>No protocol or trial registration identified</p>,High risk,<p>see individual comments</p>
1,13,"GI side effects (any time point, no population subgrouping)",Constipation,3,SUBGROUP_AND_OVERALL,Marks 2013 (FIRST),2013,,,,,16,141,,,6,141,,,12.403873173461033,2.6666666666666665,1.0747292979621812,6.616653258262011,hardened stools also reported in 14/141 vs 7/141,Low risk,"<p>""Allocation will be through central randomization by computer off-site... Randomisation will be carried out by Trident Clinical Research Pty Ltd. The sequence of allocation of carbonyl iron or placebo to donors will be ascertained via a computerised randomisation program. Donors will be assigned a numbered packet sequentially on enrolment""</p>",Low risk,"<p>Described as double-blind placebo-controlled. Assume to be participants and carers<br><br>""All analyses were performed on the intention-to-treat population. The safety population comprised all study participants enrolled in this study receiving a dose of the investigational product or placebo.""</p>",Low risk,<p>none noted</p>,High risk,"<p>Participants asked to complete daily diary for adverse events and compliance. Investigators phoned at weeks 1,4,8,12 to collate information. Symptom diary, as opposed to standardised questionnaires<br><br>Described as double blind, unclear if outcome assessors were blinded<br>&nbsp;</p>",Some concerns,"<p>Trial protocol identified, though limited in detail</p>",High risk,<p>see individual comments</p>
1,13,"GI side effects (any time point, no population subgrouping)",Constipation,3,SUBGROUP_AND_OVERALL,Mirrezaie 2008,2008,,,,,1,49,,,1,46,,,1.362008897239445,0.9387755102040817,0.060468966854233926,14.574409063137933,,Some concerns,"<p>Randomisation not described beyond ""random block design""<br>Demographics appear well balanced</p>",Low risk,"<p>Use of a ""similar"" placebo pill.<br><br>Described as a double blind, placebo controlled trial. Likely participants and carers<br><br>Appear to use ITT for the safety set - analysing everyone who was randomised.</p>",Low risk,"<p>Large dropout (iron lost 10/49, placebo lost 15/46). More ""voluntary withdrawals"" and ""loss to follow up"" in placebo group, with no further explanation. However, everyone included in adverse event data<br>&nbsp;</p>",High risk,"<p>Participants were phoned on day 7 to ask about ""complications"", then again at visit 1 (day 28) and visit 2 (day 56). No information on whether there was a standard form, whether there was a script, or whether it was participant led reporting.<br><br>Described as double blind, unclear if this includes outcome assessors.<br>&nbsp;</p>",Some concerns,<p>No protocol or trial registration identified.</p>,High risk,<p>see individual comments</p>
1,13,"GI side effects (any time point, no population subgrouping)",Constipation,3,SUBGROUP_AND_OVERALL,Pachikian 2020,2020,,,,,2,22,,,0,11,,,1.173071619872946,2.608695652173913,0.1358496828107922,50.09428704481633,,Some concerns,<p>Randomisation process not described.<br><br>Baseline comparison data for iron stores (table 1) show no significant differences between groups. Age and fitness level data in trial registry show no differences</p>,Some concerns,"<p>Described as single blinded, placebo-controlled ""No information was added on the pill to allow subject to recognize iron or glucose supplementation""<br><br>mITT, all those completing to study end-point</p>",Low risk,<p>none noted</p>,High risk,"<p>Reported adverse events according to MedDRA v1: Non-serious AEs; Frequency threshold for reporting non-serious adverse events: 5%.<br><br>Unclear how data were collected: trial registration refers to it as ""systematic"" but no information (interviews, forms, ad-hoc reporting). Seems to be data were collected at each visit, but potential for issues of interpretation and self recall</p>",Some concerns,"<p>Trial registration available: ; prespecified analyses. Primary outcome (VO2 peak) only reported for final end point (in trial registration) or graphically, or in comparison to other groups. Not reported as raw data at each timepoint as with other outcomes.<br>&nbsp;</p>",High risk,<p>see individual comments</p>
1,13,"GI side effects (any time point, no population subgrouping)",Constipation,3,SUBGROUP_AND_OVERALL,Rybo 1971,1971,,,,,88,920,,,30,456,,,64.38445149656015,1.4539130434782608,0.9756834100812996,2.166546152322175,,Some concerns,<p>Randomisation not described.<br><br>No baseline data reported</p>,High risk,"<p>Coded bottle received: ""iron tablets for donors""<br><br>Analysed those who returned the questionnaire (mITT), but unclear</p>",Low risk,<p>Received completed questionnaire from 84.7% of people<br>&nbsp;</p>,High risk,"<p>Questionnaire sent out to be completed in private, and in the moment<br><br>interpretation of the returned surveys may be open to bias if aware of allocation</p>",Some concerns,<p>No protocol or trial registration identified</p>,High risk,<p>see individual comments</p>
1,13,"GI side effects (any time point, no population subgrouping)",Constipation,3,SUBGROUP_AND_OVERALL,Waldvogel 2012,2012,,,,,13,74,,,3,71,,,6.968651092560436,4.157657657657658,1.2368033712989137,13.976447347588612,hard stools,Low risk,"<p>""simple random allocation sequence without restriction was generated by<br><br>an independent pharmacy according to a pre-established computer-generated list. Each drug package was identified with a unique number according to the randomization schedule and given to the nurse in charge of the participant.<br><br>The code was held by the pharmacist and remained unbroken until the end of the trial. The allocation remained concealed from participants, care providers, investigators and the statistician until the end of the statistical analysis.""<br><br>&nbsp;</p>",Low risk,"<p>Quadruple blinded (participants, personnel, outcome assessors, statistical analysis)<br><br>mITT - ""Missing data from dropouts were not replaced and only donors who were followed-up after four weeks’ treatment were included in the analysis.""<br>&nbsp;</p>",Low risk,<p>Very small number of dropouts. All explained and unrelated to trial</p>,Low risk,"<p>No information on how and when adverse events were reported. However, results in trial registration mentions that information was collected systematically ""Indicates events were collected by systematic assessment"".<br><br>Fully masked study<br>&nbsp;</p>",Low risk,"<p>Protocol and trial registration available, and reported as stated</p>",Low risk,<p>see individual comments</p>
1,13,"GI side effects (any time point, no population subgrouping)",Diarrhoea,4,SUBGROUP_AND_OVERALL,Gordeuk 1990,1990,,,,,8,40,,,1,36,,,4.6372858806572,7.2,0.9460823237549872,54.794385962362966,,Some concerns,<p>Randomisation process not described<br>lacking baseline demographic data</p>,High risk,<p>Double blind placebo-controlled. Expectation that participants and carers were blinded<br><br>unclear analysis (PP or mITT) - analysed all those who returned for 56 day follow up</p>,High risk,"<p>99 randomised (50 vs 49), only 40 and 36 used in analysis of side effects (10 and 13 missing)</p>",Low risk,"<p>standardised form provided to be completed by the participants in the moment, no issues with recall.<br>Described as double blind (likely participants and carers, not outcome assessors).<br><br>Unlikely to influence reporting by participants as they recorded side effects away from assessors</p>",Some concerns,<p>No protocol or trial registration identified</p>,High risk,<p>see individual comments</p>
1,13,"GI side effects (any time point, no population subgrouping)",Diarrhoea,4,SUBGROUP_AND_OVERALL,Marks 2013 (FIRST),2013,,,,,14,141,,,5,141,,,19.328721384015378,2.8,1.0361796080078682,7.566255829983931,,Low risk,"<p>""Allocation will be through central randomization by computer off-site... Randomisation will be carried out by Trident Clinical Research Pty Ltd. The sequence of allocation of carbonyl iron or placebo to donors will be ascertained via a computerised randomisation program. Donors will be assigned a numbered packet sequentially on enrolment""</p>",Low risk,"<p>Described as double-blind placebo-controlled. Assume to be participants and carers<br><br>""All analyses were performed on the intention-to-treat population. The safety population comprised all study participants enrolled in this study receiving a dose of the investigational product or placebo.""</p>",Low risk,<p>none noted</p>,High risk,"<p>Participants asked to complete daily diary for adverse events and compliance. Investigators phoned at weeks 1,4,8,12 to collate information. Symptom diary, as opposed to standardised questionnaires<br><br>Described as double blind, unclear if outcome assessors were blinded<br>&nbsp;</p>",Some concerns,"<p>Trial protocol identified, though limited in detail</p>",High risk,<p>see individual comments</p>
1,13,"GI side effects (any time point, no population subgrouping)",Diarrhoea,4,SUBGROUP_AND_OVERALL,Mirrezaie 2008,2008,,,,,0,49,,,0,46,,,,,,,,Some concerns,"<p>Randomisation not described beyond ""random block design""<br>Demographics appear well balanced</p>",Low risk,"<p>Use of a ""similar"" placebo pill.<br><br>Described as a double blind, placebo controlled trial. Likely participants and carers<br><br>Appear to use ITT for the safety set - analysing everyone who was randomised.</p>",Low risk,"<p>Large dropout (iron lost 10/49, placebo lost 15/46). More ""voluntary withdrawals"" and ""loss to follow up"" in placebo group, with no further explanation. However, everyone included in adverse event data<br>&nbsp;</p>",High risk,"<p>Participants were phoned on day 7 to ask about ""complications"", then again at visit 1 (day 28) and visit 2 (day 56). No information on whether there was a standard form, whether there was a script, or whether it was participant led reporting.<br><br>Described as double blind, unclear if this includes outcome assessors.<br>&nbsp;</p>",Some concerns,<p>No protocol or trial registration identified.</p>,High risk,<p>see individual comments</p>
1,13,"GI side effects (any time point, no population subgrouping)",Diarrhoea,4,SUBGROUP_AND_OVERALL,Pachikian 2020,2020,,,,,1,22,,,1,11,,,2.668010277678926,0.5,0.03443115913662992,7.260865049821546,,Some concerns,<p>Randomisation process not described.<br><br>Baseline comparison data for iron stores (table 1) show no significant differences between groups. Age and fitness level data in trial registry show no differences</p>,Some concerns,"<p>Described as single blinded, placebo-controlled ""No information was added on the pill to allow subject to recognize iron or glucose supplementation""<br><br>mITT, all those completing to study end-point</p>",Low risk,<p>none noted</p>,High risk,"<p>Reported adverse events according to MedDRA v1: Non-serious AEs; Frequency threshold for reporting non-serious adverse events: 5%.<br><br>Unclear how data were collected: trial registration refers to it as ""systematic"" but no information (interviews, forms, ad-hoc reporting). Seems to be data were collected at each visit, but potential for issues of interpretation and self recall</p>",Some concerns,"<p>Trial registration available: ; prespecified analyses. Primary outcome (VO2 peak) only reported for final end point (in trial registration) or graphically, or in comparison to other groups. Not reported as raw data at each timepoint as with other outcomes.<br>&nbsp;</p>",High risk,<p>see individual comments</p>
1,13,"GI side effects (any time point, no population subgrouping)",Diarrhoea,4,SUBGROUP_AND_OVERALL,Rybo 1971,1971,,,,,57,920,,,15,456,,,61.43784612951758,1.8834782608695653,1.0784703961489774,3.289372032682295,,Some concerns,<p>Randomisation not described.<br><br>No baseline data reported</p>,High risk,"<p>Coded bottle received: ""iron tablets for donors""<br><br>Analysed those who returned the questionnaire (mITT), but unclear</p>",Low risk,<p>Received completed questionnaire from 84.7% of people<br>&nbsp;</p>,High risk,"<p>Questionnaire sent out to be completed in private, and in the moment<br><br>interpretation of the returned surveys may be open to bias if aware of allocation</p>",Some concerns,<p>No protocol or trial registration identified</p>,High risk,<p>see individual comments</p>
1,13,"GI side effects (any time point, no population subgrouping)",Diarrhoea,4,SUBGROUP_AND_OVERALL,Waldvogel 2012,2012,,,,,9,74,,,3,71,,,11.92813632813093,2.878378378378378,0.8120469550702417,10.202688449708536,liquid stools,Low risk,"<p>""simple random allocation sequence without restriction was generated by<br><br>an independent pharmacy according to a pre-established computer-generated list. Each drug package was identified with a unique number according to the randomization schedule and given to the nurse in charge of the participant.<br><br>The code was held by the pharmacist and remained unbroken until the end of the trial. The allocation remained concealed from participants, care providers, investigators and the statistician until the end of the statistical analysis.""<br><br>&nbsp;</p>",Low risk,"<p>Quadruple blinded (participants, personnel, outcome assessors, statistical analysis)<br><br>mITT - ""Missing data from dropouts were not replaced and only donors who were followed-up after four weeks’ treatment were included in the analysis.""<br>&nbsp;</p>",Low risk,<p>Very small number of dropouts. All explained and unrelated to trial</p>,Low risk,"<p>No information on how and when adverse events were reported. However, results in trial registration mentions that information was collected systematically ""Indicates events were collected by systematic assessment"".<br><br>Fully masked study<br>&nbsp;</p>",Low risk,"<p>Protocol and trial registration available, and reported as stated</p>",Low risk,<p>see individual comments</p>
1,13,"GI side effects (any time point, no population subgrouping)",Flatulence,5,SUBGROUP_AND_OVERALL,Marks 2013 (FIRST),2013,,,,,9,141,,,7,141,,,100,1.2857142857142858,0.4924140058120437,3.3570556584062237,abdominal bloating also reported: 14/141 vs 7/141,Low risk,"<p>""Allocation will be through central randomization by computer off-site... Randomisation will be carried out by Trident Clinical Research Pty Ltd. The sequence of allocation of carbonyl iron or placebo to donors will be ascertained via a computerised randomisation program. Donors will be assigned a numbered packet sequentially on enrolment""</p>",Low risk,"<p>Described as double-blind placebo-controlled. Assume to be participants and carers<br><br>""All analyses were performed on the intention-to-treat population. The safety population comprised all study participants enrolled in this study receiving a dose of the investigational product or placebo.""</p>",Low risk,<p>none noted</p>,High risk,"<p>Participants asked to complete daily diary for adverse events and compliance. Investigators phoned at weeks 1,4,8,12 to collate information. Symptom diary, as opposed to standardised questionnaires<br><br>Described as double blind, unclear if outcome assessors were blinded<br>&nbsp;</p>",Some concerns,"<p>Trial protocol identified, though limited in detail</p>",High risk,<p>see individual comments</p>
1,13,"GI side effects (any time point, no population subgrouping)",Heartburn/acid reflux/epigastric pain,6,SUBGROUP_AND_OVERALL,Dara 2017,2017,,,,,6,72,,,2,71,,,9.40974089780403,2.958333333333334,0.6177054155120414,14.168138875480704,heartburn,Some concerns,<p>No information regarding randomisation process.<br><br>Some imbalance in blood tests and number of previous donations. This seems to influence the outcomes as they have attempted to perform a post-hoc subgroup analysis</p>,Low risk,"<p>Described as placebo controlled, single blind, assumed to be participants.<br><br>mITT appears to have been used - including those who returned to donate at visit 3 (first donation since commencement of treatment)</p>",High risk,"<p>Only 64 and 62 per group by visit 3 (from 98 and 102)<br>Proportions missing are balanced between groups. Withdrawals explained for some, others just ""did not show up""<br>&nbsp;</p>",High risk,<p>Side effects not clearly defined.<br><br>Adverse event reporting done through interview with an outcome assessor aware of assignment. It is possible that some interviewers held un/conscious bias in their recording.</p>,Some concerns,<p>No protocol or trial registration identified<br>&nbsp;</p>,High risk,<p>see individual comments</p>
1,13,"GI side effects (any time point, no population subgrouping)",Heartburn/acid reflux/epigastric pain,6,SUBGROUP_AND_OVERALL,Gordeuk 1990,1990,,,,,6,40,,,2,36,,,9.789944564186529,2.7,0.5813508566955009,12.53975962371093,epigastric pain also reported in 3/40 vs 4/36,Some concerns,<p>Randomisation process not described<br>lacking baseline demographic data</p>,High risk,<p>Double blind placebo-controlled. Expectation that participants and carers were blinded<br><br>unclear analysis (PP or mITT) - analysed all those who returned for 56 day follow up</p>,High risk,"<p>99 randomised (50 vs 49), only 40 and 36 used in analysis of side effects (10 and 13 missing)</p>",Low risk,"<p>standardised form provided to be completed by the participants in the moment, no issues with recall.<br>Described as double blind (likely participants and carers, not outcome assessors).<br><br>Unlikely to influence reporting by participants as they recorded side effects away from assessors</p>",Some concerns,<p>No protocol or trial registration identified</p>,High risk,<p>see individual comments</p>
1,13,"GI side effects (any time point, no population subgrouping)",Heartburn/acid reflux/epigastric pain,6,SUBGROUP_AND_OVERALL,Marks 2013 (FIRST),2013,,,,,2,141,,,1,141,,,4.044874868265929,2,0.18342818955983037,21.806898981005784,acid reflux,Low risk,"<p>""Allocation will be through central randomization by computer off-site... Randomisation will be carried out by Trident Clinical Research Pty Ltd. The sequence of allocation of carbonyl iron or placebo to donors will be ascertained via a computerised randomisation program. Donors will be assigned a numbered packet sequentially on enrolment""</p>",Low risk,"<p>Described as double-blind placebo-controlled. Assume to be participants and carers<br><br>""All analyses were performed on the intention-to-treat population. The safety population comprised all study participants enrolled in this study receiving a dose of the investigational product or placebo.""</p>",Low risk,<p>none noted</p>,High risk,"<p>Participants asked to complete daily diary for adverse events and compliance. Investigators phoned at weeks 1,4,8,12 to collate information. Symptom diary, as opposed to standardised questionnaires<br><br>Described as double blind, unclear if outcome assessors were blinded<br>&nbsp;</p>",Some concerns,"<p>Trial protocol identified, though limited in detail</p>",High risk,<p>see individual comments</p>
1,13,"GI side effects (any time point, no population subgrouping)",Heartburn/acid reflux/epigastric pain,6,SUBGROUP_AND_OVERALL,Mirrezaie 2008,2008,,,,,5,49,,,3,46,,,12.23556393272037,1.564625850340136,0.39614004214537835,6.1797692510321625,heartburn,Some concerns,"<p>Randomisation not described beyond ""random block design""<br>Demographics appear well balanced</p>",Low risk,"<p>Use of a ""similar"" placebo pill.<br><br>Described as a double blind, placebo controlled trial. Likely participants and carers<br><br>Appear to use ITT for the safety set - analysing everyone who was randomised.</p>",Low risk,"<p>Large dropout (iron lost 10/49, placebo lost 15/46). More ""voluntary withdrawals"" and ""loss to follow up"" in placebo group, with no further explanation. However, everyone included in adverse event data<br>&nbsp;</p>",High risk,"<p>Participants were phoned on day 7 to ask about ""complications"", then again at visit 1 (day 28) and visit 2 (day 56). No information on whether there was a standard form, whether there was a script, or whether it was participant led reporting.<br><br>Described as double blind, unclear if this includes outcome assessors.<br>&nbsp;</p>",Some concerns,<p>No protocol or trial registration identified.</p>,High risk,<p>see individual comments</p>
1,13,"GI side effects (any time point, no population subgrouping)",Heartburn/acid reflux/epigastric pain,6,SUBGROUP_AND_OVERALL,Rybo 1971,1971,,,,,40,920,,,14,456,,,64.51987573702314,1.4161490683229814,0.7786101113048544,2.5757155662300795,epigastric pain,Some concerns,<p>Randomisation not described.<br><br>No baseline data reported</p>,High risk,"<p>Coded bottle received: ""iron tablets for donors""<br><br>Analysed those who returned the questionnaire (mITT), but unclear</p>",Low risk,<p>Received completed questionnaire from 84.7% of people<br>&nbsp;</p>,High risk,"<p>Questionnaire sent out to be completed in private, and in the moment<br><br>interpretation of the returned surveys may be open to bias if aware of allocation</p>",Some concerns,<p>No protocol or trial registration identified</p>,High risk,<p>see individual comments</p>
1,13,"GI side effects (any time point, no population subgrouping)",Nausea,7,SUBGROUP_AND_OVERALL,Dara 2017,2017,,,,,9,72,,,0,71,,,1.5333379105507878,18.73972602739726,1.1112941456156302,316.00754216820474,,Some concerns,<p>No information regarding randomisation process.<br><br>Some imbalance in blood tests and number of previous donations. This seems to influence the outcomes as they have attempted to perform a post-hoc subgroup analysis</p>,Low risk,"<p>Described as placebo controlled, single blind, assumed to be participants.<br><br>mITT appears to have been used - including those who returned to donate at visit 3 (first donation since commencement of treatment)</p>",High risk,"<p>Only 64 and 62 per group by visit 3 (from 98 and 102)<br>Proportions missing are balanced between groups. Withdrawals explained for some, others just ""did not show up""<br>&nbsp;</p>",High risk,<p>Side effects not clearly defined.<br><br>Adverse event reporting done through interview with an outcome assessor aware of assignment. It is possible that some interviewers held un/conscious bias in their recording.</p>,Some concerns,<p>No protocol or trial registration identified<br>&nbsp;</p>,High risk,<p>see individual comments</p>
1,13,"GI side effects (any time point, no population subgrouping)",Nausea,7,SUBGROUP_AND_OVERALL,Gordeuk 1990,1990,,,,,4,40,,,3,36,,,6.004609299717087,1.2,0.2878541346093152,5.002533668499895,,Some concerns,<p>Randomisation process not described<br>lacking baseline demographic data</p>,High risk,<p>Double blind placebo-controlled. Expectation that participants and carers were blinded<br><br>unclear analysis (PP or mITT) - analysed all those who returned for 56 day follow up</p>,High risk,"<p>99 randomised (50 vs 49), only 40 and 36 used in analysis of side effects (10 and 13 missing)</p>",Low risk,"<p>standardised form provided to be completed by the participants in the moment, no issues with recall.<br>Described as double blind (likely participants and carers, not outcome assessors).<br><br>Unlikely to influence reporting by participants as they recorded side effects away from assessors</p>",Some concerns,<p>No protocol or trial registration identified</p>,High risk,<p>see individual comments</p>
1,13,"GI side effects (any time point, no population subgrouping)",Nausea,7,SUBGROUP_AND_OVERALL,Maghsudlu 2008,2008,,,,,15,122,,,10,119,,,21.229102027665867,1.4631147540983607,0.6847566977039226,3.1262268639917874,at visit 3: nausea and vomiting,Some concerns,"<p>Randomisation process not described<br>No obvious baseline imbalance for number of previous donations, but does not report age, sex.</p>",Some concerns,"<p>Not explicitly stated, but use of placebo in identical packets to iron intervention, suggests participants were blinded. Unclear for carers.<br><br>mITT, those who were able to donate remained in the study until the next stage. No protocol violations<br>&nbsp;</p>",High risk,"<p>Some withdrawals explained (deferral and pregnancy), many just did not return to donate - these people were excluded from the analysis<br><br>no info on reason for dropout given</p>",High risk,"<p>Unclear how side effect data was collected. Authors mention reporting side effects at every visit, but was there a standard form to complete? who completed it? was there an issue with long recall by the participants, or were they recording daily symptoms?<br><br>Unclear whether outcome assessors were blinded (not mentioned).&nbsp;<br>&nbsp;</p>",Some concerns,<p>No protocol or trial registration identified</p>,High risk,<p>see individual comments</p>
1,13,"GI side effects (any time point, no population subgrouping)",Nausea,7,SUBGROUP_AND_OVERALL,Marks 2013 (FIRST),2013,,,,,11,141,,,6,141,,,13.089120408811548,1.8333333333333333,0.6971137075643183,4.821467537705823,vomiting also reported in 5/141 vs 3/141,Low risk,"<p>""Allocation will be through central randomization by computer off-site... Randomisation will be carried out by Trident Clinical Research Pty Ltd. The sequence of allocation of carbonyl iron or placebo to donors will be ascertained via a computerised randomisation program. Donors will be assigned a numbered packet sequentially on enrolment""</p>",Low risk,"<p>Described as double-blind placebo-controlled. Assume to be participants and carers<br><br>""All analyses were performed on the intention-to-treat population. The safety population comprised all study participants enrolled in this study receiving a dose of the investigational product or placebo.""</p>",Low risk,<p>none noted</p>,High risk,"<p>Participants asked to complete daily diary for adverse events and compliance. Investigators phoned at weeks 1,4,8,12 to collate information. Symptom diary, as opposed to standardised questionnaires<br><br>Described as double blind, unclear if outcome assessors were blinded<br>&nbsp;</p>",Some concerns,"<p>Trial protocol identified, though limited in detail</p>",High risk,<p>see individual comments</p>
1,13,"GI side effects (any time point, no population subgrouping)",Nausea,7,SUBGROUP_AND_OVERALL,Mirrezaie 2008,2008,,,,,17,49,,,9,46,,,24.930315106419947,1.7732426303854876,0.8800069798348319,3.57314146168092,,Some concerns,"<p>Randomisation not described beyond ""random block design""<br>Demographics appear well balanced</p>",Low risk,"<p>Use of a ""similar"" placebo pill.<br><br>Described as a double blind, placebo controlled trial. Likely participants and carers<br><br>Appear to use ITT for the safety set - analysing everyone who was randomised.</p>",Low risk,"<p>Large dropout (iron lost 10/49, placebo lost 15/46). More ""voluntary withdrawals"" and ""loss to follow up"" in placebo group, with no further explanation. However, everyone included in adverse event data<br>&nbsp;</p>",High risk,"<p>Participants were phoned on day 7 to ask about ""complications"", then again at visit 1 (day 28) and visit 2 (day 56). No information on whether there was a standard form, whether there was a script, or whether it was participant led reporting.<br><br>Described as double blind, unclear if this includes outcome assessors.<br>&nbsp;</p>",Some concerns,<p>No protocol or trial registration identified.</p>,High risk,<p>see individual comments</p>
1,13,"GI side effects (any time point, no population subgrouping)",Nausea,7,SUBGROUP_AND_OVERALL,Rybo 1971,1971,,,,,38,920,,,13,456,,,31.870878421447312,1.4488294314381271,0.7796487395906166,2.6923749309253555,,Some concerns,<p>Randomisation not described.<br><br>No baseline data reported</p>,High risk,"<p>Coded bottle received: ""iron tablets for donors""<br><br>Analysed those who returned the questionnaire (mITT), but unclear</p>",Low risk,<p>Received completed questionnaire from 84.7% of people<br>&nbsp;</p>,High risk,"<p>Questionnaire sent out to be completed in private, and in the moment<br><br>interpretation of the returned surveys may be open to bias if aware of allocation</p>",Some concerns,<p>No protocol or trial registration identified</p>,High risk,<p>see individual comments</p>
1,13,"GI side effects (any time point, no population subgrouping)",Nausea,7,SUBGROUP_AND_OVERALL,Waldvogel 2012,2012,,,,,2,74,,,0,71,,,1.3426368253874539,4.8,0.2344581887827494,98.26912047567264,,Low risk,"<p>""simple random allocation sequence without restriction was generated by<br><br>an independent pharmacy according to a pre-established computer-generated list. Each drug package was identified with a unique number according to the randomization schedule and given to the nurse in charge of the participant.<br><br>The code was held by the pharmacist and remained unbroken until the end of the trial. The allocation remained concealed from participants, care providers, investigators and the statistician until the end of the statistical analysis.""<br><br>&nbsp;</p>",Low risk,"<p>Quadruple blinded (participants, personnel, outcome assessors, statistical analysis)<br><br>mITT - ""Missing data from dropouts were not replaced and only donors who were followed-up after four weeks’ treatment were included in the analysis.""<br>&nbsp;</p>",Low risk,<p>Very small number of dropouts. All explained and unrelated to trial</p>,Low risk,"<p>No information on how and when adverse events were reported. However, results in trial registration mentions that information was collected systematically ""Indicates events were collected by systematic assessment"".<br><br>Fully masked study<br>&nbsp;</p>",Low risk,"<p>Protocol and trial registration available, and reported as stated</p>",Low risk,<p>see individual comments</p>
1,13,"GI side effects (any time point, no population subgrouping)",Other GI symptoms,8,SUBGROUP_AND_OVERALL,Marks 2013 (FIRST),2013,,,,,48,141,,,31,141,,,100,1.5483870967741935,1.0519164612432719,2.27917585643938,darkened bowel motions; rectal bleeding also reported by one per group,Low risk,"<p>""Allocation will be through central randomization by computer off-site... Randomisation will be carried out by Trident Clinical Research Pty Ltd. The sequence of allocation of carbonyl iron or placebo to donors will be ascertained via a computerised randomisation program. Donors will be assigned a numbered packet sequentially on enrolment""</p>",Low risk,"<p>Described as double-blind placebo-controlled. Assume to be participants and carers<br><br>""All analyses were performed on the intention-to-treat population. The safety population comprised all study participants enrolled in this study receiving a dose of the investigational product or placebo.""</p>",Low risk,<p>none noted</p>,High risk,"<p>Participants asked to complete daily diary for adverse events and compliance. Investigators phoned at weeks 1,4,8,12 to collate information. Symptom diary, as opposed to standardised questionnaires<br><br>Described as double blind, unclear if outcome assessors were blinded<br>&nbsp;</p>",Some concerns,"<p>Trial protocol identified, though limited in detail</p>",High risk,<p>see individual comments</p>
2,1,Deferrals,Female,1,SUBGROUP_AND_OVERALL,Cable 1988,1988,,,,,21,50,,,29,56,,,31.259689795265754,0.8110344827586207,0.5370244394822176,1.2248547437761896,According to American Red Cross Guideline 1985,Some concerns,"<p>No information on randomisation process.<br>Largely balanced in baseline characteristics (age, weight, previous donations, Hb, Hct, transferrin saturation)</p>",High risk,"<p>Not stated that it was blinded, but use of a placebo suggests it was.<br>per-protocol analysis excluded participants who had poorer compliance<br><br>&nbsp;</p>",Low risk,"<p>Large number of people in both groups withdrew prior to visit 2 (first donation/sampling since commencement of treatment).<br>Withdrawals explained (table 1). Some study exclusions were due to poor compliance which may have been due to side effects, however reasonably balanced between groups. Imbalance with regards to medical withdrawal higher in placebo group.</p>",Low risk,"<p>Not explicitly stated, but deferral likely due to standard guidelines (American Red Cross 1985)</p>",Some concerns,<p>No protocol or trial registration identified</p>,High risk,<p>see individual comments</p>
2,1,Deferrals,Female,1,SUBGROUP_AND_OVERALL,Maghsudlu 2008,2008,,,,,6,155,,,8,152,,,22.928078027368045,0.7354838709677419,0.26137134070653506,2.0696091736433027,threshold: Hb 12.5g/dL,Some concerns,"<p>Randomisation process not described<br>No obvious baseline imbalance for number of previous donations, but does not report age, sex.</p>",Low risk,<p>nothing noted</p>,High risk,"<p>Some withdrawals explained (deferral and pregnancy), many just did not return to donate - these people were excluded from the analysis.<br>Loss to follow up is evenly balanced between groups at each visit, but no info on reason for dropout given</p>",High risk,"<p>Unclear whether they used Hb test to establish deferral, or the same initial screening process. If using objectively measure Hb, this would be low risk, if using visual inspection of a colour scale, this may be prone to bias by those assessing whether to defer or not: ""All donors were determined to be healthy based on their history and Hb concentrations as evaluated by Hb colour scale, a screening method where a drop of blood is placed on a test strip provided by the manufacturer. The colour on the test strip is compared with a colour scale card after 30 seconds and Hb values are determined""</p>",Some concerns,<p>No protocol or trial registration identified</p>,High risk,<p>see individual comments</p>
2,1,Deferrals,Female,1,SUBGROUP_AND_OVERALL,Radtke 2004a,2004,,,,,1,101,,,6,40,,,11.638013028387318,0.06600660066006599,0.008204291158055354,0.531047868336516,threshold: Hb 12.5g/dL,Some concerns,"<p>Randomisation process not reported beyond ""block randomisation of variable length""<br>Baseline bloods (visit 0) reported for each subgroup, and sex have been analysed separately. No information on age and previous donations etc</p>",Some concerns,"<p>Described as double blind, placebo controlled. Not explicitly stated who was blinded (carer or outcome assessor, etc).<br>Planned to analyse as ITT, where participants attended for at least one follow up.</p>",High risk,"<p>Large dropout from initial randomisation. Appear to be evenly distributed. Reasons for dropout are given for most, but 15-20% just listed as ""unknown""</p>",Low risk,<p>Deferrals based on Hb assessment (12.5 or 13.5g/dl depending on sex)</p>,Some concerns,<p>No protocol or trial registration identified.</p>,High risk,<p>see individual comments</p>
2,1,Deferrals,Male,2,SUBGROUP_AND_OVERALL,Radtke 2004a,2004,,,,,0,115,,,1,47,,,6.227136373915844,0.13793103448275862,0.005719439871468584,3.3263694874020766,threshold: Hb 13.5g/dL,Some concerns,"<p>Randomisation process not reported beyond ""block randomisation of variable length""<br>Baseline bloods (visit 0) reported for each subgroup, and sex have been analysed separately. No information on age and previous donations etc</p>",Some concerns,"<p>Described as double blind, placebo controlled. Not explicitly stated who was blinded (carer or outcome assessor, etc).<br>Planned to analyse as ITT, where participants attended for at least one follow up.</p>",High risk,"<p>Large dropout from initial randomisation. Appear to be evenly distributed. Reasons for dropout are given for most, but 15-20% just listed as ""unknown""</p>",Low risk,<p>Deferrals based on Hb assessment (12.5 or 13.5g/dl depending on sex)</p>,Some concerns,<p>No protocol or trial registration identified.</p>,High risk,<p>see individual comments</p>
2,1,Deferrals,Male,2,SUBGROUP_AND_OVERALL,Radtke 2004b,2004,,,,,9,112,,,36,108,,,27.947082775063027,0.24107142857142858,0.12201713098757352,0.47628913418221563,threshold Hb 14g/dL,Low risk,"<p>""Sample-size calculation, block randomization with variable block length, and statistical analysis were performed with software (Stata for Windows, Stata Corp., College Station, TX)."" Variable block size suggests adequate allocation concealment.<br>No baseline characteristics given per group - this would be mostly fine for a crossover study, where both periods are analysed, as they would essentially self-control, but we are using only period 1 (up to visit 3, where they crossover).</p>",Some concerns,"<p>Described as a double blind, placebo-controlled study using ""identical capsules"".<br>Assumed to be participants and carers, but not clearly stated.<br>For the crossover design, authors used ITT ""Longitudinal multivariate analysis<br>was performed as intent-to-treat-analysis separately for both treatment groups using a linear regression model""<br>For our data: mITT, all those completing each visit, excluding withdrawals.</p>",High risk,"<p>Dropouts at each visit (1-3) amounted to 23/131 (18% iron group) and 26/129 (20% placebo group). Relatively similar. Explanations not given for each visit, or per period, just dropouts for entire study by group (to include both iron and placebo periods), so cannot determine whether dropouts may be related to iron intervention or not.</p>",Low risk,<p>Clear cut off given based on Hb level (Hb&lt;14g/dl)</p>,Some concerns,<p>No protocol or trial registration identified</p>,High risk,<p>see individual comments</p>
2,2,Hb (g/L),Female,1,SUBGROUP_AND_OVERALL,Cable 1988,1988,,,132,7.07,,50,128,7.48,,56,,,26.534476948913937,4,1.229015502412738,6.770984497587262,,Some concerns,"<p>No information on randomisation process.<br>Largely balanced in baseline characteristics (age, weight, previous donations, Hb, Hct, transferrin saturation)</p>",,,,,,,,,,
2,2,Hb (g/L),Female,1,SUBGROUP_AND_OVERALL,Maghsudlu 2008,2008,,,122.1,9.19,,132,128,8.76,,120,,,26.899571553281774,-5.900000000000006,-8.116838784178839,-3.683161215821172,,Some concerns,"<p>Randomisation process not described<br>No obvious baseline imbalance for number of previous donations, but does not report age, sex.</p>",,,,,,,,,,
2,2,Hb (g/L),Female,1,SUBGROUP_AND_OVERALL,Simon 1984,1984,,,141.5,9.304,,44,131,8.7,,19,,,24.69350253368183,10.5,5.718709215802157,15.281290784197843,Data extracted from visual approximation of graphs,Low risk,"<p>""randomly assigned to one of three groups by pulling a card with an A. B, or C on it from an envelope in which the cards had been placed in random order. The donor was then given a bottle of medication marked either A. B. or C according to the card pulled. The bottles were filled in the pharmacy of the University of New Mexico Hospital according to their code.""<br><br>Demographics reported in detail. Only significant difference is in prior iron supplementation (much lower in iron/vitC group). Unlikely to impact outcomes if ceased prior to randomisation</p>",,,,,,,,,,
2,2,Hb (g/L),Male,2,SUBGROUP_AND_OVERALL,Pachikian 2020,2020,,,144.5,9.724,,22,148,9.95,,11,,,21.872448964122448,-3.5,-10.647350781099522,3.6473507810995214,,Some concerns,<p>Randomisation process not described.<br><br>Baseline comparison data for iron stores (table 1) show no significant differences between groups. Age and fitness level data in trial registry show no differences</p>,,,,,,,,,,
2,3,Serum ferritin (ng/mL),Female,1,SUBGROUP_AND_OVERALL,Cable 1988,1988,,,26,14.142,,50,13,7.483,,56,,,27.287858756756233,13,8.617457789818037,17.382542210181963,,Some concerns,"<p>No information on randomisation process.<br>Largely balanced in baseline characteristics (age, weight, previous donations, Hb, Hct, transferrin saturation)</p>",,,,,,,,,,
2,3,Serum ferritin (ng/mL),Female,1,SUBGROUP_AND_OVERALL,Maghsudlu 2008,2008,,,22.14,14.821,,132,18.81,16.541,,120,,,28.52047690168156,3.330000000000002,-0.5624634948005425,7.222463494800547,,Some concerns,"<p>Randomisation process not described<br>No obvious baseline imbalance for number of previous donations, but does not report age, sex.</p>",,,,,,,,,,
2,3,Serum ferritin (ng/mL),Female,1,SUBGROUP_AND_OVERALL,Radtke 2004a,2004,,,27.9584,22.7855,,101,15.1,12.3,,40,,,23.511973862578508,12.858400000000001,7.003834286954036,18.712965713045968,,Some concerns,"<p>Randomisation process not reported beyond ""block randomisation of variable length""<br>Baseline bloods (visit 0) reported for each subgroup, and sex have been analysed separately. No information on age and previous donations etc</p>",,,,,,,,,,
2,3,Serum ferritin (ng/mL),Male,2,SUBGROUP_AND_OVERALL,Pachikian 2020,2020,,,55.24,41.2446,,22,41.3,31.475,,11,,,3.5680522032457156,13.940000000000005,-11.417489706652294,39.2974897066523,plasma ferritin,Some concerns,<p>Randomisation process not described.<br><br>Baseline comparison data for iron stores (table 1) show no significant differences between groups. Age and fitness level data in trial registry show no differences</p>,,,,,,,,,,
2,3,Serum ferritin (ng/mL),Male,2,SUBGROUP_AND_OVERALL,Radtke 2004a,2004,,,30.2,27.4364,,115,24.9,24.7,,47,,,17.11163827573799,5.300000000000001,-3.360810741152207,13.960810741152208,,Some concerns,"<p>Randomisation process not reported beyond ""block randomisation of variable length""<br>Baseline bloods (visit 0) reported for each subgroup, and sex have been analysed separately. No information on age and previous donations etc</p>",,,,,,,,,,
2,4,Serum ferritin (ng/mL) – reported as geometric mean,Female,1,SUBGROUP_AND_OVERALL,Simon 1984,1984,2.166667,0.2097,,,,22,,,,9,,,49.568973525313524,8.729141273433404,5.787280849058115,13.16644368208946,iron vs ascorbic acid; all data extracted by visual approximation from graphs (control group split),Low risk,"<p>""randomly assigned to one of three groups by pulling a card with an A. B, or C on it from an envelope in which the cards had been placed in random order. The donor was then given a bottle of medication marked either A. B. or C according to the card pulled. The bottles were filled in the pharmacy of the University of New Mexico Hospital according to their code.""<br><br>Demographics reported in detail. Only significant difference is in prior iron supplementation (much lower in iron/vitC group). Unlikely to impact outcomes if ceased prior to randomisation</p>",,,,,,,,,,
2,4,Serum ferritin (ng/mL) – reported as geometric mean,Female,1,SUBGROUP_AND_OVERALL,Simon 1984,1984,1.916667,0.2079,,,,22,,,,10,,,50.43102647468649,6.798262059290856,4.523067832475243,10.217924810891395,iron+ascorbic acid vs ascorbic acid; all data extracted by visual approximation from graphs (control group split),Low risk,"<p>""randomly assigned to one of three groups by pulling a card with an A. B, or C on it from an envelope in which the cards had been placed in random order. The donor was then given a bottle of medication marked either A. B. or C according to the card pulled. The bottles were filled in the pharmacy of the University of New Mexico Hospital according to their code.""<br><br>Demographics reported in detail. Only significant difference is in prior iron supplementation (much lower in iron/vitC group). Unlikely to impact outcomes if ceased prior to randomisation</p>",,,,,,,,,,
2,5,MCV (fl),Male,1,SUBGROUP_AND_OVERALL,Pachikian 2020,2020,,,85,2.8015,,22,84.6,3.317,,11,,,100,0.4000000000000057,-1.8831450685492603,2.6831450685492717,,Some concerns,<p>Randomisation process not described.<br><br>Baseline comparison data for iron stores (table 1) show no significant differences between groups. Age and fitness level data in trial registry show no differences</p>,,,,,,,,,,
2,6,Serum iron (μg/dL),Female,1,SUBGROUP_AND_OVERALL,Maghsudlu 2008,2008,,,78.72,25.736,,132,69.97,27.057,,120,,,97.71507879891797,8.75,2.214639121628683,15.285360878371318,,Some concerns,"<p>Randomisation process not described<br>No obvious baseline imbalance for number of previous donations, but does not report age, sex.</p>",,,,,,,,,,
2,6,Serum iron (μg/dL),Male,2,SUBGROUP_AND_OVERALL,Pachikian 2020,2020,,,104.5,40.7519,,22,107,66.332,,11,,,2.2849212010820414,-2.5,-45.23805500169952,40.23805500169952,"NR as serum or plasma iron (just ""iron"")",Some concerns,<p>Randomisation process not described.<br><br>Baseline comparison data for iron stores (table 1) show no significant differences between groups. Age and fitness level data in trial registry show no differences</p>,,,,,,,,,,
2,7,TIBC (μg/dL),Female,1,SUBGROUP_AND_OVERALL,Maghsudlu 2008,2008,,,371.4,65.948,,132,396.47,75.367,,120,,,65.27777057977238,-25.07000000000005,-42.631418708502935,-7.508581291497169,,Some concerns,"<p>Randomisation process not described<br>No obvious baseline imbalance for number of previous donations, but does not report age, sex.</p>",,,,,,,,,,
2,7,TIBC (μg/dL),Female,1,SUBGROUP_AND_OVERALL,Simon 1984,1984,,,345,46.4503,,44,385,44,,19,,,34.72222942022761,-40,-64.07900036832069,-15.920999631679301,All blood data extracted from visual approximation of graphs,Low risk,"<p>""randomly assigned to one of three groups by pulling a card with an A. B, or C on it from an envelope in which the cards had been placed in random order. The donor was then given a bottle of medication marked either A. B. or C according to the card pulled. The bottles were filled in the pharmacy of the University of New Mexico Hospital according to their code.""<br><br>Demographics reported in detail. Only significant difference is in prior iron supplementation (much lower in iron/vitC group). Unlikely to impact outcomes if ceased prior to randomisation</p>",,,,,,,,,,
2,8,Transferrin saturation (%),Female,1,SUBGROUP_AND_OVERALL,Cable 1988,1988,,,36,21.213,,50,22,14.967,,56,,,44.69470577273783,14,6.933242452592137,21.066757547407864,,Some concerns,"<p>No information on randomisation process.<br>Largely balanced in baseline characteristics (age, weight, previous donations, Hb, Hct, transferrin saturation)</p>",,,,,,,,,,
2,8,Transferrin saturation (%),Female,1,SUBGROUP_AND_OVERALL,Maghsudlu 2008,2008,,,22.5,10.455,,132,18.88,9.421,,120,,,55.30529422726218,3.620000000000001,1.1659634379582213,6.074036562041781,,Some concerns,"<p>Randomisation process not described<br>No obvious baseline imbalance for number of previous donations, but does not report age, sex.</p>",,,,,,,,,,
2,9,Adverse events,Female,1,SUBGROUP_AND_OVERALL,Maghsudlu 2008,2008,,,,,28,156,,,9,158,,,100,3.150997150997151,1.5372945300127332,6.458608192348101,number of pts reporting any side effects,Some concerns,"<p>Randomisation process not described<br>No obvious baseline imbalance for number of previous donations, but does not report age, sex.</p>",,,,,,,,,,
3,1,Deferrals,Female,1,SUBGROUP_AND_OVERALL,Cable 1988,1988,,,,,25,46,,,22,45,,,31.148478811991904,1.1116600790513833,0.7457328842868973,1.6571458190934452,According to American Red Cross Guideline 1985,Some concerns,"<p>No information on randomisation process.<br>Largely balanced in baseline characteristics (age, weight, previous donations, Hb, Hct, transferrin saturation)</p>",High risk,"<p>Not stated that it was blinded, but use of a placebo suggests it was.<br>per-protocol analysis excluded participants who had poorer compliance</p>",Low risk,"<p>Large number of people in both groups withdrew prior to visit 2 (first donation/sampling since commencement of treatment)<br>Withdrawals explained (table 1). Some study exclusions were due to poor compliance which may have been due to side effects, however reasonably balanced between groups. Imbalance with regards to medical withdrawal higher in placebo group.</p>",Low risk,"<p>Not explicitly stated, but deferral likely due to standard guidelines (American Red Cross 1985)</p>",Some concerns,<p>No protocol or trial registration identified</p>,High risk,<p>see individual comments</p>
3,1,Deferrals,Female,1,SUBGROUP_AND_OVERALL,Maghsudlu 2008,2008,,,,,3,132,,,6,120,,,20.997841231379653,0.45454545454545453,0.11623578956978442,1.7775211147328307,threshold: Hb 12.5g/dL,Some concerns,"<p>Randomisation process not described<br>No obvious baseline imbalance for number of previous donations, but does not report age, sex.</p>",Low risk,<p>nothing noted</p>,High risk,"<p>Some withdrawals explained (deferral and pregnancy), many just did not return to donate - these people were excluded from the analysis.<br>Loss to follow up is evenly balanced between groups at each visit, but no info on reason for dropout given</p>",High risk,"<p>Unclear whether they used Hb test to establish deferral, or the same initial screening process. If using objectively measure Hb, this would be low risk, if using visual inspection of a colour scale, this may be prone to bias by those assessing whether to defer or not: ""All donors were determined to be healthy based on their history and Hb concentrations as evaluated by Hb colour scale, a screening method where a drop of blood is placed on a test strip provided by the manufacturer. The colour on the test strip is compared with a colour scale card after 30 seconds and Hb values are determined""</p>",Some concerns,<p>No protocol or trial registration identified</p>,High risk,<p>see individual comments</p>
3,1,Deferrals,Male,2,SUBGROUP_AND_OVERALL,Radtke 2004a,2004,,,,,2,108,,,4,40,,,17.938274285010536,0.1851851851851852,0.03527583384169938,0.9721542789311219,threshold: Hb 13.5g/dL,Some concerns,"<p>Randomisation process not reported beyond ""block randomisation of variable length""<br>Baseline bloods (visit 0) reported for each subgroup, and sex have been analysed separately. No information on age and previous donations etc</p>",Some concerns,"<p>Described as double blind, placebo controlled. Not explicitly stated who was blinded (carer or outcome assessor, etc).<br>Planned to analyse as ITT, where participants attended for at least one follow up.</p>",High risk,"<p>Large dropout from initial randomisation. Appear to be evenly distributed. Reasons for dropout are given for most, but 15-20% just listed as ""unknown""</p>",Low risk,<p>Deferrals based on Hb assessment (12.5 or 13.5g/dl depending on sex)</p>,Some concerns,<p>No protocol or trial registration identified.</p>,High risk,<p>see individual comments</p>
3,1,Deferrals,Male,2,SUBGROUP_AND_OVERALL,Radtke 2004b,2004,,,,,13,108,,,47,103,,,29.91540567161791,0.2637903861308117,0.15193635987232723,0.45799022612833157,threshold: Hb 14g/dL,Low risk,"<p>""Sample-size calculation, block randomization with variable block length, and statistical analysis were performed with software (Stata for Windows, Stata Corp., College Station, TX)."" Variable block size suggests adequate allocation concealment.<br>No baseline characteristics given per group - this would be mostly fine for a crossover study, where both periods are analysed, as they would essentially self-control, but we are using only period 1 (up to visit 3, where they crossover).</p>",Some concerns,"<p>Described as a double blind, placebo-controlled study using ""identical capsules"".<br>Assumed to be participants and carers, but not clearly stated.<br>For the crossover design, authors used ITT ""Longitudinal multivariate analysis was performed as intent-to-treat-analysis separately for both treatment groups using a linear regression model""<br>For our data: mITT, all those completing each visit, excluding withdrawals.</p>",High risk,"<p>Dropouts at each visit (1-3) amounted to 23/131 (18% iron group) and 26/129 (20% placebo group). Relatively similar. Explanations not given for each visit, or per period, just dropouts for entire study by group (to include both iron and placebo periods), so cannot determine whether dropouts may be related to iron intervention or not.</p>",Low risk,<p>Clear cut off given based on Hb level (Hb&lt;14g/dl)</p>,Some concerns,<p>No protocol or trial registration identified</p>,High risk,<p>see individual comments</p>
3,2,Hb (g/L),Female,1,SUBGROUP_AND_OVERALL,Cable 1988,1988,,,134,6.78,,46,129,6.71,,45,,,18.73126293603494,5,2.2282972668752437,7.771702733124757,,Some concerns,"<p>No information on randomisation process.<br>Largely balanced in baseline characteristics (age, weight, previous donations, Hb, Hct, transferrin saturation)</p>",,,,,,,,,,
3,2,Hb (g/L),Female,1,SUBGROUP_AND_OVERALL,Maghsudlu 2008,2008,,,131,9.19,,132,127.3,8.76,,120,,,19.284805814581464,3.700000000000003,1.4831612158211693,5.916838784178836,,Some concerns,"<p>Randomisation process not described<br>No obvious baseline imbalance for number of previous donations, but does not report age, sex.</p>",,,,,,,,,,
3,2,Hb (g/L),Female,1,SUBGROUP_AND_OVERALL,Mast 2016 (STRIDE),2012,,,135.072,10.376,,69,133,10.204,,25,,,16.310736080376987,2.0720000000000027,-2.6176718266223986,6.761671826622404,,Low risk,"<p>""The lists were generated using standard block randomization methods,<br><br>implemented with computer software (nQuery Advisor, 2014, Statistical Solutions, Boston, MA). The randomized numbers from the algorithm correspond to one of the five study arms. While they appeared to be random numbers, they coded for the group assignment. Each of the five study arms had three to four codes so that patterns could not be identified by investigators, coordinators, and staff at study sites""<br><br>Uneven medical de-enrolment from study, appears that placebo group are ""healthier"" suggest some baseline imbalance. Bias in favour of placebo (reduced effect size of iron)</p>",,,,,,,,,,
3,2,Hb (g/L),Female,1,SUBGROUP_AND_OVERALL,Simon 1984,1984,,,142,9.345,,44,127,8.7,,19,,,16.17425446178758,15,10.211733463307837,19.788266536692163,Data extracted from visual approximation of graphs,Low risk,"<p>""randomly assigned to one of three groups by pulling a card with an A. B, or C on it from an envelope in which the cards had been placed in random order. The donor was then given a bottle of medication marked either A. B. or C according to the card pulled. The bottles were filled in the pharmacy of the University of New Mexico Hospital according to their code.""<br><br>Demographics reported in detail. Only significant difference is in prior iron supplementation (much lower in iron/vitC group). Unlikely to impact outcomes if ceased prior to randomisation</p>",,,,,,,,,,
3,2,Hb (g/L),Male,2,SUBGROUP_AND_OVERALL,Mast 2016 (STRIDE),2012,,,148.143,10.628,,63,143,10.406,,26,,,16.180213383877657,5.143000000000001,0.3590301821817059,9.926969817818296,,Low risk,"<p>""The lists were generated using standard block randomization methods,<br><br>implemented with computer software (nQuery Advisor, 2014, Statistical Solutions, Boston, MA). The randomized numbers from the algorithm correspond to one of the five study arms. While they appeared to be random numbers, they coded for the group assignment. Each of the five study arms had three to four codes so that patterns could not be identified by investigators, coordinators, and staff at study sites""<br><br>Uneven medical de-enrolment from study, appears that placebo group are ""healthier"" suggest some baseline imbalance. Bias in favour of placebo (reduced effect size of iron)</p>",,,,,,,,,,
3,2,Hb (g/L),Male,2,SUBGROUP_AND_OVERALL,Pachikian 2020,2020,,,142.5,8.392,,22,145,9.95,,11,,,13.318727323341365,-2.5,-9.346250938113307,4.3462509381133065,,Some concerns,<p>Randomisation process not described.<br><br>Baseline comparison data for iron stores (table 1) show no significant differences between groups. Age and fitness level data in trial registry show no differences</p>,,,,,,,,,,
3,3,Ferritin (ng/mL),Female,1,SUBGROUP_AND_OVERALL,Cable 1988,1988,,,30,20.347,,46,18,13.416,,45,,,24.869024203232488,12,4.933313040623777,19.066686959376224,serum ferritin,Some concerns,"<p>No information on randomisation process.<br>Largely balanced in baseline characteristics (age, weight, previous donations, Hb, Hct, transferrin saturation)</p>",,,,,,,,,,
3,3,Ferritin (ng/mL),Female,1,SUBGROUP_AND_OVERALL,Maghsudlu 2008,2008,,,26.04,19.072,,132,19.02,18.294,,120,,,58.30813014149015,7.02,2.404904751660829,11.63509524833917,serum ferritin,Some concerns,"<p>Randomisation process not described<br>No obvious baseline imbalance for number of previous donations, but does not report age, sex.</p>",,,,,,,,,,
3,3,Ferritin (ng/mL),Male,2,SUBGROUP_AND_OVERALL,Pachikian 2020,2020,,,33.39,16.6882,,22,28.34,29.982,,11,,,3.4254621804416034,5.050000000000001,-13.990819554911901,24.090819554911903,plasma ferritin,Some concerns,<p>Randomisation process not described.<br><br>Baseline comparison data for iron stores (table 1) show no significant differences between groups. Age and fitness level data in trial registry show no differences</p>,,,,,,,,,,
3,3,Ferritin (ng/mL),Male,2,SUBGROUP_AND_OVERALL,Radtke 2004a,2004,,,29.1,23.7543,,108,21.4,27.5,,40,,,13.397383474835738,7.700000000000003,-1.9279811566702385,17.327981156670244,plasma ferritin,Some concerns,"<p>Randomisation process not reported beyond ""block randomisation of variable length""<br>Baseline bloods (visit 0) reported for each subgroup, and sex have been analysed separately. No information on age and previous donations etc</p>",,,,,,,,,,
3,4,Ferritin (ng/mL) – reported as geometric mean,Female,1,SUBGROUP_AND_OVERALL,Mast 2016 (STRIDE),2012,1.4078,0.2565,,,,36,,,,14,,,16.784042900341397,4.086954207129338,2.4721030805198483,6.756674033050334,plasma ferritin: high dose (38mg) vs placebo (control group split),Low risk,"<p>""The lists were generated using standard block randomization methods,<br><br>implemented with computer software (nQuery Advisor, 2014, Statistical Solutions, Boston, MA). The randomized numbers from the algorithm correspond to one of the five study arms. While they appeared to be random numbers, they coded for the group assignment. Each of the five study arms had three to four codes so that patterns could not be identified by investigators, coordinators, and staff at study sites""<br><br>Uneven medical de-enrolment from study, appears that placebo group are ""healthier"" suggest some baseline imbalance. Bias in favour of placebo (reduced effect size of iron)</p>",,,,,,,,,,
3,4,Ferritin (ng/mL) – reported as geometric mean,Female,1,SUBGROUP_AND_OVERALL,Mast 2016 (STRIDE),2012,1.514,0.2687,,,,29,,,,13,,,16.430465277200774,4.5448739796713165,2.6841327492113907,7.6955506381575844,plasma ferritin: low dose (19mg) vs placebo (control group split),Low risk,"<p>""The lists were generated using standard block randomization methods,<br><br>implemented with computer software (nQuery Advisor, 2014, Statistical Solutions, Boston, MA). The randomized numbers from the algorithm correspond to one of the five study arms. While they appeared to be random numbers, they coded for the group assignment. Each of the five study arms had three to four codes so that patterns could not be identified by investigators, coordinators, and staff at study sites""<br><br>Uneven medical de-enrolment from study, appears that placebo group are ""healthier"" suggest some baseline imbalance. Bias in favour of placebo (reduced effect size of iron)</p>",,,,,,,,,,
3,4,Ferritin (ng/mL) – reported as geometric mean,Female,1,SUBGROUP_AND_OVERALL,Simon 1984,1984,2.4,0.2465,,,,22,,,,10,,,17.072455572471625,11.023176380641601,6.79963461609287,17.870139261770483,serum ferritin: iron+ascorbic acid vs ascorbic acid; all data extracted by visual approximation from graphs,Low risk,"<p>""randomly assigned to one of three groups by pulling a card with an A. B, or C on it from an envelope in which the cards had been placed in random order. The donor was then given a bottle of medication marked either A. B. or C according to the card pulled. The bottles were filled in the pharmacy of the University of New Mexico Hospital according to their code.""<br><br>Demographics reported in detail. Only significant difference is in prior iron supplementation (much lower in iron/vitC group). Unlikely to impact outcomes if ceased prior to randomisation</p>",,,,,,,,,,
3,4,Ferritin (ng/mL) – reported as geometric mean,Female,1,SUBGROUP_AND_OVERALL,Simon 1984,1984,2.8,0.2478,,,,22,,,,9,,,17.035059379959492,16.444646771097048,10.118049666968027,26.72712788799627,serum ferritin: iron vs ascorbic acid; all data extracted by visual approximation from graphs,Low risk,"<p>""randomly assigned to one of three groups by pulling a card with an A. B, or C on it from an envelope in which the cards had been placed in random order. The donor was then given a bottle of medication marked either A. B. or C according to the card pulled. The bottles were filled in the pharmacy of the University of New Mexico Hospital according to their code.""<br><br>Demographics reported in detail. Only significant difference is in prior iron supplementation (much lower in iron/vitC group). Unlikely to impact outcomes if ceased prior to randomisation</p>",,,,,,,,,,
3,4,Ferritin (ng/mL) – reported as geometric mean,Male,2,SUBGROUP_AND_OVERALL,Mast 2016 (STRIDE),2012,2.2796,0.2698,,,,39,,,,12,,,16.398528806330045,9.77277051939525,5.7592180885130375,16.58333512586597,plasma ferritin: high dose (38mg) vs placebo (control group split),Low risk,"<p>""The lists were generated using standard block randomization methods,<br><br>implemented with computer software (nQuery Advisor, 2014, Statistical Solutions, Boston, MA). The randomized numbers from the algorithm correspond to one of the five study arms. While they appeared to be random numbers, they coded for the group assignment. Each of the five study arms had three to four codes so that patterns could not be identified by investigators, coordinators, and staff at study sites""<br><br>Uneven medical de-enrolment from study, appears that placebo group are ""healthier"" suggest some baseline imbalance. Bias in favour of placebo (reduced effect size of iron)</p>",,,,,,,,,,
3,4,Ferritin (ng/mL) – reported as geometric mean,Male,2,SUBGROUP_AND_OVERALL,Mast 2016 (STRIDE),2012,1.8602,0.2739,,,,32,,,,13,,,16.279448063696677,6.425021647266721,3.7560424553914085,10.990531565635402,plasma ferritin: low dose (19mg) vs placebo (control group split),Low risk,"<p>""The lists were generated using standard block randomization methods,<br><br>implemented with computer software (nQuery Advisor, 2014, Statistical Solutions, Boston, MA). The randomized numbers from the algorithm correspond to one of the five study arms. While they appeared to be random numbers, they coded for the group assignment. Each of the five study arms had three to four codes so that patterns could not be identified by investigators, coordinators, and staff at study sites""<br><br>Uneven medical de-enrolment from study, appears that placebo group are ""healthier"" suggest some baseline imbalance. Bias in favour of placebo (reduced effect size of iron)</p>",,,,,,,,,,
3,5,MCV (fl),Male,1,SUBGROUP_AND_OVERALL,Pachikian 2020,2020,,,87.75,2.4888,,22,86.9,3.648,,11,,,99.99999999999999,0.8499999999999943,-1.5435330316526938,3.2435330316526825,,Some concerns,<p>Randomisation process not described.<br><br>Baseline comparison data for iron stores (table 1) show no significant differences between groups. Age and fitness level data in trial registry show no differences</p>,,,,,,,,,,
3,6,Serum iron (μg/dL),Female,1,SUBGROUP_AND_OVERALL,Maghsudlu 2008,2008,,,77.86,27.689,,132,69.97,27.057,,120,,,94.84814486677772,7.890000000000001,1.1263166823003399,14.653683317699661,,Some concerns,"<p>Randomisation process not described<br>No obvious baseline imbalance for number of previous donations, but does not report age, sex.</p>",,,,,,,,,,
3,6,Serum iron (μg/dL),Male,2,SUBGROUP_AND_OVERALL,Pachikian 2020,2020,,,106.5,33.2487,,22,85,43.116,,11,,,5.151855133222301,21.5,-7.521233305420154,50.521233305420154,"NR whether serum or plasma iron (just ""iron"")",Some concerns,<p>Randomisation process not described.<br><br>Baseline comparison data for iron stores (table 1) show no significant differences between groups. Age and fitness level data in trial registry show no differences</p>,,,,,,,,,,
3,7,TIBC (μg/dL),Female,1,SUBGROUP_AND_OVERALL,Maghsudlu 2008,2008,,,370.22,58.709,,132,405.67,75.805,,120,,,67.10162475233034,-35.44999999999999,-52.310061729014734,-18.589938270985243,,Some concerns,"<p>Randomisation process not described<br>No obvious baseline imbalance for number of previous donations, but does not report age, sex.</p>",,,,,,,,,,
3,7,TIBC (μg/dL),Female,1,SUBGROUP_AND_OVERALL,Simon 1984,1984,,,340,46.4503,,44,390,44,,19,,,32.89837524766966,-50,-74.07900036832069,-25.9209996316793,data extracted from visual approximation from graphs,Low risk,"<p>""randomly assigned to one of three groups by pulling a card with an A. B, or C on it from an envelope in which the cards had been placed in random order. The donor was then given a bottle of medication marked either A. B. or C according to the card pulled. The bottles were filled in the pharmacy of the University of New Mexico Hospital according to their code.""<br><br>Demographics reported in detail. Only significant difference is in prior iron supplementation (much lower in iron/vitC group). Unlikely to impact outcomes if ceased prior to randomisation</p>",,,,,,,,,,
3,8,Transferrin saturation (%),Female,1,SUBGROUP_AND_OVERALL,Cable 1988,1988,,,30,13.565,,46,25,13.416,,45,,,13.79986401271576,5,-0.5436005179198578,10.543600517919858,,Some concerns,"<p>No information on randomisation process.<br>Largely balanced in baseline characteristics (age, weight, previous donations, Hb, Hct, transferrin saturation)</p>",,,,,,,,,,
3,8,Transferrin saturation (%),Female,1,SUBGROUP_AND_OVERALL,Maghsudlu 2008,2008,,,21.94,9.421,,132,17.13,8.544,,120,,,86.20013598728424,4.810000000000002,2.5919294552346974,7.028070544765307,,Some concerns,"<p>Randomisation process not described<br>No obvious baseline imbalance for number of previous donations, but does not report age, sex.</p>",,,,,,,,,,
3,9,Adverse events,Female,1,SUBGROUP_AND_OVERALL,Maghsudlu 2008,2008,,,,,22,122,,,10,119,,,30.15327846771858,2.1459016393442623,1.0618420490778093,4.336703231652636,number of pts reporting any side effects,Some concerns,"<p>Randomisation process not described<br>No obvious baseline imbalance for number of previous donations, but does not report age, sex.</p>",,,,,,,,,,
3,9,Adverse events,Male,2,SUBGROUP_AND_OVERALL,Pachikian 2020,2020,,,,,3,22,,,2,11,,,6.7214737176221995,0.75,0.14602866505893278,3.851983442928769,MedDRA v1: Non-serious AEs; Frequency threshold for reporting non-serious adverse events: 5%,Some concerns,<p>Randomisation process not described.<br><br>Baseline comparison data for iron stores (table 1) show no significant differences between groups. Age and fitness level data in trial registry show no differences</p>,,,,,,,,,,
3,9,Adverse events,Mixed,3,SUBGROUP_AND_OVERALL,Mast 2016 (STRIDE),2012,,,,,18,278,,,4,138,,,14.944027641824478,2.2338129496402876,0.7708177635695491,6.4735408676533615,number of pts reporting adverse events in first 60 days period,Low risk,"<p>""The lists were generated using standard block randomization methods,<br><br>implemented with computer software (nQuery Advisor, 2014, Statistical Solutions, Boston, MA). The randomized numbers from the algorithm correspond to one of the five study arms. While they appeared to be random numbers, they coded for the group assignment. Each of the five study arms had three to four codes so that patterns could not be identified by investigators, coordinators, and staff at study sites""<br><br>Uneven medical de-enrolment from study, appears that placebo group are ""healthier"" suggest some baseline imbalance. Bias in favour of placebo (reduced effect size of iron)</p>",,,,,,,,,,
3,9,Adverse events,Mixed,3,SUBGROUP_AND_OVERALL,Radtke 2004a,2004,,,,,42,351,,,19,175,,,48.18122017283475,1.1021142600089968,0.6613935044863772,1.8365100864703112,number of pts reporting any side effects,Some concerns,"<p>Randomisation process not reported beyond ""block randomisation of variable length""<br>Baseline bloods (visit 0) reported for each subgroup, and sex have been analysed separately. No information on age and previous donations etc</p>",,,,,,,,,,
3,10,Adherence (% tablets consumed),Female,1,SUBGROUP_AND_OVERALL,Cable 1988,1988,,,1.6,0.4,,46,1.5,0.7,,45,,,100,0.10000000000000009,-0.13492725292704327,0.33492725292704345,pills per day consumed (prescribed 2/day),Some concerns,"<p>No information on randomisation process.<br>Largely balanced in baseline characteristics (age, weight, previous donations, Hb, Hct, transferrin saturation)</p>",,,,,,,,,,
4,1,Deferrals,Healthy,1,SUBGROUP_AND_OVERALL,Gordeuk 1990,1990,,,,,3,38,,,12,33,,,11.997390450878578,0.21710526315789472,0.06697542646868015,0.7037610326064948,threshold: Hb 12.5g/dL,Some concerns,<p>Randomisation process not described<br>lacking baseline demographic data</p>,,,,,,,,,,
4,1,Deferrals,Healthy,1,SUBGROUP_AND_OVERALL,Kiss 2015 (REDS-III HEIRS),2015,,,,,0,55,,,3,53,,,4.44945820285124,0.13775510204081629,0.007286065085708923,2.60448787034536,Based on those not achieving Hb 12.5g/dL at 8 weeks (56 days),Low risk,"<p>""A stratified enrolment and randomization scheme was followed to ensure inclusion of participants with varying iron stores and a slight overrepresentation of women(60%female/40% male) and individuals 60 years and older (20%). Participants were assessed for iron status per protocol as iron depleted (“low ferritin,” ≤26 ng/mL) and iron-replete (“higher ferritin,” &gt;26 ng/mL) based on the ferritin measurement at enrolment""<br>""If the appropriate subgroup remained open, a centralized computer program randomized the participant to receive iron supplements or no iron""</p>",,,,,,,,,,
4,1,Deferrals,Healthy,1,SUBGROUP_AND_OVERALL,Maghsudlu 2008,2008,,,,,4,182,,,5,179,,,11.203955913563156,0.7868131868131868,0.2147546022264028,2.8827088431402714,threshold: Hb 12.5g/dL,Some concerns,"<p>Randomisation process not described<br>No obvious baseline imbalance for number of previous donations, but does not report age, sex.</p>",,,,,,,,,,
4,1,Deferrals,Healthy,1,SUBGROUP_AND_OVERALL,Marks 2013 (FIRST),2013,,,,,2,56,,,0,57,,,4.284147556631312,5.087719298245614,0.24971153603508486,103.65915835824248,threshold: Hb 12.5g/dL,Low risk,"<p>""Allocation will be through central randomization by computer off-site... Randomisation will be carried out by Trident Clinical Research Pty Ltd. The sequence of allocation of carbonyl iron or placebo to donors will be ascertained via a computerised randomisation program. Donors will be assigned a numbered packet sequentially on enrolment""</p>",,,,,,,,,,
4,1,Deferrals,Healthy,1,SUBGROUP_AND_OVERALL,Radtke 2004a,2004,,,,,5,276,,,8,118,,,12.527706666410182,0.26721014492753625,0.08927105675570032,0.7998254321957009,"threshold: Hb 12.5g/dL (female), 13.5g/dL (male)",Some concerns,"<p>Randomisation process not reported beyond ""block randomisation of variable length""<br>Baseline bloods (visit 0) reported for each subgroup, and sex have been analysed separately. No information on age and previous donations etc</p>",,,,,,,,,,
4,1,Deferrals,Healthy,1,SUBGROUP_AND_OVERALL,Radtke 2004b,2004,,,,,9,118,,,28,118,,,15.122791587426413,0.32142857142857145,0.1586081551504699,0.6513935329024989,threshold: Hb 14g/dL,Low risk,"<p>""Sample-size calculation, block randomization with variable block length, and statistical analysis were performed with software (Stata for Windows, Stata Corp., College Station, TX)."" Variable block size suggests adequate allocation concealment.<br>No baseline characteristics given per group - this would be mostly fine for a crossover study, where both periods are analysed, as they would essentially self-control, but we are using only period 1 (up to visit 3, where they crossover).</p>",,,,,,,,,,
4,1,Deferrals,"Low Hb or ferritin, IDA or NAID",2,SUBGROUP_AND_OVERALL,Cable 1988,1988,,,,,37,57,,,35,64,,,17.216438381464823,1.186967418546366,0.8850310003507134,1.5919122066145919,according to American Red Cross guidelines 1985,Some concerns,"<p>No information on randomisation process.<br>Largely balanced in baseline characteristics (age, weight, previous donations, Hb, Hct, transferrin saturation)</p>",,,,,,,,,,
4,1,Deferrals,"Low Hb or ferritin, IDA or NAID",2,SUBGROUP_AND_OVERALL,Kiss 2015 (REDS-III HEIRS),2015,,,,,11,51,,,23,48,,,15.763834570444624,0.45012787723785164,0.24685230501952174,0.8207948710490311,Based on those not achieving Hb 12.5g/dL at 8 weeks (56 days),Low risk,"<p>""A stratified enrolment and randomization scheme was followed to ensure inclusion of participants with varying iron stores and a slight overrepresentation of women(60%female/40% male) and individuals 60 years and older (20%). Participants were assessed for iron status per protocol as iron depleted (“low ferritin,” ≤26 ng/mL) and iron-replete (“higher ferritin,” &gt;26 ng/mL) based on the ferritin measurement at enrolment""<br>""If the appropriate subgroup remained open, a centralized computer program randomized the participant to receive iron supplements or no iron""</p>",,,,,,,,,,
4,1,Deferrals,"Low Hb or ferritin, IDA or NAID",2,SUBGROUP_AND_OVERALL,Marks 2013 (FIRST),2013,,,,,1,73,,,14,71,,,7.434276670329663,0.06947162426614481,0.009380559823233488,0.5145009113659451,threshold: Hb 12.5g/dL,Low risk,"<p>""Allocation will be through central randomization by computer off-site... Randomisation will be carried out by Trident Clinical Research Pty Ltd. The sequence of allocation of carbonyl iron or placebo to donors will be ascertained via a computerised randomisation program. Donors will be assigned a numbered packet sequentially on enrolment""</p>",,,,,,,,,,
4,2,Hb (g/L),Healthy,1,SUBGROUP_AND_OVERALL,Blot 1980,1980,,,146.2,14.056,,73,147.67,13.348,,70,,,6.139850481503224,-1.4699999999999989,-5.96158016326362,3.0215801632636223,,Some concerns,"<p>Translation from French to English. Randomisation process and allocation not mentioned.<br><br>Authors state there was no difference between those groups, though data not provided</p>",,,,,,,,,,
4,2,Hb (g/L),Healthy,1,SUBGROUP_AND_OVERALL,Bucher 1973,1973,,,129,5.519,,81,126,8,,38,,,7.657984532916948,3,0.18675040289152012,5.81324959710848,,Some concerns,"<p>No information on randomisation process other than ""according to the randomisation plan"" (translated from German)<br><br>Authors state no differences in groups according to age and sex distribution, and report age, Hb, plasma iron, and TIBC at baseline (but not sex per group)</p>",,,,,,,,,,
4,2,Hb (g/L),Healthy,1,SUBGROUP_AND_OVERALL,Dara 2017,2017,,,137,10,,64,128,8,,62,,,7.353471463316977,9,5.8428404768680595,12.157159523131941,,Some concerns,<p>No information regarding randomisation process.<br><br>Some imbalance in blood tests and number of previous donations. This seems to influence the outcomes as they have attempted to perform a post-hoc subgroup analysis</p>,,,,,,,,,,
4,2,Hb (g/L),Healthy,1,SUBGROUP_AND_OVERALL,Gordeuk 1987a,1987,,,125,6.472,,32,126,13.08,,19,,,4.671154438433205,-1,-7.294356324171087,5.294356324171087,,Some concerns,<p>Randomisation process not reported.<br><br>no baseline demographic information</p>,,,,,,,,,,
4,2,Hb (g/L),Healthy,1,SUBGROUP_AND_OVERALL,Gordeuk 1990,1990,,,131,8,,40,123,9,,36,,,6.725432630123443,8,4.154272960847015,11.845727039152985,,Some concerns,<p>Randomisation process not described<br>lacking baseline demographic data</p>,,,,,,,,,,
4,2,Hb (g/L),Healthy,1,SUBGROUP_AND_OVERALL,Kiss 2015 (REDS-III HEIRS),2015,,,143,10,,49,140,13,,49,,,6.050377950018562,3,-1.5922570653680594,7.592257065368059,,Low risk,"<p>""A stratified enrolment and randomization scheme was followed to ensure inclusion of participants with varying iron stores and a slight overrepresentation of women(60%female/40% male) and individuals 60 years and older (20%). Participants were assessed for iron status per protocol as iron depleted (“low ferritin,” ≤26 ng/mL) and iron-replete (“higher ferritin,” &gt;26 ng/mL) based on the ferritin measurement at enrolment""<br>""If the appropriate subgroup remained open, a centralized computer program randomized the participant to receive iron supplements or no iron""</p>",,,,,,,,,,
4,2,Hb (g/L),Healthy,1,SUBGROUP_AND_OVERALL,Linpisarn 1986,1986,,,151.9,12.2,,47,151.2,11.6,,51,,,5.935766513225948,0.700000000000017,-4.022350045847417,5.422350045847451,,Some concerns,"<p>Randomisation process not described<br><br>Some baseline blood data, no info on sex, age, etc</p>",,,,,,,,,,
4,2,Hb (g/L),Healthy,1,SUBGROUP_AND_OVERALL,Maghsudlu 2008,2008,,,132.9,9.19,,132,131.9,8.76,,120,,,8.151164594304017,1,-1.2168387841788335,3.2168387841788335,,Some concerns,"<p>Randomisation process not described<br>No obvious baseline imbalance for number of previous donations, but does not report age, sex.</p>",,,,,,,,,,
4,2,Hb (g/L),Healthy,1,SUBGROUP_AND_OVERALL,Marks 2013 (FIRST),2013,,,134.5,10.3,,56,133.5,8.6,,57,,,7.040642233658733,1,-2.5017092748733103,4.50170927487331,,Low risk,"<p>""Allocation will be through central randomization by computer off-site... Randomisation will be carried out by Trident Clinical Research Pty Ltd. The sequence of allocation of carbonyl iron or placebo to donors will be ascertained via a computerised randomisation program. Donors will be assigned a numbered packet sequentially on enrolment""</p>",,,,,,,,,,
4,2,Hb (g/L),Healthy,1,SUBGROUP_AND_OVERALL,Pachikian 2020,2020,,,150.4,7.107,,23,156,9.95,,11,,,4.48408724501229,-5.599999999999994,-12.15820768405667,0.9582076840566804,,Some concerns,<p>Randomisation process not described.<br><br>Baseline comparison data for iron stores (table 1) show no significant differences between groups. Age and fitness level data in trial registry show no differences</p>,,,,,,,,,,
4,2,Hb (g/L),Healthy,1,SUBGROUP_AND_OVERALL,Rosvik 2010,2010,,,135.961,10.246,,153,136.149,10.985,,161,,,8.04740520352534,-0.18799999999998818,-2.536403022851283,2.1604030228513067,,Some concerns,"<p>Randomisation process not described<br>Baseline blood data only given by sex, combining iron and no iron groups together.</p>",,,,,,,,,,
4,2,Hb (g/L),Healthy,1,SUBGROUP_AND_OVERALL,Simon 1984,1984,,,140.5,9.304,,44,134,8.7,,19,,,5.884240910658446,6.5,1.718709215802157,11.281290784197843,all blood data extracted by visual approximation from graphs,Low risk,"<p>""randomly assigned to one of three groups by pulling a card with an A. B, or C on it from an envelope in which the cards had been placed in random order. The donor was then given a bottle of medication marked either A. B. or C according to the card pulled. The bottles were filled in the pharmacy of the University of New Mexico Hospital according to their code.""<br><br>Demographics reported in detail. Only significant difference is in prior iron supplementation (much lower in iron/vitC group). Unlikely to impact outcomes if ceased prior to randomisation</p>",,,,,,,,,,
4,2,Hb (g/L),"Low Hb or ferritin, IDA or NAID",2,SUBGROUP_AND_OVERALL,Cable 1988,1988,,,133,7.55,,57,132,8,,64,,,7.6938735287327376,1,-1.7718380411604584,3.7718380411604584,,Some concerns,"<p>No information on randomisation process.<br>Largely balanced in baseline characteristics (age, weight, previous donations, Hb, Hct, transferrin saturation)</p>",,,,,,,,,,
4,2,Hb (g/L),"Low Hb or ferritin, IDA or NAID",2,SUBGROUP_AND_OVERALL,Kiss 2015 (REDS-III HEIRS),2015,,,140,11,,46,133,13,,48,,,5.814935159611078,7,2.138946290932382,11.861053709067619,,Low risk,"<p>""A stratified enrolment and randomization scheme was followed to ensure inclusion of participants with varying iron stores and a slight overrepresentation of women(60%female/40% male) and individuals 60 years and older (20%). Participants were assessed for iron status per protocol as iron depleted (“low ferritin,” ≤26 ng/mL) and iron-replete (“higher ferritin,” &gt;26 ng/mL) based on the ferritin measurement at enrolment""<br>""If the appropriate subgroup remained open, a centralized computer program randomized the participant to receive iron supplements or no iron""</p>",,,,,,,,,,
4,2,Hb (g/L),"Low Hb or ferritin, IDA or NAID",2,SUBGROUP_AND_OVERALL,Marks 2013 (FIRST),2013,,,134.4,8.4,,73,127.1,10.1,,71,,,7.459702780176237,7.300000000000011,4.261527371424405,10.338472628575618,,Low risk,"<p>""Allocation will be through central randomization by computer off-site... Randomisation will be carried out by Trident Clinical Research Pty Ltd. The sequence of allocation of carbonyl iron or placebo to donors will be ascertained via a computerised randomisation program. Donors will be assigned a numbered packet sequentially on enrolment""</p>",,,,,,,,,,
4,2,Hb (g/L),"Low Hb or ferritin, IDA or NAID",2,SUBGROUP_AND_OVERALL,Waldvogel 2012,2012,,,135,67,,74,130,53,,71,,,0.8899103347828172,5,-14.621730150009451,24.62173015000945,,Low risk,"<p>""simple random allocation sequence without restriction was generated by<br><br>an independent pharmacy according to a pre-established computer-generated list. Each drug package was identified with a unique number according to the randomization schedule and given to the nurse in charge of the participant.<br><br>The code was held by the pharmacist and remained unbroken until the end of the trial. The allocation remained concealed from participants, care providers, investigators and the statistician until the end of the statistical analysis.""<br><br>&nbsp;</p>",,,,,,,,,,
4,3,Ferritin (ng/mL),Healthy,1,SUBGROUP_AND_OVERALL,Dara 2017,2017,,,39.5,39.2,,64,26.4,26.1,,62,,,8.101608151183607,13.100000000000001,1.5051508982633113,24.694849101736693,serum ferritin,Some concerns,<p>No information regarding randomisation process.<br><br>Some imbalance in blood tests and number of previous donations. This seems to influence the outcomes as they have attempted to perform a post-hoc subgroup analysis</p>,,,,,,,,,,
4,3,Ferritin (ng/mL),Healthy,1,SUBGROUP_AND_OVERALL,Kiss 2015 (REDS-III HEIRS),2015,,,77.5,32.9,,49,50.9,35.2,,49,,,6.898942466332433,26.6,13.109448068581724,40.090551931418275,plasma ferritin,Low risk,"<p>""A stratified enrolment and randomization scheme was followed to ensure inclusion of participants with varying iron stores and a slight overrepresentation of women(60%female/40% male) and individuals 60 years and older (20%). Participants were assessed for iron status per protocol as iron depleted (“low ferritin,” ≤26 ng/mL) and iron-replete (“higher ferritin,” &gt;26 ng/mL) based on the ferritin measurement at enrolment""<br>""If the appropriate subgroup remained open, a centralized computer program randomized the participant to receive iron supplements or no iron""</p>",,,,,,,,,,
4,3,Ferritin (ng/mL),Healthy,1,SUBGROUP_AND_OVERALL,Maghsudlu 2008,2008,,,26.06,20.336,,132,19.47,17.198,,120,,,13.825431664646674,6.59,1.9528161214276638,11.227183878572337,serum ferritin,Some concerns,"<p>Randomisation process not described<br>No obvious baseline imbalance for number of previous donations, but does not report age, sex.</p>",,,,,,,,,,
4,3,Ferritin (ng/mL),Healthy,1,SUBGROUP_AND_OVERALL,Mirrezaie 2008,2008,,,31.7,13.4,,39,13.5,6.5,,31,,,13.703824352037556,18.2,13.412306711496765,22.987693288503234,serum ferritin,Some concerns,"<p>Randomisation not described beyond ""random block design""<br>Demographics appear well balanced</p>",,,,,,,,,,
4,3,Ferritin (ng/mL),Healthy,1,SUBGROUP_AND_OVERALL,Pachikian 2020,2020,,,57.7891,33.5399,,23,60.02,36.616,,11,,,2.7818504220062934,-2.2309000000000054,-27.84534648037584,23.38354648037583,plasma ferritin,Some concerns,<p>Randomisation process not described.<br><br>Baseline comparison data for iron stores (table 1) show no significant differences between groups. Age and fitness level data in trial registry show no differences</p>,,,,,,,,,,
4,3,Ferritin (ng/mL),Healthy,1,SUBGROUP_AND_OVERALL,Radtke 2004a,2004,,,29.579,25.8664,,276,23.5568,23.9179,,118,,,13.290630633241813,6.0222000000000016,0.7367670953839447,11.307632904616058,serum ferritin,Some concerns,"<p>Randomisation process not reported beyond ""block randomisation of variable length""<br>Baseline bloods (visit 0) reported for each subgroup, and sex have been analysed separately. No information on age and previous donations etc</p>",,,,,,,,,,
4,3,Ferritin (ng/mL),"Low Hb or ferritin, IDA or NAID",2,SUBGROUP_AND_OVERALL,Cable 1988,1988,,,23,15.1,,57,14,8,,64,,,14.026858559963232,9,4.61731040984938,13.382689590150619,serum ferritin,Some concerns,"<p>No information on randomisation process.<br>Largely balanced in baseline characteristics (age, weight, previous donations, Hb, Hct, transferrin saturation)</p>",,,,,,,,,,
4,3,Ferritin (ng/mL),"Low Hb or ferritin, IDA or NAID",2,SUBGROUP_AND_OVERALL,Kiss 2015 (REDS-III HEIRS),2015,,,38.6,20.2,,46,16,9.1,,48,,,12.342972818217294,22.6,16.22013113703248,28.97986886296752,plasma ferritin,Low risk,"<p>""A stratified enrolment and randomization scheme was followed to ensure inclusion of participants with varying iron stores and a slight overrepresentation of women(60%female/40% male) and individuals 60 years and older (20%). Participants were assessed for iron status per protocol as iron depleted (“low ferritin,” ≤26 ng/mL) and iron-replete (“higher ferritin,” &gt;26 ng/mL) based on the ferritin measurement at enrolment""<br>""If the appropriate subgroup remained open, a centralized computer program randomized the participant to receive iron supplements or no iron""</p>",,,,,,,,,,
4,3,Ferritin (ng/mL),"Low Hb or ferritin, IDA or NAID",2,SUBGROUP_AND_OVERALL,Waldvogel 2012,2012,,,28,9.8,,74,12.9,8.3,,71,,,15.027880932371104,15.1,12.148239886585918,18.05176011341408,serum ferritin,Low risk,"<p>""simple random allocation sequence without restriction was generated by<br><br>an independent pharmacy according to a pre-established computer-generated list. Each drug package was identified with a unique number according to the randomization schedule and given to the nurse in charge of the participant.<br><br>The code was held by the pharmacist and remained unbroken until the end of the trial. The allocation remained concealed from participants, care providers, investigators and the statistician until the end of the statistical analysis.""<br><br>&nbsp;</p>",,,,,,,,,,
4,4,Ferritin (ng/mL) – reported as geometric mean,Healthy,1,SUBGROUP_AND_OVERALL,Gordeuk 1987a,1987,1.2,0.182322,,,,32,,,,19,,,18.157341137125336,3.3201169227365472,2.3225261391990655,4.7462012136677165,,Some concerns,<p>Randomisation process not reported.<br><br>no baseline demographic information</p>,,,,,,,,,,
4,4,Ferritin (ng/mL) – reported as geometric mean,Healthy,1,SUBGROUP_AND_OVERALL,Marks 2013 (FIRST),2013,1.5033,0.1123,,,,56,,,,57,,,25.04357221820357,4.496503073932406,3.60815313519716,5.603570340918686,,Low risk,"<p>""Allocation will be through central randomization by computer off-site... Randomisation will be carried out by Trident Clinical Research Pty Ltd. The sequence of allocation of carbonyl iron or placebo to donors will be ascertained via a computerised randomisation program. Donors will be assigned a numbered packet sequentially on enrolment""</p>",,,,,,,,,,
4,4,Ferritin (ng/mL) – reported as geometric mean,Healthy,1,SUBGROUP_AND_OVERALL,Simon 1984,1984,1.4,0.2112,,,,22,,,,10,,,15.7688588469254,4.0551999668446745,2.680640092433382,6.134597038041473,iron+ascorbic acid vs ascorbic acid; all data extracted by visual approximation from graphs (control group split),Low risk,"<p>""randomly assigned to one of three groups by pulling a card with an A. B, or C on it from an envelope in which the cards had been placed in random order. The donor was then given a bottle of medication marked either A. B. or C according to the card pulled. The bottles were filled in the pharmacy of the University of New Mexico Hospital according to their code.""<br><br>Demographics reported in detail. Only significant difference is in prior iron supplementation (much lower in iron/vitC group). Unlikely to impact outcomes if ceased prior to randomisation</p>",,,,,,,,,,
4,4,Ferritin (ng/mL) – reported as geometric mean,Healthy,1,SUBGROUP_AND_OVERALL,Simon 1984,1984,1.6,0.2244,,,,22,,,,9,,,14.784821606245224,4.953032424395115,3.1905205390468843,7.689193627456805,iron vs ascorbic acid; all data extracted by visual approximation from graphs (control group split),Low risk,"<p>""randomly assigned to one of three groups by pulling a card with an A. B, or C on it from an envelope in which the cards had been placed in random order. The donor was then given a bottle of medication marked either A. B. or C according to the card pulled. The bottles were filled in the pharmacy of the University of New Mexico Hospital according to their code.""<br><br>Demographics reported in detail. Only significant difference is in prior iron supplementation (much lower in iron/vitC group). Unlikely to impact outcomes if ceased prior to randomisation</p>",,,,,,,,,,
4,4,Ferritin (ng/mL) – reported as geometric mean,"Low Hb or ferritin, IDA or NAID",2,SUBGROUP_AND_OVERALL,Marks 2013 (FIRST),2013,1.8406,0.1006,,,,73,,,,71,,,26.245406191500457,6.300317317586869,5.172869808266957,7.6734964871624145,,Low risk,"<p>""Allocation will be through central randomization by computer off-site... Randomisation will be carried out by Trident Clinical Research Pty Ltd. The sequence of allocation of carbonyl iron or placebo to donors will be ascertained via a computerised randomisation program. Donors will be assigned a numbered packet sequentially on enrolment""</p>",,,,,,,,,,
4,5,MCV (fl),Healthy,1,SUBGROUP_AND_OVERALL,Blot 1980,1980,,,89.9329,5.047,,73,89.4357,4.8985,,70,,,30.201961049359255,0.4972000000000065,-1.1329014709443093,2.1273014709443223,,Some concerns,"<p>Translation from French to English. Randomisation process and allocation not mentioned.<br><br>Authors state there was no difference between those groups, though data not provided</p>",,,,,,,,,,
4,5,MCV (fl),Healthy,1,SUBGROUP_AND_OVERALL,Dara 2017,2017,,,87.1,5.2,,64,87.4,7.3,,62,,,16.29576490745302,-0.30000000000001137,-2.5191917824161023,1.9191917824160796,,Some concerns,<p>No information regarding randomisation process.<br><br>Some imbalance in blood tests and number of previous donations. This seems to influence the outcomes as they have attempted to perform a post-hoc subgroup analysis</p>,,,,,,,,,,
4,5,MCV (fl),Healthy,1,SUBGROUP_AND_OVERALL,Gordeuk 1987a,1987,,,88.5313,3.9756,,32,88,4.359,,19,,,13.9838843734288,0.5313000000000017,-1.864322032991924,2.926922032991927,,Some concerns,<p>Randomisation process not reported.<br><br>no baseline demographic information</p>,,,,,,,,,,
4,5,MCV (fl),Healthy,1,SUBGROUP_AND_OVERALL,Gordeuk 1990,1990,,,89,5,,40,87,4,,36,,,19.53484685885233,2,-0.026876117169828184,4.026876117169828,,Some concerns,<p>Randomisation process not described<br>lacking baseline demographic data</p>,,,,,,,,,,
4,5,MCV (fl),Healthy,1,SUBGROUP_AND_OVERALL,Pachikian 2020,2020,,,86.7565,2.3269,,23,87.1,2.985,,11,,,19.9835428109066,-0.3434999999999917,-2.347491929768269,1.6604919297682854,,Some concerns,<p>Randomisation process not described.<br><br>Baseline comparison data for iron stores (table 1) show no significant differences between groups. Age and fitness level data in trial registry show no differences</p>,,,,,,,,,,
4,6,Serum/plasma iron (μg/dL),Healthy,1,SUBGROUP_AND_OVERALL,Blot 1980,1980,,,115.2822,34.9131,,73,118.1154,39.511,,70,,,21.381509955306,-2.833199999999991,-15.073061051301762,9.40666105130178,serum iron,Some concerns,"<p>Translation from French to English. Randomisation process and allocation not mentioned.<br><br>Authors state there was no difference between those groups, though data not provided</p>",,,,,,,,,,
4,6,Serum/plasma iron (μg/dL),Healthy,1,SUBGROUP_AND_OVERALL,Bucher 1973,1973,,,101.1235,40.7128,,81,78,34,,38,,,18.796825410306337,23.123500000000007,9.142428076592319,37.1045719234077,plasma iron,Some concerns,"<p>No information on randomisation process other than ""according to the randomisation plan"" (translated from German)<br><br>Authors state no differences in groups according to age and sex distribution, and report age, Hb, plasma iron, and TIBC at baseline (but not sex per group)</p>",,,,,,,,,,
4,6,Serum/plasma iron (μg/dL),Healthy,1,SUBGROUP_AND_OVERALL,Gordeuk 1987a,1987,,,90.0938,41.8311,,32,80,34.871,,19,,,11.125206127842446,10.093800000000002,-11.25828062097428,31.445880620974282,serum iron,Some concerns,<p>Randomisation process not reported.<br><br>no baseline demographic information</p>,,,,,,,,,,
4,6,Serum/plasma iron (μg/dL),Healthy,1,SUBGROUP_AND_OVERALL,Gordeuk 1990,1990,,,76,24,,40,73,25,,36,,,23.335717473828023,3,-8.045768440123304,14.045768440123304,serum iron,Some concerns,<p>Randomisation process not described<br>lacking baseline demographic data</p>,,,,,,,,,,
4,6,Serum/plasma iron (μg/dL),Healthy,1,SUBGROUP_AND_OVERALL,Maghsudlu 2008,2008,,,87.71,43.659,,132,83.26,51.595,,120,,,21.98572896141123,4.449999999999989,-7.411250323819658,16.311250323819635,serum iron,Some concerns,"<p>Randomisation process not described<br>No obvious baseline imbalance for number of previous donations, but does not report age, sex.</p>",,,,,,,,,,
4,6,Serum/plasma iron (μg/dL),Healthy,1,SUBGROUP_AND_OVERALL,Pachikian 2020,2020,,,107.8696,47.9935,,23,108,66.332,,11,,,3.3750120713059655,-0.13039999999999452,-43.96269752390011,43.70189752390012,"NR whether serum or plasma iron (just ""iron"")",Some concerns,<p>Randomisation process not described.<br><br>Baseline comparison data for iron stores (table 1) show no significant differences between groups. Age and fitness level data in trial registry show no differences</p>,,,,,,,,,,
4,7,TIBC (μg/dL),Healthy,1,SUBGROUP_AND_OVERALL,Blot 1980,1980,,,325.44,200.53,,73,323.46,51.0878,,70,,,6.461776031373034,1.9800000000000182,-45.552191875171374,49.51219187517141,,Some concerns,"<p>Translation from French to English. Randomisation process and allocation not mentioned.<br><br>Authors state there was no difference between those groups, though data not provided</p>",,,,,,,,,,
4,7,TIBC (μg/dL),Healthy,1,SUBGROUP_AND_OVERALL,Gordeuk 1987a,1987,,,395.53,58.856,,32,407,78.46,,19,,,8.792188687267593,-11.470000000000027,-52.21884394562663,29.278843945626576,,Some concerns,<p>Randomisation process not reported.<br><br>no baseline demographic information</p>,,,,,,,,,,
4,7,TIBC (μg/dL),Healthy,1,SUBGROUP_AND_OVERALL,Gordeuk 1990,1990,,,328,43,,40,371,55,,36,,,29.177253477919017,-43,-65.36874341831378,-20.631256581686216,,Some concerns,<p>Randomisation process not described<br>lacking baseline demographic data</p>,,,,,,,,,,
4,7,TIBC (μg/dL),Healthy,1,SUBGROUP_AND_OVERALL,Maghsudlu 2008,2008,,,369.73,78.011,,132,406.42,97.276,,120,,,30.413303058609,-36.69,-58.59947632761225,-14.780523672387744,,Some concerns,"<p>Randomisation process not described<br>No obvious baseline imbalance for number of previous donations, but does not report age, sex.</p>",,,,,,,,,,
4,7,TIBC (μg/dL),Healthy,1,SUBGROUP_AND_OVERALL,Simon 1984,1984,,,352.5,46.5191,,44,380,44,,19,,,25.155478744831367,-27.5,-51.59059345245558,-3.4094065475444246,all blood data extracted by visual approximation from graphs,Low risk,"<p>""randomly assigned to one of three groups by pulling a card with an A. B, or C on it from an envelope in which the cards had been placed in random order. The donor was then given a bottle of medication marked either A. B. or C according to the card pulled. The bottles were filled in the pharmacy of the University of New Mexico Hospital according to their code.""<br><br>Demographics reported in detail. Only significant difference is in prior iron supplementation (much lower in iron/vitC group). Unlikely to impact outcomes if ceased prior to randomisation</p>",,,,,,,,,,
4,8,Transferrin saturation (%),Healthy,1,SUBGROUP_AND_OVERALL,Blot 1980,1980,,,36.1315,12.6898,,73,37.3414,14.2751,,70,,,13.490781227416566,-1.2098999999999975,-5.643503845329781,3.223703845329786,,Some concerns,"<p>Translation from French to English. Randomisation process and allocation not mentioned.<br><br>Authors state there was no difference between those groups, though data not provided</p>",,,,,,,,,,
4,8,Transferrin saturation (%),Healthy,1,SUBGROUP_AND_OVERALL,Bucher 1973,1973,,,21.3123,7.9388,,81,16.7,6,,38,,,19.407283061695995,4.612300000000001,2.037762728911329,7.186837271088674,,Some concerns,"<p>No information on randomisation process other than ""according to the randomisation plan"" (translated from German)<br><br>Authors state no differences in groups according to age and sex distribution, and report age, Hb, plasma iron, and TIBC at baseline (but not sex per group)</p>",,,,,,,,,,
4,8,Transferrin saturation (%),Healthy,1,SUBGROUP_AND_OVERALL,Gordeuk 1987a,1987,,,22.9375,9.8535,,32,21,13.077,,19,,,8.318421286698397,1.9375,-4.861774533175665,8.736774533175666,,Some concerns,<p>Randomisation process not reported.<br><br>no baseline demographic information</p>,,,,,,,,,,
4,8,Transferrin saturation (%),Healthy,1,SUBGROUP_AND_OVERALL,Gordeuk 1990,1990,,,24,9,,40,20,7,,36,,,15.976526604173877,4,0.3933940614993485,7.6066059385006515,,Some concerns,<p>Randomisation process not described<br>lacking baseline demographic data</p>,,,,,,,,,,
4,8,Transferrin saturation (%),Healthy,1,SUBGROUP_AND_OVERALL,Linpisarn 1986,1986,,,31.7,14.59,,47,29.93,13.75,,51,,,10.536578955070542,1.7699999999999996,-3.8548631949013945,7.394863194901394,,Some concerns,"<p>Randomisation process not described<br><br>Some baseline blood data, no info on sex, age, etc</p>",,,,,,,,,,
4,8,Transferrin saturation (%),Healthy,1,SUBGROUP_AND_OVERALL,Maghsudlu 2008,2008,,,24.34,11.03,,132,20.8,11.612,,120,,,18.636425109037884,3.539999999999999,0.7369581956992888,6.343041804300709,,Some concerns,"<p>Randomisation process not described<br>No obvious baseline imbalance for number of previous donations, but does not report age, sex.</p>",,,,,,,,,,
4,8,Transferrin saturation (%),"Low Hb or ferritin, IDA or NAID",2,SUBGROUP_AND_OVERALL,Cable 1988,1988,,,31,15.1,,57,21,8,,64,,,13.633983755906733,10,5.61731040984938,14.382689590150619,,Some concerns,"<p>No information on randomisation process.<br>Largely balanced in baseline characteristics (age, weight, previous donations, Hb, Hct, transferrin saturation)</p>",,,,,,,,,,
4,9,Adverse events,Healthy,1,SUBGROUP_AND_OVERALL,Dara 2017,2017,,,,,22,72,,,6,71,,,10.300474375336169,3.615740740740741,1.5592863110355002,8.38433648248372,side effects in first month,Some concerns,<p>No information regarding randomisation process.<br><br>Some imbalance in blood tests and number of previous donations. This seems to influence the outcomes as they have attempted to perform a post-hoc subgroup analysis</p>,,,,,,,,,,
4,9,Adverse events,Healthy,1,SUBGROUP_AND_OVERALL,Gordeuk 1987a,1987,,,,,40,47,,,15,23,,,18.78721306876217,1.3049645390070923,0.946151395392575,1.7998519648744122,any adverse event,Some concerns,<p>Randomisation process not reported.<br><br>no baseline demographic information</p>,,,,,,,,,,
4,9,Adverse events,Healthy,1,SUBGROUP_AND_OVERALL,Kiss 2015 (REDS-III HEIRS),2015,,,,,1,57,,,0,54,,,1.2826918786013142,2.8448275862068964,0.11838937524231669,68.35954644307482,GI side effects causing discontinuation,Low risk,"<p>""A stratified enrolment and randomization scheme was followed to ensure inclusion of participants with varying iron stores and a slight overrepresentation of women(60%female/40% male) and individuals 60 years and older (20%). Participants were assessed for iron status per protocol as iron depleted (“low ferritin,” ≤26 ng/mL) and iron-replete (“higher ferritin,” &gt;26 ng/mL) based on the ferritin measurement at enrolment""<br>""If the appropriate subgroup remained open, a centralized computer program randomized the participant to receive iron supplements or no iron""</p>",,,,,,,,,,
4,9,Adverse events,Healthy,1,SUBGROUP_AND_OVERALL,Mackintosh 1988,1988,,,,,0,11,,,0,12,,,,,,,Gastrointestinal tract toxicity reflected in anorexia or nausea was specifically enquired for,Some concerns,"<p>Randomisation process not described: appears to be two separate randomisations (2 trials), though it may be randomisation with stratification (1 trial)<br><br>&nbsp;</p>",,,,,,,,,,
4,9,Adverse events,Healthy,1,SUBGROUP_AND_OVERALL,Maghsudlu 2008,2008,,,,,27,185,,,12,182,,,13.113997585897295,2.2135135135135133,1.1573132043525853,4.233635334047585,any side effects,Some concerns,"<p>Randomisation process not described<br>No obvious baseline imbalance for number of previous donations, but does not report age, sex.</p>",,,,,,,,,,
4,9,Adverse events,Healthy,1,SUBGROUP_AND_OVERALL,Rybo 1971,1971,,,,,219,920,,,75,456,,,20.080630669146675,1.447304347826087,1.141930738916443,1.8343405636176389,subjects with side effects,Some concerns,<p>Randomisation not described.<br><br>No baseline data reported</p>,,,,,,,,,,
4,9,Adverse events,"Low Hb or ferritin, IDA or NAID",2,SUBGROUP_AND_OVERALL,Kiss 2015 (REDS-III HEIRS),2015,,,,,1,51,,,0,50,,,1.2842611150372025,2.9423076923076925,0.12269907100864773,70.55615405273014,GI side effects causing discontinuation,Low risk,"<p>""A stratified enrolment and randomization scheme was followed to ensure inclusion of participants with varying iron stores and a slight overrepresentation of women(60%female/40% male) and individuals 60 years and older (20%). Participants were assessed for iron status per protocol as iron depleted (“low ferritin,” ≤26 ng/mL) and iron-replete (“higher ferritin,” &gt;26 ng/mL) based on the ferritin measurement at enrolment""<br>""If the appropriate subgroup remained open, a centralized computer program randomized the participant to receive iron supplements or no iron""</p>",,,,,,,,,,
4,9,Adverse events,"Low Hb or ferritin, IDA or NAID",2,SUBGROUP_AND_OVERALL,Mackintosh 1988,1988,,,,,0,11,,,0,12,,,,,,,Gastrointestinal tract toxicity reflected in anorexia or nausea was specifically enquired for,Some concerns,"<p>Randomisation process not described: appears to be two separate randomisations (2 trials), though it may be randomisation with stratification (1 trial)<br><br>&nbsp;</p>",,,,,,,,,,
4,9,Adverse events,"Low Hb or ferritin, IDA or NAID",2,SUBGROUP_AND_OVERALL,Waldvogel 2012,2012,,,,,29,74,,,11,71,,,13.699074699386864,2.5294840294840295,1.370389913812571,4.668955449047372,any adverse event,Low risk,"<p>""simple random allocation sequence without restriction was generated by<br><br>an independent pharmacy according to a pre-established computer-generated list. Each drug package was identified with a unique number according to the randomization schedule and given to the nurse in charge of the participant.<br><br>The code was held by the pharmacist and remained unbroken until the end of the trial. The allocation remained concealed from participants, care providers, investigators and the statistician until the end of the statistical analysis.""<br><br>&nbsp;</p>",,,,,,,,,,
4,9,Adverse events,Mixed,3,SUBGROUP_AND_OVERALL,Marks 2013 (FIRST),2013,,,,,116,141,,,114,141,,,21.4516566078323,1.0175438596491229,0.910626082213617,1.137014990601541,"gastrointestinal complaints in participants as determined by a self-administered diary,phonecall at weeks 1,4,8,12",Low risk,"<p>""Allocation will be through central randomization by computer off-site... Randomisation will be carried out by Trident Clinical Research Pty Ltd. The sequence of allocation of carbonyl iron or placebo to donors will be ascertained via a computerised randomisation program. Donors will be assigned a numbered packet sequentially on enrolment""</p>",,,,,,,,,,
4,10,Adherence (n/N),Healthy,1,SUBGROUP_AND_OVERALL,Gordeuk 1987a,1987,,,,,32,45,,,19,23,,,2.0722597262541336,0.8608187134502924,0.6609034011772801,1.1212059978905284,those completing study,Some concerns,<p>Randomisation process not reported.<br><br>no baseline demographic information</p>,,,,,,,,,,
4,10,Adherence (n/N),Healthy,1,SUBGROUP_AND_OVERALL,Gordeuk 1990,1990,,,,,14,50,,,16,49,,,0.4028634333472196,0.8575,0.4708984677484113,1.561496374188363,those returning who took all pills,Some concerns,<p>Randomisation process not described<br>lacking baseline demographic data</p>,,,,,,,,,,
4,10,Adherence (n/N),Healthy,1,SUBGROUP_AND_OVERALL,Mirrezaie 2008,2008,,,,,13,39,,,14,31,,,0.4165272212608347,0.7380952380952381,0.4093650062909009,1.3308039820866715,ingested &gt;/=50 tablets (90%),Some concerns,"<p>Randomisation not described beyond ""random block design""<br>Demographics appear well balanced</p>",,,,,,,,,,
4,10,Adherence (n/N),Healthy,1,SUBGROUP_AND_OVERALL,Rybo 1971,1971,,,,,662,781,,,352,385,,,79.54037755795507,0.927096670934699,0.8883814653365165,0.9674990652046328,postal questionnaire: self report discontinuation as non-compliant,Some concerns,<p>Randomisation not described.<br><br>No baseline data reported</p>,,,,,,,,,,
4,10,Adherence (n/N),Mixed,2,SUBGROUP_AND_OVERALL,Marks 2013 (FIRST),2013,,,,,121,141,,,124,141,,,17.56797206118276,0.9758064516129032,0.8911377821753426,1.0685196498850817,"administered diary, selfreported compliance and tablet counts (phone call at weeks 1,4,8,12)",Low risk,"<p>""Allocation will be through central randomization by computer off-site... Randomisation will be carried out by Trident Clinical Research Pty Ltd. The sequence of allocation of carbonyl iron or placebo to donors will be ascertained via a computerised randomisation program. Donors will be assigned a numbered packet sequentially on enrolment""</p>",,,,,,,,,,
4,11,Adherence (% tablets consumed),"Low Hb or ferritin, IDA or NAID",1,SUBGROUP_AND_OVERALL,Waldvogel 2012,2012,,,96,16.7,,74,96,14.2,,71,,,100,0,-5.038588171330985,5.038588171330985,% of days with correct dosing,Low risk,"<p>""simple random allocation sequence without restriction was generated by<br><br>an independent pharmacy according to a pre-established computer-generated list. Each drug package was identified with a unique number according to the randomization schedule and given to the nurse in charge of the participant.<br><br>The code was held by the pharmacist and remained unbroken until the end of the trial. The allocation remained concealed from participants, care providers, investigators and the statistician until the end of the statistical analysis.""<br><br>&nbsp;</p>",,,,,,,,,,
5,1,Deferrals,Healthy,1,SUBGROUP_AND_OVERALL,Maghsudlu 2008,2008,,,,,6,155,,,8,152,,,24.652716603092962,0.7354838709677419,0.26137134070653506,2.0696091736433027,threshold: Hb 12.5g/dL,Some concerns,"<p>Randomisation process not described<br>No obvious baseline imbalance for number of previous donations, but does not report age, sex.</p>",,,,,,,,,,
5,1,Deferrals,Healthy,1,SUBGROUP_AND_OVERALL,Radtke 2004a,2004,,,,,1,216,,,7,87,,,13.009442361525988,0.057539682539682536,0.007185163674364054,0.4607849197061583,threshold: Hb 13.5g/dL (male); 12.5g/dL (female),Some concerns,"<p>Randomisation process not reported beyond ""block randomisation of variable length""<br>Baseline bloods (visit 0) reported for each subgroup, and sex have been analysed separately. No information on age and previous donations etc</p>",,,,,,,,,,
5,1,Deferrals,Healthy,1,SUBGROUP_AND_OVERALL,Radtke 2004b,2004,,,,,9,112,,,36,108,,,29.583268197847,0.24107142857142858,0.12201713098757352,0.47628913418221563,threshold: Hb 14g/dL,Low risk,"<p>""Sample-size calculation, block randomization with variable block length, and statistical analysis were performed with software (Stata for Windows, Stata Corp., College Station, TX)."" Variable block size suggests adequate allocation concealment.<br>No baseline characteristics given per group - this would be mostly fine for a crossover study, where both periods are analysed, as they would essentially self-control, but we are using only period 1 (up to visit 3, where they crossover).</p>",,,,,,,,,,
5,1,Deferrals,"Low Hb or ferritin, IDA or NAID",2,SUBGROUP_AND_OVERALL,Cable 1988,1988,,,,,21,50,,,29,56,,,32.754572837534056,0.8110344827586207,0.5370244394822176,1.2248547437761896,according to American Red Cross guidelines 1985,Some concerns,"<p>No information on randomisation process.<br>Largely balanced in baseline characteristics (age, weight, previous donations, Hb, Hct, transferrin saturation)</p>",,,,,,,,,,
5,2,Hb (g/L),Healthy,1,SUBGROUP_AND_OVERALL,Maghsudlu 2008,2008,,,122.1,9.19,,132,128,8.76,,120,,,26.89957155328178,-5.900000000000006,-8.116838784178839,-3.683161215821172,,Some concerns,"<p>Randomisation process not described<br>No obvious baseline imbalance for number of previous donations, but does not report age, sex.</p>",,,,,,,,,,
5,2,Hb (g/L),Healthy,1,SUBGROUP_AND_OVERALL,Pachikian 2020,2020,,,144.5,9.724,,22,148,9.95,,11,,,21.872448964122455,-3.5,-10.647350781099522,3.6473507810995214,,Some concerns,<p>Randomisation process not described.<br><br>Baseline comparison data for iron stores (table 1) show no significant differences between groups. Age and fitness level data in trial registry show no differences</p>,,,,,,,,,,
5,2,Hb (g/L),Healthy,1,SUBGROUP_AND_OVERALL,Simon 1984,1984,,,141.5,9.304,,44,131,8.7,,19,,,24.693502533681837,10.5,5.718709215802157,15.281290784197843,all blood value extracted from visual approximation from graphs,Low risk,"<p>""randomly assigned to one of three groups by pulling a card with an A. B, or C on it from an envelope in which the cards had been placed in random order. The donor was then given a bottle of medication marked either A. B. or C according to the card pulled. The bottles were filled in the pharmacy of the University of New Mexico Hospital according to their code.""<br><br>Demographics reported in detail. Only significant difference is in prior iron supplementation (much lower in iron/vitC group). Unlikely to impact outcomes if ceased prior to randomisation</p>",,,,,,,,,,
5,2,Hb (g/L),"Low Hb or ferritin, IDA or NAID",2,SUBGROUP_AND_OVERALL,Cable 1988,1988,,,132,7.07,,50,128,7.48,,56,,,26.534476948913944,4,1.229015502412738,6.770984497587262,,Some concerns,"<p>No information on randomisation process.<br>Largely balanced in baseline characteristics (age, weight, previous donations, Hb, Hct, transferrin saturation)</p>",,,,,,,,,,
5,3,Serum ferritin (ng/mL),Healthy,1,SUBGROUP_AND_OVERALL,Maghsudlu 2008,2008,,,22.14,14.821,,132,18.81,16.541,,120,,,34.11632318142727,3.330000000000002,-0.5624634948005425,7.222463494800547,,Some concerns,"<p>Randomisation process not described<br>No obvious baseline imbalance for number of previous donations, but does not report age, sex.</p>",,,,,,,,,,
5,3,Serum ferritin (ng/mL),Healthy,1,SUBGROUP_AND_OVERALL,Pachikian 2020,2020,,,55.24,41.2446,,22,41.3,31.475,,11,,,4.14004011304899,13.940000000000005,-11.417489706652294,39.2974897066523,plasma ferritin,Some concerns,<p>Randomisation process not described.<br><br>Baseline comparison data for iron stores (table 1) show no significant differences between groups. Age and fitness level data in trial registry show no differences</p>,,,,,,,,,,
5,3,Serum ferritin (ng/mL),Healthy,1,SUBGROUP_AND_OVERALL,Radtke 2004a,2004,,,29.1518,25.3352,,216,20.3943,20.4711,,87,,,29.15158551754386,8.7575,3.287661839199675,14.227338160800326,,Some concerns,"<p>Randomisation process not reported beyond ""block randomisation of variable length""<br>Baseline bloods (visit 0) reported for each subgroup, and sex have been analysed separately. No information on age and previous donations etc</p>",,,,,,,,,,
5,3,Serum ferritin (ng/mL),"Low Hb or ferritin, IDA or NAID",2,SUBGROUP_AND_OVERALL,Cable 1988,1988,,,26,14.142,,50,13,7.483,,56,,,32.59205118797987,13,8.617457789818037,17.382542210181963,,Some concerns,"<p>No information on randomisation process.<br>Largely balanced in baseline characteristics (age, weight, previous donations, Hb, Hct, transferrin saturation)</p>",,,,,,,,,,
5,4,Ferritin (ng/mL) – reported as geometric mean,Healthy,1,SUBGROUP_AND_OVERALL,Simon 1984,1984,2.166667,0.2097,,,,22,,,,9,,,49.568973525313524,8.729141273433404,5.787280849058115,13.16644368208946,iron vs ascorbic acid; all data extracted by visual approximation from graphs (control group split),Low risk,"<p>""randomly assigned to one of three groups by pulling a card with an A. B, or C on it from an envelope in which the cards had been placed in random order. The donor was then given a bottle of medication marked either A. B. or C according to the card pulled. The bottles were filled in the pharmacy of the University of New Mexico Hospital according to their code.""<br><br>Demographics reported in detail. Only significant difference is in prior iron supplementation (much lower in iron/vitC group). Unlikely to impact outcomes if ceased prior to randomisation</p>",,,,,,,,,,
5,4,Ferritin (ng/mL) – reported as geometric mean,Healthy,1,SUBGROUP_AND_OVERALL,Simon 1984,1984,1.916667,0.2079,,,,22,,,,10,,,50.43102647468649,6.798262059290856,4.523067832475243,10.217924810891395,iron+ascorbic acid vs ascorbic acid; all data extracted by visual approximation from graphs (control group split),Low risk,"<p>""randomly assigned to one of three groups by pulling a card with an A. B, or C on it from an envelope in which the cards had been placed in random order. The donor was then given a bottle of medication marked either A. B. or C according to the card pulled. The bottles were filled in the pharmacy of the University of New Mexico Hospital according to their code.""<br><br>Demographics reported in detail. Only significant difference is in prior iron supplementation (much lower in iron/vitC group). Unlikely to impact outcomes if ceased prior to randomisation</p>",,,,,,,,,,
5,5,MCV (fl),Healthy,1,SUBGROUP_AND_OVERALL,Pachikian 2020,2020,,,85,2.8015,,22,84.6,3.317,,11,,,100,0.4000000000000057,-1.8831450685492603,2.6831450685492717,,Some concerns,<p>Randomisation process not described.<br><br>Baseline comparison data for iron stores (table 1) show no significant differences between groups. Age and fitness level data in trial registry show no differences</p>,,,,,,,,,,
5,6,Serum iron (μg/dL),Healthy,1,SUBGROUP_AND_OVERALL,Maghsudlu 2008,2008,,,78.72,25.736,,132,69.97,27.057,,120,,,97.71507879891797,8.75,2.214639121628683,15.285360878371318,,Some concerns,"<p>Randomisation process not described<br>No obvious baseline imbalance for number of previous donations, but does not report age, sex.</p>",,,,,,,,,,
5,6,Serum iron (μg/dL),Healthy,1,SUBGROUP_AND_OVERALL,Pachikian 2020,2020,,,104.5,40.7519,,22,107,66.332,,11,,,2.2849212010820414,-2.5,-45.23805500169952,40.23805500169952,"NR whether serum or plasma iron (just ""iron"")",Some concerns,<p>Randomisation process not described.<br><br>Baseline comparison data for iron stores (table 1) show no significant differences between groups. Age and fitness level data in trial registry show no differences</p>,,,,,,,,,,
5,7,TIBC (μg/dL),Healthy,1,SUBGROUP_AND_OVERALL,Maghsudlu 2008,2008,,,371.4,65.948,,132,396.47,75.367,,120,,,65.27777057977238,-25.07000000000005,-42.631418708502935,-7.508581291497169,,Some concerns,"<p>Randomisation process not described<br>No obvious baseline imbalance for number of previous donations, but does not report age, sex.</p>",,,,,,,,,,
5,7,TIBC (μg/dL),Healthy,1,SUBGROUP_AND_OVERALL,Simon 1984,1984,,,345,46.4503,,44,385,44,,19,,,34.72222942022761,-40,-64.07900036832069,-15.920999631679301,all blood data extracted from visual approximations of graphs,Low risk,"<p>""randomly assigned to one of three groups by pulling a card with an A. B, or C on it from an envelope in which the cards had been placed in random order. The donor was then given a bottle of medication marked either A. B. or C according to the card pulled. The bottles were filled in the pharmacy of the University of New Mexico Hospital according to their code.""<br><br>Demographics reported in detail. Only significant difference is in prior iron supplementation (much lower in iron/vitC group). Unlikely to impact outcomes if ceased prior to randomisation</p>",,,,,,,,,,
5,8,Transferrin saturation (%),Healthy,1,SUBGROUP_AND_OVERALL,Maghsudlu 2008,2008,,,22.5,10.455,,132,18.88,9.421,,120,,,55.30529422726218,3.620000000000001,1.1659634379582213,6.074036562041781,,Some concerns,"<p>Randomisation process not described<br>No obvious baseline imbalance for number of previous donations, but does not report age, sex.</p>",,,,,,,,,,
5,8,Transferrin saturation (%),"Low Hb or ferritin, IDA or NAID",2,SUBGROUP_AND_OVERALL,Cable 1988,1988,,,36,21.213,,50,22,14.967,,56,,,44.69470577273783,14,6.933242452592137,21.066757547407864,,Some concerns,"<p>No information on randomisation process.<br>Largely balanced in baseline characteristics (age, weight, previous donations, Hb, Hct, transferrin saturation)</p>",,,,,,,,,,
5,9,Adverse events,Healthy,1,SUBGROUP_AND_OVERALL,Maghsudlu 2008,2008,,,,,28,156,,,9,158,,,100,3.150997150997151,1.5372945300127332,6.458608192348101,number of pts reporting any side effects,Some concerns,"<p>Randomisation process not described<br>No obvious baseline imbalance for number of previous donations, but does not report age, sex.</p>",,,,,,,,,,
6,1,Deferrals,Healthy,1,SUBGROUP_AND_OVERALL,Maghsudlu 2008,2008,,,,,3,132,,,6,120,,,20.99784123137965,0.45454545454545453,0.11623578956978442,1.7775211147328307,threshold: Hb 12.5g/dL,Some concerns,"<p>Randomisation process not described<br>No obvious baseline imbalance for number of previous donations, but does not report age, sex.</p>",,,,,,,,,,
6,1,Deferrals,Healthy,1,SUBGROUP_AND_OVERALL,Radtke 2004a,2004,,,,,2,108,,,4,40,,,17.938274285010532,0.1851851851851852,0.03527583384169938,0.9721542789311219,threshold: Hb 13.5g/dL,Some concerns,"<p>Randomisation process not reported beyond ""block randomisation of variable length""<br>Baseline bloods (visit 0) reported for each subgroup, and sex have been analysed separately. No information on age and previous donations etc</p>",,,,,,,,,,
6,1,Deferrals,Healthy,1,SUBGROUP_AND_OVERALL,Radtke 2004b,2004,,,,,13,108,,,47,103,,,29.91540567161791,0.2637903861308117,0.15193635987232723,0.45799022612833157,threshold: Hb 14g/dL,Low risk,"<p>""Sample-size calculation, block randomization with variable block length, and statistical analysis were performed with software (Stata for Windows, Stata Corp., College Station, TX)."" Variable block size suggests adequate allocation concealment.<br>No baseline characteristics given per group - this would be mostly fine for a crossover study, where both periods are analysed, as they would essentially self-control, but we are using only period 1 (up to visit 3, where they crossover).</p>",,,,,,,,,,
6,1,Deferrals,"Low Hb or ferritin, IDA or NAID",2,SUBGROUP_AND_OVERALL,Cable 1988,1988,,,,,25,46,,,22,45,,,31.148478811991907,1.1116600790513833,0.7457328842868973,1.6571458190934452,according to American Red Cross guidelines 1985,Some concerns,"<p>No information on randomisation process.<br>Largely balanced in baseline characteristics (age, weight, previous donations, Hb, Hct, transferrin saturation)</p>",,,,,,,,,,
6,2,Hb (g/L),Healthy,1,SUBGROUP_AND_OVERALL,Maghsudlu 2008,2008,,,131,9.19,,132,127.3,8.76,,120,,,22.220600921550737,3.700000000000003,1.4831612158211693,5.916838784178836,,Some concerns,"<p>Randomisation process not described<br>No obvious baseline imbalance for number of previous donations, but does not report age, sex.</p>",,,,,,,,,,
6,2,Hb (g/L),Healthy,1,SUBGROUP_AND_OVERALL,Pachikian 2020,2020,,,142.5,8.392,,22,145,9.95,,11,,,16.427631861628466,-2.5,-9.346250938113307,4.3462509381133065,,Some concerns,<p>Randomisation process not described.<br><br>Baseline comparison data for iron stores (table 1) show no significant differences between groups. Age and fitness level data in trial registry show no differences</p>,,,,,,,,,,
6,2,Hb (g/L),Healthy,1,SUBGROUP_AND_OVERALL,Simon 1984,1984,,,142,9.345,,44,127,8.7,,19,,,19.29884207069205,15,10.211733463307837,19.788266536692163,All blood data extracted from visual approximation from graphs,Low risk,"<p>""randomly assigned to one of three groups by pulling a card with an A. B, or C on it from an envelope in which the cards had been placed in random order. The donor was then given a bottle of medication marked either A. B. or C according to the card pulled. The bottles were filled in the pharmacy of the University of New Mexico Hospital according to their code.""<br><br>Demographics reported in detail. Only significant difference is in prior iron supplementation (much lower in iron/vitC group). Unlikely to impact outcomes if ceased prior to randomisation</p>",,,,,,,,,,
6,2,Hb (g/L),"Low Hb or ferritin, IDA or NAID",2,SUBGROUP_AND_OVERALL,Cable 1988,1988,,,134,6.78,,46,129,6.71,,45,,,21.715413733747887,5,2.2282972668752437,7.771702733124757,,Some concerns,"<p>No information on randomisation process.<br>Largely balanced in baseline characteristics (age, weight, previous donations, Hb, Hct, transferrin saturation)</p>",,,,,,,,,,
6,2,Hb (g/L),Mixed,3,SUBGROUP_AND_OVERALL,Mast 2016 (STRIDE),2012,,,141,11.246,,132,138,12.753,,51,,,20.337511412380863,3,-0.9913670659696279,6.991367065969628,,Low risk,"<p>""The lists were generated using standard block randomization methods,<br><br>implemented with computer software (nQuery Advisor, 2014, Statistical Solutions, Boston, MA). The randomized numbers from the algorithm correspond to one of the five study arms. While they appeared to be random numbers, they coded for the group assignment. Each of the five study arms had three to four codes so that patterns could not be identified by investigators, coordinators, and staff at study sites""<br><br>Uneven medical de-enrolment from study, appears that placebo group are ""healthier"" suggest some baseline imbalance. Bias in favour of placebo (reduced effect size of iron)</p>",,,,,,,,,,
6,3,Serum ferritin (ng/mL),Healthy,1,SUBGROUP_AND_OVERALL,Maghsudlu 2008,2008,,,26.04,19.072,,132,19.02,18.294,,120,,,58.30813014149015,7.02,2.404904751660829,11.63509524833917,,Some concerns,"<p>Randomisation process not described<br>No obvious baseline imbalance for number of previous donations, but does not report age, sex.</p>",,,,,,,,,,
6,3,Serum ferritin (ng/mL),Healthy,1,SUBGROUP_AND_OVERALL,Pachikian 2020,2020,,,33.39,16.6882,,22,28.34,29.982,,11,,,3.4254621804416034,5.050000000000001,-13.990819554911901,24.090819554911903,plasma ferrtin,Some concerns,<p>Randomisation process not described.<br><br>Baseline comparison data for iron stores (table 1) show no significant differences between groups. Age and fitness level data in trial registry show no differences</p>,,,,,,,,,,
6,3,Serum ferritin (ng/mL),Healthy,1,SUBGROUP_AND_OVERALL,Radtke 2004a,2004,,,29.1,23.7543,,108,21.4,27.5,,40,,,13.397383474835738,7.700000000000003,-1.9279811566702385,17.327981156670244,,Some concerns,"<p>Randomisation process not reported beyond ""block randomisation of variable length""<br>Baseline bloods (visit 0) reported for each subgroup, and sex have been analysed separately. No information on age and previous donations etc</p>",,,,,,,,,,
6,3,Serum ferritin (ng/mL),"Low Hb or ferritin, IDA or NAID",2,SUBGROUP_AND_OVERALL,Cable 1988,1988,,,30,20.347,,46,18,13.416,,45,,,24.869024203232488,12,4.933313040623777,19.066686959376224,,Some concerns,"<p>No information on randomisation process.<br>Largely balanced in baseline characteristics (age, weight, previous donations, Hb, Hct, transferrin saturation)</p>",,,,,,,,,,
6,4,Ferritin (ng/mL) – reported as geometric mean,Healthy,1,SUBGROUP_AND_OVERALL,Simon 1984,1984,2.4,0.2465,,,,22,,,,10,,,23.726491341103905,11.023176380641601,6.79963461609287,17.870139261770483,serum ferritin: iron+ascorbic acid vs ascorbic acid; all data extracted by visual approximation from graphs (control group split),Low risk,"<p>""randomly assigned to one of three groups by pulling a card with an A. B, or C on it from an envelope in which the cards had been placed in random order. The donor was then given a bottle of medication marked either A. B. or C according to the card pulled. The bottles were filled in the pharmacy of the University of New Mexico Hospital according to their code.""<br><br>Demographics reported in detail. Only significant difference is in prior iron supplementation (much lower in iron/vitC group). Unlikely to impact outcomes if ceased prior to randomisation</p>",,,,,,,,,,
6,4,Ferritin (ng/mL) – reported as geometric mean,Healthy,1,SUBGROUP_AND_OVERALL,Simon 1984,1984,2.8,0.2478,,,,22,,,,9,,,23.671896392279344,16.444646771097048,10.118049666968027,26.72712788799627,serum ferritin: iron vs ascorbic acid; all data extracted by visual approximation from graphs (control group split),Low risk,"<p>""randomly assigned to one of three groups by pulling a card with an A. B, or C on it from an envelope in which the cards had been placed in random order. The donor was then given a bottle of medication marked either A. B. or C according to the card pulled. The bottles were filled in the pharmacy of the University of New Mexico Hospital according to their code.""<br><br>Demographics reported in detail. Only significant difference is in prior iron supplementation (much lower in iron/vitC group). Unlikely to impact outcomes if ceased prior to randomisation</p>",,,,,,,,,,
6,4,Ferritin (ng/mL) – reported as geometric mean,Mixed,2,SUBGROUP_AND_OVERALL,Mast 2016 (STRIDE),2012,1.8132,0.181,,,,75,,,,26,,,26.377400608914066,6.130032182902505,4.299275494267289,8.740378376200017,plasma ferritin: high dose (38mg) vs placebo (control group split),Low risk,"<p>""The lists were generated using standard block randomization methods,<br><br>implemented with computer software (nQuery Advisor, 2014, Statistical Solutions, Boston, MA). The randomized numbers from the algorithm correspond to one of the five study arms. While they appeared to be random numbers, they coded for the group assignment. Each of the five study arms had three to four codes so that patterns could not be identified by investigators, coordinators, and staff at study sites""<br><br>Uneven medical de-enrolment from study, appears that placebo group are ""healthier"" suggest some baseline imbalance. Bias in favour of placebo (reduced effect size of iron)</p>",,,,,,,,,,
6,4,Ferritin (ng/mL) – reported as geometric mean,Mixed,2,SUBGROUP_AND_OVERALL,Mast 2016 (STRIDE),2012,1.6923,0.185,,,,61,,,,26,,,26.22421165770269,5.431959856275598,3.779934429772801,7.8060052173876295,plasma ferritin: low dose (19mg) vs placebo (control group split),Low risk,"<p>""The lists were generated using standard block randomization methods,<br><br>implemented with computer software (nQuery Advisor, 2014, Statistical Solutions, Boston, MA). The randomized numbers from the algorithm correspond to one of the five study arms. While they appeared to be random numbers, they coded for the group assignment. Each of the five study arms had three to four codes so that patterns could not be identified by investigators, coordinators, and staff at study sites""<br><br>Uneven medical de-enrolment from study, appears that placebo group are ""healthier"" suggest some baseline imbalance. Bias in favour of placebo (reduced effect size of iron)</p>",,,,,,,,,,
6,5,MCV (fl),Healthy,1,SUBGROUP_AND_OVERALL,Pachikian 2020,2020,,,87.75,2.4888,,22,86.9,3.648,,11,,,99.99999999999999,0.8499999999999943,-1.5435330316526938,3.2435330316526825,,Some concerns,<p>Randomisation process not described.<br><br>Baseline comparison data for iron stores (table 1) show no significant differences between groups. Age and fitness level data in trial registry show no differences</p>,,,,,,,,,,
6,6,Serum iron (μg/dL),Healthy,1,SUBGROUP_AND_OVERALL,Maghsudlu 2008,2008,,,77.86,27.689,,132,69.97,27.057,,120,,,99.99999999999999,7.890000000000001,1.1263166823003399,14.653683317699661,,Some concerns,"<p>Randomisation process not described<br>No obvious baseline imbalance for number of previous donations, but does not report age, sex.</p>",,,,,,,,,,
6,7,TIBC (μg/dL),Healthy,1,SUBGROUP_AND_OVERALL,Maghsudlu 2008,2008,,,370.22,58.709,,132,405.67,75.805,,120,,,67.10162475233034,-35.44999999999999,-52.310061729014734,-18.589938270985243,,Some concerns,"<p>Randomisation process not described<br>No obvious baseline imbalance for number of previous donations, but does not report age, sex.</p>",,,,,,,,,,
6,7,TIBC (μg/dL),Healthy,1,SUBGROUP_AND_OVERALL,Simon 1984,1984,,,340,46.4503,,44,390,44,,19,,,32.89837524766966,-50,-74.07900036832069,-25.9209996316793,All blood data extracted from visual approximation of graphs,Low risk,"<p>""randomly assigned to one of three groups by pulling a card with an A. B, or C on it from an envelope in which the cards had been placed in random order. The donor was then given a bottle of medication marked either A. B. or C according to the card pulled. The bottles were filled in the pharmacy of the University of New Mexico Hospital according to their code.""<br><br>Demographics reported in detail. Only significant difference is in prior iron supplementation (much lower in iron/vitC group). Unlikely to impact outcomes if ceased prior to randomisation</p>",,,,,,,,,,
6,8,Transferrin saturation (%),Healthy,1,SUBGROUP_AND_OVERALL,Maghsudlu 2008,2008,,,21.94,9.421,,132,17.13,8.544,,120,,,86.20013598728424,4.810000000000002,2.5919294552346974,7.028070544765307,,Some concerns,"<p>Randomisation process not described<br>No obvious baseline imbalance for number of previous donations, but does not report age, sex.</p>",,,,,,,,,,
6,8,Transferrin saturation (%),"Low Hb or ferritin, IDA or NAID",2,SUBGROUP_AND_OVERALL,Cable 1988,1988,,,30,13.565,,46,25,13.416,,45,,,13.79986401271576,5,-0.5436005179198578,10.543600517919858,,Some concerns,"<p>No information on randomisation process.<br>Largely balanced in baseline characteristics (age, weight, previous donations, Hb, Hct, transferrin saturation)</p>",,,,,,,,,,
6,9,Adverse events,Healthy,1,SUBGROUP_AND_OVERALL,Maghsudlu 2008,2008,,,,,22,122,,,10,119,,,30.153278467718586,2.1459016393442623,1.0618420490778093,4.336703231652636,number of pts reporting any side effects,Some concerns,"<p>Randomisation process not described<br>No obvious baseline imbalance for number of previous donations, but does not report age, sex.</p>",,,,,,,,,,
6,9,Adverse events,Healthy,1,SUBGROUP_AND_OVERALL,Pachikian 2020,2020,,,,,3,22,,,2,11,,,6.721473717622202,0.75,0.14602866505893278,3.851983442928769,MedDRA v1: Non-serious AEs; Frequency threshold for reporting non-serious adverse events: 5%,Some concerns,<p>Randomisation process not described.<br><br>Baseline comparison data for iron stores (table 1) show no significant differences between groups. Age and fitness level data in trial registry show no differences</p>,,,,,,,,,,
6,9,Adverse events,Healthy,1,SUBGROUP_AND_OVERALL,Radtke 2004a,2004,,,,,42,351,,,19,175,,,48.18122017283475,1.1021142600089968,0.6613935044863772,1.8365100864703112,number of pts reporting any side effects,Some concerns,"<p>Randomisation process not reported beyond ""block randomisation of variable length""<br>Baseline bloods (visit 0) reported for each subgroup, and sex have been analysed separately. No information on age and previous donations etc</p>",,,,,,,,,,
6,9,Adverse events,Mixed,2,SUBGROUP_AND_OVERALL,Mast 2016 (STRIDE),2012,,,,,18,278,,,4,138,,,14.944027641824482,2.2338129496402876,0.7708177635695491,6.4735408676533615,number of pts reporting adverse events in first 60 days period,Low risk,"<p>""The lists were generated using standard block randomization methods,<br><br>implemented with computer software (nQuery Advisor, 2014, Statistical Solutions, Boston, MA). The randomized numbers from the algorithm correspond to one of the five study arms. While they appeared to be random numbers, they coded for the group assignment. Each of the five study arms had three to four codes so that patterns could not be identified by investigators, coordinators, and staff at study sites""<br><br>Uneven medical de-enrolment from study, appears that placebo group are ""healthier"" suggest some baseline imbalance. Bias in favour of placebo (reduced effect size of iron)</p>",,,,,,,,,,
6,10,Adherence (% tablets consumed),"Low Hb or ferritin, IDA or NAID",1,SUBGROUP_AND_OVERALL,Cable 1988,1988,,,1.6,0.4,,46,1.5,0.7,,45,,,100,0.10000000000000009,-0.13492725292704327,0.33492725292704345,number of pills consumed per day (prescribed: 2/day),Some concerns,"<p>No information on randomisation process.<br>Largely balanced in baseline characteristics (age, weight, previous donations, Hb, Hct, transferrin saturation)</p>",,,,,,,,,,
7,1,Deferrals,High daily dose,1,SUBGROUP_AND_OVERALL,Maghsudlu 2008,2008,,,,,4,182,,,5,179,,,100,0.7868131868131868,0.2147546022264028,2.8827088431402714,threshold: Hb 12.5g/dL,Some concerns,"<p>Randomisation process not described<br>No obvious baseline imbalance for number of previous donations, but does not report age, sex.</p>",,,,,,,,,,
7,1,Deferrals,Normal daily dose,2,SUBGROUP_AND_OVERALL,Cable 1988,1988,,,,,37,57,,,35,64,,,20.718889141216074,1.186967418546366,0.8850310003507134,1.5919122066145919,According to American Red Cross Guideline 1985,Some concerns,"<p>No information on randomisation process.<br>Largely balanced in baseline characteristics (age, weight, previous donations, Hb, Hct, transferrin saturation)</p>",,,,,,,,,,
7,1,Deferrals,Normal daily dose,2,SUBGROUP_AND_OVERALL,Gordeuk 1990,1990,,,,,3,38,,,12,33,,,14.96133933687396,0.21710526315789472,0.06697542646868015,0.7037610326064948,threshold: Hb 12.5g/dL,Some concerns,<p>Randomisation process not described<br>lacking baseline demographic data</p>,,,,,,,,,,
7,1,Deferrals,Normal daily dose,2,SUBGROUP_AND_OVERALL,Kiss 2015 (REDS-III HEIRS),2015,,,,,11,106,,,26,101,,,18.837814283564164,0.4031204644412192,0.21041536677895578,0.7723110309810174,threshold: Hb 12.5g/dL,Low risk,"<p>""A stratified enrolment and randomization scheme was followed to ensure inclusion of participants with varying iron stores and a slight overrepresentation of women(60%female/40% male) and individuals 60 years and older (20%). Participants were assessed for iron status per protocol as iron depleted (“low ferritin,” ≤26 ng/mL) and iron-replete (“higher ferritin,” &gt;26 ng/mL) based on the ferritin measurement at enrolment""<br>""If the appropriate subgroup remained open, a centralized computer program randomized the participant to receive iron supplements or no iron""</p>",,,,,,,,,,
7,1,Deferrals,Normal daily dose,2,SUBGROUP_AND_OVERALL,Marks 2013 (FIRST),2013,,,,,3,129,,,14,128,,,14.610787819819707,0.21262458471760798,0.06260160939430714,0.7221733508730923,threshold: Hb 12.5g/dL,Low risk,"<p>""Allocation will be through central randomization by computer off-site... Randomisation will be carried out by Trident Clinical Research Pty Ltd. The sequence of allocation of carbonyl iron or placebo to donors will be ascertained via a computerised randomisation program. Donors will be assigned a numbered packet sequentially on enrolment""</p>",,,,,,,,,,
7,1,Deferrals,Normal daily dose,2,SUBGROUP_AND_OVERALL,Radtke 2004a,2004,,,,,2,142,,,8,118,,,12.412889128787764,0.20774647887323944,0.04497857659796363,0.9595368005972713,"threshold: male Hb 13.5g/dL; female Hb 12.5g/dL; control group NOT split across subgroups, as using subtotals only",Some concerns,"<p>Randomisation process not reported beyond ""block randomisation of variable length""<br>Baseline bloods (visit 0) reported for each subgroup, and sex have been analysed separately. No information on age and previous donations etc</p>",,,,,,,,,,
7,1,Deferrals,Normal daily dose,2,SUBGROUP_AND_OVERALL,Radtke 2004b,2004,,,,,9,118,,,28,118,,,18.458280289738333,0.32142857142857145,0.1586081551504699,0.6513935329024989,threshold: Hb 14g/dL,Low risk,"<p>""Sample-size calculation, block randomization with variable block length, and statistical analysis were performed with software (Stata for Windows, Stata Corp., College Station, TX)."" Variable block size suggests adequate allocation concealment.<br>No baseline characteristics given per group - this would be mostly fine for a crossover study, where both periods are analysed, as they would essentially self-control, but we are using only period 1 (up to visit 3, where they crossover).</p>",,,,,,,,,,
7,1,Deferrals,Low daily dose,3,SUBGROUP_AND_OVERALL,Radtke 2004a,2004,,,,,3,134,,,8,118,,,100,0.3302238805970149,0.08967057935283936,1.2160935292663373,"threshold: male Hb 13.5g/dL; female Hb 12.5g/dL; control group NOT split across subgroups, as using subtotals only",Some concerns,"<p>Randomisation process not reported beyond ""block randomisation of variable length""<br>Baseline bloods (visit 0) reported for each subgroup, and sex have been analysed separately. No information on age and previous donations etc</p>",,,,,,,,,,
7,2,Hb (g/L),Very high daily dose,1,SUBGROUP_AND_OVERALL,Gordeuk 1987a,1987,,,125,3.87,,15,126,13.08,,19,,,100,-1,-7.19888222899011,5.19888222899011,"control group NOT split across subgroups, as using subtotals only",Some concerns,<p>Randomisation process not reported.<br><br>no baseline demographic information</p>,,,,,,,,,,
7,2,Hb (g/L),High daily dose,2,SUBGROUP_AND_OVERALL,Bucher 1973,1973,,,129,5.519,,81,126,8,,38,,,32.013010929202906,3,0.18675040289152012,5.81324959710848,,Some concerns,"<p>No information on randomisation process other than ""according to the randomisation plan"" (translated from German)<br><br>Authors state no differences in groups according to age and sex distribution, and report age, Hb, plasma iron, and TIBC at baseline (but not sex per group)</p>",,,,,,,,,,
7,2,Hb (g/L),High daily dose,2,SUBGROUP_AND_OVERALL,Gordeuk 1987a,1987,,,125,8.25,,17,126,13.08,,19,,,5.070244120489533,-1,-8.068985514762769,6.068985514762768,"control group NOT split across subgroups, as using subtotals only",Some concerns,<p>Randomisation process not reported.<br><br>no baseline demographic information</p>,,,,,,,,,,
7,2,Hb (g/L),High daily dose,2,SUBGROUP_AND_OVERALL,Linpisarn 1986,1986,,,151.9,12.2,,47,151.2,11.6,,51,,,11.361265299089872,0.700000000000017,-4.022350045847417,5.422350045847451,,Some concerns,"<p>Randomisation process not described<br><br>Some baseline blood data, no info on sex, age, etc</p>",,,,,,,,,,
7,2,Hb (g/L),High daily dose,2,SUBGROUP_AND_OVERALL,Maghsudlu 2008,2008,,,132.9,9.19,,132,131.9,8.76,,120,,,51.55547965121768,1,-1.2168387841788335,3.2168387841788335,,Some concerns,"<p>Randomisation process not described<br>No obvious baseline imbalance for number of previous donations, but does not report age, sex.</p>",,,,,,,,,,
7,2,Hb (g/L),Normal daily dose,3,SUBGROUP_AND_OVERALL,Blot 1980,1980,,,146.2,14.056,,73,147.67,13.348,,70,,,10.018443556747972,-1.4699999999999989,-5.96158016326362,3.0215801632636223,,Some concerns,"<p>Translation from French to English. Randomisation process and allocation not mentioned.<br><br>Authors state there was no difference between those groups, though data not provided</p>",,,,,,,,,,
7,2,Hb (g/L),Normal daily dose,3,SUBGROUP_AND_OVERALL,Cable 1988,1988,,,133,7.55,,57,132,8,,64,,,12.29774811042688,1,-1.7718380411604584,3.7718380411604584,,Some concerns,"<p>No information on randomisation process.<br>Largely balanced in baseline characteristics (age, weight, previous donations, Hb, Hct, transferrin saturation)</p>",,,,,,,,,,
7,2,Hb (g/L),Normal daily dose,3,SUBGROUP_AND_OVERALL,Dara 2017,2017,,,137,10,,64,128,8,,62,,,11.806475569756818,9,5.8428404768680595,12.157159523131941,,Some concerns,<p>No information regarding randomisation process.<br><br>Some imbalance in blood tests and number of previous donations. This seems to influence the outcomes as they have attempted to perform a post-hoc subgroup analysis</p>,,,,,,,,,,
7,2,Hb (g/L),Normal daily dose,3,SUBGROUP_AND_OVERALL,Gordeuk 1990,1990,,,131,8,,40,123,9,,36,,,10.888396761854716,8,4.154272960847015,11.845727039152985,,Some concerns,<p>Randomisation process not described<br>lacking baseline demographic data</p>,,,,,,,,,,
7,2,Hb (g/L),Normal daily dose,3,SUBGROUP_AND_OVERALL,Kiss 2015 (REDS-III HEIRS),2015,,,141,11,,95,136,13,,97,,,11.48163177974147,5,1.5962290940298378,8.403770905970163,,Low risk,"<p>""A stratified enrolment and randomization scheme was followed to ensure inclusion of participants with varying iron stores and a slight overrepresentation of women(60%female/40% male) and individuals 60 years and older (20%). Participants were assessed for iron status per protocol as iron depleted (“low ferritin,” ≤26 ng/mL) and iron-replete (“higher ferritin,” &gt;26 ng/mL) based on the ferritin measurement at enrolment""<br>""If the appropriate subgroup remained open, a centralized computer program randomized the participant to receive iron supplements or no iron""</p>",,,,,,,,,,
7,2,Hb (g/L),Normal daily dose,3,SUBGROUP_AND_OVERALL,Marks 2013 (FIRST),2013,,,134.6,8.7,,109,130,9.9,,97,,,12.557131173429239,4.599999999999994,2.040902382124146,7.159097617875842,,Low risk,"<p>""Allocation will be through central randomization by computer off-site... Randomisation will be carried out by Trident Clinical Research Pty Ltd. The sequence of allocation of carbonyl iron or placebo to donors will be ascertained via a computerised randomisation program. Donors will be assigned a numbered packet sequentially on enrolment""</p>",,,,,,,,,,
7,2,Hb (g/L),Normal daily dose,3,SUBGROUP_AND_OVERALL,Pachikian 2020,2020,,,153,6.63,,11,156,9.95,,11,,,6.950327252379536,-3,-10.06574739102241,4.065747391022409,"control group NOT split across subgroups, as using subtotals only",Some concerns,<p>Randomisation process not described.<br><br>Baseline comparison data for iron stores (table 1) show no significant differences between groups. Age and fitness level data in trial registry show no differences</p>,,,,,,,,,,
7,2,Hb (g/L),Normal daily dose,3,SUBGROUP_AND_OVERALL,Rosvik 2010,2010,,,135.961,10.246,,153,136.149,10.985,,161,,,12.803337677009797,-0.18799999999998818,-2.536403022851283,2.1604030228513067,,Some concerns,"<p>Randomisation process not described<br>Baseline blood data only given by sex, combining iron and no iron groups together.</p>",,,,,,,,,,
7,2,Hb (g/L),Normal daily dose,3,SUBGROUP_AND_OVERALL,Simon 1984,1984,,,140.5,9.304,,44,134,8.7,,19,,,9.634404074442966,6.5,1.718709215802157,11.281290784197843,Data extracted from visual approximation of graphs,Low risk,"<p>""randomly assigned to one of three groups by pulling a card with an A. B, or C on it from an envelope in which the cards had been placed in random order. The donor was then given a bottle of medication marked either A. B. or C according to the card pulled. The bottles were filled in the pharmacy of the University of New Mexico Hospital according to their code.""<br><br>Demographics reported in detail. Only significant difference is in prior iron supplementation (much lower in iron/vitC group). Unlikely to impact outcomes if ceased prior to randomisation</p>",,,,,,,,,,
7,2,Hb (g/L),Normal daily dose,3,SUBGROUP_AND_OVERALL,Waldvogel 2012,2012,,,135,67,,74,130,53,,71,,,1.562104044210604,5,-14.621730150009451,24.62173015000945,,Low risk,"<p>""simple random allocation sequence without restriction was generated by<br><br>an independent pharmacy according to a pre-established computer-generated list. Each drug package was identified with a unique number according to the randomization schedule and given to the nurse in charge of the participant.<br><br>The code was held by the pharmacist and remained unbroken until the end of the trial. The allocation remained concealed from participants, care providers, investigators and the statistician until the end of the statistical analysis.""<br><br>&nbsp;</p>",,,,,,,,,,
7,2,Hb (g/L),Low daily dose,4,SUBGROUP_AND_OVERALL,Pachikian 2020,2020,,,148,6.93,,12,156,9.95,,11,,,100,-8,-15.067376369976305,-0.932623630023695,"control group NOT split across subgroups, as using subtotals only",Some concerns,<p>Randomisation process not described.<br><br>Baseline comparison data for iron stores (table 1) show no significant differences between groups. Age and fitness level data in trial registry show no differences</p>,,,,,,,,,,
7,3,Serum ferritin (ng/mL),High daily dose,1,SUBGROUP_AND_OVERALL,Maghsudlu 2008,2008,,,26.06,20.336,,132,19.47,17.198,,120,,,99.99999999999999,6.59,1.9528161214276638,11.227183878572337,,Some concerns,"<p>Randomisation process not described<br>No obvious baseline imbalance for number of previous donations, but does not report age, sex.</p>",,,,,,,,,,
7,3,Serum ferritin (ng/mL),Normal daily dose,2,SUBGROUP_AND_OVERALL,Cable 1988,1988,,,23,15.1,,57,14,8,,64,,,18.63567026637064,9,4.61731040984938,13.382689590150619,,Some concerns,"<p>No information on randomisation process.<br>Largely balanced in baseline characteristics (age, weight, previous donations, Hb, Hct, transferrin saturation)</p>",,,,,,,,,,
7,3,Serum ferritin (ng/mL),Normal daily dose,2,SUBGROUP_AND_OVERALL,Dara 2017,2017,,,39.5,39.2,,64,26.4,26.1,,62,,,10.131264141888968,13.100000000000001,1.5051508982633113,24.694849101736693,,Some concerns,<p>No information regarding randomisation process.<br><br>Some imbalance in blood tests and number of previous donations. This seems to influence the outcomes as they have attempted to perform a post-hoc subgroup analysis</p>,,,,,,,,,,
7,3,Serum ferritin (ng/mL),Normal daily dose,2,SUBGROUP_AND_OVERALL,Kiss 2015 (REDS-III HEIRS),2015,,,58.7,33.6,,95,33.7,31.1,,97,,,12.663053052364933,25,15.837293813535917,34.162706186464085,plasma ferritin,Low risk,"<p>""A stratified enrolment and randomization scheme was followed to ensure inclusion of participants with varying iron stores and a slight overrepresentation of women(60%female/40% male) and individuals 60 years and older (20%). Participants were assessed for iron status per protocol as iron depleted (“low ferritin,” ≤26 ng/mL) and iron-replete (“higher ferritin,” &gt;26 ng/mL) based on the ferritin measurement at enrolment""<br>""If the appropriate subgroup remained open, a centralized computer program randomized the participant to receive iron supplements or no iron""</p>",,,,,,,,,,
7,3,Serum ferritin (ng/mL),Normal daily dose,2,SUBGROUP_AND_OVERALL,Mirrezaie 2008,2008,,,31.7,13.4,,39,13.5,6.5,,31,,,18.144759204272358,18.2,13.412306711496765,22.987693288503234,,Some concerns,"<p>Randomisation not described beyond ""random block design""<br>Demographics appear well balanced</p>",,,,,,,,,,
7,3,Serum ferritin (ng/mL),Normal daily dose,2,SUBGROUP_AND_OVERALL,Pachikian 2020,2020,,,50.97,30.447,,11,60.02,36.616,,11,,,2.8111811409324003,-9.050000000000004,-37.191643520000284,19.09164352000028,"plasma ferritin; control group NOT split across subgroups, as using subtotals only",Some concerns,<p>Randomisation process not described.<br><br>Baseline comparison data for iron stores (table 1) show no significant differences between groups. Age and fitness level data in trial registry show no differences</p>,,,,,,,,,,
7,3,Serum ferritin (ng/mL),Normal daily dose,2,SUBGROUP_AND_OVERALL,Radtke 2004a,2004,,,30.0521,19.2571,,142,23.5568,23.9179,,118,,,17.4357191435086,6.4953,1.142216430138399,11.848383569861602,"control group NOT split across subgroups, as using subtotals only",Some concerns,"<p>Randomisation process not reported beyond ""block randomisation of variable length""<br>Baseline bloods (visit 0) reported for each subgroup, and sex have been analysed separately. No information on age and previous donations etc</p>",,,,,,,,,,
7,3,Serum ferritin (ng/mL),Normal daily dose,2,SUBGROUP_AND_OVERALL,Waldvogel 2012,2012,,,28,9.8,,74,12.9,8.3,,71,,,20.1783530506621,15.1,12.148239886585918,18.05176011341408,,Low risk,"<p>""simple random allocation sequence without restriction was generated by<br><br>an independent pharmacy according to a pre-established computer-generated list. Each drug package was identified with a unique number according to the randomization schedule and given to the nurse in charge of the participant.<br><br>The code was held by the pharmacist and remained unbroken until the end of the trial. The allocation remained concealed from participants, care providers, investigators and the statistician until the end of the statistical analysis.""<br><br>&nbsp;</p>",,,,,,,,,,
7,3,Serum ferritin (ng/mL),Low daily dose,3,SUBGROUP_AND_OVERALL,Pachikian 2020,2020,,,64.04,36.304,,12,60.02,36.616,,11,,,4.613935016897633,4.020000000000003,-25.815028550194018,33.85502855019402,"plasma ferritin; control group NOT split across subgroups, as using subtotals only",Some concerns,<p>Randomisation process not described.<br><br>Baseline comparison data for iron stores (table 1) show no significant differences between groups. Age and fitness level data in trial registry show no differences</p>,,,,,,,,,,
7,3,Serum ferritin (ng/mL),Low daily dose,3,SUBGROUP_AND_OVERALL,Radtke 2004a,2004,,,30.4493,30.8878,,150,23.5568,23.9179,,118,,,95.38606498310236,6.892500000000002,0.33074927228704265,13.45425072771296,"control group NOT split across subgroups, as using subtotals only",Some concerns,"<p>Randomisation process not reported beyond ""block randomisation of variable length""<br>Baseline bloods (visit 0) reported for each subgroup, and sex have been analysed separately. No information on age and previous donations etc</p>",,,,,,,,,,
7,4,Serum ferritin (ng/mL) – reported as geometric mean,Very high daily dose,1,SUBGROUP_AND_OVERALL,Gordeuk 1987a,1987,1.2,0.1302,,,,15,,,,19,,,100,3.3201169227365472,2.572331508020469,4.285286070738394,"control group NOT split across subgroups, as using subtotals only",Some concerns,<p>Randomisation process not reported.<br><br>no baseline demographic information</p>,,,,,,,,,,
7,4,Serum ferritin (ng/mL) – reported as geometric mean,High daily dose,2,SUBGROUP_AND_OVERALL,Gordeuk 1987a,1987,1.2,0.1302,,,,17,,,,19,,,100,3.3201169227365472,2.572331508020469,4.285286070738394,"control group NOT split across subgroups, as using subtotals only",Some concerns,<p>Randomisation process not reported.<br><br>no baseline demographic information</p>,,,,,,,,,,
7,4,Serum ferritin (ng/mL) – reported as geometric mean,Normal daily dose,3,SUBGROUP_AND_OVERALL,Marks 2013 (FIRST),2013,1.603774,0.08996,,,,129,,,,128,,,74.50761857309749,4.971760486389003,4.168080591141928,5.930404125714594,,Low risk,"<p>""Allocation will be through central randomization by computer off-site... Randomisation will be carried out by Trident Clinical Research Pty Ltd. The sequence of allocation of carbonyl iron or placebo to donors will be ascertained via a computerised randomisation program. Donors will be assigned a numbered packet sequentially on enrolment""</p>",,,,,,,,,,
7,4,Serum ferritin (ng/mL) – reported as geometric mean,Normal daily dose,3,SUBGROUP_AND_OVERALL,Simon 1984,1984,1.4,0.2112,,,,22,,,,10,,,13.51797840802721,4.0551999668446745,2.680640092433382,6.134597038041473,iron+ascorbic acid vs ascorbic acid; all data extracted by visual approximation from graphs (control group spilt),Low risk,"<p>""randomly assigned to one of three groups by pulling a card with an A. B, or C on it from an envelope in which the cards had been placed in random order. The donor was then given a bottle of medication marked either A. B. or C according to the card pulled. The bottles were filled in the pharmacy of the University of New Mexico Hospital according to their code.""<br><br>Demographics reported in detail. Only significant difference is in prior iron supplementation (much lower in iron/vitC group). Unlikely to impact outcomes if ceased prior to randomisation</p>",,,,,,,,,,
7,4,Serum ferritin (ng/mL) – reported as geometric mean,Normal daily dose,3,SUBGROUP_AND_OVERALL,Simon 1984,1984,1.6,0.2244,,,,22,,,,9,,,11.97440301887531,4.953032424395115,3.1905205390468843,7.689193627456805,iron vs ascorbic acid; all data extracted by visual approximation from graphs (control group spilt),Low risk,"<p>""randomly assigned to one of three groups by pulling a card with an A. B, or C on it from an envelope in which the cards had been placed in random order. The donor was then given a bottle of medication marked either A. B. or C according to the card pulled. The bottles were filled in the pharmacy of the University of New Mexico Hospital according to their code.""<br><br>Demographics reported in detail. Only significant difference is in prior iron supplementation (much lower in iron/vitC group). Unlikely to impact outcomes if ceased prior to randomisation</p>",,,,,,,,,,
7,5,MCV (fl),Very high daily dose,1,SUBGROUP_AND_OVERALL,Gordeuk 1987a,1987,,,88,3.873,,15,88,4.359,,19,,,100,0,-2.7718457389101157,2.7718457389101157,"control group NOT split across subgroups, as using subtotals only",Some concerns,<p>Randomisation process not reported.<br><br>no baseline demographic information</p>,,,,,,,,,,
7,5,MCV (fl),High daily dose,2,SUBGROUP_AND_OVERALL,Gordeuk 1987a,1987,,,89,4.123,,17,88,4.359,,19,,,100,1,-1.7718042761883077,3.7718042761883077,"control group NOT split across subgroups, as using subtotals only",Some concerns,<p>Randomisation process not reported.<br><br>no baseline demographic information</p>,,,,,,,,,,
7,5,MCV (fl),Normal daily dose,3,SUBGROUP_AND_OVERALL,Blot 1980,1980,,,89.9329,5.047,,73,89.4357,4.8985,,70,,,36.302588284103756,0.4972000000000065,-1.1329014709443093,2.1273014709443223,,Some concerns,"<p>Translation from French to English. Randomisation process and allocation not mentioned.<br><br>Authors state there was no difference between those groups, though data not provided</p>",,,,,,,,,,
7,5,MCV (fl),Normal daily dose,3,SUBGROUP_AND_OVERALL,Dara 2017,2017,,,87.1,5.2,,64,87.4,7.3,,62,,,20.038312289566328,-0.30000000000001137,-2.5191917824161023,1.9191917824160796,,Some concerns,<p>No information regarding randomisation process.<br><br>Some imbalance in blood tests and number of previous donations. This seems to influence the outcomes as they have attempted to perform a post-hoc subgroup analysis</p>,,,,,,,,,,
7,5,MCV (fl),Normal daily dose,3,SUBGROUP_AND_OVERALL,Gordeuk 1990,1990,,,89,5,,40,87,4,,36,,,23.89318358729969,2,-0.026876117169828184,4.026876117169828,,Some concerns,<p>Randomisation process not described<br>lacking baseline demographic data</p>,,,,,,,,,,
7,5,MCV (fl),Normal daily dose,3,SUBGROUP_AND_OVERALL,Pachikian 2020,2020,,,86.6,2.322,,11,87.1,2.985,,11,,,19.765915839030235,-0.5,-2.734851926777145,1.7348519267771452,"control group NOT split across subgroups, as using subtotals only",Some concerns,<p>Randomisation process not described.<br><br>Baseline comparison data for iron stores (table 1) show no significant differences between groups. Age and fitness level data in trial registry show no differences</p>,,,,,,,,,,
7,5,MCV (fl),Low daily dose,4,SUBGROUP_AND_OVERALL,Pachikian 2020,2020,,,86.9,2.425,,12,87.1,2.985,,11,,,100,-0.19999999999998863,-2.434765114766341,2.0347651147663637,"control group NOT split across subgroups, as using subtotals only",Some concerns,<p>Randomisation process not described.<br><br>Baseline comparison data for iron stores (table 1) show no significant differences between groups. Age and fitness level data in trial registry show no differences</p>,,,,,,,,,,
7,6,Serum iron (μg/dL),Very high daily dose,1,SUBGROUP_AND_OVERALL,Gordeuk 1987a,1987,,,97,50.349,,15,80,34.871,,19,,,100,17,-12.917599961361645,46.917599961361645,"control group NOT split across subgroups, as using subtotals only",Some concerns,<p>Randomisation process not reported.<br><br>no baseline demographic information</p>,,,,,,,,,,
7,6,Serum iron (μg/dL),High daily dose,2,SUBGROUP_AND_OVERALL,Bucher 1973,1973,,,101.1235,40.7128,,81,78,34,,38,,,36.412324962228354,23.123500000000007,9.142428076592319,37.1045719234077,plasma iron,Some concerns,"<p>No information on randomisation process other than ""according to the randomisation plan"" (translated from German)<br><br>Authors state no differences in groups according to age and sex distribution, and report age, Hb, plasma iron, and TIBC at baseline (but not sex per group)</p>",,,,,,,,,,
7,6,Serum iron (μg/dL),High daily dose,2,SUBGROUP_AND_OVERALL,Gordeuk 1987a,1987,,,84,32.985,,17,80,34.871,,19,,,22.43242877011605,4,-18.17445238610031,26.17445238610031,"control group NOT split across subgroups, as using subtotals only",Some concerns,<p>Randomisation process not reported.<br><br>no baseline demographic information</p>,,,,,,,,,,
7,6,Serum iron (μg/dL),High daily dose,2,SUBGROUP_AND_OVERALL,Maghsudlu 2008,2008,,,87.71,43.659,,132,83.26,51.595,,120,,,41.1552462676556,4.449999999999989,-7.411250323819658,16.311250323819635,,Some concerns,"<p>Randomisation process not described<br>No obvious baseline imbalance for number of previous donations, but does not report age, sex.</p>",,,,,,,,,,
7,6,Serum iron (μg/dL),Normal daily dose,3,SUBGROUP_AND_OVERALL,Blot 1980,1980,,,115.282,34.913,,73,118.12,39.511,,70,,,43.71886328554234,-2.838000000000008,-15.077846041156663,9.401846041156647,,Some concerns,"<p>Translation from French to English. Randomisation process and allocation not mentioned.<br><br>Authors state there was no difference between those groups, though data not provided</p>",,,,,,,,,,
7,6,Serum iron (μg/dL),Normal daily dose,3,SUBGROUP_AND_OVERALL,Gordeuk 1990,1990,,,76,24,,40,73,25,,36,,,53.682026550498804,3,-8.045768440123304,14.045768440123304,,Some concerns,<p>Randomisation process not described<br>lacking baseline demographic data</p>,,,,,,,,,,
7,6,Serum iron (μg/dL),Normal daily dose,3,SUBGROUP_AND_OVERALL,Pachikian 2020,2020,,,111,53.066,,11,108,66.332,,11,,,2.5991101639588465,3,-47.19934402133228,53.19934402133228,"NR whether serum or plasma iron (just ""iron""); control group NOT split across subgroups, as using subtotals only",Some concerns,<p>Randomisation process not described.<br><br>Baseline comparison data for iron stores (table 1) show no significant differences between groups. Age and fitness level data in trial registry show no differences</p>,,,,,,,,,,
7,6,Serum iron (μg/dL),Low daily dose,4,SUBGROUP_AND_OVERALL,Pachikian 2020,2020,,,105,45.033,,12,108,66.332,,11,,,100,-3,-49.752089187687,43.752089187687,"NR whether serum or plasma iron (just ""iron""); control group NOT split across subgroups, as using subtotals only",Some concerns,<p>Randomisation process not described.<br><br>Baseline comparison data for iron stores (table 1) show no significant differences between groups. Age and fitness level data in trial registry show no differences</p>,,,,,,,,,,
7,7,TIBC (μg/dL),Very high daily dose,1,SUBGROUP_AND_OVERALL,Gordeuk 1987a,1987,,,412,61.968,,15,407,78.46,,19,,,100,5,-42.20221214507119,52.20221214507119,"control group NOT split across subgroups, as using subtotals only",Some concerns,<p>Randomisation process not reported.<br><br>no baseline demographic information</p>,,,,,,,,,,
7,7,TIBC (μg/dL),High daily dose,2,SUBGROUP_AND_OVERALL,Gordeuk 1987a,1987,,,381,53.6,,17,407,78.46,,19,,,20.221380446493875,-26,-69.518092994817,17.518092994816996,"control group NOT split across subgroups, as using subtotals only",Some concerns,<p>Randomisation process not reported.<br><br>no baseline demographic information</p>,,,,,,,,,,
7,7,TIBC (μg/dL),High daily dose,2,SUBGROUP_AND_OVERALL,Maghsudlu 2008,2008,,,369.73,78.011,,132,406.42,97.276,,120,,,79.77861955350615,-36.69,-58.59947632761225,-14.780523672387744,,Some concerns,"<p>Randomisation process not described<br>No obvious baseline imbalance for number of previous donations, but does not report age, sex.</p>",,,,,,,,,,
7,7,TIBC (μg/dL),Normal daily dose,3,SUBGROUP_AND_OVERALL,Blot 1980,1980,,,325.44,200.53,,73,323.46,51.0878,,70,,,13.358661536909219,1.9800000000000182,-45.552191875171374,49.51219187517141,,Some concerns,"<p>Translation from French to English. Randomisation process and allocation not mentioned.<br><br>Authors state there was no difference between those groups, though data not provided</p>",,,,,,,,,,
7,7,TIBC (μg/dL),Normal daily dose,3,SUBGROUP_AND_OVERALL,Gordeuk 1990,1990,,,328,43,,40,371,55,,36,,,45.57271791082593,-43,-65.36874341831378,-20.631256581686216,,Some concerns,<p>Randomisation process not described<br>lacking baseline demographic data</p>,,,,,,,,,,
7,7,TIBC (μg/dL),Normal daily dose,3,SUBGROUP_AND_OVERALL,Simon 1984,1984,,,352.5,46.5191,,44,380,44,,19,,,41.06862055226487,-27.5,-51.59059345245558,-3.4094065475444246,all blood data extracted by visual approximation from graphs,Low risk,"<p>""randomly assigned to one of three groups by pulling a card with an A. B, or C on it from an envelope in which the cards had been placed in random order. The donor was then given a bottle of medication marked either A. B. or C according to the card pulled. The bottles were filled in the pharmacy of the University of New Mexico Hospital according to their code.""<br><br>Demographics reported in detail. Only significant difference is in prior iron supplementation (much lower in iron/vitC group). Unlikely to impact outcomes if ceased prior to randomisation</p>",,,,,,,,,,
7,8,Transferrin saturation (%),Very high daily dose,1,SUBGROUP_AND_OVERALL,Gordeuk 1987a,1987,,,24,11.619,,15,21,13.077,,19,,,100,3,-5.3155372167303465,11.315537216730347,"control group NOT split across subgroups, as using subtotals only",Some concerns,<p>Randomisation process not reported.<br><br>no baseline demographic information</p>,,,,,,,,,,
7,8,Transferrin saturation (%),High daily dose,2,SUBGROUP_AND_OVERALL,Bucher 1973,1973,,,21.3123,7.9388,,81,16.7,6,,38,,,45.749312227249476,4.612300000000001,2.037762728911329,7.186837271088674,,Some concerns,"<p>No information on randomisation process other than ""according to the randomisation plan"" (translated from German)<br><br>Authors state no differences in groups according to age and sex distribution, and report age, Hb, plasma iron, and TIBC at baseline (but not sex per group)</p>",,,,,,,,,,
7,8,Transferrin saturation (%),High daily dose,2,SUBGROUP_AND_OVERALL,Gordeuk 1987a,1987,,,22,8.246,,17,21,13.077,,19,,,6.072063535041069,1,-6.0668083671027935,8.066808367102794,"control group NOT split across subgroups, as using subtotals only",Some concerns,<p>Randomisation process not reported.<br><br>no baseline demographic information</p>,,,,,,,,,,
7,8,Transferrin saturation (%),High daily dose,2,SUBGROUP_AND_OVERALL,Linpisarn 1986,1986,,,31.7,14.59,,47,29.93,13.75,,51,,,9.584269295146838,1.7699999999999996,-3.8548631949013945,7.394863194901394,,Some concerns,"<p>Randomisation process not described<br><br>Some baseline blood data, no info on sex, age, etc</p>",,,,,,,,,,
7,8,Transferrin saturation (%),High daily dose,2,SUBGROUP_AND_OVERALL,Maghsudlu 2008,2008,,,24.34,11.03,,132,20.8,11.612,,120,,,38.594354942562624,3.539999999999999,0.7369581956992888,6.343041804300709,,Some concerns,"<p>Randomisation process not described<br>No obvious baseline imbalance for number of previous donations, but does not report age, sex.</p>",,,,,,,,,,
7,8,Transferrin saturation (%),Normal daily dose,3,SUBGROUP_AND_OVERALL,Blot 1980,1980,,,36.1315,12.6898,,73,37.3414,14.2751,,70,,,32.64759427370641,-1.2098999999999975,-5.643503845329781,3.223703845329786,,Some concerns,"<p>Translation from French to English. Randomisation process and allocation not mentioned.<br><br>Authors state there was no difference between those groups, though data not provided</p>",,,,,,,,,,
7,8,Transferrin saturation (%),Normal daily dose,3,SUBGROUP_AND_OVERALL,Cable 1988,1988,,,31,15.1,,57,21,8,,64,,,32.77129066757578,10,5.61731040984938,14.382689590150619,,Some concerns,"<p>No information on randomisation process.<br>Largely balanced in baseline characteristics (age, weight, previous donations, Hb, Hct, transferrin saturation)</p>",,,,,,,,,,
7,8,Transferrin saturation (%),Normal daily dose,3,SUBGROUP_AND_OVERALL,Gordeuk 1990,1990,,,24,9,,40,20,7,,36,,,34.58111505871781,4,0.3933940614993485,7.6066059385006515,,Some concerns,<p>Randomisation process not described<br>lacking baseline demographic data</p>,,,,,,,,,,
7,9,Adverse events,Very high daily dose,1,SUBGROUP_AND_OVERALL,Gordeuk 1987a,1987,,,,,21,23,,,15,23,,,100,1.4,1.0125378893841461,1.9357300309938292,"number of pts experiencing any side effects; control group NOT split across subgroups, as using subtotals only",Some concerns,<p>Randomisation process not reported.<br><br>no baseline demographic information</p>,,,,,,,,,,
7,9,Adverse events,High daily dose,2,SUBGROUP_AND_OVERALL,Gordeuk 1987a,1987,,,,,19,24,,,15,23,,,32.437682796906685,1.2138888888888888,0.8450290605864573,1.7437580590959336,"number of pts experiencing any side effects; control group NOT split across subgroups, as using subtotals only",Some concerns,<p>Randomisation process not reported.<br><br>no baseline demographic information</p>,,,,,,,,,,
7,9,Adverse events,High daily dose,2,SUBGROUP_AND_OVERALL,Mackintosh 1988,1988,,,,,0,22,,,0,24,,,,,,,Gastrointestinal tract toxicity reflected in anorexia or nausea was specifically enquired for,Some concerns,"<p>Randomisation process not described: appears to be two separate randomisations (2 trials), though it may be randomisation with stratification (1 trial)<br><br>&nbsp;</p>",,,,,,,,,,
7,9,Adverse events,High daily dose,2,SUBGROUP_AND_OVERALL,Maghsudlu 2008,2008,,,,,27,185,,,12,182,,,12.564876715874815,2.2135135135135133,1.1573132043525853,4.233635334047585,number of pts experiencing any side effects,Some concerns,"<p>Randomisation process not described<br>No obvious baseline imbalance for number of previous donations, but does not report age, sex.</p>",,,,,,,,,,
7,9,Adverse events,High daily dose,2,SUBGROUP_AND_OVERALL,Rybo 1971,1971,,,,,219,920,,,75,456,,,54.997440487218505,1.447304347826087,1.141930738916443,1.8343405636176389,subjects with side effects,Some concerns,<p>Randomisation not described.<br><br>No baseline data reported</p>,,,,,,,,,,
7,9,Adverse events,Normal daily dose,3,SUBGROUP_AND_OVERALL,Dara 2017,2017,,,,,22,72,,,6,71,,,27.54218770228068,3.615740740740741,1.5592863110355002,8.38433648248372,number of pts experiencing side effects in first month,Some concerns,<p>No information regarding randomisation process.<br><br>Some imbalance in blood tests and number of previous donations. This seems to influence the outcomes as they have attempted to perform a post-hoc subgroup analysis</p>,,,,,,,,,,
7,9,Adverse events,Normal daily dose,3,SUBGROUP_AND_OVERALL,Kiss 2015 (REDS-III HEIRS),2015,,,,,2,108,,,0,104,,,8.520838042135809,4.81651376146789,0.23399356501622534,99.14291793793957,GI side effects causing discontinuation,Low risk,"<p>""A stratified enrolment and randomization scheme was followed to ensure inclusion of participants with varying iron stores and a slight overrepresentation of women(60%female/40% male) and individuals 60 years and older (20%). Participants were assessed for iron status per protocol as iron depleted (“low ferritin,” ≤26 ng/mL) and iron-replete (“higher ferritin,” &gt;26 ng/mL) based on the ferritin measurement at enrolment""<br>""If the appropriate subgroup remained open, a centralized computer program randomized the participant to receive iron supplements or no iron""</p>",,,,,,,,,,
7,9,Adverse events,Normal daily dose,3,SUBGROUP_AND_OVERALL,Marks 2013 (FIRST),2013,,,,,116,141,,,114,141,,,33.74592600290858,1.0175438596491229,0.910626082213617,1.137014990601541,"gastrointestinal complaints in participants as determined by a self-administered diary, phone call at weeks 1,4,8,12",Low risk,"<p>""Allocation will be through central randomization by computer off-site... Randomisation will be carried out by Trident Clinical Research Pty Ltd. The sequence of allocation of carbonyl iron or placebo to donors will be ascertained via a computerised randomisation program. Donors will be assigned a numbered packet sequentially on enrolment""</p>",,,,,,,,,,
7,9,Adverse events,Normal daily dose,3,SUBGROUP_AND_OVERALL,Waldvogel 2012,2012,,,,,29,74,,,11,71,,,30.191048252674936,2.5294840294840295,1.370389913812571,4.668955449047372,any adverse event,Low risk,"<p>""simple random allocation sequence without restriction was generated by<br><br>an independent pharmacy according to a pre-established computer-generated list. Each drug package was identified with a unique number according to the randomization schedule and given to the nurse in charge of the participant.<br><br>The code was held by the pharmacist and remained unbroken until the end of the trial. The allocation remained concealed from participants, care providers, investigators and the statistician until the end of the statistical analysis.""<br><br>&nbsp;</p>",,,,,,,,,,
7,10,Adherence (n/N),Very high daily dose,1,SUBGROUP_AND_OVERALL,Gordeuk 1987a,1987,,,,,15,22,,,19,23,,,100,0.8253588516746412,0.5865636412153261,1.1613696897854755,"those completing study; control group NOT split across subgroups, as using subtotals only",Some concerns,<p>Randomisation process not reported.<br><br>no baseline demographic information</p>,,,,,,,,,,
7,10,Adherence (n/N),High daily dose,2,SUBGROUP_AND_OVERALL,Gordeuk 1987a,1987,,,,,17,23,,,19,23,,,1.896787995263586,0.8947368421052632,0.6583624422684838,1.2159776518570424,"those completing study; control group NOT split across subgroups, as using subtotals only",Some concerns,<p>Randomisation process not reported.<br><br>no baseline demographic information</p>,,,,,,,,,,
7,10,Adherence (n/N),High daily dose,2,SUBGROUP_AND_OVERALL,Rybo 1971,1971,,,,,662,781,,,352,385,,,98.10321200473642,0.927096670934699,0.8883814653365165,0.9674990652046328,postal questionnaire: self report discontinuation as non-compliant,Some concerns,<p>Randomisation not described.<br><br>No baseline data reported</p>,,,,,,,,,,
7,10,Adherence (n/N),Normal daily dose,3,SUBGROUP_AND_OVERALL,Gordeuk 1990,1990,,,,,14,50,,,16,49,,,2.190979965828628,0.8575,0.4708984677484113,1.561496374188363,those returning who took all pills,Some concerns,<p>Randomisation process not described<br>lacking baseline demographic data</p>,,,,,,,,,,
7,10,Adherence (n/N),Normal daily dose,3,SUBGROUP_AND_OVERALL,Marks 2013 (FIRST),2013,,,,,121,141,,,124,141,,,95.54372931413175,0.9758064516129032,0.8911377821753426,1.0685196498850817,"administered diary, selfreported compliance and tablet counts (phone call at weeks 1,4,8,12)",Low risk,"<p>""Allocation will be through central randomization by computer off-site... Randomisation will be carried out by Trident Clinical Research Pty Ltd. The sequence of allocation of carbonyl iron or placebo to donors will be ascertained via a computerised randomisation program. Donors will be assigned a numbered packet sequentially on enrolment""</p>",,,,,,,,,,
7,10,Adherence (n/N),Normal daily dose,3,SUBGROUP_AND_OVERALL,Mirrezaie 2008,2008,,,,,13,39,,,14,31,,,2.265290720039622,0.7380952380952381,0.4093650062909009,1.3308039820866715,ingested &gt;/=50 tablets (90%),Some concerns,"<p>Randomisation not described beyond ""random block design""<br>Demographics appear well balanced</p>",,,,,,,,,,
7,11,Adherence (% tablets consumed),Normal daily dose,1,SUBGROUP_AND_OVERALL,Waldvogel 2012,2012,,,96,16.7,,74,96,14.2,,71,,,100,0,-5.038588171330985,5.038588171330985,,Low risk,"<p>""simple random allocation sequence without restriction was generated by<br><br>an independent pharmacy according to a pre-established computer-generated list. Each drug package was identified with a unique number according to the randomization schedule and given to the nurse in charge of the participant.<br><br>The code was held by the pharmacist and remained unbroken until the end of the trial. The allocation remained concealed from participants, care providers, investigators and the statistician until the end of the statistical analysis.""<br><br>&nbsp;</p>",,,,,,,,,,
8,1,Deferrals,High daily dose,1,SUBGROUP_AND_OVERALL,Maghsudlu 2008,2008,,,,,6,155,,,8,152,,,100,0.7354838709677419,0.26137134070653506,2.0696091736433027,female threshold: Hb 12.5g/dL,Some concerns,"<p>Randomisation process not described<br>No obvious baseline imbalance for number of previous donations, but does not report age, sex.</p>",,,,,,,,,,
8,1,Deferrals,Normal daily dose,2,SUBGROUP_AND_OVERALL,Cable 1988,1988,,,,,21,50,,,29,56,,,42.32600905274658,0.8110344827586207,0.5370244394822176,1.2248547437761896,According to American Red Cross Guideline 1985,Some concerns,"<p>No information on randomisation process.<br>Largely balanced in baseline characteristics (age, weight, previous donations, Hb, Hct, transferrin saturation)</p>",,,,,,,,,,
8,1,Deferrals,Normal daily dose,2,SUBGROUP_AND_OVERALL,Radtke 2004a,2004,,,,,1,113,,,7,87,,,18.79811455439995,0.1099873577749684,0.013788135634001407,0.8773643653814427,"threshold: female Hb 12.5g/dL, male Hb 13.5g/dL; control group NOT split across subgroups, as using subtotals only",Some concerns,"<p>Randomisation process not reported beyond ""block randomisation of variable length""<br>Baseline bloods (visit 0) reported for each subgroup, and sex have been analysed separately. No information on age and previous donations etc</p>",,,,,,,,,,
8,1,Deferrals,Normal daily dose,2,SUBGROUP_AND_OVERALL,Radtke 2004b,2004,,,,,9,112,,,36,108,,,38.875876392853485,0.24107142857142858,0.12201713098757352,0.47628913418221563,threshold Hb 14g/dL,Low risk,"<p>""Sample-size calculation, block randomization with variable block length, and statistical analysis were performed with software (Stata for Windows, Stata Corp., College Station, TX)."" Variable block size suggests adequate allocation concealment.<br>No baseline characteristics given per group - this would be mostly fine for a crossover study, where both periods are analysed, as they would essentially self-control, but we are using only period 1 (up to visit 3, where they crossover).</p>",,,,,,,,,,
8,1,Deferrals,Low daily dose,3,SUBGROUP_AND_OVERALL,Radtke 2004a,2004,,,,,0,104,,,7,87,,,100,0.05587301587301586,0.0032362646238830216,0.964628751217695,"threshold: female Hb 12.5g/dL, male Hb 13.5g/dL; control group NOT split across subgroups, as using subtotals only",Some concerns,"<p>Randomisation process not reported beyond ""block randomisation of variable length""<br>Baseline bloods (visit 0) reported for each subgroup, and sex have been analysed separately. No information on age and previous donations etc</p>",,,,,,,,,,
8,2,Hb (g/L),High daily dose,1,SUBGROUP_AND_OVERALL,Maghsudlu 2008,2008,,,122.1,9.19,,132,128,8.76,,120,,,100,-5.900000000000006,-8.116838784178839,-3.683161215821172,,Some concerns,"<p>Randomisation process not described<br>No obvious baseline imbalance for number of previous donations, but does not report age, sex.</p>",,,,,,,,,,
8,2,Hb (g/L),Normal daily dose,2,SUBGROUP_AND_OVERALL,Cable 1988,1988,,,132,7.07,,50,128,7.48,,56,,,38.262085891263105,4,1.229015502412738,6.770984497587262,,Some concerns,"<p>No information on randomisation process.<br>Largely balanced in baseline characteristics (age, weight, previous donations, Hb, Hct, transferrin saturation)</p>",,,,,,,,,,
8,2,Hb (g/L),Normal daily dose,2,SUBGROUP_AND_OVERALL,Pachikian 2020,2020,,,144,9.95,,11,148,9.95,,11,,,27.03519532211873,-4,-12.315527938149208,4.3155279381492075,"control group NOT split across subgroups, as using subtotals only",Some concerns,<p>Randomisation process not described.<br><br>Baseline comparison data for iron stores (table 1) show no significant differences between groups. Age and fitness level data in trial registry show no differences</p>,,,,,,,,,,
8,2,Hb (g/L),Normal daily dose,2,SUBGROUP_AND_OVERALL,Simon 1984,1984,,,141.5,9.304,,44,131,8.7,,19,,,34.70271878661817,10.5,5.718709215802157,15.281290784197843,Data extracted from visual approximation of graphs,Low risk,"<p>""randomly assigned to one of three groups by pulling a card with an A. B, or C on it from an envelope in which the cards had been placed in random order. The donor was then given a bottle of medication marked either A. B. or C according to the card pulled. The bottles were filled in the pharmacy of the University of New Mexico Hospital according to their code.""<br><br>Demographics reported in detail. Only significant difference is in prior iron supplementation (much lower in iron/vitC group). Unlikely to impact outcomes if ceased prior to randomisation</p>",,,,,,,,,,
8,2,Hb (g/L),Low daily dose,3,SUBGROUP_AND_OVERALL,Pachikian 2020,2020,,,145,9.95,,11,148,9.95,,11,,,100,-3,-11.315527938149208,5.3155279381492075,"control group NOT split across subgroups, as using subtotals only",Some concerns,<p>Randomisation process not described.<br><br>Baseline comparison data for iron stores (table 1) show no significant differences between groups. Age and fitness level data in trial registry show no differences</p>,,,,,,,,,,
8,3,Serum ferritin (ng/mL),High daily dose,1,SUBGROUP_AND_OVERALL,Maghsudlu 2008,2008,,,22.14,14.821,,132,18.81,16.541,,120,,,100,3.330000000000002,-0.5624634948005425,7.222463494800547,,Some concerns,"<p>Randomisation process not described<br>No obvious baseline imbalance for number of previous donations, but does not report age, sex.</p>",,,,,,,,,,
8,3,Serum ferritin (ng/mL),Normal daily dose,2,SUBGROUP_AND_OVERALL,Cable 1988,1988,,,26,14.142,,50,13,7.483,,56,,,61.175609530566256,13,8.617457789818037,17.382542210181963,,Some concerns,"<p>No information on randomisation process.<br>Largely balanced in baseline characteristics (age, weight, previous donations, Hb, Hct, transferrin saturation)</p>",,,,,,,,,,
8,3,Serum ferritin (ng/mL),Normal daily dose,2,SUBGROUP_AND_OVERALL,Pachikian 2020,2020,,,49.65,24.178,,11,41.3,31.475,,11,,,2.1358816001346232,8.350000000000001,-15.104526672552062,31.804526672552065,"plasma ferritin; control group NOT split across subgroups, as using subtotals only",Some concerns,<p>Randomisation process not described.<br><br>Baseline comparison data for iron stores (table 1) show no significant differences between groups. Age and fitness level data in trial registry show no differences</p>,,,,,,,,,,
8,3,Serum ferritin (ng/mL),Normal daily dose,2,SUBGROUP_AND_OVERALL,Radtke 2004a,2004,,,30.8,20.0321,,114,20.3943,20.4711,,87,,,36.68850886929911,10.4057,4.746562713626942,16.064837286373056,"control group NOT split across subgroups, as using subtotals only",Some concerns,"<p>Randomisation process not reported beyond ""block randomisation of variable length""<br>Baseline bloods (visit 0) reported for each subgroup, and sex have been analysed separately. No information on age and previous donations etc</p>",,,,,,,,,,
8,3,Serum ferritin (ng/mL),Low daily dose,3,SUBGROUP_AND_OVERALL,Pachikian 2020,2020,,,60.83,54.028,,11,41.3,31.475,,11,,,3.689505688740598,19.53,-17.420769609926417,56.48076960992642,"plasma ferritin; control group NOT split across subgroups, as using subtotals only",Some concerns,<p>Randomisation process not described.<br><br>Baseline comparison data for iron stores (table 1) show no significant differences between groups. Age and fitness level data in trial registry show no differences</p>,,,,,,,,,,
8,3,Serum ferritin (ng/mL),Low daily dose,3,SUBGROUP_AND_OVERALL,Radtke 2004a,2004,,,27.3379,30.1048,,103,20.3943,20.4711,,87,,,96.3104943112594,6.9436,-0.28860577622057004,14.175805776220571,"control group NOT split across subgroups, as using subtotals only",Some concerns,"<p>Randomisation process not reported beyond ""block randomisation of variable length""<br>Baseline bloods (visit 0) reported for each subgroup, and sex have been analysed separately. No information on age and previous donations etc</p>",,,,,,,,,,
8,4,Serum ferritin (ng/mL) – reported as geometric mean,Normal daily dose,1,SUBGROUP_AND_OVERALL,Simon 1984,1984,1.916667,0.2079,,,,22,,,,10,,,50.43102647468649,6.798262059290856,4.523067832475243,10.217924810891395,iron+ascorbic acid vs ascorbic acid; all data extracted by visual approximation from graphs (control group split),Low risk,"<p>""randomly assigned to one of three groups by pulling a card with an A. B, or C on it from an envelope in which the cards had been placed in random order. The donor was then given a bottle of medication marked either A. B. or C according to the card pulled. The bottles were filled in the pharmacy of the University of New Mexico Hospital according to their code.""<br><br>Demographics reported in detail. Only significant difference is in prior iron supplementation (much lower in iron/vitC group). Unlikely to impact outcomes if ceased prior to randomisation</p>",,,,,,,,,,
8,4,Serum ferritin (ng/mL) – reported as geometric mean,Normal daily dose,1,SUBGROUP_AND_OVERALL,Simon 1984,1984,2.166667,0.2097,,,,22,,,,9,,,49.568973525313524,8.729141273433404,5.787280849058115,13.16644368208946,iron vs ascorbic acid; all data extracted by visual approximation from graphs (control group split),Low risk,"<p>""randomly assigned to one of three groups by pulling a card with an A. B, or C on it from an envelope in which the cards had been placed in random order. The donor was then given a bottle of medication marked either A. B. or C according to the card pulled. The bottles were filled in the pharmacy of the University of New Mexico Hospital according to their code.""<br><br>Demographics reported in detail. Only significant difference is in prior iron supplementation (much lower in iron/vitC group). Unlikely to impact outcomes if ceased prior to randomisation</p>",,,,,,,,,,
8,5,MCV (fl),Normal daily dose,1,SUBGROUP_AND_OVERALL,Pachikian 2020,2020,,,84.8,2.322,,11,84.6,3.317,,11,,,100.00000000000003,0.20000000000000284,-2.192745484296521,2.5927454842965267,"control group NOT split across subgroups, as using subtotals only",Some concerns,<p>Randomisation process not described.<br><br>Baseline comparison data for iron stores (table 1) show no significant differences between groups. Age and fitness level data in trial registry show no differences</p>,,,,,,,,,,
8,5,MCV (fl),Low daily dose,2,SUBGROUP_AND_OVERALL,Pachikian 2020,2020,,,85.2,3.317,,11,84.6,3.317,,11,,,100,0.6000000000000085,-2.172121223200085,3.372121223200102,"control group NOT split across subgroups, as using subtotals only",Some concerns,<p>Randomisation process not described.<br><br>Baseline comparison data for iron stores (table 1) show no significant differences between groups. Age and fitness level data in trial registry show no differences</p>,,,,,,,,,,
8,6,Serum iron (μg/dL),High daily dose,1,SUBGROUP_AND_OVERALL,Maghsudlu 2008,2008,,,78.72,25.736,,132,69.97,27.057,,120,,,100.00000000000003,8.75,2.214639121628683,15.285360878371318,,Some concerns,"<p>Randomisation process not described<br>No obvious baseline imbalance for number of previous donations, but does not report age, sex.</p>",,,,,,,,,,
8,6,Serum iron (μg/dL),Normal daily dose,2,SUBGROUP_AND_OVERALL,Pachikian 2020,2020,,,100,43.116,,11,107,66.332,,11,,,100,-7,-53.75214878735749,39.75214878735749,"NR as serum or plasma iron (just ""iron""); control group NOT split across subgroups, as using subtotals only",Some concerns,<p>Randomisation process not described.<br><br>Baseline comparison data for iron stores (table 1) show no significant differences between groups. Age and fitness level data in trial registry show no differences</p>,,,,,,,,,,
8,6,Serum iron (μg/dL),Low daily dose,3,SUBGROUP_AND_OVERALL,Pachikian 2020,2020,,,109,39.799,,11,107,66.332,,11,,,100,2,-43.71342033832318,47.71342033832318,"NR as serum or plasma iron (just ""iron""); control group NOT split across subgroups, as using subtotals only",Some concerns,<p>Randomisation process not described.<br><br>Baseline comparison data for iron stores (table 1) show no significant differences between groups. Age and fitness level data in trial registry show no differences</p>,,,,,,,,,,
8,7,TIBC (μg/dL),High daily dose,1,SUBGROUP_AND_OVERALL,Maghsudlu 2008,2008,,,371.4,65.948,,132,396.47,75.367,,120,,,100,-25.07000000000005,-42.631418708502935,-7.508581291497169,,Some concerns,"<p>Randomisation process not described<br>No obvious baseline imbalance for number of previous donations, but does not report age, sex.</p>",,,,,,,,,,
8,7,TIBC (μg/dL),Normal daily dose,2,SUBGROUP_AND_OVERALL,Simon 1984,1984,,,345,46.4503,,44,385,44,,19,,,100,-40,-64.07900036832069,-15.920999631679301,All blood data extracted from visual approximation of graphs,Low risk,"<p>""randomly assigned to one of three groups by pulling a card with an A. B, or C on it from an envelope in which the cards had been placed in random order. The donor was then given a bottle of medication marked either A. B. or C according to the card pulled. The bottles were filled in the pharmacy of the University of New Mexico Hospital according to their code.""<br><br>Demographics reported in detail. Only significant difference is in prior iron supplementation (much lower in iron/vitC group). Unlikely to impact outcomes if ceased prior to randomisation</p>",,,,,,,,,,
8,8,Transferrin saturation (%),High daily dose,1,SUBGROUP_AND_OVERALL,Maghsudlu 2008,2008,,,22.5,10.455,,132,18.88,9.421,,120,,,99.99999999999999,3.620000000000001,1.1659634379582213,6.074036562041781,,Some concerns,"<p>Randomisation process not described<br>No obvious baseline imbalance for number of previous donations, but does not report age, sex.</p>",,,,,,,,,,
8,8,Transferrin saturation (%),Normal daily dose,2,SUBGROUP_AND_OVERALL,Cable 1988,1988,,,36,21.213,,50,22,14.967,,56,,,100,14,6.933242452592137,21.066757547407864,,Some concerns,"<p>No information on randomisation process.<br>Largely balanced in baseline characteristics (age, weight, previous donations, Hb, Hct, transferrin saturation)</p>",,,,,,,,,,
8,9,Adverse events,High daily dose,1,SUBGROUP_AND_OVERALL,Maghsudlu 2008,2008,,,,,28,156,,,9,158,,,100,3.150997150997151,1.5372945300127332,6.458608192348101,number of pts reporting any side effects,Some concerns,"<p>Randomisation process not described<br>No obvious baseline imbalance for number of previous donations, but does not report age, sex.</p>",,,,,,,,,,
9,1,Deferrals,High daily dose,1,SUBGROUP_AND_OVERALL,Maghsudlu 2008,2008,,,,,3,132,,,6,120,,,100,0.45454545454545453,0.11623578956978442,1.7775211147328307,female threshold: Hb 12.5g/dL,Some concerns,"<p>Randomisation process not described<br>No obvious baseline imbalance for number of previous donations, but does not report age, sex.</p>",,,,,,,,,,
9,1,Deferrals,Normal daily dose,2,SUBGROUP_AND_OVERALL,Cable 1988,1988,,,,,25,46,,,22,45,,,40.755391860579095,1.1116600790513833,0.7457328842868973,1.6571458190934452,According to American Red Cross Guideline 1985,Some concerns,"<p>No information on randomisation process.<br>Largely balanced in baseline characteristics (age, weight, previous donations, Hb, Hct, transferrin saturation)</p>",,,,,,,,,,
9,1,Deferrals,Normal daily dose,2,SUBGROUP_AND_OVERALL,Radtke 2004a,2004,,,,,1,54,,,4,40,,,19.835604109080588,0.1851851851851852,0.021510320582215196,1.5942836686695112,"male threshold: Hb 13.5g/dL; control group NOT split across subgroups, as using subtotals only",Some concerns,"<p>Randomisation process not reported beyond ""block randomisation of variable length""<br>Baseline bloods (visit 0) reported for each subgroup, and sex have been analysed separately. No information on age and previous donations etc</p>",,,,,,,,,,
9,1,Deferrals,Normal daily dose,2,SUBGROUP_AND_OVERALL,Radtke 2004b,2004,,,,,13,108,,,47,103,,,39.40900403034033,0.2637903861308117,0.15193635987232723,0.45799022612833157,male threshold: Hb 14g/dL,Low risk,"<p>""Sample-size calculation, block randomization with variable block length, and statistical analysis were performed with software (Stata for Windows, Stata Corp., College Station, TX)."" Variable block size suggests adequate allocation concealment.<br>No baseline characteristics given per group - this would be mostly fine for a crossover study, where both periods are analysed, as they would essentially self-control, but we are using only period 1 (up to visit 3, where they crossover).</p>",,,,,,,,,,
9,1,Deferrals,Low daily dose,3,SUBGROUP_AND_OVERALL,Radtke 2004a,2004,,,,,1,54,,,4,40,,,100,0.1851851851851852,0.021510320582215196,1.5942836686695112,"male threshold: Hb 13.5g/dL; control group NOT split across subgroups, as using subtotals only",Some concerns,"<p>Randomisation process not reported beyond ""block randomisation of variable length""<br>Baseline bloods (visit 0) reported for each subgroup, and sex have been analysed separately. No information on age and previous donations etc</p>",,,,,,,,,,
9,2,Hb (g/L),High daily dose,1,SUBGROUP_AND_OVERALL,Maghsudlu 2008,2008,,,131,9.19,,132,127.3,8.76,,120,,,100,3.700000000000003,1.4831612158211693,5.916838784178836,,Some concerns,"<p>Randomisation process not described<br>No obvious baseline imbalance for number of previous donations, but does not report age, sex.</p>",,,,,,,,,,
9,2,Hb (g/L),Normal daily dose,2,SUBGROUP_AND_OVERALL,Cable 1988,1988,,,134,6.78,,46,129,6.71,,45,,,26.989766093481894,5,2.2282972668752437,7.771702733124757,,Some concerns,"<p>No information on randomisation process.<br>Largely balanced in baseline characteristics (age, weight, previous donations, Hb, Hct, transferrin saturation)</p>",,,,,,,,,,
9,2,Hb (g/L),Normal daily dose,2,SUBGROUP_AND_OVERALL,Mast 2016 (STRIDE),2012,,,141,10.89796,,73,138,12.75255,,51,,,25.61318628779307,3,-1.3010828996272084,7.301082899627208,"control group NOT split across subgroups, as using subtotals only",Low risk,"<p>""The lists were generated using standard block randomization methods,<br><br>implemented with computer software (nQuery Advisor, 2014, Statistical Solutions, Boston, MA). The randomized numbers from the algorithm correspond to one of the five study arms. While they appeared to be random numbers, they coded for the group assignment. Each of the five study arms had three to four codes so that patterns could not be identified by investigators, coordinators, and staff at study sites""<br><br>Uneven medical de-enrolment from study, appears that placebo group are ""healthier"" suggest some baseline imbalance. Bias in favour of placebo (reduced effect size of iron)</p>",,,,,,,,,,
9,2,Hb (g/L),Normal daily dose,2,SUBGROUP_AND_OVERALL,Pachikian 2020,2020,,,141,6.63,,11,145,9.95,,11,,,22.307716106733587,-4,-11.06574739102241,3.065747391022409,"control group NOT split across subgroups, as using subtotals only",Some concerns,<p>Randomisation process not described.<br><br>Baseline comparison data for iron stores (table 1) show no significant differences between groups. Age and fitness level data in trial registry show no differences</p>,,,,,,,,,,
9,2,Hb (g/L),Normal daily dose,2,SUBGROUP_AND_OVERALL,Simon 1984,1984,,,142,9.345,,44,127,8.7,,19,,,25.089331511991443,15,10.211733463307837,19.788266536692163,Data extracted from visual approximation of graphs,Low risk,"<p>""randomly assigned to one of three groups by pulling a card with an A. B, or C on it from an envelope in which the cards had been placed in random order. The donor was then given a bottle of medication marked either A. B. or C according to the card pulled. The bottles were filled in the pharmacy of the University of New Mexico Hospital according to their code.""<br><br>Demographics reported in detail. Only significant difference is in prior iron supplementation (much lower in iron/vitC group). Unlikely to impact outcomes if ceased prior to randomisation</p>",,,,,,,,,,
9,2,Hb (g/L),Low daily dose,3,SUBGROUP_AND_OVERALL,Mast 2016 (STRIDE),2012,,,141,11.75685574,,59,138,12.75255,,51,,,76.49350609373965,3,-1.6096873641133973,7.609687364113397,"control group NOT split across subgroups, as using subtotals only",Low risk,"<p>""The lists were generated using standard block randomization methods,<br><br>implemented with computer software (nQuery Advisor, 2014, Statistical Solutions, Boston, MA). The randomized numbers from the algorithm correspond to one of the five study arms. While they appeared to be random numbers, they coded for the group assignment. Each of the five study arms had three to four codes so that patterns could not be identified by investigators, coordinators, and staff at study sites""<br><br>Uneven medical de-enrolment from study, appears that placebo group are ""healthier"" suggest some baseline imbalance. Bias in favour of placebo (reduced effect size of iron)</p>",,,,,,,,,,
9,2,Hb (g/L),Low daily dose,3,SUBGROUP_AND_OVERALL,Pachikian 2020,2020,,,144,9.95,,11,145,9.95,,11,,,23.506493906260353,-1,-9.315527938149208,7.3155279381492075,"control group NOT split across subgroups, as using subtotals only",Some concerns,<p>Randomisation process not described.<br><br>Baseline comparison data for iron stores (table 1) show no significant differences between groups. Age and fitness level data in trial registry show no differences</p>,,,,,,,,,,
9,3,Serum ferritin (ng/mL),High daily dose,1,SUBGROUP_AND_OVERALL,Maghsudlu 2008,2008,,,26.04,19.072,,132,19.02,18.294,,120,,,100,7.02,2.404904751660829,11.63509524833917,,Some concerns,"<p>Randomisation process not described<br>No obvious baseline imbalance for number of previous donations, but does not report age, sex.</p>",,,,,,,,,,
9,3,Serum ferritin (ng/mL),Normal daily dose,2,SUBGROUP_AND_OVERALL,Cable 1988,1988,,,30,20.347,,46,18,13.416,,45,,,65.92948098622134,12,4.933313040623777,19.066686959376224,,Some concerns,"<p>No information on randomisation process.<br>Largely balanced in baseline characteristics (age, weight, previous donations, Hb, Hct, transferrin saturation)</p>",,,,,,,,,,
9,3,Serum ferritin (ng/mL),Normal daily dose,2,SUBGROUP_AND_OVERALL,Pachikian 2020,2020,,,35.79,19.469,,11,28.34,29.982,,11,,,7.377170645276129,7.449999999999999,-13.675683404174752,28.57568340417475,"plasma ferritin; control group NOT split across subgroups, as using subtotals only",Some concerns,<p>Randomisation process not described.<br><br>Baseline comparison data for iron stores (table 1) show no significant differences between groups. Age and fitness level data in trial registry show no differences</p>,,,,,,,,,,
9,3,Serum ferritin (ng/mL),Normal daily dose,2,SUBGROUP_AND_OVERALL,Radtke 2004a,2004,,,33.2,26.7,,54,21.4,27.5,,40,,,26.693348368502544,11.800000000000004,0.694089875508693,22.905910124491314,"plasma ferritin; control group NOT split across subgroups, as using subtotals only",Some concerns,"<p>Randomisation process not reported beyond ""block randomisation of variable length""<br>Baseline bloods (visit 0) reported for each subgroup, and sex have been analysed separately. No information on age and previous donations etc</p>",,,,,,,,,,
9,3,Serum ferritin (ng/mL),Low daily dose,3,SUBGROUP_AND_OVERALL,Pachikian 2020,2020,,,30.99,13.897,,11,28.34,29.982,,11,,,20.85903487872393,2.6499999999999986,-16.878658016977877,22.178658016977874,"plasma ferritin; control group NOT split across subgroups, as using subtotals only",Some concerns,<p>Randomisation process not described.<br><br>Baseline comparison data for iron stores (table 1) show no significant differences between groups. Age and fitness level data in trial registry show no differences</p>,,,,,,,,,,
9,3,Serum ferritin (ng/mL),Low daily dose,3,SUBGROUP_AND_OVERALL,Radtke 2004a,2004,,,25,19.8,,54,21.4,27.5,,40,,,79.14096512127608,3.6000000000000014,-6.425795323413881,13.625795323413884,"plasma ferritin; control group NOT split across subgroups, as using subtotals only",Some concerns,"<p>Randomisation process not reported beyond ""block randomisation of variable length""<br>Baseline bloods (visit 0) reported for each subgroup, and sex have been analysed separately. No information on age and previous donations etc</p>",,,,,,,,,,
9,4,Serum ferritin (ng/mL) – reported as geometric mean,Normal daily dose,1,SUBGROUP_AND_OVERALL,Mast 2016 (STRIDE),2012,1.4078,0.2565,,,,36,,,,27,,,24.951631246782867,4.086954207129338,2.4721030805198483,6.756674033050334,plasma ferritin: higher dose (38mg); female; control group split by sex (but not across subgroups),Low risk,"<p>""The lists were generated using standard block randomization methods,<br><br>implemented with computer software (nQuery Advisor, 2014, Statistical Solutions, Boston, MA). The randomized numbers from the algorithm correspond to one of the five study arms. While they appeared to be random numbers, they coded for the group assignment. Each of the five study arms had three to four codes so that patterns could not be identified by investigators, coordinators, and staff at study sites""<br><br>Uneven medical de-enrolment from study, appears that placebo group are ""healthier"" suggest some baseline imbalance. Bias in favour of placebo (reduced effect size of iron)</p>",,,,,,,,,,
9,4,Serum ferritin (ng/mL) – reported as geometric mean,Normal daily dose,1,SUBGROUP_AND_OVERALL,Mast 2016 (STRIDE),2012,2.2796,0.2698,,,,39,,,,25,,,24.45752521575441,9.77277051939525,5.7592180885130375,16.58333512586597,plasma ferritin: higher dose (38mg); male; control group split by sex (but not across subgroups),Low risk,"<p>""The lists were generated using standard block randomization methods,<br><br>implemented with computer software (nQuery Advisor, 2014, Statistical Solutions, Boston, MA). The randomized numbers from the algorithm correspond to one of the five study arms. While they appeared to be random numbers, they coded for the group assignment. Each of the five study arms had three to four codes so that patterns could not be identified by investigators, coordinators, and staff at study sites""<br><br>Uneven medical de-enrolment from study, appears that placebo group are ""healthier"" suggest some baseline imbalance. Bias in favour of placebo (reduced effect size of iron)</p>",,,,,,,,,,
9,4,Serum ferritin (ng/mL) – reported as geometric mean,Normal daily dose,1,SUBGROUP_AND_OVERALL,Simon 1984,1984,2.8,0.2478,,,,22,,,,9,,,25.271641808500405,16.444646771097048,10.118049666968027,26.72712788799627,iron vs ascorbic acid; all data extracted by visual approximation from graphs,Low risk,"<p>""randomly assigned to one of three groups by pulling a card with an A. B, or C on it from an envelope in which the cards had been placed in random order. The donor was then given a bottle of medication marked either A. B. or C according to the card pulled. The bottles were filled in the pharmacy of the University of New Mexico Hospital according to their code.""<br><br>Demographics reported in detail. Only significant difference is in prior iron supplementation (much lower in iron/vitC group). Unlikely to impact outcomes if ceased prior to randomisation</p>",,,,,,,,,,
9,4,Serum ferritin (ng/mL) – reported as geometric mean,Normal daily dose,1,SUBGROUP_AND_OVERALL,Simon 1984,1984,2.4,0.2465,,,,22,,,,10,,,25.319201728962316,11.023176380641601,6.79963461609287,17.870139261770483,iron+ascorbic acid vs ascorbic acid; all data extracted by visual approximation from graphs,Low risk,"<p>""randomly assigned to one of three groups by pulling a card with an A. B, or C on it from an envelope in which the cards had been placed in random order. The donor was then given a bottle of medication marked either A. B. or C according to the card pulled. The bottles were filled in the pharmacy of the University of New Mexico Hospital according to their code.""<br><br>Demographics reported in detail. Only significant difference is in prior iron supplementation (much lower in iron/vitC group). Unlikely to impact outcomes if ceased prior to randomisation</p>",,,,,,,,,,
9,4,Serum ferritin (ng/mL) – reported as geometric mean,Low daily dose,2,SUBGROUP_AND_OVERALL,Mast 2016 (STRIDE),2012,1.514,0.2687,,,,29,,,,27,,,50.95826068173744,4.5448739796713165,2.6841327492113907,7.6955506381575844,plasma ferritin: low dose (19mg); female; control group split by sex (but not across subgroups),Low risk,"<p>""The lists were generated using standard block randomization methods,<br><br>implemented with computer software (nQuery Advisor, 2014, Statistical Solutions, Boston, MA). The randomized numbers from the algorithm correspond to one of the five study arms. While they appeared to be random numbers, they coded for the group assignment. Each of the five study arms had three to four codes so that patterns could not be identified by investigators, coordinators, and staff at study sites""<br><br>Uneven medical de-enrolment from study, appears that placebo group are ""healthier"" suggest some baseline imbalance. Bias in favour of placebo (reduced effect size of iron)</p>",,,,,,,,,,
9,4,Serum ferritin (ng/mL) – reported as geometric mean,Low daily dose,2,SUBGROUP_AND_OVERALL,Mast 2016 (STRIDE),2012,1.8602,0.2739,,,,32,,,,25,,,49.04173931826256,6.425021647266721,3.7560424553914085,10.990531565635402,plasma ferritin: low dose (19mg); male; control group split by sex (but not across subgroups),Low risk,"<p>""The lists were generated using standard block randomization methods,<br><br>implemented with computer software (nQuery Advisor, 2014, Statistical Solutions, Boston, MA). The randomized numbers from the algorithm correspond to one of the five study arms. While they appeared to be random numbers, they coded for the group assignment. Each of the five study arms had three to four codes so that patterns could not be identified by investigators, coordinators, and staff at study sites""<br><br>Uneven medical de-enrolment from study, appears that placebo group are ""healthier"" suggest some baseline imbalance. Bias in favour of placebo (reduced effect size of iron)</p>",,,,,,,,,,
9,5,MCV (fl),Normal daily dose,1,SUBGROUP_AND_OVERALL,Pachikian 2020,2020,,,87.5,1.99,,11,86.9,3.648,,11,,,100,0.5999999999999943,-1.8556859119858173,3.055685911985806,"control group NOT split across subgroups, as using subtotals only",Some concerns,<p>Randomisation process not described.<br><br>Baseline comparison data for iron stores (table 1) show no significant differences between groups. Age and fitness level data in trial registry show no differences</p>,,,,,,,,,,
9,5,MCV (fl),Low daily dose,2,SUBGROUP_AND_OVERALL,Pachikian 2020,2020,,,88,2.985,,11,86.9,3.648,,11,,,100,1.0999999999999943,-1.6855149291610552,3.885514929161044,"control group NOT split across subgroups, as using subtotals only",Some concerns,<p>Randomisation process not described.<br><br>Baseline comparison data for iron stores (table 1) show no significant differences between groups. Age and fitness level data in trial registry show no differences</p>,,,,,,,,,,
9,6,Serum iron (μg/dL),High daily dose,1,SUBGROUP_AND_OVERALL,Maghsudlu 2008,2008,,,77.86,27.689,,132,69.97,27.057,,120,,,99.99999999999999,7.890000000000001,1.1263166823003399,14.653683317699661,,Some concerns,"<p>Randomisation process not described<br>No obvious baseline imbalance for number of previous donations, but does not report age, sex.</p>",,,,,,,,,,
9,6,Serum iron (μg/dL),Normal daily dose,2,SUBGROUP_AND_OVERALL,Pachikian 2020,2020,,,116,39.799,,11,85,43.116,,11,,,100,31,-3.6750501046767,65.6750501046767,"NR whether serum or plasma iron (just ""iron""); control group NOT split across subgroups, as using subtotals only",Some concerns,<p>Randomisation process not described.<br><br>Baseline comparison data for iron stores (table 1) show no significant differences between groups. Age and fitness level data in trial registry show no differences</p>,,,,,,,,,,
9,6,Serum iron (μg/dL),Low daily dose,3,SUBGROUP_AND_OVERALL,Pachikian 2020,2020,,,97,23.216,,11,85,43.116,,11,,,100,12,-16.938353162637615,40.93835316263761,"NR whether serum or plasma iron (just ""iron""); control group NOT split across subgroups, as using subtotals only",Some concerns,<p>Randomisation process not described.<br><br>Baseline comparison data for iron stores (table 1) show no significant differences between groups. Age and fitness level data in trial registry show no differences</p>,,,,,,,,,,
9,7,TIBC (μg/dL),High daily dose,1,SUBGROUP_AND_OVERALL,Maghsudlu 2008,2008,,,370.22,58.709,,132,405.67,75.805,,120,,,100,-35.44999999999999,-52.310061729014734,-18.589938270985243,,Some concerns,"<p>Randomisation process not described<br>No obvious baseline imbalance for number of previous donations, but does not report age, sex.</p>",,,,,,,,,,
9,7,TIBC (μg/dL),Normal daily dose,2,SUBGROUP_AND_OVERALL,Simon 1984,1984,,,340,46.4503,,44,390,44,,19,,,100,-50,-74.07900036832069,-25.9209996316793,data extracted from visual approximation from graphs,Low risk,"<p>""randomly assigned to one of three groups by pulling a card with an A. B, or C on it from an envelope in which the cards had been placed in random order. The donor was then given a bottle of medication marked either A. B. or C according to the card pulled. The bottles were filled in the pharmacy of the University of New Mexico Hospital according to their code.""<br><br>Demographics reported in detail. Only significant difference is in prior iron supplementation (much lower in iron/vitC group). Unlikely to impact outcomes if ceased prior to randomisation</p>",,,,,,,,,,
9,8,Transferrin saturation (%),High daily dose,1,SUBGROUP_AND_OVERALL,Maghsudlu 2008,2008,,,21.94,9.421,,132,17.13,8.544,,120,,,100,4.810000000000002,2.5919294552346974,7.028070544765307,,Some concerns,"<p>Randomisation process not described<br>No obvious baseline imbalance for number of previous donations, but does not report age, sex.</p>",,,,,,,,,,
9,8,Transferrin saturation (%),Normal daily dose,2,SUBGROUP_AND_OVERALL,Cable 1988,1988,,,30,13.565,,46,25,13.416,,45,,,100,5,-0.5436005179198578,10.543600517919858,,Some concerns,"<p>No information on randomisation process.<br>Largely balanced in baseline characteristics (age, weight, previous donations, Hb, Hct, transferrin saturation)</p>",,,,,,,,,,
9,9,Adverse events,High daily dose,1,SUBGROUP_AND_OVERALL,Maghsudlu 2008,2008,,,,,22,122,,,10,119,,,100,2.1459016393442623,1.0618420490778093,4.336703231652636,number of pts reporting any side effects,Some concerns,"<p>Randomisation process not described<br>No obvious baseline imbalance for number of previous donations, but does not report age, sex.</p>",,,,,,,,,,
9,9,Adverse events,Normal daily dose,2,SUBGROUP_AND_OVERALL,Mast 2016 (STRIDE),2012,,,,,12,139,,,4,138,,,33.329167629954355,2.9784172661870505,0.9847070305058964,9.008739794376867,"number of pts reporting adverse events in first 60 days period; control group NOT split across subgroups, as using subtotals only",Low risk,"<p>""The lists were generated using standard block randomization methods,<br><br>implemented with computer software (nQuery Advisor, 2014, Statistical Solutions, Boston, MA). The randomized numbers from the algorithm correspond to one of the five study arms. While they appeared to be random numbers, they coded for the group assignment. Each of the five study arms had three to four codes so that patterns could not be identified by investigators, coordinators, and staff at study sites""<br><br>Uneven medical de-enrolment from study, appears that placebo group are ""healthier"" suggest some baseline imbalance. Bias in favour of placebo (reduced effect size of iron)</p>",,,,,,,,,,
9,9,Adverse events,Normal daily dose,2,SUBGROUP_AND_OVERALL,Pachikian 2020,2020,,,,,1,11,,,2,11,,,12.24798785625461,0.5,0.05268507977100682,4.745176453876753,"MedDRA v1: Non-serious AEs; Frequency threshold for reporting non-serious adverse events: 5%; control group NOT split across subgroups, as using subtotals only",Some concerns,<p>Randomisation process not described.<br><br>Baseline comparison data for iron stores (table 1) show no significant differences between groups. Age and fitness level data in trial registry show no differences</p>,,,,,,,,,,
9,9,Adverse events,Normal daily dose,2,SUBGROUP_AND_OVERALL,Radtke 2004a,2004,,,,,19,176,,,19,175,,,54.42284451379103,0.9943181818181818,0.5454268893422207,1.8126510922234491,"number of pts reporting any side effects; control group NOT split across subgroups, as using subtotals only",Some concerns,"<p>Randomisation process not reported beyond ""block randomisation of variable length""<br>Baseline bloods (visit 0) reported for each subgroup, and sex have been analysed separately. No information on age and previous donations etc</p>",,,,,,,,,,
9,9,Adverse events,Low daily dose,3,SUBGROUP_AND_OVERALL,Mast 2016 (STRIDE),2012,,,,,6,139,,,4,138,,,16.021810780776466,1.4892086330935252,0.4296477257867105,5.161769095412915,"number of pts reporting adverse events in first 60 days period; control group NOT split across subgroups, as using subtotals only",Low risk,"<p>""The lists were generated using standard block randomization methods,<br><br>implemented with computer software (nQuery Advisor, 2014, Statistical Solutions, Boston, MA). The randomized numbers from the algorithm correspond to one of the five study arms. While they appeared to be random numbers, they coded for the group assignment. Each of the five study arms had three to four codes so that patterns could not be identified by investigators, coordinators, and staff at study sites""<br><br>Uneven medical de-enrolment from study, appears that placebo group are ""healthier"" suggest some baseline imbalance. Bias in favour of placebo (reduced effect size of iron)</p>",,,,,,,,,,
9,9,Adverse events,Low daily dose,3,SUBGROUP_AND_OVERALL,Pachikian 2020,2020,,,,,2,11,,,2,11,,,7.876476163242676,1,0.16984752962912952,5.887633468579433,"MedDRA v1: Non-serious AEs; Frequency threshold for reporting non-serious adverse events: 5%; control group NOT split across subgroups, as using subtotals only",Some concerns,<p>Randomisation process not described.<br><br>Baseline comparison data for iron stores (table 1) show no significant differences between groups. Age and fitness level data in trial registry show no differences</p>,,,,,,,,,,
9,9,Adverse events,Low daily dose,3,SUBGROUP_AND_OVERALL,Radtke 2004a,2004,,,,,23,175,,,19,175,,,76.10171305598085,1.2105263157894737,0.6843435738145675,2.141284023536254,"number of pts reporting any side effects; control group NOT split across subgroups, as using subtotals only",Some concerns,"<p>Randomisation process not reported beyond ""block randomisation of variable length""<br>Baseline bloods (visit 0) reported for each subgroup, and sex have been analysed separately. No information on age and previous donations etc</p>",,,,,,,,,,
9,10,Adherence (% tablets consumed),Normal daily dose,1,SUBGROUP_AND_OVERALL,Cable 1988,1988,,,1.6,0.4,,46,1.5,0.7,,45,,,100,0.10000000000000009,-0.13492725292704327,0.33492725292704345,pills per day consumed (prescribed 2/day),Some concerns,"<p>No information on randomisation process.<br>Largely balanced in baseline characteristics (age, weight, previous donations, Hb, Hct, transferrin saturation)</p>",,,,,,,,,,
10,1,Deferrals,&lt;2weeks,1,SUBGROUP_AND_OVERALL,Maghsudlu 2008,2008,,,,,4,182,,,5,179,,,100,0.7868131868131868,0.2147546022264028,2.8827088431402714,150mg/day; threshold: Hb 12.5g/dL,Some concerns,"<p>Randomisation process not described<br>No obvious baseline imbalance for number of previous donations, but does not report age, sex.</p>",,,,,,,,,,
10,1,Deferrals,1-3 months,2,SUBGROUP_AND_OVERALL,Cable 1988,1988,,,,,37,57,,,35,64,,,21.335110730934698,1.186967418546366,0.8850310003507134,1.5919122066145919,75mg/day; According to American Red Cross Guideline 1985,Some concerns,"<p>No information on randomisation process.<br>Largely balanced in baseline characteristics (age, weight, previous donations, Hb, Hct, transferrin saturation)</p>",,,,,,,,,,
10,1,Deferrals,1-3 months,2,SUBGROUP_AND_OVERALL,Gordeuk 1990,1990,,,,,3,38,,,12,33,,,16.235422573041863,0.21710526315789472,0.06697542646868015,0.7037610326064948,100mg/day; threshold: Hb 12.5g/dL,Some concerns,<p>Randomisation process not described<br>lacking baseline demographic data</p>,,,,,,,,,,
10,1,Deferrals,1-3 months,2,SUBGROUP_AND_OVERALL,Marks 2013 (FIRST),2013,,,,,3,129,,,14,128,,,15.907140019401888,0.21262458471760798,0.06260160939430714,0.7221733508730923,45mg/day; threshold: Hb 12.5g/dL,Low risk,"<p>""Allocation will be through central randomization by computer off-site... Randomisation will be carried out by Trident Clinical Research Pty Ltd. The sequence of allocation of carbonyl iron or placebo to donors will be ascertained via a computerised randomisation program. Donors will be assigned a numbered packet sequentially on enrolment""</p>",,,,,,,,,,
10,1,Deferrals,1-3 months,2,SUBGROUP_AND_OVERALL,Radtke 2004a,2004,,,,,3,134,,,4,59,,,14.231622219767162,0.3302238805970149,0.07628536801612953,1.429472179953236,"20mg/day; (control group split by dose, not between subgroups); threshold: male Hb 13.5g/dL; female Hb 12.5g/dL",Some concerns,"<p>Randomisation process not reported beyond ""block randomisation of variable length""<br>Baseline bloods (visit 0) reported for each subgroup, and sex have been analysed separately. No information on age and previous donations etc</p>",,,,,,,,,,
10,1,Deferrals,1-3 months,2,SUBGROUP_AND_OVERALL,Radtke 2004a,2004,,,,,2,142,,,4,59,,,12.894528077964326,0.20774647887323944,0.03910728899250189,1.1035947670140005,"40mg/day; (control group split by dose, not between subgroups); threshold: male Hb 13.5g/dL; female Hb 12.5g/dL",Some concerns,"<p>Randomisation process not reported beyond ""block randomisation of variable length""<br>Baseline bloods (visit 0) reported for each subgroup, and sex have been analysed separately. No information on age and previous donations etc</p>",,,,,,,,,,
10,1,Deferrals,1-3 months,2,SUBGROUP_AND_OVERALL,Radtke 2004b,2004,,,,,9,118,,,28,118,,,19.39617637889005,0.32142857142857145,0.1586081551504699,0.6513935329024989,100mg/day; threshold: Hb 14g/dL,Low risk,"<p>""Sample-size calculation, block randomization with variable block length, and statistical analysis were performed with software (Stata for Windows, Stata Corp., College Station, TX)."" Variable block size suggests adequate allocation concealment.<br>No baseline characteristics given per group - this would be mostly fine for a crossover study, where both periods are analysed, as they would essentially self-control, but we are using only period 1 (up to visit 3, where they crossover).</p>",,,,,,,,,,
10,1,Deferrals,3+ months,3,SUBGROUP_AND_OVERALL,Kiss 2015 (REDS-III HEIRS),2015,,,,,11,106,,,26,101,,,100,0.4031204644412192,0.21041536677895578,0.7723110309810174,37.5mg/day; threshold: Hb 12.5g/dL,Low risk,"<p>""A stratified enrolment and randomization scheme was followed to ensure inclusion of participants with varying iron stores and a slight overrepresentation of women(60%female/40% male) and individuals 60 years and older (20%). Participants were assessed for iron status per protocol as iron depleted (“low ferritin,” ≤26 ng/mL) and iron-replete (“higher ferritin,” &gt;26 ng/mL) based on the ferritin measurement at enrolment""<br>""If the appropriate subgroup remained open, a centralized computer program randomized the participant to receive iron supplements or no iron""</p>",,,,,,,,,,
10,2,Hb (g/L),&lt;2 weeks,1,SUBGROUP_AND_OVERALL,Gordeuk 1987a,1987,,,125,8.25,,17,126,13.08,,9,,,2.7555971348272625,-1,-10.402369589152181,8.402369589152181,"180mg/day; control group split by dose, not across subgroups",Some concerns,<p>Randomisation process not reported.<br><br>no baseline demographic information</p>,,,,,,,,,,
10,2,Hb (g/L),&lt;2 weeks,1,SUBGROUP_AND_OVERALL,Gordeuk 1987a,1987,,,125,3.87,,15,126,13.08,,10,,,3.502234963375725,-1,-9.340124640087259,7.340124640087259,"1800mg/day; control group split by dose, not across subgroups",Some concerns,<p>Randomisation process not reported.<br><br>no baseline demographic information</p>,,,,,,,,,,
10,2,Hb (g/L),&lt;2 weeks,1,SUBGROUP_AND_OVERALL,Maghsudlu 2008,2008,,,132.9,9.19,,132,131.9,8.76,,120,,,49.57036760726406,1,-1.2168387841788335,3.2168387841788335,150mg/day,Some concerns,"<p>Randomisation process not described<br>No obvious baseline imbalance for number of previous donations, but does not report age, sex.</p>",,,,,,,,,,
10,2,Hb (g/L),&lt;2 weeks,1,SUBGROUP_AND_OVERALL,Rosvik 2010,2010,,,135.961,10.246,,153,136.149,10.985,,161,,,44.17180029453295,-0.18799999999998818,-2.536403022851283,2.1604030228513067,100mg/day,Some concerns,"<p>Randomisation process not described<br>Baseline blood data only given by sex, combining iron and no iron groups together.</p>",,,,,,,,,,
10,2,Hb (g/L),2weeks - 1month,2,SUBGROUP_AND_OVERALL,Bucher 1973,1973,,,129,5.519,,81,126,8,,38,,,28.13535930497585,3,0.18675040289152012,5.81324959710848,111mg/day,Some concerns,"<p>No information on randomisation process other than ""according to the randomisation plan"" (translated from German)<br><br>Authors state no differences in groups according to age and sex distribution, and report age, Hb, plasma iron, and TIBC at baseline (but not sex per group)</p>",,,,,,,,,,
10,2,Hb (g/L),2weeks - 1month,2,SUBGROUP_AND_OVERALL,Dara 2017,2017,,,137,10,,64,128,8,,62,,,27.73318746231719,9,5.8428404768680595,12.157159523131941,98.6mg/day,Some concerns,<p>No information regarding randomisation process.<br><br>Some imbalance in blood tests and number of previous donations. This seems to influence the outcomes as they have attempted to perform a post-hoc subgroup analysis</p>,,,,,,,,,,
10,2,Hb (g/L),2weeks - 1month,2,SUBGROUP_AND_OVERALL,Pachikian 2020,2020,,,148,6.93,,12,156,9.95,,5,,,17.696507074444963,-8,-17.562249300712857,1.562249300712855,"20mg/day; control group split by dose, not across subgroups",Some concerns,<p>Randomisation process not described.<br><br>Baseline comparison data for iron stores (table 1) show no significant differences between groups. Age and fitness level data in trial registry show no differences</p>,,,,,,,,,,
10,2,Hb (g/L),2weeks - 1month,2,SUBGROUP_AND_OVERALL,Pachikian 2020,2020,,,153,6.63,,11,156,9.95,,6,,,18.75457737426251,-3,-11.873356461788571,5.873356461788571,"80mg/day; control group split by dose, not across subgroups",Some concerns,<p>Randomisation process not described.<br><br>Baseline comparison data for iron stores (table 1) show no significant differences between groups. Age and fitness level data in trial registry show no differences</p>,,,,,,,,,,
10,2,Hb (g/L),2weeks - 1month,2,SUBGROUP_AND_OVERALL,Waldvogel 2012,2012,,,135,67,,74,130,53,,71,,,7.68036878399948,5,-14.621730150009451,24.62173015000945,80mg/day,Low risk,"<p>""simple random allocation sequence without restriction was generated by<br><br>an independent pharmacy according to a pre-established computer-generated list. Each drug package was identified with a unique number according to the randomization schedule and given to the nurse in charge of the participant.<br><br>The code was held by the pharmacist and remained unbroken until the end of the trial. The allocation remained concealed from participants, care providers, investigators and the statistician until the end of the statistical analysis.""<br><br>&nbsp;</p>",,,,,,,,,,
10,2,Hb (g/L),1-3 months,3,SUBGROUP_AND_OVERALL,Cable 1988,1988,,,133,7.55,,57,132,8,,64,,,23.665728917553952,1,-1.7718380411604584,3.7718380411604584,75mg/day,Some concerns,"<p>No information on randomisation process.<br>Largely balanced in baseline characteristics (age, weight, previous donations, Hb, Hct, transferrin saturation)</p>",,,,,,,,,,
10,2,Hb (g/L),1-3 months,3,SUBGROUP_AND_OVERALL,Gordeuk 1990,1990,,,131,8,,40,123,9,,36,,,19.402437053133138,8,4.154272960847015,11.845727039152985,100mg/day,Some concerns,<p>Randomisation process not described<br>lacking baseline demographic data</p>,,,,,,,,,,
10,2,Hb (g/L),1-3 months,3,SUBGROUP_AND_OVERALL,Linpisarn 1986,1986,,,151.9,12.2,,47,151.2,11.6,,51,,,16.2991091678524,0.700000000000017,-4.022350045847417,5.422350045847451,168mg/day,Some concerns,"<p>Randomisation process not described<br><br>Some baseline blood data, no info on sex, age, etc</p>",,,,,,,,,,
10,2,Hb (g/L),1-3 months,3,SUBGROUP_AND_OVERALL,Marks 2013 (FIRST),2013,,,134.6,8.7,,109,130,9.9,,97,,,24.525745541517264,4.599999999999994,2.040902382124146,7.159097617875842,45mg/day,Low risk,"<p>""Allocation will be through central randomization by computer off-site... Randomisation will be carried out by Trident Clinical Research Pty Ltd. The sequence of allocation of carbonyl iron or placebo to donors will be ascertained via a computerised randomisation program. Donors will be assigned a numbered packet sequentially on enrolment""</p>",,,,,,,,,,
10,2,Hb (g/L),1-3 months,3,SUBGROUP_AND_OVERALL,Simon 1984,1984,,,140.5,9.304,,44,134,8.7,,19,,,16.106979319943243,6.5,1.718709215802157,11.281290784197843,39mg/day; Data extracted from visual approximation of graphs,Low risk,"<p>""randomly assigned to one of three groups by pulling a card with an A. B, or C on it from an envelope in which the cards had been placed in random order. The donor was then given a bottle of medication marked either A. B. or C according to the card pulled. The bottles were filled in the pharmacy of the University of New Mexico Hospital according to their code.""<br><br>Demographics reported in detail. Only significant difference is in prior iron supplementation (much lower in iron/vitC group). Unlikely to impact outcomes if ceased prior to randomisation</p>",,,,,,,,,,
10,2,Hb (g/L),3+ months,4,SUBGROUP_AND_OVERALL,Blot 1980,1980,,,146.2,14.056,,73,147.67,13.348,,70,,,47.329519216822256,-1.4699999999999989,-5.96158016326362,3.0215801632636223,105mg/day,Some concerns,"<p>Translation from French to English. Randomisation process and allocation not mentioned.<br><br>Authors state there was no difference between those groups, though data not provided</p>",,,,,,,,,,
10,2,Hb (g/L),3+ months,4,SUBGROUP_AND_OVERALL,Kiss 2015 (REDS-III HEIRS),2015,,,141,11,,95,136,13,,97,,,52.670480783177744,5,1.5962290940298378,8.403770905970163,37.5mg/day,Low risk,"<p>""A stratified enrolment and randomization scheme was followed to ensure inclusion of participants with varying iron stores and a slight overrepresentation of women(60%female/40% male) and individuals 60 years and older (20%). Participants were assessed for iron status per protocol as iron depleted (“low ferritin,” ≤26 ng/mL) and iron-replete (“higher ferritin,” &gt;26 ng/mL) based on the ferritin measurement at enrolment""<br>""If the appropriate subgroup remained open, a centralized computer program randomized the participant to receive iron supplements or no iron""</p>",,,,,,,,,,
10,3,Serum ferritin (ng/mL),&lt;2 weeks,1,SUBGROUP_AND_OVERALL,Maghsudlu 2008,2008,,,26.06,20.336,,132,19.47,17.198,,120,,,99.99999999999999,6.59,1.9528161214276638,11.227183878572337,150mg/day,Some concerns,"<p>Randomisation process not described<br>No obvious baseline imbalance for number of previous donations, but does not report age, sex.</p>",,,,,,,,,,
10,3,Serum ferritin (ng/mL),2weeks - 1month,2,SUBGROUP_AND_OVERALL,Dara 2017,2017,,,39.5,39.2,,64,26.4,26.1,,62,,,6.010917782995736,13.100000000000001,1.5051508982633113,24.694849101736693,98.6mg/day,Some concerns,<p>No information regarding randomisation process.<br><br>Some imbalance in blood tests and number of previous donations. This seems to influence the outcomes as they have attempted to perform a post-hoc subgroup analysis</p>,,,,,,,,,,
10,3,Serum ferritin (ng/mL),2weeks - 1month,2,SUBGROUP_AND_OVERALL,Pachikian 2020,2020,,,50.97,30.447,,11,60.02,36.616,,6,,,0.6836051004691821,-9.050000000000004,-43.43213551056524,25.33213551056523,"80mg/day; plasma ferritin; control group split by dose, not across subgroups",Some concerns,<p>Randomisation process not described.<br><br>Baseline comparison data for iron stores (table 1) show no significant differences between groups. Age and fitness level data in trial registry show no differences</p>,,,,,,,,,,
10,3,Serum ferritin (ng/mL),2weeks - 1month,2,SUBGROUP_AND_OVERALL,Pachikian 2020,2020,,,64.04,36.304,,12,60.02,36.616,,5,,,0.5565552625065574,4.020000000000003,-34.08494578719974,42.12494578719975,"20mg/day; plasma ferritin; control group split by dose, not across subgroups",Some concerns,<p>Randomisation process not described.<br><br>Baseline comparison data for iron stores (table 1) show no significant differences between groups. Age and fitness level data in trial registry show no differences</p>,,,,,,,,,,
10,3,Serum ferritin (ng/mL),2weeks - 1month,2,SUBGROUP_AND_OVERALL,Waldvogel 2012,2012,,,28,9.8,,74,12.9,8.3,,71,,,92.74892185402852,15.1,12.148239886585918,18.05176011341408,80mg/day,Low risk,"<p>""simple random allocation sequence without restriction was generated by<br><br>an independent pharmacy according to a pre-established computer-generated list. Each drug package was identified with a unique number according to the randomization schedule and given to the nurse in charge of the participant.<br><br>The code was held by the pharmacist and remained unbroken until the end of the trial. The allocation remained concealed from participants, care providers, investigators and the statistician until the end of the statistical analysis.""<br><br>&nbsp;</p>",,,,,,,,,,
10,3,Serum ferritin (ng/mL),1-3 months,3,SUBGROUP_AND_OVERALL,Cable 1988,1988,,,23,15.1,,57,14,8,,64,,,28.683124673175264,9,4.61731040984938,13.382689590150619,75mg/day,Some concerns,"<p>No information on randomisation process.<br>Largely balanced in baseline characteristics (age, weight, previous donations, Hb, Hct, transferrin saturation)</p>",,,,,,,,,,
10,3,Serum ferritin (ng/mL),1-3 months,3,SUBGROUP_AND_OVERALL,Mirrezaie 2008,2008,,,31.7,13.4,,39,13.5,6.5,,31,,,27.74835714173503,18.2,13.412306711496765,22.987693288503234,50mg/day,Some concerns,"<p>Randomisation not described beyond ""random block design""<br>Demographics appear well balanced</p>",,,,,,,,,,
10,3,Serum ferritin (ng/mL),1-3 months,3,SUBGROUP_AND_OVERALL,Radtke 2004a,2004,,,30.4493,30.8878,,150,23.5568,23.9179,,59,,,20.706357437743904,6.892500000000002,-0.9611633582616381,14.746163358261642,"20mg/day; control group split by dose, not across subgroups",Some concerns,"<p>Randomisation process not reported beyond ""block randomisation of variable length""<br>Baseline bloods (visit 0) reported for each subgroup, and sex have been analysed separately. No information on age and previous donations etc</p>",,,,,,,,,,
10,3,Serum ferritin (ng/mL),1-3 months,3,SUBGROUP_AND_OVERALL,Radtke 2004a,2004,,,30.0521,19.2571,,142,23.5568,23.9179,,59,,,22.862160747345797,6.4953,-0.3806696943909067,13.371269694390907,"40mg/day; control group split by dose, not across subgroups",Some concerns,"<p>Randomisation process not reported beyond ""block randomisation of variable length""<br>Baseline bloods (visit 0) reported for each subgroup, and sex have been analysed separately. No information on age and previous donations etc</p>",,,,,,,,,,
10,3,Serum ferritin (ng/mL),3+ months,4,SUBGROUP_AND_OVERALL,Kiss 2015 (REDS-III HEIRS),2015,,,58.7,33.6,,95,33.7,31.1,,97,,,100,25,15.837293813535917,34.162706186464085,37.5mg/day; plasma ferritin,Low risk,"<p>""A stratified enrolment and randomization scheme was followed to ensure inclusion of participants with varying iron stores and a slight overrepresentation of women(60%female/40% male) and individuals 60 years and older (20%). Participants were assessed for iron status per protocol as iron depleted (“low ferritin,” ≤26 ng/mL) and iron-replete (“higher ferritin,” &gt;26 ng/mL) based on the ferritin measurement at enrolment""<br>""If the appropriate subgroup remained open, a centralized computer program randomized the participant to receive iron supplements or no iron""</p>",,,,,,,,,,
10,4,Serum ferritin (ng/mL) – reported as geometric mean,&lt;2 weeks,1,SUBGROUP_AND_OVERALL,Gordeuk 1987a,1987,1.2,0.1302,,,,17,,,,9,,,50,3.3201169227365472,2.572331508020469,4.285286070738394,"180mg/day; control group split by dose, not across subgroups",Some concerns,<p>Randomisation process not reported.<br><br>no baseline demographic information</p>,,,,,,,,,,
10,4,Serum ferritin (ng/mL) – reported as geometric mean,&lt;2 weeks,1,SUBGROUP_AND_OVERALL,Gordeuk 1987a,1987,1.2,0.1302,,,,15,,,,10,,,50,3.3201169227365472,2.572331508020469,4.285286070738394,"1800mg/day; control group split by dose, not across subgroups",Some concerns,<p>Randomisation process not reported.<br><br>no baseline demographic information</p>,,,,,,,,,,
10,4,Serum ferritin (ng/mL) – reported as geometric mean,1-3 months,2,SUBGROUP_AND_OVERALL,Marks 2013 (FIRST),2013,1.603774,0.08996,,,,129,,,,128,,,74.50761857309749,4.971760486389003,4.168080591141928,5.930404125714594,45mg/day,Low risk,"<p>""Allocation will be through central randomization by computer off-site... Randomisation will be carried out by Trident Clinical Research Pty Ltd. The sequence of allocation of carbonyl iron or placebo to donors will be ascertained via a computerised randomisation program. Donors will be assigned a numbered packet sequentially on enrolment""</p>",,,,,,,,,,
10,4,Serum ferritin (ng/mL) – reported as geometric mean,1-3 months,2,SUBGROUP_AND_OVERALL,Simon 1984,1984,1.6,0.2244,,,,22,,,,9,,,11.97440301887531,4.953032424395115,3.1905205390468843,7.689193627456805,"39mg/day; iron vs ascorbic acid; all data extracted by visual approximation from graphs (control group split by preparation, not across subgroups)",Low risk,"<p>""randomly assigned to one of three groups by pulling a card with an A. B, or C on it from an envelope in which the cards had been placed in random order. The donor was then given a bottle of medication marked either A. B. or C according to the card pulled. The bottles were filled in the pharmacy of the University of New Mexico Hospital according to their code.""<br><br>Demographics reported in detail. Only significant difference is in prior iron supplementation (much lower in iron/vitC group). Unlikely to impact outcomes if ceased prior to randomisation</p>",,,,,,,,,,
10,4,Serum ferritin (ng/mL) – reported as geometric mean,1-3 months,2,SUBGROUP_AND_OVERALL,Simon 1984,1984,1.4,0.2112,,,,22,,,,10,,,13.51797840802721,4.0551999668446745,2.680640092433382,6.134597038041473,"39mg/day; iron+ascorbic acid vs ascorbic acid; all data extracted by visual approximation from graphs (control group split by preparation, not across subgroups)",Low risk,"<p>""randomly assigned to one of three groups by pulling a card with an A. B, or C on it from an envelope in which the cards had been placed in random order. The donor was then given a bottle of medication marked either A. B. or C according to the card pulled. The bottles were filled in the pharmacy of the University of New Mexico Hospital according to their code.""<br><br>Demographics reported in detail. Only significant difference is in prior iron supplementation (much lower in iron/vitC group). Unlikely to impact outcomes if ceased prior to randomisation</p>",,,,,,,,,,
10,5,MCV (fl),&lt;2 weeks,1,SUBGROUP_AND_OVERALL,Gordeuk 1987a,1987,,,88,3.873,,15,88,4.359,,10,,,51.755549244713336,0,-3.3377540426282053,3.3377540426282053,"1800mg/day; control group split by dose, not across subgroups",Some concerns,<p>Randomisation process not reported.<br><br>no baseline demographic information</p>,,,,,,,,,,
10,5,MCV (fl),&lt;2 weeks,1,SUBGROUP_AND_OVERALL,Gordeuk 1987a,1987,,,89,4.123,,17,88,4.359,,9,,,48.24445075528666,1,-2.457077441684006,4.457077441684007,"180mg/day; control group split by dose, not across subgroups",Some concerns,<p>Randomisation process not reported.<br><br>no baseline demographic information</p>,,,,,,,,,,
10,5,MCV (fl),2weeks - 1month,2,SUBGROUP_AND_OVERALL,Dara 2017,2017,,,87.1,5.2,,64,87.4,7.3,,62,,,45.181341942663025,-0.30000000000001137,-2.5191917824161023,1.9191917824160796,98.6mg/day,Some concerns,<p>No information regarding randomisation process.<br><br>Some imbalance in blood tests and number of previous donations. This seems to influence the outcomes as they have attempted to perform a post-hoc subgroup analysis</p>,,,,,,,,,,
10,5,MCV (fl),2weeks - 1month,2,SUBGROUP_AND_OVERALL,Pachikian 2020,2020,,,86.6,2.322,,11,87.1,2.985,,6,,,29.32537719064175,-0.5,-3.254562273392956,2.254562273392956,"80mg/day; control group split by dose, not across subgroups",Some concerns,<p>Randomisation process not described.<br><br>Baseline comparison data for iron stores (table 1) show no significant differences between groups. Age and fitness level data in trial registry show no differences</p>,,,,,,,,,,
10,5,MCV (fl),2weeks - 1month,2,SUBGROUP_AND_OVERALL,Pachikian 2020,2020,,,86.9,2.425,,12,87.1,2.985,,5,,,25.493280866695212,-0.19999999999998863,-3.15434720069327,2.7543472006932928,"20mg/day; control group split by dose, not across subgroups",Some concerns,<p>Randomisation process not described.<br><br>Baseline comparison data for iron stores (table 1) show no significant differences between groups. Age and fitness level data in trial registry show no differences</p>,,,,,,,,,,
10,5,MCV (fl),1-3 months,3,SUBGROUP_AND_OVERALL,Gordeuk 1990,1990,,,89,5,,40,87,4,,36,,,100,2,-0.026876117169828184,4.026876117169828,100mg/day,Some concerns,<p>Randomisation process not described<br>lacking baseline demographic data</p>,,,,,,,,,,
10,5,MCV (fl),3+ months,4,SUBGROUP_AND_OVERALL,Blot 1980,1980,,,89.9329,5.047,,73,89.4357,4.8985,,70,,,99.99999999999999,0.4972000000000065,-1.1329014709443093,2.1273014709443223,105mg/day,Some concerns,"<p>Translation from French to English. Randomisation process and allocation not mentioned.<br><br>Authors state there was no difference between those groups, though data not provided</p>",,,,,,,,,,
10,6,Serum iron (μg/dL),&lt;2 weeks,1,SUBGROUP_AND_OVERALL,Gordeuk 1987a,1987,,,84,32.985,,17,80,34.871,,9,,,14.04141964688343,4,-23.656350854642888,31.656350854642888,"180mg/day; control group split by dose, not across subgroups",Some concerns,<p>Randomisation process not reported.<br><br>no baseline demographic information</p>,,,,,,,,,,
10,6,Serum iron (μg/dL),&lt;2 weeks,1,SUBGROUP_AND_OVERALL,Gordeuk 1987a,1987,,,97,50.349,,15,80,34.871,,10,,,9.620747213985732,17,-16.41150078438747,50.41150078438747,"1800mg/day; control group split by dose, not across subgroups",Some concerns,<p>Randomisation process not reported.<br><br>no baseline demographic information</p>,,,,,,,,,,
10,6,Serum iron (μg/dL),&lt;2 weeks,1,SUBGROUP_AND_OVERALL,Maghsudlu 2008,2008,,,87.71,43.659,,132,83.26,51.595,,120,,,76.33783313913084,4.449999999999989,-7.411250323819658,16.311250323819635,150mg/day,Some concerns,"<p>Randomisation process not described<br>No obvious baseline imbalance for number of previous donations, but does not report age, sex.</p>",,,,,,,,,,
10,6,Serum iron (μg/dL),2weeks - 1month,2,SUBGROUP_AND_OVERALL,Bucher 1973,1973,,,101.1235,40.7128,,81,78,34,,38,,,90.91389605596906,23.123500000000007,9.142428076592319,37.1045719234077,111mg/day; plasma iron,Some concerns,"<p>No information on randomisation process other than ""according to the randomisation plan"" (translated from German)<br><br>Authors state no differences in groups according to age and sex distribution, and report age, Hb, plasma iron, and TIBC at baseline (but not sex per group)</p>",,,,,,,,,,
10,6,Serum iron (μg/dL),2weeks - 1month,2,SUBGROUP_AND_OVERALL,Pachikian 2020,2020,,,111,53.066,,11,108,66.332,,6,,,4.676028867035774,3,-58.64771911134317,64.64771911134318,"80mg/day; control group split by dose, not across subgroups",Some concerns,<p>Randomisation process not described.<br><br>Baseline comparison data for iron stores (table 1) show no significant differences between groups. Age and fitness level data in trial registry show no differences</p>,,,,,,,,,,
10,6,Serum iron (μg/dL),2weeks - 1month,2,SUBGROUP_AND_OVERALL,Pachikian 2020,2020,,,105,45.033,,12,108,66.332,,5,,,4.4100750769951675,-3,-66.4793707649532,60.4793707649532,"20mg/day; control group split by dose, not across subgroups",Some concerns,<p>Randomisation process not described.<br><br>Baseline comparison data for iron stores (table 1) show no significant differences between groups. Age and fitness level data in trial registry show no differences</p>,,,,,,,,,,
10,6,Serum iron (μg/dL),1-3 months,3,SUBGROUP_AND_OVERALL,Gordeuk 1990,1990,,,76,24,,40,73,25,,36,,,100,3,-8.045768440123304,14.045768440123304,100mg/day,Some concerns,<p>Randomisation process not described<br>lacking baseline demographic data</p>,,,,,,,,,,
10,6,Serum iron (μg/dL),3+ months,4,SUBGROUP_AND_OVERALL,Blot 1980,1980,,,115.282,34.913,,73,118.12,39.511,,70,,,100,-2.838000000000008,-15.077846041156663,9.401846041156647,105mg/day,Some concerns,"<p>Translation from French to English. Randomisation process and allocation not mentioned.<br><br>Authors state there was no difference between those groups, though data not provided</p>",,,,,,,,,,
10,7,TIBC (μg/dL),&lt;2 weeks,1,SUBGROUP_AND_OVERALL,Gordeuk 1987a,1987,,,381,53.6,,17,407,78.46,,9,,,11.683314886812658,-26,-83.24284421120888,31.242844211208876,"180mg/day; control group split by dose, not across subgroups",Some concerns,<p>Randomisation process not reported.<br><br>no baseline demographic information</p>,,,,,,,,,,
10,7,TIBC (μg/dL),&lt;2 weeks,1,SUBGROUP_AND_OVERALL,Gordeuk 1987a,1987,,,412,61.968,,15,407,78.46,,10,,,11.435491481487567,5,-52.86374560750184,62.86374560750184,"1800mg/day; control group split by dose, not across subgroups",Some concerns,<p>Randomisation process not reported.<br><br>no baseline demographic information</p>,,,,,,,,,,
10,7,TIBC (μg/dL),&lt;2 weeks,1,SUBGROUP_AND_OVERALL,Maghsudlu 2008,2008,,,369.73,78.011,,132,406.42,97.276,,120,,,76.88119363169977,-36.69,-58.59947632761225,-14.780523672387744,150mg/day,Some concerns,"<p>Randomisation process not described<br>No obvious baseline imbalance for number of previous donations, but does not report age, sex.</p>",,,,,,,,,,
10,7,TIBC (μg/dL),1-3 months,2,SUBGROUP_AND_OVERALL,Gordeuk 1990,1990,,,328,43,,40,371,55,,36,,,53.70106063931404,-43,-65.36874341831378,-20.631256581686216,100mg/day,Some concerns,<p>Randomisation process not described<br>lacking baseline demographic data</p>,,,,,,,,,,
10,7,TIBC (μg/dL),1-3 months,2,SUBGROUP_AND_OVERALL,Simon 1984,1984,,,352.5,46.5191,,44,380,44,,19,,,46.29893936068596,-27.5,-51.59059345245558,-3.4094065475444246,39mg/day; all blood data extracted by visual approximation from graphs,Low risk,"<p>""randomly assigned to one of three groups by pulling a card with an A. B, or C on it from an envelope in which the cards had been placed in random order. The donor was then given a bottle of medication marked either A. B. or C according to the card pulled. The bottles were filled in the pharmacy of the University of New Mexico Hospital according to their code.""<br><br>Demographics reported in detail. Only significant difference is in prior iron supplementation (much lower in iron/vitC group). Unlikely to impact outcomes if ceased prior to randomisation</p>",,,,,,,,,,
10,7,TIBC (μg/dL),3+ months,3,SUBGROUP_AND_OVERALL,Blot 1980,1980,,,325.44,200.53,,73,323.46,51.0878,,70,,,100,1.9800000000000182,-45.552191875171374,49.51219187517141,105mg/day,Some concerns,"<p>Translation from French to English. Randomisation process and allocation not mentioned.<br><br>Authors state there was no difference between those groups, though data not provided</p>",,,,,,,,,,
10,8,Transferrin saturation (%),&lt;2 weeks,1,SUBGROUP_AND_OVERALL,Gordeuk 1987a,1987,,,22,8.246,,17,21,13.077,,9,,,7.618064871862061,1,-8.399795206710401,10.399795206710401,"180mg/day; control group split by dose, not across subgroups",Some concerns,<p>Randomisation process not reported.<br><br>no baseline demographic information</p>,,,,,,,,,,
10,8,Transferrin saturation (%),&lt;2 weeks,1,SUBGROUP_AND_OVERALL,Gordeuk 1987a,1987,,,24,11.619,,15,21,13.077,,10,,,6.71321072051771,3,-7.013262127884614,13.013262127884614,"1800mg/day; control group split by dose, not across subgroups",Some concerns,<p>Randomisation process not reported.<br><br>no baseline demographic information</p>,,,,,,,,,,
10,8,Transferrin saturation (%),&lt;2 weeks,1,SUBGROUP_AND_OVERALL,Maghsudlu 2008,2008,,,24.34,11.03,,132,20.8,11.612,,120,,,85.66872440762023,3.539999999999999,0.7369581956992888,6.343041804300709,150mg/day,Some concerns,"<p>Randomisation process not described<br>No obvious baseline imbalance for number of previous donations, but does not report age, sex.</p>",,,,,,,,,,
10,8,Transferrin saturation (%),2weeks - 1month,2,SUBGROUP_AND_OVERALL,Bucher 1973,1973,,,21.3123,7.9388,,81,16.7,6,,38,,,100,4.612300000000001,2.037762728911329,7.186837271088674,111mg/day,Some concerns,"<p>No information on randomisation process other than ""according to the randomisation plan"" (translated from German)<br><br>Authors state no differences in groups according to age and sex distribution, and report age, Hb, plasma iron, and TIBC at baseline (but not sex per group)</p>",,,,,,,,,,
10,8,Transferrin saturation (%),1-3 months,3,SUBGROUP_AND_OVERALL,Cable 1988,1988,,,31,15.1,,57,21,8,,64,,,33.95812646469123,10,5.61731040984938,14.382689590150619,75mg/day,Some concerns,"<p>No information on randomisation process.<br>Largely balanced in baseline characteristics (age, weight, previous donations, Hb, Hct, transferrin saturation)</p>",,,,,,,,,,
10,8,Transferrin saturation (%),1-3 months,3,SUBGROUP_AND_OVERALL,Gordeuk 1990,1990,,,24,9,,40,20,7,,36,,,37.561308527473365,4,0.3933940614993485,7.6066059385006515,100mg/day,Some concerns,<p>Randomisation process not described<br>lacking baseline demographic data</p>,,,,,,,,,,
10,8,Transferrin saturation (%),1-3 months,3,SUBGROUP_AND_OVERALL,Linpisarn 1986,1986,,,31.7,14.59,,47,29.93,13.75,,51,,,28.48056500783538,1.7699999999999996,-3.8548631949013945,7.394863194901394,168mg/day,Some concerns,"<p>Randomisation process not described<br><br>Some baseline blood data, no info on sex, age, etc</p>",,,,,,,,,,
10,8,Transferrin saturation (%),3+ months,4,SUBGROUP_AND_OVERALL,Blot 1980,1980,,,36.1315,12.6898,,73,37.3414,14.2751,,70,,,100,-1.2098999999999975,-5.643503845329781,3.223703845329786,105mg/day,Some concerns,"<p>Translation from French to English. Randomisation process and allocation not mentioned.<br><br>Authors state there was no difference between those groups, though data not provided</p>",,,,,,,,,,
10,9,Adverse events,&lt;2 weeks,1,SUBGROUP_AND_OVERALL,Gordeuk 1987a,1987,,,,,19,24,,,7,11,,,34.55984516168376,1.244047619047619,0.7609125453716612,2.0339452777744795,"180mg/day; number of pts experiencing any side effects; control group split by dose, not across subgroups",Some concerns,<p>Randomisation process not reported.<br><br>no baseline demographic information</p>,,,,,,,,,,
10,9,Adverse events,&lt;2 weeks,1,SUBGROUP_AND_OVERALL,Gordeuk 1987a,1987,,,,,21,23,,,8,12,,,42.639835517831976,1.3695652173913044,0.9003322575146283,2.0833518615294255,"1800mg/day; number of pts experiencing any side effects; control group split by dose, not across subgroups",Some concerns,<p>Randomisation process not reported.<br><br>no baseline demographic information</p>,,,,,,,,,,
10,9,Adverse events,&lt;2 weeks,1,SUBGROUP_AND_OVERALL,Maghsudlu 2008,2008,,,,,27,185,,,12,182,,,22.80031932048426,2.2135135135135133,1.1573132043525853,4.233635334047585,150mg/day; number of pts experiencing any side effects,Some concerns,"<p>Randomisation process not described<br>No obvious baseline imbalance for number of previous donations, but does not report age, sex.</p>",,,,,,,,,,
10,9,Adverse events,2weeks - 1month,2,SUBGROUP_AND_OVERALL,Dara 2017,2017,,,,,22,72,,,6,71,,,23.367418740498973,3.615740740740741,1.5592863110355002,8.38433648248372,98.6mg/day; number of pts experiencing side effects in first month,Some concerns,<p>No information regarding randomisation process.<br><br>Some imbalance in blood tests and number of previous donations. This seems to influence the outcomes as they have attempted to perform a post-hoc subgroup analysis</p>,,,,,,,,,,
10,9,Adverse events,2weeks - 1month,2,SUBGROUP_AND_OVERALL,Rybo 1971,1971,,,,,219,920,,,75,456,,,45.55503813050836,1.447304347826087,1.141930738916443,1.8343405636176389,200mg/day; subjects with side effects,Some concerns,<p>Randomisation not described.<br><br>No baseline data reported</p>,,,,,,,,,,
10,9,Adverse events,2weeks - 1month,2,SUBGROUP_AND_OVERALL,Waldvogel 2012,2012,,,,,29,74,,,11,71,,,31.07754312899267,2.5294840294840295,1.370389913812571,4.668955449047372,80mg/day; any adverse event,Low risk,"<p>""simple random allocation sequence without restriction was generated by<br><br>an independent pharmacy according to a pre-established computer-generated list. Each drug package was identified with a unique number according to the randomization schedule and given to the nurse in charge of the participant.<br><br>The code was held by the pharmacist and remained unbroken until the end of the trial. The allocation remained concealed from participants, care providers, investigators and the statistician until the end of the statistical analysis.""<br><br>&nbsp;</p>",,,,,,,,,,
10,9,Adverse events,1-3 months,3,SUBGROUP_AND_OVERALL,Mackintosh 1988,1988,,,,,0,22,,,0,24,,,,,,,200mg/day; Gastrointestinal tract toxicity reflected in anorexia or nausea was specifically enquired for,Some concerns,"<p>Randomisation process not described: appears to be two separate randomisations (2 trials), though it may be randomisation with stratification (1 trial)<br><br>&nbsp;</p>",,,,,,,,,,
10,9,Adverse events,1-3 months,3,SUBGROUP_AND_OVERALL,Marks 2013 (FIRST),2013,,,,,116,141,,,114,141,,,100,1.0175438596491229,0.910626082213617,1.137014990601541,"45mg/day; gastrointestinal complaints in participants as determined by a self-administered diary, phone call at weeks 1,4,8,12",Low risk,"<p>""Allocation will be through central randomization by computer off-site... Randomisation will be carried out by Trident Clinical Research Pty Ltd. The sequence of allocation of carbonyl iron or placebo to donors will be ascertained via a computerised randomisation program. Donors will be assigned a numbered packet sequentially on enrolment""</p>",,,,,,,,,,
10,9,Adverse events,3+ months,4,SUBGROUP_AND_OVERALL,Kiss 2015 (REDS-III HEIRS),2015,,,,,2,108,,,0,104,,,100,4.81651376146789,0.23399356501622534,99.14291793793957,37.5mg/day; GI side effects causing discontinuation,Low risk,"<p>""A stratified enrolment and randomization scheme was followed to ensure inclusion of participants with varying iron stores and a slight overrepresentation of women(60%female/40% male) and individuals 60 years and older (20%). Participants were assessed for iron status per protocol as iron depleted (“low ferritin,” ≤26 ng/mL) and iron-replete (“higher ferritin,” &gt;26 ng/mL) based on the ferritin measurement at enrolment""<br>""If the appropriate subgroup remained open, a centralized computer program randomized the participant to receive iron supplements or no iron""</p>",,,,,,,,,,
10,10,Adherence (n/N),&lt;2 weeks,1,SUBGROUP_AND_OVERALL,Gordeuk 1987a,1987,,,,,15,22,,,10,12,,,48.41234937109683,0.8181818181818182,0.5587080754607394,1.1981596776657766,"1800mg/day; those completing study; control group split by dose, not across subgroups",Some concerns,<p>Randomisation process not reported.<br><br>no baseline demographic information</p>,,,,,,,,,,
10,10,Adherence (n/N),&lt;2 weeks,1,SUBGROUP_AND_OVERALL,Gordeuk 1987a,1987,,,,,17,23,,,9,11,,,51.58765062890316,0.9033816425120773,0.6242891957153174,1.3072441388205096,"180mg/day; those completing study; control group split by dose, not across subgroups",Some concerns,<p>Randomisation process not reported.<br><br>no baseline demographic information</p>,,,,,,,,,,
10,10,Adherence (n/N),2weeks - 1month,2,SUBGROUP_AND_OVERALL,Rybo 1971,1971,,,,,662,781,,,352,385,,,100,0.927096670934699,0.8883814653365165,0.9674990652046328,200mg/day; postal questionnaire: self report discontinuation as non-compliant,Some concerns,<p>Randomisation not described.<br><br>No baseline data reported</p>,,,,,,,,,,
10,10,Adherence (n/N),1-3 months,3,SUBGROUP_AND_OVERALL,Gordeuk 1990,1990,,,,,14,50,,,16,49,,,2.190979965828628,0.8575,0.4708984677484113,1.561496374188363,100mg/day; those returning who took all pills,Some concerns,<p>Randomisation process not described<br>lacking baseline demographic data</p>,,,,,,,,,,
10,10,Adherence (n/N),1-3 months,3,SUBGROUP_AND_OVERALL,Marks 2013 (FIRST),2013,,,,,121,141,,,124,141,,,95.54372931413175,0.9758064516129032,0.8911377821753426,1.0685196498850817,"45mg/day; administered diary, selfreported compliance and tablet counts (phone call at weeks 1,4,8,12)",Low risk,"<p>""Allocation will be through central randomization by computer off-site... Randomisation will be carried out by Trident Clinical Research Pty Ltd. The sequence of allocation of carbonyl iron or placebo to donors will be ascertained via a computerised randomisation program. Donors will be assigned a numbered packet sequentially on enrolment""</p>",,,,,,,,,,
10,10,Adherence (n/N),1-3 months,3,SUBGROUP_AND_OVERALL,Mirrezaie 2008,2008,,,,,13,39,,,14,31,,,2.265290720039622,0.7380952380952381,0.4093650062909009,1.3308039820866715,50mg/day; ingested &gt;/=50 tablets (90%),Some concerns,"<p>Randomisation not described beyond ""random block design""<br>Demographics appear well balanced</p>",,,,,,,,,,
10,11,Adherence (% tablets consumed),2weeks - 1month,1,SUBGROUP_AND_OVERALL,Waldvogel 2012,2012,,,96,16.7,,74,96,14.2,,71,,,100,0,-5.038588171330985,5.038588171330985,80mg/day,Low risk,"<p>""simple random allocation sequence without restriction was generated by<br><br>an independent pharmacy according to a pre-established computer-generated list. Each drug package was identified with a unique number according to the randomization schedule and given to the nurse in charge of the participant.<br><br>The code was held by the pharmacist and remained unbroken until the end of the trial. The allocation remained concealed from participants, care providers, investigators and the statistician until the end of the statistical analysis.""<br><br>&nbsp;</p>",,,,,,,,,,
11,1,Deferrals,&lt;2weeks,1,SUBGROUP_AND_OVERALL,Maghsudlu 2008,2008,,,,,6,155,,,8,152,,,100,0.7354838709677419,0.26137134070653506,2.0696091736433027,150mg/day; female threshold: Hb 12.5g/dL,Some concerns,"<p>Randomisation process not described<br>No obvious baseline imbalance for number of previous donations, but does not report age, sex.</p>",,,,,,,,,,
11,1,Deferrals,1-3 months,2,SUBGROUP_AND_OVERALL,Cable 1988,1988,,,,,21,50,,,29,56,,,36.514802608845976,0.8110344827586207,0.5370244394822176,1.2248547437761896,75mg/day; According to American Red Cross Guideline 1985,Some concerns,"<p>No information on randomisation process.<br>Largely balanced in baseline characteristics (age, weight, previous donations, Hb, Hct, transferrin saturation)</p>",,,,,,,,,,
11,1,Deferrals,1-3 months,2,SUBGROUP_AND_OVERALL,Radtke 2004a,2004,,,,,1,113,,,3,43,,,14.696255591469143,0.12684365781710918,0.013560990595889303,1.1864408735229846,"20mg/day; control group split (by dose, not across subgroups); threshold: female Hb 12.5g/dL, male Hb 13.5g/dL",Some concerns,"<p>Randomisation process not reported beyond ""block randomisation of variable length""<br>Baseline bloods (visit 0) reported for each subgroup, and sex have been analysed separately. No information on age and previous donations etc</p>",,,,,,,,,,
11,1,Deferrals,1-3 months,2,SUBGROUP_AND_OVERALL,Radtke 2004a,2004,,,,,1,113,,,4,44,,,15.298440683057493,0.09734513274336282,0.011187658195055702,0.8470114749314388,"40mg/day; control group split (by dose, not across subgroups); threshold: female Hb 12.5g/dL, male Hb 13.5g/dL",Some concerns,"<p>Randomisation process not reported beyond ""block randomisation of variable length""<br>Baseline bloods (visit 0) reported for each subgroup, and sex have been analysed separately. No information on age and previous donations etc</p>",,,,,,,,,,
11,1,Deferrals,1-3 months,2,SUBGROUP_AND_OVERALL,Radtke 2004b,2004,,,,,9,112,,,36,108,,,33.490501116627385,0.24107142857142858,0.12201713098757352,0.47628913418221563,100mg/day; threshold Hb 14g/dL,Low risk,"<p>""Sample-size calculation, block randomization with variable block length, and statistical analysis were performed with software (Stata for Windows, Stata Corp., College Station, TX)."" Variable block size suggests adequate allocation concealment.<br>No baseline characteristics given per group - this would be mostly fine for a crossover study, where both periods are analysed, as they would essentially self-control, but we are using only period 1 (up to visit 3, where they crossover).</p>",,,,,,,,,,
11,2,Hb (g/L),&lt;2 weeks,1,SUBGROUP_AND_OVERALL,Maghsudlu 2008,2008,,,122.1,9.19,,132,128,8.76,,120,,,100,-5.900000000000006,-8.116838784178839,-3.683161215821172,150mg/day,Some concerns,"<p>Randomisation process not described<br>No obvious baseline imbalance for number of previous donations, but does not report age, sex.</p>",,,,,,,,,,
11,2,Hb (g/L),2weeks - 1month,2,SUBGROUP_AND_OVERALL,Pachikian 2020,2020,,,145,9.95,,11,148,9.95,,5,,,46.96132596685083,-3,-13.518403292526108,7.5184032925261075,"20mg/day; control group split by dose, not across subgroups",Some concerns,<p>Randomisation process not described.<br><br>Baseline comparison data for iron stores (table 1) show no significant differences between groups. Age and fitness level data in trial registry show no differences</p>,,,,,,,,,,
11,2,Hb (g/L),2weeks - 1month,2,SUBGROUP_AND_OVERALL,Pachikian 2020,2020,,,144,9.95,,11,148,9.95,,6,,,53.03867403314918,-4,-13.89745793597351,5.8974579359735095,"80mg/day; control group split by dose, not across subgroups",Some concerns,<p>Randomisation process not described.<br><br>Baseline comparison data for iron stores (table 1) show no significant differences between groups. Age and fitness level data in trial registry show no differences</p>,,,,,,,,,,
11,2,Hb (g/L),1-3 months,3,SUBGROUP_AND_OVERALL,Cable 1988,1988,,,132,7.07,,50,128,7.48,,56,,,54.677213036356356,4,1.229015502412738,6.770984497587262,75mg/day,Some concerns,"<p>No information on randomisation process.<br>Largely balanced in baseline characteristics (age, weight, previous donations, Hb, Hct, transferrin saturation)</p>",,,,,,,,,,
11,2,Hb (g/L),1-3 months,3,SUBGROUP_AND_OVERALL,Simon 1984,1984,,,141.5,9.304,,44,131,8.7,,19,,,45.32278696364365,10.5,5.718709215802157,15.281290784197843,39mg/day; Data extracted from visual approximation of graphs,Low risk,"<p>""randomly assigned to one of three groups by pulling a card with an A. B, or C on it from an envelope in which the cards had been placed in random order. The donor was then given a bottle of medication marked either A. B. or C according to the card pulled. The bottles were filled in the pharmacy of the University of New Mexico Hospital according to their code.""<br><br>Demographics reported in detail. Only significant difference is in prior iron supplementation (much lower in iron/vitC group). Unlikely to impact outcomes if ceased prior to randomisation</p>",,,,,,,,,,
11,3,Serum ferritin (ng/mL),&lt;2 weeks,1,SUBGROUP_AND_OVERALL,Maghsudlu 2008,2008,,,22.14,14.821,,132,18.81,16.541,,120,,,100,3.330000000000002,-0.5624634948005425,7.222463494800547,150mg/day,Some concerns,"<p>Randomisation process not described<br>No obvious baseline imbalance for number of previous donations, but does not report age, sex.</p>",,,,,,,,,,
11,3,Serum ferritin (ng/mL),2weeks - 1month,2,SUBGROUP_AND_OVERALL,Pachikian 2020,2020,,,49.65,24.178,,11,41.3,31.475,,6,,,67.98626311915383,8.350000000000001,-20.605497804526163,37.30549780452617,"plasma ferritin; control group split (by dose, not across subgroups); 80mg/day",Some concerns,<p>Randomisation process not described.<br><br>Baseline comparison data for iron stores (table 1) show no significant differences between groups. Age and fitness level data in trial registry show no differences</p>,,,,,,,,,,
11,3,Serum ferritin (ng/mL),2weeks - 1month,2,SUBGROUP_AND_OVERALL,Pachikian 2020,2020,,,60.83,54.028,,11,41.3,31.475,,5,,,32.01373688084616,19.53,-22.666209075900284,61.726209075900286,"plasma ferritin; control group split (by dose, not across subgroups); 20mg/day",Some concerns,<p>Randomisation process not described.<br><br>Baseline comparison data for iron stores (table 1) show no significant differences between groups. Age and fitness level data in trial registry show no differences</p>,,,,,,,,,,
11,3,Serum ferritin (ng/mL),1-3 months,3,SUBGROUP_AND_OVERALL,Cable 1988,1988,,,26,14.142,,50,13,7.483,,56,,,60.499460002728526,13,8.617457789818037,17.382542210181963,75mg/day,Some concerns,"<p>No information on randomisation process.<br>Largely balanced in baseline characteristics (age, weight, previous donations, Hb, Hct, transferrin saturation)</p>",,,,,,,,,,
11,3,Serum ferritin (ng/mL),1-3 months,3,SUBGROUP_AND_OVERALL,Radtke 2004a,2004,,,30.8,20.0321,,114,20.3943,20.4711,,44,,,23.189306161201795,10.4057,3.3269271000426253,17.484472899957375,"control group split (by dose, not across subgroups); 40mg/day",Some concerns,"<p>Randomisation process not reported beyond ""block randomisation of variable length""<br>Baseline bloods (visit 0) reported for each subgroup, and sex have been analysed separately. No information on age and previous donations etc</p>",,,,,,,,,,
11,3,Serum ferritin (ng/mL),1-3 months,3,SUBGROUP_AND_OVERALL,Radtke 2004a,2004,,,27.3379,30.1048,,103,20.3943,20.4711,,43,,,16.311233836069686,6.9436,-1.496711011186445,15.383911011186445,"control group split (by dose, not across subgroups); 20mg/day",Some concerns,"<p>Randomisation process not reported beyond ""block randomisation of variable length""<br>Baseline bloods (visit 0) reported for each subgroup, and sex have been analysed separately. No information on age and previous donations etc</p>",,,,,,,,,,
11,4,Serum ferritin (ng/mL) – reported as geometric mean,1-3 months,1,SUBGROUP_AND_OVERALL,Simon 1984,1984,2.166667,0.2097,,,,22,,,,9,,,49.568973525313524,8.729141273433404,5.787280849058115,13.16644368208946,iron vs ascorbic acid; all data extracted by visual approximation from graphs (control group split by preparation),Low risk,"<p>""randomly assigned to one of three groups by pulling a card with an A. B, or C on it from an envelope in which the cards had been placed in random order. The donor was then given a bottle of medication marked either A. B. or C according to the card pulled. The bottles were filled in the pharmacy of the University of New Mexico Hospital according to their code.""<br><br>Demographics reported in detail. Only significant difference is in prior iron supplementation (much lower in iron/vitC group). Unlikely to impact outcomes if ceased prior to randomisation</p>",,,,,,,,,,
11,4,Serum ferritin (ng/mL) – reported as geometric mean,1-3 months,1,SUBGROUP_AND_OVERALL,Simon 1984,1984,1.916667,0.2079,,,,22,,,,10,,,50.43102647468649,6.798262059290856,4.523067832475243,10.217924810891395,iron+ascorbic acid vs ascorbic acid; all data extracted by visual approximation from graphs (control group split by preparation),Low risk,"<p>""randomly assigned to one of three groups by pulling a card with an A. B, or C on it from an envelope in which the cards had been placed in random order. The donor was then given a bottle of medication marked either A. B. or C according to the card pulled. The bottles were filled in the pharmacy of the University of New Mexico Hospital according to their code.""<br><br>Demographics reported in detail. Only significant difference is in prior iron supplementation (much lower in iron/vitC group). Unlikely to impact outcomes if ceased prior to randomisation</p>",,,,,,,,,,
11,5,MCV (fl),2weeks - 1month,1,SUBGROUP_AND_OVERALL,Pachikian 2020,2020,,,85.2,3.317,,11,84.6,3.317,,5,,,42.06441375904653,0.6000000000000085,-2.90648680616171,4.106486806161727,20mg/day; control group split by dose only,Some concerns,<p>Randomisation process not described.<br><br>Baseline comparison data for iron stores (table 1) show no significant differences between groups. Age and fitness level data in trial registry show no differences</p>,,,,,,,,,,
11,5,MCV (fl),2weeks - 1month,1,SUBGROUP_AND_OVERALL,Pachikian 2020,2020,,,84.8,2.322,,11,84.6,3.317,,6,,,57.93558624095348,0.20000000000000284,-2.7878371750041118,3.1878371750041175,80mg/day; control group split by dose only,Some concerns,<p>Randomisation process not described.<br><br>Baseline comparison data for iron stores (table 1) show no significant differences between groups. Age and fitness level data in trial registry show no differences</p>,,,,,,,,,,
11,6,Serum iron (μg/dL),&lt;2 weeks,1,SUBGROUP_AND_OVERALL,Maghsudlu 2008,2008,,,78.72,25.736,,132,69.97,27.057,,120,,,100.00000000000003,8.75,2.214639121628683,15.285360878371318,150mg/day,Some concerns,"<p>Randomisation process not described<br>No obvious baseline imbalance for number of previous donations, but does not report age, sex.</p>",,,,,,,,,,
11,6,Serum iron (μg/dL),2weeks - 1month,2,SUBGROUP_AND_OVERALL,Pachikian 2020,2020,,,109,39.799,,11,107,66.332,,5,,,46.842092648044414,2,-60.71833438739565,64.71833438739566,"20mg/day; NR as serum or plasma iron (just ""iron""); control group split by dose, not across subgroups",Some concerns,<p>Randomisation process not described.<br><br>Baseline comparison data for iron stores (table 1) show no significant differences between groups. Age and fitness level data in trial registry show no differences</p>,,,,,,,,,,
11,6,Serum iron (μg/dL),2weeks - 1month,2,SUBGROUP_AND_OVERALL,Pachikian 2020,2020,,,100,43.116,,11,107,66.332,,6,,,53.15790735195558,-7,-65.87470210280651,51.87470210280651,"80mg/day; NR as serum or plasma iron (just ""iron""); control group split by dose, not across subgroups",Some concerns,<p>Randomisation process not described.<br><br>Baseline comparison data for iron stores (table 1) show no significant differences between groups. Age and fitness level data in trial registry show no differences</p>,,,,,,,,,,
11,7,TIBC (μg/dL),&lt;2 weeks,1,SUBGROUP_AND_OVERALL,Maghsudlu 2008,2008,,,371.4,65.948,,132,396.47,75.367,,120,,,100,-25.07000000000005,-42.631418708502935,-7.508581291497169,150mg/day,Some concerns,"<p>Randomisation process not described<br>No obvious baseline imbalance for number of previous donations, but does not report age, sex.</p>",,,,,,,,,,
11,7,TIBC (μg/dL),1-3 months,2,SUBGROUP_AND_OVERALL,Simon 1984,1984,,,345,46.4503,,44,385,44,,19,,,100,-40,-64.07900036832069,-15.920999631679301,39mg/day; All blood data extracted from visual approximation of graphs,Low risk,"<p>""randomly assigned to one of three groups by pulling a card with an A. B, or C on it from an envelope in which the cards had been placed in random order. The donor was then given a bottle of medication marked either A. B. or C according to the card pulled. The bottles were filled in the pharmacy of the University of New Mexico Hospital according to their code.""<br><br>Demographics reported in detail. Only significant difference is in prior iron supplementation (much lower in iron/vitC group). Unlikely to impact outcomes if ceased prior to randomisation</p>",,,,,,,,,,
11,8,Transferrin saturation (%),&lt;2 weeks,1,SUBGROUP_AND_OVERALL,Maghsudlu 2008,2008,,,22.5,10.455,,132,18.88,9.421,,120,,,99.99999999999999,3.620000000000001,1.1659634379582213,6.074036562041781,150mg/day,Some concerns,"<p>Randomisation process not described<br>No obvious baseline imbalance for number of previous donations, but does not report age, sex.</p>",,,,,,,,,,
11,8,Transferrin saturation (%),1-3 months,2,SUBGROUP_AND_OVERALL,Cable 1988,1988,,,36,21.213,,50,22,14.967,,56,,,100,14,6.933242452592137,21.066757547407864,75mg/day,Some concerns,"<p>No information on randomisation process.<br>Largely balanced in baseline characteristics (age, weight, previous donations, Hb, Hct, transferrin saturation)</p>",,,,,,,,,,
11,9,Adverse events,&lt;2 weeks,1,SUBGROUP_AND_OVERALL,Maghsudlu 2008,2008,,,,,28,156,,,9,158,,,100,3.150997150997151,1.5372945300127332,6.458608192348101,150mg/day; number of pts reporting any side effects,Some concerns,"<p>Randomisation process not described<br>No obvious baseline imbalance for number of previous donations, but does not report age, sex.</p>",,,,,,,,,,
12,1,Deferrals,&lt;2weeks,1,SUBGROUP_AND_OVERALL,Maghsudlu 2008,2008,,,,,3,132,,,6,120,,,100,0.45454545454545453,0.11623578956978442,1.7775211147328307,150mg/day; female threshold: Hb 12.5g/dL,Some concerns,"<p>Randomisation process not described<br>No obvious baseline imbalance for number of previous donations, but does not report age, sex.</p>",,,,,,,,,,
12,1,Deferrals,1-3 months,2,SUBGROUP_AND_OVERALL,Cable 1988,1988,,,,,25,46,,,22,45,,,35.423782658141796,1.1116600790513833,0.7457328842868973,1.6571458190934452,75mg/day; female; According to American Red Cross Guideline 1985,Some concerns,"<p>No information on randomisation process.<br>Largely balanced in baseline characteristics (age, weight, previous donations, Hb, Hct, transferrin saturation)</p>",,,,,,,,,,
12,1,Deferrals,1-3 months,2,SUBGROUP_AND_OVERALL,Radtke 2004a,2004,,,,,1,54,,,2,20,,,15.194132503422484,0.1851851851851852,0.01774966291562678,1.9320678356026328,40mg/day; male threshold: Hb 13.5g/dL; control group split by dose only,Some concerns,"<p>Randomisation process not reported beyond ""block randomisation of variable length""<br>Baseline bloods (visit 0) reported for each subgroup, and sex have been analysed separately. No information on age and previous donations etc</p>",,,,,,,,,,
12,1,Deferrals,1-3 months,2,SUBGROUP_AND_OVERALL,Radtke 2004a,2004,,,,,1,54,,,2,20,,,15.194132503422484,0.1851851851851852,0.01774966291562678,1.9320678356026328,20mg/day; male threshold: Hb 13.5g/dL; control group split by dose,Some concerns,"<p>Randomisation process not reported beyond ""block randomisation of variable length""<br>Baseline bloods (visit 0) reported for each subgroup, and sex have been analysed separately. No information on age and previous donations etc</p>",,,,,,,,,,
12,1,Deferrals,1-3 months,2,SUBGROUP_AND_OVERALL,Radtke 2004b,2004,,,,,13,108,,,47,103,,,34.18795233501325,0.2637903861308117,0.15193635987232723,0.45799022612833157,100mg/day; male threshold: Hb 14g/dL,Low risk,"<p>""Sample-size calculation, block randomization with variable block length, and statistical analysis were performed with software (Stata for Windows, Stata Corp., College Station, TX)."" Variable block size suggests adequate allocation concealment.<br>No baseline characteristics given per group - this would be mostly fine for a crossover study, where both periods are analysed, as they would essentially self-control, but we are using only period 1 (up to visit 3, where they crossover).</p>",,,,,,,,,,
12,2,Hb (g/L),&lt;2 weeks,1,SUBGROUP_AND_OVERALL,Maghsudlu 2008,2008,,,131,9.19,,132,127.3,8.76,,120,,,100,3.700000000000003,1.4831612158211693,5.916838784178836,150mg/day,Some concerns,"<p>Randomisation process not described<br>No obvious baseline imbalance for number of previous donations, but does not report age, sex.</p>",,,,,,,,,,
12,2,Hb (g/L),2weeks - 1month,2,SUBGROUP_AND_OVERALL,Pachikian 2020,2020,,,141,6.63,,11,145,9.95,,6,,,58.42261269296948,-4,-12.873356461788571,4.873356461788571,"80mg/day; control group split by dose, not across subgroups",Some concerns,<p>Randomisation process not described.<br><br>Baseline comparison data for iron stores (table 1) show no significant differences between groups. Age and fitness level data in trial registry show no differences</p>,,,,,,,,,,
12,2,Hb (g/L),2weeks - 1month,2,SUBGROUP_AND_OVERALL,Pachikian 2020,2020,,,144,9.95,,11,145,9.95,,5,,,41.57738730703053,-1,-11.518403292526108,9.518403292526108,"20mg/day; control group split by dose, not across subgroups",Some concerns,<p>Randomisation process not described.<br><br>Baseline comparison data for iron stores (table 1) show no significant differences between groups. Age and fitness level data in trial registry show no differences</p>,,,,,,,,,,
12,2,Hb (g/L),1-3 months,3,SUBGROUP_AND_OVERALL,Cable 1988,1988,,,134,6.78,,46,129,6.71,,45,,,28.499381783303612,5,2.2282972668752437,7.771702733124757,75mg/day,Some concerns,"<p>No information on randomisation process.<br>Largely balanced in baseline characteristics (age, weight, previous donations, Hb, Hct, transferrin saturation)</p>",,,,,,,,,,
12,2,Hb (g/L),1-3 months,3,SUBGROUP_AND_OVERALL,Mast 2016 (STRIDE),2012,,,141,10.89796,,73,138,12.75255,,26,,,23.582753570011402,3,-2.50251996593983,8.502519965939829,"38mg/day; control group split by dose, not across subgroups",Low risk,"<p>""The lists were generated using standard block randomization methods,<br><br>implemented with computer software (nQuery Advisor, 2014, Statistical Solutions, Boston, MA). The randomized numbers from the algorithm correspond to one of the five study arms. While they appeared to be random numbers, they coded for the group assignment. Each of the five study arms had three to four codes so that patterns could not be identified by investigators, coordinators, and staff at study sites""<br><br>Uneven medical de-enrolment from study, appears that placebo group are ""healthier"" suggest some baseline imbalance. Bias in favour of placebo (reduced effect size of iron)</p>",,,,,,,,,,
12,2,Hb (g/L),1-3 months,3,SUBGROUP_AND_OVERALL,Mast 2016 (STRIDE),2012,,,141,11.75685574,,59,138,12.75255,,25,,,22.93297409889139,3,-2.8299869527505317,8.82998695275053,"19mg/day; control group split by dose, not across subgroups",Low risk,"<p>""The lists were generated using standard block randomization methods,<br><br>implemented with computer software (nQuery Advisor, 2014, Statistical Solutions, Boston, MA). The randomized numbers from the algorithm correspond to one of the five study arms. While they appeared to be random numbers, they coded for the group assignment. Each of the five study arms had three to four codes so that patterns could not be identified by investigators, coordinators, and staff at study sites""<br><br>Uneven medical de-enrolment from study, appears that placebo group are ""healthier"" suggest some baseline imbalance. Bias in favour of placebo (reduced effect size of iron)</p>",,,,,,,,,,
12,2,Hb (g/L),1-3 months,3,SUBGROUP_AND_OVERALL,Simon 1984,1984,,,142,9.345,,44,127,8.7,,19,,,24.984890547793594,15,10.211733463307837,19.788266536692163,39mg/day; Data extracted from visual approximation of graphs,Low risk,"<p>""randomly assigned to one of three groups by pulling a card with an A. B, or C on it from an envelope in which the cards had been placed in random order. The donor was then given a bottle of medication marked either A. B. or C according to the card pulled. The bottles were filled in the pharmacy of the University of New Mexico Hospital according to their code.""<br><br>Demographics reported in detail. Only significant difference is in prior iron supplementation (much lower in iron/vitC group). Unlikely to impact outcomes if ceased prior to randomisation</p>",,,,,,,,,,
12,3,Serum ferritin (ng/mL),&lt;2 weeks,1,SUBGROUP_AND_OVERALL,Maghsudlu 2008,2008,,,26.04,19.072,,132,19.02,18.294,,120,,,100,7.02,2.404904751660829,11.63509524833917,150mg/day,Some concerns,"<p>Randomisation process not described<br>No obvious baseline imbalance for number of previous donations, but does not report age, sex.</p>",,,,,,,,,,
12,3,Serum ferritin (ng/mL),2weeks - 1month,2,SUBGROUP_AND_OVERALL,Pachikian 2020,2020,,,30.99,13.897,,11,28.34,29.982,,5,,,48.28852861254614,2.6499999999999986,-24.88320608855299,30.183206088552986,20mg/day; plasma ferritin; control group split by dose only,Some concerns,<p>Randomisation process not described.<br><br>Baseline comparison data for iron stores (table 1) show no significant differences between groups. Age and fitness level data in trial registry show no differences</p>,,,,,,,,,,
12,3,Serum ferritin (ng/mL),2weeks - 1month,2,SUBGROUP_AND_OVERALL,Pachikian 2020,2020,,,35.79,19.469,,11,28.34,29.982,,6,,,51.71147138745387,7.449999999999999,-19.15635148367862,34.05635148367862,80mg/day; plasma ferritin; control group split by dose only,Some concerns,<p>Randomisation process not described.<br><br>Baseline comparison data for iron stores (table 1) show no significant differences between groups. Age and fitness level data in trial registry show no differences</p>,,,,,,,,,,
12,3,Serum ferritin (ng/mL),1-3 months,3,SUBGROUP_AND_OVERALL,Cable 1988,1988,,,30,20.347,,46,18,13.416,,45,,,64.79850048387868,12,4.933313040623777,19.066686959376224,75mg/day,Some concerns,"<p>No information on randomisation process.<br>Largely balanced in baseline characteristics (age, weight, previous donations, Hb, Hct, transferrin saturation)</p>",,,,,,,,,,
12,3,Serum ferritin (ng/mL),1-3 months,3,SUBGROUP_AND_OVERALL,Radtke 2004a,2004,,,25,19.8,,54,21.4,27.5,,20,,,18.689119162200775,3.6000000000000014,-9.558425160167761,16.758425160167764,20mg/day; plasma ferritin; control group split by dose only,Some concerns,"<p>Randomisation process not reported beyond ""block randomisation of variable length""<br>Baseline bloods (visit 0) reported for each subgroup, and sex have been analysed separately. No information on age and previous donations etc</p>",,,,,,,,,,
12,3,Serum ferritin (ng/mL),1-3 months,3,SUBGROUP_AND_OVERALL,Radtke 2004a,2004,,,33.2,26.7,,54,21.4,27.5,,20,,,16.512380353920534,11.800000000000004,-2.1988864029260142,25.798886402926023,40mg/day; plasma ferritin; control group split by dose only,Some concerns,"<p>Randomisation process not reported beyond ""block randomisation of variable length""<br>Baseline bloods (visit 0) reported for each subgroup, and sex have been analysed separately. No information on age and previous donations etc</p>",,,,,,,,,,
12,4,Ferritin (ng/mL) – reported as geometric mean,1-3 months,1,SUBGROUP_AND_OVERALL,Mast 2016 (STRIDE),2012,1.8602,0.2739,,,,32,,,,13,,,16.27944806369668,6.425021647266721,3.7560424553914085,10.990531565635402,plasma ferritin: low dose (19mg); male; control group split,Low risk,"<p>""The lists were generated using standard block randomization methods,<br><br>implemented with computer software (nQuery Advisor, 2014, Statistical Solutions, Boston, MA). The randomized numbers from the algorithm correspond to one of the five study arms. While they appeared to be random numbers, they coded for the group assignment. Each of the five study arms had three to four codes so that patterns could not be identified by investigators, coordinators, and staff at study sites""<br><br>Uneven medical de-enrolment from study, appears that placebo group are ""healthier"" suggest some baseline imbalance. Bias in favour of placebo (reduced effect size of iron)</p>",,,,,,,,,,
12,4,Ferritin (ng/mL) – reported as geometric mean,1-3 months,1,SUBGROUP_AND_OVERALL,Mast 2016 (STRIDE),2012,2.2796,0.2698,,,,39,,,,12,,,16.398528806330045,9.77277051939525,5.7592180885130375,16.58333512586597,plasma ferritin: higher dose (38mg); male; control group split,Low risk,"<p>""The lists were generated using standard block randomization methods,<br><br>implemented with computer software (nQuery Advisor, 2014, Statistical Solutions, Boston, MA). The randomized numbers from the algorithm correspond to one of the five study arms. While they appeared to be random numbers, they coded for the group assignment. Each of the five study arms had three to four codes so that patterns could not be identified by investigators, coordinators, and staff at study sites""<br><br>Uneven medical de-enrolment from study, appears that placebo group are ""healthier"" suggest some baseline imbalance. Bias in favour of placebo (reduced effect size of iron)</p>",,,,,,,,,,
12,4,Ferritin (ng/mL) – reported as geometric mean,1-3 months,1,SUBGROUP_AND_OVERALL,Mast 2016 (STRIDE),2012,1.514,0.2687,,,,29,,,,13,,,16.430465277200778,4.5448739796713165,2.6841327492113907,7.6955506381575844,plasma ferritin: low dose (19mg); female; control group split,Low risk,"<p>""The lists were generated using standard block randomization methods,<br><br>implemented with computer software (nQuery Advisor, 2014, Statistical Solutions, Boston, MA). The randomized numbers from the algorithm correspond to one of the five study arms. While they appeared to be random numbers, they coded for the group assignment. Each of the five study arms had three to four codes so that patterns could not be identified by investigators, coordinators, and staff at study sites""<br><br>Uneven medical de-enrolment from study, appears that placebo group are ""healthier"" suggest some baseline imbalance. Bias in favour of placebo (reduced effect size of iron)</p>",,,,,,,,,,
12,4,Ferritin (ng/mL) – reported as geometric mean,1-3 months,1,SUBGROUP_AND_OVERALL,Mast 2016 (STRIDE),2012,1.4078,0.2565,,,,36,,,,14,,,16.7840429003414,4.086954207129338,2.4721030805198483,6.756674033050334,plasma ferritin: higher dose (38mg); female; control group split,Low risk,"<p>""The lists were generated using standard block randomization methods,<br><br>implemented with computer software (nQuery Advisor, 2014, Statistical Solutions, Boston, MA). The randomized numbers from the algorithm correspond to one of the five study arms. While they appeared to be random numbers, they coded for the group assignment. Each of the five study arms had three to four codes so that patterns could not be identified by investigators, coordinators, and staff at study sites""<br><br>Uneven medical de-enrolment from study, appears that placebo group are ""healthier"" suggest some baseline imbalance. Bias in favour of placebo (reduced effect size of iron)</p>",,,,,,,,,,
12,4,Ferritin (ng/mL) – reported as geometric mean,1-3 months,1,SUBGROUP_AND_OVERALL,Simon 1984,1984,2.4,0.2465,,,,22,,,,10,,,17.072455572471625,11.023176380641601,6.79963461609287,17.870139261770483,serum ferritin: (39mg/day) iron+ascorbic acid vs ascorbic acid; all data extracted by visual approximation from graphs,Low risk,"<p>""randomly assigned to one of three groups by pulling a card with an A. B, or C on it from an envelope in which the cards had been placed in random order. The donor was then given a bottle of medication marked either A. B. or C according to the card pulled. The bottles were filled in the pharmacy of the University of New Mexico Hospital according to their code.""<br><br>Demographics reported in detail. Only significant difference is in prior iron supplementation (much lower in iron/vitC group). Unlikely to impact outcomes if ceased prior to randomisation</p>",,,,,,,,,,
12,4,Ferritin (ng/mL) – reported as geometric mean,1-3 months,1,SUBGROUP_AND_OVERALL,Simon 1984,1984,2.8,0.2478,,,,22,,,,9,,,17.035059379959492,16.444646771097048,10.118049666968027,26.72712788799627,serum ferritin: (39mg/day) iron vs ascorbic acid; all data extracted by visual approximation from graphs,Low risk,"<p>""randomly assigned to one of three groups by pulling a card with an A. B, or C on it from an envelope in which the cards had been placed in random order. The donor was then given a bottle of medication marked either A. B. or C according to the card pulled. The bottles were filled in the pharmacy of the University of New Mexico Hospital according to their code.""<br><br>Demographics reported in detail. Only significant difference is in prior iron supplementation (much lower in iron/vitC group). Unlikely to impact outcomes if ceased prior to randomisation</p>",,,,,,,,,,
12,5,MCV (fl),2weeks - 1month,1,SUBGROUP_AND_OVERALL,Pachikian 2020,2020,,,87.5,1.99,,11,86.9,3.648,,6,,,57.38568664779805,0.5999999999999943,-2.5469436440396063,3.746943644039595,80mg/day; control group split by dose only,Some concerns,<p>Randomisation process not described.<br><br>Baseline comparison data for iron stores (table 1) show no significant differences between groups. Age and fitness level data in trial registry show no differences</p>,,,,,,,,,,
12,5,MCV (fl),2weeks - 1month,1,SUBGROUP_AND_OVERALL,Pachikian 2020,2020,,,88,2.985,,11,86.9,3.648,,5,,,42.614313352201954,1.0999999999999943,-2.551850662500655,4.751850662500644,20mg/day; control group split by dose only,Some concerns,<p>Randomisation process not described.<br><br>Baseline comparison data for iron stores (table 1) show no significant differences between groups. Age and fitness level data in trial registry show no differences</p>,,,,,,,,,,
12,6,Serum iron (μg/dL),&lt;2 weeks,1,SUBGROUP_AND_OVERALL,Maghsudlu 2008,2008,,,77.86,27.689,,132,69.97,27.057,,120,,,99.99999999999999,7.890000000000001,1.1263166823003399,14.653683317699661,150mg/day,Some concerns,"<p>Randomisation process not described<br>No obvious baseline imbalance for number of previous donations, but does not report age, sex.</p>",,,,,,,,,,
12,6,Serum iron (μg/dL),2weeks - 1month,2,SUBGROUP_AND_OVERALL,Pachikian 2020,2020,,,116,39.799,,11,85,43.116,,6,,,48.11166566178403,31,-10.753580467214853,72.75358046721485,"80mg/day; NR whether serum or plasma iron (just ""iron""); control group split",Some concerns,<p>Randomisation process not described.<br><br>Baseline comparison data for iron stores (table 1) show no significant differences between groups. Age and fitness level data in trial registry show no differences</p>,,,,,,,,,,
12,6,Serum iron (μg/dL),2weeks - 1month,2,SUBGROUP_AND_OVERALL,Pachikian 2020,2020,,,97,23.216,,11,85,43.116,,5,,,51.888334338215955,12,-28.20536921788976,52.20536921788976,"20mg/day; NR whether serum or plasma iron (just ""iron""); control group split",Some concerns,<p>Randomisation process not described.<br><br>Baseline comparison data for iron stores (table 1) show no significant differences between groups. Age and fitness level data in trial registry show no differences</p>,,,,,,,,,,
12,7,TIBC (μg/dL),&lt;2 weeks,1,SUBGROUP_AND_OVERALL,Maghsudlu 2008,2008,,,370.22,58.709,,132,405.67,75.805,,120,,,100,-35.44999999999999,-52.310061729014734,-18.589938270985243,150mg/day,Some concerns,"<p>Randomisation process not described<br>No obvious baseline imbalance for number of previous donations, but does not report age, sex.</p>",,,,,,,,,,
12,7,TIBC (μg/dL),1-3 months,2,SUBGROUP_AND_OVERALL,Simon 1984,1984,,,340,46.4503,,44,390,44,,19,,,100,-50,-74.07900036832069,-25.9209996316793,39mg/day; data extracted from visual approximation from graphs,Low risk,"<p>""randomly assigned to one of three groups by pulling a card with an A. B, or C on it from an envelope in which the cards had been placed in random order. The donor was then given a bottle of medication marked either A. B. or C according to the card pulled. The bottles were filled in the pharmacy of the University of New Mexico Hospital according to their code.""<br><br>Demographics reported in detail. Only significant difference is in prior iron supplementation (much lower in iron/vitC group). Unlikely to impact outcomes if ceased prior to randomisation</p>",,,,,,,,,,
12,8,Transferrin saturation (%),&lt;2 weeks,1,SUBGROUP_AND_OVERALL,Maghsudlu 2008,2008,,,21.94,9.421,,132,17.13,8.544,,120,,,100,4.810000000000002,2.5919294552346974,7.028070544765307,150mg/day,Some concerns,"<p>Randomisation process not described<br>No obvious baseline imbalance for number of previous donations, but does not report age, sex.</p>",,,,,,,,,,
12,8,Transferrin saturation (%),1-3 months,2,SUBGROUP_AND_OVERALL,Cable 1988,1988,,,30,13.565,,46,25,13.416,,45,,,100,5,-0.5436005179198578,10.543600517919858,75mg/day,Some concerns,"<p>No information on randomisation process.<br>Largely balanced in baseline characteristics (age, weight, previous donations, Hb, Hct, transferrin saturation)</p>",,,,,,,,,,
12,9,Adverse events,&lt;2 weeks,1,SUBGROUP_AND_OVERALL,Maghsudlu 2008,2008,,,,,22,122,,,10,119,,,100,2.1459016393442623,1.0618420490778093,4.336703231652636,150mg/day; number of pts reporting any side effects,Some concerns,"<p>Randomisation process not described<br>No obvious baseline imbalance for number of previous donations, but does not report age, sex.</p>",,,,,,,,,,
12,9,Adverse events,2weeks - 1month,2,SUBGROUP_AND_OVERALL,Pachikian 2020,2020,,,,,2,11,,,1,5,,,59.03490759753593,0.9090909090909091,0.10535069853461486,7.84471572079982,20mg/day; control group split; MedDRA v1: Non-serious AEs; Frequency threshold for reporting non-serious adverse events: 5%,Some concerns,<p>Randomisation process not described.<br><br>Baseline comparison data for iron stores (table 1) show no significant differences between groups. Age and fitness level data in trial registry show no differences</p>,,,,,,,,,,
12,9,Adverse events,2weeks - 1month,2,SUBGROUP_AND_OVERALL,Pachikian 2020,2020,,,,,1,11,,,1,6,,,40.965092402464066,0.5454545454545454,0.041035970775129514,7.250240594706283,80mg/day; control group split; MedDRA v1: Non-serious AEs; Frequency threshold for reporting non-serious adverse events: 5%,Some concerns,<p>Randomisation process not described.<br><br>Baseline comparison data for iron stores (table 1) show no significant differences between groups. Age and fitness level data in trial registry show no differences</p>,,,,,,,,,,
12,9,Adverse events,1-3 months,3,SUBGROUP_AND_OVERALL,Mast 2016 (STRIDE),2012,,,,,12,139,,,2,69,,,9.899618635066773,2.9784172661870505,0.68559713589687,12.939040942632447,38mg/day; control group split; number of pts reporting adverse events in first 60 days period,Low risk,"<p>""The lists were generated using standard block randomization methods,<br><br>implemented with computer software (nQuery Advisor, 2014, Statistical Solutions, Boston, MA). The randomized numbers from the algorithm correspond to one of the five study arms. While they appeared to be random numbers, they coded for the group assignment. Each of the five study arms had three to four codes so that patterns could not be identified by investigators, coordinators, and staff at study sites""<br><br>Uneven medical de-enrolment from study, appears that placebo group are ""healthier"" suggest some baseline imbalance. Bias in favour of placebo (reduced effect size of iron)</p>",,,,,,,,,,
12,9,Adverse events,1-3 months,3,SUBGROUP_AND_OVERALL,Mast 2016 (STRIDE),2012,,,,,6,139,,,2,69,,,8.620557821281272,1.4892086330935252,0.30856755224652876,7.187218282460333,19mg/day; control group split; number of pts reporting adverse events in first 60 days period,Low risk,"<p>""The lists were generated using standard block randomization methods,<br><br>implemented with computer software (nQuery Advisor, 2014, Statistical Solutions, Boston, MA). The randomized numbers from the algorithm correspond to one of the five study arms. While they appeared to be random numbers, they coded for the group assignment. Each of the five study arms had three to four codes so that patterns could not be identified by investigators, coordinators, and staff at study sites""<br><br>Uneven medical de-enrolment from study, appears that placebo group are ""healthier"" suggest some baseline imbalance. Bias in favour of placebo (reduced effect size of iron)</p>",,,,,,,,,,
12,9,Adverse events,1-3 months,3,SUBGROUP_AND_OVERALL,Radtke 2004a,2004,,,,,23,175,,,9,87,,,40.47205412877419,1.2704761904761905,0.6144256745783119,2.6270219773525536,20mg/day; control group split; number of pts reporting any side effects,Some concerns,"<p>Randomisation process not reported beyond ""block randomisation of variable length""<br>Baseline bloods (visit 0) reported for each subgroup, and sex have been analysed separately. No information on age and previous donations etc</p>",,,,,,,,,,
12,9,Adverse events,1-3 months,3,SUBGROUP_AND_OVERALL,Radtke 2004a,2004,,,,,19,176,,,10,88,,,41.00776941487777,0.95,0.4616299661194965,1.9550290627501872,40mg/day; control group split; number of pts reporting any side effects,Some concerns,"<p>Randomisation process not reported beyond ""block randomisation of variable length""<br>Baseline bloods (visit 0) reported for each subgroup, and sex have been analysed separately. No information on age and previous donations etc</p>",,,,,,,,,,
12,10,Adherence (% tablets consumed),1-3 months,1,SUBGROUP_AND_OVERALL,Cable 1988,1988,,,1.6,0.4,,46,1.5,0.7,,45,,,100,0.10000000000000009,-0.13492725292704327,0.33492725292704345,75mg/day; pills per day consumed (prescribed 2/day),Some concerns,"<p>No information on randomisation process.<br>Largely balanced in baseline characteristics (age, weight, previous donations, Hb, Hct, transferrin saturation)</p>",,,,,,,,,,
13,1,Deferrals,FE2+,1,SUBGROUP_AND_OVERALL,Cable 1988,1988,,,,,37,57,,,35,64,,,42.178242737136266,1.186967418546366,0.8850310003507134,1.5919122066145919,75mg/day; According to American Red Cross Guideline 1985,Some concerns,"<p>No information on randomisation process.<br>Largely balanced in baseline characteristics (age, weight, previous donations, Hb, Hct, transferrin saturation)</p>",,,,,,,,,,
13,1,Deferrals,FE2+,1,SUBGROUP_AND_OVERALL,Kiss 2015 (REDS-III HEIRS),2015,,,,,11,106,,,26,101,,,35.51962751155138,0.4031204644412192,0.21041536677895578,0.7723110309810174,37.5mg/day; threshold: Hb 12.5g/dL,Low risk,"<p>""A stratified enrolment and randomization scheme was followed to ensure inclusion of participants with varying iron stores and a slight overrepresentation of women(60%female/40% male) and individuals 60 years and older (20%). Participants were assessed for iron status per protocol as iron depleted (“low ferritin,” ≤26 ng/mL) and iron-replete (“higher ferritin,” &gt;26 ng/mL) based on the ferritin measurement at enrolment""<br>""If the appropriate subgroup remained open, a centralized computer program randomized the participant to receive iron supplements or no iron""</p>",,,,,,,,,,
13,1,Deferrals,FE2+,1,SUBGROUP_AND_OVERALL,Maghsudlu 2008,2008,,,,,4,182,,,5,179,,,22.302129751312357,0.7868131868131868,0.2147546022264028,2.8827088431402714,150mg/day; threshold: Hb 12.5g/dL,Some concerns,"<p>Randomisation process not described<br>No obvious baseline imbalance for number of previous donations, but does not report age, sex.</p>",,,,,,,,,,
13,1,Deferrals,FE3+,2,SUBGROUP_AND_OVERALL,Gordeuk 1990,1990,,,,,3,38,,,12,33,,,51.94526541279097,0.21710526315789472,0.06697542646868015,0.7037610326064948,100mg/day; threshold: Hb 12.5g/dL,Some concerns,<p>Randomisation process not described<br>lacking baseline demographic data</p>,,,,,,,,,,
13,1,Deferrals,FE3+,2,SUBGROUP_AND_OVERALL,Marks 2013 (FIRST),2013,,,,,3,129,,,14,128,,,48.054734587209055,0.21262458471760798,0.06260160939430714,0.7221733508730923,45mg/day; threshold: Hb 12.5g/dL,Low risk,"<p>""Allocation will be through central randomization by computer off-site... Randomisation will be carried out by Trident Clinical Research Pty Ltd. The sequence of allocation of carbonyl iron or placebo to donors will be ascertained via a computerised randomisation program. Donors will be assigned a numbered packet sequentially on enrolment""</p>",,,,,,,,,,
13,1,Deferrals,FE2+ with additives,3,SUBGROUP_AND_OVERALL,Radtke 2004a,2004,,,,,2,142,,,4,59,,,12.675960471248882,0.20774647887323944,0.03910728899250189,1.1035947670140005,"40mg/day; (control group split by dose, not across subgroups); threshold: male Hb 13.5g/dL; female Hb 12.5g/dL",Some concerns,"<p>Randomisation process not reported beyond ""block randomisation of variable length""<br>Baseline bloods (visit 0) reported for each subgroup, and sex have been analysed separately. No information on age and previous donations etc</p>",,,,,,,,,,
13,1,Deferrals,FE2+ with additives,3,SUBGROUP_AND_OVERALL,Radtke 2004a,2004,,,,,3,134,,,4,59,,,16.465382587060017,0.3302238805970149,0.07628536801612953,1.429472179953236,"20mg/day; (control group split by dose, not across subgroups); threshold: male Hb 13.5g/dL; female Hb 12.5g/dL",Some concerns,"<p>Randomisation process not reported beyond ""block randomisation of variable length""<br>Baseline bloods (visit 0) reported for each subgroup, and sex have been analysed separately. No information on age and previous donations etc</p>",,,,,,,,,,
13,1,Deferrals,FE2+ with additives,3,SUBGROUP_AND_OVERALL,Radtke 2004b,2004,,,,,9,118,,,28,118,,,70.8586569416911,0.32142857142857145,0.1586081551504699,0.6513935329024989,100mg/day; threshold: Hb 14g/dL,Low risk,"<p>""Sample-size calculation, block randomization with variable block length, and statistical analysis were performed with software (Stata for Windows, Stata Corp., College Station, TX)."" Variable block size suggests adequate allocation concealment.<br>No baseline characteristics given per group - this would be mostly fine for a crossover study, where both periods are analysed, as they would essentially self-control, but we are using only period 1 (up to visit 3, where they crossover).</p>",,,,,,,,,,
13,2,Hb (g/L),FE2+,1,SUBGROUP_AND_OVERALL,Bucher 1973,1973,,,129,5.519,,81,126,8,,38,,,14.407067652189426,3,0.18675040289152012,5.81324959710848,111mg/day,Some concerns,"<p>No information on randomisation process other than ""according to the randomisation plan"" (translated from German)<br><br>Authors state no differences in groups according to age and sex distribution, and report age, Hb, plasma iron, and TIBC at baseline (but not sex per group)</p>",,,,,,,,,,
13,2,Hb (g/L),FE2+,1,SUBGROUP_AND_OVERALL,Cable 1988,1988,,,133,7.55,,57,132,8,,64,,,14.476867286759235,1,-1.7718380411604584,3.7718380411604584,75mg/day,Some concerns,"<p>No information on randomisation process.<br>Largely balanced in baseline characteristics (age, weight, previous donations, Hb, Hct, transferrin saturation)</p>",,,,,,,,,,
13,2,Hb (g/L),FE2+,1,SUBGROUP_AND_OVERALL,Dara 2017,2017,,,137,10,,64,128,8,,62,,,13.815711559807212,9,5.8428404768680595,12.157159523131941,98.6mg/day,Some concerns,<p>No information regarding randomisation process.<br><br>Some imbalance in blood tests and number of previous donations. This seems to influence the outcomes as they have attempted to perform a post-hoc subgroup analysis</p>,,,,,,,,,,
13,2,Hb (g/L),FE2+,1,SUBGROUP_AND_OVERALL,Gordeuk 1987a,1987,,,125,8.25,,17,126,13.08,,19,,,7.676760706561157,-1,-8.068985514762769,6.068985514762768,"180mg/day; control group NOT split across subgroups, as using subtotals only",Some concerns,<p>Randomisation process not reported.<br><br>no baseline demographic information</p>,,,,,,,,,,
13,2,Hb (g/L),FE2+,1,SUBGROUP_AND_OVERALL,Kiss 2015 (REDS-III HEIRS),2015,,,141,11,,95,136,13,,97,,,13.382847278921329,5,1.5962290940298378,8.403770905970163,37.5mg/day,Low risk,"<p>""A stratified enrolment and randomization scheme was followed to ensure inclusion of participants with varying iron stores and a slight overrepresentation of women(60%female/40% male) and individuals 60 years and older (20%). Participants were assessed for iron status per protocol as iron depleted (“low ferritin,” ≤26 ng/mL) and iron-replete (“higher ferritin,” &gt;26 ng/mL) based on the ferritin measurement at enrolment""<br>""If the appropriate subgroup remained open, a centralized computer program randomized the participant to receive iron supplements or no iron""</p>",,,,,,,,,,
13,2,Hb (g/L),FE2+,1,SUBGROUP_AND_OVERALL,Maghsudlu 2008,2008,,,132.9,9.19,,132,131.9,8.76,,120,,,15.368171551943533,1,-1.2168387841788335,3.2168387841788335,150mg/day,Some concerns,"<p>Randomisation process not described<br>No obvious baseline imbalance for number of previous donations, but does not report age, sex.</p>",,,,,,,,,,
13,2,Hb (g/L),FE2+,1,SUBGROUP_AND_OVERALL,Pachikian 2020,2020,,,148,6.93,,12,156,9.95,,5,,,5.2559021385829405,-8,-17.562249300712857,1.562249300712855,20mg/day; control group split,Some concerns,<p>Randomisation process not described.<br><br>Baseline comparison data for iron stores (table 1) show no significant differences between groups. Age and fitness level data in trial registry show no differences</p>,,,,,,,,,,
13,2,Hb (g/L),FE2+,1,SUBGROUP_AND_OVERALL,Pachikian 2020,2020,,,153,6.63,,11,156,9.95,,6,,,5.817813148161068,-3,-11.873356461788571,5.873356461788571,80mg/day; control group split,Some concerns,<p>Randomisation process not described.<br><br>Baseline comparison data for iron stores (table 1) show no significant differences between groups. Age and fitness level data in trial registry show no differences</p>,,,,,,,,,,
13,2,Hb (g/L),FE2+,1,SUBGROUP_AND_OVERALL,Simon 1984,1984,,,140,9.4,,22,134,8.7,,10,,,8.172973464661425,6,-0.6711841026805772,12.671184102680577,39mg/day; Data extracted from visual approximation of graphs; control group split,Low risk,"<p>""randomly assigned to one of three groups by pulling a card with an A. B, or C on it from an envelope in which the cards had been placed in random order. The donor was then given a bottle of medication marked either A. B. or C according to the card pulled. The bottles were filled in the pharmacy of the University of New Mexico Hospital according to their code.""<br><br>Demographics reported in detail. Only significant difference is in prior iron supplementation (much lower in iron/vitC group). Unlikely to impact outcomes if ceased prior to randomisation</p>",,,,,,,,,,
13,2,Hb (g/L),FE2+,1,SUBGROUP_AND_OVERALL,Waldvogel 2012,2012,,,135,67,,74,130,53,,71,,,1.6258852124126704,5,-14.621730150009451,24.62173015000945,80mg/day,Low risk,"<p>""simple random allocation sequence without restriction was generated by<br><br>an independent pharmacy according to a pre-established computer-generated list. Each drug package was identified with a unique number according to the randomization schedule and given to the nurse in charge of the participant.<br><br>The code was held by the pharmacist and remained unbroken until the end of the trial. The allocation remained concealed from participants, care providers, investigators and the statistician until the end of the statistical analysis.""<br><br>&nbsp;</p>",,,,,,,,,,
13,2,Hb (g/L),FE3+,2,SUBGROUP_AND_OVERALL,Gordeuk 1987a,1987,,,125,3.87,,15,126,13.08,,19,,,18.283035588267524,-1,-7.19888222899011,5.19888222899011,"1800mg/day; control group NOT split across subgroups, as using subtotals only",Some concerns,<p>Randomisation process not reported.<br><br>no baseline demographic information</p>,,,,,,,,,,
13,2,Hb (g/L),FE3+,2,SUBGROUP_AND_OVERALL,Gordeuk 1990,1990,,,131,8,,40,123,9,,36,,,26.676599532609863,8,4.154272960847015,11.845727039152985,100mg/day,Some concerns,<p>Randomisation process not described<br>lacking baseline demographic data</p>,,,,,,,,,,
13,2,Hb (g/L),FE3+,2,SUBGROUP_AND_OVERALL,Linpisarn 1986,1986,,,151.9,12.2,,47,151.2,11.6,,51,,,23.280345737383414,0.700000000000017,-4.022350045847417,5.422350045847451,168mg/day,Some concerns,"<p>Randomisation process not described<br><br>Some baseline blood data, no info on sex, age, etc</p>",,,,,,,,,,
13,2,Hb (g/L),FE3+,2,SUBGROUP_AND_OVERALL,Marks 2013 (FIRST),2013,,,134.6,8.7,,109,130,9.9,,97,,,31.760019141739214,4.599999999999994,2.040902382124146,7.159097617875842,45mg/day,Low risk,"<p>""Allocation will be through central randomization by computer off-site... Randomisation will be carried out by Trident Clinical Research Pty Ltd. The sequence of allocation of carbonyl iron or placebo to donors will be ascertained via a computerised randomisation program. Donors will be assigned a numbered packet sequentially on enrolment""</p>",,,,,,,,,,
13,2,Hb (g/L),FE2+ with additives,3,SUBGROUP_AND_OVERALL,Rosvik 2010,2010,,,135.961,10.246,,153,136.149,10.985,,161,,,60.63603343909006,-0.18799999999998818,-2.536403022851283,2.1604030228513067,100mg/day,Some concerns,"<p>Randomisation process not described<br>Baseline blood data only given by sex, combining iron and no iron groups together.</p>",,,,,,,,,,
13,2,Hb (g/L),FE2+ with additives,3,SUBGROUP_AND_OVERALL,Simon 1984,1984,,,141,9.4,,22,134,8.7,,9,,,39.363966560909944,7,0.0909216099350969,13.909078390064902,39mg/day; Data extracted from visual approximation of graphs; control group split,Low risk,"<p>""randomly assigned to one of three groups by pulling a card with an A. B, or C on it from an envelope in which the cards had been placed in random order. The donor was then given a bottle of medication marked either A. B. or C according to the card pulled. The bottles were filled in the pharmacy of the University of New Mexico Hospital according to their code.""<br><br>Demographics reported in detail. Only significant difference is in prior iron supplementation (much lower in iron/vitC group). Unlikely to impact outcomes if ceased prior to randomisation</p>",,,,,,,,,,
13,2,Hb (g/L),"""iron"" with additives",4,SUBGROUP_AND_OVERALL,Blot 1980,1980,,,146.2,14.056,,73,147.67,13.348,,70,,,100,-1.4699999999999989,-5.96158016326362,3.0215801632636223,105mg/day,Some concerns,"<p>Translation from French to English. Randomisation process and allocation not mentioned.<br><br>Authors state there was no difference between those groups, though data not provided</p>",,,,,,,,,,
13,3,Serum ferritin (ng/mL),FE2+,1,SUBGROUP_AND_OVERALL,Cable 1988,1988,,,23,15.1,,57,14,8,,64,,,18.40935043425138,9,4.61731040984938,13.382689590150619,75mg/day,Some concerns,"<p>No information on randomisation process.<br>Largely balanced in baseline characteristics (age, weight, previous donations, Hb, Hct, transferrin saturation)</p>",,,,,,,,,,
13,3,Serum ferritin (ng/mL),FE2+,1,SUBGROUP_AND_OVERALL,Dara 2017,2017,,,39.5,39.2,,64,26.4,26.1,,62,,,9.821075175185028,13.100000000000001,1.5051508982633113,24.694849101736693,98.6mg/day,Some concerns,<p>No information regarding randomisation process.<br><br>Some imbalance in blood tests and number of previous donations. This seems to influence the outcomes as they have attempted to perform a post-hoc subgroup analysis</p>,,,,,,,,,,
13,3,Serum ferritin (ng/mL),FE2+,1,SUBGROUP_AND_OVERALL,Kiss 2015 (REDS-III HEIRS),2015,,,58.7,33.6,,95,33.7,31.1,,97,,,12.344067075879506,25,15.837293813535917,34.162706186464085,37.5mg/day; plasma ferritin,Low risk,"<p>""A stratified enrolment and randomization scheme was followed to ensure inclusion of participants with varying iron stores and a slight overrepresentation of women(60%female/40% male) and individuals 60 years and older (20%). Participants were assessed for iron status per protocol as iron depleted (“low ferritin,” ≤26 ng/mL) and iron-replete (“higher ferritin,” &gt;26 ng/mL) based on the ferritin measurement at enrolment""<br>""If the appropriate subgroup remained open, a centralized computer program randomized the participant to receive iron supplements or no iron""</p>",,,,,,,,,,
13,3,Serum ferritin (ng/mL),FE2+,1,SUBGROUP_AND_OVERALL,Maghsudlu 2008,2008,,,26.06,20.336,,132,19.47,17.198,,120,,,18.094148870752225,6.59,1.9528161214276638,11.227183878572337,150mg/day,Some concerns,"<p>Randomisation process not described<br>No obvious baseline imbalance for number of previous donations, but does not report age, sex.</p>",,,,,,,,,,
13,3,Serum ferritin (ng/mL),FE2+,1,SUBGROUP_AND_OVERALL,Mirrezaie 2008,2008,,,31.7,13.4,,39,13.5,6.5,,31,,,17.90470613260548,18.2,13.412306711496765,22.987693288503234,50mg/day,Some concerns,"<p>Randomisation not described beyond ""random block design""<br>Demographics appear well balanced</p>",,,,,,,,,,
13,3,Serum ferritin (ng/mL),FE2+,1,SUBGROUP_AND_OVERALL,Pachikian 2020,2020,,,64.04,36.304,,12,60.02,36.616,,5,,,1.5505172748821971,4.020000000000003,-34.08494578719974,42.12494578719975,20mg/day; plasma ferritin; control group split,Some concerns,<p>Randomisation process not described.<br><br>Baseline comparison data for iron stores (table 1) show no significant differences between groups. Age and fitness level data in trial registry show no differences</p>,,,,,,,,,,
13,3,Serum ferritin (ng/mL),FE2+,1,SUBGROUP_AND_OVERALL,Pachikian 2020,2020,,,50.97,30.447,,11,60.02,36.616,,6,,,1.8736939735389586,-9.050000000000004,-43.43213551056524,25.33213551056523,80mg/day; plasma ferritin; control group split,Some concerns,<p>Randomisation process not described.<br><br>Baseline comparison data for iron stores (table 1) show no significant differences between groups. Age and fitness level data in trial registry show no differences</p>,,,,,,,,,,
13,3,Serum ferritin (ng/mL),FE2+,1,SUBGROUP_AND_OVERALL,Waldvogel 2012,2012,,,28,9.8,,74,12.9,8.3,,71,,,20.002441062905238,15.1,12.148239886585918,18.05176011341408,80mg/day,Low risk,"<p>""simple random allocation sequence without restriction was generated by<br><br>an independent pharmacy according to a pre-established computer-generated list. Each drug package was identified with a unique number according to the randomization schedule and given to the nurse in charge of the participant.<br><br>The code was held by the pharmacist and remained unbroken until the end of the trial. The allocation remained concealed from participants, care providers, investigators and the statistician until the end of the statistical analysis.""<br><br>&nbsp;</p>",,,,,,,,,,
13,3,Serum ferritin (ng/mL),FE2+ with additives,2,SUBGROUP_AND_OVERALL,Radtke 2004a,2004,,,30.4493,30.8878,,150,23.5568,23.9179,,59,,,43.39151856464704,6.892500000000002,-0.9611633582616381,14.746163358261642,20mg/day; control group split,Some concerns,"<p>Randomisation process not reported beyond ""block randomisation of variable length""<br>Baseline bloods (visit 0) reported for each subgroup, and sex have been analysed separately. No information on age and previous donations etc</p>",,,,,,,,,,
13,3,Serum ferritin (ng/mL),FE2+ with additives,2,SUBGROUP_AND_OVERALL,Radtke 2004a,2004,,,30.0521,19.2571,,142,23.5568,23.9179,,59,,,56.608481435352964,6.4953,-0.3806696943909067,13.371269694390907,40mg/day; control group split,Some concerns,"<p>Randomisation process not reported beyond ""block randomisation of variable length""<br>Baseline bloods (visit 0) reported for each subgroup, and sex have been analysed separately. No information on age and previous donations etc</p>",,,,,,,,,,
13,4,Serum ferritin (ng/mL) – reported as geometric mean,FE2+,1,SUBGROUP_AND_OVERALL,Gordeuk 1987a,1987,1.2,0.1302,,,,17,,,,19,,,60.43853749999999,3.3201169227365472,2.572331508020469,4.285286070738394,"180mg/day; control group NOT split across subgroups, as using subtotals only",Some concerns,<p>Randomisation process not reported.<br><br>no baseline demographic information</p>,,,,,,,,,,
13,4,Serum ferritin (ng/mL) – reported as geometric mean,FE2+,1,SUBGROUP_AND_OVERALL,Simon 1984,1984,1.6,0.2244,,,,22,,,,19,,,39.561462500000005,4.953032424395115,3.1905205390468843,7.689193627456805,"39mg/day; iron vs ascorbic acid; all data extracted by visual approximation from graphs; control group NOT split across subgroups, as using subtotals only",Low risk,"<p>""randomly assigned to one of three groups by pulling a card with an A. B, or C on it from an envelope in which the cards had been placed in random order. The donor was then given a bottle of medication marked either A. B. or C according to the card pulled. The bottles were filled in the pharmacy of the University of New Mexico Hospital according to their code.""<br><br>Demographics reported in detail. Only significant difference is in prior iron supplementation (much lower in iron/vitC group). Unlikely to impact outcomes if ceased prior to randomisation</p>",,,,,,,,,,
13,4,Serum ferritin (ng/mL) – reported as geometric mean,FE3+,2,SUBGROUP_AND_OVERALL,Gordeuk 1987a,1987,1.2,0.1302,,,,15,,,,19,,,47.28299966164912,3.3201169227365472,2.572331508020469,4.285286070738394,"1800mg/day; control group NOT split across subgroups, as using subtotals only",Some concerns,<p>Randomisation process not reported.<br><br>no baseline demographic information</p>,,,,,,,,,,
13,4,Serum ferritin (ng/mL) – reported as geometric mean,FE3+,2,SUBGROUP_AND_OVERALL,Marks 2013 (FIRST),2013,1.603774,0.08996,,,,129,,,,128,,,52.71700033835087,4.971760486389003,4.168080591141928,5.930404125714594,45mg/day,Low risk,"<p>""Allocation will be through central randomization by computer off-site... Randomisation will be carried out by Trident Clinical Research Pty Ltd. The sequence of allocation of carbonyl iron or placebo to donors will be ascertained via a computerised randomisation program. Donors will be assigned a numbered packet sequentially on enrolment""</p>",,,,,,,,,,
13,4,Serum ferritin (ng/mL) – reported as geometric mean,FE2+ with additives,3,SUBGROUP_AND_OVERALL,Simon 1984,1984,1.4,0.2112,,,,22,,,,19,,,100,4.0551999668446745,2.680640092433382,6.134597038041473,"39mg/day; iron+ascorbic acid vs ascorbic acid; all data extracted by visual approximation from graphs; control group NOT split across subgroups, as using subtotals only",Low risk,"<p>""randomly assigned to one of three groups by pulling a card with an A. B, or C on it from an envelope in which the cards had been placed in random order. The donor was then given a bottle of medication marked either A. B. or C according to the card pulled. The bottles were filled in the pharmacy of the University of New Mexico Hospital according to their code.""<br><br>Demographics reported in detail. Only significant difference is in prior iron supplementation (much lower in iron/vitC group). Unlikely to impact outcomes if ceased prior to randomisation</p>",,,,,,,,,,
13,5,MCV (fl),FE2+,1,SUBGROUP_AND_OVERALL,Dara 2017,2017,,,87.1,5.2,,64,87.4,7.3,,62,,,35.03470463848775,-0.30000000000001137,-2.5191917824161023,1.9191917824160796,98.6mg/day,Some concerns,<p>No information regarding randomisation process.<br><br>Some imbalance in blood tests and number of previous donations. This seems to influence the outcomes as they have attempted to perform a post-hoc subgroup analysis</p>,,,,,,,,,,
13,5,MCV (fl),FE2+,1,SUBGROUP_AND_OVERALL,Gordeuk 1987a,1987,,,89,4.123,,17,88,4.359,,19,,,22.457582860313845,1,-1.7718042761883077,3.7718042761883077,"180mg/day; control group NOT split across subgroups, as using subtotals only",Some concerns,<p>Randomisation process not reported.<br><br>no baseline demographic information</p>,,,,,,,,,,
13,5,MCV (fl),FE2+,1,SUBGROUP_AND_OVERALL,Pachikian 2020,2020,,,86.6,2.322,,11,87.1,2.985,,6,,,22.739606308953807,-0.5,-3.254562273392956,2.254562273392956,80mg/day; control group split,Some concerns,<p>Randomisation process not described.<br><br>Baseline comparison data for iron stores (table 1) show no significant differences between groups. Age and fitness level data in trial registry show no differences</p>,,,,,,,,,,
13,5,MCV (fl),FE2+,1,SUBGROUP_AND_OVERALL,Pachikian 2020,2020,,,86.9,2.425,,12,87.1,2.985,,5,,,19.768106192244602,-0.19999999999998863,-3.15434720069327,2.7543472006932928,20mg/day; control group split,Some concerns,<p>Randomisation process not described.<br><br>Baseline comparison data for iron stores (table 1) show no significant differences between groups. Age and fitness level data in trial registry show no differences</p>,,,,,,,,,,
13,5,MCV (fl),FE3+,2,SUBGROUP_AND_OVERALL,Gordeuk 1987a,1987,,,88,3.873,,15,88,4.359,,19,,,38.3673684502924,0,-2.7718457389101157,2.7718457389101157,"1800mg/day; control group NOT split across subgroups, as using subtotals only",Some concerns,<p>Randomisation process not reported.<br><br>no baseline demographic information</p>,,,,,,,,,,
13,5,MCV (fl),FE3+,2,SUBGROUP_AND_OVERALL,Gordeuk 1990,1990,,,89,5,,40,87,4,,36,,,61.632631549707604,2,-0.026876117169828184,4.026876117169828,100mg/day,Some concerns,<p>Randomisation process not described<br>lacking baseline demographic data</p>,,,,,,,,,,
13,5,MCV (fl),"""iron"" with additives",3,SUBGROUP_AND_OVERALL,Blot 1980,1980,,,89.9329,5.047,,73,89.4357,4.8985,,70,,,99.99999999999999,0.4972000000000065,-1.1329014709443093,2.1273014709443223,105mg/day,Some concerns,"<p>Translation from French to English. Randomisation process and allocation not mentioned.<br><br>Authors state there was no difference between those groups, though data not provided</p>",,,,,,,,,,
13,6,Serum iron (μg/dL),FE2+,1,SUBGROUP_AND_OVERALL,Bucher 1973,1973,,,101.1235,40.7128,,81,78,34,,38,,,33.977928659598795,23.123500000000007,9.142428076592319,37.1045719234077,111mg/day; plasma iron,Some concerns,"<p>No information on randomisation process other than ""according to the randomisation plan"" (translated from German)<br><br>Authors state no differences in groups according to age and sex distribution, and report age, Hb, plasma iron, and TIBC at baseline (but not sex per group)</p>",,,,,,,,,,
13,6,Serum iron (μg/dL),FE2+,1,SUBGROUP_AND_OVERALL,Gordeuk 1987a,1987,,,84,32.985,,17,80,34.871,,19,,,20.04147050940094,4,-18.17445238610031,26.17445238610031,"180mg/day; control group NOT split across subgroups, as using subtotals only",Some concerns,<p>Randomisation process not reported.<br><br>no baseline demographic information</p>,,,,,,,,,,
13,6,Serum iron (μg/dL),FE2+,1,SUBGROUP_AND_OVERALL,Maghsudlu 2008,2008,,,87.71,43.659,,132,83.26,51.595,,120,,,38.99201191032399,4.449999999999989,-7.411250323819658,16.311250323819635,150mg/day,Some concerns,"<p>Randomisation process not described<br>No obvious baseline imbalance for number of previous donations, but does not report age, sex.</p>",,,,,,,,,,
13,6,Serum iron (μg/dL),FE2+,1,SUBGROUP_AND_OVERALL,Pachikian 2020,2020,,,111,53.066,,11,108,66.332,,6,,,3.59088606849599,3,-58.64771911134317,64.64771911134318,80mg/day; control group split,Some concerns,<p>Randomisation process not described.<br><br>Baseline comparison data for iron stores (table 1) show no significant differences between groups. Age and fitness level data in trial registry show no differences</p>,,,,,,,,,,
13,6,Serum iron (μg/dL),FE2+,1,SUBGROUP_AND_OVERALL,Pachikian 2020,2020,,,105,45.033,,12,108,66.332,,5,,,3.3977028521802803,-3,-66.4793707649532,60.4793707649532,20mg/day; control group split,Some concerns,<p>Randomisation process not described.<br><br>Baseline comparison data for iron stores (table 1) show no significant differences between groups. Age and fitness level data in trial registry show no differences</p>,,,,,,,,,,
13,6,Serum iron (μg/dL),FE3+,2,SUBGROUP_AND_OVERALL,Gordeuk 1987a,1987,,,97,50.349,,15,80,34.871,,19,,,11.996105081926874,17,-12.917599961361645,46.917599961361645,"1800mg/day; control group NOT split across subgroups, as using subtotals only",Some concerns,<p>Randomisation process not reported.<br><br>no baseline demographic information</p>,,,,,,,,,,
13,6,Serum iron (μg/dL),FE3+,2,SUBGROUP_AND_OVERALL,Gordeuk 1990,1990,,,76,24,,40,73,25,,36,,,88.00389491807313,3,-8.045768440123304,14.045768440123304,100mg/day,Some concerns,<p>Randomisation process not described<br>lacking baseline demographic data</p>,,,,,,,,,,
13,6,Serum iron (μg/dL),"""iron"" with additives",3,SUBGROUP_AND_OVERALL,Blot 1980,1980,,,115.282,34.913,,73,118.12,39.511,,70,,,100,-2.838000000000008,-15.077846041156663,9.401846041156647,105mg/day,Some concerns,"<p>Translation from French to English. Randomisation process and allocation not mentioned.<br><br>Authors state there was no difference between those groups, though data not provided</p>",,,,,,,,,,
13,7,TIBC (μg/dL),FE2+,1,SUBGROUP_AND_OVERALL,Gordeuk 1987a,1987,,,381,53.6,,17,407,78.46,,19,,,8.954885206926939,-26,-69.518092994817,17.518092994816996,"180mg/day; control group NOT split across subgroups, as using subtotals only",Some concerns,<p>Randomisation process not reported.<br><br>no baseline demographic information</p>,,,,,,,,,,
13,7,TIBC (μg/dL),FE2+,1,SUBGROUP_AND_OVERALL,Gordeuk 1990,1990,,,328,43,,40,371,55,,36,,,33.89351096244491,-43,-65.36874341831378,-20.631256581686216,100mg/day,Some concerns,<p>Randomisation process not described<br>lacking baseline demographic data</p>,,,,,,,,,,
13,7,TIBC (μg/dL),FE2+,1,SUBGROUP_AND_OVERALL,Maghsudlu 2008,2008,,,369.73,78.011,,132,406.42,97.276,,120,,,35.3293575559335,-36.69,-58.59947632761225,-14.780523672387744,150mg/day,Some concerns,"<p>Randomisation process not described<br>No obvious baseline imbalance for number of previous donations, but does not report age, sex.</p>",,,,,,,,,,
13,7,TIBC (μg/dL),FE2+,1,SUBGROUP_AND_OVERALL,Simon 1984,1984,,,355,47,,22,380,44,,19,,,21.822246274694663,-25,-52.87726355966485,2.877263559664847,"39mg/day; all blood data extracted by visual approximation from graphs; control group NOT split across subgroups, as using subtotals only",Low risk,"<p>""randomly assigned to one of three groups by pulling a card with an A. B, or C on it from an envelope in which the cards had been placed in random order. The donor was then given a bottle of medication marked either A. B. or C according to the card pulled. The bottles were filled in the pharmacy of the University of New Mexico Hospital according to their code.""<br><br>Demographics reported in detail. Only significant difference is in prior iron supplementation (much lower in iron/vitC group). Unlikely to impact outcomes if ceased prior to randomisation</p>",,,,,,,,,,
13,7,TIBC (μg/dL),FE3+,2,SUBGROUP_AND_OVERALL,Gordeuk 1987a,1987,,,412,61.968,,15,407,78.46,,19,,,100,5,-42.20221214507119,52.20221214507119,"1800mg/day; control group NOT split across subgroups, as using subtotals only",Some concerns,<p>Randomisation process not reported.<br><br>no baseline demographic information</p>,,,,,,,,,,
13,7,TIBC (μg/dL),FE2+ with additives,3,SUBGROUP_AND_OVERALL,Simon 1984,1984,,,350,47,,22,380,44,,19,,,100,-30,-57.87726355966485,-2.122736440335153,"39mg/day; all blood data extracted by visual approximation from graphs; control group NOT split across subgroups, as using subtotals only",Low risk,"<p>""randomly assigned to one of three groups by pulling a card with an A. B, or C on it from an envelope in which the cards had been placed in random order. The donor was then given a bottle of medication marked either A. B. or C according to the card pulled. The bottles were filled in the pharmacy of the University of New Mexico Hospital according to their code.""<br><br>Demographics reported in detail. Only significant difference is in prior iron supplementation (much lower in iron/vitC group). Unlikely to impact outcomes if ceased prior to randomisation</p>",,,,,,,,,,
13,7,TIBC (μg/dL),"""iron"" with additives",4,SUBGROUP_AND_OVERALL,Blot 1980,1980,,,325.44,200.53,,73,323.46,51.0878,,70,,,100,1.9800000000000182,-45.552191875171374,49.51219187517141,105mg/day,Some concerns,"<p>Translation from French to English. Randomisation process and allocation not mentioned.<br><br>Authors state there was no difference between those groups, though data not provided</p>",,,,,,,,,,
13,8,Transferrin saturation (%),FE2+,1,SUBGROUP_AND_OVERALL,Bucher 1973,1973,,,21.3123,7.9388,,81,16.7,6,,38,,,32.64831356877139,4.612300000000001,2.037762728911329,7.186837271088674,111mg/day,Some concerns,"<p>No information on randomisation process other than ""according to the randomisation plan"" (translated from German)<br><br>Authors state no differences in groups according to age and sex distribution, and report age, Hb, plasma iron, and TIBC at baseline (but not sex per group)</p>",,,,,,,,,,
13,8,Transferrin saturation (%),FE2+,1,SUBGROUP_AND_OVERALL,Cable 1988,1988,,,31,15.1,,57,21,8,,64,,,22.842284045559488,10,5.61731040984938,14.382689590150619,75mg/day,Some concerns,"<p>No information on randomisation process.<br>Largely balanced in baseline characteristics (age, weight, previous donations, Hb, Hct, transferrin saturation)</p>",,,,,,,,,,
13,8,Transferrin saturation (%),FE2+,1,SUBGROUP_AND_OVERALL,Gordeuk 1987a,1987,,,22,8.246,,17,21,13.077,,19,,,13.175056690664155,1,-6.0668083671027935,8.066808367102794,"180mg/day; control group NOT split across subgroups, as using subtotals only",Some concerns,<p>Randomisation process not reported.<br><br>no baseline demographic information</p>,,,,,,,,,,
13,8,Transferrin saturation (%),FE2+,1,SUBGROUP_AND_OVERALL,Maghsudlu 2008,2008,,,24.34,11.03,,132,20.8,11.612,,120,,,31.334345695004966,3.539999999999999,0.7369581956992888,6.343041804300709,150mg/day,Some concerns,"<p>Randomisation process not described<br>No obvious baseline imbalance for number of previous donations, but does not report age, sex.</p>",,,,,,,,,,
13,8,Transferrin saturation (%),FE3+,2,SUBGROUP_AND_OVERALL,Gordeuk 1987a,1987,,,24,11.619,,15,21,13.077,,19,,,11.762618555586332,3,-5.3155372167303465,11.315537216730347,"1800mg/day; control group NOT split across subgroups, as using subtotals only",Some concerns,<p>Randomisation process not reported.<br><br>no baseline demographic information</p>,,,,,,,,,,
13,8,Transferrin saturation (%),FE3+,2,SUBGROUP_AND_OVERALL,Gordeuk 1990,1990,,,24,9,,40,20,7,,36,,,62.52983029969189,4,0.3933940614993485,7.6066059385006515,100mg/day,Some concerns,<p>Randomisation process not described<br>lacking baseline demographic data</p>,,,,,,,,,,
13,8,Transferrin saturation (%),FE3+,2,SUBGROUP_AND_OVERALL,Linpisarn 1986,1986,,,31.7,14.59,,47,29.93,13.75,,51,,,25.707551144721773,1.7699999999999996,-3.8548631949013945,7.394863194901394,168mg/day,Some concerns,"<p>Randomisation process not described<br><br>Some baseline blood data, no info on sex, age, etc</p>",,,,,,,,,,
13,8,Transferrin saturation (%),"""iron"" with additives",3,SUBGROUP_AND_OVERALL,Blot 1980,1980,,,36.1315,12.6898,,73,37.3414,14.2751,,70,,,100,-1.2098999999999975,-5.643503845329781,3.223703845329786,105mg/day,Some concerns,"<p>Translation from French to English. Randomisation process and allocation not mentioned.<br><br>Authors state there was no difference between those groups, though data not provided</p>",,,,,,,,,,
13,9,Adverse events,FE2+,1,SUBGROUP_AND_OVERALL,Dara 2017,2017,,,,,22,72,,,6,71,,,10.784252189118842,3.615740740740741,1.5592863110355002,8.38433648248372,98.6mg/day; number of pts experiencing side effects in first month,Some concerns,<p>No information regarding randomisation process.<br><br>Some imbalance in blood tests and number of previous donations. This seems to influence the outcomes as they have attempted to perform a post-hoc subgroup analysis</p>,,,,,,,,,,
13,9,Adverse events,FE2+,1,SUBGROUP_AND_OVERALL,Gordeuk 1987a,1987,,,,,19,24,,,15,23,,,18.343982370660513,1.2138888888888888,0.8450290605864573,1.7437580590959336,"180mg/day; number of pts experiencing any side effects; control group NOT split across subgroups, as using subtotals only",Some concerns,<p>Randomisation process not reported.<br><br>no baseline demographic information</p>,,,,,,,,,,
13,9,Adverse events,FE2+,1,SUBGROUP_AND_OVERALL,Kiss 2015 (REDS-III HEIRS),2015,,,,,2,108,,,0,104,,,1.5325776704036644,4.81651376146789,0.23399356501622534,99.14291793793957,37.5mg/day; GI side effects causing discontinuation,Low risk,"<p>""A stratified enrolment and randomization scheme was followed to ensure inclusion of participants with varying iron stores and a slight overrepresentation of women(60%female/40% male) and individuals 60 years and older (20%). Participants were assessed for iron status per protocol as iron depleted (“low ferritin,” ≤26 ng/mL) and iron-replete (“higher ferritin,” &gt;26 ng/mL) based on the ferritin measurement at enrolment""<br>""If the appropriate subgroup remained open, a centralized computer program randomized the participant to receive iron supplements or no iron""</p>",,,,,,,,,,
13,9,Adverse events,FE2+,1,SUBGROUP_AND_OVERALL,Maghsudlu 2008,2008,,,,,27,185,,,12,182,,,13.56809859146959,2.2135135135135133,1.1573132043525853,4.233635334047585,150mg/day; number of pts experiencing any side effects,Some concerns,"<p>Randomisation process not described<br>No obvious baseline imbalance for number of previous donations, but does not report age, sex.</p>",,,,,,,,,,
13,9,Adverse events,FE2+,1,SUBGROUP_AND_OVERALL,Marks 2013 (FIRST),2013,,,,,116,141,,,114,141,,,21.44545561590668,1.0175438596491229,0.910626082213617,1.137014990601541,"45mg/day; gastrointestinal complaints in participants as determined by a self-administered diary, phone call at weeks 1,4,8,12",Low risk,"<p>""Allocation will be through central randomization by computer off-site... Randomisation will be carried out by Trident Clinical Research Pty Ltd. The sequence of allocation of carbonyl iron or placebo to donors will be ascertained via a computerised randomisation program. Donors will be assigned a numbered packet sequentially on enrolment""</p>",,,,,,,,,,
13,9,Adverse events,FE2+,1,SUBGROUP_AND_OVERALL,Rybo 1971,1971,,,,,219,920,,,75,456,,,20.186850759770028,1.447304347826087,1.141930738916443,1.8343405636176389,200mg/day; subjects with side effects,Some concerns,<p>Randomisation not described.<br><br>No baseline data reported</p>,,,,,,,,,,
13,9,Adverse events,FE2+,1,SUBGROUP_AND_OVERALL,Waldvogel 2012,2012,,,,,29,74,,,11,71,,,14.138782802670697,2.5294840294840295,1.370389913812571,4.668955449047372,80mg/day; any adverse event,Low risk,"<p>""simple random allocation sequence without restriction was generated by<br><br>an independent pharmacy according to a pre-established computer-generated list. Each drug package was identified with a unique number according to the randomization schedule and given to the nurse in charge of the participant.<br><br>The code was held by the pharmacist and remained unbroken until the end of the trial. The allocation remained concealed from participants, care providers, investigators and the statistician until the end of the statistical analysis.""<br><br>&nbsp;</p>",,,,,,,,,,
13,9,Adverse events,FE3+,2,SUBGROUP_AND_OVERALL,Gordeuk 1987a,1987,,,,,21,23,,,15,23,,,100,1.4,1.0125378893841461,1.9357300309938292,"1800mg/day; number of pts experiencing any side effects; control group NOT split across subgroups, as using subtotals only",Some concerns,<p>Randomisation process not reported.<br><br>no baseline demographic information</p>,,,,,,,,,,
13,9,Adverse events,FE3+,2,SUBGROUP_AND_OVERALL,Mackintosh 1988,1988,,,,,0,22,,,0,24,,,,,,,200mg/day; Gastrointestinal tract toxicity reflected in anorexia or nausea was specifically enquired for,Some concerns,"<p>Randomisation process not described: appears to be two separate randomisations (2 trials), though it may be randomisation with stratification (1 trial)<br><br>&nbsp;</p>",,,,,,,,,,
13,10,Adherence (n/N),FE2+,1,SUBGROUP_AND_OVERALL,Gordeuk 1987a,1987,,,,,17,23,,,19,23,,,1.8870933404598413,0.8947368421052632,0.6583624422684838,1.2159776518570424,"180mg/day; those completing study; control group NOT split across subgroups, as using subtotals only",Some concerns,<p>Randomisation process not reported.<br><br>no baseline demographic information</p>,,,,,,,,,,
13,10,Adherence (n/N),FE2+,1,SUBGROUP_AND_OVERALL,Mirrezaie 2008,2008,,,,,13,39,,,14,31,,,0.5111090342174532,0.7380952380952381,0.4093650062909009,1.3308039820866715,50mg/day; ingested &gt;/=50 tablets (90%),Some concerns,"<p>Randomisation not described beyond ""random block design""<br>Demographics appear well balanced</p>",,,,,,,,,,
13,10,Adherence (n/N),FE2+,1,SUBGROUP_AND_OVERALL,Rybo 1971,1971,,,,,662,781,,,352,385,,,97.6017976253227,0.927096670934699,0.8883814653365165,0.9674990652046328,200mg/day; postal questionnaire: self report discontinuation as non-compliant,Some concerns,<p>Randomisation not described.<br><br>No baseline data reported</p>,,,,,,,,,,
13,10,Adherence (n/N),FE3+,2,SUBGROUP_AND_OVERALL,Gordeuk 1987a,1987,,,,,15,22,,,19,23,,,6.4583479865410816,0.8253588516746412,0.5865636412153261,1.1613696897854755,"1800mg/day; those completing study; control group NOT split across subgroups, as using subtotals only",Some concerns,<p>Randomisation process not reported.<br><br>no baseline demographic information</p>,,,,,,,,,,
13,10,Adherence (n/N),FE3+,2,SUBGROUP_AND_OVERALL,Gordeuk 1990,1990,,,,,14,50,,,16,49,,,2.0969815845559014,0.8575,0.4708984677484113,1.561496374188363,100mg/day; those returning who took all pills,Some concerns,<p>Randomisation process not described<br>lacking baseline demographic data</p>,,,,,,,,,,
13,10,Adherence (n/N),FE3+,2,SUBGROUP_AND_OVERALL,Marks 2013 (FIRST),2013,,,,,121,141,,,124,141,,,91.44467042890302,0.9758064516129032,0.8911377821753426,1.0685196498850817,"45mg/day; administered diary, selfreported compliance and tablet counts (phone call at weeks 1,4,8,12)",Low risk,"<p>""Allocation will be through central randomization by computer off-site... Randomisation will be carried out by Trident Clinical Research Pty Ltd. The sequence of allocation of carbonyl iron or placebo to donors will be ascertained via a computerised randomisation program. Donors will be assigned a numbered packet sequentially on enrolment""</p>",,,,,,,,,,
13,11,Adherence (% tablets consumed),FE2+,1,SUBGROUP_AND_OVERALL,Waldvogel 2012,2012,,,96,16.7,,74,96,14.2,,71,,,100,0,-5.038588171330985,5.038588171330985,80mg/day,Low risk,"<p>""simple random allocation sequence without restriction was generated by<br><br>an independent pharmacy according to a pre-established computer-generated list. Each drug package was identified with a unique number according to the randomization schedule and given to the nurse in charge of the participant.<br><br>The code was held by the pharmacist and remained unbroken until the end of the trial. The allocation remained concealed from participants, care providers, investigators and the statistician until the end of the statistical analysis.""<br><br>&nbsp;</p>",,,,,,,,,,
14,1,Deferrals,FE2+,1,SUBGROUP_AND_OVERALL,Cable 1988,1988,,,,,21,50,,,29,56,,,86.29690352476916,0.8110344827586207,0.5370244394822176,1.2248547437761896,75mg/day; According to American Red Cross Guideline 1985,Some concerns,"<p>No information on randomisation process.<br>Largely balanced in baseline characteristics (age, weight, previous donations, Hb, Hct, transferrin saturation)</p>",,,,,,,,,,
14,1,Deferrals,FE2+,1,SUBGROUP_AND_OVERALL,Maghsudlu 2008,2008,,,,,6,155,,,8,152,,,13.703096475230828,0.7354838709677419,0.26137134070653506,2.0696091736433027,150mg/day; female threshold: Hb 12.5g/dL,Some concerns,"<p>Randomisation process not described<br>No obvious baseline imbalance for number of previous donations, but does not report age, sex.</p>",,,,,,,,,,
14,1,Deferrals,FE2+ with additives,2,SUBGROUP_AND_OVERALL,Radtke 2004a,2004,,,,,1,113,,,4,44,,,8.311918628515222,0.09734513274336282,0.011187658195055702,0.8470114749314388,"40mg/day; control group split; threshold: female Hb 12.5g/dL, male Hb 13.5g/dL",Some concerns,"<p>Randomisation process not reported beyond ""block randomisation of variable length""<br>Baseline bloods (visit 0) reported for each subgroup, and sex have been analysed separately. No information on age and previous donations etc</p>",,,,,,,,,,
14,1,Deferrals,FE2+ with additives,2,SUBGROUP_AND_OVERALL,Radtke 2004a,2004,,,,,1,113,,,3,43,,,7.782982335859119,0.12684365781710918,0.013560990595889303,1.1864408735229846,"20mg/day; control group split; threshold: female Hb 12.5g/dL, male Hb 13.5g/dL",Some concerns,"<p>Randomisation process not reported beyond ""block randomisation of variable length""<br>Baseline bloods (visit 0) reported for each subgroup, and sex have been analysed separately. No information on age and previous donations etc</p>",,,,,,,,,,
14,1,Deferrals,FE2+ with additives,2,SUBGROUP_AND_OVERALL,Radtke 2004b,2004,,,,,9,112,,,36,108,,,83.90509903562567,0.24107142857142858,0.12201713098757352,0.47628913418221563,100mg/day; threshold Hb 14g/dL,Low risk,"<p>""Sample-size calculation, block randomization with variable block length, and statistical analysis were performed with software (Stata for Windows, Stata Corp., College Station, TX)."" Variable block size suggests adequate allocation concealment.<br>No baseline characteristics given per group - this would be mostly fine for a crossover study, where both periods are analysed, as they would essentially self-control, but we are using only period 1 (up to visit 3, where they crossover).</p>",,,,,,,,,,
14,2,Hb (g/L),FE2+,1,SUBGROUP_AND_OVERALL,Cable 1988,1988,,,132,7.07,,50,128,7.48,,56,,,24.160686261406365,4,1.229015502412738,6.770984497587262,75mg/day,Some concerns,"<p>No information on randomisation process.<br>Largely balanced in baseline characteristics (age, weight, previous donations, Hb, Hct, transferrin saturation)</p>",,,,,,,,,,
14,2,Hb (g/L),FE2+,1,SUBGROUP_AND_OVERALL,Maghsudlu 2008,2008,,,122.1,9.19,,132,128,8.76,,120,,,24.585724639710094,-5.900000000000006,-8.116838784178839,-3.683161215821172,150mg/day,Some concerns,"<p>Randomisation process not described<br>No obvious baseline imbalance for number of previous donations, but does not report age, sex.</p>",,,,,,,,,,
14,2,Hb (g/L),FE2+,1,SUBGROUP_AND_OVERALL,Pachikian 2020,2020,,,145,9.95,,11,148,9.95,,5,,,14.69646362668604,-3,-13.518403292526108,7.5184032925261075,20mg/day; control group split,Some concerns,<p>Randomisation process not described.<br><br>Baseline comparison data for iron stores (table 1) show no significant differences between groups. Age and fitness level data in trial registry show no differences</p>,,,,,,,,,,
14,2,Hb (g/L),FE2+,1,SUBGROUP_AND_OVERALL,Pachikian 2020,2020,,,144,9.95,,11,148,9.95,,6,,,15.441223866346512,-4,-13.89745793597351,5.8974579359735095,80mg/day; control group split,Some concerns,<p>Randomisation process not described.<br><br>Baseline comparison data for iron stores (table 1) show no significant differences between groups. Age and fitness level data in trial registry show no differences</p>,,,,,,,,,,
14,2,Hb (g/L),FE2+,1,SUBGROUP_AND_OVERALL,Simon 1984,1984,,,141,9.4,,22,131,8.7,,19,,,21.115901605850986,10,4.456368124829133,15.543631875170867,"39mg/day; Data extracted from visual approximation of graphs; control group NOT split across subgroups, as using subtotals only",Low risk,"<p>""randomly assigned to one of three groups by pulling a card with an A. B, or C on it from an envelope in which the cards had been placed in random order. The donor was then given a bottle of medication marked either A. B. or C according to the card pulled. The bottles were filled in the pharmacy of the University of New Mexico Hospital according to their code.""<br><br>Demographics reported in detail. Only significant difference is in prior iron supplementation (much lower in iron/vitC group). Unlikely to impact outcomes if ceased prior to randomisation</p>",,,,,,,,,,
14,2,Hb (g/L),FE2+ with additives,2,SUBGROUP_AND_OVERALL,Simon 1984,1984,,,142,9.4,,22,131,8.7,,19,,,100,11,5.456368124829133,16.543631875170867,"39mg/day; Data extracted from visual approximation of graphs; control group NOT split across subgroups, as using subtotals only",Low risk,"<p>""randomly assigned to one of three groups by pulling a card with an A. B, or C on it from an envelope in which the cards had been placed in random order. The donor was then given a bottle of medication marked either A. B. or C according to the card pulled. The bottles were filled in the pharmacy of the University of New Mexico Hospital according to their code.""<br><br>Demographics reported in detail. Only significant difference is in prior iron supplementation (much lower in iron/vitC group). Unlikely to impact outcomes if ceased prior to randomisation</p>",,,,,,,,,,
14,3,Serum ferritin (ng/mL),FE2+,1,SUBGROUP_AND_OVERALL,Cable 1988,1988,,,26,14.142,,50,13,7.483,,56,,,44.39550928123592,13,8.617457789818037,17.382542210181963,75mg/day,Some concerns,"<p>No information on randomisation process.<br>Largely balanced in baseline characteristics (age, weight, previous donations, Hb, Hct, transferrin saturation)</p>",,,,,,,,,,
14,3,Serum ferritin (ng/mL),FE2+,1,SUBGROUP_AND_OVERALL,Maghsudlu 2008,2008,,,22.14,14.821,,132,18.81,16.541,,120,,,45.694637147865336,3.330000000000002,-0.5624634948005425,7.222463494800547,150mg/day,Some concerns,"<p>Randomisation process not described<br>No obvious baseline imbalance for number of previous donations, but does not report age, sex.</p>",,,,,,,,,,
14,3,Serum ferritin (ng/mL),FE2+,1,SUBGROUP_AND_OVERALL,Pachikian 2020,2020,,,60.83,54.028,,11,41.3,31.475,,5,,,3.326057463331529,19.53,-22.666209075900284,61.726209075900286,plasma ferritin; control group split; 20mg/day,Some concerns,<p>Randomisation process not described.<br><br>Baseline comparison data for iron stores (table 1) show no significant differences between groups. Age and fitness level data in trial registry show no differences</p>,,,,,,,,,,
14,3,Serum ferritin (ng/mL),FE2+,1,SUBGROUP_AND_OVERALL,Pachikian 2020,2020,,,49.65,24.178,,11,41.3,31.475,,6,,,6.583796107567222,8.350000000000001,-20.605497804526163,37.30549780452617,plasma ferritin; control group split; 80mg/day,Some concerns,<p>Randomisation process not described.<br><br>Baseline comparison data for iron stores (table 1) show no significant differences between groups. Age and fitness level data in trial registry show no differences</p>,,,,,,,,,,
14,3,Serum ferritin (ng/mL),FE2+ with additives,2,SUBGROUP_AND_OVERALL,Radtke 2004a,2004,,,30.8,20.0321,,114,20.3943,20.4711,,44,,,58.70630164246769,10.4057,3.3269271000426253,17.484472899957375,control group split; 40mg/day,Some concerns,"<p>Randomisation process not reported beyond ""block randomisation of variable length""<br>Baseline bloods (visit 0) reported for each subgroup, and sex have been analysed separately. No information on age and previous donations etc</p>",,,,,,,,,,
14,3,Serum ferritin (ng/mL),FE2+ with additives,2,SUBGROUP_AND_OVERALL,Radtke 2004a,2004,,,27.3379,30.1048,,103,20.3943,20.4711,,43,,,41.29369835753231,6.9436,-1.496711011186445,15.383911011186445,control group split; 20mg/day,Some concerns,"<p>Randomisation process not reported beyond ""block randomisation of variable length""<br>Baseline bloods (visit 0) reported for each subgroup, and sex have been analysed separately. No information on age and previous donations etc</p>",,,,,,,,,,
14,4,Serum ferritin (ng/mL) – reported as geometric mean,FE2+,1,SUBGROUP_AND_OVERALL,Simon 1984,1984,2.166667,0.2097,,,,22,,,,19,,,100,8.729141273433404,5.787280849058115,13.16644368208946,"iron vs ascorbic acid; all data extracted by visual approximation from graphs; control group NOT split across subgroups, as using subtotals only",Low risk,"<p>""randomly assigned to one of three groups by pulling a card with an A. B, or C on it from an envelope in which the cards had been placed in random order. The donor was then given a bottle of medication marked either A. B. or C according to the card pulled. The bottles were filled in the pharmacy of the University of New Mexico Hospital according to their code.""<br><br>Demographics reported in detail. Only significant difference is in prior iron supplementation (much lower in iron/vitC group). Unlikely to impact outcomes if ceased prior to randomisation</p>",,,,,,,,,,
14,4,Serum ferritin (ng/mL) – reported as geometric mean,FE2+ with additives,2,SUBGROUP_AND_OVERALL,Simon 1984,1984,1.916667,0.2079,,,,22,,,,19,,,100,6.798262059290856,4.523067832475243,10.217924810891395,"iron+ascorbic acid vs ascorbic acid; all data extracted by visual approximation from graphs; control group NOT split across subgroups, as using subtotals only",Low risk,"<p>""randomly assigned to one of three groups by pulling a card with an A. B, or C on it from an envelope in which the cards had been placed in random order. The donor was then given a bottle of medication marked either A. B. or C according to the card pulled. The bottles were filled in the pharmacy of the University of New Mexico Hospital according to their code.""<br><br>Demographics reported in detail. Only significant difference is in prior iron supplementation (much lower in iron/vitC group). Unlikely to impact outcomes if ceased prior to randomisation</p>",,,,,,,,,,
14,5,MCV (fl),FE2+,1,SUBGROUP_AND_OVERALL,Pachikian 2020,2020,,,85.2,3.317,,11,84.6,3.317,,5,,,42.06441375904653,0.6000000000000085,-2.90648680616171,4.106486806161727,20mg/day; control group split,Some concerns,<p>Randomisation process not described.<br><br>Baseline comparison data for iron stores (table 1) show no significant differences between groups. Age and fitness level data in trial registry show no differences</p>,,,,,,,,,,
14,5,MCV (fl),FE2+,1,SUBGROUP_AND_OVERALL,Pachikian 2020,2020,,,84.8,2.322,,11,84.6,3.317,,6,,,57.93558624095348,0.20000000000000284,-2.7878371750041118,3.1878371750041175,80mg/day; control group split,Some concerns,<p>Randomisation process not described.<br><br>Baseline comparison data for iron stores (table 1) show no significant differences between groups. Age and fitness level data in trial registry show no differences</p>,,,,,,,,,,
14,6,Serum iron (μg/dL),FE2+,1,SUBGROUP_AND_OVERALL,Maghsudlu 2008,2008,,,78.72,25.736,,132,69.97,27.057,,120,,,97.7345119514245,8.75,2.214639121628683,15.285360878371318,150mg/day,Some concerns,"<p>Randomisation process not described<br>No obvious baseline imbalance for number of previous donations, but does not report age, sex.</p>",,,,,,,,,,
14,6,Serum iron (μg/dL),FE2+,1,SUBGROUP_AND_OVERALL,Pachikian 2020,2020,,,109,39.799,,11,107,66.332,,5,,,1.0612020106441145,2,-60.71833438739565,64.71833438739566,"20mg/day; NR as serum or plasma iron (just ""iron""); control group split",Some concerns,<p>Randomisation process not described.<br><br>Baseline comparison data for iron stores (table 1) show no significant differences between groups. Age and fitness level data in trial registry show no differences</p>,,,,,,,,,,
14,6,Serum iron (μg/dL),FE2+,1,SUBGROUP_AND_OVERALL,Pachikian 2020,2020,,,100,43.116,,11,107,66.332,,6,,,1.2042860379313967,-7,-65.87470210280651,51.87470210280651,"80mg/day; NR as serum or plasma iron (just ""iron""); control group split",Some concerns,<p>Randomisation process not described.<br><br>Baseline comparison data for iron stores (table 1) show no significant differences between groups. Age and fitness level data in trial registry show no differences</p>,,,,,,,,,,
14,7,TIBC (μg/dL),FE2+,1,SUBGROUP_AND_OVERALL,Maghsudlu 2008,2008,,,371.4,65.948,,132,396.47,75.367,,120,,,71.58999803312977,-25.07000000000005,-42.631418708502935,-7.508581291497169,150mg/day,Some concerns,"<p>Randomisation process not described<br>No obvious baseline imbalance for number of previous donations, but does not report age, sex.</p>",,,,,,,,,,
14,7,TIBC (μg/dL),FE2+,1,SUBGROUP_AND_OVERALL,Simon 1984,1984,,,345,47,,22,385,44,,19,,,28.4100019668702,-40,-67.87726355966484,-12.122736440335153,"39mg/day; All blood data extracted from visual approximation of graphs; control group NOT split across subgroups, as using subtotals only",Low risk,"<p>""randomly assigned to one of three groups by pulling a card with an A. B, or C on it from an envelope in which the cards had been placed in random order. The donor was then given a bottle of medication marked either A. B. or C according to the card pulled. The bottles were filled in the pharmacy of the University of New Mexico Hospital according to their code.""<br><br>Demographics reported in detail. Only significant difference is in prior iron supplementation (much lower in iron/vitC group). Unlikely to impact outcomes if ceased prior to randomisation</p>",,,,,,,,,,
14,7,TIBC (μg/dL),FE2+ with additives,2,SUBGROUP_AND_OVERALL,Simon 1984,1984,,,345,47,,22,385,44,,19,,,100,-40,-67.87726355966484,-12.122736440335153,"39mg/day; All blood data extracted from visual approximation of graphs; control group NOT split across subgroups, as using subtotals only",Low risk,"<p>""randomly assigned to one of three groups by pulling a card with an A. B, or C on it from an envelope in which the cards had been placed in random order. The donor was then given a bottle of medication marked either A. B. or C according to the card pulled. The bottles were filled in the pharmacy of the University of New Mexico Hospital according to their code.""<br><br>Demographics reported in detail. Only significant difference is in prior iron supplementation (much lower in iron/vitC group). Unlikely to impact outcomes if ceased prior to randomisation</p>",,,,,,,,,,
14,8,Transferrin saturation (%),FE2+,1,SUBGROUP_AND_OVERALL,Cable 1988,1988,,,36,21.213,,50,22,14.967,,56,,,44.69470577273783,14,6.933242452592137,21.066757547407864,75mg/day,Some concerns,"<p>No information on randomisation process.<br>Largely balanced in baseline characteristics (age, weight, previous donations, Hb, Hct, transferrin saturation)</p>",,,,,,,,,,
14,8,Transferrin saturation (%),FE2+,1,SUBGROUP_AND_OVERALL,Maghsudlu 2008,2008,,,22.5,10.455,,132,18.88,9.421,,120,,,55.30529422726218,3.620000000000001,1.1659634379582213,6.074036562041781,150mg/day,Some concerns,"<p>Randomisation process not described<br>No obvious baseline imbalance for number of previous donations, but does not report age, sex.</p>",,,,,,,,,,
14,9,Adverse events,FE2+,1,SUBGROUP_AND_OVERALL,Maghsudlu 2008,2008,,,,,28,156,,,9,158,,,100,3.150997150997151,1.5372945300127332,6.458608192348101,150mg/day; number of pts reporting any side effects,Some concerns,"<p>Randomisation process not described<br>No obvious baseline imbalance for number of previous donations, but does not report age, sex.</p>",,,,,,,,,,
15,1,Deferrals,FE2+,1,SUBGROUP_AND_OVERALL,Cable 1988,1988,,,,,25,46,,,22,45,,,75.57906545918728,1.1116600790513833,0.7457328842868973,1.6571458190934452,75mg/day; female; According to American Red Cross Guideline 1985,Some concerns,"<p>No information on randomisation process.<br>Largely balanced in baseline characteristics (age, weight, previous donations, Hb, Hct, transferrin saturation)</p>",,,,,,,,,,
15,1,Deferrals,FE2+,1,SUBGROUP_AND_OVERALL,Maghsudlu 2008,2008,,,,,3,132,,,6,120,,,24.420934540812713,0.45454545454545453,0.11623578956978442,1.7775211147328307,150mg/day; female threshold: Hb 12.5g/dL,Some concerns,"<p>Randomisation process not described<br>No obvious baseline imbalance for number of previous donations, but does not report age, sex.</p>",,,,,,,,,,
15,1,Deferrals,FE2+ with additives,2,SUBGROUP_AND_OVERALL,Radtke 2004a,2004,,,,,1,54,,,2,20,,,4.983297151029701,0.1851851851851852,0.01774966291562678,1.9320678356026328,20mg/day (control group split); male threshold: Hb 13.5g/dL,Some concerns,"<p>Randomisation process not reported beyond ""block randomisation of variable length""<br>Baseline bloods (visit 0) reported for each subgroup, and sex have been analysed separately. No information on age and previous donations etc</p>",,,,,,,,,,
15,1,Deferrals,FE2+ with additives,2,SUBGROUP_AND_OVERALL,Radtke 2004a,2004,,,,,1,54,,,2,20,,,4.983297151029701,0.1851851851851852,0.01774966291562678,1.9320678356026328,40mg/day (control group split); male threshold: Hb 13.5g/dL,Some concerns,"<p>Randomisation process not reported beyond ""block randomisation of variable length""<br>Baseline bloods (visit 0) reported for each subgroup, and sex have been analysed separately. No information on age and previous donations etc</p>",,,,,,,,,,
15,1,Deferrals,FE2+ with additives,2,SUBGROUP_AND_OVERALL,Radtke 2004b,2004,,,,,13,108,,,47,103,,,90.0334056979406,0.2637903861308117,0.15193635987232723,0.45799022612833157,100mg/day; male threshold: Hb 14g/dL,Low risk,"<p>""Sample-size calculation, block randomization with variable block length, and statistical analysis were performed with software (Stata for Windows, Stata Corp., College Station, TX)."" Variable block size suggests adequate allocation concealment.<br>No baseline characteristics given per group - this would be mostly fine for a crossover study, where both periods are analysed, as they would essentially self-control, but we are using only period 1 (up to visit 3, where they crossover).</p>",,,,,,,,,,
15,2,Hb (g/L),FE2+,1,SUBGROUP_AND_OVERALL,Cable 1988,1988,,,134,6.78,,46,129,6.71,,45,,,19.459973340583176,5,2.2282972668752437,7.771702733124757,75mg/day,Some concerns,"<p>No information on randomisation process.<br>Largely balanced in baseline characteristics (age, weight, previous donations, Hb, Hct, transferrin saturation)</p>",,,,,,,,,,
15,2,Hb (g/L),FE2+,1,SUBGROUP_AND_OVERALL,Maghsudlu 2008,2008,,,131,9.19,,132,127.3,8.76,,120,,,20.293277493193838,3.700000000000003,1.4831612158211693,5.916838784178836,150mg/day,Some concerns,"<p>Randomisation process not described<br>No obvious baseline imbalance for number of previous donations, but does not report age, sex.</p>",,,,,,,,,,
15,2,Hb (g/L),FE2+,1,SUBGROUP_AND_OVERALL,Mast 2016 (STRIDE),2012,,,141,11.75685574,,59,138,12.75255,,25,,,13.997373219972506,3,-2.8299869527505317,8.82998695275053,19mg/day; control group split,Low risk,"<p>""The lists were generated using standard block randomization methods,<br><br>implemented with computer software (nQuery Advisor, 2014, Statistical Solutions, Boston, MA). The randomized numbers from the algorithm correspond to one of the five study arms. While they appeared to be random numbers, they coded for the group assignment. Each of the five study arms had three to four codes so that patterns could not be identified by investigators, coordinators, and staff at study sites""<br><br>Uneven medical de-enrolment from study, appears that placebo group are ""healthier"" suggest some baseline imbalance. Bias in favour of placebo (reduced effect size of iron)</p>",,,,,,,,,,
15,2,Hb (g/L),FE2+,1,SUBGROUP_AND_OVERALL,Mast 2016 (STRIDE),2012,,,141,10.89796,,73,138,12.75255,,26,,,14.574515923987907,3,-2.50251996593983,8.502519965939829,38mg/day; control group split,Low risk,"<p>""The lists were generated using standard block randomization methods,<br><br>implemented with computer software (nQuery Advisor, 2014, Statistical Solutions, Boston, MA). The randomized numbers from the algorithm correspond to one of the five study arms. While they appeared to be random numbers, they coded for the group assignment. Each of the five study arms had three to four codes so that patterns could not be identified by investigators, coordinators, and staff at study sites""<br><br>Uneven medical de-enrolment from study, appears that placebo group are ""healthier"" suggest some baseline imbalance. Bias in favour of placebo (reduced effect size of iron)</p>",,,,,,,,,,
15,2,Hb (g/L),FE2+,1,SUBGROUP_AND_OVERALL,Pachikian 2020,2020,,,141,6.63,,11,145,9.95,,6,,,9.473737058701335,-4,-12.873356461788571,4.873356461788571,80mg/day; control group split,Some concerns,<p>Randomisation process not described.<br><br>Baseline comparison data for iron stores (table 1) show no significant differences between groups. Age and fitness level data in trial registry show no differences</p>,,,,,,,,,,
15,2,Hb (g/L),FE2+,1,SUBGROUP_AND_OVERALL,Pachikian 2020,2020,,,144,9.95,,11,145,9.95,,5,,,7.69977654721398,-1,-11.518403292526108,9.518403292526108,20mg/day; control group split,Some concerns,<p>Randomisation process not described.<br><br>Baseline comparison data for iron stores (table 1) show no significant differences between groups. Age and fitness level data in trial registry show no differences</p>,,,,,,,,,,
15,2,Hb (g/L),FE2+,1,SUBGROUP_AND_OVERALL,Simon 1984,1984,,,141,9.4,,22,127,8.7,,19,,,14.501346416347241,14,8.456368124829133,19.543631875170867,"39mg/day; Data extracted from visual approximation of graphs; control group NOT split across subgroups, as using subtotals only",Low risk,"<p>""randomly assigned to one of three groups by pulling a card with an A. B, or C on it from an envelope in which the cards had been placed in random order. The donor was then given a bottle of medication marked either A. B. or C according to the card pulled. The bottles were filled in the pharmacy of the University of New Mexico Hospital according to their code.""<br><br>Demographics reported in detail. Only significant difference is in prior iron supplementation (much lower in iron/vitC group). Unlikely to impact outcomes if ceased prior to randomisation</p>",,,,,,,,,,
15,2,Hb (g/L),FE2+ with additives,2,SUBGROUP_AND_OVERALL,Simon 1984,1984,,,143,9.4,,22,127,8.7,,19,,,100,16,10.456368124829133,21.543631875170867,"39mg/day; Data extracted from visual approximation of graphs; control group NOT split across subgroups, as using subtotals only",Low risk,"<p>""randomly assigned to one of three groups by pulling a card with an A. B, or C on it from an envelope in which the cards had been placed in random order. The donor was then given a bottle of medication marked either A. B. or C according to the card pulled. The bottles were filled in the pharmacy of the University of New Mexico Hospital according to their code.""<br><br>Demographics reported in detail. Only significant difference is in prior iron supplementation (much lower in iron/vitC group). Unlikely to impact outcomes if ceased prior to randomisation</p>",,,,,,,,,,
15,3,Serum ferritin (ng/mL),FE2+,1,SUBGROUP_AND_OVERALL,Cable 1988,1988,,,30,20.347,,46,18,13.416,,45,,,30.411317809149885,12,4.933313040623777,19.066686959376224,75mg/day,Some concerns,"<p>No information on randomisation process.<br>Largely balanced in baseline characteristics (age, weight, previous donations, Hb, Hct, transferrin saturation)</p>",,,,,,,,,,
15,3,Serum ferritin (ng/mL),FE2+,1,SUBGROUP_AND_OVERALL,Maghsudlu 2008,2008,,,26.04,19.072,,132,19.02,18.294,,120,,,65.14948713431177,7.02,2.404904751660829,11.63509524833917,150mg/day,Some concerns,"<p>Randomisation process not described<br>No obvious baseline imbalance for number of previous donations, but does not report age, sex.</p>",,,,,,,,,,
15,3,Serum ferritin (ng/mL),FE2+,1,SUBGROUP_AND_OVERALL,Pachikian 2020,2020,,,35.79,19.469,,11,28.34,29.982,,6,,,2.2951840366112166,7.449999999999999,-19.15635148367862,34.05635148367862,80mg/day; plasma ferritin; control group split,Some concerns,<p>Randomisation process not described.<br><br>Baseline comparison data for iron stores (table 1) show no significant differences between groups. Age and fitness level data in trial registry show no differences</p>,,,,,,,,,,
15,3,Serum ferritin (ng/mL),FE2+,1,SUBGROUP_AND_OVERALL,Pachikian 2020,2020,,,30.99,13.897,,11,28.34,29.982,,5,,,2.1440110199271083,2.6499999999999986,-24.88320608855299,30.183206088552986,20mg/day; plasma ferritin; control group split,Some concerns,<p>Randomisation process not described.<br><br>Baseline comparison data for iron stores (table 1) show no significant differences between groups. Age and fitness level data in trial registry show no differences</p>,,,,,,,,,,
15,3,Serum ferritin (ng/mL),FE2+ with additives,2,SUBGROUP_AND_OVERALL,Radtke 2004a,2004,,,25,19.8,,54,21.4,27.5,,20,,,53.09182682300702,3.6000000000000014,-9.558425160167761,16.758425160167764,20mg/day; plasma ferritin; control group split,Some concerns,"<p>Randomisation process not reported beyond ""block randomisation of variable length""<br>Baseline bloods (visit 0) reported for each subgroup, and sex have been analysed separately. No information on age and previous donations etc</p>",,,,,,,,,,
15,3,Serum ferritin (ng/mL),FE2+ with additives,2,SUBGROUP_AND_OVERALL,Radtke 2004a,2004,,,33.2,26.7,,54,21.4,27.5,,20,,,46.90817317699299,11.800000000000004,-2.1988864029260142,25.798886402926023,40mg/day; plasma ferritin; control group split,Some concerns,"<p>Randomisation process not reported beyond ""block randomisation of variable length""<br>Baseline bloods (visit 0) reported for each subgroup, and sex have been analysed separately. No information on age and previous donations etc</p>",,,,,,,,,,
15,4,Serum ferritin (ng/mL) – reported as geometric mean,FE2+,1,SUBGROUP_AND_OVERALL,Mast 2016 (STRIDE),2012,1.514,0.2687,,,,29,,,,13,,,19.83409803284754,4.5448739796713165,2.6841327492113907,7.6955506381575844,plasma ferritin: low dose (19mg); female; control group split,Low risk,"<p>""The lists were generated using standard block randomization methods,<br><br>implemented with computer software (nQuery Advisor, 2014, Statistical Solutions, Boston, MA). The randomized numbers from the algorithm correspond to one of the five study arms. While they appeared to be random numbers, they coded for the group assignment. Each of the five study arms had three to four codes so that patterns could not be identified by investigators, coordinators, and staff at study sites""<br><br>Uneven medical de-enrolment from study, appears that placebo group are ""healthier"" suggest some baseline imbalance. Bias in favour of placebo (reduced effect size of iron)</p>",,,,,,,,,,
15,4,Serum ferritin (ng/mL) – reported as geometric mean,FE2+,1,SUBGROUP_AND_OVERALL,Mast 2016 (STRIDE),2012,2.2796,0.2698,,,,39,,,,12,,,19.799766106562355,9.77277051939525,5.7592180885130375,16.58333512586597,plasma ferritin: higher dose (38mg); male; control group split,Low risk,"<p>""The lists were generated using standard block randomization methods,<br><br>implemented with computer software (nQuery Advisor, 2014, Statistical Solutions, Boston, MA). The randomized numbers from the algorithm correspond to one of the five study arms. While they appeared to be random numbers, they coded for the group assignment. Each of the five study arms had three to four codes so that patterns could not be identified by investigators, coordinators, and staff at study sites""<br><br>Uneven medical de-enrolment from study, appears that placebo group are ""healthier"" suggest some baseline imbalance. Bias in favour of placebo (reduced effect size of iron)</p>",,,,,,,,,,
15,4,Serum ferritin (ng/mL) – reported as geometric mean,FE2+,1,SUBGROUP_AND_OVERALL,Mast 2016 (STRIDE),2012,1.8602,0.2739,,,,32,,,,13,,,19.671624331721052,6.425021647266721,3.7560424553914085,10.990531565635402,plasma ferritin: low dose (19mg); male; control group split,Low risk,"<p>""The lists were generated using standard block randomization methods,<br><br>implemented with computer software (nQuery Advisor, 2014, Statistical Solutions, Boston, MA). The randomized numbers from the algorithm correspond to one of the five study arms. While they appeared to be random numbers, they coded for the group assignment. Each of the five study arms had three to four codes so that patterns could not be identified by investigators, coordinators, and staff at study sites""<br><br>Uneven medical de-enrolment from study, appears that placebo group are ""healthier"" suggest some baseline imbalance. Bias in favour of placebo (reduced effect size of iron)</p>",,,,,,,,,,
15,4,Serum ferritin (ng/mL) – reported as geometric mean,FE2+,1,SUBGROUP_AND_OVERALL,Mast 2016 (STRIDE),2012,1.4078,0.2565,,,,36,,,,14,,,20.21322072988386,4.086954207129338,2.4721030805198483,6.756674033050334,plasma ferritin: higher dose (38mg); female; control group split,Low risk,"<p>""The lists were generated using standard block randomization methods,<br><br>implemented with computer software (nQuery Advisor, 2014, Statistical Solutions, Boston, MA). The randomized numbers from the algorithm correspond to one of the five study arms. While they appeared to be random numbers, they coded for the group assignment. Each of the five study arms had three to four codes so that patterns could not be identified by investigators, coordinators, and staff at study sites""<br><br>Uneven medical de-enrolment from study, appears that placebo group are ""healthier"" suggest some baseline imbalance. Bias in favour of placebo (reduced effect size of iron)</p>",,,,,,,,,,
15,4,Serum ferritin (ng/mL) – reported as geometric mean,FE2+,1,SUBGROUP_AND_OVERALL,Simon 1984,1984,2.8,0.2478,,,,22,,,,19,,,20.481290798985196,16.444646771097048,10.118049666968027,26.72712788799627,"(39mg/day) iron vs ascorbic acid; all data extracted by visual approximation from graphs; control group NOT split across subgroups, as using subtotals only",Low risk,"<p>""randomly assigned to one of three groups by pulling a card with an A. B, or C on it from an envelope in which the cards had been placed in random order. The donor was then given a bottle of medication marked either A. B. or C according to the card pulled. The bottles were filled in the pharmacy of the University of New Mexico Hospital according to their code.""<br><br>Demographics reported in detail. Only significant difference is in prior iron supplementation (much lower in iron/vitC group). Unlikely to impact outcomes if ceased prior to randomisation</p>",,,,,,,,,,
15,4,Serum ferritin (ng/mL) – reported as geometric mean,FE2+ with additives,2,SUBGROUP_AND_OVERALL,Simon 1984,1984,2.4,0.2465,,,,22,,,,19,,,100,11.023176380641601,6.79963461609287,17.870139261770483,"(39mg/day) iron+ascorbic acid vs ascorbic acid; all data extracted by visual approximation from graphs; control group NOT split across subgroups, as using subtotals only",Low risk,"<p>""randomly assigned to one of three groups by pulling a card with an A. B, or C on it from an envelope in which the cards had been placed in random order. The donor was then given a bottle of medication marked either A. B. or C according to the card pulled. The bottles were filled in the pharmacy of the University of New Mexico Hospital according to their code.""<br><br>Demographics reported in detail. Only significant difference is in prior iron supplementation (much lower in iron/vitC group). Unlikely to impact outcomes if ceased prior to randomisation</p>",,,,,,,,,,
15,5,MCV (fl),FE2+,1,SUBGROUP_AND_OVERALL,Pachikian 2020,2020,,,88,2.985,,11,86.9,3.648,,5,,,42.614313352201954,1.0999999999999943,-2.551850662500655,4.751850662500644,20mg/day; control group split,Some concerns,<p>Randomisation process not described.<br><br>Baseline comparison data for iron stores (table 1) show no significant differences between groups. Age and fitness level data in trial registry show no differences</p>,,,,,,,,,,
15,5,MCV (fl),FE2+,1,SUBGROUP_AND_OVERALL,Pachikian 2020,2020,,,87.5,1.99,,11,86.9,3.648,,6,,,57.38568664779805,0.5999999999999943,-2.5469436440396063,3.746943644039595,80mg/day; control group split,Some concerns,<p>Randomisation process not described.<br><br>Baseline comparison data for iron stores (table 1) show no significant differences between groups. Age and fitness level data in trial registry show no differences</p>,,,,,,,,,,
15,6,Serum iron (μg/dL),FE2+,1,SUBGROUP_AND_OVERALL,Maghsudlu 2008,2008,,,77.86,27.689,,132,69.97,27.057,,120,,,94.82792358731875,7.890000000000001,1.1263166823003399,14.653683317699661,150mg/day,Some concerns,"<p>Randomisation process not described<br>No obvious baseline imbalance for number of previous donations, but does not report age, sex.</p>",,,,,,,,,,
15,6,Serum iron (μg/dL),FE2+,1,SUBGROUP_AND_OVERALL,Pachikian 2020,2020,,,116,39.799,,11,85,43.116,,6,,,2.488372111441195,31,-10.753580467214853,72.75358046721485,"80mg/day; NR whether serum or plasma iron (just ""iron""); control group split",Some concerns,<p>Randomisation process not described.<br><br>Baseline comparison data for iron stores (table 1) show no significant differences between groups. Age and fitness level data in trial registry show no differences</p>,,,,,,,,,,
15,6,Serum iron (μg/dL),FE2+,1,SUBGROUP_AND_OVERALL,Pachikian 2020,2020,,,97,23.216,,11,85,43.116,,5,,,2.683704301240052,12,-28.20536921788976,52.20536921788976,"20mg/day; NR whether serum or plasma iron (just ""iron""); control group split",Some concerns,<p>Randomisation process not described.<br><br>Baseline comparison data for iron stores (table 1) show no significant differences between groups. Age and fitness level data in trial registry show no differences</p>,,,,,,,,,,
15,7,TIBC (μg/dL),FE2+,1,SUBGROUP_AND_OVERALL,Maghsudlu 2008,2008,,,370.22,58.709,,132,405.67,75.805,,120,,,73.2183208228204,-35.44999999999999,-52.310061729014734,-18.589938270985243,150mg/day,Some concerns,"<p>Randomisation process not described<br>No obvious baseline imbalance for number of previous donations, but does not report age, sex.</p>",,,,,,,,,,
15,7,TIBC (μg/dL),FE2+,1,SUBGROUP_AND_OVERALL,Simon 1984,1984,,,340,47,,22,390,44,,19,,,26.781679177179612,-50,-77.87726355966484,-22.122736440335153,"39mg/day; data extracted from visual approximation from graphs; control group NOT split across subgroups, as using subtotals only",Low risk,"<p>""randomly assigned to one of three groups by pulling a card with an A. B, or C on it from an envelope in which the cards had been placed in random order. The donor was then given a bottle of medication marked either A. B. or C according to the card pulled. The bottles were filled in the pharmacy of the University of New Mexico Hospital according to their code.""<br><br>Demographics reported in detail. Only significant difference is in prior iron supplementation (much lower in iron/vitC group). Unlikely to impact outcomes if ceased prior to randomisation</p>",,,,,,,,,,
15,7,TIBC (μg/dL),FE2+ with additives,2,SUBGROUP_AND_OVERALL,Simon 1984,1984,,,340,47,,22,390,44,,19,,,100,-50,-77.87726355966484,-22.122736440335153,"39mg/day; data extracted from visual approximation from graphs; control group NOT split across subgroups, as using subtotals only",Low risk,"<p>""randomly assigned to one of three groups by pulling a card with an A. B, or C on it from an envelope in which the cards had been placed in random order. The donor was then given a bottle of medication marked either A. B. or C according to the card pulled. The bottles were filled in the pharmacy of the University of New Mexico Hospital according to their code.""<br><br>Demographics reported in detail. Only significant difference is in prior iron supplementation (much lower in iron/vitC group). Unlikely to impact outcomes if ceased prior to randomisation</p>",,,,,,,,,,
15,8,Transferrin saturation (%),FE2+,1,SUBGROUP_AND_OVERALL,Cable 1988,1988,,,30,13.565,,46,25,13.416,,45,,,13.79986401271576,5,-0.5436005179198578,10.543600517919858,75mg/day,Some concerns,"<p>No information on randomisation process.<br>Largely balanced in baseline characteristics (age, weight, previous donations, Hb, Hct, transferrin saturation)</p>",,,,,,,,,,
15,8,Transferrin saturation (%),FE2+,1,SUBGROUP_AND_OVERALL,Maghsudlu 2008,2008,,,21.94,9.421,,132,17.13,8.544,,120,,,86.20013598728424,4.810000000000002,2.5919294552346974,7.028070544765307,150mg/day,Some concerns,"<p>Randomisation process not described<br>No obvious baseline imbalance for number of previous donations, but does not report age, sex.</p>",,,,,,,,,,
15,9,Adverse events,FE2+,1,SUBGROUP_AND_OVERALL,Maghsudlu 2008,2008,,,,,22,122,,,10,119,,,62.12237153322051,2.1459016393442623,1.0618420490778093,4.336703231652636,150mg/day; number of pts reporting any side effects,Some concerns,"<p>Randomisation process not described<br>No obvious baseline imbalance for number of previous donations, but does not report age, sex.</p>",,,,,,,,,,
15,9,Adverse events,FE2+,1,SUBGROUP_AND_OVERALL,Mast 2016 (STRIDE),2012,,,,,6,139,,,2,69,,,12.410848284652578,1.4892086330935252,0.30856755224652876,7.187218282460333,19mg/day; control group split; number of pts reporting adverse events in first 60 days period,Low risk,"<p>""The lists were generated using standard block randomization methods,<br><br>implemented with computer software (nQuery Advisor, 2014, Statistical Solutions, Boston, MA). The randomized numbers from the algorithm correspond to one of the five study arms. While they appeared to be random numbers, they coded for the group assignment. Each of the five study arms had three to four codes so that patterns could not be identified by investigators, coordinators, and staff at study sites""<br><br>Uneven medical de-enrolment from study, appears that placebo group are ""healthier"" suggest some baseline imbalance. Bias in favour of placebo (reduced effect size of iron)</p>",,,,,,,,,,
15,9,Adverse events,FE2+,1,SUBGROUP_AND_OVERALL,Mast 2016 (STRIDE),2012,,,,,12,139,,,2,69,,,14.252287091262977,2.9784172661870505,0.68559713589687,12.939040942632447,38mg/day; control group split; number of pts reporting adverse events in first 60 days period,Low risk,"<p>""The lists were generated using standard block randomization methods,<br><br>implemented with computer software (nQuery Advisor, 2014, Statistical Solutions, Boston, MA). The randomized numbers from the algorithm correspond to one of the five study arms. While they appeared to be random numbers, they coded for the group assignment. Each of the five study arms had three to four codes so that patterns could not be identified by investigators, coordinators, and staff at study sites""<br><br>Uneven medical de-enrolment from study, appears that placebo group are ""healthier"" suggest some baseline imbalance. Bias in favour of placebo (reduced effect size of iron)</p>",,,,,,,,,,
15,9,Adverse events,FE2+,1,SUBGROUP_AND_OVERALL,Pachikian 2020,2020,,,,,1,11,,,1,6,,,4.59402745714036,0.5454545454545454,0.041035970775129514,7.250240594706283,80mg/day; control group split; MedDRA v1: Non-serious AEs; Frequency threshold for reporting non-serious adverse events: 5%,Some concerns,<p>Randomisation process not described.<br><br>Baseline comparison data for iron stores (table 1) show no significant differences between groups. Age and fitness level data in trial registry show no differences</p>,,,,,,,,,,
15,9,Adverse events,FE2+,1,SUBGROUP_AND_OVERALL,Pachikian 2020,2020,,,,,2,11,,,1,5,,,6.620465633723575,0.9090909090909091,0.10535069853461486,7.84471572079982,20mg/day; control group split; MedDRA v1: Non-serious AEs; Frequency threshold for reporting non-serious adverse events: 5%,Some concerns,<p>Randomisation process not described.<br><br>Baseline comparison data for iron stores (table 1) show no significant differences between groups. Age and fitness level data in trial registry show no differences</p>,,,,,,,,,,
15,9,Adverse events,FE2+ with additives,2,SUBGROUP_AND_OVERALL,Radtke 2004a,2004,,,,,19,176,,,10,88,,,50.32874106914124,0.95,0.4616299661194965,1.9550290627501872,40mg/day; control group split; number of pts reporting any side effects,Some concerns,"<p>Randomisation process not reported beyond ""block randomisation of variable length""<br>Baseline bloods (visit 0) reported for each subgroup, and sex have been analysed separately. No information on age and previous donations etc</p>",,,,,,,,,,
15,9,Adverse events,FE2+ with additives,2,SUBGROUP_AND_OVERALL,Radtke 2004a,2004,,,,,23,175,,,9,87,,,49.67125893085877,1.2704761904761905,0.6144256745783119,2.6270219773525536,20mg/day; control group split; number of pts reporting any side effects,Some concerns,"<p>Randomisation process not reported beyond ""block randomisation of variable length""<br>Baseline bloods (visit 0) reported for each subgroup, and sex have been analysed separately. No information on age and previous donations etc</p>",,,,,,,,,,
15,10,Adherence (% tablets consumed),FE2+,1,SUBGROUP_AND_OVERALL,Cable 1988,1988,,,1.6,0.4,,46,1.5,0.7,,45,,,100,0.10000000000000009,-0.13492725292704327,0.33492725292704345,75mg/day; pills per day consumed (prescribed 2/day),Some concerns,"<p>No information on randomisation process.<br>Largely balanced in baseline characteristics (age, weight, previous donations, Hb, Hct, transferrin saturation)</p>",,,,,,,,,,
16,1,Hb (g/L),Female,1,SUBGROUP_AND_OVERALL,Gybel-Brask 2018,,,,139.3,6.7,,41,135.6,10.2,,38,,,28.786075064741702,3.700000000000017,-0.13711334534779906,7.537113345347834,,Low risk,"<p>""Permuted block randomization with a block size of 6 was used to randomize the subjects. The randomization list was prepared centrally by a contract research organization, Max Neeman International Data Management<br><br>Center, using a validated computer program (Statistical Analysis Software [SAS] 9.1.3, SAS Institute, Inc.) PROC PLAN procedure. An interactive Web response system method was used to randomize the eligible subjects to the<br><br>treatment groups. When the subject data had been entered into the interactive Web response system, a unique randomization number was generated for the subject, identifying which treatment the subject was allocated to. The screening and enrolment of the subjects were performed by the investigator at the site, whereas the entering of the subject data into the interactive Web response system generating the randomization number was performed by the trial nurse or trial coordinator.""<br><br>Presented data appear balance</p>",Low risk,"<p>Described as double blind, placebo controlled.<br><br>Full analysis set (mITT), PP, and safety set (ITT) presented</p>",Low risk,<p>none noted</p>,Low risk,"<p>Standard lab tests<br><br>Described as double blinded, also lists roles with blinding as: Subject, Investigator, Monitor. It is possible that outcome assessors were aware of allocation, but this would not impact this outcome<br>&nbsp;</p>",Low risk,<p>Trial prospectively registered on two databases. Clear statistical analysis planned</p>,Low risk,<p>see individual comments</p>
16,1,Hb (g/L),Female,1,SUBGROUP_AND_OVERALL,Hod 2022 (DIDS),2022,,,133.8,9.4,,25,120.9,11.1,,24,,,23.369408541434037,12.900000000000006,7.12952850482738,18.67047149517263,,Low risk,"<p>""Randomization will be performed using a computerized system with equal allocation (1:1) to iron repletion or placebo. Randomization will be stratified by sex; randomly permuted block sizes of 4, 6, or 8 will be used""<br><br>&nbsp;</p>",Low risk,"<p>""The research pharmacy will provide a standard 1-gram dose of low molecular weight iron dextran, ferric carboxymaltose, or saline in special bags designed to conceal group assignment.""<br>Full Analysis Population (Modified Intention to Treat)<br>For the secondary outcome analyses, the full analysis population will be defined as all subjects who were randomized.<br><br>&nbsp;</p>",Low risk,"<p>They state analysis would include all those who were randomised (40 and 39), but Hb data are for 29 and 33 at donation 2. Assumed to be the number returning for this donation, not stated.<br>Withdrawals explained</p>",Low risk,"<p>standard blood tests<br><br>Described in trial registration as triple blinded: participants, personnel/carers, outcome assessors<br>&nbsp;</p>",Low risk,"<p>Protocol, trial registration, and analysis plan available</p>",Low risk,<p>See individual comments</p>
16,1,Hb (g/L),Male,2,SUBGROUP_AND_OVERALL,Hod 2022 (DIDS),2022,,,149.7,7.2,,12,135.5,15.5,,13,,,15.077293323142541,14.199999999999989,4.841142373123208,23.55885762687677,,Low risk,"<p>""Randomization will be performed using a computerized system with equal allocation (1:1) to iron repletion or placebo. Randomization will be stratified by sex; randomly permuted block sizes of 4, 6, or 8 will be used""<br><br>&nbsp;</p>",Low risk,"<p>""The research pharmacy will provide a standard 1-gram dose of low molecular weight iron dextran, ferric carboxymaltose, or saline in special bags designed to conceal group assignment.""<br>Full Analysis Population (Modified Intention to Treat)<br>For the secondary outcome analyses, the full analysis population will be defined as all subjects who were randomized.<br><br>&nbsp;</p>",Low risk,"<p>They state analysis would include all those who were randomised (40 and 39), but Hb data are for 29 and 33 at donation 2. Assumed to be the number returning for this donation, not stated.<br>Withdrawals explained</p>",Low risk,"<p>standard blood tests<br><br>Described in trial registration as triple blinded: participants, personnel/carers, outcome assessors<br>&nbsp;</p>",Low risk,"<p>Protocol, trial registration, and analysis plan available</p>",Low risk,<p>See individual comments</p>
16,1,Hb (g/L),Mixed,3,SUBGROUP_AND_OVERALL,Fontana 2014a (ISUB),2014,,,142.7,10.9,,203,137.2,12,,202,,,32.767223070681716,5.5,3.2668945628560464,7.733105437143953,,Low risk,"<p>""centrally randomized 1:1...using a locked, concealed web-based system (WebSpirit, 2mt Software GmbH, Ulm, Germany). Randomization was computer-generated, stratified… Trial treatment assignment was double-blinded, so that neither study physicians and nurses involved in donor care and outcome assessment, nor participants were aware of treatment assigned. ""<br><br>All outcomes reported at baseline, no differences between groups</p>",Low risk,"<p>Participants and personnel were blinded to allocation and infusions were masked to hide the colour of the infusion, given through non-transparent tubing: described as ""true blinding"" in publication, and in trial registration as Triple blinded (Participant, Investigator, Outcomes Assessor). Methods of blinding detailed within publication<br>6-8 weeks after treatment: ITT analysis, despite 12/405 protocol violations or withdrew<br>&nbsp;</p>",Low risk,<p>none noted</p>,Low risk,<p>Standard blood tests</p>,Low risk,"<p>Trial registration available online, and checked. Primary and secondary outcomes reported as predefined</p>",Low risk,<p>see individual comments</p>
16,2,Serum ferritin (ng/mL),Female,1,SUBGROUP_AND_OVERALL,Hod 2022 (DIDS),2022,,,90.68,48.94,,25,13.98,5.96,,24,,,32.659651427466606,76.7,57.368255062028446,96.03174493797155,,Low risk,"<p>""Randomization will be performed using a computerized system with equal allocation (1:1) to iron repletion or placebo. Randomization will be stratified by sex; randomly permuted block sizes of 4, 6, or 8 will be used""<br><br>&nbsp;</p>",Low risk,"<p>""The research pharmacy will provide a standard 1-gram dose of low molecular weight iron dextran, ferric carboxymaltose, or saline in special bags designed to conceal group assignment.""<br><br>Full Analysis Population (Modified Intention to Treat)<br><br>For the secondary outcome analyses, the full analysis population will be defined as all subjects who were randomized.</p>",Low risk,"<p>They state analysis would include all those who were randomised (40 and 39), but Hb data are for 29 and 33 at donation 2. Assumed to be the number returning for this donation, not stated.<br>Withdrawals explained<br>&nbsp;</p>",Low risk,"<p>standard blood tests<br>Described in trial registration as triple blinded: participants, personnel/carers, outcome assessors</p>",Low risk,"<p>Protocol, trial registration, and analysis plan available</p>",Low risk,<p>see individual comments</p>
16,2,Serum ferritin (ng/mL),Male,2,SUBGROUP_AND_OVERALL,Hod 2022 (DIDS),2022,,,59.46,30.44,,12,17.08,7.87,,13,,,33.03774748878378,42.38,24.63388058618188,60.126119413818124,,Low risk,"<p>""Randomization will be performed using a computerized system with equal allocation (1:1) to iron repletion or placebo. Randomization will be stratified by sex; randomly permuted block sizes of 4, 6, or 8 will be used""<br><br>&nbsp;</p>",Low risk,"<p>""The research pharmacy will provide a standard 1-gram dose of low molecular weight iron dextran, ferric carboxymaltose, or saline in special bags designed to conceal group assignment.""<br><br>Full Analysis Population (Modified Intention to Treat)<br><br>For the secondary outcome analyses, the full analysis population will be defined as all subjects who were randomized.</p>",Low risk,"<p>They state analysis would include all those who were randomised (40 and 39), but Hb data are for 29 and 33 at donation 2. Assumed to be the number returning for this donation, not stated.<br>Withdrawals explained<br>&nbsp;</p>",Low risk,"<p>standard blood tests<br>Described in trial registration as triple blinded: participants, personnel/carers, outcome assessors</p>",Low risk,"<p>Protocol, trial registration, and analysis plan available</p>",Low risk,<p>see individual comments</p>
16,2,Serum ferritin (ng/mL),Mixed,3,SUBGROUP_AND_OVERALL,Fontana 2014a (ISUB),2014,,,142.6,54.5,,203,28.6,61.3,,202,,,34.30260108374962,114,102.70098201430044,125.29901798569956,,Low risk,"<p>""centrally randomized 1:1...using a locked, concealed web-based system (WebSpirit, 2mt Software GmbH, Ulm, Germany). Randomization was computer-generated, stratified… Trial treatment assignment was double-blinded, so that neither study physicians and nurses involved in donor care and outcome assessment, nor participants were aware of treatment assigned. ""<br><br>All outcomes reported at baseline, no differences between groups</p>",Low risk,"<p>Participants and personnel were blinded to allocation and infusions were masked to hide the colour of the infusion, given through non-transparent tubing: described as ""true blinding"" in publication, and in trial registration as Triple blinded (Participant, Investigator, Outcomes Assessor). Methods of blinding detailed within publication<br><br>6-8 weeks after treatment: ITT analysis, despite 12/405 protocol violations or withdrew<br><br>&nbsp;</p>",Low risk,<p>none noted</p>,Low risk,<p>Standard blood tests</p>,Low risk,"<p>Trial registration available online, and checked. Primary and secondary outcomes reported as predefined<br>&nbsp;</p>",Low risk,<p>see individual comments</p>
16,3,MCV (fl),Female,1,SUBGROUP_AND_OVERALL,Hod 2022 (DIDS),2022,,,91.32,4.64,,25,86.09,4.69,,24,,,67.50110580522471,5.22999999999999,2.6167805510663116,7.843219448933668,,Low risk,"<p>""Randomization will be performed using a computerized system with equal allocation (1:1) to iron repletion or placebo. Randomization will be stratified by sex; randomly permuted block sizes of 4, 6, or 8 will be used""<br><br>&nbsp;</p>",,,,,,,,,,
16,3,MCV (fl),Male,2,SUBGROUP_AND_OVERALL,Hod 2022 (DIDS),2022,,,87.05,4.8,,12,80.05,4.8,,13,,,32.49889419477529,7,3.2338550275736657,10.766144972426334,,Low risk,"<p>""Randomization will be performed using a computerized system with equal allocation (1:1) to iron repletion or placebo. Randomization will be stratified by sex; randomly permuted block sizes of 4, 6, or 8 will be used""<br><br>&nbsp;</p>",,,,,,,,,,
16,4,Serum/plasma iron (μg/dL),Female,1,SUBGROUP_AND_OVERALL,Gybel-Brask 2018,,,,120.89,38.73,,39,98.53,46.07,,36,,,43.44920411871603,22.36,3.0149795325117097,41.70502046748829,plasma iron,Low risk,"<p>""Permuted block randomization with a block size of 6 was used to randomize the subjects. The randomization list was prepared centrally by a contract research organization, Max Neeman International Data Management<br><br>Center, using a validated computer program (Statistical Analysis Software [SAS] 9.1.3, SAS Institute, Inc.) PROC PLAN procedure. An interactive Web response system method was used to randomize the eligible subjects to the<br><br>treatment groups. When the subject data had been entered into the interactive Web response system, a unique randomization number was generated for the subject, identifying which treatment the subject was allocated to. The screening and enrolment of the subjects were performed by the investigator at the site, whereas the entering of the subject data into the interactive Web response system generating the randomization number was performed by the trial nurse or trial coordinator.""<br><br>Presented data appear balance</p>",,,,,,,,,,
16,4,Serum/plasma iron (μg/dL),Female,1,SUBGROUP_AND_OVERALL,Hod 2022 (DIDS),2022,,,91.76,22.43,,25,66.04,45.98,,24,,,39.11467505762697,25.72,5.331266793328314,46.10873320667169,serum iron,Low risk,"<p>""Randomization will be performed using a computerized system with equal allocation (1:1) to iron repletion or placebo. Randomization will be stratified by sex; randomly permuted block sizes of 4, 6, or 8 will be used""<br><br>&nbsp;</p>",,,,,,,,,,
16,4,Serum/plasma iron (μg/dL),Male,2,SUBGROUP_AND_OVERALL,Hod 2022 (DIDS),2022,,,97.5,32.18,,12,71.54,45.1,,13,,,17.436120823656992,25.959999999999994,-4.577618938450687,56.49761893845067,serum iron,Low risk,"<p>""Randomization will be performed using a computerized system with equal allocation (1:1) to iron repletion or placebo. Randomization will be stratified by sex; randomly permuted block sizes of 4, 6, or 8 will be used""<br><br>&nbsp;</p>",,,,,,,,,,
16,5,TIBC (μg/dL),Female,1,SUBGROUP_AND_OVERALL,Hod 2022 (DIDS),2022,,,94.76,22.43,,25,69.04,45.98,,24,,,69.16732903236178,25.72,5.331266793328314,46.10873320667169,,Low risk,"<p>""Randomization will be performed using a computerized system with equal allocation (1:1) to iron repletion or placebo. Randomization will be stratified by sex; randomly permuted block sizes of 4, 6, or 8 will be used""<br><br>&nbsp;</p>",,,,,,,,,,
16,5,TIBC (μg/dL),Male,2,SUBGROUP_AND_OVERALL,Hod 2022 (DIDS),2022,,,100.5,32.18,,12,74.54,45.1,,13,,,30.832670967638226,25.959999999999994,-4.577618938450687,56.49761893845067,,Low risk,"<p>""Randomization will be performed using a computerized system with equal allocation (1:1) to iron repletion or placebo. Randomization will be stratified by sex; randomly permuted block sizes of 4, 6, or 8 will be used""<br><br>&nbsp;</p>",,,,,,,,,,
16,6,Transferrin saturation (%),Female,1,SUBGROUP_AND_OVERALL,Gybel-Brask 2018,,,,30.9,10.5,,39,20.9,11,,36,,,46.615276074039706,10,5.124440697275774,14.875559302724227,,Low risk,"<p>""Permuted block randomization with a block size of 6 was used to randomize the subjects. The randomization list was prepared centrally by a contract research organization, Max Neeman International Data Management<br><br>Center, using a validated computer program (Statistical Analysis Software [SAS] 9.1.3, SAS Institute, Inc.) PROC PLAN procedure. An interactive Web response system method was used to randomize the eligible subjects to the<br><br>treatment groups. When the subject data had been entered into the interactive Web response system, a unique randomization number was generated for the subject, identifying which treatment the subject was allocated to. The screening and enrolment of the subjects were performed by the investigator at the site, whereas the entering of the subject data into the interactive Web response system generating the randomization number was performed by the trial nurse or trial coordinator.""<br><br>Presented data appear balance</p>",,,,,,,,,,
16,6,Transferrin saturation (%),Female,1,SUBGROUP_AND_OVERALL,Hod 2022 (DIDS),2022,,,30.71,7.6,,25,16.16,10.99,,24,,,39.91932147035266,14.55,9.238930053129284,19.861069946870717,,Low risk,"<p>""Randomization will be performed using a computerized system with equal allocation (1:1) to iron repletion or placebo. Randomization will be stratified by sex; randomly permuted block sizes of 4, 6, or 8 will be used""<br><br>&nbsp;</p>",,,,,,,,,,
16,6,Transferrin saturation (%),Male,2,SUBGROUP_AND_OVERALL,Hod 2022 (DIDS),2022,,,31.13,11.65,,12,18.22,12.4,,13,,,13.465402455607625,12.91,3.4822063816706166,22.337793618329385,,Low risk,"<p>""Randomization will be performed using a computerized system with equal allocation (1:1) to iron repletion or placebo. Randomization will be stratified by sex; randomly permuted block sizes of 4, 6, or 8 will be used""<br><br>&nbsp;</p>",,,,,,,,,,
16,7,Adverse events,Mixed,1,SUBGROUP_AND_OVERALL,Fontana 2014a (ISUB),2014,,,,,41,203,,,28,202,,,68.80900916130797,1.4570724841660803,0.9391033219291394,2.2607312470715644,number pts reporting any side effects,Low risk,"<p>""centrally randomized 1:1...using a locked, concealed web-based system (WebSpirit, 2mt Software GmbH, Ulm, Germany). Randomization was computer-generated, stratified… Trial treatment assignment was double-blinded, so that neither study physicians and nurses involved in donor care and outcome assessment, nor participants were aware of treatment assigned. ""<br><br>All outcomes reported at baseline, no differences between groups</p>",Low risk,"<p>Participants and personnel were blinded to allocation and infusions were masked to hide the colour of the infusion, given through non-transparent tubing: described as ""true blinding"" in publication, and in trial registration as Triple blinded (Participant, Investigator, Outcomes Assessor). Methods of blinding detailed within publication<br><br>6-8 weeks after treatment: ITT analysis, despite 12/405 protocol violations or withdrew</p>",Low risk,<p>none noted</p>,Low risk,"<p>Adverse events were rated by the principal investigator according to National Cancer Institute, Common Terminology Criteria for Adverse Events, version 3.0. Certainty or likelihood related to the study drug as rated by the principal investigator.<br><br>Interview questions and definitions given by authors: For the purposes of this protocol, an adverse event (adverse event = AE) is any occurrence or worsening of a symptom, pathological finding or medical condition during or after administration of the study drug, regardless of whether a relationship with the study drug is suspected. Side effects are evaluated by means of open questions. If available, more detailed and specific questions follow. A physical examination, special laboratory tests or other tests for detection are not routinely performed and are only ordered if the severity or nature of the condition medically requires it<br><br>Blinding of assessors minimises bias from use of recall over a 6-8 weeks period. Likely to be similar issues in both groups.</p>",Low risk,"<p>Trial registration available online, and checked. Primary and secondary outcomes reported as predefined<br>&nbsp;</p>",Low risk,<p>see individual comments</p>
16,7,Adverse events,Mixed,1,SUBGROUP_AND_OVERALL,Hod 2022 (DIDS),2022,,,,,1,39,,,4,40,,,31.190990838692027,0.2564102564102564,0.029973668801984904,2.193465872553433,number of pts reporting at least one AE experienced,Low risk,"<p>""Randomization will be performed using a computerized system with equal allocation (1:1) to iron repletion or placebo. Randomization will be stratified by sex; randomly permuted block sizes of 4, 6, or 8 will be used""<br><br>&nbsp;</p>",Low risk,"<p>""The research pharmacy will provide a standard 1-gram dose of low molecular weight iron dextran, ferric carboxymaltose, or saline in special bags designed to conceal group assignment.""<br><br>Full Analysis Population (Modified Intention to Treat)<br><br>For the secondary outcome analyses, the full analysis population will be defined as all subjects who were randomized.<br><br>&nbsp;</p>",Low risk,<p>Adverse events reported for everyone randomised<br>&nbsp;</p>,Low risk,"<p>""Safety outcomes will be assessed at each study visit and with a follow-up phone call the day after each visit using a checklist of known adverse events and an open-ended question for volunteers to describe other adverse<br><br>events. Participants will be encouraged to call the coordinator throughout the study if they experience 1) a new symptom, 2) change in severity of an existing symptom, 3) see a doctor/ER, 4) start a new medication""<br>&nbsp;</p><p>Described in trial registration as triple blinded: participants, personnel/carers, outcome assessors<br>&nbsp;</p>",Low risk,"<p>Protocol, trial registration, and analysis plan available</p>",Low risk,<p>see individual comments</p>
16,8,"Specific side effects (any time point, no population subgrouping)",Allergic reaction or bronchospasm,1,SUBGROUP_AND_OVERALL,Fontana 2014a (ISUB),2014,,,,,2,203,,,0,202,,,100,4.9754901960784315,0.2403603854627124,102.99327255452819,drug-associated determined by PI,Low risk,"<p>""centrally randomized 1:1...using a locked, concealed web-based system (WebSpirit, 2mt Software GmbH, Ulm, Germany). Randomization was computer-generated, stratified… Trial treatment assignment was double-blinded, so that neither study physicians and nurses involved in donor care and outcome assessment, nor participants were aware of treatment assigned. ""<br><br>All outcomes reported at baseline, no differences between groups</p>",Low risk,"<p>Participants and personnel were blinded to allocation and infusions were masked to hide the colour of the infusion, given through non-transparent tubing: described as ""true blinding"" in publication, and in trial registration as Triple blinded (Participant, Investigator, Outcomes Assessor). Methods of blinding detailed within publication<br><br>6-8 weeks after treatment: ITT analysis, despite 12/405 protocol violations or withdrew<br>&nbsp;</p>",Low risk,<p>none noted</p>,Low risk,"<p>Adverse events were rated by the principal investigator according to National Cancer Institute, Common Terminology Criteria for Adverse Events, version 3.0. Certainty or likelihood related to the study drug as rated by the principal investigator.<br><br>Interview questions and definitions given by authors: For the purposes of this protocol, an adverse event (adverse event = AE) is any occurrence or worsening of a symptom, pathological finding or medical condition during or after administration of the study drug, regardless of whether a relationship with the study drug is suspected. Side effects are evaluated by means of open questions. If available, more detailed and specific questions follow. A physical examination, special laboratory tests or other tests for detection are not routinely performed and are only ordered if the severity or nature of the condition medically requires it<br><br>Blinding of assessors minimises bias from use of recall over a 6-8 weeks period. Likely to be similar issues in both groups.<br>&nbsp;</p>",Low risk,"<p>Trial registration available online, and checked. Primary and secondary outcomes reported as predefined</p>",Low risk,<p>see individual comments</p>
16,8,"Specific side effects (any time point, no population subgrouping)",Fatigue or insomnia,2,SUBGROUP_AND_OVERALL,Fontana 2014a (ISUB),2014,,,,,4,203,,,4,202,,,100,0.9950738916256158,0.2523127695690213,3.9243834209670534,drug-associated determined by PI,Low risk,"<p>""centrally randomized 1:1...using a locked, concealed web-based system (WebSpirit, 2mt Software GmbH, Ulm, Germany). Randomization was computer-generated, stratified… Trial treatment assignment was double-blinded, so that neither study physicians and nurses involved in donor care and outcome assessment, nor participants were aware of treatment assigned. ""<br><br>All outcomes reported at baseline, no differences between groups</p>",Low risk,"<p>Participants and personnel were blinded to allocation and infusions were masked to hide the colour of the infusion, given through non-transparent tubing: described as ""true blinding"" in publication, and in trial registration as Triple blinded (Participant, Investigator, Outcomes Assessor). Methods of blinding detailed within publication<br><br>6-8 weeks after treatment: ITT analysis, despite 12/405 protocol violations or withdrew<br>&nbsp;</p>",Low risk,<p>none noted</p>,Low risk,"<p>Adverse events were rated by the principal investigator according to National Cancer Institute, Common Terminology Criteria for Adverse Events, version 3.0. Certainty or likelihood related to the study drug as rated by the principal investigator.<br><br>Interview questions and definitions given by authors: For the purposes of this protocol, an adverse event (adverse event = AE) is any occurrence or worsening of a symptom, pathological finding or medical condition during or after administration of the study drug, regardless of whether a relationship with the study drug is suspected. Side effects are evaluated by means of open questions. If available, more detailed and specific questions follow. A physical examination, special laboratory tests or other tests for detection are not routinely performed and are only ordered if the severity or nature of the condition medically requires it<br><br>Blinding of assessors minimises bias from use of recall over a 6-8 weeks period. Likely to be similar issues in both groups.<br>&nbsp;</p>",Low risk,"<p>Trial registration available online, and checked. Primary and secondary outcomes reported as predefined</p>",Low risk,<p>see individual comments</p>
16,8,"Specific side effects (any time point, no population subgrouping)",GI symptoms,3,SUBGROUP_AND_OVERALL,Fontana 2014a (ISUB),2014,,,,,2,203,,,1,202,,,44.512539142731434,1.9901477832512315,0.1818940136659637,21.774703407520235,any GI; drug-associated determined by PI,Low risk,"<p>""centrally randomized 1:1...using a locked, concealed web-based system (WebSpirit, 2mt Software GmbH, Ulm, Germany). Randomization was computer-generated, stratified… Trial treatment assignment was double-blinded, so that neither study physicians and nurses involved in donor care and outcome assessment, nor participants were aware of treatment assigned. ""<br><br>All outcomes reported at baseline, no differences between groups</p>",Low risk,"<p>Participants and personnel were blinded to allocation and infusions were masked to hide the colour of the infusion, given through non-transparent tubing: described as ""true blinding"" in publication, and in trial registration as Triple blinded (Participant, Investigator, Outcomes Assessor). Methods of blinding detailed within publication<br><br>6-8 weeks after treatment: ITT analysis, despite 12/405 protocol violations or withdrew<br>&nbsp;</p>",Low risk,<p>none noted</p>,Low risk,"<p>Adverse events were rated by the principal investigator according to National Cancer Institute, Common Terminology Criteria for Adverse Events, version 3.0. Certainty or likelihood related to the study drug as rated by the principal investigator.<br><br>Interview questions and definitions given by authors: For the purposes of this protocol, an adverse event (adverse event = AE) is any occurrence or worsening of a symptom, pathological finding or medical condition during or after administration of the study drug, regardless of whether a relationship with the study drug is suspected. Side effects are evaluated by means of open questions. If available, more detailed and specific questions follow. A physical examination, special laboratory tests or other tests for detection are not routinely performed and are only ordered if the severity or nature of the condition medically requires it<br><br>Blinding of assessors minimises bias from use of recall over a 6-8 weeks period. Likely to be similar issues in both groups.<br>&nbsp;</p>",Low risk,"<p>Trial registration available online, and checked. Primary and secondary outcomes reported as predefined</p>",Low risk,<p>see individual comments</p>
16,8,"Specific side effects (any time point, no population subgrouping)",GI symptoms,3,SUBGROUP_AND_OVERALL,Gybel-Brask 2018,,,,,,0,41,,,3,41,,,29.87791756053412,0.14285714285714285,0.00761170430790459,2.681155551998083,vomiting,Low risk,"<p>""Permuted block randomization with a block size of 6 was used to randomize the subjects. The randomization list was prepared centrally by a contract research organization, Max Neeman International Data Management<br><br>Center, using a validated computer program (Statistical Analysis Software [SAS] 9.1.3, SAS Institute, Inc.) PROC PLAN procedure. An interactive Web response system method was used to randomize the eligible subjects to the<br><br>treatment groups. When the subject data had been entered into the interactive Web response system, a unique randomization number was generated for the subject, identifying which treatment the subject was allocated to. The screening and enrolment of the subjects were performed by the investigator at the site, whereas the entering of the subject data into the interactive Web response system generating the randomization number was performed by the trial nurse or trial coordinator.""<br><br>Presented data appear balance</p>",Low risk,"<p>Described as double blind, placebo controlled.<br><br>Full analysis set (mITT), PP, and safety set (ITT) presented<br>&nbsp;</p>",Low risk,<p>none noted</p>,Low risk,"<p>""Adverse events were coded by system organ class and preferred term using the Medical Dictionary for Regulatory activities (MedDRA), Version 19.1. All the safety data were summarized descriptively.""<br><br>""An AE was described in the following manner: The nature of the event will be described in precise, standard medical terminology (i.e. not necessarily the exact words used by the subject). If known, a specific diagnosis was stated. Furthermore the Investigator described an AE regarding seriousness, severity, relatedness, and outcome.""<br><br>Described as double blinded, also lists roles with blinding as: Subject, Investigator, Monitor. It is possible that outcome assessors were aware of allocation<br>&nbsp;</p>",Low risk,<p>Trial prospectively registered on two databases. Clear statistical analysis planned<br>&nbsp;</p>,Low risk,<p>see individual comments</p>
16,8,"Specific side effects (any time point, no population subgrouping)",GI symptoms,3,SUBGROUP_AND_OVERALL,Hod 2022 (DIDS),2022,,,,,0,39,,,1,40,,,25.609543296734454,0.3416666666666666,0.014339330140965823,8.14097380864462,diarrhoea,Low risk,"<p>""Randomization will be performed using a computerized system with equal allocation (1:1) to iron repletion or placebo. Randomization will be stratified by sex; randomly permuted block sizes of 4, 6, or 8 will be used""<br><br>&nbsp;</p>",Low risk,"<p>""The research pharmacy will provide a standard 1-gram dose of low molecular weight iron dextran, ferric carboxymaltose, or saline in special bags designed to conceal group assignment.""<br><br>Full Analysis Population (Modified Intention to Treat)<br><br>For the secondary outcome analyses, the full analysis population will be defined as all subjects who were randomized.</p>",Low risk,<p>Adverse events reported for everyone randomised</p>,Low risk,"<p>""Safety outcomes will be assessed at each study visit and with a follow-up phone call the day after each visit using a checklist of known adverse events and an open-ended question for volunteers to describe other adverse events. Participants will be encouraged to call the coordinator throughout the study if they experience 1) a new symptom, 2) change in severity of an existing symptom, 3) see a doctor/ER, 4) start a new medication""<br><br>Described in trial registration as triple blinded: participants, personnel/carers, outcome assessors</p>",Low risk,"<p>Protocol, trial registration, and analysis plan available</p>",Low risk,<p>see individual comments</p>
16,8,"Specific side effects (any time point, no population subgrouping)",Headache,4,SUBGROUP_AND_OVERALL,Gybel-Brask 2018,,,,,,2,41,,,4,41,,,78.8693575059717,0.5,0.096868731937846,2.5808121464871436,headache; also reported migraine as 1/41 vs 3/41; dizziness 2/41 vs 4/41,Low risk,"<p>""Permuted block randomization with a block size of 6 was used to randomize the subjects. The randomization list was prepared centrally by a contract research organization, Max Neeman International Data Management<br><br>Center, using a validated computer program (Statistical Analysis Software [SAS] 9.1.3, SAS Institute, Inc.) PROC PLAN procedure. An interactive Web response system method was used to randomize the eligible subjects to the<br><br>treatment groups. When the subject data had been entered into the interactive Web response system, a unique randomization number was generated for the subject, identifying which treatment the subject was allocated to. The screening and enrolment of the subjects were performed by the investigator at the site, whereas the entering of the subject data into the interactive Web response system generating the randomization number was performed by the trial nurse or trial coordinator.""<br><br>Presented data appear balance</p>",Low risk,"<p>Described as double blind, placebo controlled.<br><br>Full analysis set (mITT), PP, and safety set (ITT) presented<br>&nbsp;</p>",Low risk,<p>none noted</p>,Low risk,"<p>""Adverse events were coded by system organ class and preferred term using the Medical Dictionary for Regulatory activities (MedDRA), Version 19.1. All the safety data were summarized descriptively.""<br><br>""An AE was described in the following manner: The nature of the event will be described in precise, standard medical terminology (i.e. not necessarily the exact words used by the subject). If known, a specific diagnosis was stated. Furthermore the Investigator described an AE regarding seriousness, severity, relatedness, and outcome.""<br><br>Described as double blinded, also lists roles with blinding as: Subject, Investigator, Monitor. It is possible that outcome assessors were aware of allocation<br>&nbsp;</p>",Low risk,<p>Trial prospectively registered on two databases. Clear statistical analysis planned<br>&nbsp;</p>,Low risk,<p>see individual comments</p>
16,8,"Specific side effects (any time point, no population subgrouping)",Headache,4,SUBGROUP_AND_OVERALL,Hod 2022 (DIDS),2022,,,,,0,39,,,1,40,,,21.130642494028297,0.3416666666666666,0.014339330140965823,8.14097380864462,,Low risk,"<p>""Randomization will be performed using a computerized system with equal allocation (1:1) to iron repletion or placebo. Randomization will be stratified by sex; randomly permuted block sizes of 4, 6, or 8 will be used""<br><br>&nbsp;</p>",Low risk,"<p>""The research pharmacy will provide a standard 1-gram dose of low molecular weight iron dextran, ferric carboxymaltose, or saline in special bags designed to conceal group assignment.""<br><br>Full Analysis Population (Modified Intention to Treat)<br><br>For the secondary outcome analyses, the full analysis population will be defined as all subjects who were randomized.</p>",Low risk,<p>Adverse events reported for everyone randomised</p>,Low risk,"<p>""Safety outcomes will be assessed at each study visit and with a follow-up phone call the day after each visit using a checklist of known adverse events and an open-ended question for volunteers to describe other adverse events. Participants will be encouraged to call the coordinator throughout the study if they experience 1) a new symptom, 2) change in severity of an existing symptom, 3) see a doctor/ER, 4) start a new medication""<br><br>Described in trial registration as triple blinded: participants, personnel/carers, outcome assessors</p>",Low risk,"<p>Protocol, trial registration, and analysis plan available</p>",Low risk,<p>see individual comments</p>
16,8,"Specific side effects (any time point, no population subgrouping)",Neuropathy or taste alterations,5,SUBGROUP_AND_OVERALL,Fontana 2014a (ISUB),2014,,,,,3,203,,,3,202,,,74.7984457616755,0.9950738916256158,0.20324487102145108,4.871818141430206,drug-associated determined by PI,Low risk,"<p>""centrally randomized 1:1...using a locked, concealed web-based system (WebSpirit, 2mt Software GmbH, Ulm, Germany). Randomization was computer-generated, stratified… Trial treatment assignment was double-blinded, so that neither study physicians and nurses involved in donor care and outcome assessment, nor participants were aware of treatment assigned. ""<br><br>All outcomes reported at baseline, no differences between groups</p>",Low risk,"<p>Participants and personnel were blinded to allocation and infusions were masked to hide the colour of the infusion, given through non-transparent tubing: described as ""true blinding"" in publication, and in trial registration as Triple blinded (Participant, Investigator, Outcomes Assessor). Methods of blinding detailed within publication<br><br>6-8 weeks after treatment: ITT analysis, despite 12/405 protocol violations or withdrew<br>&nbsp;</p>",Low risk,<p>none noted</p>,Low risk,"<p>Adverse events were rated by the principal investigator according to National Cancer Institute, Common Terminology Criteria for Adverse Events, version 3.0. Certainty or likelihood related to the study drug as rated by the principal investigator.<br><br>Interview questions and definitions given by authors: For the purposes of this protocol, an adverse event (adverse event = AE) is any occurrence or worsening of a symptom, pathological finding or medical condition during or after administration of the study drug, regardless of whether a relationship with the study drug is suspected. Side effects are evaluated by means of open questions. If available, more detailed and specific questions follow. A physical examination, special laboratory tests or other tests for detection are not routinely performed and are only ordered if the severity or nature of the condition medically requires it<br><br>Blinding of assessors minimises bias from use of recall over a 6-8 weeks period. Likely to be similar issues in both groups.<br>&nbsp;</p>",Low risk,"<p>Trial registration available online, and checked. Primary and secondary outcomes reported as predefined</p>",Low risk,<p>see individual comments</p>
16,8,"Specific side effects (any time point, no population subgrouping)",Neuropathy or taste alterations,5,SUBGROUP_AND_OVERALL,Hod 2022 (DIDS),2022,,,,,1,39,,,1,40,,,25.201554238324498,1.0256410256410255,0.06645880134227869,15.828445476472494,paresthesia,Low risk,"<p>""Randomization will be performed using a computerized system with equal allocation (1:1) to iron repletion or placebo. Randomization will be stratified by sex; randomly permuted block sizes of 4, 6, or 8 will be used""<br><br>&nbsp;</p>",Low risk,"<p>""The research pharmacy will provide a standard 1-gram dose of low molecular weight iron dextran, ferric carboxymaltose, or saline in special bags designed to conceal group assignment.""<br><br>Full Analysis Population (Modified Intention to Treat)<br><br>For the secondary outcome analyses, the full analysis population will be defined as all subjects who were randomized.</p>",Low risk,<p>Adverse events reported for everyone randomised</p>,Low risk,"<p>""Safety outcomes will be assessed at each study visit and with a follow-up phone call the day after each visit using a checklist of known adverse events and an open-ended question for volunteers to describe other adverse events. Participants will be encouraged to call the coordinator throughout the study if they experience 1) a new symptom, 2) change in severity of an existing symptom, 3) see a doctor/ER, 4) start a new medication""<br><br>Described in trial registration as triple blinded: participants, personnel/carers, outcome assessors</p>",Low risk,"<p>Protocol, trial registration, and analysis plan available</p>",Low risk,<p>see individual comments</p>
16,8,"Specific side effects (any time point, no population subgrouping)",Palpitations,6,SUBGROUP_AND_OVERALL,Fontana 2014a (ISUB),2014,,,,,1,203,,,0,202,,,100,2.985294117647059,0.12233328623888752,72.85000871680316,drug-associated determined by PI,Low risk,"<p>""centrally randomized 1:1...using a locked, concealed web-based system (WebSpirit, 2mt Software GmbH, Ulm, Germany). Randomization was computer-generated, stratified… Trial treatment assignment was double-blinded, so that neither study physicians and nurses involved in donor care and outcome assessment, nor participants were aware of treatment assigned. ""<br><br>All outcomes reported at baseline, no differences between groups</p>",Low risk,"<p>Participants and personnel were blinded to allocation and infusions were masked to hide the colour of the infusion, given through non-transparent tubing: described as ""true blinding"" in publication, and in trial registration as Triple blinded (Participant, Investigator, Outcomes Assessor). Methods of blinding detailed within publication<br><br>6-8 weeks after treatment: ITT analysis, despite 12/405 protocol violations or withdrew<br>&nbsp;</p>",Low risk,<p>none noted</p>,Low risk,"<p>Adverse events were rated by the principal investigator according to National Cancer Institute, Common Terminology Criteria for Adverse Events, version 3.0. Certainty or likelihood related to the study drug as rated by the principal investigator.<br><br>Interview questions and definitions given by authors: For the purposes of this protocol, an adverse event (adverse event = AE) is any occurrence or worsening of a symptom, pathological finding or medical condition during or after administration of the study drug, regardless of whether a relationship with the study drug is suspected. Side effects are evaluated by means of open questions. If available, more detailed and specific questions follow. A physical examination, special laboratory tests or other tests for detection are not routinely performed and are only ordered if the severity or nature of the condition medically requires it<br><br>Blinding of assessors minimises bias from use of recall over a 6-8 weeks period. Likely to be similar issues in both groups.<br>&nbsp;</p>",Low risk,"<p>Trial registration available online, and checked. Primary and secondary outcomes reported as predefined</p>",Low risk,<p>see individual comments</p>
16,8,"Specific side effects (any time point, no population subgrouping)",Rash,7,SUBGROUP_AND_OVERALL,Fontana 2014a (ISUB),2014,,,,,1,203,,,1,202,,,100,0.9950738916256158,0.06266868181368881,15.800109738045629,drug-associated determined by PI,Low risk,"<p>""centrally randomized 1:1...using a locked, concealed web-based system (WebSpirit, 2mt Software GmbH, Ulm, Germany). Randomization was computer-generated, stratified… Trial treatment assignment was double-blinded, so that neither study physicians and nurses involved in donor care and outcome assessment, nor participants were aware of treatment assigned. ""<br><br>All outcomes reported at baseline, no differences between groups</p>",Low risk,"<p>Participants and personnel were blinded to allocation and infusions were masked to hide the colour of the infusion, given through non-transparent tubing: described as ""true blinding"" in publication, and in trial registration as Triple blinded (Participant, Investigator, Outcomes Assessor). Methods of blinding detailed within publication<br><br>6-8 weeks after treatment: ITT analysis, despite 12/405 protocol violations or withdrew<br>&nbsp;</p>",Low risk,<p>none noted</p>,Low risk,"<p>Adverse events were rated by the principal investigator according to National Cancer Institute, Common Terminology Criteria for Adverse Events, version 3.0. Certainty or likelihood related to the study drug as rated by the principal investigator.<br><br>Interview questions and definitions given by authors: For the purposes of this protocol, an adverse event (adverse event = AE) is any occurrence or worsening of a symptom, pathological finding or medical condition during or after administration of the study drug, regardless of whether a relationship with the study drug is suspected. Side effects are evaluated by means of open questions. If available, more detailed and specific questions follow. A physical examination, special laboratory tests or other tests for detection are not routinely performed and are only ordered if the severity or nature of the condition medically requires it<br><br>Blinding of assessors minimises bias from use of recall over a 6-8 weeks period. Likely to be similar issues in both groups.<br>&nbsp;</p>",Low risk,"<p>Trial registration available online, and checked. Primary and secondary outcomes reported as predefined</p>",Low risk,<p>see individual comments</p>
16,8,"Specific side effects (any time point, no population subgrouping)",Respiratory symptoms,8,SUBGROUP_AND_OVERALL,Fontana 2014a (ISUB),2014,,,,,2,203,,,0,202,,,100,4.9754901960784315,0.2403603854627124,102.99327255452819,drug-associated determined by PI,Low risk,"<p>""centrally randomized 1:1...using a locked, concealed web-based system (WebSpirit, 2mt Software GmbH, Ulm, Germany). Randomization was computer-generated, stratified… Trial treatment assignment was double-blinded, so that neither study physicians and nurses involved in donor care and outcome assessment, nor participants were aware of treatment assigned. ""<br><br>All outcomes reported at baseline, no differences between groups</p>",Low risk,"<p>Participants and personnel were blinded to allocation and infusions were masked to hide the colour of the infusion, given through non-transparent tubing: described as ""true blinding"" in publication, and in trial registration as Triple blinded (Participant, Investigator, Outcomes Assessor). Methods of blinding detailed within publication<br><br>6-8 weeks after treatment: ITT analysis, despite 12/405 protocol violations or withdrew<br>&nbsp;</p>",Low risk,<p>none noted</p>,Low risk,"<p>Adverse events were rated by the principal investigator according to National Cancer Institute, Common Terminology Criteria for Adverse Events, version 3.0. Certainty or likelihood related to the study drug as rated by the principal investigator.<br><br>Interview questions and definitions given by authors: For the purposes of this protocol, an adverse event (adverse event = AE) is any occurrence or worsening of a symptom, pathological finding or medical condition during or after administration of the study drug, regardless of whether a relationship with the study drug is suspected. Side effects are evaluated by means of open questions. If available, more detailed and specific questions follow. A physical examination, special laboratory tests or other tests for detection are not routinely performed and are only ordered if the severity or nature of the condition medically requires it<br><br>Blinding of assessors minimises bias from use of recall over a 6-8 weeks period. Likely to be similar issues in both groups.<br>&nbsp;</p>",Low risk,"<p>Trial registration available online, and checked. Primary and secondary outcomes reported as predefined</p>",Low risk,<p>see individual comments</p>
17,1,Hb (g/L),Female,1,SUBGROUP_AND_OVERALL,Gybel-Brask 2018,,,,139.8,6.6,,40,125.9,11.6,,34,,,100,13.900000000000006,9.496991158418183,18.30300884158183,,Low risk,"<p>""Permuted block randomization with a block size of 6 was used to randomize the subjects. The randomization list was prepared centrally by a contract research organization, Max Neeman International Data Management<br><br>Center, using a validated computer program (Statistical Analysis Software [SAS] 9.1.3, SAS Institute, Inc.) PROC PLAN procedure. An interactive Web response system method was used to randomize the eligible subjects to the<br><br>treatment groups. When the subject data had been entered into the interactive Web response system, a unique randomization number was generated for the subject, identifying which treatment the subject was allocated to. The screening and enrolment of the subjects were performed by the investigator at the site, whereas the entering of the subject data into the interactive Web response system generating the randomization number was performed by the trial nurse or trial coordinator.""<br><br>Presented data appear balance</p>",,,,,,,,,,
17,2,Plasma iron (μg/dL),Female,1,SUBGROUP_AND_OVERALL,Gybel-Brask 2018,,,,114.51,27.74,,40,77.7,47.43,,33,,,100,36.81,18.485905259276844,55.13409474072316,,Low risk,"<p>""Permuted block randomization with a block size of 6 was used to randomize the subjects. The randomization list was prepared centrally by a contract research organization, Max Neeman International Data Management<br><br>Center, using a validated computer program (Statistical Analysis Software [SAS] 9.1.3, SAS Institute, Inc.) PROC PLAN procedure. An interactive Web response system method was used to randomize the eligible subjects to the<br><br>treatment groups. When the subject data had been entered into the interactive Web response system, a unique randomization number was generated for the subject, identifying which treatment the subject was allocated to. The screening and enrolment of the subjects were performed by the investigator at the site, whereas the entering of the subject data into the interactive Web response system generating the randomization number was performed by the trial nurse or trial coordinator.""<br><br>Presented data appear balance</p>",,,,,,,,,,
17,3,Transferrin saturation (%),Female,1,SUBGROUP_AND_OVERALL,Gybel-Brask 2018,,,,27.78,8.35,,40,16.48,12.83,,33,,,100.00000000000003,11.3,6.214956262557873,16.38504373744213,,Low risk,"<p>""Permuted block randomization with a block size of 6 was used to randomize the subjects. The randomization list was prepared centrally by a contract research organization, Max Neeman International Data Management<br><br>Center, using a validated computer program (Statistical Analysis Software [SAS] 9.1.3, SAS Institute, Inc.) PROC PLAN procedure. An interactive Web response system method was used to randomize the eligible subjects to the<br><br>treatment groups. When the subject data had been entered into the interactive Web response system, a unique randomization number was generated for the subject, identifying which treatment the subject was allocated to. The screening and enrolment of the subjects were performed by the investigator at the site, whereas the entering of the subject data into the interactive Web response system generating the randomization number was performed by the trial nurse or trial coordinator.""<br><br>Presented data appear balance</p>",,,,,,,,,,
17,4,Adverse events,Female,1,SUBGROUP_AND_OVERALL,Gybel-Brask 2018,,,,,,28,41,,,31,41,,,100,0.9032258064516129,0.688454731714369,1.1849970954642788,,Low risk,"<p>""Permuted block randomization with a block size of 6 was used to randomize the subjects. The randomization list was prepared centrally by a contract research organization, Max Neeman International Data Management<br><br>Center, using a validated computer program (Statistical Analysis Software [SAS] 9.1.3, SAS Institute, Inc.) PROC PLAN procedure. An interactive Web response system method was used to randomize the eligible subjects to the<br><br>treatment groups. When the subject data had been entered into the interactive Web response system, a unique randomization number was generated for the subject, identifying which treatment the subject was allocated to. The screening and enrolment of the subjects were performed by the investigator at the site, whereas the entering of the subject data into the interactive Web response system generating the randomization number was performed by the trial nurse or trial coordinator.""<br><br>Presented data appear balance</p>",,,,,,,,,,
18,1,Hb (g/L),Healthy,1,SUBGROUP_AND_OVERALL,Hod 2022 (DIDS),2022,,,138.9,11.5,,37,126,14.4,,37,,,26.10737214119269,12.900000000000006,6.962037317951257,18.837962682048754,,Low risk,"<p>""Randomization will be performed using a computerized system with equal allocation (1:1) to iron repletion or placebo. Randomization will be stratified by sex; randomly permuted block sizes of 4, 6, or 8 will be used""<br><br>&nbsp;</p>",,,,,,,,,,
18,1,Hb (g/L),"Low Hb or ferritin, IDA or NAID",2,SUBGROUP_AND_OVERALL,Fontana 2014a (ISUB),2014,,,142.7,10.9,,203,137.2,12,,202,,,39.82495444981471,5.5,3.2668945628560464,7.733105437143953,,Low risk,"<p>""centrally randomized 1:1...using a locked, concealed web-based system (WebSpirit, 2mt Software GmbH, Ulm, Germany). Randomization was computer-generated, stratified… Trial treatment assignment was double-blinded, so that neither study physicians and nurses involved in donor care and outcome assessment, nor participants were aware of treatment assigned. ""<br><br>All outcomes reported at baseline, no differences between groups</p>",,,,,,,,,,
18,1,Hb (g/L),"Low Hb or ferritin, IDA or NAID",2,SUBGROUP_AND_OVERALL,Gybel-Brask 2018,,,,139.3,6.7,,41,135.6,10.2,,38,,,34.06767340899259,3.700000000000017,-0.13711334534779906,7.537113345347834,,Low risk,"<p>""Permuted block randomization with a block size of 6 was used to randomize the subjects. The randomization list was prepared centrally by a contract research organization, Max Neeman International Data Management<br><br>Center, using a validated computer program (Statistical Analysis Software [SAS] 9.1.3, SAS Institute, Inc.) PROC PLAN procedure. An interactive Web response system method was used to randomize the eligible subjects to the<br><br>treatment groups. When the subject data had been entered into the interactive Web response system, a unique randomization number was generated for the subject, identifying which treatment the subject was allocated to. The screening and enrolment of the subjects were performed by the investigator at the site, whereas the entering of the subject data into the interactive Web response system generating the randomization number was performed by the trial nurse or trial coordinator.""<br><br>Presented data appear balance</p>",,,,,,,,,,
18,2,Serum ferritin (ng/mL),Healthy,1,SUBGROUP_AND_OVERALL,Hod 2022 (DIDS),2022,,,80.56,45.82,,37,15.07,6.75,,37,,,49.474343324820595,65.49000000000001,50.56671578308026,80.41328421691975,,Low risk,"<p>""Randomization will be performed using a computerized system with equal allocation (1:1) to iron repletion or placebo. Randomization will be stratified by sex; randomly permuted block sizes of 4, 6, or 8 will be used""<br><br>&nbsp;</p>",,,,,,,,,,
18,2,Serum ferritin (ng/mL),"Low Hb or ferritin, IDA or NAID",2,SUBGROUP_AND_OVERALL,Fontana 2014a (ISUB),2014,,,142.6,54.5,,203,28.6,61.3,,202,,,50.525656675179405,114,102.70098201430044,125.29901798569956,,Low risk,"<p>""centrally randomized 1:1...using a locked, concealed web-based system (WebSpirit, 2mt Software GmbH, Ulm, Germany). Randomization was computer-generated, stratified… Trial treatment assignment was double-blinded, so that neither study physicians and nurses involved in donor care and outcome assessment, nor participants were aware of treatment assigned. ""<br><br>All outcomes reported at baseline, no differences between groups</p>",,,,,,,,,,
18,3,MCV (fl),Healthy,1,SUBGROUP_AND_OVERALL,Hod 2022 (DIDS),2022,,,89.94,5.05,,37,83.96,5.5,,37,,,100,5.980000000000004,3.5740898620455246,8.385910137954482,,Low risk,"<p>""Randomization will be performed using a computerized system with equal allocation (1:1) to iron repletion or placebo. Randomization will be stratified by sex; randomly permuted block sizes of 4, 6, or 8 will be used""<br><br>&nbsp;</p>",,,,,,,,,,
18,4,Serum/plasma iron (μg/dL),Healthy,1,SUBGROUP_AND_OVERALL,Hod 2022 (DIDS),2022,,,93.62,25.68,,37,67.97,45.12,,37,,,57.2162507632329,25.650000000000006,8.921811427791784,42.37818857220823,serum iron,Low risk,"<p>""Randomization will be performed using a computerized system with equal allocation (1:1) to iron repletion or placebo. Randomization will be stratified by sex; randomly permuted block sizes of 4, 6, or 8 will be used""<br><br>&nbsp;</p>",,,,,,,,,,
18,4,Serum/plasma iron (μg/dL),"Low Hb or ferritin, IDA or NAID",2,SUBGROUP_AND_OVERALL,Gybel-Brask 2018,,,,120.89,38.73,,39,98.53,46.07,,36,,,42.78374923676711,22.36,3.0149795325117097,41.70502046748829,plasma iron,Low risk,"<p>""Permuted block randomization with a block size of 6 was used to randomize the subjects. The randomization list was prepared centrally by a contract research organization, Max Neeman International Data Management<br><br>Center, using a validated computer program (Statistical Analysis Software [SAS] 9.1.3, SAS Institute, Inc.) PROC PLAN procedure. An interactive Web response system method was used to randomize the eligible subjects to the<br><br>treatment groups. When the subject data had been entered into the interactive Web response system, a unique randomization number was generated for the subject, identifying which treatment the subject was allocated to. The screening and enrolment of the subjects were performed by the investigator at the site, whereas the entering of the subject data into the interactive Web response system generating the randomization number was performed by the trial nurse or trial coordinator.""<br><br>Presented data appear balance</p>",,,,,,,,,,
18,5,TIBC (μg/dL),Healthy,1,SUBGROUP_AND_OVERALL,Hod 2022 (DIDS),2022,,,96.62,25.68,,37,70.97,45.12,,37,,,100,25.650000000000006,8.921811427791784,42.37818857220823,,Low risk,"<p>""Randomization will be performed using a computerized system with equal allocation (1:1) to iron repletion or placebo. Randomization will be stratified by sex; randomly permuted block sizes of 4, 6, or 8 will be used""<br><br>&nbsp;</p>",,,,,,,,,,
18,6,Transferrin saturation (%),Healthy,1,SUBGROUP_AND_OVERALL,Hod 2022 (DIDS),2022,,,30.85,8.94,,37,16.88,11.38,,37,,,51.674453780615224,13.970000000000002,9.307008737857243,18.63299126214276,,Low risk,"<p>""Randomization will be performed using a computerized system with equal allocation (1:1) to iron repletion or placebo. Randomization will be stratified by sex; randomly permuted block sizes of 4, 6, or 8 will be used""<br><br>&nbsp;</p>",,,,,,,,,,
18,6,Transferrin saturation (%),"Low Hb or ferritin, IDA or NAID",2,SUBGROUP_AND_OVERALL,Gybel-Brask 2018,,,,30.9,10.5,,39,20.9,11,,36,,,48.32554621938477,10,5.124440697275774,14.875559302724227,,Low risk,"<p>""Permuted block randomization with a block size of 6 was used to randomize the subjects. The randomization list was prepared centrally by a contract research organization, Max Neeman International Data Management<br><br>Center, using a validated computer program (Statistical Analysis Software [SAS] 9.1.3, SAS Institute, Inc.) PROC PLAN procedure. An interactive Web response system method was used to randomize the eligible subjects to the<br><br>treatment groups. When the subject data had been entered into the interactive Web response system, a unique randomization number was generated for the subject, identifying which treatment the subject was allocated to. The screening and enrolment of the subjects were performed by the investigator at the site, whereas the entering of the subject data into the interactive Web response system generating the randomization number was performed by the trial nurse or trial coordinator.""<br><br>Presented data appear balance</p>",,,,,,,,,,
18,7,Adverse events,Healthy,1,SUBGROUP_AND_OVERALL,Hod 2022 (DIDS),2022,,,,,1,39,,,4,40,,,31.190990838692027,0.2564102564102564,0.029973668801984904,2.193465872553433,number of pt reporting at least one AE experienced,Low risk,"<p>""Randomization will be performed using a computerized system with equal allocation (1:1) to iron repletion or placebo. Randomization will be stratified by sex; randomly permuted block sizes of 4, 6, or 8 will be used""<br><br>&nbsp;</p>",,,,,,,,,,
18,7,Adverse events,"Low Hb or ferritin, IDA or NAID",2,SUBGROUP_AND_OVERALL,Fontana 2014a (ISUB),2014,,,,,41,203,,,28,202,,,68.80900916130797,1.4570724841660803,0.9391033219291394,2.2607312470715644,number pts reporting any AE,Low risk,"<p>""centrally randomized 1:1...using a locked, concealed web-based system (WebSpirit, 2mt Software GmbH, Ulm, Germany). Randomization was computer-generated, stratified… Trial treatment assignment was double-blinded, so that neither study physicians and nurses involved in donor care and outcome assessment, nor participants were aware of treatment assigned. ""<br><br>All outcomes reported at baseline, no differences between groups</p>",,,,,,,,,,
19,1,Hb (g/L),"Low Hb or ferritin, IDA or NAID",1,SUBGROUP_AND_OVERALL,Gybel-Brask 2018,,,,139.8,6.6,,40,125.9,11.6,,34,,,100,13.900000000000006,9.496991158418183,18.30300884158183,,Low risk,"<p>""Permuted block randomization with a block size of 6 was used to randomize the subjects. The randomization list was prepared centrally by a contract research organization, Max Neeman International Data Management<br><br>Center, using a validated computer program (Statistical Analysis Software [SAS] 9.1.3, SAS Institute, Inc.) PROC PLAN procedure. An interactive Web response system method was used to randomize the eligible subjects to the<br><br>treatment groups. When the subject data had been entered into the interactive Web response system, a unique randomization number was generated for the subject, identifying which treatment the subject was allocated to. The screening and enrolment of the subjects were performed by the investigator at the site, whereas the entering of the subject data into the interactive Web response system generating the randomization number was performed by the trial nurse or trial coordinator.""<br><br>Presented data appear balance</p>",,,,,,,,,,
19,2,Plasma iron (μg/dL),"Low Hb or ferritin, IDA or NAID",1,SUBGROUP_AND_OVERALL,Gybel-Brask 2018,,,,114.51,27.74,,40,77.7,47.43,,33,,,100,36.81,18.485905259276844,55.13409474072316,,Low risk,"<p>""Permuted block randomization with a block size of 6 was used to randomize the subjects. The randomization list was prepared centrally by a contract research organization, Max Neeman International Data Management<br><br>Center, using a validated computer program (Statistical Analysis Software [SAS] 9.1.3, SAS Institute, Inc.) PROC PLAN procedure. An interactive Web response system method was used to randomize the eligible subjects to the<br><br>treatment groups. When the subject data had been entered into the interactive Web response system, a unique randomization number was generated for the subject, identifying which treatment the subject was allocated to. The screening and enrolment of the subjects were performed by the investigator at the site, whereas the entering of the subject data into the interactive Web response system generating the randomization number was performed by the trial nurse or trial coordinator.""<br><br>Presented data appear balance</p>",,,,,,,,,,
19,3,Transferrin saturation (%),"Low Hb or ferritin, IDA or NAID",1,SUBGROUP_AND_OVERALL,Gybel-Brask 2018,,,,27.78,8.35,,40,16.48,12.83,,33,,,100.00000000000003,11.3,6.214956262557873,16.38504373744213,,Low risk,"<p>""Permuted block randomization with a block size of 6 was used to randomize the subjects. The randomization list was prepared centrally by a contract research organization, Max Neeman International Data Management<br><br>Center, using a validated computer program (Statistical Analysis Software [SAS] 9.1.3, SAS Institute, Inc.) PROC PLAN procedure. An interactive Web response system method was used to randomize the eligible subjects to the<br><br>treatment groups. When the subject data had been entered into the interactive Web response system, a unique randomization number was generated for the subject, identifying which treatment the subject was allocated to. The screening and enrolment of the subjects were performed by the investigator at the site, whereas the entering of the subject data into the interactive Web response system generating the randomization number was performed by the trial nurse or trial coordinator.""<br><br>Presented data appear balance</p>",,,,,,,,,,
19,4,Adverse events,"Low Hb or ferritin, IDA or NAID",1,SUBGROUP_AND_OVERALL,Gybel-Brask 2018,,,,,,28,41,,,31,41,,,100,0.9032258064516129,0.688454731714369,1.1849970954642788,treatment emergent adverse event,Low risk,"<p>""Permuted block randomization with a block size of 6 was used to randomize the subjects. The randomization list was prepared centrally by a contract research organization, Max Neeman International Data Management<br><br>Center, using a validated computer program (Statistical Analysis Software [SAS] 9.1.3, SAS Institute, Inc.) PROC PLAN procedure. An interactive Web response system method was used to randomize the eligible subjects to the<br><br>treatment groups. When the subject data had been entered into the interactive Web response system, a unique randomization number was generated for the subject, identifying which treatment the subject was allocated to. The screening and enrolment of the subjects were performed by the investigator at the site, whereas the entering of the subject data into the interactive Web response system generating the randomization number was performed by the trial nurse or trial coordinator.""<br><br>Presented data appear balance</p>",,,,,,,,,,
20,1,Plasma ferritin (ng/mL),Female,1,SUBGROUP_AND_OVERALL,Birgegard 2010,2010,,,29.8,18.7,,35,32.3,22.8,,35,,,66.12238377982453,-2.4999999999999964,-12.269140462786977,7.269140462786984,,Some concerns,"<p>""Central randomization was performed via a web-based system (IT-Coach, Go¨teborg, Sweden) using the minimization method to ensure baseline balance for age and blood B-Hb.""<br><br>Baseline data for sex, Hb, Ferritin, restless leg syndrome. No obvious imbalance.</p>",Low risk,"<p>Oral iron group: daily tablets; IV iron group: one injection on donation day.<br><br>Lack of blinding unlikely to impact laboratory measures<br><br>Some exclusions and drop outs, but authors state used of LOCF (last observation carried forward) analysis to include everyone randomised<br><br>&nbsp;</p>",Low risk,<p>none noted</p>,Low risk,<p>Blood sampling and analysis are standard<br><br>Data collected at specified timepoints. Difference in donation schedule between sexs allowed for as sex distribution between groups is the same</p>,Some concerns,"<p>Linked trial registration appears to differ from completed study: IV iron different, and total N to be recruited is different. Therefore, assuming it is not linked to this study. Unable to state whether analyses were pre-specified.<br><br>Single samples at each timepoint. Ferritin data provided per group per donation/sampling timepoint<br><br>&nbsp;</p>",Some concerns,<p>see individual comments</p>
20,1,Plasma ferritin (ng/mL),Male,2,SUBGROUP_AND_OVERALL,Birgegard 2010,2010,,,34.6,31.7,,25,33.2,14.4,,25,,,33.87761622017548,1.3999999999999986,-12.248162448309964,15.048162448309961,,Some concerns,"<p>""Central randomization was performed via a web-based system (IT-Coach, Go¨teborg, Sweden) using the minimization method to ensure baseline balance for age and blood B-Hb.""<br><br>Baseline data for sex, Hb, Ferritin, restless leg syndrome. No obvious imbalance.</p>",Low risk,"<p>Oral iron group: daily tablets; IV iron group: one injection on donation day.<br><br>Lack of blinding unlikely to impact laboratory measures<br><br>Some exclusions and drop outs, but authors state used of LOCF (last observation carried forward) analysis to include everyone randomised<br><br>&nbsp;</p>",Low risk,<p>none noted</p>,Low risk,<p>Blood sampling and analysis are standard<br><br>Data collected at specified timepoints. Difference in donation schedule between sexs allowed for as sex distribution between groups is the same</p>,Some concerns,"<p>Linked trial registration appears to differ from completed study: IV iron different, and total N to be recruited is different. Therefore, assuming it is not linked to this study. Unable to state whether analyses were pre-specified.<br><br>Single samples at each timepoint. Ferritin data provided per group per donation/sampling timepoint<br><br>&nbsp;</p>",Some concerns,<p>see individual comments</p>
20,2,MCV (fl),Mixed,1,SUBGROUP_AND_OVERALL,Macher 2016 (IronWoMan),2016,,,84.2,3.3,,71,84.5,3.6,,72,,,100.00000000000003,-0.29999999999999716,-1.4316654204066137,0.8316654204066194,,Some concerns,"<p>""Each participant will be randomized in a 1:1 ratio (stratified by sex) to either high-dose parenterally infused iron or oral iron supplements using a web-based randomisation tool (http://www.randomizer.at). Good clinical practice (GCP) compliance of this software was confirmed by the Austrian Agency for Health and Food Safety (AGES).""<br><br>concealment method (eg whether the web based randomisation was centrally controlled ) not described<br><br>&nbsp;</p>",,,,,,,,,,
20,3,Adverse events,Mixed,1,SUBGROUP_AND_OVERALL,Macher 2016 (IronWoMan),2016,,,,,33,86,,,33,86,,,100,1,0.6846915782262871,1.4605116110680494,number of pts reporting drug-related side effects,Some concerns,"<p>""Each participant will be randomized in a 1:1 ratio (stratified by sex) to either high-dose parenterally infused iron or oral iron supplements using a web-based randomisation tool (http://www.randomizer.at). Good clinical practice (GCP) compliance of this software was confirmed by the Austrian Agency for Health and Food Safety (AGES).""<br><br>concealment method (eg whether the web based randomisation was centrally controlled ) not described<br><br>&nbsp;</p>",Low risk,<p>Open label trial<br>Planned analysis to use ITT and PP. data presented appear to be mITT (those who completed the study)</p>,Low risk,"<p>nearly all participants included. 4/90 withdrawals (loss to follow up) in oral iron group, excluded from analysis.&nbsp;</p>",High risk,"<p>No information on how adverse event data was collected beyond completing a CRF form at each visit - unclear if this was supervised, or participants were ""helped"". Issues with subject long term recall</p>",Low risk,<p>Protocol and trial registration identified and checked</p>,High risk,<p>see individual comments</p>
20,4,Adherence (n/N),Mixed,1,SUBGROUP_AND_OVERALL,Macher 2016 (IronWoMan),2016,,,,,74,86,,,86,86,,,100,0.861271676300578,0.7890796162502873,0.9400685116193906,"tablet count in oral group ""taken as prescribed""; no protocol violations in IV group",Some concerns,"<p>""Each participant will be randomized in a 1:1 ratio (stratified by sex) to either high-dose parenterally infused iron or oral iron supplements using a web-based randomisation tool (http://www.randomizer.at). Good clinical practice (GCP) compliance of this software was confirmed by the Austrian Agency for Health and Food Safety (AGES).""<br><br>concealment method (eg whether the web based randomisation was centrally controlled ) not described<br><br>&nbsp;</p>",Low risk,<p>Open label trial<br>Planned analysis to use ITT and PP. data presented appear to be mITT (those who completed the study)<br>&nbsp;</p>,Low risk,"<p>nearly all participants included. 4/90 withdrawals in oral iron group, excluded from analysis</p>",High risk,<p>Pill counting in oral iron group. No way to assess comparatively in IV iron group - no protocol violations</p>,Low risk,<p>Protocol and trial registration identified and checked</p>,High risk,<p>see individual comments</p>
20,5,"Non-GI side effects (any time point, no population subgrouping)",Fatigue/tiredness,1,SUBGROUP_AND_OVERALL,Macher 2016 (IronWoMan),2016,,,,,4,86,,,8,86,,,0,0.5,0.15636486637770128,1.5988246323577695,general indisposition,Some concerns,"<p>""Each participant will be randomized in a 1:1 ratio (stratified by sex) to either high-dose parenterally infused iron or oral iron supplements using a web-based randomisation tool (http://www.randomizer.at). Good clinical practice (GCP) compliance of this software was confirmed by the Austrian Agency for Health and Food Safety (AGES).""<br><br>concealment method (eg whether the web based randomisation was centrally controlled ) not described<br><br>&nbsp;</p>",Low risk,<p>Open label trial<br><br>Planned analysis to use ITT and PP. data presented appear to be mITT (those who completed the study)<br>&nbsp;</p>,Low risk,"<p>nearly all participants included. 4/90 withdrawals (loss to follow up) in oral iron group, excluded from analysis.&nbsp;</p>",High risk,"<p>No information on how adverse event data was collected beyond completing a CRF form at each visit - unclear if this was supervised, or participants were ""helped"". Issues with subject long term recall<br>&nbsp;</p>",Low risk,<p>Protocol and trial registration identified and checked</p>,High risk,<p>see individual comments</p>
20,5,"Non-GI side effects (any time point, no population subgrouping)",Fatigue/tiredness,1,SUBGROUP_AND_OVERALL,Macher 2016 (IronWoMan),2016,,,,,0,86,,,12,86,,,0,0.04000000000000001,0.0024057054270849657,0.6650855844552626,tiredness,Some concerns,"<p>""Each participant will be randomized in a 1:1 ratio (stratified by sex) to either high-dose parenterally infused iron or oral iron supplements using a web-based randomisation tool (http://www.randomizer.at). Good clinical practice (GCP) compliance of this software was confirmed by the Austrian Agency for Health and Food Safety (AGES).""<br><br>concealment method (eg whether the web based randomisation was centrally controlled ) not described<br><br>&nbsp;</p>",Low risk,<p>Open label trial<br><br>Planned analysis to use ITT and PP. data presented appear to be mITT (those who completed the study)<br>&nbsp;</p>,Low risk,"<p>nearly all participants included. 4/90 withdrawals (loss to follow up) in oral iron group, excluded from analysis.&nbsp;</p>",High risk,"<p>No information on how adverse event data was collected beyond completing a CRF form at each visit - unclear if this was supervised, or participants were ""helped"". Issues with subject long term recall<br>&nbsp;</p>",Low risk,<p>Protocol and trial registration identified and checked</p>,High risk,<p>see individual comments</p>
20,5,"Non-GI side effects (any time point, no population subgrouping)",Heart/chest pains,2,SUBGROUP_AND_OVERALL,Birgegard 2010,2010,,,,,0,60,,,1,60,,,0,0.3333333333333333,0.013849815723520037,8.022569637689829,palpitations,Some concerns,"<p>""Central randomization was performed via a web-based system (IT-Coach, Go¨teborg, Sweden) using the minimization method to ensure baseline balance for age and blood B-Hb.""<br><br>Baseline data for sex, Hb, Ferritin, restless leg syndrome. No obvious imbalance.</p>",Low risk,"<p>Oral iron group: daily tablets; IV iron group: one injection on donation day. Adverse event reporting is subjective, and open to bias in an unblinded study.<br><br>Withdrawals explained.</p>",Low risk,<p>none noted</p>,High risk,<p>Unclear reporting for adverse events - whether these are individual events (ie a single person may have had multiple events) or number of people experiencing the event.<br><br>Unblinded study. Subjective outcome.<br><br>Adverse events reported by participants aware of assignment.<br><br>Expectation of experiencing GI side effects with oral iron may have caused increased reporting.<br>&nbsp;</p>,High risk,"<p>Linked trial registration appears to differ from completed study: IV iron different, and total N to be recruited is different. Therefore, assuming it is not linked to this study. Unable to state whether analyses were pre-specified.<br><br>Likely accumulated notes on adverse events over entirety of study period (one year), no indication when AEs were experienced</p>",High risk,<p>see individual comments</p>
20,5,"Non-GI side effects (any time point, no population subgrouping)",Heart/chest pains,2,SUBGROUP_AND_OVERALL,Macher 2016 (IronWoMan),2016,,,,,0,86,,,1,86,,,0,0.3333333333333333,0.013768189055054563,8.070132583654496,chest pains,Some concerns,"<p>""Each participant will be randomized in a 1:1 ratio (stratified by sex) to either high-dose parenterally infused iron or oral iron supplements using a web-based randomisation tool (http://www.randomizer.at). Good clinical practice (GCP) compliance of this software was confirmed by the Austrian Agency for Health and Food Safety (AGES).""<br><br>concealment method (eg whether the web based randomisation was centrally controlled ) not described<br><br>&nbsp;</p>",Low risk,<p>Open label trial<br><br>Planned analysis to use ITT and PP. data presented appear to be mITT (those who completed the study)<br>&nbsp;</p>,Low risk,"<p>nearly all participants included. 4/90 withdrawals (loss to follow up) in oral iron group, excluded from analysis.&nbsp;</p>",High risk,"<p>No information on how adverse event data was collected beyond completing a CRF form at each visit - unclear if this was supervised, or participants were ""helped"". Issues with subject long term recall<br>&nbsp;</p>",Low risk,<p>Protocol and trial registration identified and checked</p>,High risk,<p>see individual comments</p>
20,5,"Non-GI side effects (any time point, no population subgrouping)",Joint/muscle pain,3,SUBGROUP_AND_OVERALL,Macher 2016 (IronWoMan),2016,,,,,0,86,,,5,86,,,0,0.0909090909090909,0.005104351801247409,1.6191013338652858,,Some concerns,"<p>""Each participant will be randomized in a 1:1 ratio (stratified by sex) to either high-dose parenterally infused iron or oral iron supplements using a web-based randomisation tool (http://www.randomizer.at). Good clinical practice (GCP) compliance of this software was confirmed by the Austrian Agency for Health and Food Safety (AGES).""<br><br>concealment method (eg whether the web based randomisation was centrally controlled ) not described<br><br>&nbsp;</p>",Low risk,<p>Open label trial<br><br>Planned analysis to use ITT and PP. data presented appear to be mITT (those who completed the study)<br>&nbsp;</p>,Low risk,"<p>nearly all participants included. 4/90 withdrawals (loss to follow up) in oral iron group, excluded from analysis.&nbsp;</p>",High risk,"<p>No information on how adverse event data was collected beyond completing a CRF form at each visit - unclear if this was supervised, or participants were ""helped"". Issues with subject long term recall<br>&nbsp;</p>",Low risk,<p>Protocol and trial registration identified and checked</p>,High risk,<p>see individual comments</p>
20,5,"Non-GI side effects (any time point, no population subgrouping)",Nervous system disorders,4,SUBGROUP_AND_OVERALL,Birgegard 2010,2010,,,,,0,60,,,1,60,,,0,0.3333333333333333,0.013849815723520037,8.022569637689829,headache,Some concerns,"<p>""Central randomization was performed via a web-based system (IT-Coach, Go¨teborg, Sweden) using the minimization method to ensure baseline balance for age and blood B-Hb.""<br><br>Baseline data for sex, Hb, Ferritin, restless leg syndrome. No obvious imbalance.</p>",Low risk,"<p>Oral iron group: daily tablets; IV iron group: one injection on donation day. Adverse event reporting is subjective, and open to bias in an unblinded study.<br><br>Withdrawals explained.</p>",Low risk,<p>none noted</p>,High risk,<p>Unclear reporting for adverse events - whether these are individual events (ie a single person may have had multiple events) or number of people experiencing the event.<br><br>Unblinded study. Subjective outcome.<br><br>Adverse events reported by participants aware of assignment.<br><br>Expectation of experiencing GI side effects with oral iron may have caused increased reporting.<br>&nbsp;</p>,High risk,"<p>Linked trial registration appears to differ from completed study: IV iron different, and total N to be recruited is different. Therefore, assuming it is not linked to this study. Unable to state whether analyses were pre-specified.<br><br>Likely accumulated notes on adverse events over entirety of study period (one year), no indication when AEs were experienced</p>",High risk,<p>see individual comments</p>
20,5,"Non-GI side effects (any time point, no population subgrouping)",Nervous system disorders,4,SUBGROUP_AND_OVERALL,Macher 2016 (IronWoMan),2016,,,,,1,86,,,11,86,,,0,0.0909090909090909,0.011997304086276356,0.6888599930855317,dizziness,Some concerns,"<p>""Each participant will be randomized in a 1:1 ratio (stratified by sex) to either high-dose parenterally infused iron or oral iron supplements using a web-based randomisation tool (http://www.randomizer.at). Good clinical practice (GCP) compliance of this software was confirmed by the Austrian Agency for Health and Food Safety (AGES).""<br><br>concealment method (eg whether the web based randomisation was centrally controlled ) not described<br><br>&nbsp;</p>",Low risk,<p>Open label trial<br><br>Planned analysis to use ITT and PP. data presented appear to be mITT (those who completed the study)<br>&nbsp;</p>,Low risk,"<p>nearly all participants included. 4/90 withdrawals (loss to follow up) in oral iron group, excluded from analysis.&nbsp;</p>",High risk,"<p>No information on how adverse event data was collected beyond completing a CRF form at each visit - unclear if this was supervised, or participants were ""helped"". Issues with subject long term recall<br>&nbsp;</p>",Low risk,<p>Protocol and trial registration identified and checked</p>,High risk,<p>see individual comments</p>
20,5,"Non-GI side effects (any time point, no population subgrouping)",Nervous system disorders,4,SUBGROUP_AND_OVERALL,Macher 2016 (IronWoMan),2016,,,,,1,86,,,12,86,,,0,0.08333333333333333,0.011076972643256341,0.6269262070148938,headache,Some concerns,"<p>""Each participant will be randomized in a 1:1 ratio (stratified by sex) to either high-dose parenterally infused iron or oral iron supplements using a web-based randomisation tool (http://www.randomizer.at). Good clinical practice (GCP) compliance of this software was confirmed by the Austrian Agency for Health and Food Safety (AGES).""<br><br>concealment method (eg whether the web based randomisation was centrally controlled ) not described<br><br>&nbsp;</p>",Low risk,<p>Open label trial<br><br>Planned analysis to use ITT and PP. data presented appear to be mITT (those who completed the study)<br>&nbsp;</p>,Low risk,"<p>nearly all participants included. 4/90 withdrawals (loss to follow up) in oral iron group, excluded from analysis.&nbsp;</p>",High risk,"<p>No information on how adverse event data was collected beyond completing a CRF form at each visit - unclear if this was supervised, or participants were ""helped"". Issues with subject long term recall<br>&nbsp;</p>",Low risk,<p>Protocol and trial registration identified and checked</p>,High risk,<p>see individual comments</p>
20,5,"Non-GI side effects (any time point, no population subgrouping)",Peripheral oedema,5,SUBGROUP_AND_OVERALL,Birgegard 2010,2010,,,,,0,60,,,1,60,,,0,0.3333333333333333,0.013849815723520037,8.022569637689829,,Some concerns,"<p>""Central randomization was performed via a web-based system (IT-Coach, Go¨teborg, Sweden) using the minimization method to ensure baseline balance for age and blood B-Hb.""<br><br>Baseline data for sex, Hb, Ferritin, restless leg syndrome. No obvious imbalance.</p>",Low risk,"<p>Oral iron group: daily tablets; IV iron group: one injection on donation day. Adverse event reporting is subjective, and open to bias in an unblinded study.<br><br>Withdrawals explained.</p>",Low risk,<p>none noted</p>,High risk,<p>Unclear reporting for adverse events - whether these are individual events (ie a single person may have had multiple events) or number of people experiencing the event.<br><br>Unblinded study. Subjective outcome.<br><br>Adverse events reported by participants aware of assignment.<br><br>Expectation of experiencing GI side effects with oral iron may have caused increased reporting.<br>&nbsp;</p>,High risk,"<p>Linked trial registration appears to differ from completed study: IV iron different, and total N to be recruited is different. Therefore, assuming it is not linked to this study. Unable to state whether analyses were pre-specified.<br><br>Likely accumulated notes on adverse events over entirety of study period (one year), no indication when AEs were experienced</p>",High risk,<p>see individual comments</p>
20,5,"Non-GI side effects (any time point, no population subgrouping)",Rash/itching,6,SUBGROUP_AND_OVERALL,Macher 2016 (IronWoMan),2016,,,,,0,86,,,3,86,,,0,0.14285714285714285,0.007490210133515128,2.724644956753522,,Some concerns,"<p>""Each participant will be randomized in a 1:1 ratio (stratified by sex) to either high-dose parenterally infused iron or oral iron supplements using a web-based randomisation tool (http://www.randomizer.at). Good clinical practice (GCP) compliance of this software was confirmed by the Austrian Agency for Health and Food Safety (AGES).""<br><br>concealment method (eg whether the web based randomisation was centrally controlled ) not described<br><br>&nbsp;</p>",Low risk,<p>Open label trial<br><br>Planned analysis to use ITT and PP. data presented appear to be mITT (those who completed the study)<br>&nbsp;</p>,Low risk,"<p>nearly all participants included. 4/90 withdrawals (loss to follow up) in oral iron group, excluded from analysis.&nbsp;</p>",High risk,"<p>No information on how adverse event data was collected beyond completing a CRF form at each visit - unclear if this was supervised, or participants were ""helped"". Issues with subject long term recall<br>&nbsp;</p>",Low risk,<p>Protocol and trial registration identified and checked</p>,High risk,<p>see individual comments</p>
20,6,"GI side effects (any time point, no population subgrouping)",Abdominal pain,1,SUBGROUP_AND_OVERALL,Birgegard 2010,2010,,,,,6,60,,,0,60,,,0,13,0.7486272101009037,225.74653675388228,gastric discomfort,Some concerns,"<p>""Central randomization was performed via a web-based system (IT-Coach, Go¨teborg, Sweden) using the minimization method to ensure baseline balance for age and blood B-Hb.""<br><br>Baseline data for sex, Hb, Ferritin, restless leg syndrome. No obvious imbalance.</p>",Low risk,"<p>Oral iron group: daily tablets; IV iron group: one injection on donation day. Adverse event reporting is subjective, and open to bias in an unblinded study.<br><br>Withdrawals explained.<br>&nbsp;</p>",Low risk,<p>none noted</p>,High risk,<p>Unclear reporting for adverse events - whether these are individual events (ie a single person may have had multiple events) or number of people experiencing the event.<br><br>Unblinded study. Subjective outcome.<br><br>Adverse events reported by participants aware of assignment.<br><br>Expectation of experiencing GI side effects with oral iron may have caused increased reporting.<br>&nbsp;</p>,High risk,"<p>Linked trial registration appears to differ from completed study: IV iron different, and total N to be recruited is different. Therefore, assuming it is not linked to this study. Unable to state whether analyses were pre-specified.<br><br>Likely accumulated notes on adverse events over entirety of study period (one year), no indication when AEs were experienced</p>",High risk,<p>see individual comments</p>
20,6,"GI side effects (any time point, no population subgrouping)",Abdominal pain,1,SUBGROUP_AND_OVERALL,Macher 2016 (IronWoMan),2016,,,,,1,86,,,3,86,,,0,0.3333333333333333,0.03536757018485892,3.141609970104151,abdominal pain,Some concerns,"<p>""Each participant will be randomized in a 1:1 ratio (stratified by sex) to either high-dose parenterally infused iron or oral iron supplements using a web-based randomisation tool (http://www.randomizer.at). Good clinical practice (GCP) compliance of this software was confirmed by the Austrian Agency for Health and Food Safety (AGES).""<br><br>concealment method (eg whether the web based randomisation was centrally controlled ) not described<br><br>&nbsp;</p>",Low risk,<p>Open label trial<br><br>Planned analysis to use ITT and PP. data presented appear to be mITT (those who completed the study)</p>,Low risk,"<p>nearly all participants included. 4/90 withdrawals (loss to follow up) in oral iron group, excluded from analysis.&nbsp;</p>",High risk,"<p>No information on how adverse event data was collected beyond completing a CRF form at each visit - unclear if this was supervised, or participants were ""helped"". Issues with subject long term recall</p>",Low risk,<p>Protocol and trial registration identified and checked</p>,High risk,<p>see individual comments</p>
20,6,"GI side effects (any time point, no population subgrouping)",Constipation,2,SUBGROUP_AND_OVERALL,Birgegard 2010,2010,,,,,2,60,,,0,60,,,0,4.999999999999999,0.2450939362478615,102.00170751967399,,Some concerns,"<p>""Central randomization was performed via a web-based system (IT-Coach, Go¨teborg, Sweden) using the minimization method to ensure baseline balance for age and blood B-Hb.""<br><br>Baseline data for sex, Hb, Ferritin, restless leg syndrome. No obvious imbalance.</p>",Low risk,"<p>Oral iron group: daily tablets; IV iron group: one injection on donation day. Adverse event reporting is subjective, and open to bias in an unblinded study.<br><br>Withdrawals explained.<br>&nbsp;</p>",Low risk,<p>none noted</p>,High risk,<p>Unclear reporting for adverse events - whether these are individual events (ie a single person may have had multiple events) or number of people experiencing the event.<br><br>Unblinded study. Subjective outcome.<br><br>Adverse events reported by participants aware of assignment.<br><br>Expectation of experiencing GI side effects with oral iron may have caused increased reporting.<br>&nbsp;</p>,High risk,"<p>Linked trial registration appears to differ from completed study: IV iron different, and total N to be recruited is different. Therefore, assuming it is not linked to this study. Unable to state whether analyses were pre-specified.<br><br>Likely accumulated notes on adverse events over entirety of study period (one year), no indication when AEs were experienced</p>",High risk,<p>see individual comments</p>
20,6,"GI side effects (any time point, no population subgrouping)",Constipation,2,SUBGROUP_AND_OVERALL,Macher 2016 (IronWoMan),2016,,,,,15,86,,,2,86,,,0,7.499999999999999,1.7684226842440463,31.80800636701025,,Some concerns,"<p>""Each participant will be randomized in a 1:1 ratio (stratified by sex) to either high-dose parenterally infused iron or oral iron supplements using a web-based randomisation tool (http://www.randomizer.at). Good clinical practice (GCP) compliance of this software was confirmed by the Austrian Agency for Health and Food Safety (AGES).""<br><br>concealment method (eg whether the web based randomisation was centrally controlled ) not described<br><br>&nbsp;</p>",Low risk,<p>Open label trial<br><br>Planned analysis to use ITT and PP. data presented appear to be mITT (those who completed the study)</p>,Low risk,"<p>nearly all participants included. 4/90 withdrawals (loss to follow up) in oral iron group, excluded from analysis.&nbsp;</p>",High risk,"<p>No information on how adverse event data was collected beyond completing a CRF form at each visit - unclear if this was supervised, or participants were ""helped"". Issues with subject long term recall</p>",Low risk,<p>Protocol and trial registration identified and checked</p>,High risk,<p>see individual comments</p>
20,6,"GI side effects (any time point, no population subgrouping)",Diarrhoea,3,SUBGROUP_AND_OVERALL,Birgegard 2010,2010,,,,,2,60,,,0,60,,,0,4.999999999999999,0.2450939362478615,102.00170751967399,,Some concerns,"<p>""Central randomization was performed via a web-based system (IT-Coach, Go¨teborg, Sweden) using the minimization method to ensure baseline balance for age and blood B-Hb.""<br><br>Baseline data for sex, Hb, Ferritin, restless leg syndrome. No obvious imbalance.</p>",Low risk,"<p>Oral iron group: daily tablets; IV iron group: one injection on donation day. Adverse event reporting is subjective, and open to bias in an unblinded study.<br><br>Withdrawals explained.<br>&nbsp;</p>",Low risk,<p>none noted</p>,High risk,<p>Unclear reporting for adverse events - whether these are individual events (ie a single person may have had multiple events) or number of people experiencing the event.<br><br>Unblinded study. Subjective outcome.<br><br>Adverse events reported by participants aware of assignment.<br><br>Expectation of experiencing GI side effects with oral iron may have caused increased reporting.<br>&nbsp;</p>,High risk,"<p>Linked trial registration appears to differ from completed study: IV iron different, and total N to be recruited is different. Therefore, assuming it is not linked to this study. Unable to state whether analyses were pre-specified.<br><br>Likely accumulated notes on adverse events over entirety of study period (one year), no indication when AEs were experienced</p>",High risk,<p>see individual comments</p>
20,6,"GI side effects (any time point, no population subgrouping)",Diarrhoea,3,SUBGROUP_AND_OVERALL,Macher 2016 (IronWoMan),2016,,,,,9,86,,,3,86,,,0,2.9999999999999996,0.8408132847989087,10.703922217585397,,Some concerns,"<p>""Each participant will be randomized in a 1:1 ratio (stratified by sex) to either high-dose parenterally infused iron or oral iron supplements using a web-based randomisation tool (http://www.randomizer.at). Good clinical practice (GCP) compliance of this software was confirmed by the Austrian Agency for Health and Food Safety (AGES).""<br><br>concealment method (eg whether the web based randomisation was centrally controlled ) not described<br><br>&nbsp;</p>",Low risk,<p>Open label trial<br><br>Planned analysis to use ITT and PP. data presented appear to be mITT (those who completed the study)</p>,Low risk,"<p>nearly all participants included. 4/90 withdrawals (loss to follow up) in oral iron group, excluded from analysis.&nbsp;</p>",High risk,"<p>No information on how adverse event data was collected beyond completing a CRF form at each visit - unclear if this was supervised, or participants were ""helped"". Issues with subject long term recall</p>",Low risk,<p>Protocol and trial registration identified and checked</p>,High risk,<p>see individual comments</p>
20,6,"GI side effects (any time point, no population subgrouping)",Gas/bloating,4,SUBGROUP_AND_OVERALL,Macher 2016 (IronWoMan),2016,,,,,9,86,,,2,86,,,0,4.5,1.0013401542652252,20.222898196726444,meteorism (gas),Some concerns,"<p>""Each participant will be randomized in a 1:1 ratio (stratified by sex) to either high-dose parenterally infused iron or oral iron supplements using a web-based randomisation tool (http://www.randomizer.at). Good clinical practice (GCP) compliance of this software was confirmed by the Austrian Agency for Health and Food Safety (AGES).""<br><br>concealment method (eg whether the web based randomisation was centrally controlled ) not described<br><br>&nbsp;</p>",Low risk,<p>Open label trial<br><br>Planned analysis to use ITT and PP. data presented appear to be mITT (those who completed the study)</p>,Low risk,"<p>nearly all participants included. 4/90 withdrawals (loss to follow up) in oral iron group, excluded from analysis.&nbsp;</p>",High risk,"<p>No information on how adverse event data was collected beyond completing a CRF form at each visit - unclear if this was supervised, or participants were ""helped"". Issues with subject long term recall</p>",Low risk,<p>Protocol and trial registration identified and checked</p>,High risk,<p>see individual comments</p>
20,6,"GI side effects (any time point, no population subgrouping)",Gas/bloating,4,SUBGROUP_AND_OVERALL,Macher 2016 (IronWoMan),2016,,,,,7,86,,,0,86,,,0,15,0.8700587298464064,258.6032324964085,abdominal fullness,Some concerns,"<p>""Each participant will be randomized in a 1:1 ratio (stratified by sex) to either high-dose parenterally infused iron or oral iron supplements using a web-based randomisation tool (http://www.randomizer.at). Good clinical practice (GCP) compliance of this software was confirmed by the Austrian Agency for Health and Food Safety (AGES).""<br><br>concealment method (eg whether the web based randomisation was centrally controlled ) not described<br><br>&nbsp;</p>",Low risk,<p>Open label trial<br><br>Planned analysis to use ITT and PP. data presented appear to be mITT (those who completed the study)</p>,Low risk,"<p>nearly all participants included. 4/90 withdrawals (loss to follow up) in oral iron group, excluded from analysis.&nbsp;</p>",High risk,"<p>No information on how adverse event data was collected beyond completing a CRF form at each visit - unclear if this was supervised, or participants were ""helped"". Issues with subject long term recall</p>",Low risk,<p>Protocol and trial registration identified and checked</p>,High risk,<p>see individual comments</p>
20,6,"GI side effects (any time point, no population subgrouping)",Nausea/vomiting,5,SUBGROUP_AND_OVERALL,Macher 2016 (IronWoMan),2016,,,,,1,86,,,2,86,,,0,0.5,0.04619322463299519,5.412049104305837,vomiting,Some concerns,"<p>""Each participant will be randomized in a 1:1 ratio (stratified by sex) to either high-dose parenterally infused iron or oral iron supplements using a web-based randomisation tool (http://www.randomizer.at). Good clinical practice (GCP) compliance of this software was confirmed by the Austrian Agency for Health and Food Safety (AGES).""<br><br>concealment method (eg whether the web based randomisation was centrally controlled ) not described<br><br>&nbsp;</p>",Low risk,<p>Open label trial<br><br>Planned analysis to use ITT and PP. data presented appear to be mITT (those who completed the study)</p>,Low risk,"<p>nearly all participants included. 4/90 withdrawals (loss to follow up) in oral iron group, excluded from analysis.&nbsp;</p>",High risk,"<p>No information on how adverse event data was collected beyond completing a CRF form at each visit - unclear if this was supervised, or participants were ""helped"". Issues with subject long term recall</p>",Low risk,<p>Protocol and trial registration identified and checked</p>,High risk,<p>see individual comments</p>
20,6,"GI side effects (any time point, no population subgrouping)",Nausea/vomiting,5,SUBGROUP_AND_OVERALL,Macher 2016 (IronWoMan),2016,,,,,4,86,,,6,86,,,0,0.6666666666666666,0.19499078562682745,2.2793099838831377,nausea,Some concerns,"<p>""Each participant will be randomized in a 1:1 ratio (stratified by sex) to either high-dose parenterally infused iron or oral iron supplements using a web-based randomisation tool (http://www.randomizer.at). Good clinical practice (GCP) compliance of this software was confirmed by the Austrian Agency for Health and Food Safety (AGES).""<br><br>concealment method (eg whether the web based randomisation was centrally controlled ) not described<br><br>&nbsp;</p>",Low risk,<p>Open label trial<br><br>Planned analysis to use ITT and PP. data presented appear to be mITT (those who completed the study)</p>,Low risk,"<p>nearly all participants included. 4/90 withdrawals (loss to follow up) in oral iron group, excluded from analysis.&nbsp;</p>",High risk,"<p>No information on how adverse event data was collected beyond completing a CRF form at each visit - unclear if this was supervised, or participants were ""helped"". Issues with subject long term recall</p>",Low risk,<p>Protocol and trial registration identified and checked</p>,High risk,<p>see individual comments</p>
21,1,Plasma ferritin (ng/mL),Female,1,SUBGROUP_AND_OVERALL,Birgegard 2010,2010,,,28,16.8,,35,34.9,19.9,,35,,,64.85299665449239,-6.899999999999999,-15.527976828129342,1.7279768281293446,,Some concerns,"<p>""Central randomization was performed via a web-based system (IT-Coach, Go¨teborg, Sweden) using the minimization method to ensure baseline balance for age and blood B-Hb.""<br><br>Baseline data for sex, Hb, Ferritin, restless leg syndrome. No obvious imbalance.</p>",,,,,,,,,,
21,1,Plasma ferritin (ng/mL),Male,2,SUBGROUP_AND_OVERALL,Birgegard 2010,2010,,,31.3,24.8,,25,37.4,16.7,,25,,,35.147003345507606,-6.099999999999998,-17.820060210738,5.620060210738002,,Some concerns,"<p>""Central randomization was performed via a web-based system (IT-Coach, Go¨teborg, Sweden) using the minimization method to ensure baseline balance for age and blood B-Hb.""<br><br>Baseline data for sex, Hb, Ferritin, restless leg syndrome. No obvious imbalance.</p>",,,,,,,,,,
22,1,Plasma ferritin (ng/mL),Female,1,SUBGROUP_AND_OVERALL,Birgegard 2010,2010,,,29.5,15.5,,35,40.2,23.3,,35,,,61.566812225359804,-10.700000000000003,-19.971153512509957,-1.4288464874900484,,Some concerns,"<p>""Central randomization was performed via a web-based system (IT-Coach, Go¨teborg, Sweden) using the minimization method to ensure baseline balance for age and blood B-Hb.""<br><br>Baseline data for sex, Hb, Ferritin, restless leg syndrome. No obvious imbalance.</p>",,,,,,,,,,
22,1,Plasma ferritin (ng/mL),Male,2,SUBGROUP_AND_OVERALL,Birgegard 2010,2010,,,37,25.3,,25,40.4,16,,25,,,38.4331877746402,-3.3999999999999986,-15.134211238316444,8.334211238316447,,Some concerns,"<p>""Central randomization was performed via a web-based system (IT-Coach, Go¨teborg, Sweden) using the minimization method to ensure baseline balance for age and blood B-Hb.""<br><br>Baseline data for sex, Hb, Ferritin, restless leg syndrome. No obvious imbalance.</p>",,,,,,,,,,
23,1,Plasma ferritin (ng/mL),Healthy,1,SUBGROUP_AND_OVERALL,Birgegard 2010,2010,,,31.9,25,,60,32.7,19.8,,60,,,100,-0.8000000000000043,-8.869404437956536,7.269404437956528,,Some concerns,"<p>""Central randomization was performed via a web-based system (IT-Coach, Go¨teborg, Sweden) using the minimization method to ensure baseline balance for age and blood B-Hb.""<br><br>Baseline data for sex, Hb, Ferritin, restless leg syndrome. No obvious imbalance.</p>",,,,,,,,,,
23,2,MCV (fl),"Low Hb, ferritin, or IDA or NAID",1,SUBGROUP_AND_OVERALL,Macher 2016 (IronWoMan),2016,,,84.2,3.3,,71,84.5,3.6,,72,,,100.00000000000003,-0.29999999999999716,-1.4316654204066137,0.8316654204066194,,Some concerns,"<p>""Each participant will be randomized in a 1:1 ratio (stratified by sex) to either high-dose parenterally infused iron or oral iron supplements using a web-based randomisation tool (http://www.randomizer.at). Good clinical practice (GCP) compliance of this software was confirmed by the Austrian Agency for Health and Food Safety (AGES).""<br><br>concealment method (eg whether the web based randomisation was centrally controlled ) not described<br><br>&nbsp;</p>",,,,,,,,,,
23,3,Adverse events,"Low Hb, ferritin or IDA or NAID",1,SUBGROUP_AND_OVERALL,Macher 2016 (IronWoMan),2016,,,,,33,86,,,33,86,,,100,1,0.6846915782262871,1.4605116110680494,number of pts reporting drug-related side effects,Some concerns,"<p>""Each participant will be randomized in a 1:1 ratio (stratified by sex) to either high-dose parenterally infused iron or oral iron supplements using a web-based randomisation tool (http://www.randomizer.at). Good clinical practice (GCP) compliance of this software was confirmed by the Austrian Agency for Health and Food Safety (AGES).""<br><br>concealment method (eg whether the web based randomisation was centrally controlled ) not described<br><br>&nbsp;</p>",,,,,,,,,,
23,4,Adherence (n/N),"Low Hb, ferritin, or IDA or NAID",1,SUBGROUP_AND_OVERALL,Macher 2016 (IronWoMan),2016,,,,,74,86,,,86,86,,,100,0.861271676300578,0.7890796162502873,0.9400685116193906,"tablet count in oral group ""taken as prescribed""; no protocol violations in IV group",Some concerns,"<p>""Each participant will be randomized in a 1:1 ratio (stratified by sex) to either high-dose parenterally infused iron or oral iron supplements using a web-based randomisation tool (http://www.randomizer.at). Good clinical practice (GCP) compliance of this software was confirmed by the Austrian Agency for Health and Food Safety (AGES).""<br><br>concealment method (eg whether the web based randomisation was centrally controlled ) not described<br><br>&nbsp;</p>",,,,,,,,,,
24,1,Plasma ferritin (ng/mL),Healthy,1,SUBGROUP_AND_OVERALL,Birgegard 2010,2010,,,29.4,20.4,,60,35.9,18.6,,60,,,100,-6.5,-13.485285244029537,0.4852852440295372,,Some concerns,"<p>""Central randomization was performed via a web-based system (IT-Coach, Go¨teborg, Sweden) using the minimization method to ensure baseline balance for age and blood B-Hb.""<br><br>Baseline data for sex, Hb, Ferritin, restless leg syndrome. No obvious imbalance.</p>",,,,,,,,,,
25,1,Plasma ferritin (ng/mL),Healthy,1,SUBGROUP_AND_OVERALL,Birgegard 2010,2010,,,31.7,23.4,,60,38.9,20.2,,60,,,100,-7.199999999999999,-15.021868967895191,0.6218689678951916,,Some concerns,"<p>""Central randomization was performed via a web-based system (IT-Coach, Go¨teborg, Sweden) using the minimization method to ensure baseline balance for age and blood B-Hb.""<br><br>Baseline data for sex, Hb, Ferritin, restless leg syndrome. No obvious imbalance.</p>",,,,,,,,,,
26,1,Hb (g/L),28 days vs 4 days,1,SUBGROUP_AND_OVERALL,Bucher 1973,1973,,,129,5,,38,128,5,,42,,,100,1,-1.194050630978214,3.194050630978214,22.5% male; healthy baseline iron levels,Some concerns,"<p>No information on randomisation process other than ""according to the randomisation plan"" (translated from German)<br><br>Authors state no differences in groups according to age and sex distribution, and report age, Hb, plasma iron, and TIBC at baseline (but not sex per group)</p>",High risk,"<p>Not explicitly stated that participants and personnel were blinded to allocation, but use of placebo, and pre-packaging of tablets suggests they were blinded.<br><br>Authors state that 178 people were randomised, but only 161 people could be analysed. No information on those not analysed. 178 people suggest 44 or 45 people per group, but numbers varied (38, 38, 42, 43) suggesting small imbalance in those not analysed.<br><br>Due to the expectation that people were blinded, likely will not impact outcomes.</p>",High risk,<p>178 participants were included originally but later only 161 were included in the analysis. No mention of why the others were excluded<br>&nbsp;</p>,Low risk,<p>Standard lab measures<br>&nbsp;</p>,Some concerns,<p>No protocol or trial registration identified<br>&nbsp;</p>,High risk,<p>see individual comments</p>
26,2,Plasma iron (μg/dL),28 days vs 4 days,1,SUBGROUP_AND_OVERALL,Bucher 1973,1973,,,99,44,,38,77,39,,42,,,100,22,3.7016966604964665,40.29830333950353,22.5% male; healthy baseline iron levels,Some concerns,"<p>No information on randomisation process other than ""according to the randomisation plan"" (translated from German)<br><br>Authors state no differences in groups according to age and sex distribution, and report age, Hb, plasma iron, and TIBC at baseline (but not sex per group)</p>",,,,,,,,,,
26,3,Transferrin saturation (%),28 days vs 4 days,1,SUBGROUP_AND_OVERALL,Bucher 1973,1973,,,21.1,8.7,,38,16.5,7.6,,42,,,100.00000000000003,4.600000000000001,1.0035434193917934,8.19645658060821,22.5% male; healthy baseline iron levels,Some concerns,"<p>No information on randomisation process other than ""according to the randomisation plan"" (translated from German)<br><br>Authors state no differences in groups according to age and sex distribution, and report age, Hb, plasma iron, and TIBC at baseline (but not sex per group)</p>",,,,,,,,,,
27,1,Deferrals,Normal vs low,1,SUBGROUP_AND_OVERALL,Radtke 2004a,2004,,,,,0,66,,,2,55,,,43.090163891156884,0.16716417910447764,0.008194162527235198,3.4102158314282836,40mg vs 20mg per day; Female Hb threshold: 12.5g/dL,Some concerns,"<p>Randomisation process not reported beyond ""block randomisation of variable length""<br>Baseline bloods (visit 0) reported for each subgroup, and sex have been analysed separately. No information on age and previous donations etc</p>",,,,,,,,,,
27,1,Deferrals,Normal vs low,1,SUBGROUP_AND_OVERALL,Radtke 2004a,2004,,,,,2,76,,,1,79,,,56.90983610884312,2.0789473684210527,0.19246370823005818,22.45629682817171,40mg vs 20mg per day; Male Hb threshold: 13.5g/dL,Some concerns,"<p>Randomisation process not reported beyond ""block randomisation of variable length""<br>Baseline bloods (visit 0) reported for each subgroup, and sex have been analysed separately. No information on age and previous donations etc</p>",,,,,,,,,,
27,1,Deferrals,Normal vs normal,2,SUBGROUP_AND_OVERALL,Lindholm 1981,1981,,,,,1,207,,,2,212,,,100,0.5120772946859904,0.04679010307299489,5.604244028354489,100mg vs 60mg/day; Hb threshold 12.5g/dL,Some concerns,"<p>Randomisation process not described.<br>Baseline blood measures appear similar, but no info on demographics: age etc</p>",,,,,,,,,,
27,2,Hb (g/L),Very high vs high,1,SUBGROUP_AND_OVERALL,Gordeuk 1987a,1987,,,125,3.87,,15,125,8.25,,17,,,100,0,-4.383548935195884,4.383548935195884,1800mg vs 180mg per day,Some concerns,<p>Randomisation process not reported.<br><br>no baseline demographic information</p>,,,,,,,,,,
27,2,Hb (g/L),High vs normal,2,SUBGROUP_AND_OVERALL,Jacobs 1993,1993,,,130.9,9.9,,45,125.9,15,,40,,,100,5,-0.474934079774501,10.474934079774501,200mg vs 100mg per day,High risk,"<p>""randomly assigned, using a computer-generated chart"".<br>Adequately randomised. No info on allocation concealment - if chart was clearly displayed, with allocation visible ahead of randomisation, this would be considered a problem.<br>Group 3 had a significantly higher percentage of males (21.8% compared to 9.8 and 9.4%)</p>",,,,,,,,,,
27,2,Hb (g/L),Normal vs low,3,SUBGROUP_AND_OVERALL,Pachikian 2020,2020,,,153,6.63,,11,148,6.93,,12,,,100,5,-0.5429766424277318,10.542976642427732,80mg vs 20mg per day,Some concerns,<p>Randomisation process not described.<br><br>Baseline comparison data for iron stores (table 1) show no significant differences between groups. Age and fitness level data in trial registry show no differences</p>,,,,,,,,,,
27,2,Hb (g/L),Normal vs normal,4,SUBGROUP_AND_OVERALL,Lindholm 1981,1981,,,147,9,,172,147,9,,174,,,100,0,-1.8966613848744192,1.8966613848744192,100mg vs 60mg/day,Some concerns,"<p>Randomisation process not described.<br>Baseline blood measures appear similar, but no info on demographics: age etc</p>",,,,,,,,,,
27,3,Serum ferritin (ng/mL),High vs normal,1,SUBGROUP_AND_OVERALL,Jacobs 1993,1993,,,21.98,18.43,,45,16.5,15.15,,40,,,100,5.48,-1.6641080811463889,12.624108081146389,200mg vs 100mg per day (mixed population),High risk,"<p>""randomly assigned, using a computer-generated chart"".<br>Adequately randomised. No info on allocation concealment - if chart was clearly displayed, with allocation visible ahead of randomisation, this would be considered a problem.<br>Group 3 had a significantly higher percentage of males (21.8% compared to 9.8 and 9.4%)</p>",,,,,,,,,,
27,3,Serum ferritin (ng/mL),Normal vs low,2,SUBGROUP_AND_OVERALL,Pachikian 2020,2020,,,50.97,30.447,,11,64.04,36.304,,12,,,5.608926477269851,-13.070000000000007,-40.376612517363526,14.236612517363508,plasma ferritin; 80mg vs 20mg per day; male,Some concerns,<p>Randomisation process not described.<br><br>Baseline comparison data for iron stores (table 1) show no significant differences between groups. Age and fitness level data in trial registry show no differences</p>,,,,,,,,,,
27,3,Serum ferritin (ng/mL),Normal vs low,2,SUBGROUP_AND_OVERALL,Radtke 2004a,2004,,,28.5,19.8,,66,23.3,27.9,,55,,,45.78917416610027,5.199999999999999,-3.5855610441609223,13.98556104416092,40mg vs 20mg per day; female,Some concerns,"<p>Randomisation process not reported beyond ""block randomisation of variable length""<br>Baseline bloods (visit 0) reported for each subgroup, and sex have been analysed separately. No information on age and previous donations etc</p>",,,,,,,,,,
27,3,Serum ferritin (ng/mL),Normal vs low,2,SUBGROUP_AND_OVERALL,Radtke 2004a,2004,,,31.4,18.8,,76,33.1,33.3,,79,,,48.601899356629886,-1.7000000000000028,-10.172647646558273,6.7726476465582675,40mg vs 20mg per day; male,Some concerns,"<p>Randomisation process not reported beyond ""block randomisation of variable length""<br>Baseline bloods (visit 0) reported for each subgroup, and sex have been analysed separately. No information on age and previous donations etc</p>",,,,,,,,,,
27,4,Serum ferritin (ng/mL) – reported as geometric mean,Very high vs high,1,SUBGROUP_AND_OVERALL,Gordeuk 1987a,1987,1,1e-18,,,,15,,,,17,,,100,2.718281828459045,2.718281828459045,2.718281828459045,1800mg vs 180mg per day; female,Some concerns,<p>Randomisation process not reported.<br><br>no baseline demographic information</p>,,,,,,,,,,
27,5,MCV (fl),Very high vs high,1,SUBGROUP_AND_OVERALL,Gordeuk 1987a,1987,,,88,3.873,,15,89,4.123,,17,,,100,-1,-3.771778104333316,1.771778104333316,1800mg vs 180mg per day; Female,Some concerns,<p>Randomisation process not reported.<br><br>no baseline demographic information</p>,,,,,,,,,,
27,5,MCV (fl),Normal vs low,2,SUBGROUP_AND_OVERALL,Pachikian 2020,2020,,,86.6,2.322,,11,86.9,2.425,,12,,,100,-0.30000000000001137,-2.2404684518650715,1.640468451865049,80mg vs 20mg per day; Male,Some concerns,<p>Randomisation process not described.<br><br>Baseline comparison data for iron stores (table 1) show no significant differences between groups. Age and fitness level data in trial registry show no differences</p>,,,,,,,,,,
27,6,Serum iron (μg/dL),Very high vs high,1,SUBGROUP_AND_OVERALL,Gordeuk 1987a,1987,,,97,50.349,,15,84,32.985,,17,,,100,13,-16.91768371586407,42.91768371586407,1800mg vs 180mg/day; female,Some concerns,<p>Randomisation process not reported.<br><br>no baseline demographic information</p>,,,,,,,,,,
27,6,Serum iron (μg/dL),Normal vs low,2,SUBGROUP_AND_OVERALL,Pachikian 2020,2020,,,111,53.066,,11,105,45.033,,12,,,100,6,-34.40557966523827,46.40557966523827,80mg vs 20mg/day; male,Some concerns,<p>Randomisation process not described.<br><br>Baseline comparison data for iron stores (table 1) show no significant differences between groups. Age and fitness level data in trial registry show no differences</p>,,,,,,,,,,
27,6,Serum iron (μg/dL),Normal vs normal,3,SUBGROUP_AND_OVERALL,Lindholm 1981,1981,,,106.15,33.52,,172,106.15,27.93,,174,,,99.99999999999999,0,-6.505116885289361,6.505116885289361,100mg vs 60mg/day,Some concerns,"<p>Randomisation process not described.<br>Baseline blood measures appear similar, but no info on demographics: age etc</p>",,,,,,,,,,
27,7,TIBC (μg/dL),Very high vs high,1,SUBGROUP_AND_OVERALL,Gordeuk 1987a,1987,,,412,61.968,,15,381,53.6,,17,,,100,31,-9.405685459154213,71.40568545915421,1800mg vs 180mg/day; female,Some concerns,<p>Randomisation process not reported.<br><br>no baseline demographic information</p>,,,,,,,,,,
27,7,TIBC (μg/dL),Normal vs normal,2,SUBGROUP_AND_OVERALL,Lindholm 1981,1981,,,351.96,39.11,,172,351.96,39.11,,174,,,100,0,-8.242047418048726,8.242047418048726,100mg vs 60mg/day,Some concerns,"<p>Randomisation process not described.<br>Baseline blood measures appear similar, but no info on demographics: age etc</p>",,,,,,,,,,
27,8,Transferrin saturation (%),Very high vs high,1,SUBGROUP_AND_OVERALL,Gordeuk 1987a,1987,,,24,11.619,,15,22,8.246,,17,,,100,2,-5.0667159787871965,9.066715978787197,1800mg vs 180mg/day; female,Some concerns,<p>Randomisation process not reported.<br><br>no baseline demographic information</p>,,,,,,,,,,
27,8,Transferrin saturation (%),High vs normal,2,SUBGROUP_AND_OVERALL,Jacobs 1993,1993,,,27.07,11.89,,45,21.97,14.02,,40,,,100,5.100000000000001,-0.46285022512263474,10.662850225122638,200mg vs 100mg/day (mixed population),High risk,"<p>""randomly assigned, using a computer-generated chart"".<br>Adequately randomised. No info on allocation concealment - if chart was clearly displayed, with allocation visible ahead of randomisation, this would be considered a problem.<br>Group 3 had a significantly higher percentage of males (21.8% compared to 9.8 and 9.4%)</p>",,,,,,,,,,
27,9,Adverse events,Very high vs high,1,SUBGROUP_AND_OVERALL,Gordeuk 1987a,1987,,,,,21,23,,,19,24,,,56.00862661053539,1.1533180778032037,0.9064251894542391,1.4674598676903043,1800mg vs 180mg/day; female; any AE,Some concerns,<p>Randomisation process not reported.<br><br>no baseline demographic information</p>,,,,,,,,,,
27,9,Adverse events,Very high vs high,1,SUBGROUP_AND_OVERALL,Gordeuk 1987b,1987,,,,,17,23,,,20,24,,,43.99137338946461,0.8869565217391304,0.656025452589013,1.1991788860491415,"1800mg vs 180mg/day; female; any AE on standard form, collected in weeks 1&amp;3. data from week 1",,,,,,,,,,,,
27,9,Adverse events,High vs normal,2,SUBGROUP_AND_OVERALL,Jacobs 1993,1993,,,,,0,45,,,0,40,,,,,,,200mg vs 100mg/day; side effect forced discontinuation of treatment,High risk,"<p>""randomly assigned, using a computer-generated chart"".<br>Adequately randomised. No info on allocation concealment - if chart was clearly displayed, with allocation visible ahead of randomisation, this would be considered a problem.<br>Group 3 had a significantly higher percentage of males (21.8% compared to 9.8 and 9.4%)</p>",,,,,,,,,,
27,9,Adverse events,Normal vs low,3,SUBGROUP_AND_OVERALL,Frykman 1994,1994,,,,,5,48,,,0,49,,,100,11.22448979591837,0.6376112134553796,197.5956013946302,60mg vs 18mg/day; serious enough to stop taking medication,,,,,,,,,,,,
27,9,Adverse events,Normal vs normal,4,SUBGROUP_AND_OVERALL,Lindholm 1981,1981,,,,,78,222,,,53,211,,,99.99999999999999,1.3987761346251912,1.0428582429805304,1.8761655171895875,100mg vs 60mg/day,Some concerns,"<p>Randomisation process not described.<br>Baseline blood measures appear similar, but no info on demographics: age etc</p>",,,,,,,,,,
27,10,Adherence (n/N),Very high vs high,1,SUBGROUP_AND_OVERALL,Gordeuk 1987a,1987,,,,,15,22,,,17,23,,,12.337270133900752,0.9224598930481284,0.6341585755239791,1.3418288218830348,1800mg vs 180mg/day; female,Some concerns,<p>Randomisation process not reported.<br><br>no baseline demographic information</p>,,,,,,,,,,
27,10,Adherence (n/N),Very high vs high,1,SUBGROUP_AND_OVERALL,Gordeuk 1987b,1987,,,,,23,25,,,24,25,,,87.66272986609924,0.9583333333333334,0.8326480745985659,1.1029903338460918,1800mg vs 180mg/day; female,,,,,,,,,,,,
27,10,Adherence (n/N),Normal vs normal,2,SUBGROUP_AND_OVERALL,Lindholm 1981,1981,,,,,172,222,,,174,211,,,100,0.9395257326291809,0.8549363607391889,1.0324845717278863,100mg vs 60mg/day; completed both treatment periods,Some concerns,"<p>Randomisation process not described.<br>Baseline blood measures appear similar, but no info on demographics: age etc</p>",,,,,,,,,,
27,11,"Non-GI side effects (at any time point, no population subgroups)",Any non-GI,1,SUBGROUP_AND_OVERALL,Mast 2016 (STRIDE),2012,,,,,4,139,,,1,139,,,100,4,0.4527733310167875,35.33777036750155,38mg vs 19mg/day,Low risk,"<p>""The lists were generated using standard block randomization methods,<br><br>implemented with computer software (nQuery Advisor, 2014, Statistical Solutions, Boston, MA). The randomized numbers from the algorithm correspond to one of the five study arms. While they appeared to be random numbers, they coded for the group assignment. Each of the five study arms had three to four codes so that patterns could not be identified by investigators, coordinators, and staff at study sites""<br><br>Uneven medical de-enrolment from study, appears that placebo group are ""healthier"" suggest some baseline imbalance. Bias in favour of placebo (reduced effect size of iron)</p>",,,,,,,,,,
27,11,"Non-GI side effects (at any time point, no population subgroups)",Headache,2,SUBGROUP_AND_OVERALL,Gordeuk 1987a,1987,,,,,7,23,,,6,24,,,69.50970175390624,1.2173913043478262,0.48109133181492414,3.080582604368858,1800mg vs 180mg/day; female,Some concerns,<p>Randomisation process not reported.<br><br>no baseline demographic information</p>,,,,,,,,,,
27,11,"Non-GI side effects (at any time point, no population subgroups)",Headache,2,SUBGROUP_AND_OVERALL,Gordeuk 1987b,1987,,,,,6,23,,,2,24,,,30.49029824609375,3.130434782608696,0.7022617670269488,13.954371985325945,1800mg vs 180mg/day; female; at week 1,,,,,,,,,,,,
27,11,"Non-GI side effects (at any time point, no population subgroups)",Weakness,3,SUBGROUP_AND_OVERALL,Gordeuk 1987a,1987,,,,,2,23,,,0,24,,,25.747184938230212,5.208333333333332,0.2634225756806277,102.97802320481233,1800mg vs 180mg/day; female,Some concerns,<p>Randomisation process not reported.<br><br>no baseline demographic information</p>,,,,,,,,,,
27,11,"Non-GI side effects (at any time point, no population subgroups)",Weakness,3,SUBGROUP_AND_OVERALL,Gordeuk 1987b,1987,,,,,3,23,,,4,24,,,74.25281506176978,0.782608695652174,0.19622107754665805,3.121358715221409,1800mg vs 180mg/day; female; at week 1,,,,,,,,,,,,
27,11,"Non-GI side effects (at any time point, no population subgroups)",Unpleasant taste,4,SUBGROUP_AND_OVERALL,Gordeuk 1987b,1987,,,,,13,23,,,4,24,,,100,3.391304347826087,1.293668350520107,8.890180528077599,1800mg vs 180mg/day; female; at week 1,,,,,,,,,,,,
27,12,"GI side effects (at any time point, no population subgroups)",Any GI symptoms,1,SUBGROUP_AND_OVERALL,Gordeuk 1987a,1987,,,,,21,23,,,18,24,,,46.259103774047425,1.2173913043478262,0.9356974049871964,1.5838898130982642,1800mg vs 180mg per day; female,Some concerns,<p>Randomisation process not reported.<br><br>no baseline demographic information</p>,,,,,,,,,,
27,12,"GI side effects (at any time point, no population subgroups)",Any GI symptoms,1,SUBGROUP_AND_OVERALL,Gordeuk 1987b,1987,,,,,17,23,,,20,24,,,40.5561457613643,0.8869565217391304,0.656025452589013,1.1991788860491415,1800mg vs 180mg per day; female; any GI symptoms in week 1,,,,,,,,,,,,
27,12,"GI side effects (at any time point, no population subgroups)",Any GI symptoms,1,SUBGROUP_AND_OVERALL,Mast 2016 (STRIDE),2012,,,,,8,139,,,5,139,,,5.584659208816577,1.6,0.536690380730846,4.769975561167843,38mg vs 19mg per day,Low risk,"<p>""The lists were generated using standard block randomization methods,<br><br>implemented with computer software (nQuery Advisor, 2014, Statistical Solutions, Boston, MA). The randomized numbers from the algorithm correspond to one of the five study arms. While they appeared to be random numbers, they coded for the group assignment. Each of the five study arms had three to four codes so that patterns could not be identified by investigators, coordinators, and staff at study sites""<br><br>Uneven medical de-enrolment from study, appears that placebo group are ""healthier"" suggest some baseline imbalance. Bias in favour of placebo (reduced effect size of iron)</p>",,,,,,,,,,
27,12,"GI side effects (at any time point, no population subgroups)",Any GI symptoms,1,SUBGROUP_AND_OVERALL,Pachikian 2020,2020,,,,,0,11,,,0,11,,,,,,,80mg vs 20mg per day; male; GI discomfort,Some concerns,<p>Randomisation process not described.<br><br>Baseline comparison data for iron stores (table 1) show no significant differences between groups. Age and fitness level data in trial registry show no differences</p>,,,,,,,,,,
27,12,"GI side effects (at any time point, no population subgroups)",Any GI symptoms,1,SUBGROUP_AND_OVERALL,Radtke 2004a,2004,,,,,7,176,,,11,175,,,7.600091255771711,0.6327479338842975,0.2510943647627892,1.5944999331748442,40mg vs 20mg per day; any GI symptoms leading to dropout,Some concerns,"<p>Randomisation process not reported beyond ""block randomisation of variable length""<br>Baseline bloods (visit 0) reported for each subgroup, and sex have been analysed separately. No information on age and previous donations etc</p>",,,,,,,,,,
27,12,"GI side effects (at any time point, no population subgroups)",Abdominal cramps,2,SUBGROUP_AND_OVERALL,Gordeuk 1987b,1987,,,,,14,23,,,3,24,,,100,4.869565217391305,1.607926298548748,14.747358400586743,1800mg vs 180mg per day; female; in week 1,,,,,,,,,,,,
27,12,"GI side effects (at any time point, no population subgroups)",Constipation,3,SUBGROUP_AND_OVERALL,Frykman 1994,1994,,,,,17,48,,,7,49,,,53.16450650412287,2.4791666666666665,1.1307279909756656,5.435672779098456,60mg vs 18mg per day; obstipation,,,,,,,,,,,,
27,12,"GI side effects (at any time point, no population subgroups)",Constipation,3,SUBGROUP_AND_OVERALL,Gordeuk 1987b,1987,,,,,4,23,,,4,24,,,35.972299580700344,1.0434782608695652,0.29527788808850924,3.687532744006187,1800mg vs 180mg per day; female; in week 1,,,,,,,,,,,,
27,12,"GI side effects (at any time point, no population subgroups)",Constipation,3,SUBGROUP_AND_OVERALL,Pachikian 2020,2020,,,,,0,11,,,2,11,,,10.863193915176804,0.2,0.01068969633105066,3.7419210762620905,80mg vs 20mg per day; male,Some concerns,<p>Randomisation process not described.<br><br>Baseline comparison data for iron stores (table 1) show no significant differences between groups. Age and fitness level data in trial registry show no differences</p>,,,,,,,,,,
27,12,"GI side effects (at any time point, no population subgroups)",Diarrhoea,4,SUBGROUP_AND_OVERALL,Frykman 1994,1994,,,,,18,48,,,13,49,,,50.18714207933659,1.4134615384615385,0.781941811555404,2.5550155921909043,60mg vs 18mg per day;,,,,,,,,,,,,
27,12,"GI side effects (at any time point, no population subgroups)",Diarrhoea,4,SUBGROUP_AND_OVERALL,Gordeuk 1987b,1987,,,,,17,23,,,3,24,,,38.43815852516068,5.913043478260869,1.9960514095939121,17.516624575775175,1800mg vs 180mg per day; female; in week 1,,,,,,,,,,,,
27,12,"GI side effects (at any time point, no population subgroups)",Diarrhoea,4,SUBGROUP_AND_OVERALL,Pachikian 2020,2020,,,,,1,11,,,0,11,,,11.374699395502741,2.9999999999999996,0.13528618264521788,66.52564086017645,80mg vs 20mg per day; male,Some concerns,<p>Randomisation process not described.<br><br>Baseline comparison data for iron stores (table 1) show no significant differences between groups. Age and fitness level data in trial registry show no differences</p>,,,,,,,,,,
27,12,"GI side effects (at any time point, no population subgroups)",Heartburn/gastric pain,5,SUBGROUP_AND_OVERALL,Frykman 1994,1994,,,,,9,48,,,3,49,,,64.98124234039935,3.0625,0.8822220288840202,10.631004376374488,60mg vs 18mg per day;,,,,,,,,,,,,
27,12,"GI side effects (at any time point, no population subgroups)",Heartburn/gastric pain,5,SUBGROUP_AND_OVERALL,Gordeuk 1987b,1987,,,,,3,23,,,2,24,,,35.01875765960065,1.565217391304348,0.28727863945587573,8.527976485414536,1800mg vs 180mg per day; female; heartburn in week 1; epigastric pain also reported as 4/23 vs 3/24,,,,,,,,,,,,
27,12,"GI side effects (at any time point, no population subgroups)",Nausea,6,SUBGROUP_AND_OVERALL,Frykman 1994,1994,,,,,3,48,,,4,49,,,12.464824468330493,0.765625,0.1808435046050532,3.241375143139206,60mg vs 18mg per day;,,,,,,,,,,,,
27,12,"GI side effects (at any time point, no population subgroups)",Nausea,6,SUBGROUP_AND_OVERALL,Gordeuk 1987b,1987,,,,,11,23,,,14,24,,,87.53517553166951,0.8198757763975155,0.4756130789085485,1.4133259124538913,1800mg vs 180mg per day; female; in week 1,,,,,,,,,,,,
28,1,Deferrals,Normal vs low,1,SUBGROUP_AND_OVERALL,Radtke 2004a,2004,,,,,1,113,,,0,125,,,100,3.3157894736842106,0.1364401373901153,80.58083232765445,40mg vs 20mg per day; Hb threshold: male 13.5g/dL; female 12.5g/dL,Some concerns,"<p>Randomisation process not reported beyond ""block randomisation of variable length""<br>Baseline bloods (visit 0) reported for each subgroup, and sex have been analysed separately. No information on age and previous donations etc</p>",,,,,,,,,,
28,2,Hb (g/L),Normal vs low,1,SUBGROUP_AND_OVERALL,Pachikian 2020,2020,,,144,9.95,,11,145,9.95,,11,,,100,-1,-9.315527938149208,7.3155279381492075,80mg vs 20mg per day; male,Some concerns,<p>Randomisation process not described.<br><br>Baseline comparison data for iron stores (table 1) show no significant differences between groups. Age and fitness level data in trial registry show no differences</p>,,,,,,,,,,
28,3,Serum ferritin (ng/mL),Normal vs low,1,SUBGROUP_AND_OVERALL,Pachikian 2020,2020,,,49.65,24.178,,11,60.83,54.028,,11,,,4.494440066393943,-11.18,-46.159132639055045,23.799132639055046,80mg vs 20mg per day; male; plasma ferritin,Some concerns,<p>Randomisation process not described.<br><br>Baseline comparison data for iron stores (table 1) show no significant differences between groups. Age and fitness level data in trial registry show no differences</p>,,,,,,,,,,
28,3,Serum ferritin (ng/mL),Normal vs low,1,SUBGROUP_AND_OVERALL,Radtke 2004a,2004,,,30.2,20.8,,56,30.2,32.7,,59,,,41.002026245628045,0,-9.964884350007287,9.964884350007287,40mg vs 20mg per day; male,Some concerns,"<p>Randomisation process not reported beyond ""block randomisation of variable length""<br>Baseline bloods (visit 0) reported for each subgroup, and sex have been analysed separately. No information on age and previous donations etc</p>",,,,,,,,,,
28,3,Serum ferritin (ng/mL),Normal vs low,1,SUBGROUP_AND_OVERALL,Radtke 2004a,2004,,,31.4,19.4,,57,23.5,26.1,,66,,,54.50353368797801,7.899999999999999,-0.16309522710637658,15.963095227106374,40mg vs 20mg per day; female,Some concerns,"<p>Randomisation process not reported beyond ""block randomisation of variable length""<br>Baseline bloods (visit 0) reported for each subgroup, and sex have been analysed separately. No information on age and previous donations etc</p>",,,,,,,,,,
28,4,MCV (fl),Normal vs low,1,SUBGROUP_AND_OVERALL,Pachikian 2020,2020,,,84.8,2.322,,11,85.2,3.317,,11,,,100.00000000000003,-0.4000000000000057,-2.7927454842965296,1.9927454842965182,80mg vs 20mg per day; male,Some concerns,<p>Randomisation process not described.<br><br>Baseline comparison data for iron stores (table 1) show no significant differences between groups. Age and fitness level data in trial registry show no differences</p>,,,,,,,,,,
28,5,Serum iron (μg/dL),Normal vs low,1,SUBGROUP_AND_OVERALL,Pachikian 2020,2020,,,100,43.116,,11,109,39.799,,11,,,100,-9,-43.6750501046767,25.6750501046767,"80mg vs 20mg per day; male; NR whether serum or plasma iron (just ""iron"")",Some concerns,<p>Randomisation process not described.<br><br>Baseline comparison data for iron stores (table 1) show no significant differences between groups. Age and fitness level data in trial registry show no differences</p>,,,,,,,,,,
29,1,Deferrals,Normal vs low,1,SUBGROUP_AND_OVERALL,Radtke 2004a,2004,,,,,1,54,,,1,54,,,100,1,0.06418261938225663,15.580542047438648,40mg vs 20mg per day; male Hb threshold: 13.5g/dL,Some concerns,"<p>Randomisation process not reported beyond ""block randomisation of variable length""<br>Baseline bloods (visit 0) reported for each subgroup, and sex have been analysed separately. No information on age and previous donations etc</p>",,,,,,,,,,
29,2,Hb (g/L),Normal vs low,1,SUBGROUP_AND_OVERALL,Mast 2016 (STRIDE),2012,,,136,9.31035081,,37,134,11.54460051,,32,,,41.91658345216428,2,-2.999908123732273,6.999908123732273,38mg vs 19mg per day; female,Low risk,"<p>""The lists were generated using standard block randomization methods,<br><br>implemented with computer software (nQuery Advisor, 2014, Statistical Solutions, Boston, MA). The randomized numbers from the algorithm correspond to one of the five study arms. While they appeared to be random numbers, they coded for the group assignment. Each of the five study arms had three to four codes so that patterns could not be identified by investigators, coordinators, and staff at study sites""<br><br>Uneven medical de-enrolment from study, appears that placebo group are ""healthier"" suggest some baseline imbalance. Bias in favour of placebo (reduced effect size of iron)</p>",,,,,,,,,,
29,2,Hb (g/L),Normal vs low,1,SUBGROUP_AND_OVERALL,Mast 2016 (STRIDE),2012,,,149,10.71428571,,36,147,10.6043927,,27,,,37.094321648178585,2,-3.3149752399034673,7.314975239903467,38mg vs 19mg per day; male,Low risk,"<p>""The lists were generated using standard block randomization methods,<br><br>implemented with computer software (nQuery Advisor, 2014, Statistical Solutions, Boston, MA). The randomized numbers from the algorithm correspond to one of the five study arms. While they appeared to be random numbers, they coded for the group assignment. Each of the five study arms had three to four codes so that patterns could not be identified by investigators, coordinators, and staff at study sites""<br><br>Uneven medical de-enrolment from study, appears that placebo group are ""healthier"" suggest some baseline imbalance. Bias in favour of placebo (reduced effect size of iron)</p>",,,,,,,,,,
29,2,Hb (g/L),Normal vs low,1,SUBGROUP_AND_OVERALL,Pachikian 2020,2020,,,141,6.63,,11,144,9.95,,11,,,20.98909489965713,-3,-10.06574739102241,4.065747391022409,80mg vs 20mg per day; male,Some concerns,<p>Randomisation process not described.<br><br>Baseline comparison data for iron stores (table 1) show no significant differences between groups. Age and fitness level data in trial registry show no differences</p>,,,,,,,,,,
29,3,Serum ferritin (ng/mL),Normal vs low,1,SUBGROUP_AND_OVERALL,Pachikian 2020,2020,,,35.79,19.469,,11,30.99,13.897,,11,,,28.23194827001125,4.800000000000001,-9.33558372641201,18.935583726412013,80mg vs 20mg per day; male; plasma ferritin,Some concerns,<p>Randomisation process not described.<br><br>Baseline comparison data for iron stores (table 1) show no significant differences between groups. Age and fitness level data in trial registry show no differences</p>,,,,,,,,,,
29,3,Serum ferritin (ng/mL),Normal vs low,1,SUBGROUP_AND_OVERALL,Radtke 2004a,2004,,,33.2,26.7,,54,25,19.8,,54,,,71.76805172998874,8.200000000000003,-0.665813549966499,17.065813549966506,40mg vs 20mg per day; male,Some concerns,"<p>Randomisation process not reported beyond ""block randomisation of variable length""<br>Baseline bloods (visit 0) reported for each subgroup, and sex have been analysed separately. No information on age and previous donations etc</p>",,,,,,,,,,
29,4,Plasma ferritin (ng/mL) – reported as geometric mean,Normal vs low,1,SUBGROUP_AND_OVERALL,Mast 2016 (STRIDE),2012,1.2254,0.2033,,,,39,,,,32,,,29.36011406288921,3.4055280215935366,2.286310360586175,5.072636377716163,38mg vs 19mg per day; male,Low risk,"<p>""The lists were generated using standard block randomization methods,<br><br>implemented with computer software (nQuery Advisor, 2014, Statistical Solutions, Boston, MA). The randomized numbers from the algorithm correspond to one of the five study arms. While they appeared to be random numbers, they coded for the group assignment. Each of the five study arms had three to four codes so that patterns could not be identified by investigators, coordinators, and staff at study sites""<br><br>Uneven medical de-enrolment from study, appears that placebo group are ""healthier"" suggest some baseline imbalance. Bias in favour of placebo (reduced effect size of iron)</p>",,,,,,,,,,
29,4,Plasma ferritin (ng/mL) – reported as geometric mean,Normal vs low,1,SUBGROUP_AND_OVERALL,Mast 2016 (STRIDE),2012,0.9299,0.0727,,,,36,,,,29,,,70.6398859371108,2.5342557393722163,2.1976983723266446,2.9223537831270905,38mg vs 19mg per day; female,Low risk,"<p>""The lists were generated using standard block randomization methods,<br><br>implemented with computer software (nQuery Advisor, 2014, Statistical Solutions, Boston, MA). The randomized numbers from the algorithm correspond to one of the five study arms. While they appeared to be random numbers, they coded for the group assignment. Each of the five study arms had three to four codes so that patterns could not be identified by investigators, coordinators, and staff at study sites""<br><br>Uneven medical de-enrolment from study, appears that placebo group are ""healthier"" suggest some baseline imbalance. Bias in favour of placebo (reduced effect size of iron)</p>",,,,,,,,,,
29,5,MCV (fl),Normal vs low,1,SUBGROUP_AND_OVERALL,Pachikian 2020,2020,,,87.5,1.99,,11,88,2.985,,11,,,100,-0.5,-2.62005196112244,1.62005196112244,80mg vs 20mg per day; male,Some concerns,<p>Randomisation process not described.<br><br>Baseline comparison data for iron stores (table 1) show no significant differences between groups. Age and fitness level data in trial registry show no differences</p>,,,,,,,,,,
29,6,Serum iron (μg/dL),Normal vs low,1,SUBGROUP_AND_OVERALL,Lieden 1975,1975,,,111,48,,10,89,34,,7,,,32.792262884093624,22,-16.980271901745184,60.98027190174518,100mg vs 20mg per day; male,,,,,,,,,,,,
29,6,Serum iron (μg/dL),Normal vs low,1,SUBGROUP_AND_OVERALL,Pachikian 2020,2020,,,116,39.799,,11,97,23.216,,11,,,67.20773711590638,19,-8.228324710832759,46.22832471083276,"80mg vs 20mg per day; male; NR whether serum or plasma iron (just ""iron"")",Some concerns,<p>Randomisation process not described.<br><br>Baseline comparison data for iron stores (table 1) show no significant differences between groups. Age and fitness level data in trial registry show no differences</p>,,,,,,,,,,
29,7,TIBC (μg/dL),Normal vs low,1,SUBGROUP_AND_OVERALL,Lieden 1975,1975,,,367,33,,10,377,50,,7,,,100,-10,-52.3117530290689,32.3117530290689,100mg vs 20mg per day; male,,,,,,,,,,,,
29,8,Adverse events,Normal vs low,1,SUBGROUP_AND_OVERALL,Mast 2016 (STRIDE),2012,,,,,12,139,,,6,139,,,33.274759013450236,2,0.7724283634442779,5.178473745013579,38mg vs 19mg per day; adverse events in first 60 days period,Low risk,"<p>""The lists were generated using standard block randomization methods,<br><br>implemented with computer software (nQuery Advisor, 2014, Statistical Solutions, Boston, MA). The randomized numbers from the algorithm correspond to one of the five study arms. While they appeared to be random numbers, they coded for the group assignment. Each of the five study arms had three to four codes so that patterns could not be identified by investigators, coordinators, and staff at study sites""<br><br>Uneven medical de-enrolment from study, appears that placebo group are ""healthier"" suggest some baseline imbalance. Bias in favour of placebo (reduced effect size of iron)</p>",,,,,,,,,,
29,8,Adverse events,Normal vs low,1,SUBGROUP_AND_OVERALL,Pachikian 2020,2020,,,,,1,11,,,2,11,,,8.114712484604008,0.5,0.05268507977100682,4.745176453876753,80mg vs 20mg per day; male; MedDRA v1: Non-serious AEs; Frequency threshold for reporting non-serious adverse events: 5%,Some concerns,<p>Randomisation process not described.<br><br>Baseline comparison data for iron stores (table 1) show no significant differences between groups. Age and fitness level data in trial registry show no differences</p>,,,,,,,,,,
29,8,Adverse events,Normal vs low,1,SUBGROUP_AND_OVERALL,Radtke 2004a,2004,,,,,19,175,,,23,175,,,58.61052850194576,0.8260869565217391,0.46700950878461034,1.4612543147383512,40mg vs 20mg per day; any side effects,Some concerns,"<p>Randomisation process not reported beyond ""block randomisation of variable length""<br>Baseline bloods (visit 0) reported for each subgroup, and sex have been analysed separately. No information on age and previous donations etc</p>",,,,,,,,,,
30,1,Deferrals,FE3+ vs FE2+,1,SUBGROUP_AND_OVERALL,Jacobs 1993,1993,,,,,21,45,,,26,45,,,100.00000000000003,0.8076923076923077,0.541450570908253,1.2048502651147204,chewable ferric polymaltose vs ferrous sulphate; Hb threshold: M Hb 13.5g/dL; F Hb 12.5g/dL,High risk,"<p>""randomly assigned, using a computer-generated chart"".<br>Adequately randomised. No info on allocation concealment - if chart was clearly displayed, with allocation visible ahead of randomisation, this would be considered a problem.<br>Group 3 had a significantly higher percentage of males (21.8% compared to 9.8 and 9.4%)</p>",Some concerns,"<p>Iron form was either chewable or not, and once or twice a day.<br>Appears to use mITT - All analysed who could complete the study, including those who discontinued due to side effects. Exclusions based on change in medical status (thalassaemia diagnosis) and work/transport issues</p>",Low risk,"<p>available for 45/51, 40/53, 45/55: smaller dropout in group 1 (6) compared to group 2 (13) and 3 (10).<br>Withdrawals explained - due to transport or work</p>",Low risk,"<p>Clear definition of deferral cut off for both males and females, based on an objective measure of Hb.<br>No blinding. &nbsp;But lab technicians unlikely to bias results (objective measure)</p>",Some concerns,<p>No protocol or trial registration identified</p>,High risk,<p>see individual comments</p>
30,1,Deferrals,FE2+ with additive vs FE2+,2,SUBGROUP_AND_OVERALL,Lindholm 1981,1981,,,,,1,207,,,2,212,,,100,0.5120772946859904,0.04679010307299489,5.604244028354489,"ferrous sulphate ACO vs ""Ecofer""; Hb threshold 12.5g/dL",Some concerns,"<p>Randomisation process not described.<br>Baseline blood measures appear similar, but no info on demographics: age etc</p>",High risk,"<p>""in code marked bags which said ""1 tablet at bedtime for 30 days""""<br>Between test 2 and 3, some people were re-allocated due to side effects. Therefore using data for test 2 only.<br>Unclear whether analysed PP or mITT: after test 2, some participants switched to other group due to side effects. Appear to be analysed as randomised, but not certain</p>",High risk,<p>Withdrawals due to side effects</p>,Low risk,"<p>Deferral using a cutoff of Hb 12.5g/dL<br>""investigators blinded to allocation""</p>",Some concerns,<p>No protocol or trial registration identified</p>,High risk,<p>see individual comments</p>
30,2,Hb (g/L),FE2+ vs different FE2+,1,SUBGROUP_AND_OVERALL,Buzi 1980,1980,,,127,1.7,,32,125,1.8,,32,,,100,2,1.1421658345931782,2.857834165406822,iron sulphate (Tardyferon) vs iron fumarate,,,,,,,,,,,,
30,2,Hb (g/L),FE2+ with additive vs FE2+,2,SUBGROUP_AND_OVERALL,Lindholm 1981,1981,,,147,9,,172,147,9,,174,,,89.55926826728759,0,-1.8966613848744192,1.8966613848744192,"ferrous sulphate ACO vs ""Ecofer""",Some concerns,"<p>Randomisation process not described.<br>Baseline blood measures appear similar, but no info on demographics: age etc</p>",,,,,,,,,,
30,2,Hb (g/L),FE2+ with additive vs FE2+,2,SUBGROUP_AND_OVERALL,Simon 1984,1984,,,141,9.4,,22,140,9.4,,22,,,10.44073173271239,1,-4.5549429372450305,6.5549429372450305,additive: 75mg ascorbic acid; Data extracted from visual approximation of graphs,Low risk,"<p>""randomly assigned to one of three groups by pulling a card with an A. B, or C on it from an envelope in which the cards had been placed in random order. The donor was then given a bottle of medication marked either A. B. or C according to the card pulled. The bottles were filled in the pharmacy of the University of New Mexico Hospital according to their code.""<br><br>Demographics reported in detail. Only significant difference is in prior iron supplementation (much lower in iron/vitC group). Unlikely to impact outcomes if ceased prior to randomisation</p>",,,,,,,,,,
30,2,Hb (g/L),FE3+ vs FE2+,3,SUBGROUP_AND_OVERALL,Devasthali 1991,1991,,,129.8,11.46,,21,132.5,12.5,,25,,,16.36378451306893,-2.6999999999999886,-9.630596083317364,4.230596083317386,Data extracted from visual approximation of graphs (week 16),,,,,,,,,,,,
30,2,Hb (g/L),FE3+ vs FE2+,3,SUBGROUP_AND_OVERALL,Jacobs 1993,1993,,,130.9,9.9,,45,132.1,13.5,,45,,,32.853386545377724,-1.1999999999999886,-6.091278517451538,3.6912785174515603,,High risk,"<p>""randomly assigned, using a computer-generated chart"".<br>Adequately randomised. No info on allocation concealment - if chart was clearly displayed, with allocation visible ahead of randomisation, this would be considered a problem.<br>Group 3 had a significantly higher percentage of males (21.8% compared to 9.8 and 9.4%)</p>",,,,,,,,,,
30,2,Hb (g/L),FE3+ vs FE2+,3,SUBGROUP_AND_OVERALL,Jacobs 2000,2000,,,121,11,,24,123,15,,20,,,12.559236301050378,-2,-9.91099024272405,5.910990242724051,,,,,,,,,,,,,
30,2,Hb (g/L),FE3+ vs FE2+,3,SUBGROUP_AND_OVERALL,Landucci 1987,1987,,,132.6,5.9,,20,133.7,8.5,,20,,,38.22359264050298,-1.0999999999999943,-5.634680701788783,3.4346807017887944,,,,,,,,,,,,,
30,2,Hb (g/L),FE3+ with additive vs FE3+,4,SUBGROUP_AND_OVERALL,Jacobs 2000,2000,,,119.936,12.25,,47,121,11,,24,,,100,-1.063999999999993,-6.688272234718738,4.560272234718752,additive: gylcerophosphate,,,,,,,,,,,,
30,3,Serum ferritin (ng/mL),FE3+ with additve vs FE3+,1,SUBGROUP_AND_OVERALL,Jacobs 2000,2000,,,5.3383,5.3256,,47,5.5,4.9,,24,,,100,-0.16169999999999973,-2.643871780786017,2.3204717807860176,additive: gylcerophosphate,,,,,,,,,,,,
30,3,Serum ferritin (ng/mL),FE3+ vs FE2+,2,SUBGROUP_AND_OVERALL,Jacobs 1993,1993,,,21.98,18.43,,45,36.26,28.82,,45,,,31.3797699186313,-14.279999999999998,-24.274993444016182,-4.285006555983815,,High risk,"<p>""randomly assigned, using a computer-generated chart"".<br>Adequately randomised. No info on allocation concealment - if chart was clearly displayed, with allocation visible ahead of randomisation, this would be considered a problem.<br>Group 3 had a significantly higher percentage of males (21.8% compared to 9.8 and 9.4%)</p>",,,,,,,,,,
30,3,Serum ferritin (ng/mL),FE3+ vs FE2+,2,SUBGROUP_AND_OVERALL,Jacobs 2000,2000,,,5.5,4.9,,24,12.1,11.3,,20,,,55.174182252299175,-6.6,-11.926241946180978,-1.2737580538190212,,,,,,,,,,,,,
30,3,Serum ferritin (ng/mL),FE3+ vs FE2+,2,SUBGROUP_AND_OVERALL,Landucci 1987,1987,,,47.3,27.4,,20,41.85,30.35,,20,,,13.446047829069533,5.449999999999996,-12.469915983046835,23.369915983046827,,,,,,,,,,,,,
30,4,Serum ferritin (ng/mL) – reported as geometric mean,FE2+ with additive vs FE2+,1,SUBGROUP_AND_OVERALL,Simon 1984,1984,0.875,0.144,,,,22,,,,22,,,99.99999999999999,2.398875293967098,1.8089836825554444,3.181124700846689,additive: 75mg ascorbic acid; data extracted by visual approximation from graphs,Low risk,"<p>""randomly assigned to one of three groups by pulling a card with an A. B, or C on it from an envelope in which the cards had been placed in random order. The donor was then given a bottle of medication marked either A. B. or C according to the card pulled. The bottles were filled in the pharmacy of the University of New Mexico Hospital according to their code.""<br><br>Demographics reported in detail. Only significant difference is in prior iron supplementation (much lower in iron/vitC group). Unlikely to impact outcomes if ceased prior to randomisation</p>",,,,,,,,,,
30,5,MCV (fl),FE3+ vs FE2+,1,SUBGROUP_AND_OVERALL,Devasthali 1991,1991,,,88.8,5.957,,21,89,4.5,,25,,,31.273271564807743,-0.20000000000000284,-3.298852646282993,2.8988526462829873,Data extracted from visual approximation of graphs (week 16),,,,,,,,,,,,
30,5,MCV (fl),FE3+ vs FE2+,1,SUBGROUP_AND_OVERALL,Landucci 1987,1987,,,92.6,3.7,,20,93.55,3.01,,20,,,68.72672843519226,-0.9500000000000028,-3.0403776251753376,1.140377625175332,,,,,,,,,,,,,
30,6,Serum iron (μg/dL),FE2+ with additve vs FE2+,1,SUBGROUP_AND_OVERALL,Lindholm 1981,1981,,,106.15,33.52,,172,106.15,27.93,,174,,,99.99999999999999,0,-6.505116885289361,6.505116885289361,"ferrous sulphate ACO vs ""Ecofer""",Some concerns,"<p>Randomisation process not described.<br>Baseline blood measures appear similar, but no info on demographics: age etc</p>",,,,,,,,,,
30,6,Serum iron (μg/dL),FE3+ with additive vs FE3+,2,SUBGROUP_AND_OVERALL,Jacobs 2000,2000,,,66.647,38.491,,47,65.92,20.11,,24,,,100,0.7270000000000039,-12.904686223403125,14.358686223403133,additive: gylcerophosphate,,,,,,,,,,,,
30,6,Serum iron (μg/dL),FE3+ vs FE2+,3,SUBGROUP_AND_OVERALL,Jacobs 2000,2000,,,65.92,20.11,,24,77.77,51.4,,20,,,36.99781028427358,-11.849999999999994,-35.77027477183816,12.070274771838172,,,,,,,,,,,,,
30,6,Serum iron (μg/dL),FE3+ vs FE2+,3,SUBGROUP_AND_OVERALL,Landucci 1987,1987,,,81.15,24.6,,20,75.6,28.27,,20,,,63.002189715726416,5.550000000000011,-10.87370822176339,21.973708221763413,,,,,,,,,,,,,
30,6,Serum iron (μg/dL),FE2+ vs different FE2+,4,SUBGROUP_AND_OVERALL,Buzi 1980,1980,,,82,6,,32,75,4,,32,,,100,7,4.501526349222799,9.4984736507772,iron sulphate (Tardyferon) vs iron fumarate,,,,,,,,,,,,
30,7,TIBC (μg/dL),FE2+ with additive vs FE2+,1,SUBGROUP_AND_OVERALL,Lindholm 1981,1981,,,351.96,39.11,,172,351.96,39.11,,174,,,91.90682779565603,0,-8.242047418048726,8.242047418048726,"ferrous sulphate ACO vs ""Ecofer""",Some concerns,"<p>Randomisation process not described.<br>Baseline blood measures appear similar, but no info on demographics: age etc</p>",,,,,,,,,,
30,7,TIBC (μg/dL),FE2+ with additive vs FE2+,1,SUBGROUP_AND_OVERALL,Simon 1984,1984,,,350,47,,22,355,47,,22,,,8.093172204343965,-5,-32.77471468622515,22.774714686225156,additive: 75mg ascorbic acid; data extracted from graphs by visual approximation,Low risk,"<p>""randomly assigned to one of three groups by pulling a card with an A. B, or C on it from an envelope in which the cards had been placed in random order. The donor was then given a bottle of medication marked either A. B. or C according to the card pulled. The bottles were filled in the pharmacy of the University of New Mexico Hospital according to their code.""<br><br>Demographics reported in detail. Only significant difference is in prior iron supplementation (much lower in iron/vitC group). Unlikely to impact outcomes if ceased prior to randomisation</p>",,,,,,,,,,
30,7,TIBC (μg/dL),FE3+ vs FE2+,2,SUBGROUP_AND_OVERALL,Devasthali 1991,1991,,,330,68.739,,21,343,85,,25,,,100,-13,-57.43556011013506,31.435560110135057,Data extracted from visual approximation of graphs (week 16),,,,,,,,,,,,
30,7,TIBC (μg/dL),FE2+ vs different FE2+,3,SUBGROUP_AND_OVERALL,Buzi 1980,1980,,,252,8,,32,252,7,,32,,,100,0,-3.6830899338159164,3.6830899338159164,iron sulphate (Tardyferon) vs iron fumarate,,,,,,,,,,,,
30,8,Transferrin saturation (%),FE3+ with additive vs FE3+,1,SUBGROUP_AND_OVERALL,Jacobs 2000,2000,,,17.9638,7.0571,,47,18.5,9.9,,24,,,100.00000000000003,-0.5362000000000009,-4.981206927930561,3.9088069279305593,additive: gylcerophosphate,,,,,,,,,,,,
30,8,Transferrin saturation (%),FE3+ vs FE2+,2,SUBGROUP_AND_OVERALL,Devasthali 1991,1991,,,29.3,17.414,,21,32.8,18.5,,25,,,13.61050071434323,-3.4999999999999964,-13.895267651741202,6.895267651741209,Data extracted from visual approximation of graphs (week 16),,,,,,,,,,,,
30,8,Transferrin saturation (%),FE3+ vs FE2+,2,SUBGROUP_AND_OVERALL,Jacobs 1993,1993,,,27.07,11.89,,45,31.03,11.32,,45,,,63.92631207687944,-3.960000000000001,-8.756593359018154,0.8365933590181527,,High risk,"<p>""randomly assigned, using a computer-generated chart"".<br>Adequately randomised. No info on allocation concealment - if chart was clearly displayed, with allocation visible ahead of randomisation, this would be considered a problem.<br>Group 3 had a significantly higher percentage of males (21.8% compared to 9.8 and 9.4%)</p>",,,,,,,,,,
30,8,Transferrin saturation (%),FE3+ vs FE2+,2,SUBGROUP_AND_OVERALL,Jacobs 2000,2000,,,18.5,9.9,,24,20.5,16.1,,20,,,22.463187208777317,-2,-10.091649059655014,6.091649059655014,,,,,,,,,,,,,
30,9,Adverse events,Heme iron (combination) vs FE2+,1,SUBGROUP_AND_OVERALL,Frykman 1994,1994,,,,,0,49,,,5,48,,,100,0.08909090909090908,0.005060841400021042,1.5683538477636585,,,,,,,,,,,,,
30,9,Adverse events,FE2+ with additive vs FE2+,2,SUBGROUP_AND_OVERALL,Lindholm 1981,1981,,,,,1,20,,,1,20,,,100,1,0.06709646549862756,14.903914722906746,"ferrous sulphate ACO vs ""Ecofer""",Some concerns,"<p>Randomisation process not described.<br>Baseline blood measures appear similar, but no info on demographics: age etc</p>",,,,,,,,,,
30,9,Adverse events,FE3+ vs FE2+,3,SUBGROUP_AND_OVERALL,Devasthali 1991,1991,,,,,0,49,,,5,48,,,32.10409676474493,0.08909090909090908,0.005060841400021042,1.5683538477636585,Data extracted from visual approximation of graphs (week 16),,,,,,,,,,,,
30,9,Adverse events,FE3+ vs FE2+,3,SUBGROUP_AND_OVERALL,Jacobs 1993,1993,,,,,0,45,,,11,45,,,33.13233061308554,0.043478260869565216,0.00263922959731666,0.716254156199188,,High risk,"<p>""randomly assigned, using a computer-generated chart"".<br>Adequately randomised. No info on allocation concealment - if chart was clearly displayed, with allocation visible ahead of randomisation, this would be considered a problem.<br>Group 3 had a significantly higher percentage of males (21.8% compared to 9.8 and 9.4%)</p>",,,,,,,,,,
30,9,Adverse events,FE3+ vs FE2+,3,SUBGROUP_AND_OVERALL,Landucci 1987,1987,,,,,1,20,,,1,20,,,34.763572622169534,1,0.06709646549862756,14.903914722906746,,,,,,,,,,,,,
30,9,Adverse events,FE2+ vs different FE2+,4,SUBGROUP_AND_OVERALL,Buzi 1980,1980,,,,,0,32,,,3,32,,,29.282377963379936,0.14285714285714285,0.0076768300546620205,2.6584101927477937,iron sulphate (Tardyferon) vs iron fumarate,,,,,,,,,,,,
30,9,Adverse events,FE2+ vs different FE2+,4,SUBGROUP_AND_OVERALL,Rybo 1971,1971,,,,,78,222,,,53,211,,,70.71762203662007,1.3987761346251912,1.0428582429805304,1.8761655171895875,rapid disintegrating vs sustained release,Some concerns,<p>Randomisation not described.<br><br>No baseline data reported</p>,,,,,,,,,,
30,10,Adherence (n/N),FE2+ vs different FE2+,1,SUBGROUP_AND_OVERALL,Rybo 1971,1971,,,,,325,392,,,337,389,,,100,0.9570111427360262,0.9017014546790145,1.0157134853984948,rapid disintegrating vs sustained release,Some concerns,<p>Randomisation not described.<br><br>No baseline data reported</p>,,,,,,,,,,
30,10,Adherence (n/N),FE2+ with additive vs FE2+,2,SUBGROUP_AND_OVERALL,Lindholm 1981,1981,,,,,172,222,,,174,211,,,100,0.9395257326291809,0.8549363607391889,1.0324845717278863,"ferrous sulphate ACO vs ""Ecofer""",Some concerns,"<p>Randomisation process not described.<br>Baseline blood measures appear similar, but no info on demographics: age etc</p>",,,,,,,,,,
31,1,Hb (g/L),FE2+ with additve vs FE2+,1,SUBGROUP_AND_OVERALL,Simon 1984,1984,,,142,9.4,,22,141,9.4,,22,,,100,1,-4.5549429372450305,6.5549429372450305,additive: 75mg ascorbic acid; Data extracted from visual approximation of graphs,Low risk,"<p>""randomly assigned to one of three groups by pulling a card with an A. B, or C on it from an envelope in which the cards had been placed in random order. The donor was then given a bottle of medication marked either A. B. or C according to the card pulled. The bottles were filled in the pharmacy of the University of New Mexico Hospital according to their code.""<br><br>Demographics reported in detail. Only significant difference is in prior iron supplementation (much lower in iron/vitC group). Unlikely to impact outcomes if ceased prior to randomisation</p>",,,,,,,,,,
31,2,Serum ferritin (ng/mL) – reported as geometric mean,FE2+ with additive vs FE2+,1,SUBGROUP_AND_OVERALL,Simon 1984,1984,0.884615,0.148083,,,,22,,,,22,,,100,2.422051722045216,1.8119029621281235,3.2376648567161923,additive: 75mg ascorbic acid; Data extracted from visual approximation of graphs,Low risk,"<p>""randomly assigned to one of three groups by pulling a card with an A. B, or C on it from an envelope in which the cards had been placed in random order. The donor was then given a bottle of medication marked either A. B. or C according to the card pulled. The bottles were filled in the pharmacy of the University of New Mexico Hospital according to their code.""<br><br>Demographics reported in detail. Only significant difference is in prior iron supplementation (much lower in iron/vitC group). Unlikely to impact outcomes if ceased prior to randomisation</p>",,,,,,,,,,
31,3,TIBC (μg/dL),FE2+ with additve vs FE2+,1,SUBGROUP_AND_OVERALL,Simon 1984,1984,,,345,47,,22,345,47,,22,,,100,0,-27.774714686225156,27.774714686225156,additive: 75mg ascorbic acid; Data extracted from visual approximation of graphs,Low risk,"<p>""randomly assigned to one of three groups by pulling a card with an A. B, or C on it from an envelope in which the cards had been placed in random order. The donor was then given a bottle of medication marked either A. B. or C according to the card pulled. The bottles were filled in the pharmacy of the University of New Mexico Hospital according to their code.""<br><br>Demographics reported in detail. Only significant difference is in prior iron supplementation (much lower in iron/vitC group). Unlikely to impact outcomes if ceased prior to randomisation</p>",,,,,,,,,,
32,1,Hb (g/L),FE2+ with additve vs FE2+,1,SUBGROUP_AND_OVERALL,Simon 1984,1984,,,143,9.4,,22,141,9.4,,22,,,100,2,-3.5549429372450305,7.5549429372450305,additive: 75mg ascorbic acid; Data extracted from visual approximation of graphs,Low risk,"<p>""randomly assigned to one of three groups by pulling a card with an A. B, or C on it from an envelope in which the cards had been placed in random order. The donor was then given a bottle of medication marked either A. B. or C according to the card pulled. The bottles were filled in the pharmacy of the University of New Mexico Hospital according to their code.""<br><br>Demographics reported in detail. Only significant difference is in prior iron supplementation (much lower in iron/vitC group). Unlikely to impact outcomes if ceased prior to randomisation</p>",,,,,,,,,,
32,2,Serum ferritin (ng/mL) – reported as geometric mean,FE2+ with additive vs FE2+,1,SUBGROUP_AND_OVERALL,Simon 1984,1984,0.8571,0.1542,,,,22,,,,22,,,100,2.356317455185871,1.7417207365046297,3.1877854085587276,additive: 75mg ascorbic acid; Data extracted from visual approximation of graphs,Low risk,"<p>""randomly assigned to one of three groups by pulling a card with an A. B, or C on it from an envelope in which the cards had been placed in random order. The donor was then given a bottle of medication marked either A. B. or C according to the card pulled. The bottles were filled in the pharmacy of the University of New Mexico Hospital according to their code.""<br><br>Demographics reported in detail. Only significant difference is in prior iron supplementation (much lower in iron/vitC group). Unlikely to impact outcomes if ceased prior to randomisation</p>",,,,,,,,,,
32,3,TIBC (μg/dL),FE2+ with additve vs FE2+,1,SUBGROUP_AND_OVERALL,Simon 1984,1984,,,340,37,,22,340,47,,22,,,100,0,-24.99521741566827,24.99521741566827,additive: 75mg ascorbic acid; Data extracted from visual approximation of graphs,Low risk,"<p>""randomly assigned to one of three groups by pulling a card with an A. B, or C on it from an envelope in which the cards had been placed in random order. The donor was then given a bottle of medication marked either A. B. or C according to the card pulled. The bottles were filled in the pharmacy of the University of New Mexico Hospital according to their code.""<br><br>Demographics reported in detail. Only significant difference is in prior iron supplementation (much lower in iron/vitC group). Unlikely to impact outcomes if ceased prior to randomisation</p>",,,,,,,,,,
